<?xml version="1.0" encoding="utf-8"?><text id="100" parent="56" name="Московская милиция разогнала митинг против Лужкова"><tags><tag>Автор:http://ru.wikinews.org/wiki/Участник:Ssr</tag><tag>Год:2010</tag><tag>url:http://ru.wikinews.org/w/index.php?title=Московская_милиция_разогнала_митинг_против_Лужкова&amp;oldid=36623</tag><tag>Дата:28/06</tag><tag>Тема:ВикиКатегория:Политика</tag><tag>Тема:ВикиКатегория:Юрий Лужков</tag><tag>Гео:ВикиКатегория:Европа/Россия/Москва</tag><tag>Гео:ВикиКатегория:Азия</tag></tags><paragraphs><paragraph id="2380"><sentence id="7529"><source>В понедельник 28 июня у здания мэрии Москвы на Тверской площади состоялась очередная несанкционированная акция протеста «День гнева», в этот раз направленная, главным образом, против политики московских и подмосковных властей.</source><tokens><token id="143783" text="В"><tfr rev_id="978608" t="В"><v><l id="37409" t="в"><g v="PREP"></g></l></v></tfr></token><token id="143784" text="понедельник"><tfr rev_id="978609" t="понедельник"><v><l id="258364" t="понедельник"><g v="NOUN"></g><g v="inan"></g><g v="masc"></g><g v="sing"></g><g v="nomn"></g></l></v><v><l id="258364" t="понедельник"><g v="NOUN"></g><g v="inan"></g><g v="masc"></g><g v="sing"></g><g v="accs"></g></l></v></tfr></token><token id="143785" text="28"><tfr rev_id="2455996" t="28"><v><l id="0" t="28"><g v="NUMB"></g></l></v></tfr></token><token id="143786" text="июня"><tfr rev_id="978611" t="июня"><v><l id="127302" t="июнь"><g v="NOUN"></g><g v="inan"></g><g v="masc"></g><g v="sing"></g><g v="gent"></g></l></v></tfr></token><token id="143787" text="у"><tfr rev_id="3326561" t="у"><v><l id="352818" t="у"><g v="PREP"></g></l></v></tfr></token><token id="143788" text="здания"><tfr rev_id="3439546" t="здания"><v><l id="114695" t="здание"><g v="NOUN"></g><g v="inan"></g><g v="neut"></g><g v="sing"></g><g v="gent"></g></l></v></tfr></token><token id="143789" text="мэрии"><tfr rev_id="3559144" t="мэрии"><v><l id="166005" t="мэрия"><g v="NOUN"></g><g v="inan"></g><g v="femn"></g><g v="sing"></g><g v="gent"></g></l></v></tfr></token><token id="143790" text="Москвы"><tfr rev_id="978615" t="Москвы"><v><l id="163901" t="москва"><g v="NOUN"></g><g v="inan"></g><g v="femn"></g><g v="Sgtm"></g><g v="Geox"></g><g v="sing"></g><g v="gent"></g></l></v></tfr></token><token id="143791" text="на"><tfr rev_id="3394287" t="на"><v><l id="166264" t="на"><g v="PREP"></g></l></v></tfr></token><token id="143792" text="Тверской"><tfr rev_id="978617" t="Тверской"><v><l id="343767" t="тверская"><g v="NOUN"></g><g v="inan"></g><g v="femn"></g><g v="Sgtm"></g><g v="Geox"></g><g v="sing"></g><g v="gent"></g></l></v><v><l id="343767" t="тверская"><g v="NOUN"></g><g v="inan"></g><g v="femn"></g><g v="Sgtm"></g><g v="Geox"></g><g v="sing"></g><g v="datv"></g></l></v><v><l id="343767" t="тверская"><g v="NOUN"></g><g v="inan"></g><g v="femn"></g><g v="Sgtm"></g><g v="Geox"></g><g v="sing"></g><g v="ablt"></g></l></v><v><l id="343767" t="тверская"><g v="NOUN"></g><g v="inan"></g><g v="femn"></g><g v="Sgtm"></g><g v="Geox"></g><g v="sing"></g><g v="loct"></g></l></v><v><l id="343768" t="тверской"><g v="ADJF"></g><g v="masc"></g><g v="sing"></g><g v="nomn"></g></l></v><v><l id="343768" t="тверской"><g v="ADJF"></g><g v="inan"></g><g v="masc"></g><g v="sing"></g><g v="accs"></g></l></v><v><l id="343768" t="тверской"><g v="ADJF"></g><g v="femn"></g><g v="sing"></g><g v="gent"></g></l></v><v><l id="343768" t="тверской"><g v="ADJF"></g><g v="femn"></g><g v="sing"></g><g v="datv"></g></l></v><v><l id="343768" t="тверской"><g v="ADJF"></g><g v="femn"></g><g v="sing"></g><g v="ablt"></g></l></v><v><l id="343768" t="тверской"><g v="ADJF"></g><g v="femn"></g><g v="sing"></g><g v="loct"></g></l></v></tfr></token><token id="143793" text="площади"><tfr rev_id="3555415" t="площади"><v><l id="240936" t="площадь"><g v="NOUN"></g><g v="inan"></g><g v="femn"></g><g v="sing"></g><g v="loct"></g></l></v></tfr></token><token id="143794" text="состоялась"><tfr rev_id="978619" t="состоялась"><v><l id="330568" t="состоялся"><g v="VERB"></g><g v="perf"></g><g v="intr"></g><g v="femn"></g><g v="sing"></g><g v="past"></g><g v="indc"></g></l></v></tfr></token><token id="143795" text="очередная"><tfr rev_id="978620" t="очередная"><v><l id="221690" t="очередной"><g v="ADJF"></g><g v="femn"></g><g v="sing"></g><g v="nomn"></g></l></v></tfr></token><token id="143796" text="несанкционированная"><tfr rev_id="978621" t="несанкционированная"><v><l id="187853" t="несанкционированный"><g v="ADJF"></g><g v="femn"></g><g v="sing"></g><g v="nomn"></g></l></v></tfr></token><token id="143797" text="акция"><tfr rev_id="978622" t="акция"><v><l id="7961" t="акция"><g v="NOUN"></g><g v="inan"></g><g v="femn"></g><g v="sing"></g><g v="nomn"></g></l></v></tfr></token><token id="143798" text="протеста"><tfr rev_id="978623" t="протеста"><v><l id="285757" t="протест"><g v="NOUN"></g><g v="inan"></g><g v="masc"></g><g v="sing"></g><g v="gent"></g></l></v></tfr></token><token id="143799" text="«"><tfr rev_id="2426609" t="«"><v><l id="0" t="«"><g v="PNCT"></g></l></v></tfr></token><token id="143800" text="День"><tfr rev_id="1712468" t="День"><v><l id="81427" t="день"><g v="NOUN"></g><g v="inan"></g><g v="masc"></g><g v="sing"></g><g v="nomn"></g></l></v><v><l id="81427" t="день"><g v="NOUN"></g><g v="inan"></g><g v="masc"></g><g v="sing"></g><g v="accs"></g></l></v></tfr></token><token id="143801" text="гнева"><tfr rev_id="978626" t="гнева"><v><l id="71727" t="гнев"><g v="NOUN"></g><g v="inan"></g><g v="masc"></g><g v="sing"></g><g v="gent"></g></l></v></tfr></token><token id="143802" text="»"><tfr rev_id="2426610" t="»"><v><l id="0" t="»"><g v="PNCT"></g></l></v></tfr></token><token id="143803" text=","><tfr rev_id="978628" t=","><v><l id="0" t=","><g v="PNCT"></g></l></v></tfr></token><token id="143804" text="в"><tfr rev_id="978629" t="в"><v><l id="37409" t="в"><g v="PREP"></g></l></v></tfr></token><token id="143805" text="этот"><tfr rev_id="4431713" t="этот"><v><l id="386581" t="этот"><g v="ADJF"></g><g v="Subx"></g><g v="Apro"></g><g v="Anph"></g><g v="masc"></g><g v="sing"></g><g v="nomn"></g></l></v><v><l id="386581" t="этот"><g v="ADJF"></g><g v="Subx"></g><g v="Apro"></g><g v="Anph"></g><g v="inan"></g><g v="masc"></g><g v="sing"></g><g v="accs"></g></l></v></tfr></token><token id="143806" text="раз"><tfr rev_id="4488149" t="раз"><v><l id="291500" t="раз"><g v="NOUN"></g><g v="inan"></g><g v="masc"></g><g v="sing"></g><g v="nomn"></g></l></v><v><l id="291500" t="раз"><g v="NOUN"></g><g v="inan"></g><g v="masc"></g><g v="sing"></g><g v="accs"></g></l></v></tfr></token><token id="143807" text="направленная"><tfr rev_id="3684360" t="направленная"><v><l id="173955" t="направленный"><g v="PRTF"></g><g v="perf"></g><g v="tran"></g><g v="past"></g><g v="pssv"></g><g v="Adjx"></g><g v="femn"></g><g v="sing"></g><g v="nomn"></g></l></v></tfr></token><token id="143808" text=","><tfr rev_id="978633" t=","><v><l id="0" t=","><g v="PNCT"></g></l></v></tfr></token><token id="143809" text="главным"><tfr rev_id="4502332" t="главным"><v><l id="70842" t="главный"><g v="ADJF"></g><g v="Qual"></g><g v="masc"></g><g v="sing"></g><g v="ablt"></g></l></v><v><l id="70842" t="главный"><g v="ADJF"></g><g v="Qual"></g><g v="neut"></g><g v="sing"></g><g v="ablt"></g></l></v></tfr></token><token id="143810" text="образом"><tfr rev_id="978635" t="образом"><v><l id="198787" t="образ"><g v="NOUN"></g><g v="inan"></g><g v="masc"></g><g v="sing"></g><g v="ablt"></g></l></v></tfr></token><token id="143811" text=","><tfr rev_id="978636" t=","><v><l id="0" t=","><g v="PNCT"></g></l></v></tfr></token><token id="143812" text="против"><tfr rev_id="4485058" t="против"><v><l id="285790" t="против"><g v="PREP"></g></l></v></tfr></token><token id="143813" text="политики"><tfr rev_id="3440453" t="политики"><v><l id="255853" t="политика"><g v="NOUN"></g><g v="inan"></g><g v="femn"></g><g v="sing"></g><g v="gent"></g></l></v></tfr></token><token id="143814" text="московских"><tfr rev_id="4426710" t="московских"><v><l id="163933" t="московский"><g v="ADJF"></g><g v="plur"></g><g v="gent"></g></l></v></tfr></token><token id="143815" text="и"><tfr rev_id="3533640" t="и"><v><l id="116949" t="и"><g v="CONJ"></g></l></v></tfr></token><token id="143816" text="подмосковных"><tfr rev_id="2827180" t="подмосковных"><v><l id="247773" t="подмосковный"><g v="ADJF"></g><g v="plur"></g><g v="gent"></g></l></v></tfr></token><token id="143817" text="властей"><tfr rev_id="978642" t="властей"><v><l id="46816" t="власть"><g v="NOUN"></g><g v="inan"></g><g v="femn"></g><g v="plur"></g><g v="gent"></g></l></v></tfr></token><token id="143818" text="."><tfr rev_id="978643" t="."><v><l id="0" t="."><g v="PNCT"></g></l></v></tfr></token></tokens></sentence><sentence id="7530"><source>Среди требований, выдвигаемых организаторами акции: «немедленная отставка мэра Москвы Юрия Лужкова, расследование итогов его деятельности», «созыв московского общественного форума для обсуждения путей реформирования основных сфер жизнедеятельности в Москве», «восстановление прямых выборов глав регионов России», «роспуск нелегитимной Мосгордумы», отставка подмосковного губернатора Бориса Громова и др.</source><tokens><token id="143819" text="Среди"><tfr rev_id="978644" t="Среди"><v><l id="333473" t="среди"><g v="PREP"></g></l></v></tfr></token><token id="143820" text="требований"><tfr rev_id="978645" t="требований"><v><l id="349461" t="требование"><g v="NOUN"></g><g v="inan"></g><g v="neut"></g><g v="plur"></g><g v="gent"></g></l></v></tfr></token><token id="143821" text=","><tfr rev_id="978646" t=","><v><l id="0" t=","><g v="PNCT"></g></l></v></tfr></token><token id="143822" text="выдвигаемых"><tfr rev_id="4427128" t="выдвигаемых"><v><l id="56975" t="выдвигаемый"><g v="PRTF"></g><g v="impf"></g><g v="tran"></g><g v="pres"></g><g v="pssv"></g><g v="plur"></g><g v="gent"></g></l></v></tfr></token><token id="143823" text="организаторами"><tfr rev_id="978648" t="организаторами"><v><l id="208741" t="организатор"><g v="NOUN"></g><g v="anim"></g><g v="masc"></g><g v="plur"></g><g v="ablt"></g></l></v></tfr></token><token id="143824" text="акции"><tfr rev_id="3764835" t="акции"><v><l id="7961" t="акция"><g v="NOUN"></g><g v="inan"></g><g v="femn"></g><g v="sing"></g><g v="gent"></g></l></v></tfr></token><token id="143825" text=":"><tfr rev_id="978650" t=":"><v><l id="0" t=":"><g v="PNCT"></g></l></v></tfr></token><token id="143826" text="«"><tfr rev_id="2426611" t="«"><v><l id="0" t="«"><g v="PNCT"></g></l></v></tfr></token><token id="143827" text="немедленная"><tfr rev_id="978652" t="немедленная"><v><l id="184006" t="немедленный"><g v="ADJF"></g><g v="femn"></g><g v="sing"></g><g v="nomn"></g></l></v></tfr></token><token id="143828" text="отставка"><tfr rev_id="978653" t="отставка"><v><l id="218332" t="отставка"><g v="NOUN"></g><g v="inan"></g><g v="femn"></g><g v="sing"></g><g v="nomn"></g></l></v></tfr></token><token id="143829" text="мэра"><tfr rev_id="4363932" t="мэра"><v><l id="165997" t="мэр"><g v="NOUN"></g><g v="anim"></g><g v="masc"></g><g v="sing"></g><g v="gent"></g></l></v></tfr></token><token id="143830" text="Москвы"><tfr rev_id="978655" t="Москвы"><v><l id="163901" t="москва"><g v="NOUN"></g><g v="inan"></g><g v="femn"></g><g v="Sgtm"></g><g v="Geox"></g><g v="sing"></g><g v="gent"></g></l></v></tfr></token><token id="143831" text="Юрия"><tfr rev_id="3542809" t="Юрия"><v><l id="387110" t="юрий"><g v="NOUN"></g><g v="anim"></g><g v="masc"></g><g v="Name"></g><g v="sing"></g><g v="gent"></g></l></v></tfr></token><token id="143832" text="Лужкова"><tfr rev_id="4311641" t="Лужкова"><v><l id="151327" t="лужков"><g v="NOUN"></g><g v="anim"></g><g v="masc"></g><g v="Sgtm"></g><g v="Surn"></g><g v="sing"></g><g v="gent"></g></l></v></tfr></token><token id="143833" text=","><tfr rev_id="978658" t=","><v><l id="0" t=","><g v="PNCT"></g></l></v></tfr></token><token id="143834" text="расследование"><tfr rev_id="978659" t="расследование"><v><l id="301076" t="расследование"><g v="NOUN"></g><g v="inan"></g><g v="neut"></g><g v="sing"></g><g v="nomn"></g></l></v><v><l id="301076" t="расследование"><g v="NOUN"></g><g v="inan"></g><g v="neut"></g><g v="sing"></g><g v="accs"></g></l></v></tfr></token><token id="143835" text="итогов"><tfr rev_id="2703384" t="итогов"><v><l id="127141" t="итог"><g v="NOUN"></g><g v="inan"></g><g v="masc"></g><g v="plur"></g><g v="gent"></g></l></v></tfr></token><token id="143836" text="его"><tfr rev_id="4460139" t="его"><v><l id="94208" t="его"><g v="ADJF"></g><g v="Fixd"></g><g v="Apro"></g><g v="Anph"></g><g v="femn"></g><g v="sing"></g><g v="nomn"></g></l></v><v><l id="94208" t="его"><g v="ADJF"></g><g v="Fixd"></g><g v="Apro"></g><g v="Anph"></g><g v="femn"></g><g v="sing"></g><g v="gent"></g></l></v><v><l id="94208" t="его"><g v="ADJF"></g><g v="Fixd"></g><g v="Apro"></g><g v="Anph"></g><g v="femn"></g><g v="sing"></g><g v="datv"></g></l></v><v><l id="94208" t="его"><g v="ADJF"></g><g v="Fixd"></g><g v="Apro"></g><g v="Anph"></g><g v="femn"></g><g v="sing"></g><g v="accs"></g></l></v><v><l id="94208" t="его"><g v="ADJF"></g><g v="Fixd"></g><g v="Apro"></g><g v="Anph"></g><g v="femn"></g><g v="sing"></g><g v="ablt"></g></l></v><v><l id="94208" t="его"><g v="ADJF"></g><g v="Fixd"></g><g v="Apro"></g><g v="Anph"></g><g v="femn"></g><g v="sing"></g><g v="loct"></g></l></v></tfr></token><token id="143837" text="деятельности"><tfr rev_id="4177469" t="деятельности"><v><l id="82512" t="деятельность"><g v="NOUN"></g><g v="inan"></g><g v="femn"></g><g v="sing"></g><g v="gent"></g></l></v></tfr></token><token id="143838" text="»"><tfr rev_id="2426612" t="»"><v><l id="0" t="»"><g v="PNCT"></g></l></v></tfr></token><token id="143839" text=","><tfr rev_id="978664" t=","><v><l id="0" t=","><g v="PNCT"></g></l></v></tfr></token><token id="143840" text="«"><tfr rev_id="2426613" t="«"><v><l id="0" t="«"><g v="PNCT"></g></l></v></tfr></token><token id="143841" text="созыв"><tfr rev_id="978666" t="созыв"><v><l id="328685" t="созыв"><g v="NOUN"></g><g v="inan"></g><g v="masc"></g><g v="sing"></g><g v="nomn"></g></l></v><v><l id="328685" t="созыв"><g v="NOUN"></g><g v="inan"></g><g v="masc"></g><g v="sing"></g><g v="accs"></g></l></v></tfr></token><token id="143842" text="московского"><tfr rev_id="3411888" t="московского"><v><l id="163933" t="московский"><g v="ADJF"></g><g v="masc"></g><g v="sing"></g><g v="gent"></g></l></v><v><l id="163933" t="московский"><g v="ADJF"></g><g v="anim"></g><g v="masc"></g><g v="sing"></g><g v="accs"></g></l></v><v><l id="163933" t="московский"><g v="ADJF"></g><g v="neut"></g><g v="sing"></g><g v="gent"></g></l></v></tfr></token><token id="143843" text="общественного"><tfr rev_id="4405730" t="общественного"><v><l id="201612" t="общественный"><g v="ADJF"></g><g v="masc"></g><g v="sing"></g><g v="gent"></g></l></v></tfr></token><token id="143844" text="форума"><tfr rev_id="978669" t="форума"><v><l id="367349" t="форум"><g v="NOUN"></g><g v="inan"></g><g v="masc"></g><g v="sing"></g><g v="gent"></g></l></v></tfr></token><token id="143845" text="для"><tfr rev_id="3452653" t="для"><v><l id="85032" t="для"><g v="PREP"></g></l></v></tfr></token><token id="143846" text="обсуждения"><tfr rev_id="3500494" t="обсуждения"><v><l id="200180" t="обсуждение"><g v="NOUN"></g><g v="inan"></g><g v="neut"></g><g v="sing"></g><g v="gent"></g></l></v></tfr></token><token id="143847" text="путей"><tfr rev_id="978672" t="путей"><v><l id="289625" t="путь"><g v="NOUN"></g><g v="inan"></g><g v="masc"></g><g v="plur"></g><g v="gent"></g></l></v></tfr></token><token id="143848" text="реформирования"><tfr rev_id="3452211" t="реформирования"><v><l id="307146" t="реформирование"><g v="NOUN"></g><g v="inan"></g><g v="neut"></g><g v="sing"></g><g v="gent"></g></l></v></tfr></token><token id="143849" text="основных"><tfr rev_id="3671239" t="основных"><v><l id="210595" t="основной"><g v="ADJF"></g><g v="plur"></g><g v="gent"></g></l></v><v><l id="210598" t="основный"><g v="ADJF"></g><g v="Qual"></g><g v="plur"></g><g v="gent"></g></l></v></tfr></token><token id="143850" text="сфер"><tfr rev_id="978675" t="сфер"><v><l id="340544" t="сфера"><g v="NOUN"></g><g v="inan"></g><g v="femn"></g><g v="plur"></g><g v="gent"></g></l></v></tfr></token><token id="143851" text="жизнедеятельности"><tfr rev_id="4291515" t="жизнедеятельности"><v><l id="97273" t="жизнедеятельность"><g v="NOUN"></g><g v="inan"></g><g v="femn"></g><g v="sing"></g><g v="gent"></g></l></v></tfr></token><token id="143852" text="в"><tfr rev_id="978677" t="в"><v><l id="37409" t="в"><g v="PREP"></g></l></v></tfr></token><token id="143853" text="Москве"><tfr rev_id="1718541" t="Москве"><v><l id="163901" t="москва"><g v="NOUN"></g><g v="inan"></g><g v="femn"></g><g v="Sgtm"></g><g v="Geox"></g><g v="sing"></g><g v="loct"></g></l></v></tfr></token><token id="143854" text="»"><tfr rev_id="2426614" t="»"><v><l id="0" t="»"><g v="PNCT"></g></l></v></tfr></token><token id="143855" text=","><tfr rev_id="978680" t=","><v><l id="0" t=","><g v="PNCT"></g></l></v></tfr></token><token id="143856" text="«"><tfr rev_id="2426615" t="«"><v><l id="0" t="«"><g v="PNCT"></g></l></v></tfr></token><token id="143857" text="восстановление"><tfr rev_id="4214095" t="восстановление"><v><l id="51889" t="восстановление"><g v="NOUN"></g><g v="inan"></g><g v="neut"></g><g v="sing"></g><g v="nomn"></g></l></v></tfr></token><token id="143858" text="прямых"><tfr rev_id="4428258" t="прямых"><v><l id="288270" t="прямой"><g v="ADJF"></g><g v="Qual"></g><g v="plur"></g><g v="gent"></g></l></v></tfr></token><token id="143859" text="выборов"><tfr rev_id="978684" t="выборов"><v><l id="55719" t="выбор"><g v="NOUN"></g><g v="inan"></g><g v="masc"></g><g v="plur"></g><g v="gent"></g></l></v><v><l id="55749" t="выборы"><g v="NOUN"></g><g v="inan"></g><g v="GNdr"></g><g v="Pltm"></g><g v="plur"></g><g v="gent"></g></l></v></tfr></token><token id="143860" text="глав"><tfr rev_id="4526376" t="глав"><v><l id="70790" t="глава"><g v="NOUN"></g><g v="anim"></g><g v="ms-f"></g><g v="plur"></g><g v="gent"></g></l></v><v><l id="70791" t="глава"><g v="NOUN"></g><g v="inan"></g><g v="femn"></g><g v="plur"></g><g v="gent"></g></l></v></tfr></token><token id="143861" text="регионов"><tfr rev_id="978686" t="регионов"><v><l id="304808" t="регион"><g v="NOUN"></g><g v="inan"></g><g v="masc"></g><g v="plur"></g><g v="gent"></g></l></v></tfr></token><token id="143862" text="России"><tfr rev_id="2934783" t="России"><v><l id="309322" t="россия"><g v="NOUN"></g><g v="inan"></g><g v="femn"></g><g v="Sgtm"></g><g v="Geox"></g><g v="sing"></g><g v="gent"></g></l></v></tfr></token><token id="143863" text="»"><tfr rev_id="2426616" t="»"><v><l id="0" t="»"><g v="PNCT"></g></l></v></tfr></token><token id="143864" text=","><tfr rev_id="978689" t=","><v><l id="0" t=","><g v="PNCT"></g></l></v></tfr></token><token id="143865" text="«"><tfr rev_id="2426617" t="«"><v><l id="0" t="«"><g v="PNCT"></g></l></v></tfr></token><token id="143866" text="роспуск"><tfr rev_id="4100790" t="роспуск"><v><l id="309298" t="роспуск"><g v="NOUN"></g><g v="inan"></g><g v="masc"></g><g v="sing"></g><g v="nomn"></g></l></v></tfr></token><token id="143867" text="нелегитимной"><tfr rev_id="3284614" t="нелегитимной"><v><l id="183745" t="нелегитимный"><g v="ADJF"></g><g v="femn"></g><g v="sing"></g><g v="gent"></g></l></v></tfr></token><token id="143868" text="Мосгордумы"><tfr rev_id="3479487" t="Мосгордумы"><v><l id="163860" t="мосгордума"><g v="NOUN"></g><g v="inan"></g><g v="femn"></g><g v="Sgtm"></g><g v="Orgn"></g><g v="sing"></g><g v="gent"></g></l></v></tfr></token><token id="143869" text="»"><tfr rev_id="2426618" t="»"><v><l id="0" t="»"><g v="PNCT"></g></l></v></tfr></token><token id="143870" text=","><tfr rev_id="978695" t=","><v><l id="0" t=","><g v="PNCT"></g></l></v></tfr></token><token id="143871" text="отставка"><tfr rev_id="978696" t="отставка"><v><l id="218332" t="отставка"><g v="NOUN"></g><g v="inan"></g><g v="femn"></g><g v="sing"></g><g v="nomn"></g></l></v></tfr></token><token id="143872" text="подмосковного"><tfr rev_id="4205978" t="подмосковного"><v><l id="247773" t="подмосковный"><g v="ADJF"></g><g v="masc"></g><g v="sing"></g><g v="gent"></g></l></v><v><l id="247773" t="подмосковный"><g v="ADJF"></g><g v="anim"></g><g v="masc"></g><g v="sing"></g><g v="accs"></g></l></v></tfr></token><token id="143873" text="губернатора"><tfr rev_id="3689729" t="губернатора"><v><l id="76396" t="губернатор"><g v="NOUN"></g><g v="anim"></g><g v="masc"></g><g v="sing"></g><g v="gent"></g></l></v></tfr></token><token id="143874" text="Бориса"><tfr rev_id="4215012" t="Бориса"><v><l id="32732" t="борис"><g v="NOUN"></g><g v="anim"></g><g v="masc"></g><g v="Name"></g><g v="sing"></g><g v="gent"></g></l></v></tfr></token><token id="143875" text="Громова"><tfr rev_id="4467805" t="Громова"><v><l id="75680" t="громов"><g v="NOUN"></g><g v="anim"></g><g v="masc"></g><g v="Sgtm"></g><g v="Surn"></g><g v="sing"></g><g v="gent"></g></l></v></tfr></token><token id="143876" text="и"><tfr rev_id="3529758" t="и"><v><l id="116949" t="и"><g v="CONJ"></g></l></v></tfr></token><token id="143877" text="др"><tfr rev_id="4500634" t="др"><v><l id="389607" t="др"><g v="ADJF"></g><g v="Fixd"></g><g v="Abbr"></g><g v="Apro"></g><g v="plur"></g><g v="nomn"></g></l></v><v><l id="389607" t="др"><g v="ADJF"></g><g v="Fixd"></g><g v="Abbr"></g><g v="Apro"></g><g v="plur"></g><g v="gent"></g></l></v><v><l id="389607" t="др"><g v="ADJF"></g><g v="Fixd"></g><g v="Abbr"></g><g v="Apro"></g><g v="plur"></g><g v="datv"></g></l></v><v><l id="389607" t="др"><g v="ADJF"></g><g v="Fixd"></g><g v="Abbr"></g><g v="Apro"></g><g v="plur"></g><g v="accs"></g></l></v><v><l id="389607" t="др"><g v="ADJF"></g><g v="Fixd"></g><g v="Abbr"></g><g v="Apro"></g><g v="plur"></g><g v="ablt"></g></l></v><v><l id="389607" t="др"><g v="ADJF"></g><g v="Fixd"></g><g v="Abbr"></g><g v="Apro"></g><g v="plur"></g><g v="loct"></g></l></v></tfr></token><token id="143878" text="."><tfr rev_id="978703" t="."><v><l id="0" t="."><g v="PNCT"></g></l></v></tfr></token></tokens></sentence><sentence id="7531"><source>Участникам акции предлагалось принести с собой лист бумаги или кусок ткани чёрного цвета, символизирующие «чёрную метку» для Юрия Лужкова.</source><tokens><token id="143879" text="Участникам"><tfr rev_id="978704" t="Участникам"><v><l id="363151" t="участник"><g v="NOUN"></g><g v="anim"></g><g v="masc"></g><g v="plur"></g><g v="datv"></g></l></v></tfr></token><token id="143880" text="акции"><tfr rev_id="4174778" t="акции"><v><l id="7961" t="акция"><g v="NOUN"></g><g v="inan"></g><g v="femn"></g><g v="sing"></g><g v="gent"></g></l></v></tfr></token><token id="143881" text="предлагалось"><tfr rev_id="978706" t="предлагалось"><v><l id="266525" t="предлагаюсь"><g v="VERB"></g><g v="impf"></g><g v="intr"></g><g v="neut"></g><g v="sing"></g><g v="past"></g><g v="indc"></g></l></v></tfr></token><token id="143882" text="принести"><tfr rev_id="978707" t="принести"><v><l id="272526" t="принести"><g v="INFN"></g><g v="perf"></g><g v="tran"></g></l></v></tfr></token><token id="143883" text="с"><tfr rev_id="978708" t="с"><v><l id="311151" t="с"><g v="PREP"></g></l></v></tfr></token><token id="143884" text="собой"><tfr rev_id="3636265" t="собой"><v><l id="317456" t="себя"><g v="NPRO"></g><g v="Anph"></g><g v="sing"></g><g v="ablt"></g></l></v></tfr></token><token id="143885" text="лист"><tfr rev_id="4106311" t="лист"><v><l id="149712" t="лист"><g v="NOUN"></g><g v="inan"></g><g v="masc"></g><g v="sing"></g><g v="accs"></g></l></v></tfr></token><token id="143886" text="бумаги"><tfr rev_id="2695538" t="бумаги"><v><l id="35732" t="бумага"><g v="NOUN"></g><g v="inan"></g><g v="femn"></g><g v="sing"></g><g v="gent"></g></l></v></tfr></token><token id="143887" text="или"><tfr rev_id="3786364" t="или"><v><l id="121146" t="или"><g v="CONJ"></g></l></v></tfr></token><token id="143888" text="кусок"><tfr rev_id="978713" t="кусок"><v><l id="145669" t="кусок"><g v="NOUN"></g><g v="inan"></g><g v="masc"></g><g v="sing"></g><g v="nomn"></g></l></v><v><l id="145669" t="кусок"><g v="NOUN"></g><g v="inan"></g><g v="masc"></g><g v="sing"></g><g v="accs"></g></l></v></tfr></token><token id="143889" text="ткани"><tfr rev_id="4291516" t="ткани"><v><l id="346740" t="ткань"><g v="NOUN"></g><g v="inan"></g><g v="femn"></g><g v="sing"></g><g v="gent"></g></l></v></tfr></token><token id="143890" text="чёрного"><tfr rev_id="4535053" t="чёрного"><v><l id="374408" t="чёрный"><g v="ADJF"></g><g v="Qual"></g><g v="masc"></g><g v="sing"></g><g v="gent"></g></l></v><v><l id="374408" t="чёрный"><g v="ADJF"></g><g v="Qual"></g><g v="neut"></g><g v="sing"></g><g v="gent"></g></l></v></tfr></token><token id="143891" text="цвета"><tfr rev_id="4336902" t="цвета"><v><l id="372859" t="цвет"><g v="NOUN"></g><g v="inan"></g><g v="masc"></g><g v="sing"></g><g v="gent"></g></l></v></tfr></token><token id="143892" text=","><tfr rev_id="978717" t=","><v><l id="0" t=","><g v="PNCT"></g></l></v></tfr></token><token id="143893" text="символизирующие"><tfr rev_id="978718" t="символизирующие"><v><l id="320641" t="символизирующий"><g v="PRTF"></g><g v="impf"></g><g v="tran"></g><g v="pres"></g><g v="actv"></g><g v="plur"></g><g v="nomn"></g></l></v><v><l id="320641" t="символизирующий"><g v="PRTF"></g><g v="impf"></g><g v="tran"></g><g v="pres"></g><g v="actv"></g><g v="inan"></g><g v="plur"></g><g v="accs"></g></l></v></tfr></token><token id="143894" text="«"><tfr rev_id="2426619" t="«"><v><l id="0" t="«"><g v="PNCT"></g></l></v></tfr></token><token id="143895" text="чёрную"><tfr rev_id="978720" t="чёрную"><v><l id="374408" t="чёрный"><g v="ADJF"></g><g v="Qual"></g><g v="femn"></g><g v="sing"></g><g v="accs"></g></l></v></tfr></token><token id="143896" text="метку"><tfr rev_id="978721" t="метку"><v><l id="159236" t="метка"><g v="NOUN"></g><g v="inan"></g><g v="femn"></g><g v="sing"></g><g v="accs"></g></l></v></tfr></token><token id="143897" text="»"><tfr rev_id="2426620" t="»"><v><l id="0" t="»"><g v="PNCT"></g></l></v></tfr></token><token id="143898" text="для"><tfr rev_id="2922607" t="для"><v><l id="85032" t="для"><g v="PREP"></g></l></v></tfr></token><token id="143899" text="Юрия"><tfr rev_id="4390146" t="Юрия"><v><l id="387110" t="юрий"><g v="NOUN"></g><g v="anim"></g><g v="masc"></g><g v="Name"></g><g v="sing"></g><g v="gent"></g></l></v></tfr></token><token id="143900" text="Лужкова"><tfr rev_id="4311642" t="Лужкова"><v><l id="151327" t="лужков"><g v="NOUN"></g><g v="anim"></g><g v="masc"></g><g v="Sgtm"></g><g v="Surn"></g><g v="sing"></g><g v="gent"></g></l></v></tfr></token><token id="143901" text="."><tfr rev_id="978726" t="."><v><l id="0" t="."><g v="PNCT"></g></l></v></tfr></token></tokens></sentence></paragraph><paragraph id="2381"><sentence id="7532"><source>Начало акции было намечено на 19 часов; подчёркивалось, что она состоится несмотря на запрет властей.</source><tokens><token id="143902" text="Начало"><tfr rev_id="1712469" t="Начало"><v><l id="178196" t="начало"><g v="NOUN"></g><g v="inan"></g><g v="neut"></g><g v="sing"></g><g v="nomn"></g></l></v><v><l id="178196" t="начало"><g v="NOUN"></g><g v="inan"></g><g v="neut"></g><g v="sing"></g><g v="accs"></g></l></v></tfr></token><token id="143903" text="акции"><tfr rev_id="4262056" t="акции"><v><l id="7961" t="акция"><g v="NOUN"></g><g v="inan"></g><g v="femn"></g><g v="sing"></g><g v="gent"></g></l></v></tfr></token><token id="143904" text="было"><tfr rev_id="3335497" t="было"><v><l id="37265" t="есть"><g v="VERB"></g><g v="impf"></g><g v="intr"></g><g v="neut"></g><g v="sing"></g><g v="past"></g><g v="indc"></g></l></v></tfr></token><token id="143905" text="намечено"><tfr rev_id="978730" t="намечено"><v><l id="172527" t="намечен"><g v="PRTS"></g><g v="perf"></g><g v="past"></g><g v="pssv"></g><g v="neut"></g><g v="sing"></g></l></v></tfr></token><token id="143906" text="на"><tfr rev_id="3346026" t="на"><v><l id="166264" t="на"><g v="PREP"></g></l></v></tfr></token><token id="143907" text="19"><tfr rev_id="2455997" t="19"><v><l id="0" t="19"><g v="NUMB"></g></l></v></tfr></token><token id="143908" text="часов"><tfr rev_id="978733" t="часов"><v><l id="374736" t="час"><g v="NOUN"></g><g v="inan"></g><g v="masc"></g><g v="plur"></g><g v="gent"></g></l></v><v><l id="374822" t="часы"><g v="NOUN"></g><g v="inan"></g><g v="GNdr"></g><g v="Pltm"></g><g v="plur"></g><g v="gent"></g></l></v></tfr></token><token id="143909" text=";"><tfr rev_id="978734" t=";"><v><l id="0" t=";"><g v="PNCT"></g></l></v></tfr></token><token id="143910" text="подчёркивалось"><tfr rev_id="978735" t="подчёркивалось"><v><l id="252300" t="подчёркиваюсь"><g v="VERB"></g><g v="impf"></g><g v="intr"></g><g v="neut"></g><g v="sing"></g><g v="past"></g><g v="indc"></g></l></v></tfr></token><token id="143911" text=","><tfr rev_id="978736" t=","><v><l id="0" t=","><g v="PNCT"></g></l></v></tfr></token><token id="143912" text="что"><tfr rev_id="3192335" t="что"><v><l id="377004" t="что"><g v="CONJ"></g></l></v><v><l id="377005" t="что"><g v="NPRO"></g><g v="neut"></g><g v="sing"></g><g v="nomn"></g></l></v><v><l id="377005" t="что"><g v="NPRO"></g><g v="neut"></g><g v="sing"></g><g v="accs"></g></l></v><v><l id="377006" t="что"><g v="ADVB"></g><g v="Ques"></g></l></v><v><l id="388695" t="что"><g v="PRCL"></g></l></v></tfr></token><token id="143913" text="она"><tfr rev_id="3586045" t="она"><v><l id="206544" t="она"><g v="NPRO"></g><g v="femn"></g><g v="3per"></g><g v="Anph"></g><g v="sing"></g><g v="nomn"></g></l></v></tfr></token><token id="143914" text="состоится"><tfr rev_id="978739" t="состоится"><v><l id="330568" t="состоялся"><g v="VERB"></g><g v="perf"></g><g v="intr"></g><g v="sing"></g><g v="3per"></g><g v="futr"></g><g v="indc"></g></l></v></tfr></token><token id="143915" text="несмотря"><tfr rev_id="978740" t="несмотря"><v><l id="188286" t="несмотря"><g v="PREP"></g></l></v></tfr></token><token id="143916" text="на"><tfr rev_id="3330350" t="на"><v><l id="166264" t="на"><g v="PREP"></g></l></v></tfr></token><token id="143917" text="запрет"><tfr rev_id="1712470" t="запрет"><v><l id="107924" t="запрет"><g v="NOUN"></g><g v="inan"></g><g v="masc"></g><g v="sing"></g><g v="nomn"></g></l></v><v><l id="107924" t="запрет"><g v="NOUN"></g><g v="inan"></g><g v="masc"></g><g v="sing"></g><g v="accs"></g></l></v></tfr></token><token id="143918" text="властей"><tfr rev_id="978743" t="властей"><v><l id="46816" t="власть"><g v="NOUN"></g><g v="inan"></g><g v="femn"></g><g v="plur"></g><g v="gent"></g></l></v></tfr></token><token id="143919" text="."><tfr rev_id="978744" t="."><v><l id="0" t="."><g v="PNCT"></g></l></v></tfr></token></tokens></sentence><sentence id="7533"><source>Освещающие акцию блоггеры сообщили, что автобусы с милицией стали занимать площадь у памятника Юрию Долгорукому ещё с 15 часов дня, центральная часть площади была огорожена.</source><tokens><token id="143920" text="Освещающие"><tfr rev_id="978745" t="Освещающие"><v><l id="209626" t="освещающий"><g v="PRTF"></g><g v="impf"></g><g v="tran"></g><g v="pres"></g><g v="actv"></g><g v="plur"></g><g v="nomn"></g></l></v><v><l id="209626" t="освещающий"><g v="PRTF"></g><g v="impf"></g><g v="tran"></g><g v="pres"></g><g v="actv"></g><g v="inan"></g><g v="plur"></g><g v="accs"></g></l></v></tfr></token><token id="143921" text="акцию"><tfr rev_id="978746" t="акцию"><v><l id="7961" t="акция"><g v="NOUN"></g><g v="inan"></g><g v="femn"></g><g v="sing"></g><g v="accs"></g></l></v></tfr></token><token id="143922" text="блоггеры"><tfr rev_id="2922159" t="блоггеры"><v><l id="388682" t="блоггер"><g v="NOUN"></g><g v="anim"></g><g v="masc"></g><g v="plur"></g><g v="nomn"></g></l></v></tfr></token><token id="143923" text="сообщили"><tfr rev_id="978748" t="сообщили"><v><l id="329556" t="сообщил"><g v="VERB"></g><g v="perf"></g><g v="tran"></g><g v="plur"></g><g v="past"></g><g v="indc"></g></l></v></tfr></token><token id="143924" text=","><tfr rev_id="978749" t=","><v><l id="0" t=","><g v="PNCT"></g></l></v></tfr></token><token id="143925" text="что"><tfr rev_id="3192336" t="что"><v><l id="377004" t="что"><g v="CONJ"></g></l></v><v><l id="377005" t="что"><g v="NPRO"></g><g v="neut"></g><g v="sing"></g><g v="nomn"></g></l></v><v><l id="377005" t="что"><g v="NPRO"></g><g v="neut"></g><g v="sing"></g><g v="accs"></g></l></v><v><l id="377006" t="что"><g v="ADVB"></g><g v="Ques"></g></l></v><v><l id="388695" t="что"><g v="PRCL"></g></l></v></tfr></token><token id="143926" text="автобусы"><tfr rev_id="3756666" t="автобусы"><v><l id="3021" t="автобус"><g v="NOUN"></g><g v="inan"></g><g v="masc"></g><g v="plur"></g><g v="nomn"></g></l></v></tfr></token><token id="143927" text="с"><tfr rev_id="978752" t="с"><v><l id="311151" t="с"><g v="PREP"></g></l></v></tfr></token><token id="143928" text="милицией"><tfr rev_id="978753" t="милицией"><v><l id="160225" t="милиция"><g v="NOUN"></g><g v="inan"></g><g v="femn"></g><g v="sing"></g><g v="ablt"></g></l></v></tfr></token><token id="143929" text="стали"><tfr rev_id="1712471" t="стали"><v><l id="335164" t="стал"><g v="VERB"></g><g v="perf"></g><g v="intr"></g><g v="plur"></g><g v="past"></g><g v="indc"></g></l></v></tfr></token><token id="143930" text="занимать"><tfr rev_id="978755" t="занимать"><v><l id="106413" t="занимать"><g v="INFN"></g><g v="impf"></g><g v="tran"></g></l></v></tfr></token><token id="143931" text="площадь"><tfr rev_id="4102831" t="площадь"><v><l id="240936" t="площадь"><g v="NOUN"></g><g v="inan"></g><g v="femn"></g><g v="sing"></g><g v="accs"></g></l></v></tfr></token><token id="143932" text="у"><tfr rev_id="3301844" t="у"><v><l id="352818" t="у"><g v="PREP"></g></l></v></tfr></token><token id="143933" text="памятника"><tfr rev_id="978758" t="памятника"><v><l id="223152" t="памятник"><g v="NOUN"></g><g v="inan"></g><g v="masc"></g><g v="sing"></g><g v="gent"></g></l></v></tfr></token><token id="143934" text="Юрию"><tfr rev_id="978759" t="Юрию"><v><l id="387110" t="юрий"><g v="NOUN"></g><g v="anim"></g><g v="masc"></g><g v="Name"></g><g v="sing"></g><g v="datv"></g></l></v></tfr></token><token id="143935" text="Долгорукому"><tfr rev_id="4204885" t="Долгорукому"><v><l id="0" t="Долгорукому"><g v="UNKN"></g></l></v></tfr></token><token id="143936" text="ещё"><tfr rev_id="978761" t="ещё"><v><l id="95551" t="ещё"><g v="PRCL"></g></l></v><v><l id="95552" t="ещё"><g v="ADVB"></g></l></v></tfr></token><token id="143937" text="с"><tfr rev_id="978762" t="с"><v><l id="311151" t="с"><g v="PREP"></g></l></v></tfr></token><token id="143938" text="15"><tfr rev_id="2455998" t="15"><v><l id="0" t="15"><g v="NUMB"></g></l></v></tfr></token><token id="143939" text="часов"><tfr rev_id="4512752" t="часов"><v><l id="374736" t="час"><g v="NOUN"></g><g v="inan"></g><g v="masc"></g><g v="plur"></g><g v="gent"></g></l></v></tfr></token><token id="143940" text="дня"><tfr rev_id="978765" t="дня"><v><l id="81427" t="день"><g v="NOUN"></g><g v="inan"></g><g v="masc"></g><g v="sing"></g><g v="gent"></g></l></v></tfr></token><token id="143941" text=","><tfr rev_id="978766" t=","><v><l id="0" t=","><g v="PNCT"></g></l></v></tfr></token><token id="143942" text="центральная"><tfr rev_id="978767" t="центральная"><v><l id="373429" t="центральный"><g v="ADJF"></g><g v="femn"></g><g v="sing"></g><g v="nomn"></g></l></v></tfr></token><token id="143943" text="часть"><tfr rev_id="3491413" t="часть"><v><l id="374820" t="часть"><g v="NOUN"></g><g v="inan"></g><g v="femn"></g><g v="sing"></g><g v="nomn"></g></l></v></tfr></token><token id="143944" text="площади"><tfr rev_id="4178482" t="площади"><v><l id="240936" t="площадь"><g v="NOUN"></g><g v="inan"></g><g v="femn"></g><g v="sing"></g><g v="gent"></g></l></v></tfr></token><token id="143945" text="была"><tfr rev_id="978770" t="была"><v><l id="37265" t="есть"><g v="VERB"></g><g v="impf"></g><g v="intr"></g><g v="femn"></g><g v="sing"></g><g v="past"></g><g v="indc"></g></l></v></tfr></token><token id="143946" text="огорожена"><tfr rev_id="978771" t="огорожена"><v><l id="202783" t="огорожен"><g v="PRTS"></g><g v="perf"></g><g v="past"></g><g v="pssv"></g><g v="femn"></g><g v="sing"></g></l></v></tfr></token><token id="143947" text="."><tfr rev_id="978772" t="."><v><l id="0" t="."><g v="PNCT"></g></l></v></tfr></token></tokens></sentence><sentence id="7534"><source>Ко времени начала акции вокруг огороженной территории собралось множество журналистов и прохожих, по мере прибытия самих участников акции милиция начала планомерно их задерживать и заталкивать в автобусы.</source><tokens><token id="143948" text="Ко"><tfr rev_id="2920726" t="Ко"><v><l id="127460" t="к"><g v="PREP"></g><g v="Vpre"></g></l></v></tfr></token><token id="143949" text="времени"><tfr rev_id="3545567" t="времени"><v><l id="53149" t="время"><g v="NOUN"></g><g v="inan"></g><g v="neut"></g><g v="sing"></g><g v="datv"></g></l></v></tfr></token><token id="143950" text="начала"><tfr rev_id="3547031" t="начала"><v><l id="178196" t="начало"><g v="NOUN"></g><g v="inan"></g><g v="neut"></g><g v="sing"></g><g v="gent"></g></l></v></tfr></token><token id="143951" text="акции"><tfr rev_id="4286448" t="акции"><v><l id="7961" t="акция"><g v="NOUN"></g><g v="inan"></g><g v="femn"></g><g v="sing"></g><g v="gent"></g></l></v></tfr></token><token id="143952" text="вокруг"><tfr rev_id="4231618" t="вокруг"><v><l id="49813" t="вокруг"><g v="PREP"></g></l></v></tfr></token><token id="143953" text="огороженной"><tfr rev_id="3419362" t="огороженной"><v><l id="202782" t="огороженный"><g v="PRTF"></g><g v="perf"></g><g v="tran"></g><g v="past"></g><g v="pssv"></g><g v="femn"></g><g v="sing"></g><g v="gent"></g></l></v></tfr></token><token id="143954" text="территории"><tfr rev_id="4265731" t="территории"><v><l id="345621" t="территория"><g v="NOUN"></g><g v="inan"></g><g v="femn"></g><g v="sing"></g><g v="gent"></g></l></v></tfr></token><token id="143955" text="собралось"><tfr rev_id="978780" t="собралось"><v><l id="327823" t="собрался"><g v="VERB"></g><g v="perf"></g><g v="intr"></g><g v="neut"></g><g v="sing"></g><g v="past"></g><g v="indc"></g></l></v></tfr></token><token id="143956" text="множество"><tfr rev_id="978781" t="множество"><v><l id="162121" t="множество"><g v="NOUN"></g><g v="inan"></g><g v="neut"></g><g v="sing"></g><g v="nomn"></g></l></v><v><l id="162121" t="множество"><g v="NOUN"></g><g v="inan"></g><g v="neut"></g><g v="sing"></g><g v="accs"></g></l></v></tfr></token><token id="143957" text="журналистов"><tfr rev_id="3823108" t="журналистов"><v><l id="97974" t="журналист"><g v="NOUN"></g><g v="anim"></g><g v="masc"></g><g v="plur"></g><g v="gent"></g></l></v></tfr></token><token id="143958" text="и"><tfr rev_id="3486610" t="и"><v><l id="116949" t="и"><g v="CONJ"></g></l></v></tfr></token><token id="143959" text="прохожих"><tfr rev_id="4484900" t="прохожих"><v><l id="287209" t="прохожий"><g v="NOUN"></g><g v="anim"></g><g v="masc"></g><g v="plur"></g><g v="gent"></g></l></v></tfr></token><token id="143960" text=","><tfr rev_id="978785" t=","><v><l id="0" t=","><g v="PNCT"></g></l></v></tfr></token><token id="143961" text="по"><tfr rev_id="978786" t="по"><v><l id="241240" t="по"><g v="PREP"></g></l></v></tfr></token><token id="143962" text="мере"><tfr rev_id="3446876" t="мере"><v><l id="158460" t="мера"><g v="NOUN"></g><g v="inan"></g><g v="femn"></g><g v="sing"></g><g v="datv"></g></l></v><v><l id="158742" t="меря"><g v="NOUN"></g><g v="inan"></g><g v="femn"></g><g v="sing"></g><g v="datv"></g></l></v></tfr></token><token id="143963" text="прибытия"><tfr rev_id="3500900" t="прибытия"><v><l id="268961" t="прибытие"><g v="NOUN"></g><g v="inan"></g><g v="neut"></g><g v="sing"></g><g v="gent"></g></l></v></tfr></token><token id="143964" text="самих"><tfr rev_id="4198044" t="самих"><v><l id="312034" t="сам"><g v="ADJF"></g><g v="Apro"></g><g v="plur"></g><g v="gent"></g></l></v></tfr></token><token id="143965" text="участников"><tfr rev_id="4382638" t="участников"><v><l id="363151" t="участник"><g v="NOUN"></g><g v="anim"></g><g v="masc"></g><g v="plur"></g><g v="gent"></g></l></v></tfr></token><token id="143966" text="акции"><tfr rev_id="4291517" t="акции"><v><l id="7961" t="акция"><g v="NOUN"></g><g v="inan"></g><g v="femn"></g><g v="sing"></g><g v="gent"></g></l></v></tfr></token><token id="143967" text="милиция"><tfr rev_id="978792" t="милиция"><v><l id="160225" t="милиция"><g v="NOUN"></g><g v="inan"></g><g v="femn"></g><g v="sing"></g><g v="nomn"></g></l></v></tfr></token><token id="143968" text="начала"><tfr rev_id="1712474" t="начала"><v><l id="178224" t="начал"><g v="VERB"></g><g v="perf"></g><g v="tran"></g><g v="femn"></g><g v="sing"></g><g v="past"></g><g v="indc"></g></l></v></tfr></token><token id="143969" text="планомерно"><tfr rev_id="978794" t="планомерно"><v><l id="239758" t="планомерно"><g v="ADVB"></g></l></v><v><l id="239761" t="планомерен"><g v="ADJS"></g><g v="neut"></g><g v="sing"></g></l></v></tfr></token><token id="143970" text="их"><tfr rev_id="4473936" t="их"><v><l id="206619" t="они"><g v="NPRO"></g><g v="3per"></g><g v="Anph"></g><g v="plur"></g><g v="gent"></g></l></v><v><l id="206619" t="они"><g v="NPRO"></g><g v="3per"></g><g v="Anph"></g><g v="plur"></g><g v="accs"></g></l></v></tfr></token><token id="143971" text="задерживать"><tfr rev_id="978796" t="задерживать"><v><l id="101581" t="задерживать"><g v="INFN"></g><g v="impf"></g><g v="tran"></g></l></v></tfr></token><token id="143972" text="и"><tfr rev_id="978797" t="и"><v><l id="116949" t="и"><g v="CONJ"></g></l></v><v><l id="116950" t="и"><g v="INTJ"></g></l></v></tfr></token><token id="143973" text="заталкивать"><tfr rev_id="978798" t="заталкивать"><v><l id="111034" t="заталкивать"><g v="INFN"></g><g v="impf"></g><g v="tran"></g></l></v></tfr></token><token id="143974" text="в"><tfr rev_id="978799" t="в"><v><l id="37409" t="в"><g v="PREP"></g></l></v></tfr></token><token id="143975" text="автобусы"><tfr rev_id="3749117" t="автобусы"><v><l id="3021" t="автобус"><g v="NOUN"></g><g v="inan"></g><g v="masc"></g><g v="plur"></g><g v="accs"></g></l></v></tfr></token><token id="143976" text="."><tfr rev_id="978801" t="."><v><l id="0" t="."><g v="PNCT"></g></l></v></tfr></token></tokens></sentence></paragraph><paragraph id="2382"><sentence id="7535"><source>Всего, по сообщениям блоггеров и СМИ, было задержано более 30 человек.</source><tokens><token id="143977" text="Всего"><tfr rev_id="4492703" t="Всего"><v><l id="53373" t="всего"><g v="ADVB"></g></l></v></tfr></token><token id="143978" text=","><tfr rev_id="978803" t=","><v><l id="0" t=","><g v="PNCT"></g></l></v></tfr></token><token id="143979" text="по"><tfr rev_id="978804" t="по"><v><l id="241240" t="по"><g v="PREP"></g></l></v></tfr></token><token id="143980" text="сообщениям"><tfr rev_id="978805" t="сообщениям"><v><l id="329550" t="сообщение"><g v="NOUN"></g><g v="inan"></g><g v="neut"></g><g v="plur"></g><g v="datv"></g></l></v></tfr></token><token id="143981" text="блоггеров"><tfr rev_id="4384896" t="блоггеров"><v><l id="388682" t="блоггер"><g v="NOUN"></g><g v="anim"></g><g v="masc"></g><g v="plur"></g><g v="gent"></g></l></v></tfr></token><token id="143982" text="и"><tfr rev_id="978807" t="и"><v><l id="116949" t="и"><g v="CONJ"></g></l></v><v><l id="116950" t="и"><g v="INTJ"></g></l></v></tfr></token><token id="143983" text="СМИ"><tfr rev_id="4489419" t="СМИ"><v><l id="326341" t="сми"><g v="NOUN"></g><g v="inan"></g><g v="GNdr"></g><g v="Pltm"></g><g v="Fixd"></g><g v="Abbr"></g><g v="plur"></g><g v="gent"></g></l></v></tfr></token><token id="143984" text=","><tfr rev_id="978809" t=","><v><l id="0" t=","><g v="PNCT"></g></l></v></tfr></token><token id="143985" text="было"><tfr rev_id="3094315" t="было"><v><l id="37265" t="есть"><g v="VERB"></g><g v="impf"></g><g v="intr"></g><g v="neut"></g><g v="sing"></g><g v="past"></g><g v="indc"></g></l></v></tfr></token><token id="143986" text="задержано"><tfr rev_id="978811" t="задержано"><v><l id="101573" t="задержан"><g v="PRTS"></g><g v="perf"></g><g v="past"></g><g v="pssv"></g><g v="neut"></g><g v="sing"></g></l></v></tfr></token><token id="143987" text="более"><tfr rev_id="978812" t="более"><v><l id="32065" t="более"><g v="ADVB"></g></l></v></tfr></token><token id="143988" text="30"><tfr rev_id="2455999" t="30"><v><l id="0" t="30"><g v="NUMB"></g></l></v></tfr></token><token id="143989" text="человек"><tfr rev_id="3474581" t="человек"><v><l id="375073" t="человек"><g v="NOUN"></g><g v="anim"></g><g v="masc"></g><g v="plur"></g><g v="gent"></g></l></v></tfr></token><token id="143990" text="."><tfr rev_id="978815" t="."><v><l id="0" t="."><g v="PNCT"></g></l></v></tfr></token></tokens></sentence><sentence id="7536"><source>Пользователь ЖЖ zyalt сообщает, что среди задержанных оказался депутат муниципального собрания района Отрадное, сопредседатель московского отделения движения «Солидарность» Михаил Вельмакин, известный правозащитник Лев Пономарев, координатор движения «Левый фронт» Сергей Удальцов.</source><tokens><token id="143991" text="Пользователь"><tfr rev_id="978816" t="Пользователь"><v><l id="257079" t="пользователь"><g v="NOUN"></g><g v="anim"></g><g v="masc"></g><g v="sing"></g><g v="nomn"></g></l></v></tfr></token><token id="143992" text="ЖЖ"><tfr rev_id="4168071" t="ЖЖ"><v><l id="389060" t="жж"><g v="NOUN"></g><g v="inan"></g><g v="masc"></g><g v="Fixd"></g><g v="Abbr"></g><g v="Sgtm"></g><g v="sing"></g><g v="gent"></g></l></v></tfr></token><token id="143993" text="zyalt"><tfr rev_id="2469044" t="zyalt"><v><l id="0" t="zyalt"><g v="LATN"></g></l></v></tfr></token><token id="143994" text="сообщает"><tfr rev_id="978819" t="сообщает"><v><l id="329538" t="сообщаю"><g v="VERB"></g><g v="impf"></g><g v="tran"></g><g v="sing"></g><g v="3per"></g><g v="pres"></g><g v="indc"></g></l></v></tfr></token><token id="143995" text=","><tfr rev_id="978820" t=","><v><l id="0" t=","><g v="PNCT"></g></l></v></tfr></token><token id="143996" text="что"><tfr rev_id="3192337" t="что"><v><l id="377004" t="что"><g v="CONJ"></g></l></v><v><l id="377005" t="что"><g v="NPRO"></g><g v="neut"></g><g v="sing"></g><g v="nomn"></g></l></v><v><l id="377005" t="что"><g v="NPRO"></g><g v="neut"></g><g v="sing"></g><g v="accs"></g></l></v><v><l id="377006" t="что"><g v="ADVB"></g><g v="Ques"></g></l></v><v><l id="388695" t="что"><g v="PRCL"></g></l></v></tfr></token><token id="143997" text="среди"><tfr rev_id="978822" t="среди"><v><l id="333473" t="среди"><g v="PREP"></g></l></v></tfr></token><token id="143998" text="задержанных"><tfr rev_id="4137566" t="задержанных"><v><l id="101572" t="задержанный"><g v="PRTF"></g><g v="Subx"></g><g v="perf"></g><g v="tran"></g><g v="past"></g><g v="pssv"></g><g v="plur"></g><g v="gent"></g></l></v></tfr></token><token id="143999" text="оказался"><tfr rev_id="978824" t="оказался"><v><l id="204462" t="оказался"><g v="VERB"></g><g v="perf"></g><g v="intr"></g><g v="masc"></g><g v="sing"></g><g v="past"></g><g v="indc"></g></l></v></tfr></token><token id="144000" text="депутат"><tfr rev_id="978825" t="депутат"><v><l id="81561" t="депутат"><g v="NOUN"></g><g v="anim"></g><g v="masc"></g><g v="sing"></g><g v="nomn"></g></l></v></tfr></token><token id="144001" text="муниципального"><tfr rev_id="3477522" t="муниципального"><v><l id="165075" t="муниципальный"><g v="ADJF"></g><g v="neut"></g><g v="sing"></g><g v="gent"></g></l></v></tfr></token><token id="144002" text="собрания"><tfr rev_id="3455739" t="собрания"><v><l id="327807" t="собрание"><g v="NOUN"></g><g v="inan"></g><g v="neut"></g><g v="sing"></g><g v="gent"></g></l></v></tfr></token><token id="144003" text="района"><tfr rev_id="978828" t="района"><v><l id="297595" t="район"><g v="NOUN"></g><g v="inan"></g><g v="masc"></g><g v="sing"></g><g v="gent"></g></l></v></tfr></token><token id="144004" text="Отрадное"><tfr rev_id="3416885" t="Отрадное"><v><l id="217282" t="отрадное"><g v="NOUN"></g><g v="inan"></g><g v="neut"></g><g v="Geox"></g><g v="sing"></g><g v="nomn"></g></l></v><v><l id="217282" t="отрадное"><g v="NOUN"></g><g v="inan"></g><g v="neut"></g><g v="Geox"></g><g v="sing"></g><g v="accs"></g></l></v></tfr></token><token id="144005" text=","><tfr rev_id="978830" t=","><v><l id="0" t=","><g v="PNCT"></g></l></v></tfr></token><token id="144006" text="сопредседатель"><tfr rev_id="978831" t="сопредседатель"><v><l id="329807" t="сопредседатель"><g v="NOUN"></g><g v="anim"></g><g v="masc"></g><g v="sing"></g><g v="nomn"></g></l></v></tfr></token><token id="144007" text="московского"><tfr rev_id="4462507" t="московского"><v><l id="163933" t="московский"><g v="ADJF"></g><g v="neut"></g><g v="sing"></g><g v="gent"></g></l></v></tfr></token><token id="144008" text="отделения"><tfr rev_id="3444172" t="отделения"><v><l id="213368" t="отделение"><g v="NOUN"></g><g v="inan"></g><g v="neut"></g><g v="sing"></g><g v="gent"></g></l></v></tfr></token><token id="144009" text="движения"><tfr rev_id="2372478" t="движения"><v><l id="78833" t="движение"><g v="NOUN"></g><g v="inan"></g><g v="neut"></g><g v="sing"></g><g v="gent"></g></l></v></tfr></token><token id="144010" text="«"><tfr rev_id="2426621" t="«"><v><l id="0" t="«"><g v="PNCT"></g></l></v></tfr></token><token id="144011" text="Солидарность"><tfr rev_id="978836" t="Солидарность"><v><l id="328997" t="солидарность"><g v="NOUN"></g><g v="inan"></g><g v="femn"></g><g v="sing"></g><g v="nomn"></g></l></v><v><l id="328997" t="солидарность"><g v="NOUN"></g><g v="inan"></g><g v="femn"></g><g v="sing"></g><g v="accs"></g></l></v></tfr></token><token id="144012" text="»"><tfr rev_id="2426622" t="»"><v><l id="0" t="»"><g v="PNCT"></g></l></v></tfr></token><token id="144013" text="Михаил"><tfr rev_id="978838" t="Михаил"><v><l id="161195" t="михаил"><g v="NOUN"></g><g v="anim"></g><g v="masc"></g><g v="Name"></g><g v="sing"></g><g v="nomn"></g></l></v></tfr></token><token id="144014" text="Вельмакин"><tfr rev_id="978839" t="Вельмакин"><v><l id="0" t="вельмакин"><g v="UNKN"></g></l></v></tfr></token><token id="144015" text=","><tfr rev_id="978840" t=","><v><l id="0" t=","><g v="PNCT"></g></l></v></tfr></token><token id="144016" text="известный"><tfr rev_id="978841" t="известный"><v><l id="118144" t="известный"><g v="ADJF"></g><g v="Qual"></g><g v="masc"></g><g v="sing"></g><g v="nomn"></g></l></v><v><l id="118144" t="известный"><g v="ADJF"></g><g v="Qual"></g><g v="inan"></g><g v="masc"></g><g v="sing"></g><g v="accs"></g></l></v></tfr></token><token id="144017" text="правозащитник"><tfr rev_id="978842" t="правозащитник"><v><l id="265706" t="правозащитник"><g v="NOUN"></g><g v="anim"></g><g v="masc"></g><g v="sing"></g><g v="nomn"></g></l></v></tfr></token><token id="144018" text="Лев"><tfr rev_id="4469644" t="Лев"><v><l id="147318" t="лев"><g v="NOUN"></g><g v="anim"></g><g v="masc"></g><g v="Name"></g><g v="sing"></g><g v="nomn"></g></l></v></tfr></token><token id="144019" text="Пономарев"><tfr rev_id="3722501" t="Пономарев"><v><l id="258506" t="пономарёв"><g v="NOUN"></g><g v="anim"></g><g v="masc"></g><g v="Sgtm"></g><g v="Surn"></g><g v="sing"></g><g v="nomn"></g></l></v></tfr></token><token id="144020" text=","><tfr rev_id="978845" t=","><v><l id="0" t=","><g v="PNCT"></g></l></v></tfr></token><token id="144021" text="координатор"><tfr rev_id="978846" t="координатор"><v><l id="139130" t="координатор"><g v="NOUN"></g><g v="anim"></g><g v="masc"></g><g v="sing"></g><g v="nomn"></g></l></v></tfr></token><token id="144022" text="движения"><tfr rev_id="4100120" t="движения"><v><l id="78833" t="движение"><g v="NOUN"></g><g v="inan"></g><g v="neut"></g><g v="sing"></g><g v="gent"></g></l></v></tfr></token><token id="144023" text="«"><tfr rev_id="2426623" t="«"><v><l id="0" t="«"><g v="PNCT"></g></l></v></tfr></token><token id="144024" text="Левый"><tfr rev_id="4237684" t="Левый"><v><l id="147433" t="левый"><g v="ADJF"></g><g v="Qual"></g><g v="masc"></g><g v="sing"></g><g v="nomn"></g></l></v><v><l id="147433" t="левый"><g v="ADJF"></g><g v="Qual"></g><g v="inan"></g><g v="masc"></g><g v="sing"></g><g v="accs"></g></l></v></tfr></token><token id="144025" text="фронт"><tfr rev_id="3300957" t="фронт"><v><l id="368357" t="фронт"><g v="NOUN"></g><g v="inan"></g><g v="masc"></g><g v="sing"></g><g v="nomn"></g></l></v></tfr></token><token id="144026" text="»"><tfr rev_id="2426624" t="»"><v><l id="0" t="»"><g v="PNCT"></g></l></v></tfr></token><token id="144027" text="Сергей"><tfr rev_id="978852" t="Сергей"><v><l id="319056" t="сергей"><g v="NOUN"></g><g v="anim"></g><g v="masc"></g><g v="Name"></g><g v="sing"></g><g v="nomn"></g></l></v></tfr></token><token id="144028" text="Удальцов"><tfr rev_id="3433336" t="Удальцов"><v><l id="354657" t="удальцов"><g v="NOUN"></g><g v="anim"></g><g v="masc"></g><g v="Sgtm"></g><g v="Surn"></g><g v="sing"></g><g v="nomn"></g></l></v></tfr></token><token id="144029" text="."><tfr rev_id="978854" t="."><v><l id="0" t="."><g v="PNCT"></g></l></v></tfr></token></tokens></sentence></paragraph><paragraph id="2383"><sentence id="7537"><source>Организаторами акции выступили движение «За права человека», Союз координационных советов (СКС), институт «Коллективное действие», «Жилищная солидарность», Движение общежитий Москвы, Движение в защиту Химкинского леса, движение «Московский совет», «Координационный совет пострадавших соинвесторов».</source><tokens><token id="144030" text="Организаторами"><tfr rev_id="978855" t="Организаторами"><v><l id="208741" t="организатор"><g v="NOUN"></g><g v="anim"></g><g v="masc"></g><g v="plur"></g><g v="ablt"></g></l></v></tfr></token><token id="144031" text="акции"><tfr rev_id="4280929" t="акции"><v><l id="7961" t="акция"><g v="NOUN"></g><g v="inan"></g><g v="femn"></g><g v="sing"></g><g v="gent"></g></l></v></tfr></token><token id="144032" text="выступили"><tfr rev_id="978857" t="выступили"><v><l id="62885" t="выступил"><g v="VERB"></g><g v="perf"></g><g v="intr"></g><g v="plur"></g><g v="past"></g><g v="indc"></g></l></v></tfr></token><token id="144033" text="движение"><tfr rev_id="3478130" t="движение"><v><l id="78833" t="движение"><g v="NOUN"></g><g v="inan"></g><g v="neut"></g><g v="sing"></g><g v="nomn"></g></l></v></tfr></token><token id="144034" text="«"><tfr rev_id="2426625" t="«"><v><l id="0" t="«"><g v="PNCT"></g></l></v></tfr></token><token id="144035" text="За"><tfr rev_id="978860" t="За"><v><l id="98043" t="за"><g v="PREP"></g></l></v></tfr></token><token id="144036" text="права"><tfr rev_id="3800393" t="права"><v><l id="265680" t="право"><g v="NOUN"></g><g v="inan"></g><g v="neut"></g><g v="plur"></g><g v="accs"></g></l></v></tfr></token><token id="144037" text="человека"><tfr rev_id="3689810" t="человека"><v><l id="375073" t="человек"><g v="NOUN"></g><g v="anim"></g><g v="masc"></g><g v="sing"></g><g v="gent"></g></l></v></tfr></token><token id="144038" text="»"><tfr rev_id="2426626" t="»"><v><l id="0" t="»"><g v="PNCT"></g></l></v></tfr></token><token id="144039" text=","><tfr rev_id="978864" t=","><v><l id="0" t=","><g v="PNCT"></g></l></v></tfr></token><token id="144040" text="Союз"><tfr rev_id="978865" t="Союз"><v><l id="331314" t="союз"><g v="NOUN"></g><g v="inan"></g><g v="masc"></g><g v="sing"></g><g v="nomn"></g></l></v><v><l id="331314" t="союз"><g v="NOUN"></g><g v="inan"></g><g v="masc"></g><g v="sing"></g><g v="accs"></g></l></v></tfr></token><token id="144041" text="координационных"><tfr rev_id="3532631" t="координационных"><v><l id="139131" t="координационный"><g v="ADJF"></g><g v="plur"></g><g v="gent"></g></l></v></tfr></token><token id="144042" text="советов"><tfr rev_id="978867" t="советов"><v><l id="327955" t="совет"><g v="NOUN"></g><g v="inan"></g><g v="masc"></g><g v="plur"></g><g v="gent"></g></l></v></tfr></token><token id="144043" text="("><tfr rev_id="978868" t="("><v><l id="0" t="("><g v="PNCT"></g></l></v></tfr></token><token id="144044" text="СКС"><tfr rev_id="978869" t="СКС"><v><l id="0" t="скс"><g v="UNKN"></g></l></v></tfr></token><token id="144045" text=")"><tfr rev_id="978870" t=")"><v><l id="0" t=")"><g v="PNCT"></g></l></v></tfr></token><token id="144046" text=","><tfr rev_id="978871" t=","><v><l id="0" t=","><g v="PNCT"></g></l></v></tfr></token><token id="144047" text="институт"><tfr rev_id="4094053" t="институт"><v><l id="122879" t="институт"><g v="NOUN"></g><g v="inan"></g><g v="masc"></g><g v="sing"></g><g v="nomn"></g></l></v></tfr></token><token id="144048" text="«"><tfr rev_id="2426627" t="«"><v><l id="0" t="«"><g v="PNCT"></g></l></v></tfr></token><token id="144049" text="Коллективное"><tfr rev_id="2782732" t="Коллективное"><v><l id="136048" t="коллективный"><g v="ADJF"></g><g v="neut"></g><g v="sing"></g><g v="nomn"></g></l></v></tfr></token><token id="144050" text="действие"><tfr rev_id="3662125" t="действие"><v><l id="80091" t="действие"><g v="NOUN"></g><g v="inan"></g><g v="neut"></g><g v="sing"></g><g v="nomn"></g></l></v></tfr></token><token id="144051" text="»"><tfr rev_id="2426628" t="»"><v><l id="0" t="»"><g v="PNCT"></g></l></v></tfr></token><token id="144052" text=","><tfr rev_id="978877" t=","><v><l id="0" t=","><g v="PNCT"></g></l></v></tfr></token><token id="144053" text="«"><tfr rev_id="2426629" t="«"><v><l id="0" t="«"><g v="PNCT"></g></l></v></tfr></token><token id="144054" text="Жилищная"><tfr rev_id="978879" t="Жилищная"><v><l id="97368" t="жилищный"><g v="ADJF"></g><g v="Qual"></g><g v="femn"></g><g v="sing"></g><g v="nomn"></g></l></v></tfr></token><token id="144055" text="солидарность"><tfr rev_id="3547547" t="солидарность"><v><l id="328997" t="солидарность"><g v="NOUN"></g><g v="inan"></g><g v="femn"></g><g v="sing"></g><g v="nomn"></g></l></v></tfr></token><token id="144056" text="»"><tfr rev_id="2426630" t="»"><v><l id="0" t="»"><g v="PNCT"></g></l></v></tfr></token><token id="144057" text=","><tfr rev_id="978882" t=","><v><l id="0" t=","><g v="PNCT"></g></l></v></tfr></token><token id="144058" text="Движение"><tfr rev_id="978883" t="Движение"><v><l id="78833" t="движение"><g v="NOUN"></g><g v="inan"></g><g v="neut"></g><g v="sing"></g><g v="nomn"></g></l></v><v><l id="78833" t="движение"><g v="NOUN"></g><g v="inan"></g><g v="neut"></g><g v="sing"></g><g v="accs"></g></l></v></tfr></token><token id="144059" text="общежитий"><tfr rev_id="978884" t="общежитий"><v><l id="201448" t="общежитие"><g v="NOUN"></g><g v="inan"></g><g v="neut"></g><g v="plur"></g><g v="gent"></g></l></v></tfr></token><token id="144060" text="Москвы"><tfr rev_id="978885" t="Москвы"><v><l id="163901" t="москва"><g v="NOUN"></g><g v="inan"></g><g v="femn"></g><g v="Sgtm"></g><g v="Geox"></g><g v="sing"></g><g v="gent"></g></l></v></tfr></token><token id="144061" text=","><tfr rev_id="978886" t=","><v><l id="0" t=","><g v="PNCT"></g></l></v></tfr></token><token id="144062" text="Движение"><tfr rev_id="978887" t="Движение"><v><l id="78833" t="движение"><g v="NOUN"></g><g v="inan"></g><g v="neut"></g><g v="sing"></g><g v="nomn"></g></l></v><v><l id="78833" t="движение"><g v="NOUN"></g><g v="inan"></g><g v="neut"></g><g v="sing"></g><g v="accs"></g></l></v></tfr></token><token id="144063" text="в"><tfr rev_id="978888" t="в"><v><l id="37409" t="в"><g v="PREP"></g></l></v></tfr></token><token id="144064" text="защиту"><tfr rev_id="978889" t="защиту"><v><l id="114235" t="защита"><g v="NOUN"></g><g v="inan"></g><g v="femn"></g><g v="sing"></g><g v="accs"></g></l></v></tfr></token><token id="144065" text="Химкинского"><tfr rev_id="3673594" t="Химкинского"><v><l id="370211" t="химкинский"><g v="ADJF"></g><g v="masc"></g><g v="sing"></g><g v="gent"></g></l></v><v><l id="370211" t="химкинский"><g v="ADJF"></g><g v="anim"></g><g v="masc"></g><g v="sing"></g><g v="accs"></g></l></v></tfr></token><token id="144066" text="леса"><tfr rev_id="4256919" t="леса"><v><l id="148350" t="лес"><g v="NOUN"></g><g v="inan"></g><g v="masc"></g><g v="sing"></g><g v="gen1"></g></l></v></tfr></token><token id="144067" text=","><tfr rev_id="978892" t=","><v><l id="0" t=","><g v="PNCT"></g></l></v></tfr></token><token id="144068" text="движение"><tfr rev_id="3689174" t="движение"><v><l id="78833" t="движение"><g v="NOUN"></g><g v="inan"></g><g v="neut"></g><g v="sing"></g><g v="nomn"></g></l></v></tfr></token><token id="144069" text="«"><tfr rev_id="2426631" t="«"><v><l id="0" t="«"><g v="PNCT"></g></l></v></tfr></token><token id="144070" text="Московский"><tfr rev_id="3411800" t="Московский"><v><l id="163933" t="московский"><g v="ADJF"></g><g v="masc"></g><g v="sing"></g><g v="nomn"></g></l></v><v><l id="163933" t="московский"><g v="ADJF"></g><g v="inan"></g><g v="masc"></g><g v="sing"></g><g v="accs"></g></l></v></tfr></token><token id="144071" text="совет"><tfr rev_id="4212746" t="совет"><v><l id="327955" t="совет"><g v="NOUN"></g><g v="inan"></g><g v="masc"></g><g v="sing"></g><g v="nomn"></g></l></v></tfr></token><token id="144072" text="»"><tfr rev_id="2426632" t="»"><v><l id="0" t="»"><g v="PNCT"></g></l></v></tfr></token><token id="144073" text=","><tfr rev_id="978898" t=","><v><l id="0" t=","><g v="PNCT"></g></l></v></tfr></token><token id="144074" text="«"><tfr rev_id="2426633" t="«"><v><l id="0" t="«"><g v="PNCT"></g></l></v></tfr></token><token id="144075" text="Координационный"><tfr rev_id="978900" t="Координационный"><v><l id="139131" t="координационный"><g v="ADJF"></g><g v="masc"></g><g v="sing"></g><g v="nomn"></g></l></v><v><l id="139131" t="координационный"><g v="ADJF"></g><g v="inan"></g><g v="masc"></g><g v="sing"></g><g v="accs"></g></l></v></tfr></token><token id="144076" text="совет"><tfr rev_id="3537836" t="совет"><v><l id="327955" t="совет"><g v="NOUN"></g><g v="inan"></g><g v="masc"></g><g v="sing"></g><g v="nomn"></g></l></v></tfr></token><token id="144077" text="пострадавших"><tfr rev_id="4464126" t="пострадавших"><v><l id="262437" t="пострадавший"><g v="PRTF"></g><g v="Subx"></g><g v="perf"></g><g v="intr"></g><g v="past"></g><g v="actv"></g><g v="plur"></g><g v="gent"></g></l></v></tfr></token><token id="144078" text="соинвесторов"><tfr rev_id="978903" t="соинвесторов"><v><l id="0" t="соинвесторов"><g v="UNKN"></g></l></v></tfr></token><token id="144079" text="»"><tfr rev_id="2426634" t="»"><v><l id="0" t="»"><g v="PNCT"></g></l></v></tfr></token><token id="144080" text="."><tfr rev_id="978905" t="."><v><l id="0" t="."><g v="PNCT"></g></l></v></tfr></token></tokens></sentence></paragraph></paragraphs></text>