<?xml version="1.0" encoding="utf-8"?><text id="1010" parent="226" name="24465 Решение принято и обсуждению не подлежит"><tags><tag>url:http://www.chaskor.ru/news/reshenie_prinyato_i_obsuzhdeniyu_ne_podlezhit_24465</tag><tag>Год:2011</tag><tag>Дата:16/08</tag><tag>Тема:ЧасКор:Общество</tag><tag>Тема:ЧасКор:Общество/Инфраструктура</tag></tags><paragraphs><paragraph id="9939"><sentence id="31118"><source>Решение принято и обсуждению не подлежит</source><tokens><token id="557813" text="Решение"><tfr rev_id="4105192" t="Решение"><v><l id="307350" t="решение"><g v="NOUN"></g><g v="inan"></g><g v="neut"></g><g v="sing"></g><g v="nomn"></g></l></v></tfr></token><token id="557814" text="принято"><tfr rev_id="1390897" t="принято"><v><l id="272699" t="принят"><g v="ADJS"></g><g v="neut"></g><g v="sing"></g></l></v><v><l id="272704" t="принят"><g v="PRTS"></g><g v="perf"></g><g v="past"></g><g v="pssv"></g><g v="neut"></g><g v="sing"></g></l></v></tfr></token><token id="557815" text="и"><tfr rev_id="3411116" t="и"><v><l id="116949" t="и"><g v="CONJ"></g></l></v></tfr></token><token id="557816" text="обсуждению"><tfr rev_id="1390899" t="обсуждению"><v><l id="200180" t="обсуждение"><g v="NOUN"></g><g v="inan"></g><g v="neut"></g><g v="sing"></g><g v="datv"></g></l></v></tfr></token><token id="557817" text="не"><tfr rev_id="1390900" t="не"><v><l id="178876" t="не"><g v="PRCL"></g></l></v></tfr></token><token id="557818" text="подлежит"><tfr rev_id="1390901" t="подлежит"><v><l id="247038" t="подлежу"><g v="VERB"></g><g v="impf"></g><g v="intr"></g><g v="sing"></g><g v="3per"></g><g v="pres"></g><g v="indc"></g></l></v></tfr></token></tokens></sentence><sentence id="31119"><source>Президент не позволил мэру Москвы усомниться в том, что идея переселения чиновников из центра столицы в область будет реализована.</source><tokens><token id="557819" text="Президент"><tfr rev_id="1390902" t="Президент"><v><l id="267449" t="президент"><g v="NOUN"></g><g v="anim"></g><g v="masc"></g><g v="sing"></g><g v="nomn"></g></l></v></tfr></token><token id="557820" text="не"><tfr rev_id="1390903" t="не"><v><l id="178876" t="не"><g v="PRCL"></g></l></v></tfr></token><token id="557821" text="позволил"><tfr rev_id="1390904" t="позволил"><v><l id="253425" t="позволил"><g v="VERB"></g><g v="perf"></g><g v="tran"></g><g v="masc"></g><g v="sing"></g><g v="past"></g><g v="indc"></g></l></v></tfr></token><token id="557822" text="мэру"><tfr rev_id="1390905" t="мэру"><v><l id="165997" t="мэр"><g v="NOUN"></g><g v="anim"></g><g v="masc"></g><g v="sing"></g><g v="datv"></g></l></v></tfr></token><token id="557823" text="Москвы"><tfr rev_id="1390906" t="Москвы"><v><l id="163901" t="москва"><g v="NOUN"></g><g v="inan"></g><g v="femn"></g><g v="Sgtm"></g><g v="Geox"></g><g v="sing"></g><g v="gent"></g></l></v></tfr></token><token id="557824" text="усомниться"><tfr rev_id="1390907" t="усомниться"><v><l id="360799" t="усомниться"><g v="INFN"></g><g v="perf"></g><g v="intr"></g></l></v></tfr></token><token id="557825" text="в"><tfr rev_id="1390908" t="в"><v><l id="37409" t="в"><g v="PREP"></g></l></v></tfr></token><token id="557826" text="том"><tfr rev_id="4308383" t="том"><v><l id="348430" t="тот"><g v="ADJF"></g><g v="Subx"></g><g v="Apro"></g><g v="Anph"></g><g v="neut"></g><g v="sing"></g><g v="loct"></g></l></v></tfr></token><token id="557827" text=","><tfr rev_id="1390910" t=","><v><l id="0" t=","><g v="PNCT"></g></l></v></tfr></token><token id="557828" text="что"><tfr rev_id="3196434" t="что"><v><l id="377004" t="что"><g v="CONJ"></g></l></v><v><l id="377005" t="что"><g v="NPRO"></g><g v="neut"></g><g v="sing"></g><g v="nomn"></g></l></v><v><l id="377005" t="что"><g v="NPRO"></g><g v="neut"></g><g v="sing"></g><g v="accs"></g></l></v><v><l id="377006" t="что"><g v="ADVB"></g><g v="Ques"></g></l></v><v><l id="388695" t="что"><g v="PRCL"></g></l></v></tfr></token><token id="557829" text="идея"><tfr rev_id="1390912" t="идея"><v><l id="117499" t="идея"><g v="NOUN"></g><g v="inan"></g><g v="femn"></g><g v="sing"></g><g v="nomn"></g></l></v></tfr></token><token id="557830" text="переселения"><tfr rev_id="3440505" t="переселения"><v><l id="234024" t="переселение"><g v="NOUN"></g><g v="inan"></g><g v="neut"></g><g v="sing"></g><g v="gent"></g></l></v></tfr></token><token id="557831" text="чиновников"><tfr rev_id="4355767" t="чиновников"><v><l id="376482" t="чиновник"><g v="NOUN"></g><g v="anim"></g><g v="masc"></g><g v="plur"></g><g v="gent"></g></l></v></tfr></token><token id="557832" text="из"><tfr rev_id="1718089" t="из"><v><l id="117677" t="из"><g v="PREP"></g></l></v></tfr></token><token id="557833" text="центра"><tfr rev_id="1390916" t="центра"><v><l id="373369" t="центр"><g v="NOUN"></g><g v="inan"></g><g v="masc"></g><g v="sing"></g><g v="gent"></g></l></v></tfr></token><token id="557834" text="столицы"><tfr rev_id="3431954" t="столицы"><v><l id="336588" t="столица"><g v="NOUN"></g><g v="inan"></g><g v="femn"></g><g v="sing"></g><g v="gent"></g></l></v></tfr></token><token id="557835" text="в"><tfr rev_id="1390918" t="в"><v><l id="37409" t="в"><g v="PREP"></g></l></v></tfr></token><token id="557836" text="область"><tfr rev_id="3530735" t="область"><v><l id="196229" t="область"><g v="NOUN"></g><g v="inan"></g><g v="femn"></g><g v="sing"></g><g v="accs"></g></l></v></tfr></token><token id="557837" text="будет"><tfr rev_id="1390920" t="будет"><v><l id="37265" t="есть"><g v="VERB"></g><g v="impf"></g><g v="intr"></g><g v="sing"></g><g v="3per"></g><g v="futr"></g><g v="indc"></g></l></v></tfr></token><token id="557838" text="реализована"><tfr rev_id="1390921" t="реализована"><v><l id="304419" t="реализован"><g v="PRTS"></g><g v="perf"></g><g v="past"></g><g v="pssv"></g><g v="femn"></g><g v="sing"></g></l></v><v><l id="304420" t="реализован"><g v="PRTS"></g><g v="impf"></g><g v="past"></g><g v="pssv"></g><g v="femn"></g><g v="sing"></g></l></v></tfr></token><token id="557839" text="."><tfr rev_id="1390922" t="."><v><l id="0" t="."><g v="PNCT"></g></l></v></tfr></token></tokens></sentence></paragraph><paragraph id="9940"><sentence id="31120"><source>Дмитрий Медведев на встрече с Сергеем Собяниным дал однозначно понять, что ранее высказанная им идея переселения федеральных чиновников из центра столицы в область будет реализована.</source><tokens><token id="557840" text="Дмитрий"><tfr rev_id="3446589" t="Дмитрий"><v><l id="85055" t="дмитрий"><g v="NOUN"></g><g v="anim"></g><g v="masc"></g><g v="Name"></g><g v="sing"></g><g v="nomn"></g></l></v></tfr></token><token id="557841" text="Медведев"><tfr rev_id="1390924" t="Медведев"><v><l id="156959" t="медведев"><g v="NOUN"></g><g v="anim"></g><g v="masc"></g><g v="Sgtm"></g><g v="Surn"></g><g v="sing"></g><g v="nomn"></g></l></v></tfr></token><token id="557842" text="на"><tfr rev_id="3475299" t="на"><v><l id="166264" t="на"><g v="PREP"></g></l></v></tfr></token><token id="557843" text="встрече"><tfr rev_id="2737454" t="встрече"><v><l id="54530" t="встреча"><g v="NOUN"></g><g v="inan"></g><g v="femn"></g><g v="sing"></g><g v="loct"></g></l></v></tfr></token><token id="557844" text="с"><tfr rev_id="1390927" t="с"><v><l id="311151" t="с"><g v="PREP"></g></l></v></tfr></token><token id="557845" text="Сергеем"><tfr rev_id="1390928" t="Сергеем"><v><l id="319056" t="сергей"><g v="NOUN"></g><g v="anim"></g><g v="masc"></g><g v="Name"></g><g v="sing"></g><g v="ablt"></g></l></v></tfr></token><token id="557846" text="Собяниным"><tfr rev_id="3453396" t="Собяниным"><v><l id="327857" t="собянин"><g v="NOUN"></g><g v="anim"></g><g v="masc"></g><g v="Sgtm"></g><g v="Surn"></g><g v="sing"></g><g v="ablt"></g></l></v></tfr></token><token id="557847" text="дал"><tfr rev_id="1390930" t="дал"><v><l id="78546" t="дал"><g v="VERB"></g><g v="perf"></g><g v="tran"></g><g v="masc"></g><g v="sing"></g><g v="past"></g><g v="indc"></g></l></v></tfr></token><token id="557848" text="однозначно"><tfr rev_id="1390931" t="однозначно"><v><l id="203418" t="однозначно"><g v="ADVB"></g></l></v><v><l id="203421" t="однозначен"><g v="ADJS"></g><g v="neut"></g><g v="sing"></g></l></v></tfr></token><token id="557849" text="понять"><tfr rev_id="1390932" t="понять"><v><l id="258712" t="понять"><g v="INFN"></g><g v="perf"></g><g v="tran"></g></l></v></tfr></token><token id="557850" text=","><tfr rev_id="1390933" t=","><v><l id="0" t=","><g v="PNCT"></g></l></v></tfr></token><token id="557851" text="что"><tfr rev_id="3196435" t="что"><v><l id="377004" t="что"><g v="CONJ"></g></l></v><v><l id="377005" t="что"><g v="NPRO"></g><g v="neut"></g><g v="sing"></g><g v="nomn"></g></l></v><v><l id="377005" t="что"><g v="NPRO"></g><g v="neut"></g><g v="sing"></g><g v="accs"></g></l></v><v><l id="377006" t="что"><g v="ADVB"></g><g v="Ques"></g></l></v><v><l id="388695" t="что"><g v="PRCL"></g></l></v></tfr></token><token id="557852" text="ранее"><tfr rev_id="1390935" t="ранее"><v><l id="297884" t="ранее"><g v="ADVB"></g></l></v></tfr></token><token id="557853" text="высказанная"><tfr rev_id="1390936" t="высказанная"><v><l id="61879" t="высказанный"><g v="PRTF"></g><g v="perf"></g><g v="tran"></g><g v="past"></g><g v="pssv"></g><g v="femn"></g><g v="sing"></g><g v="nomn"></g></l></v></tfr></token><token id="557854" text="им"><tfr rev_id="4530280" t="им"><v><l id="206541" t="он"><g v="NPRO"></g><g v="masc"></g><g v="3per"></g><g v="Anph"></g><g v="sing"></g><g v="ablt"></g></l></v><v><l id="206649" t="оно"><g v="NPRO"></g><g v="neut"></g><g v="3per"></g><g v="Anph"></g><g v="sing"></g><g v="ablt"></g></l></v></tfr></token><token id="557855" text="идея"><tfr rev_id="1390938" t="идея"><v><l id="117499" t="идея"><g v="NOUN"></g><g v="inan"></g><g v="femn"></g><g v="sing"></g><g v="nomn"></g></l></v></tfr></token><token id="557856" text="переселения"><tfr rev_id="3494896" t="переселения"><v><l id="234024" t="переселение"><g v="NOUN"></g><g v="inan"></g><g v="neut"></g><g v="sing"></g><g v="gent"></g></l></v></tfr></token><token id="557857" text="федеральных"><tfr rev_id="4400700" t="федеральных"><v><l id="364933" t="федеральный"><g v="ADJF"></g><g v="plur"></g><g v="gent"></g></l></v></tfr></token><token id="557858" text="чиновников"><tfr rev_id="3823057" t="чиновников"><v><l id="376482" t="чиновник"><g v="NOUN"></g><g v="anim"></g><g v="masc"></g><g v="plur"></g><g v="gent"></g></l></v></tfr></token><token id="557859" text="из"><tfr rev_id="1671316" t="из"><v><l id="117677" t="из"><g v="PREP"></g></l></v></tfr></token><token id="557860" text="центра"><tfr rev_id="1390943" t="центра"><v><l id="373369" t="центр"><g v="NOUN"></g><g v="inan"></g><g v="masc"></g><g v="sing"></g><g v="gent"></g></l></v></tfr></token><token id="557861" text="столицы"><tfr rev_id="3492524" t="столицы"><v><l id="336588" t="столица"><g v="NOUN"></g><g v="inan"></g><g v="femn"></g><g v="sing"></g><g v="gent"></g></l></v></tfr></token><token id="557862" text="в"><tfr rev_id="1390945" t="в"><v><l id="37409" t="в"><g v="PREP"></g></l></v></tfr></token><token id="557863" text="область"><tfr rev_id="4360072" t="область"><v><l id="196229" t="область"><g v="NOUN"></g><g v="inan"></g><g v="femn"></g><g v="sing"></g><g v="accs"></g></l></v></tfr></token><token id="557864" text="будет"><tfr rev_id="1390947" t="будет"><v><l id="37265" t="есть"><g v="VERB"></g><g v="impf"></g><g v="intr"></g><g v="sing"></g><g v="3per"></g><g v="futr"></g><g v="indc"></g></l></v></tfr></token><token id="557865" text="реализована"><tfr rev_id="1390948" t="реализована"><v><l id="304419" t="реализован"><g v="PRTS"></g><g v="perf"></g><g v="past"></g><g v="pssv"></g><g v="femn"></g><g v="sing"></g></l></v><v><l id="304420" t="реализован"><g v="PRTS"></g><g v="impf"></g><g v="past"></g><g v="pssv"></g><g v="femn"></g><g v="sing"></g></l></v></tfr></token><token id="557866" text="."><tfr rev_id="1390949" t="."><v><l id="0" t="."><g v="PNCT"></g></l></v></tfr></token></tokens></sentence><sentence id="31121"><source>Говоря о развитии транспортных магистралей в Москве, столичный градоначальник неоднозначно сформулировал одно из положений и тут же получил строгое замечание главы государства.</source><tokens><token id="557867" text="Говоря"><tfr rev_id="1390950" t="Говоря"><v><l id="72061" t="говоря"><g v="GRND"></g><g v="impf"></g><g v="tran"></g><g v="pres"></g></l></v></tfr></token><token id="557868" text="о"><tfr rev_id="3226579" t="о"><v><l id="192977" t="о"><g v="PREP"></g></l></v></tfr></token><token id="557869" text="развитии"><tfr rev_id="1390952" t="развитии"><v><l id="292545" t="развитие"><g v="NOUN"></g><g v="inan"></g><g v="neut"></g><g v="sing"></g><g v="loct"></g></l></v></tfr></token><token id="557870" text="транспортных"><tfr rev_id="3671161" t="транспортных"><v><l id="349185" t="транспортный"><g v="ADJF"></g><g v="plur"></g><g v="gent"></g></l></v></tfr></token><token id="557871" text="магистралей"><tfr rev_id="1390954" t="магистралей"><v><l id="152631" t="магистраль"><g v="NOUN"></g><g v="inan"></g><g v="femn"></g><g v="plur"></g><g v="gent"></g></l></v></tfr></token><token id="557872" text="в"><tfr rev_id="1390955" t="в"><v><l id="37409" t="в"><g v="PREP"></g></l></v></tfr></token><token id="557873" text="Москве"><tfr rev_id="3555093" t="Москве"><v><l id="163901" t="москва"><g v="NOUN"></g><g v="inan"></g><g v="femn"></g><g v="Sgtm"></g><g v="Geox"></g><g v="sing"></g><g v="loct"></g></l></v></tfr></token><token id="557874" text=","><tfr rev_id="1390957" t=","><v><l id="0" t=","><g v="PNCT"></g></l></v></tfr></token><token id="557875" text="столичный"><tfr rev_id="1390958" t="столичный"><v><l id="336589" t="столичный"><g v="ADJF"></g><g v="Qual"></g><g v="masc"></g><g v="sing"></g><g v="nomn"></g></l></v><v><l id="336589" t="столичный"><g v="ADJF"></g><g v="Qual"></g><g v="inan"></g><g v="masc"></g><g v="sing"></g><g v="accs"></g></l></v></tfr></token><token id="557876" text="градоначальник"><tfr rev_id="1390959" t="градоначальник"><v><l id="74487" t="градоначальник"><g v="NOUN"></g><g v="anim"></g><g v="masc"></g><g v="sing"></g><g v="nomn"></g></l></v></tfr></token><token id="557877" text="неоднозначно"><tfr rev_id="3647367" t="неоднозначно"><v><l id="184935" t="неоднозначен"><g v="ADJS"></g><g v="neut"></g><g v="sing"></g></l></v><v><l id="389309" t="неоднозначно"><g v="ADVB"></g></l></v></tfr></token><token id="557878" text="сформулировал"><tfr rev_id="1390961" t="сформулировал"><v><l id="340653" t="сформулировал"><g v="VERB"></g><g v="perf"></g><g v="tran"></g><g v="masc"></g><g v="sing"></g><g v="past"></g><g v="indc"></g></l></v></tfr></token><token id="557879" text="одно"><tfr rev_id="4303068" t="одно"><v><l id="203319" t="один"><g v="ADJF"></g><g v="Apro"></g><g v="Anum"></g><g v="neut"></g><g v="sing"></g><g v="nomn"></g></l></v><v><l id="203319" t="один"><g v="ADJF"></g><g v="Apro"></g><g v="Anum"></g><g v="neut"></g><g v="sing"></g><g v="accs"></g></l></v></tfr></token><token id="557880" text="из"><tfr rev_id="2603968" t="из"><v><l id="117677" t="из"><g v="PREP"></g></l></v></tfr></token><token id="557881" text="положений"><tfr rev_id="3753025" t="положений"><v><l id="256255" t="положение"><g v="NOUN"></g><g v="inan"></g><g v="neut"></g><g v="plur"></g><g v="gent"></g></l></v></tfr></token><token id="557882" text="и"><tfr rev_id="1390965" t="и"><v><l id="116949" t="и"><g v="CONJ"></g></l></v><v><l id="116950" t="и"><g v="INTJ"></g></l></v></tfr></token><token id="557883" text="тут"><tfr rev_id="4151079" t="тут"><v><l id="351923" t="тут"><g v="ADVB"></g><g v="Dmns"></g></l></v></tfr></token><token id="557884" text="же"><tfr rev_id="1390967" t="же"><v><l id="96208" t="же"><g v="CONJ"></g></l></v><v><l id="96209" t="же"><g v="PRCL"></g></l></v></tfr></token><token id="557885" text="получил"><tfr rev_id="1390968" t="получил"><v><l id="256959" t="получил"><g v="VERB"></g><g v="perf"></g><g v="tran"></g><g v="masc"></g><g v="sing"></g><g v="past"></g><g v="indc"></g></l></v></tfr></token><token id="557886" text="строгое"><tfr rev_id="1390969" t="строгое"><v><l id="337642" t="строгий"><g v="ADJF"></g><g v="Qual"></g><g v="neut"></g><g v="sing"></g><g v="nomn"></g></l></v><v><l id="337642" t="строгий"><g v="ADJF"></g><g v="Qual"></g><g v="neut"></g><g v="sing"></g><g v="accs"></g></l></v></tfr></token><token id="557887" text="замечание"><tfr rev_id="1390970" t="замечание"><v><l id="105546" t="замечание"><g v="NOUN"></g><g v="inan"></g><g v="neut"></g><g v="sing"></g><g v="nomn"></g></l></v><v><l id="105546" t="замечание"><g v="NOUN"></g><g v="inan"></g><g v="neut"></g><g v="sing"></g><g v="accs"></g></l></v></tfr></token><token id="557888" text="главы"><tfr rev_id="4526226" t="главы"><v><l id="70790" t="глава"><g v="NOUN"></g><g v="anim"></g><g v="ms-f"></g><g v="sing"></g><g v="gent"></g></l></v></tfr></token><token id="557889" text="государства"><tfr rev_id="3283383" t="государства"><v><l id="74164" t="государство"><g v="NOUN"></g><g v="inan"></g><g v="neut"></g><g v="sing"></g><g v="gent"></g></l></v></tfr></token><token id="557890" text="."><tfr rev_id="1390973" t="."><v><l id="0" t="."><g v="PNCT"></g></l></v></tfr></token></tokens></sentence><sentence id="31122"><source>«Если будут переноситься федеральные учреждения на вновь образованную территорию - естественно, будет разгружаться центр, он не будет так загружен», - предположил мэр.</source><tokens><token id="557891" text="«"><tfr rev_id="2441945" t="«"><v><l id="0" t="«"><g v="PNCT"></g></l></v></tfr></token><token id="557892" text="Если"><tfr rev_id="1390975" t="Если"><v><l id="95365" t="если"><g v="CONJ"></g></l></v></tfr></token><token id="557893" text="будут"><tfr rev_id="1390976" t="будут"><v><l id="37265" t="есть"><g v="VERB"></g><g v="impf"></g><g v="intr"></g><g v="plur"></g><g v="3per"></g><g v="futr"></g><g v="indc"></g></l></v></tfr></token><token id="557894" text="переноситься"><tfr rev_id="1390977" t="переноситься"><v><l id="231883" t="переноситься"><g v="INFN"></g><g v="impf"></g><g v="intr"></g></l></v><v><l id="231888" t="переноситься"><g v="INFN"></g><g v="perf"></g><g v="intr"></g></l></v></tfr></token><token id="557895" text="федеральные"><tfr rev_id="4085400" t="федеральные"><v><l id="364933" t="федеральный"><g v="ADJF"></g><g v="plur"></g><g v="nomn"></g></l></v></tfr></token><token id="557896" text="учреждения"><tfr rev_id="3743272" t="учреждения"><v><l id="363361" t="учреждение"><g v="NOUN"></g><g v="inan"></g><g v="neut"></g><g v="plur"></g><g v="nomn"></g></l></v></tfr></token><token id="557897" text="на"><tfr rev_id="3337918" t="на"><v><l id="166264" t="на"><g v="PREP"></g></l></v></tfr></token><token id="557898" text="вновь"><tfr rev_id="1390981" t="вновь"><v><l id="47640" t="вновь"><g v="ADVB"></g></l></v></tfr></token><token id="557899" text="образованную"><tfr rev_id="1390982" t="образованную"><v><l id="198802" t="образованный"><g v="ADJF"></g><g v="Qual"></g><g v="femn"></g><g v="sing"></g><g v="accs"></g></l></v><v><l id="198818" t="образованный"><g v="PRTF"></g><g v="perf"></g><g v="tran"></g><g v="past"></g><g v="pssv"></g><g v="femn"></g><g v="sing"></g><g v="accs"></g></l></v><v><l id="198819" t="образованный"><g v="PRTF"></g><g v="impf"></g><g v="tran"></g><g v="past"></g><g v="pssv"></g><g v="femn"></g><g v="sing"></g><g v="accs"></g></l></v></tfr></token><token id="557900" text="территорию"><tfr rev_id="1390983" t="территорию"><v><l id="345621" t="территория"><g v="NOUN"></g><g v="inan"></g><g v="femn"></g><g v="sing"></g><g v="accs"></g></l></v></tfr></token><token id="557901" text="-"><tfr rev_id="1390984" t="-"><v><l id="0" t="-"><g v="PNCT"></g></l></v></tfr></token><token id="557902" text="естественно"><tfr rev_id="4509452" t="естественно"><v><l id="95377" t="естественно"><g v="ADVB"></g></l></v><v><l id="95378" t="естественно"><g v="CONJ"></g><g v="Prnt"></g></l></v><v><l id="95387" t="естествен"><g v="ADJS"></g><g v="Qual"></g><g v="neut"></g><g v="sing"></g></l></v></tfr></token><token id="557903" text=","><tfr rev_id="1390986" t=","><v><l id="0" t=","><g v="PNCT"></g></l></v></tfr></token><token id="557904" text="будет"><tfr rev_id="1390987" t="будет"><v><l id="37265" t="есть"><g v="VERB"></g><g v="impf"></g><g v="intr"></g><g v="sing"></g><g v="3per"></g><g v="futr"></g><g v="indc"></g></l></v></tfr></token><token id="557905" text="разгружаться"><tfr rev_id="1390988" t="разгружаться"><v><l id="293250" t="разгружаться"><g v="INFN"></g><g v="impf"></g><g v="intr"></g></l></v></tfr></token><token id="557906" text="центр"><tfr rev_id="1390989" t="центр"><v><l id="373369" t="центр"><g v="NOUN"></g><g v="inan"></g><g v="masc"></g><g v="sing"></g><g v="nomn"></g></l></v><v><l id="373369" t="центр"><g v="NOUN"></g><g v="inan"></g><g v="masc"></g><g v="sing"></g><g v="accs"></g></l></v></tfr></token><token id="557907" text=","><tfr rev_id="1390990" t=","><v><l id="0" t=","><g v="PNCT"></g></l></v></tfr></token><token id="557908" text="он"><tfr rev_id="3575458" t="он"><v><l id="206541" t="он"><g v="NPRO"></g><g v="masc"></g><g v="3per"></g><g v="Anph"></g><g v="sing"></g><g v="nomn"></g></l></v></tfr></token><token id="557909" text="не"><tfr rev_id="1390992" t="не"><v><l id="178876" t="не"><g v="PRCL"></g></l></v></tfr></token><token id="557910" text="будет"><tfr rev_id="1390993" t="будет"><v><l id="37265" t="есть"><g v="VERB"></g><g v="impf"></g><g v="intr"></g><g v="sing"></g><g v="3per"></g><g v="futr"></g><g v="indc"></g></l></v></tfr></token><token id="557911" text="так"><tfr rev_id="1390994" t="так"><v><l id="342451" t="так"><g v="CONJ"></g></l></v><v><l id="342452" t="так"><g v="PRCL"></g></l></v><v><l id="342453" t="так"><g v="ADVB"></g><g v="Dmns"></g></l></v></tfr></token><token id="557912" text="загружен"><tfr rev_id="1390995" t="загружен"><v><l id="101141" t="загружён"><g v="PRTS"></g><g v="perf"></g><g v="past"></g><g v="pssv"></g><g v="masc"></g><g v="sing"></g><g v="Infr"></g></l></v><v><l id="101141" t="загружён"><g v="PRTS"></g><g v="perf"></g><g v="past"></g><g v="pssv"></g><g v="masc"></g><g v="sing"></g></l></v></tfr></token><token id="557913" text="»"><tfr rev_id="2441946" t="»"><v><l id="0" t="»"><g v="PNCT"></g></l></v></tfr></token><token id="557914" text=","><tfr rev_id="1390997" t=","><v><l id="0" t=","><g v="PNCT"></g></l></v></tfr></token><token id="557915" text="-"><tfr rev_id="1390998" t="-"><v><l id="0" t="-"><g v="PNCT"></g></l></v></tfr></token><token id="557916" text="предположил"><tfr rev_id="1390999" t="предположил"><v><l id="266830" t="предположил"><g v="VERB"></g><g v="perf"></g><g v="tran"></g><g v="masc"></g><g v="sing"></g><g v="past"></g><g v="indc"></g></l></v></tfr></token><token id="557917" text="мэр"><tfr rev_id="1391000" t="мэр"><v><l id="165997" t="мэр"><g v="NOUN"></g><g v="anim"></g><g v="masc"></g><g v="sing"></g><g v="nomn"></g></l></v></tfr></token><token id="557918" text="."><tfr rev_id="1391001" t="."><v><l id="0" t="."><g v="PNCT"></g></l></v></tfr></token></tokens></sentence><sentence id="31123"><source>«Не «если», а будут, это уже приняли», - прервал его речь Дмитрий Медведев.</source><tokens><token id="557919" text="«"><tfr rev_id="2441947" t="«"><v><l id="0" t="«"><g v="PNCT"></g></l></v></tfr></token><token id="557920" text="Не"><tfr rev_id="1391003" t="Не"><v><l id="178876" t="не"><g v="PRCL"></g></l></v></tfr></token><token id="557921" text="«"><tfr rev_id="2441948" t="«"><v><l id="0" t="«"><g v="PNCT"></g></l></v></tfr></token><token id="557922" text="если"><tfr rev_id="1391005" t="если"><v><l id="95365" t="если"><g v="CONJ"></g></l></v></tfr></token><token id="557923" text="»"><tfr rev_id="2441949" t="»"><v><l id="0" t="»"><g v="PNCT"></g></l></v></tfr></token><token id="557924" text=","><tfr rev_id="1391007" t=","><v><l id="0" t=","><g v="PNCT"></g></l></v></tfr></token><token id="557925" text="а"><tfr rev_id="1391008" t="а"><v><l id="51" t="а"><g v="CONJ"></g></l></v><v><l id="52" t="а"><g v="INTJ"></g></l></v><v><l id="53" t="а"><g v="PRCL"></g></l></v></tfr></token><token id="557926" text="будут"><tfr rev_id="1391009" t="будут"><v><l id="37265" t="есть"><g v="VERB"></g><g v="impf"></g><g v="intr"></g><g v="plur"></g><g v="3per"></g><g v="futr"></g><g v="indc"></g></l></v></tfr></token><token id="557927" text=","><tfr rev_id="1391010" t=","><v><l id="0" t=","><g v="PNCT"></g></l></v></tfr></token><token id="557928" text="это"><tfr rev_id="4441410" t="это"><v><l id="386574" t="это"><g v="PRCL"></g></l></v><v><l id="386575" t="это"><g v="NPRO"></g><g v="neut"></g><g v="sing"></g><g v="nomn"></g></l></v><v><l id="386575" t="это"><g v="NPRO"></g><g v="neut"></g><g v="sing"></g><g v="accs"></g></l></v><v><l id="386581" t="этот"><g v="ADJF"></g><g v="Subx"></g><g v="Apro"></g><g v="Anph"></g><g v="neut"></g><g v="sing"></g><g v="nomn"></g></l></v><v><l id="386581" t="этот"><g v="ADJF"></g><g v="Subx"></g><g v="Apro"></g><g v="Anph"></g><g v="neut"></g><g v="sing"></g><g v="accs"></g></l></v></tfr></token><token id="557929" text="уже"><tfr rev_id="2692621" t="уже"><v><l id="355422" t="уж"><g v="NOUN"></g><g v="anim"></g><g v="masc"></g><g v="sing"></g><g v="loct"></g></l></v><v><l id="355498" t="уже"><g v="ADVB"></g></l></v><v><l id="355674" t="уже"><g v="COMP"></g><g v="Qual"></g></l></v><v><l id="388673" t="уже"><g v="PRCL"></g></l></v></tfr></token><token id="557930" text="приняли"><tfr rev_id="1391013" t="приняли"><v><l id="272700" t="принял"><g v="VERB"></g><g v="perf"></g><g v="tran"></g><g v="plur"></g><g v="past"></g><g v="indc"></g></l></v></tfr></token><token id="557931" text="»"><tfr rev_id="2441950" t="»"><v><l id="0" t="»"><g v="PNCT"></g></l></v></tfr></token><token id="557932" text=","><tfr rev_id="1391015" t=","><v><l id="0" t=","><g v="PNCT"></g></l></v></tfr></token><token id="557933" text="-"><tfr rev_id="1391016" t="-"><v><l id="0" t="-"><g v="PNCT"></g></l></v></tfr></token><token id="557934" text="прервал"><tfr rev_id="1391017" t="прервал"><v><l id="268088" t="прервал"><g v="VERB"></g><g v="perf"></g><g v="tran"></g><g v="masc"></g><g v="sing"></g><g v="past"></g><g v="indc"></g></l></v></tfr></token><token id="557935" text="его"><tfr rev_id="4457406" t="его"><v><l id="94208" t="его"><g v="ADJF"></g><g v="Fixd"></g><g v="Apro"></g><g v="Anph"></g><g v="femn"></g><g v="sing"></g><g v="nomn"></g></l></v><v><l id="94208" t="его"><g v="ADJF"></g><g v="Fixd"></g><g v="Apro"></g><g v="Anph"></g><g v="femn"></g><g v="sing"></g><g v="gent"></g></l></v><v><l id="94208" t="его"><g v="ADJF"></g><g v="Fixd"></g><g v="Apro"></g><g v="Anph"></g><g v="femn"></g><g v="sing"></g><g v="datv"></g></l></v><v><l id="94208" t="его"><g v="ADJF"></g><g v="Fixd"></g><g v="Apro"></g><g v="Anph"></g><g v="femn"></g><g v="sing"></g><g v="accs"></g></l></v><v><l id="94208" t="его"><g v="ADJF"></g><g v="Fixd"></g><g v="Apro"></g><g v="Anph"></g><g v="femn"></g><g v="sing"></g><g v="ablt"></g></l></v><v><l id="94208" t="его"><g v="ADJF"></g><g v="Fixd"></g><g v="Apro"></g><g v="Anph"></g><g v="femn"></g><g v="sing"></g><g v="loct"></g></l></v></tfr></token><token id="557936" text="речь"><tfr rev_id="1391019" t="речь"><v><l id="307325" t="речь"><g v="NOUN"></g><g v="inan"></g><g v="femn"></g><g v="sing"></g><g v="nomn"></g></l></v><v><l id="307325" t="речь"><g v="NOUN"></g><g v="inan"></g><g v="femn"></g><g v="sing"></g><g v="accs"></g></l></v></tfr></token><token id="557937" text="Дмитрий"><tfr rev_id="3473558" t="Дмитрий"><v><l id="85055" t="дмитрий"><g v="NOUN"></g><g v="anim"></g><g v="masc"></g><g v="Name"></g><g v="sing"></g><g v="nomn"></g></l></v></tfr></token><token id="557938" text="Медведев"><tfr rev_id="1391021" t="Медведев"><v><l id="156959" t="медведев"><g v="NOUN"></g><g v="anim"></g><g v="masc"></g><g v="Sgtm"></g><g v="Surn"></g><g v="sing"></g><g v="nomn"></g></l></v></tfr></token><token id="557939" text="."><tfr rev_id="1391022" t="."><v><l id="0" t="."><g v="PNCT"></g></l></v></tfr></token></tokens></sentence></paragraph><paragraph id="9941"><sentence id="31124"><source>NEWSru.com напоминает, что президент озвучил идею переселения чиновников 17 июня в своем выступлении на Международном экономическом форуме в Санкт-Петербурге, объяснив ее необходимостью разгрузки территории Москвы и решения транспортной проблемы.</source><tokens><token id="557940" text="NEWSru.com"><tfr rev_id="2473997" t="NEWSru.com"><v><l id="0" t="NEWSru.com"><g v="LATN"></g></l></v></tfr></token><token id="557941" text="напоминает"><tfr rev_id="1391024" t="напоминает"><v><l id="173880" t="напоминаю"><g v="VERB"></g><g v="impf"></g><g v="tran"></g><g v="sing"></g><g v="3per"></g><g v="pres"></g><g v="indc"></g></l></v></tfr></token><token id="557942" text=","><tfr rev_id="1391025" t=","><v><l id="0" t=","><g v="PNCT"></g></l></v></tfr></token><token id="557943" text="что"><tfr rev_id="3196436" t="что"><v><l id="377004" t="что"><g v="CONJ"></g></l></v><v><l id="377005" t="что"><g v="NPRO"></g><g v="neut"></g><g v="sing"></g><g v="nomn"></g></l></v><v><l id="377005" t="что"><g v="NPRO"></g><g v="neut"></g><g v="sing"></g><g v="accs"></g></l></v><v><l id="377006" t="что"><g v="ADVB"></g><g v="Ques"></g></l></v><v><l id="388695" t="что"><g v="PRCL"></g></l></v></tfr></token><token id="557944" text="президент"><tfr rev_id="1391027" t="президент"><v><l id="267449" t="президент"><g v="NOUN"></g><g v="anim"></g><g v="masc"></g><g v="sing"></g><g v="nomn"></g></l></v></tfr></token><token id="557945" text="озвучил"><tfr rev_id="1391028" t="озвучил"><v><l id="204107" t="озвучил"><g v="VERB"></g><g v="perf"></g><g v="tran"></g><g v="masc"></g><g v="sing"></g><g v="past"></g><g v="indc"></g></l></v></tfr></token><token id="557946" text="идею"><tfr rev_id="1391029" t="идею"><v><l id="117499" t="идея"><g v="NOUN"></g><g v="inan"></g><g v="femn"></g><g v="sing"></g><g v="accs"></g></l></v></tfr></token><token id="557947" text="переселения"><tfr rev_id="3495934" t="переселения"><v><l id="234024" t="переселение"><g v="NOUN"></g><g v="inan"></g><g v="neut"></g><g v="sing"></g><g v="gent"></g></l></v></tfr></token><token id="557948" text="чиновников"><tfr rev_id="3434882" t="чиновников"><v><l id="376482" t="чиновник"><g v="NOUN"></g><g v="anim"></g><g v="masc"></g><g v="plur"></g><g v="gent"></g></l></v></tfr></token><token id="557949" text="17"><tfr rev_id="2460986" t="17"><v><l id="0" t="17"><g v="NUMB"></g></l></v></tfr></token><token id="557950" text="июня"><tfr rev_id="1391033" t="июня"><v><l id="127302" t="июнь"><g v="NOUN"></g><g v="inan"></g><g v="masc"></g><g v="sing"></g><g v="gent"></g></l></v></tfr></token><token id="557951" text="в"><tfr rev_id="1391034" t="в"><v><l id="37409" t="в"><g v="PREP"></g></l></v></tfr></token><token id="557952" text="своем"><tfr rev_id="4161284" t="своем"><v><l id="316379" t="свой"><g v="ADJF"></g><g v="Apro"></g><g v="Anph"></g><g v="neut"></g><g v="sing"></g><g v="loct"></g></l></v></tfr></token><token id="557953" text="выступлении"><tfr rev_id="1391036" t="выступлении"><v><l id="62889" t="выступление"><g v="NOUN"></g><g v="inan"></g><g v="neut"></g><g v="sing"></g><g v="loct"></g></l></v></tfr></token><token id="557954" text="на"><tfr rev_id="3338369" t="на"><v><l id="166264" t="на"><g v="PREP"></g></l></v></tfr></token><token id="557955" text="Международном"><tfr rev_id="4085886" t="Международном"><v><l id="157346" t="международный"><g v="ADJF"></g><g v="masc"></g><g v="sing"></g><g v="loct"></g></l></v></tfr></token><token id="557956" text="экономическом"><tfr rev_id="3302281" t="экономическом"><v><l id="383364" t="экономический"><g v="ADJF"></g><g v="masc"></g><g v="sing"></g><g v="loct"></g></l></v></tfr></token><token id="557957" text="форуме"><tfr rev_id="1391040" t="форуме"><v><l id="367349" t="форум"><g v="NOUN"></g><g v="inan"></g><g v="masc"></g><g v="sing"></g><g v="loct"></g></l></v></tfr></token><token id="557958" text="в"><tfr rev_id="1391041" t="в"><v><l id="37409" t="в"><g v="PREP"></g></l></v></tfr></token><token id="557959" text="Санкт-Петербурге"><tfr rev_id="1391042" t="Санкт-Петербурге"><v><l id="313346" t="санкт-петербург"><g v="NOUN"></g><g v="inan"></g><g v="masc"></g><g v="Geox"></g><g v="sing"></g><g v="loct"></g></l></v></tfr></token><token id="557960" text=","><tfr rev_id="1391043" t=","><v><l id="0" t=","><g v="PNCT"></g></l></v></tfr></token><token id="557961" text="объяснив"><tfr rev_id="1391044" t="объяснив"><v><l id="201928" t="объяснив"><g v="GRND"></g><g v="perf"></g><g v="tran"></g><g v="past"></g></l></v></tfr></token><token id="557962" text="ее"><tfr rev_id="4473970" t="ее"><v><l id="206544" t="она"><g v="NPRO"></g><g v="femn"></g><g v="3per"></g><g v="Anph"></g><g v="sing"></g><g v="gent"></g></l></v><v><l id="206544" t="она"><g v="NPRO"></g><g v="femn"></g><g v="3per"></g><g v="Anph"></g><g v="sing"></g><g v="accs"></g></l></v></tfr></token><token id="557963" text="необходимостью"><tfr rev_id="1391046" t="необходимостью"><v><l id="184807" t="необходимость"><g v="NOUN"></g><g v="inan"></g><g v="femn"></g><g v="sing"></g><g v="ablt"></g></l></v></tfr></token><token id="557964" text="разгрузки"><tfr rev_id="3505254" t="разгрузки"><v><l id="293264" t="разгрузка"><g v="NOUN"></g><g v="inan"></g><g v="femn"></g><g v="sing"></g><g v="gent"></g></l></v></tfr></token><token id="557965" text="территории"><tfr rev_id="4314172" t="территории"><v><l id="345621" t="территория"><g v="NOUN"></g><g v="inan"></g><g v="femn"></g><g v="sing"></g><g v="gent"></g></l></v></tfr></token><token id="557966" text="Москвы"><tfr rev_id="1391049" t="Москвы"><v><l id="163901" t="москва"><g v="NOUN"></g><g v="inan"></g><g v="femn"></g><g v="Sgtm"></g><g v="Geox"></g><g v="sing"></g><g v="gent"></g></l></v></tfr></token><token id="557967" text="и"><tfr rev_id="1391050" t="и"><v><l id="116949" t="и"><g v="CONJ"></g></l></v><v><l id="116950" t="и"><g v="INTJ"></g></l></v></tfr></token><token id="557968" text="решения"><tfr rev_id="3450541" t="решения"><v><l id="307350" t="решение"><g v="NOUN"></g><g v="inan"></g><g v="neut"></g><g v="sing"></g><g v="gent"></g></l></v></tfr></token><token id="557969" text="транспортной"><tfr rev_id="4308077" t="транспортной"><v><l id="349185" t="транспортный"><g v="ADJF"></g><g v="femn"></g><g v="sing"></g><g v="gent"></g></l></v></tfr></token><token id="557970" text="проблемы"><tfr rev_id="3494041" t="проблемы"><v><l id="277255" t="проблема"><g v="NOUN"></g><g v="inan"></g><g v="femn"></g><g v="sing"></g><g v="gent"></g></l></v></tfr></token><token id="557971" text="."><tfr rev_id="1391054" t="."><v><l id="0" t="."><g v="PNCT"></g></l></v></tfr></token></tokens></sentence><sentence id="31125"><source>«Чтобы улучшить развитие московского мегаполиса для целей создания финансового центра и чтобы облегчить жизнь огромному числу людей, может быть также рассмотрен вопрос о расширении границ Москвы.</source><tokens><token id="557972" text="«"><tfr rev_id="2441951" t="«"><v><l id="0" t="«"><g v="PNCT"></g></l></v></tfr></token><token id="557973" text="Чтобы"><tfr rev_id="1391056" t="Чтобы"><v><l id="377013" t="чтобы"><g v="CONJ"></g></l></v><v><l id="377014" t="чтобы"><g v="PRCL"></g></l></v></tfr></token><token id="557974" text="улучшить"><tfr rev_id="1391057" t="улучшить"><v><l id="357036" t="улучшить"><g v="INFN"></g><g v="perf"></g><g v="tran"></g></l></v></tfr></token><token id="557975" text="развитие"><tfr rev_id="3537824" t="развитие"><v><l id="292545" t="развитие"><g v="NOUN"></g><g v="inan"></g><g v="neut"></g><g v="sing"></g><g v="accs"></g></l></v></tfr></token><token id="557976" text="московского"><tfr rev_id="4462533" t="московского"><v><l id="163933" t="московский"><g v="ADJF"></g><g v="masc"></g><g v="sing"></g><g v="gent"></g></l></v><v><l id="163933" t="московский"><g v="ADJF"></g><g v="anim"></g><g v="masc"></g><g v="sing"></g><g v="accs"></g></l></v></tfr></token><token id="557977" text="мегаполиса"><tfr rev_id="1391060" t="мегаполиса"><v><l id="156916" t="мегаполис"><g v="NOUN"></g><g v="inan"></g><g v="masc"></g><g v="sing"></g><g v="gent"></g></l></v></tfr></token><token id="557978" text="для"><tfr rev_id="3391612" t="для"><v><l id="85032" t="для"><g v="PREP"></g></l></v></tfr></token><token id="557979" text="целей"><tfr rev_id="4229680" t="целей"><v><l id="373216" t="цель"><g v="NOUN"></g><g v="inan"></g><g v="femn"></g><g v="plur"></g><g v="gent"></g></l></v></tfr></token><token id="557980" text="создания"><tfr rev_id="4570944" t="создания"><v><l id="328580" t="создание"><g v="NOUN"></g><g v="inan"></g><g v="neut"></g><g v="Inmx"></g><g v="plur"></g><g v="accs"></g></l></v><v><l id="328580" t="создание"><g v="NOUN"></g><g v="inan"></g><g v="neut"></g><g v="Inmx"></g><g v="plur"></g><g v="nomn"></g></l></v><v><l id="328580" t="создание"><g v="NOUN"></g><g v="inan"></g><g v="neut"></g><g v="Inmx"></g><g v="sing"></g><g v="gent"></g></l></v></tfr></token><token id="557981" text="финансового"><tfr rev_id="4166850" t="финансового"><v><l id="366103" t="финансовый"><g v="ADJF"></g><g v="masc"></g><g v="sing"></g><g v="gent"></g></l></v><v><l id="366103" t="финансовый"><g v="ADJF"></g><g v="anim"></g><g v="masc"></g><g v="sing"></g><g v="accs"></g></l></v></tfr></token><token id="557982" text="центра"><tfr rev_id="1391065" t="центра"><v><l id="373369" t="центр"><g v="NOUN"></g><g v="inan"></g><g v="masc"></g><g v="sing"></g><g v="gent"></g></l></v></tfr></token><token id="557983" text="и"><tfr rev_id="1391066" t="и"><v><l id="116949" t="и"><g v="CONJ"></g></l></v><v><l id="116950" t="и"><g v="INTJ"></g></l></v></tfr></token><token id="557984" text="чтобы"><tfr rev_id="1391067" t="чтобы"><v><l id="377013" t="чтобы"><g v="CONJ"></g></l></v><v><l id="377014" t="чтобы"><g v="PRCL"></g></l></v></tfr></token><token id="557985" text="облегчить"><tfr rev_id="1391068" t="облегчить"><v><l id="196312" t="облегчить"><g v="INFN"></g><g v="perf"></g><g v="tran"></g></l></v></tfr></token><token id="557986" text="жизнь"><tfr rev_id="3497450" t="жизнь"><v><l id="97314" t="жизнь"><g v="NOUN"></g><g v="inan"></g><g v="femn"></g><g v="sing"></g><g v="accs"></g></l></v></tfr></token><token id="557987" text="огромному"><tfr rev_id="3673753" t="огромному"><v><l id="203009" t="огромный"><g v="ADJF"></g><g v="Qual"></g><g v="neut"></g><g v="sing"></g><g v="datv"></g></l></v></tfr></token><token id="557988" text="числу"><tfr rev_id="1391071" t="числу"><v><l id="376585" t="число"><g v="NOUN"></g><g v="inan"></g><g v="neut"></g><g v="sing"></g><g v="datv"></g></l></v></tfr></token><token id="557989" text="людей"><tfr rev_id="4382818" t="людей"><v><l id="375073" t="человек"><g v="NOUN"></g><g v="anim"></g><g v="masc"></g><g v="plur"></g><g v="gent"></g></l></v></tfr></token><token id="557990" text=","><tfr rev_id="1391073" t=","><v><l id="0" t=","><g v="PNCT"></g></l></v></tfr></token><token id="557991" text="может"><tfr rev_id="3797178" t="может"><v><l id="164485" t="могу"><g v="VERB"></g><g v="impf"></g><g v="intr"></g><g v="sing"></g><g v="3per"></g><g v="pres"></g><g v="indc"></g></l></v></tfr></token><token id="557992" text="быть"><tfr rev_id="1391075" t="быть"><v><l id="37266" t="быть"><g v="INFN"></g><g v="impf"></g><g v="intr"></g></l></v></tfr></token><token id="557993" text="также"><tfr rev_id="4267646" t="также"><v><l id="342482" t="также"><g v="PRCL"></g></l></v></tfr></token><token id="557994" text="рассмотрен"><tfr rev_id="1391077" t="рассмотрен"><v><l id="301151" t="рассмотрен"><g v="PRTS"></g><g v="perf"></g><g v="past"></g><g v="pssv"></g><g v="masc"></g><g v="sing"></g></l></v></tfr></token><token id="557995" text="вопрос"><tfr rev_id="1391078" t="вопрос"><v><l id="50830" t="вопрос"><g v="NOUN"></g><g v="inan"></g><g v="masc"></g><g v="sing"></g><g v="nomn"></g></l></v><v><l id="50830" t="вопрос"><g v="NOUN"></g><g v="inan"></g><g v="masc"></g><g v="sing"></g><g v="accs"></g></l></v></tfr></token><token id="557996" text="о"><tfr rev_id="3301910" t="о"><v><l id="192977" t="о"><g v="PREP"></g></l></v></tfr></token><token id="557997" text="расширении"><tfr rev_id="1391080" t="расширении"><v><l id="303635" t="расширение"><g v="NOUN"></g><g v="inan"></g><g v="neut"></g><g v="sing"></g><g v="loct"></g></l></v></tfr></token><token id="557998" text="границ"><tfr rev_id="1391081" t="границ"><v><l id="74687" t="граница"><g v="NOUN"></g><g v="inan"></g><g v="femn"></g><g v="plur"></g><g v="gent"></g></l></v></tfr></token><token id="557999" text="Москвы"><tfr rev_id="1391082" t="Москвы"><v><l id="163901" t="москва"><g v="NOUN"></g><g v="inan"></g><g v="femn"></g><g v="Sgtm"></g><g v="Geox"></g><g v="sing"></g><g v="gent"></g></l></v></tfr></token><token id="558000" text="."><tfr rev_id="1391083" t="."><v><l id="0" t="."><g v="PNCT"></g></l></v></tfr></token></tokens></sentence><sentence id="31126"><source>То есть о создании «столичного федерального округа», выходящего за традиционные границы Москвы»,</source><tokens><token id="558001" text="То"><tfr rev_id="3777422" t="То"><v><l id="346835" t="то"><g v="CONJ"></g></l></v><v><l id="346836" t="то"><g v="PRCL"></g></l></v><v><l id="348430" t="тот"><g v="ADJF"></g><g v="Subx"></g><g v="Apro"></g><g v="Anph"></g><g v="neut"></g><g v="sing"></g><g v="nomn"></g></l></v><v><l id="348430" t="тот"><g v="ADJF"></g><g v="Subx"></g><g v="Apro"></g><g v="Anph"></g><g v="neut"></g><g v="sing"></g><g v="accs"></g></l></v></tfr></token><token id="558002" text="есть"><tfr rev_id="4386573" t="есть"><v><l id="37265" t="есть"><g v="VERB"></g><g v="impf"></g><g v="intr"></g><g v="sing"></g><g v="3per"></g><g v="pres"></g><g v="indc"></g></l></v><v><l id="37265" t="есть"><g v="VERB"></g><g v="impf"></g><g v="intr"></g><g v="plur"></g><g v="3per"></g><g v="pres"></g><g v="indc"></g></l></v></tfr></token><token id="558003" text="о"><tfr rev_id="3326231" t="о"><v><l id="192977" t="о"><g v="PREP"></g></l></v></tfr></token><token id="558004" text="создании"><tfr rev_id="4571820" t="создании"><v><l id="328580" t="создание"><g v="NOUN"></g><g v="inan"></g><g v="neut"></g><g v="Inmx"></g><g v="sing"></g><g v="loct"></g></l></v></tfr></token><token id="558005" text="«"><tfr rev_id="2441952" t="«"><v><l id="0" t="«"><g v="PNCT"></g></l></v></tfr></token><token id="558006" text="столичного"><tfr rev_id="3408114" t="столичного"><v><l id="336589" t="столичный"><g v="ADJF"></g><g v="Qual"></g><g v="masc"></g><g v="sing"></g><g v="gent"></g></l></v><v><l id="336589" t="столичный"><g v="ADJF"></g><g v="Qual"></g><g v="anim"></g><g v="masc"></g><g v="sing"></g><g v="accs"></g></l></v></tfr></token><token id="558007" text="федерального"><tfr rev_id="3673676" t="федерального"><v><l id="364933" t="федеральный"><g v="ADJF"></g><g v="masc"></g><g v="sing"></g><g v="gent"></g></l></v><v><l id="364933" t="федеральный"><g v="ADJF"></g><g v="anim"></g><g v="masc"></g><g v="sing"></g><g v="accs"></g></l></v></tfr></token><token id="558008" text="округа"><tfr rev_id="4496782" t="округа"><v><l id="205484" t="округ"><g v="NOUN"></g><g v="inan"></g><g v="masc"></g><g v="sing"></g><g v="gent"></g></l></v></tfr></token><token id="558009" text="»"><tfr rev_id="2441953" t="»"><v><l id="0" t="»"><g v="PNCT"></g></l></v></tfr></token><token id="558010" text=","><tfr rev_id="1391093" t=","><v><l id="0" t=","><g v="PNCT"></g></l></v></tfr></token><token id="558011" text="выходящего"><tfr rev_id="3443111" t="выходящего"><v><l id="63964" t="выходящий"><g v="PRTF"></g><g v="impf"></g><g v="intr"></g><g v="pres"></g><g v="actv"></g><g v="masc"></g><g v="sing"></g><g v="gent"></g></l></v><v><l id="63964" t="выходящий"><g v="PRTF"></g><g v="impf"></g><g v="intr"></g><g v="pres"></g><g v="actv"></g><g v="anim"></g><g v="masc"></g><g v="sing"></g><g v="accs"></g></l></v></tfr></token><token id="558012" text="за"><tfr rev_id="1391095" t="за"><v><l id="98043" t="за"><g v="PREP"></g></l></v></tfr></token><token id="558013" text="традиционные"><tfr rev_id="3764201" t="традиционные"><v><l id="348768" t="традиционный"><g v="ADJF"></g><g v="inan"></g><g v="plur"></g><g v="accs"></g></l></v></tfr></token><token id="558014" text="границы"><tfr rev_id="3802244" t="границы"><v><l id="74687" t="граница"><g v="NOUN"></g><g v="inan"></g><g v="femn"></g><g v="plur"></g><g v="accs"></g></l></v></tfr></token><token id="558015" text="Москвы"><tfr rev_id="1391098" t="Москвы"><v><l id="163901" t="москва"><g v="NOUN"></g><g v="inan"></g><g v="femn"></g><g v="Sgtm"></g><g v="Geox"></g><g v="sing"></g><g v="gent"></g></l></v></tfr></token><token id="558016" text="»"><tfr rev_id="2441954" t="»"><v><l id="0" t="»"><g v="PNCT"></g></l></v></tfr></token><token id="558017" text=","><tfr rev_id="1391100" t=","><v><l id="0" t=","><g v="PNCT"></g></l></v></tfr></token></tokens></sentence><sentence id="31127"><source>- сказал тогда глава государства.</source><tokens><token id="558018" text="-"><tfr rev_id="1391101" t="-"><v><l id="0" t="-"><g v="PNCT"></g></l></v></tfr></token><token id="558019" text="сказал"><tfr rev_id="1391102" t="сказал"><v><l id="321532" t="сказал"><g v="VERB"></g><g v="perf"></g><g v="tran"></g><g v="masc"></g><g v="sing"></g><g v="past"></g><g v="indc"></g></l></v></tfr></token><token id="558020" text="тогда"><tfr rev_id="1391103" t="тогда"><v><l id="346921" t="тогда"><g v="ADVB"></g><g v="Dmns"></g></l></v></tfr></token><token id="558021" text="глава"><tfr rev_id="4572272" t="глава"><v><l id="70790" t="глава"><g v="NOUN"></g><g v="anim"></g><g v="ms-f"></g><g v="sing"></g><g v="nomn"></g></l></v></tfr></token><token id="558022" text="государства"><tfr rev_id="3495820" t="государства"><v><l id="74164" t="государство"><g v="NOUN"></g><g v="inan"></g><g v="neut"></g><g v="sing"></g><g v="gent"></g></l></v></tfr></token><token id="558023" text="."><tfr rev_id="1391106" t="."><v><l id="0" t="."><g v="PNCT"></g></l></v></tfr></token></tokens></sentence><sentence id="31128"><source>Ответственными за выполнение этого поручения были назначены лично мэр Москвы Сергей Собянин и губернатор Подмосковья Борис Громов.</source><tokens><token id="558024" text="Ответственными"><tfr rev_id="1391107" t="Ответственными"><v><l id="212443" t="ответственный"><g v="ADJF"></g><g v="Qual"></g><g v="plur"></g><g v="ablt"></g></l></v></tfr></token><token id="558025" text="за"><tfr rev_id="1391108" t="за"><v><l id="98043" t="за"><g v="PREP"></g></l></v></tfr></token><token id="558026" text="выполнение"><tfr rev_id="4096332" t="выполнение"><v><l id="60619" t="выполнение"><g v="NOUN"></g><g v="inan"></g><g v="neut"></g><g v="sing"></g><g v="accs"></g></l></v></tfr></token><token id="558027" text="этого"><tfr rev_id="4487023" t="этого"><v><l id="386581" t="этот"><g v="ADJF"></g><g v="Subx"></g><g v="Apro"></g><g v="Anph"></g><g v="neut"></g><g v="sing"></g><g v="gent"></g></l></v></tfr></token><token id="558028" text="поручения"><tfr rev_id="3436776" t="поручения"><v><l id="260787" t="поручение"><g v="NOUN"></g><g v="inan"></g><g v="neut"></g><g v="sing"></g><g v="gent"></g></l></v></tfr></token><token id="558029" text="были"><tfr rev_id="1716127" t="были"><v><l id="37265" t="есть"><g v="VERB"></g><g v="impf"></g><g v="intr"></g><g v="plur"></g><g v="past"></g><g v="indc"></g></l></v></tfr></token><token id="558030" text="назначены"><tfr rev_id="1391113" t="назначены"><v><l id="170427" t="назначен"><g v="PRTS"></g><g v="perf"></g><g v="past"></g><g v="pssv"></g><g v="plur"></g></l></v></tfr></token><token id="558031" text="лично"><tfr rev_id="1391114" t="лично"><v><l id="150204" t="лично"><g v="ADVB"></g></l></v><v><l id="150212" t="личен"><g v="ADJS"></g><g v="Qual"></g><g v="neut"></g><g v="sing"></g></l></v></tfr></token><token id="558032" text="мэр"><tfr rev_id="1391115" t="мэр"><v><l id="165997" t="мэр"><g v="NOUN"></g><g v="anim"></g><g v="masc"></g><g v="sing"></g><g v="nomn"></g></l></v></tfr></token><token id="558033" text="Москвы"><tfr rev_id="1391116" t="Москвы"><v><l id="163901" t="москва"><g v="NOUN"></g><g v="inan"></g><g v="femn"></g><g v="Sgtm"></g><g v="Geox"></g><g v="sing"></g><g v="gent"></g></l></v></tfr></token><token id="558034" text="Сергей"><tfr rev_id="1391117" t="Сергей"><v><l id="319056" t="сергей"><g v="NOUN"></g><g v="anim"></g><g v="masc"></g><g v="Name"></g><g v="sing"></g><g v="nomn"></g></l></v></tfr></token><token id="558035" text="Собянин"><tfr rev_id="1391118" t="Собянин"><v><l id="327857" t="собянин"><g v="NOUN"></g><g v="anim"></g><g v="masc"></g><g v="Sgtm"></g><g v="Surn"></g><g v="sing"></g><g v="nomn"></g></l></v></tfr></token><token id="558036" text="и"><tfr rev_id="1391119" t="и"><v><l id="116949" t="и"><g v="CONJ"></g></l></v><v><l id="116950" t="и"><g v="INTJ"></g></l></v></tfr></token><token id="558037" text="губернатор"><tfr rev_id="1391120" t="губернатор"><v><l id="76396" t="губернатор"><g v="NOUN"></g><g v="anim"></g><g v="masc"></g><g v="sing"></g><g v="nomn"></g></l></v></tfr></token><token id="558038" text="Подмосковья"><tfr rev_id="1391121" t="Подмосковья"><v><l id="247776" t="подмосковье"><g v="NOUN"></g><g v="inan"></g><g v="neut"></g><g v="Sgtm"></g><g v="Geox"></g><g v="sing"></g><g v="gent"></g></l></v></tfr></token><token id="558039" text="Борис"><tfr rev_id="1391122" t="Борис"><v><l id="32732" t="борис"><g v="NOUN"></g><g v="anim"></g><g v="masc"></g><g v="Name"></g><g v="sing"></g><g v="nomn"></g></l></v></tfr></token><token id="558040" text="Громов"><tfr rev_id="3697582" t="Громов"><v><l id="75680" t="громов"><g v="NOUN"></g><g v="anim"></g><g v="masc"></g><g v="Sgtm"></g><g v="Surn"></g><g v="sing"></g><g v="nomn"></g></l></v></tfr></token><token id="558041" text="."><tfr rev_id="1391124" t="."><v><l id="0" t="."><g v="PNCT"></g></l></v></tfr></token></tokens></sentence><sentence id="31129"><source>11 июля они представили проект, согласно которому к Москве будут присоединены 144 тыс. га, ограниченные Варшавским и Киевским шоссе и Большим кольцом Московской железной дороги.</source><tokens><token id="558042" text="11"><tfr rev_id="2460987" t="11"><v><l id="0" t="11"><g v="NUMB"></g></l></v></tfr></token><token id="558043" text="июля"><tfr rev_id="1391126" t="июля"><v><l id="127299" t="июль"><g v="NOUN"></g><g v="inan"></g><g v="masc"></g><g v="sing"></g><g v="gent"></g></l></v></tfr></token><token id="558044" text="они"><tfr rev_id="3599331" t="они"><v><l id="206619" t="они"><g v="NPRO"></g><g v="3per"></g><g v="Anph"></g><g v="plur"></g><g v="nomn"></g></l></v></tfr></token><token id="558045" text="представили"><tfr rev_id="1391128" t="представили"><v><l id="267099" t="представил"><g v="VERB"></g><g v="perf"></g><g v="tran"></g><g v="plur"></g><g v="past"></g><g v="indc"></g></l></v></tfr></token><token id="558046" text="проект"><tfr rev_id="4083584" t="проект"><v><l id="279545" t="проект"><g v="NOUN"></g><g v="inan"></g><g v="masc"></g><g v="sing"></g><g v="accs"></g></l></v></tfr></token><token id="558047" text=","><tfr rev_id="1391130" t=","><v><l id="0" t=","><g v="PNCT"></g></l></v></tfr></token><token id="558048" text="согласно"><tfr rev_id="4491979" t="согласно"><v><l id="328255" t="согласно"><g v="PREP"></g></l></v></tfr></token><token id="558049" text="которому"><tfr rev_id="3638759" t="которому"><v><l id="141203" t="который"><g v="ADJF"></g><g v="Apro"></g><g v="Subx"></g><g v="Anph"></g><g v="masc"></g><g v="sing"></g><g v="datv"></g></l></v></tfr></token><token id="558050" text="к"><tfr rev_id="1391133" t="к"><v><l id="127460" t="к"><g v="PREP"></g></l></v></tfr></token><token id="558051" text="Москве"><tfr rev_id="3447462" t="Москве"><v><l id="163901" t="москва"><g v="NOUN"></g><g v="inan"></g><g v="femn"></g><g v="Sgtm"></g><g v="Geox"></g><g v="sing"></g><g v="datv"></g></l></v></tfr></token><token id="558052" text="будут"><tfr rev_id="1391135" t="будут"><v><l id="37265" t="есть"><g v="VERB"></g><g v="impf"></g><g v="intr"></g><g v="plur"></g><g v="3per"></g><g v="futr"></g><g v="indc"></g></l></v></tfr></token><token id="558053" text="присоединены"><tfr rev_id="1391136" t="присоединены"><v><l id="274432" t="присоединён"><g v="PRTS"></g><g v="perf"></g><g v="past"></g><g v="pssv"></g><g v="plur"></g></l></v></tfr></token><token id="558054" text="144"><tfr rev_id="2460988" t="144"><v><l id="0" t="144"><g v="NUMB"></g></l></v></tfr></token><token id="558055" text="тыс"><tfr rev_id="4230447" t="тыс"><v><l id="389041" t="тыс"><g v="NOUN"></g><g v="inan"></g><g v="femn"></g><g v="Fixd"></g><g v="Abbr"></g><g v="sing"></g><g v="nomn"></g></l></v><v><l id="389041" t="тыс"><g v="NOUN"></g><g v="inan"></g><g v="femn"></g><g v="Fixd"></g><g v="Abbr"></g><g v="sing"></g><g v="gent"></g></l></v><v><l id="389041" t="тыс"><g v="NOUN"></g><g v="inan"></g><g v="femn"></g><g v="Fixd"></g><g v="Abbr"></g><g v="sing"></g><g v="datv"></g></l></v><v><l id="389041" t="тыс"><g v="NOUN"></g><g v="inan"></g><g v="femn"></g><g v="Fixd"></g><g v="Abbr"></g><g v="sing"></g><g v="accs"></g></l></v><v><l id="389041" t="тыс"><g v="NOUN"></g><g v="inan"></g><g v="femn"></g><g v="Fixd"></g><g v="Abbr"></g><g v="sing"></g><g v="ablt"></g></l></v><v><l id="389041" t="тыс"><g v="NOUN"></g><g v="inan"></g><g v="femn"></g><g v="Fixd"></g><g v="Abbr"></g><g v="sing"></g><g v="loct"></g></l></v></tfr></token><token id="558056" text="."><tfr rev_id="1391139" t="."><v><l id="0" t="."><g v="PNCT"></g></l></v></tfr></token><token id="558057" text="га"><tfr rev_id="4250380" t="га"><v><l id="65249" t="га"><g v="NOUN"></g><g v="inan"></g><g v="masc"></g><g v="Fixd"></g><g v="plur"></g><g v="gent"></g></l></v></tfr></token><token id="558058" text=","><tfr rev_id="1391141" t=","><v><l id="0" t=","><g v="PNCT"></g></l></v></tfr></token><token id="558059" text="ограниченные"><tfr rev_id="1391142" t="ограниченные"><v><l id="202918" t="ограниченный"><g v="ADJF"></g><g v="Qual"></g><g v="plur"></g><g v="nomn"></g></l></v><v><l id="202918" t="ограниченный"><g v="ADJF"></g><g v="Qual"></g><g v="inan"></g><g v="plur"></g><g v="accs"></g></l></v><v><l id="202940" t="ограниченный"><g v="PRTF"></g><g v="perf"></g><g v="tran"></g><g v="past"></g><g v="pssv"></g><g v="plur"></g><g v="nomn"></g></l></v><v><l id="202940" t="ограниченный"><g v="PRTF"></g><g v="perf"></g><g v="tran"></g><g v="past"></g><g v="pssv"></g><g v="inan"></g><g v="plur"></g><g v="accs"></g></l></v></tfr></token><token id="558060" text="Варшавским"><tfr rev_id="4411990" t="Варшавским"><v><l id="38920" t="варшавский"><g v="ADJF"></g><g v="neut"></g><g v="sing"></g><g v="ablt"></g></l></v></tfr></token><token id="558061" text="и"><tfr rev_id="1391144" t="и"><v><l id="116949" t="и"><g v="CONJ"></g></l></v><v><l id="116950" t="и"><g v="INTJ"></g></l></v></tfr></token><token id="558062" text="Киевским"><tfr rev_id="4370124" t="Киевским"><v><l id="132730" t="киевский"><g v="ADJF"></g><g v="neut"></g><g v="sing"></g><g v="ablt"></g></l></v></tfr></token><token id="558063" text="шоссе"><tfr rev_id="3808149" t="шоссе"><v><l id="380798" t="шоссе"><g v="NOUN"></g><g v="inan"></g><g v="neut"></g><g v="Fixd"></g><g v="plur"></g><g v="ablt"></g></l></v></tfr></token><token id="558064" text="и"><tfr rev_id="1391147" t="и"><v><l id="116949" t="и"><g v="CONJ"></g></l></v><v><l id="116950" t="и"><g v="INTJ"></g></l></v></tfr></token><token id="558065" text="Большим"><tfr rev_id="4534067" t="Большим"><v><l id="32439" t="больший"><g v="ADJF"></g><g v="Qual"></g><g v="neut"></g><g v="sing"></g><g v="ablt"></g></l></v><v><l id="32445" t="большой"><g v="ADJF"></g><g v="Qual"></g><g v="neut"></g><g v="sing"></g><g v="ablt"></g></l></v></tfr></token><token id="558066" text="кольцом"><tfr rev_id="1391149" t="кольцом"><v><l id="136632" t="кольцо"><g v="NOUN"></g><g v="inan"></g><g v="neut"></g><g v="sing"></g><g v="ablt"></g></l></v></tfr></token><token id="558067" text="Московской"><tfr rev_id="4393064" t="Московской"><v><l id="163933" t="московский"><g v="ADJF"></g><g v="femn"></g><g v="sing"></g><g v="gent"></g></l></v></tfr></token><token id="558068" text="железной"><tfr rev_id="3301292" t="железной"><v><l id="96343" t="железный"><g v="ADJF"></g><g v="Qual"></g><g v="femn"></g><g v="sing"></g><g v="gent"></g></l></v></tfr></token><token id="558069" text="дороги"><tfr rev_id="3697478" t="дороги"><v><l id="89707" t="дорога"><g v="NOUN"></g><g v="inan"></g><g v="femn"></g><g v="sing"></g><g v="gent"></g></l></v></tfr></token><token id="558070" text="."><tfr rev_id="1391153" t="."><v><l id="0" t="."><g v="PNCT"></g></l></v></tfr></token></tokens></sentence><sentence id="31130"><source>Как было объявлено, Международный финансовый центр разместится за МКАД в районе Рублево-Архангельского.</source><tokens><token id="558071" text="Как"><tfr rev_id="1391154" t="Как"><v><l id="128190" t="как"><g v="CONJ"></g></l></v><v><l id="128191" t="как"><g v="PRCL"></g></l></v><v><l id="128192" t="как"><g v="ADVB"></g><g v="Ques"></g></l></v></tfr></token><token id="558072" text="было"><tfr rev_id="3124476" t="было"><v><l id="37265" t="есть"><g v="VERB"></g><g v="impf"></g><g v="intr"></g><g v="neut"></g><g v="sing"></g><g v="past"></g><g v="indc"></g></l></v></tfr></token><token id="558073" text="объявлено"><tfr rev_id="1391156" t="объявлено"><v><l id="201895" t="объявлен"><g v="PRTS"></g><g v="perf"></g><g v="past"></g><g v="pssv"></g><g v="neut"></g><g v="sing"></g></l></v></tfr></token><token id="558074" text=","><tfr rev_id="1391157" t=","><v><l id="0" t=","><g v="PNCT"></g></l></v></tfr></token><token id="558075" text="Международный"><tfr rev_id="1391158" t="Международный"><v><l id="157346" t="международный"><g v="ADJF"></g><g v="masc"></g><g v="sing"></g><g v="nomn"></g></l></v><v><l id="157346" t="международный"><g v="ADJF"></g><g v="inan"></g><g v="masc"></g><g v="sing"></g><g v="accs"></g></l></v></tfr></token><token id="558076" text="финансовый"><tfr rev_id="3880256" t="финансовый"><v><l id="366103" t="финансовый"><g v="ADJF"></g><g v="masc"></g><g v="sing"></g><g v="nomn"></g></l></v></tfr></token><token id="558077" text="центр"><tfr rev_id="4212184" t="центр"><v><l id="373369" t="центр"><g v="NOUN"></g><g v="inan"></g><g v="masc"></g><g v="sing"></g><g v="nomn"></g></l></v></tfr></token><token id="558078" text="разместится"><tfr rev_id="1391161" t="разместится"><v><l id="295056" t="разместился"><g v="VERB"></g><g v="perf"></g><g v="intr"></g><g v="sing"></g><g v="3per"></g><g v="futr"></g><g v="indc"></g></l></v></tfr></token><token id="558079" text="за"><tfr rev_id="1391162" t="за"><v><l id="98043" t="за"><g v="PREP"></g></l></v></tfr></token><token id="558080" text="МКАД"><tfr rev_id="4138738" t="МКАД"><v><l id="161336" t="мкад"><g v="NOUN"></g><g v="inan"></g><g v="masc"></g><g v="Sgtm"></g><g v="Fixd"></g><g v="Abbr"></g><g v="sing"></g><g v="ablt"></g></l></v></tfr></token><token id="558081" text="в"><tfr rev_id="1391164" t="в"><v><l id="37409" t="в"><g v="PREP"></g></l></v></tfr></token><token id="558082" text="районе"><tfr rev_id="1391165" t="районе"><v><l id="297595" t="район"><g v="NOUN"></g><g v="inan"></g><g v="masc"></g><g v="sing"></g><g v="loct"></g></l></v></tfr></token><token id="558083" text="Рублево-Архангельского"><tfr rev_id="1391166" t="Рублево-Архангельского"><v><l id="0" t="рублево-архангельского"><g v="UNKN"></g></l></v></tfr></token><token id="558084" text="."><tfr rev_id="1391167" t="."><v><l id="0" t="."><g v="PNCT"></g></l></v></tfr></token></tokens></sentence></paragraph><paragraph id="9942"><sentence id="31131"><source>О перспективах расширения российской столицы читайте в статье Частного корреспондента «Москва 2.4»</source><tokens><token id="558085" text="О"><tfr rev_id="3325865" t="О"><v><l id="192977" t="о"><g v="PREP"></g></l></v></tfr></token><token id="558086" text="перспективах"><tfr rev_id="1391169" t="перспективах"><v><l id="237487" t="перспектива"><g v="NOUN"></g><g v="inan"></g><g v="femn"></g><g v="plur"></g><g v="loct"></g></l></v></tfr></token><token id="558087" text="расширения"><tfr rev_id="3437998" t="расширения"><v><l id="303635" t="расширение"><g v="NOUN"></g><g v="inan"></g><g v="neut"></g><g v="sing"></g><g v="gent"></g></l></v></tfr></token><token id="558088" text="российской"><tfr rev_id="4417419" t="российской"><v><l id="309319" t="российский"><g v="ADJF"></g><g v="femn"></g><g v="sing"></g><g v="gent"></g></l></v></tfr></token><token id="558089" text="столицы"><tfr rev_id="3124709" t="столицы"><v><l id="336588" t="столица"><g v="NOUN"></g><g v="inan"></g><g v="femn"></g><g v="sing"></g><g v="gent"></g></l></v></tfr></token><token id="558090" text="читайте"><tfr rev_id="1391173" t="читайте"><v><l id="376719" t="читаю"><g v="VERB"></g><g v="impf"></g><g v="tran"></g><g v="plur"></g><g v="impr"></g><g v="excl"></g></l></v></tfr></token><token id="558091" text="в"><tfr rev_id="1391174" t="в"><v><l id="37409" t="в"><g v="PREP"></g></l></v></tfr></token><token id="558092" text="статье"><tfr rev_id="3447091" t="статье"><v><l id="335173" t="статья"><g v="NOUN"></g><g v="inan"></g><g v="femn"></g><g v="sing"></g><g v="loct"></g></l></v></tfr></token><token id="558093" text="Частного"><tfr rev_id="4349428" t="Частного"><v><l id="374795" t="частный"><g v="ADJF"></g><g v="Qual"></g><g v="masc"></g><g v="sing"></g><g v="gent"></g></l></v><v><l id="374795" t="частный"><g v="ADJF"></g><g v="Qual"></g><g v="anim"></g><g v="masc"></g><g v="sing"></g><g v="accs"></g></l></v></tfr></token><token id="558094" text="корреспондента"><tfr rev_id="3886648" t="корреспондента"><v><l id="140239" t="корреспондент"><g v="NOUN"></g><g v="anim"></g><g v="masc"></g><g v="sing"></g><g v="gent"></g></l></v></tfr></token><token id="558095" text="«"><tfr rev_id="2441955" t="«"><v><l id="0" t="«"><g v="PNCT"></g></l></v></tfr></token><token id="558096" text="Москва"><tfr rev_id="1391179" t="Москва"><v><l id="163901" t="москва"><g v="NOUN"></g><g v="inan"></g><g v="femn"></g><g v="Sgtm"></g><g v="Geox"></g><g v="sing"></g><g v="nomn"></g></l></v></tfr></token><token id="558097" text="2.4"><tfr rev_id="2460989" t="2.4"><v><l id="0" t="2.4"><g v="NUMB"></g></l></v></tfr></token><token id="558098" text="»"><tfr rev_id="2441956" t="»"><v><l id="0" t="»"><g v="PNCT"></g></l></v></tfr></token></tokens></sentence></paragraph></paragraphs></text>