<?xml version="1.0" encoding="utf-8"?><text id="1019" parent="226" name="24302 Япония уличила Китай в милитаризации"><tags><tag>url:http://www.chaskor.ru/news/yaponiya_ulichila_kitaj_v_militarizatsii__24302</tag><tag>Год:2011</tag><tag>Дата:02/08</tag><tag>Тема:ЧасКор:В мире</tag><tag>Тема:ЧасКор:В мире/Азия и Океания</tag></tags><paragraphs><paragraph id="10032"><sentence id="31587"><source>Япония уличила Китай в милитаризации</source><tokens><token id="565463" text="Япония"><tfr rev_id="1398544" t="Япония"><v><l id="387993" t="япония"><g v="NOUN"></g><g v="inan"></g><g v="femn"></g><g v="Sgtm"></g><g v="Geox"></g><g v="sing"></g><g v="nomn"></g></l></v></tfr></token><token id="565464" text="уличила"><tfr rev_id="1398545" t="уличила"><v><l id="356913" t="уличил"><g v="VERB"></g><g v="perf"></g><g v="tran"></g><g v="femn"></g><g v="sing"></g><g v="past"></g><g v="indc"></g></l></v></tfr></token><token id="565465" text="Китай"><tfr rev_id="1398546" t="Китай"><v><l id="133640" t="китай"><g v="NOUN"></g><g v="inan"></g><g v="masc"></g><g v="Sgtm"></g><g v="Geox"></g><g v="sing"></g><g v="nomn"></g></l></v><v><l id="133640" t="китай"><g v="NOUN"></g><g v="inan"></g><g v="masc"></g><g v="Sgtm"></g><g v="Geox"></g><g v="sing"></g><g v="accs"></g></l></v></tfr></token><token id="565466" text="в"><tfr rev_id="1398547" t="в"><v><l id="37409" t="в"><g v="PREP"></g></l></v></tfr></token><token id="565467" text="милитаризации"><tfr rev_id="3501556" t="милитаризации"><v><l id="160166" t="милитаризация"><g v="NOUN"></g><g v="inan"></g><g v="femn"></g><g v="sing"></g><g v="gent"></g></l></v><v><l id="160166" t="милитаризация"><g v="NOUN"></g><g v="inan"></g><g v="femn"></g><g v="sing"></g><g v="datv"></g></l></v><v><l id="160166" t="милитаризация"><g v="NOUN"></g><g v="inan"></g><g v="femn"></g><g v="sing"></g><g v="loct"></g></l></v></tfr></token></tokens></sentence><sentence id="31588"><source>Токио выразило обеспокоенность быстрым укреплением военной мощи КНР при недостаточной прозрачности геополитических намерений Пекина.</source><tokens><token id="565468" text="Токио"><tfr rev_id="4285630" t="Токио"><v><l id="347003" t="токио"><g v="NOUN"></g><g v="inan"></g><g v="masc"></g><g v="Sgtm"></g><g v="Fixd"></g><g v="Geox"></g><g v="sing"></g><g v="nomn"></g></l></v></tfr></token><token id="565469" text="выразило"><tfr rev_id="1398550" t="выразило"><v><l id="61211" t="выразил"><g v="VERB"></g><g v="perf"></g><g v="tran"></g><g v="neut"></g><g v="sing"></g><g v="past"></g><g v="indc"></g></l></v></tfr></token><token id="565470" text="обеспокоенность"><tfr rev_id="1398551" t="обеспокоенность"><v><l id="194796" t="обеспокоенность"><g v="NOUN"></g><g v="inan"></g><g v="femn"></g><g v="Sgtm"></g><g v="sing"></g><g v="nomn"></g></l></v><v><l id="194796" t="обеспокоенность"><g v="NOUN"></g><g v="inan"></g><g v="femn"></g><g v="Sgtm"></g><g v="sing"></g><g v="accs"></g></l></v></tfr></token><token id="565471" text="быстрым"><tfr rev_id="4104710" t="быстрым"><v><l id="37231" t="быстрый"><g v="ADJF"></g><g v="Qual"></g><g v="neut"></g><g v="sing"></g><g v="ablt"></g></l></v></tfr></token><token id="565472" text="укреплением"><tfr rev_id="1398553" t="укреплением"><v><l id="356443" t="укрепление"><g v="NOUN"></g><g v="inan"></g><g v="neut"></g><g v="sing"></g><g v="ablt"></g></l></v></tfr></token><token id="565473" text="военной"><tfr rev_id="4494027" t="военной"><v><l id="48619" t="военный"><g v="ADJF"></g><g v="femn"></g><g v="sing"></g><g v="gent"></g></l></v></tfr></token><token id="565474" text="мощи"><tfr rev_id="4219072" t="мощи"><v><l id="164533" t="мощь"><g v="NOUN"></g><g v="inan"></g><g v="femn"></g><g v="sing"></g><g v="gent"></g></l></v><v><l id="164533" t="мощь"><g v="NOUN"></g><g v="inan"></g><g v="femn"></g><g v="sing"></g><g v="datv"></g></l></v><v><l id="164533" t="мощь"><g v="NOUN"></g><g v="inan"></g><g v="femn"></g><g v="sing"></g><g v="loct"></g></l></v></tfr></token><token id="565475" text="КНР"><tfr rev_id="4448258" t="КНР"><v><l id="134887" t="кнр"><g v="NOUN"></g><g v="inan"></g><g v="femn"></g><g v="Sgtm"></g><g v="Fixd"></g><g v="Abbr"></g><g v="Geox"></g><g v="sing"></g><g v="gent"></g></l></v></tfr></token><token id="565476" text="при"><tfr rev_id="2604396" t="при"><v><l id="268625" t="при"><g v="PREP"></g></l></v></tfr></token><token id="565477" text="недостаточной"><tfr rev_id="4495093" t="недостаточной"><v><l id="181681" t="недостаточный"><g v="ADJF"></g><g v="Qual"></g><g v="femn"></g><g v="sing"></g><g v="loct"></g></l></v></tfr></token><token id="565478" text="прозрачности"><tfr rev_id="4262029" t="прозрачности"><v><l id="279984" t="прозрачность"><g v="NOUN"></g><g v="inan"></g><g v="femn"></g><g v="sing"></g><g v="loct"></g></l></v></tfr></token><token id="565479" text="геополитических"><tfr rev_id="3556483" t="геополитических"><v><l id="68769" t="геополитический"><g v="ADJF"></g><g v="plur"></g><g v="gent"></g></l></v></tfr></token><token id="565480" text="намерений"><tfr rev_id="1398561" t="намерений"><v><l id="172446" t="намерение"><g v="NOUN"></g><g v="inan"></g><g v="neut"></g><g v="plur"></g><g v="gent"></g></l></v></tfr></token><token id="565481" text="Пекина"><tfr rev_id="1398562" t="Пекина"><v><l id="225746" t="пекин"><g v="NOUN"></g><g v="inan"></g><g v="masc"></g><g v="Geox"></g><g v="sing"></g><g v="gent"></g></l></v></tfr></token><token id="565482" text="."><tfr rev_id="1398563" t="."><v><l id="0" t="."><g v="PNCT"></g></l></v></tfr></token></tokens></sentence></paragraph><paragraph id="10033"><sentence id="31589"><source>Минобороны Японии в своем ежегодном отчёте выразило обеспокоенность быстрым укреплением военной мощи КНР при недостаточной прозрачности геополитических намерений Пекина, его оборонных возможностей и уровня военных расходов.</source><tokens><token id="565483" text="Минобороны"><tfr rev_id="3808246" t="Минобороны"><v><l id="160645" t="минобороны"><g v="NOUN"></g><g v="inan"></g><g v="neut"></g><g v="Sgtm"></g><g v="Fixd"></g><g v="Orgn"></g><g v="sing"></g><g v="nomn"></g></l></v></tfr></token><token id="565484" text="Японии"><tfr rev_id="2627824" t="Японии"><v><l id="387993" t="япония"><g v="NOUN"></g><g v="inan"></g><g v="femn"></g><g v="Sgtm"></g><g v="Geox"></g><g v="sing"></g><g v="gent"></g></l></v></tfr></token><token id="565485" text="в"><tfr rev_id="1398566" t="в"><v><l id="37409" t="в"><g v="PREP"></g></l></v></tfr></token><token id="565486" text="своем"><tfr rev_id="3631128" t="своем"><v><l id="316379" t="свой"><g v="ADJF"></g><g v="Apro"></g><g v="Anph"></g><g v="masc"></g><g v="sing"></g><g v="loct"></g></l></v></tfr></token><token id="565487" text="ежегодном"><tfr rev_id="3468714" t="ежегодном"><v><l id="94444" t="ежегодный"><g v="ADJF"></g><g v="Qual"></g><g v="masc"></g><g v="sing"></g><g v="loct"></g></l></v></tfr></token><token id="565488" text="отчёте"><tfr rev_id="1398569" t="отчёте"><v><l id="219980" t="отчёт"><g v="NOUN"></g><g v="inan"></g><g v="masc"></g><g v="sing"></g><g v="loct"></g></l></v></tfr></token><token id="565489" text="выразило"><tfr rev_id="1398570" t="выразило"><v><l id="61211" t="выразил"><g v="VERB"></g><g v="perf"></g><g v="tran"></g><g v="neut"></g><g v="sing"></g><g v="past"></g><g v="indc"></g></l></v></tfr></token><token id="565490" text="обеспокоенность"><tfr rev_id="1398571" t="обеспокоенность"><v><l id="194796" t="обеспокоенность"><g v="NOUN"></g><g v="inan"></g><g v="femn"></g><g v="Sgtm"></g><g v="sing"></g><g v="nomn"></g></l></v><v><l id="194796" t="обеспокоенность"><g v="NOUN"></g><g v="inan"></g><g v="femn"></g><g v="Sgtm"></g><g v="sing"></g><g v="accs"></g></l></v></tfr></token><token id="565491" text="быстрым"><tfr rev_id="4352177" t="быстрым"><v><l id="37231" t="быстрый"><g v="ADJF"></g><g v="Qual"></g><g v="neut"></g><g v="sing"></g><g v="ablt"></g></l></v></tfr></token><token id="565492" text="укреплением"><tfr rev_id="1398573" t="укреплением"><v><l id="356443" t="укрепление"><g v="NOUN"></g><g v="inan"></g><g v="neut"></g><g v="sing"></g><g v="ablt"></g></l></v></tfr></token><token id="565493" text="военной"><tfr rev_id="4494028" t="военной"><v><l id="48619" t="военный"><g v="ADJF"></g><g v="femn"></g><g v="sing"></g><g v="gent"></g></l></v></tfr></token><token id="565494" text="мощи"><tfr rev_id="4454668" t="мощи"><v><l id="164533" t="мощь"><g v="NOUN"></g><g v="inan"></g><g v="femn"></g><g v="sing"></g><g v="gent"></g></l></v></tfr></token><token id="565495" text="КНР"><tfr rev_id="4448259" t="КНР"><v><l id="134887" t="кнр"><g v="NOUN"></g><g v="inan"></g><g v="femn"></g><g v="Sgtm"></g><g v="Fixd"></g><g v="Abbr"></g><g v="Geox"></g><g v="sing"></g><g v="gent"></g></l></v></tfr></token><token id="565496" text="при"><tfr rev_id="2605154" t="при"><v><l id="268625" t="при"><g v="PREP"></g></l></v></tfr></token><token id="565497" text="недостаточной"><tfr rev_id="3883483" t="недостаточной"><v><l id="181681" t="недостаточный"><g v="ADJF"></g><g v="Qual"></g><g v="femn"></g><g v="sing"></g><g v="loct"></g></l></v></tfr></token><token id="565498" text="прозрачности"><tfr rev_id="4178156" t="прозрачности"><v><l id="279984" t="прозрачность"><g v="NOUN"></g><g v="inan"></g><g v="femn"></g><g v="sing"></g><g v="loct"></g></l></v></tfr></token><token id="565499" text="геополитических"><tfr rev_id="4095797" t="геополитических"><v><l id="68769" t="геополитический"><g v="ADJF"></g><g v="plur"></g><g v="gent"></g></l></v></tfr></token><token id="565500" text="намерений"><tfr rev_id="1398581" t="намерений"><v><l id="172446" t="намерение"><g v="NOUN"></g><g v="inan"></g><g v="neut"></g><g v="plur"></g><g v="gent"></g></l></v></tfr></token><token id="565501" text="Пекина"><tfr rev_id="1398582" t="Пекина"><v><l id="225746" t="пекин"><g v="NOUN"></g><g v="inan"></g><g v="masc"></g><g v="Geox"></g><g v="sing"></g><g v="gent"></g></l></v></tfr></token><token id="565502" text=","><tfr rev_id="1398583" t=","><v><l id="0" t=","><g v="PNCT"></g></l></v></tfr></token><token id="565503" text="его"><tfr rev_id="4102992" t="его"><v><l id="94208" t="его"><g v="ADJF"></g><g v="Fixd"></g><g v="Apro"></g><g v="Anph"></g><g v="plur"></g><g v="nomn"></g></l></v><v><l id="94208" t="его"><g v="ADJF"></g><g v="Fixd"></g><g v="Apro"></g><g v="Anph"></g><g v="plur"></g><g v="gent"></g></l></v><v><l id="94208" t="его"><g v="ADJF"></g><g v="Fixd"></g><g v="Apro"></g><g v="Anph"></g><g v="plur"></g><g v="datv"></g></l></v><v><l id="94208" t="его"><g v="ADJF"></g><g v="Fixd"></g><g v="Apro"></g><g v="Anph"></g><g v="plur"></g><g v="accs"></g></l></v><v><l id="94208" t="его"><g v="ADJF"></g><g v="Fixd"></g><g v="Apro"></g><g v="Anph"></g><g v="plur"></g><g v="ablt"></g></l></v><v><l id="94208" t="его"><g v="ADJF"></g><g v="Fixd"></g><g v="Apro"></g><g v="Anph"></g><g v="plur"></g><g v="loct"></g></l></v></tfr></token><token id="565504" text="оборонных"><tfr rev_id="4198095" t="оборонных"><v><l id="198496" t="оборонный"><g v="ADJF"></g><g v="Qual"></g><g v="plur"></g><g v="gent"></g></l></v></tfr></token><token id="565505" text="возможностей"><tfr rev_id="1398586" t="возможностей"><v><l id="49410" t="возможность"><g v="NOUN"></g><g v="inan"></g><g v="femn"></g><g v="plur"></g><g v="gent"></g></l></v></tfr></token><token id="565506" text="и"><tfr rev_id="1398587" t="и"><v><l id="116949" t="и"><g v="CONJ"></g></l></v><v><l id="116950" t="и"><g v="INTJ"></g></l></v></tfr></token><token id="565507" text="уровня"><tfr rev_id="1398588" t="уровня"><v><l id="359953" t="уровень"><g v="NOUN"></g><g v="inan"></g><g v="masc"></g><g v="sing"></g><g v="gent"></g></l></v></tfr></token><token id="565508" text="военных"><tfr rev_id="4494226" t="военных"><v><l id="48619" t="военный"><g v="ADJF"></g><g v="plur"></g><g v="gent"></g></l></v></tfr></token><token id="565509" text="расходов"><tfr rev_id="1398590" t="расходов"><v><l id="303036" t="расход"><g v="NOUN"></g><g v="inan"></g><g v="masc"></g><g v="plur"></g><g v="gent"></g></l></v></tfr></token><token id="565510" text="."><tfr rev_id="1398591" t="."><v><l id="0" t="."><g v="PNCT"></g></l></v></tfr></token></tokens></sentence><sentence id="31590"><source>Впрочем, известно, что военный бюджет Китая за последние пять лет увеличился почти на 70%, тогда как госрасходы Японии в оборонной сфере за тот же период сократились на 3%, отмечается в документе.</source><tokens><token id="565511" text="Впрочем"><tfr rev_id="3423241" t="Впрочем"><v><l id="52738" t="впрочем"><g v="CONJ"></g><g v="Prnt"></g></l></v></tfr></token><token id="565512" text=","><tfr rev_id="1398593" t=","><v><l id="0" t=","><g v="PNCT"></g></l></v></tfr></token><token id="565513" text="известно"><tfr rev_id="1398594" t="известно"><v><l id="118141" t="известно"><g v="CONJ"></g><g v="Prnt"></g></l></v><v><l id="118142" t="известно"><g v="PRED"></g><g v="pres"></g></l></v><v><l id="118146" t="известен"><g v="ADJS"></g><g v="Qual"></g><g v="neut"></g><g v="sing"></g></l></v></tfr></token><token id="565514" text=","><tfr rev_id="1398595" t=","><v><l id="0" t=","><g v="PNCT"></g></l></v></tfr></token><token id="565515" text="что"><tfr rev_id="3196495" t="что"><v><l id="377004" t="что"><g v="CONJ"></g></l></v><v><l id="377005" t="что"><g v="NPRO"></g><g v="neut"></g><g v="sing"></g><g v="nomn"></g></l></v><v><l id="377005" t="что"><g v="NPRO"></g><g v="neut"></g><g v="sing"></g><g v="accs"></g></l></v><v><l id="377006" t="что"><g v="ADVB"></g><g v="Ques"></g></l></v><v><l id="388695" t="что"><g v="PRCL"></g></l></v></tfr></token><token id="565516" text="военный"><tfr rev_id="4493852" t="военный"><v><l id="48619" t="военный"><g v="ADJF"></g><g v="masc"></g><g v="sing"></g><g v="nomn"></g></l></v><v><l id="48619" t="военный"><g v="ADJF"></g><g v="inan"></g><g v="masc"></g><g v="sing"></g><g v="accs"></g></l></v></tfr></token><token id="565517" text="бюджет"><tfr rev_id="4099477" t="бюджет"><v><l id="37326" t="бюджет"><g v="NOUN"></g><g v="inan"></g><g v="masc"></g><g v="sing"></g><g v="nomn"></g></l></v></tfr></token><token id="565518" text="Китая"><tfr rev_id="1398599" t="Китая"><v><l id="133640" t="китай"><g v="NOUN"></g><g v="inan"></g><g v="masc"></g><g v="Sgtm"></g><g v="Geox"></g><g v="sing"></g><g v="gent"></g></l></v></tfr></token><token id="565519" text="за"><tfr rev_id="1398600" t="за"><v><l id="98043" t="за"><g v="PREP"></g></l></v></tfr></token><token id="565520" text="последние"><tfr rev_id="4086533" t="последние"><v><l id="261565" t="последний"><g v="ADJF"></g><g v="inan"></g><g v="plur"></g><g v="accs"></g></l></v></tfr></token><token id="565521" text="пять"><tfr rev_id="1398602" t="пять"><v><l id="290440" t="пять"><g v="NUMR"></g><g v="nomn"></g></l></v><v><l id="290440" t="пять"><g v="NUMR"></g><g v="accs"></g></l></v></tfr></token><token id="565522" text="лет"><tfr rev_id="3492256" t="лет"><v><l id="72149" t="год"><g v="NOUN"></g><g v="inan"></g><g v="masc"></g><g v="plur"></g><g v="gent"></g></l></v></tfr></token><token id="565523" text="увеличился"><tfr rev_id="1398604" t="увеличился"><v><l id="353402" t="увеличился"><g v="VERB"></g><g v="perf"></g><g v="intr"></g><g v="masc"></g><g v="sing"></g><g v="past"></g><g v="indc"></g></l></v></tfr></token><token id="565524" text="почти"><tfr rev_id="2691464" t="почти"><v><l id="264793" t="почёл"><g v="VERB"></g><g v="perf"></g><g v="tran"></g><g v="sing"></g><g v="impr"></g><g v="excl"></g></l></v><v><l id="265002" t="почти"><g v="ADVB"></g></l></v><v><l id="265008" t="почтил"><g v="VERB"></g><g v="perf"></g><g v="tran"></g><g v="sing"></g><g v="impr"></g><g v="excl"></g></l></v><v><l id="388672" t="почти"><g v="PRCL"></g></l></v></tfr></token><token id="565525" text="на"><tfr rev_id="3344963" t="на"><v><l id="166264" t="на"><g v="PREP"></g></l></v></tfr></token><token id="565526" text="70"><tfr rev_id="2461037" t="70"><v><l id="0" t="70"><g v="NUMB"></g></l></v></tfr></token><token id="565527" text="%"><tfr rev_id="2442259" t="%"><v><l id="0" t="%"><g v="PNCT"></g></l></v></tfr></token><token id="565528" text=","><tfr rev_id="1398609" t=","><v><l id="0" t=","><g v="PNCT"></g></l></v></tfr></token><token id="565529" text="тогда"><tfr rev_id="1398610" t="тогда"><v><l id="346921" t="тогда"><g v="ADVB"></g><g v="Dmns"></g></l></v></tfr></token><token id="565530" text="как"><tfr rev_id="1398611" t="как"><v><l id="128190" t="как"><g v="CONJ"></g></l></v><v><l id="128191" t="как"><g v="PRCL"></g></l></v><v><l id="128192" t="как"><g v="ADVB"></g><g v="Ques"></g></l></v></tfr></token><token id="565531" text="госрасходы"><tfr rev_id="1398612" t="госрасходы"><v><l id="0" t="госрасходы"><g v="UNKN"></g></l></v></tfr></token><token id="565532" text="Японии"><tfr rev_id="3325507" t="Японии"><v><l id="387993" t="япония"><g v="NOUN"></g><g v="inan"></g><g v="femn"></g><g v="Sgtm"></g><g v="Geox"></g><g v="sing"></g><g v="gent"></g></l></v></tfr></token><token id="565533" text="в"><tfr rev_id="1398614" t="в"><v><l id="37409" t="в"><g v="PREP"></g></l></v></tfr></token><token id="565534" text="оборонной"><tfr rev_id="4424146" t="оборонной"><v><l id="198496" t="оборонный"><g v="ADJF"></g><g v="Qual"></g><g v="femn"></g><g v="sing"></g><g v="loct"></g></l></v></tfr></token><token id="565535" text="сфере"><tfr rev_id="3551812" t="сфере"><v><l id="340544" t="сфера"><g v="NOUN"></g><g v="inan"></g><g v="femn"></g><g v="sing"></g><g v="loct"></g></l></v></tfr></token><token id="565536" text="за"><tfr rev_id="1398617" t="за"><v><l id="98043" t="за"><g v="PREP"></g></l></v></tfr></token><token id="565537" text="тот"><tfr rev_id="3769762" t="тот"><v><l id="348430" t="тот"><g v="ADJF"></g><g v="Subx"></g><g v="Apro"></g><g v="Anph"></g><g v="masc"></g><g v="sing"></g><g v="nomn"></g></l></v><v><l id="348430" t="тот"><g v="ADJF"></g><g v="Subx"></g><g v="Apro"></g><g v="Anph"></g><g v="inan"></g><g v="masc"></g><g v="sing"></g><g v="accs"></g></l></v></tfr></token><token id="565538" text="же"><tfr rev_id="1398619" t="же"><v><l id="96208" t="же"><g v="CONJ"></g></l></v><v><l id="96209" t="же"><g v="PRCL"></g></l></v></tfr></token><token id="565539" text="период"><tfr rev_id="3300662" t="период"><v><l id="237159" t="период"><g v="NOUN"></g><g v="inan"></g><g v="masc"></g><g v="sing"></g><g v="accs"></g></l></v></tfr></token><token id="565540" text="сократились"><tfr rev_id="1398621" t="сократились"><v><l id="328824" t="сократился"><g v="VERB"></g><g v="perf"></g><g v="intr"></g><g v="plur"></g><g v="past"></g><g v="indc"></g></l></v></tfr></token><token id="565541" text="на"><tfr rev_id="3342452" t="на"><v><l id="166264" t="на"><g v="PREP"></g></l></v></tfr></token><token id="565542" text="3"><tfr rev_id="2461038" t="3"><v><l id="0" t="3"><g v="NUMB"></g></l></v></tfr></token><token id="565543" text="%"><tfr rev_id="2442260" t="%"><v><l id="0" t="%"><g v="PNCT"></g></l></v></tfr></token><token id="565544" text=","><tfr rev_id="1398625" t=","><v><l id="0" t=","><g v="PNCT"></g></l></v></tfr></token><token id="565545" text="отмечается"><tfr rev_id="1398626" t="отмечается"><v><l id="215607" t="отмечаюсь"><g v="VERB"></g><g v="impf"></g><g v="intr"></g><g v="sing"></g><g v="3per"></g><g v="pres"></g><g v="indc"></g></l></v></tfr></token><token id="565546" text="в"><tfr rev_id="1398627" t="в"><v><l id="37409" t="в"><g v="PREP"></g></l></v></tfr></token><token id="565547" text="документе"><tfr rev_id="1398628" t="документе"><v><l id="87509" t="документ"><g v="NOUN"></g><g v="inan"></g><g v="masc"></g><g v="sing"></g><g v="loct"></g></l></v></tfr></token><token id="565548" text="."><tfr rev_id="1398629" t="."><v><l id="0" t="."><g v="PNCT"></g></l></v></tfr></token></tokens></sentence></paragraph><paragraph id="10034"><sentence id="31591"><source>Япония, в частности, ожидает, что Китай продолжит расширять присутствие своих военно-морских сил в Южно-Китайском море и Тихом океане – в зонах территориальных претензий Токио.</source><tokens><token id="565549" text="Япония"><tfr rev_id="1398630" t="Япония"><v><l id="387993" t="япония"><g v="NOUN"></g><g v="inan"></g><g v="femn"></g><g v="Sgtm"></g><g v="Geox"></g><g v="sing"></g><g v="nomn"></g></l></v></tfr></token><token id="565550" text=","><tfr rev_id="1398631" t=","><v><l id="0" t=","><g v="PNCT"></g></l></v></tfr></token><token id="565551" text="в"><tfr rev_id="1398632" t="в"><v><l id="37409" t="в"><g v="PREP"></g></l></v></tfr></token><token id="565552" text="частности"><tfr rev_id="3497781" t="частности"><v><l id="374794" t="частность"><g v="NOUN"></g><g v="inan"></g><g v="femn"></g><g v="sing"></g><g v="gent"></g></l></v><v><l id="374794" t="частность"><g v="NOUN"></g><g v="inan"></g><g v="femn"></g><g v="sing"></g><g v="datv"></g></l></v><v><l id="374794" t="частность"><g v="NOUN"></g><g v="inan"></g><g v="femn"></g><g v="sing"></g><g v="loct"></g></l></v></tfr></token><token id="565553" text=","><tfr rev_id="1398634" t=","><v><l id="0" t=","><g v="PNCT"></g></l></v></tfr></token><token id="565554" text="ожидает"><tfr rev_id="1398635" t="ожидает"><v><l id="203945" t="ожидаю"><g v="VERB"></g><g v="impf"></g><g v="tran"></g><g v="sing"></g><g v="3per"></g><g v="pres"></g><g v="indc"></g></l></v></tfr></token><token id="565555" text=","><tfr rev_id="1398636" t=","><v><l id="0" t=","><g v="PNCT"></g></l></v></tfr></token><token id="565556" text="что"><tfr rev_id="3196496" t="что"><v><l id="377004" t="что"><g v="CONJ"></g></l></v><v><l id="377005" t="что"><g v="NPRO"></g><g v="neut"></g><g v="sing"></g><g v="nomn"></g></l></v><v><l id="377005" t="что"><g v="NPRO"></g><g v="neut"></g><g v="sing"></g><g v="accs"></g></l></v><v><l id="377006" t="что"><g v="ADVB"></g><g v="Ques"></g></l></v><v><l id="388695" t="что"><g v="PRCL"></g></l></v></tfr></token><token id="565557" text="Китай"><tfr rev_id="4211324" t="Китай"><v><l id="133640" t="китай"><g v="NOUN"></g><g v="inan"></g><g v="masc"></g><g v="Sgtm"></g><g v="Geox"></g><g v="sing"></g><g v="nomn"></g></l></v></tfr></token><token id="565558" text="продолжит"><tfr rev_id="1398639" t="продолжит"><v><l id="279233" t="продолжил"><g v="VERB"></g><g v="perf"></g><g v="tran"></g><g v="sing"></g><g v="3per"></g><g v="futr"></g><g v="indc"></g></l></v></tfr></token><token id="565559" text="расширять"><tfr rev_id="1398640" t="расширять"><v><l id="303652" t="расширять"><g v="INFN"></g><g v="impf"></g><g v="tran"></g></l></v></tfr></token><token id="565560" text="присутствие"><tfr rev_id="4360025" t="присутствие"><v><l id="275035" t="присутствие"><g v="NOUN"></g><g v="inan"></g><g v="neut"></g><g v="sing"></g><g v="accs"></g></l></v></tfr></token><token id="565561" text="своих"><tfr rev_id="4095738" t="своих"><v><l id="316379" t="свой"><g v="ADJF"></g><g v="Apro"></g><g v="Anph"></g><g v="plur"></g><g v="gent"></g></l></v></tfr></token><token id="565562" text="военно-морских"><tfr rev_id="3553285" t="военно-морских"><v><l id="48588" t="военно-морской"><g v="ADJF"></g><g v="plur"></g><g v="gent"></g></l></v></tfr></token><token id="565563" text="сил"><tfr rev_id="1398644" t="сил"><v><l id="320333" t="сила"><g v="NOUN"></g><g v="inan"></g><g v="femn"></g><g v="plur"></g><g v="gent"></g></l></v></tfr></token><token id="565564" text="в"><tfr rev_id="1398645" t="в"><v><l id="37409" t="в"><g v="PREP"></g></l></v></tfr></token><token id="565565" text="Южно-Китайском"><tfr rev_id="3549219" t="Южно-Китайском"><v><l id="386855" t="южно-китайский"><g v="ADJF"></g><g v="neut"></g><g v="sing"></g><g v="loct"></g></l></v></tfr></token><token id="565566" text="море"><tfr rev_id="4463362" t="море"><v><l id="163556" t="море"><g v="NOUN"></g><g v="inan"></g><g v="neut"></g><g v="sing"></g><g v="loct"></g></l></v></tfr></token><token id="565567" text="и"><tfr rev_id="1398648" t="и"><v><l id="116949" t="и"><g v="CONJ"></g></l></v><v><l id="116950" t="и"><g v="INTJ"></g></l></v></tfr></token><token id="565568" text="Тихом"><tfr rev_id="3472526" t="Тихом"><v><l id="346645" t="тихий"><g v="ADJF"></g><g v="Qual"></g><g v="masc"></g><g v="sing"></g><g v="loct"></g></l></v></tfr></token><token id="565569" text="океане"><tfr rev_id="1398650" t="океане"><v><l id="204675" t="океан"><g v="NOUN"></g><g v="inan"></g><g v="masc"></g><g v="sing"></g><g v="loct"></g></l></v></tfr></token><token id="565570" text="–"><tfr rev_id="2442261" t="–"><v><l id="0" t="–"><g v="PNCT"></g></l></v></tfr></token><token id="565571" text="в"><tfr rev_id="1398652" t="в"><v><l id="37409" t="в"><g v="PREP"></g></l></v></tfr></token><token id="565572" text="зонах"><tfr rev_id="1398653" t="зонах"><v><l id="116338" t="зона"><g v="NOUN"></g><g v="inan"></g><g v="femn"></g><g v="plur"></g><g v="loct"></g></l></v></tfr></token><token id="565573" text="территориальных"><tfr rev_id="3707578" t="территориальных"><v><l id="345618" t="территориальный"><g v="ADJF"></g><g v="plur"></g><g v="gent"></g></l></v></tfr></token><token id="565574" text="претензий"><tfr rev_id="1398655" t="претензий"><v><l id="268418" t="претензия"><g v="NOUN"></g><g v="inan"></g><g v="femn"></g><g v="plur"></g><g v="gent"></g></l></v></tfr></token><token id="565575" text="Токио"><tfr rev_id="4396366" t="Токио"><v><l id="347003" t="токио"><g v="NOUN"></g><g v="inan"></g><g v="masc"></g><g v="Sgtm"></g><g v="Fixd"></g><g v="Geox"></g><g v="sing"></g><g v="gent"></g></l></v></tfr></token><token id="565576" text="."><tfr rev_id="1398657" t="."><v><l id="0" t="."><g v="PNCT"></g></l></v></tfr></token></tokens></sentence><sentence id="31592"><source>«Принимая во внимание модернизацию китайских военно-морских и военно-воздушных сил, можно утверждать, что сфера влияния Китая будет распространяться за пределы ближайших к нему акваторий.</source><tokens><token id="565577" text="«"><tfr rev_id="2442262" t="«"><v><l id="0" t="«"><g v="PNCT"></g></l></v></tfr></token><token id="565578" text="Принимая"><tfr rev_id="1398659" t="Принимая"><v><l id="272588" t="принимая"><g v="GRND"></g><g v="impf"></g><g v="tran"></g><g v="pres"></g></l></v></tfr></token><token id="565579" text="во"><tfr rev_id="2920202" t="во"><v><l id="37409" t="в"><g v="PREP"></g><g v="Vpre"></g></l></v></tfr></token><token id="565580" text="внимание"><tfr rev_id="4099453" t="внимание"><v><l id="47614" t="внимание"><g v="NOUN"></g><g v="inan"></g><g v="neut"></g><g v="sing"></g><g v="accs"></g></l></v></tfr></token><token id="565581" text="модернизацию"><tfr rev_id="1398662" t="модернизацию"><v><l id="162310" t="модернизация"><g v="NOUN"></g><g v="inan"></g><g v="femn"></g><g v="sing"></g><g v="accs"></g></l></v></tfr></token><token id="565582" text="китайских"><tfr rev_id="1398663" t="китайских"><v><l id="133647" t="китайский"><g v="ADJF"></g><g v="plur"></g><g v="gent"></g></l></v><v><l id="133647" t="китайский"><g v="ADJF"></g><g v="anim"></g><g v="plur"></g><g v="accs"></g></l></v><v><l id="133647" t="китайский"><g v="ADJF"></g><g v="plur"></g><g v="loct"></g></l></v></tfr></token><token id="565583" text="военно-морских"><tfr rev_id="4349613" t="военно-морских"><v><l id="48588" t="военно-морской"><g v="ADJF"></g><g v="plur"></g><g v="gent"></g></l></v></tfr></token><token id="565584" text="и"><tfr rev_id="1398665" t="и"><v><l id="116949" t="и"><g v="CONJ"></g></l></v><v><l id="116950" t="и"><g v="INTJ"></g></l></v></tfr></token><token id="565585" text="военно-воздушных"><tfr rev_id="3707526" t="военно-воздушных"><v><l id="48581" t="военно-воздушный"><g v="ADJF"></g><g v="plur"></g><g v="gent"></g></l></v></tfr></token><token id="565586" text="сил"><tfr rev_id="1398667" t="сил"><v><l id="320333" t="сила"><g v="NOUN"></g><g v="inan"></g><g v="femn"></g><g v="plur"></g><g v="gent"></g></l></v></tfr></token><token id="565587" text=","><tfr rev_id="1398668" t=","><v><l id="0" t=","><g v="PNCT"></g></l></v></tfr></token><token id="565588" text="можно"><tfr rev_id="1398669" t="можно"><v><l id="162467" t="можно"><g v="PRED"></g><g v="pres"></g></l></v></tfr></token><token id="565589" text="утверждать"><tfr rev_id="1398670" t="утверждать"><v><l id="361707" t="утверждать"><g v="INFN"></g><g v="impf"></g><g v="tran"></g></l></v><v><l id="361714" t="утверждать"><g v="INFN"></g><g v="impf"></g><g v="intr"></g></l></v></tfr></token><token id="565590" text=","><tfr rev_id="1398671" t=","><v><l id="0" t=","><g v="PNCT"></g></l></v></tfr></token><token id="565591" text="что"><tfr rev_id="3196497" t="что"><v><l id="377004" t="что"><g v="CONJ"></g></l></v><v><l id="377005" t="что"><g v="NPRO"></g><g v="neut"></g><g v="sing"></g><g v="nomn"></g></l></v><v><l id="377005" t="что"><g v="NPRO"></g><g v="neut"></g><g v="sing"></g><g v="accs"></g></l></v><v><l id="377006" t="что"><g v="ADVB"></g><g v="Ques"></g></l></v><v><l id="388695" t="что"><g v="PRCL"></g></l></v></tfr></token><token id="565592" text="сфера"><tfr rev_id="1398673" t="сфера"><v><l id="340544" t="сфера"><g v="NOUN"></g><g v="inan"></g><g v="femn"></g><g v="sing"></g><g v="nomn"></g></l></v></tfr></token><token id="565593" text="влияния"><tfr rev_id="3463026" t="влияния"><v><l id="46951" t="влияние"><g v="NOUN"></g><g v="inan"></g><g v="neut"></g><g v="sing"></g><g v="gent"></g></l></v></tfr></token><token id="565594" text="Китая"><tfr rev_id="1398675" t="Китая"><v><l id="133640" t="китай"><g v="NOUN"></g><g v="inan"></g><g v="masc"></g><g v="Sgtm"></g><g v="Geox"></g><g v="sing"></g><g v="gent"></g></l></v></tfr></token><token id="565595" text="будет"><tfr rev_id="1398676" t="будет"><v><l id="37265" t="есть"><g v="VERB"></g><g v="impf"></g><g v="intr"></g><g v="sing"></g><g v="3per"></g><g v="futr"></g><g v="indc"></g></l></v></tfr></token><token id="565596" text="распространяться"><tfr rev_id="1398677" t="распространяться"><v><l id="300356" t="распространяться"><g v="INFN"></g><g v="impf"></g><g v="intr"></g></l></v></tfr></token><token id="565597" text="за"><tfr rev_id="1398678" t="за"><v><l id="98043" t="за"><g v="PREP"></g></l></v></tfr></token><token id="565598" text="пределы"><tfr rev_id="3727538" t="пределы"><v><l id="266447" t="предел"><g v="NOUN"></g><g v="inan"></g><g v="masc"></g><g v="plur"></g><g v="accs"></g></l></v></tfr></token><token id="565599" text="ближайших"><tfr rev_id="4430944" t="ближайших"><v><l id="30857" t="ближайший"><g v="ADJF"></g><g v="Supr"></g><g v="Qual"></g><g v="plur"></g><g v="gent"></g></l></v></tfr></token><token id="565600" text="к"><tfr rev_id="1398681" t="к"><v><l id="127460" t="к"><g v="PREP"></g></l></v></tfr></token><token id="565601" text="нему"><tfr rev_id="4529593" t="нему"><v><l id="206541" t="он"><g v="NPRO"></g><g v="masc"></g><g v="3per"></g><g v="Anph"></g><g v="sing"></g><g v="datv"></g><g v="Af-p"></g></l></v><v><l id="206649" t="оно"><g v="NPRO"></g><g v="neut"></g><g v="3per"></g><g v="Anph"></g><g v="sing"></g><g v="datv"></g><g v="Af-p"></g></l></v></tfr></token><token id="565602" text="акваторий"><tfr rev_id="1398683" t="акваторий"><v><l id="6917" t="акватория"><g v="NOUN"></g><g v="inan"></g><g v="femn"></g><g v="plur"></g><g v="gent"></g></l></v></tfr></token><token id="565603" text="."><tfr rev_id="1398684" t="."><v><l id="0" t="."><g v="PNCT"></g></l></v></tfr></token></tokens></sentence><sentence id="31593"><source>Китай будет пытаться сделать свою морскую активность регулярной в водах, окружающих японские острова, включая Восточно-Китайское море, Тихий океан, а также Южно-Китайское море»,</source><tokens><token id="565604" text="Китай"><tfr rev_id="4099155" t="Китай"><v><l id="133640" t="китай"><g v="NOUN"></g><g v="inan"></g><g v="masc"></g><g v="Sgtm"></g><g v="Geox"></g><g v="sing"></g><g v="nomn"></g></l></v></tfr></token><token id="565605" text="будет"><tfr rev_id="1398686" t="будет"><v><l id="37265" t="есть"><g v="VERB"></g><g v="impf"></g><g v="intr"></g><g v="sing"></g><g v="3per"></g><g v="futr"></g><g v="indc"></g></l></v></tfr></token><token id="565606" text="пытаться"><tfr rev_id="1398687" t="пытаться"><v><l id="290087" t="пытаться"><g v="INFN"></g><g v="impf"></g><g v="intr"></g></l></v></tfr></token><token id="565607" text="сделать"><tfr rev_id="1398688" t="сделать"><v><l id="317247" t="сделать"><g v="INFN"></g><g v="perf"></g><g v="tran"></g></l></v></tfr></token><token id="565608" text="свою"><tfr rev_id="3632230" t="свою"><v><l id="316379" t="свой"><g v="ADJF"></g><g v="Apro"></g><g v="Anph"></g><g v="femn"></g><g v="sing"></g><g v="accs"></g></l></v></tfr></token><token id="565609" text="морскую"><tfr rev_id="1398690" t="морскую"><v><l id="163742" t="морской"><g v="ADJF"></g><g v="femn"></g><g v="sing"></g><g v="accs"></g></l></v></tfr></token><token id="565610" text="активность"><tfr rev_id="4360015" t="активность"><v><l id="7664" t="активность"><g v="NOUN"></g><g v="inan"></g><g v="femn"></g><g v="sing"></g><g v="accs"></g></l></v></tfr></token><token id="565611" text="регулярной"><tfr rev_id="4343280" t="регулярной"><v><l id="304946" t="регулярный"><g v="ADJF"></g><g v="Qual"></g><g v="femn"></g><g v="sing"></g><g v="ablt"></g></l></v></tfr></token><token id="565612" text="в"><tfr rev_id="1398693" t="в"><v><l id="37409" t="в"><g v="PREP"></g></l></v></tfr></token><token id="565613" text="водах"><tfr rev_id="4280798" t="водах"><v><l id="48014" t="вода"><g v="NOUN"></g><g v="inan"></g><g v="femn"></g><g v="plur"></g><g v="loct"></g></l></v></tfr></token><token id="565614" text=","><tfr rev_id="1398695" t=","><v><l id="0" t=","><g v="PNCT"></g></l></v></tfr></token><token id="565615" text="окружающих"><tfr rev_id="4535628" t="окружающих"><v><l id="205521" t="окружающий"><g v="PRTF"></g><g v="impf"></g><g v="tran"></g><g v="pres"></g><g v="actv"></g><g v="plur"></g><g v="gent"></g></l></v><v><l id="205521" t="окружающий"><g v="PRTF"></g><g v="impf"></g><g v="tran"></g><g v="pres"></g><g v="actv"></g><g v="anim"></g><g v="plur"></g><g v="accs"></g></l></v><v><l id="205521" t="окружающий"><g v="PRTF"></g><g v="impf"></g><g v="tran"></g><g v="pres"></g><g v="actv"></g><g v="plur"></g><g v="loct"></g></l></v></tfr></token><token id="565616" text="японские"><tfr rev_id="3751491" t="японские"><v><l id="387997" t="японский"><g v="ADJF"></g><g v="inan"></g><g v="plur"></g><g v="accs"></g></l></v></tfr></token><token id="565617" text="острова"><tfr rev_id="3814470" t="острова"><v><l id="211180" t="остров"><g v="NOUN"></g><g v="inan"></g><g v="masc"></g><g v="plur"></g><g v="accs"></g></l></v></tfr></token><token id="565618" text=","><tfr rev_id="1398699" t=","><v><l id="0" t=","><g v="PNCT"></g></l></v></tfr></token><token id="565619" text="включая"><tfr rev_id="3325405" t="включая"><v><l id="46206" t="включая"><g v="PREP"></g></l></v></tfr></token><token id="565620" text="Восточно-Китайское"><tfr rev_id="1398701" t="Восточно-Китайское"><v><l id="51969" t="восточно-китайский"><g v="ADJF"></g><g v="neut"></g><g v="sing"></g><g v="nomn"></g></l></v><v><l id="51969" t="восточно-китайский"><g v="ADJF"></g><g v="neut"></g><g v="sing"></g><g v="accs"></g></l></v></tfr></token><token id="565621" text="море"><tfr rev_id="4465350" t="море"><v><l id="163556" t="море"><g v="NOUN"></g><g v="inan"></g><g v="neut"></g><g v="sing"></g><g v="accs"></g></l></v></tfr></token><token id="565622" text=","><tfr rev_id="1398703" t=","><v><l id="0" t=","><g v="PNCT"></g></l></v></tfr></token><token id="565623" text="Тихий"><tfr rev_id="3667629" t="Тихий"><v><l id="346645" t="тихий"><g v="ADJF"></g><g v="Qual"></g><g v="inan"></g><g v="masc"></g><g v="sing"></g><g v="accs"></g></l></v></tfr></token><token id="565624" text="океан"><tfr rev_id="4094063" t="океан"><v><l id="204675" t="океан"><g v="NOUN"></g><g v="inan"></g><g v="masc"></g><g v="sing"></g><g v="accs"></g></l></v></tfr></token><token id="565625" text=","><tfr rev_id="1398706" t=","><v><l id="0" t=","><g v="PNCT"></g></l></v></tfr></token><token id="565626" text="а"><tfr rev_id="3487667" t="а"><v><l id="51" t="а"><g v="CONJ"></g></l></v></tfr></token><token id="565627" text="также"><tfr rev_id="4267661" t="также"><v><l id="342482" t="также"><g v="PRCL"></g></l></v></tfr></token><token id="565628" text="Южно-Китайское"><tfr rev_id="1398709" t="Южно-Китайское"><v><l id="386855" t="южно-китайский"><g v="ADJF"></g><g v="neut"></g><g v="sing"></g><g v="nomn"></g></l></v><v><l id="386855" t="южно-китайский"><g v="ADJF"></g><g v="neut"></g><g v="sing"></g><g v="accs"></g></l></v></tfr></token><token id="565629" text="море"><tfr rev_id="4470440" t="море"><v><l id="163556" t="море"><g v="NOUN"></g><g v="inan"></g><g v="neut"></g><g v="sing"></g><g v="accs"></g></l></v></tfr></token><token id="565630" text="»"><tfr rev_id="2442263" t="»"><v><l id="0" t="»"><g v="PNCT"></g></l></v></tfr></token><token id="565631" text=","><tfr rev_id="1398712" t=","><v><l id="0" t=","><g v="PNCT"></g></l></v></tfr></token></tokens></sentence><sentence id="31594"><source>- цитирует РБК японский отчёт.</source><tokens><token id="565632" text="-"><tfr rev_id="1398713" t="-"><v><l id="0" t="-"><g v="PNCT"></g></l></v></tfr></token><token id="565633" text="цитирует"><tfr rev_id="1398714" t="цитирует"><v><l id="374102" t="цитирую"><g v="VERB"></g><g v="impf"></g><g v="tran"></g><g v="sing"></g><g v="3per"></g><g v="pres"></g><g v="indc"></g></l></v></tfr></token><token id="565634" text="РБК"><tfr rev_id="4574084" t="РБК"><v><l id="389058" t="рбк"><g v="NOUN"></g><g v="inan"></g><g v="femn"></g><g v="Sgtm"></g><g v="Fixd"></g><g v="Abbr"></g><g v="Orgn"></g><g v="sing"></g><g v="nomn"></g></l></v></tfr></token><token id="565635" text="японский"><tfr rev_id="1398716" t="японский"><v><l id="387997" t="японский"><g v="ADJF"></g><g v="masc"></g><g v="sing"></g><g v="nomn"></g></l></v><v><l id="387997" t="японский"><g v="ADJF"></g><g v="inan"></g><g v="masc"></g><g v="sing"></g><g v="accs"></g></l></v></tfr></token><token id="565636" text="отчёт"><tfr rev_id="4096760" t="отчёт"><v><l id="219980" t="отчёт"><g v="NOUN"></g><g v="inan"></g><g v="masc"></g><g v="sing"></g><g v="accs"></g></l></v></tfr></token><token id="565637" text="."><tfr rev_id="1398718" t="."><v><l id="0" t="."><g v="PNCT"></g></l></v></tfr></token></tokens></sentence></paragraph><paragraph id="10035"><sentence id="31595"><source>Минобороны Страны Восходящего солнца также обвиняет КНДР в незаконных ракетно-ядерных разработках и указывает на провокационное поведение этой страны на Корейском полуострове.</source><tokens><token id="565638" text="Минобороны"><tfr rev_id="4322044" t="Минобороны"><v><l id="160645" t="минобороны"><g v="NOUN"></g><g v="inan"></g><g v="neut"></g><g v="Sgtm"></g><g v="Fixd"></g><g v="Orgn"></g><g v="sing"></g><g v="nomn"></g></l></v></tfr></token><token id="565639" text="Страны"><tfr rev_id="3482355" t="Страны"><v><l id="337100" t="страна"><g v="NOUN"></g><g v="inan"></g><g v="femn"></g><g v="sing"></g><g v="gent"></g></l></v></tfr></token><token id="565640" text="Восходящего"><tfr rev_id="4296969" t="Восходящего"><v><l id="52106" t="восходящий"><g v="PRTF"></g><g v="impf"></g><g v="intr"></g><g v="pres"></g><g v="actv"></g><g v="neut"></g><g v="sing"></g><g v="gent"></g></l></v></tfr></token><token id="565641" text="солнца"><tfr rev_id="3436092" t="солнца"><v><l id="329068" t="солнце"><g v="NOUN"></g><g v="inan"></g><g v="neut"></g><g v="sing"></g><g v="gent"></g></l></v></tfr></token><token id="565642" text="также"><tfr rev_id="4267662" t="также"><v><l id="342482" t="также"><g v="PRCL"></g></l></v></tfr></token><token id="565643" text="обвиняет"><tfr rev_id="1398724" t="обвиняет"><v><l id="193422" t="обвиняю"><g v="VERB"></g><g v="impf"></g><g v="tran"></g><g v="sing"></g><g v="3per"></g><g v="pres"></g><g v="indc"></g></l></v></tfr></token><token id="565644" text="КНДР"><tfr rev_id="4153747" t="КНДР"><v><l id="134819" t="кндр"><g v="NOUN"></g><g v="inan"></g><g v="femn"></g><g v="Sgtm"></g><g v="Fixd"></g><g v="Abbr"></g><g v="Geox"></g><g v="sing"></g><g v="accs"></g></l></v></tfr></token><token id="565645" text="в"><tfr rev_id="1398726" t="в"><v><l id="37409" t="в"><g v="PREP"></g></l></v></tfr></token><token id="565646" text="незаконных"><tfr rev_id="3532650" t="незаконных"><v><l id="182226" t="незаконный"><g v="ADJF"></g><g v="Qual"></g><g v="plur"></g><g v="loct"></g></l></v></tfr></token><token id="565647" text="ракетно-ядерных"><tfr rev_id="4196870" t="ракетно-ядерных"><v><l id="297653" t="ракетно-ядерный"><g v="ADJF"></g><g v="plur"></g><g v="loct"></g></l></v></tfr></token><token id="565648" text="разработках"><tfr rev_id="1398729" t="разработках"><v><l id="296485" t="разработка"><g v="NOUN"></g><g v="inan"></g><g v="femn"></g><g v="plur"></g><g v="loct"></g></l></v></tfr></token><token id="565649" text="и"><tfr rev_id="3690535" t="и"><v><l id="116949" t="и"><g v="CONJ"></g></l></v></tfr></token><token id="565650" text="указывает"><tfr rev_id="1398731" t="указывает"><v><l id="355940" t="указываю"><g v="VERB"></g><g v="impf"></g><g v="tran"></g><g v="sing"></g><g v="3per"></g><g v="pres"></g><g v="indc"></g></l></v></tfr></token><token id="565651" text="на"><tfr rev_id="3394299" t="на"><v><l id="166264" t="на"><g v="PREP"></g></l></v></tfr></token><token id="565652" text="провокационное"><tfr rev_id="1398733" t="провокационное"><v><l id="278123" t="провокационный"><g v="ADJF"></g><g v="neut"></g><g v="sing"></g><g v="nomn"></g></l></v><v><l id="278123" t="провокационный"><g v="ADJF"></g><g v="neut"></g><g v="sing"></g><g v="accs"></g></l></v></tfr></token><token id="565653" text="поведение"><tfr rev_id="4348414" t="поведение"><v><l id="242109" t="поведение"><g v="NOUN"></g><g v="inan"></g><g v="neut"></g><g v="sing"></g><g v="accs"></g></l></v></tfr></token><token id="565654" text="этой"><tfr rev_id="4437975" t="этой"><v><l id="386581" t="этот"><g v="ADJF"></g><g v="Subx"></g><g v="Apro"></g><g v="Anph"></g><g v="femn"></g><g v="sing"></g><g v="gent"></g></l></v></tfr></token><token id="565655" text="страны"><tfr rev_id="3494935" t="страны"><v><l id="337100" t="страна"><g v="NOUN"></g><g v="inan"></g><g v="femn"></g><g v="sing"></g><g v="gent"></g></l></v></tfr></token><token id="565656" text="на"><tfr rev_id="3338038" t="на"><v><l id="166264" t="на"><g v="PREP"></g></l></v></tfr></token><token id="565657" text="Корейском"><tfr rev_id="3481597" t="Корейском"><v><l id="139552" t="корейский"><g v="ADJF"></g><g v="masc"></g><g v="sing"></g><g v="loct"></g></l></v></tfr></token><token id="565658" text="полуострове"><tfr rev_id="1398739" t="полуострове"><v><l id="256793" t="полуостров"><g v="NOUN"></g><g v="inan"></g><g v="masc"></g><g v="sing"></g><g v="loct"></g></l></v></tfr></token><token id="565659" text="."><tfr rev_id="1398740" t="."><v><l id="0" t="."><g v="PNCT"></g></l></v></tfr></token></tokens></sentence><sentence id="31596"><source>«Северокорейские ядерные испытания представляют серьёзную угрозу безопасности нашего государства, вредят миру и стабильности в Северо-Восточной Азии», - говорится в докладе министерства.</source><tokens><token id="565660" text="«"><tfr rev_id="2442264" t="«"><v><l id="0" t="«"><g v="PNCT"></g></l></v></tfr></token><token id="565661" text="Северокорейские"><tfr rev_id="3742367" t="Северокорейские"><v><l id="317567" t="северокорейский"><g v="ADJF"></g><g v="Geox"></g><g v="plur"></g><g v="nomn"></g></l></v></tfr></token><token id="565662" text="ядерные"><tfr rev_id="3793988" t="ядерные"><v><l id="387483" t="ядерный"><g v="ADJF"></g><g v="Qual"></g><g v="plur"></g><g v="nomn"></g></l></v></tfr></token><token id="565663" text="испытания"><tfr rev_id="3799936" t="испытания"><v><l id="125658" t="испытание"><g v="NOUN"></g><g v="inan"></g><g v="neut"></g><g v="plur"></g><g v="nomn"></g></l></v></tfr></token><token id="565664" text="представляют"><tfr rev_id="1398745" t="представляют"><v><l id="267112" t="представляю"><g v="VERB"></g><g v="impf"></g><g v="tran"></g><g v="plur"></g><g v="3per"></g><g v="pres"></g><g v="indc"></g></l></v></tfr></token><token id="565665" text="серьёзную"><tfr rev_id="1398746" t="серьёзную"><v><l id="319559" t="серьёзный"><g v="ADJF"></g><g v="Qual"></g><g v="femn"></g><g v="sing"></g><g v="accs"></g></l></v></tfr></token><token id="565666" text="угрозу"><tfr rev_id="1398747" t="угрозу"><v><l id="354549" t="угроза"><g v="NOUN"></g><g v="inan"></g><g v="femn"></g><g v="sing"></g><g v="accs"></g></l></v></tfr></token><token id="565667" text="безопасности"><tfr rev_id="4178303" t="безопасности"><v><l id="26215" t="безопасность"><g v="NOUN"></g><g v="inan"></g><g v="femn"></g><g v="sing"></g><g v="datv"></g></l></v></tfr></token><token id="565668" text="нашего"><tfr rev_id="3946450" t="нашего"><v><l id="178492" t="наш"><g v="ADJF"></g><g v="Apro"></g><g v="neut"></g><g v="sing"></g><g v="gent"></g></l></v></tfr></token><token id="565669" text="государства"><tfr rev_id="3456566" t="государства"><v><l id="74164" t="государство"><g v="NOUN"></g><g v="inan"></g><g v="neut"></g><g v="sing"></g><g v="gent"></g></l></v></tfr></token><token id="565670" text=","><tfr rev_id="1398751" t=","><v><l id="0" t=","><g v="PNCT"></g></l></v></tfr></token><token id="565671" text="вредят"><tfr rev_id="1398752" t="вредят"><v><l id="53071" t="врежу"><g v="VERB"></g><g v="impf"></g><g v="intr"></g><g v="plur"></g><g v="3per"></g><g v="pres"></g><g v="indc"></g></l></v></tfr></token><token id="565672" text="миру"><tfr rev_id="3723544" t="миру"><v><l id="160807" t="мир"><g v="NOUN"></g><g v="inan"></g><g v="masc"></g><g v="sing"></g><g v="datv"></g></l></v></tfr></token><token id="565673" text="и"><tfr rev_id="1398754" t="и"><v><l id="116949" t="и"><g v="CONJ"></g></l></v><v><l id="116950" t="и"><g v="INTJ"></g></l></v></tfr></token><token id="565674" text="стабильности"><tfr rev_id="4269937" t="стабильности"><v><l id="334296" t="стабильность"><g v="NOUN"></g><g v="inan"></g><g v="femn"></g><g v="sing"></g><g v="datv"></g></l></v></tfr></token><token id="565675" text="в"><tfr rev_id="1398756" t="в"><v><l id="37409" t="в"><g v="PREP"></g></l></v></tfr></token><token id="565676" text="Северо-Восточной"><tfr rev_id="4316233" t="Северо-Восточной"><v><l id="317524" t="северо-восточный"><g v="ADJF"></g><g v="femn"></g><g v="sing"></g><g v="loct"></g></l></v></tfr></token><token id="565677" text="Азии"><tfr rev_id="3325470" t="Азии"><v><l id="5800" t="азия"><g v="NOUN"></g><g v="inan"></g><g v="femn"></g><g v="Sgtm"></g><g v="Geox"></g><g v="sing"></g><g v="loct"></g></l></v></tfr></token><token id="565678" text="»"><tfr rev_id="2442265" t="»"><v><l id="0" t="»"><g v="PNCT"></g></l></v></tfr></token><token id="565679" text=","><tfr rev_id="1398760" t=","><v><l id="0" t=","><g v="PNCT"></g></l></v></tfr></token><token id="565680" text="-"><tfr rev_id="1398761" t="-"><v><l id="0" t="-"><g v="PNCT"></g></l></v></tfr></token><token id="565681" text="говорится"><tfr rev_id="1398762" t="говорится"><v><l id="72062" t="говорюсь"><g v="VERB"></g><g v="impf"></g><g v="intr"></g><g v="sing"></g><g v="3per"></g><g v="pres"></g><g v="indc"></g></l></v></tfr></token><token id="565682" text="в"><tfr rev_id="1398763" t="в"><v><l id="37409" t="в"><g v="PREP"></g></l></v></tfr></token><token id="565683" text="докладе"><tfr rev_id="1398764" t="докладе"><v><l id="87236" t="доклад"><g v="NOUN"></g><g v="inan"></g><g v="masc"></g><g v="sing"></g><g v="loct"></g></l></v></tfr></token><token id="565684" text="министерства"><tfr rev_id="3476702" t="министерства"><v><l id="160612" t="министерство"><g v="NOUN"></g><g v="inan"></g><g v="neut"></g><g v="sing"></g><g v="gent"></g></l></v></tfr></token><token id="565685" text="."><tfr rev_id="1398766" t="."><v><l id="0" t="."><g v="PNCT"></g></l></v></tfr></token></tokens></sentence><sentence id="31597"><source>В нём также указывается, что залогом безопасности в регионе остается стратегический альянс Японии с Соединенными Штатами, сложившийся после Второй мировой войны.</source><tokens><token id="565686" text="В"><tfr rev_id="1398767" t="В"><v><l id="37409" t="в"><g v="PREP"></g></l></v></tfr></token><token id="565687" text="нём"><tfr rev_id="4530150" t="нём"><v><l id="206541" t="он"><g v="NPRO"></g><g v="masc"></g><g v="3per"></g><g v="Anph"></g><g v="sing"></g><g v="loct"></g><g v="Af-p"></g></l></v><v><l id="206649" t="оно"><g v="NPRO"></g><g v="neut"></g><g v="3per"></g><g v="Anph"></g><g v="sing"></g><g v="loct"></g><g v="Af-p"></g></l></v></tfr></token><token id="565688" text="также"><tfr rev_id="4267663" t="также"><v><l id="342482" t="также"><g v="PRCL"></g></l></v></tfr></token><token id="565689" text="указывается"><tfr rev_id="1398770" t="указывается"><v><l id="355947" t="указываюсь"><g v="VERB"></g><g v="impf"></g><g v="intr"></g><g v="sing"></g><g v="3per"></g><g v="pres"></g><g v="indc"></g></l></v></tfr></token><token id="565690" text=","><tfr rev_id="1398771" t=","><v><l id="0" t=","><g v="PNCT"></g></l></v></tfr></token><token id="565691" text="что"><tfr rev_id="3196498" t="что"><v><l id="377004" t="что"><g v="CONJ"></g></l></v><v><l id="377005" t="что"><g v="NPRO"></g><g v="neut"></g><g v="sing"></g><g v="nomn"></g></l></v><v><l id="377005" t="что"><g v="NPRO"></g><g v="neut"></g><g v="sing"></g><g v="accs"></g></l></v><v><l id="377006" t="что"><g v="ADVB"></g><g v="Ques"></g></l></v><v><l id="388695" t="что"><g v="PRCL"></g></l></v></tfr></token><token id="565692" text="залогом"><tfr rev_id="1398773" t="залогом"><v><l id="104834" t="залог"><g v="NOUN"></g><g v="inan"></g><g v="masc"></g><g v="sing"></g><g v="ablt"></g></l></v></tfr></token><token id="565693" text="безопасности"><tfr rev_id="3508994" t="безопасности"><v><l id="26215" t="безопасность"><g v="NOUN"></g><g v="inan"></g><g v="femn"></g><g v="sing"></g><g v="gent"></g></l></v><v><l id="26215" t="безопасность"><g v="NOUN"></g><g v="inan"></g><g v="femn"></g><g v="sing"></g><g v="datv"></g></l></v><v><l id="26215" t="безопасность"><g v="NOUN"></g><g v="inan"></g><g v="femn"></g><g v="sing"></g><g v="loct"></g></l></v></tfr></token><token id="565694" text="в"><tfr rev_id="1398775" t="в"><v><l id="37409" t="в"><g v="PREP"></g></l></v></tfr></token><token id="565695" text="регионе"><tfr rev_id="1398776" t="регионе"><v><l id="304808" t="регион"><g v="NOUN"></g><g v="inan"></g><g v="masc"></g><g v="sing"></g><g v="loct"></g></l></v></tfr></token><token id="565696" text="остается"><tfr rev_id="1398777" t="остается"><v><l id="210812" t="остаюсь"><g v="VERB"></g><g v="impf"></g><g v="intr"></g><g v="sing"></g><g v="3per"></g><g v="pres"></g><g v="indc"></g></l></v></tfr></token><token id="565697" text="стратегический"><tfr rev_id="3281782" t="стратегический"><v><l id="337167" t="стратегический"><g v="ADJF"></g><g v="masc"></g><g v="sing"></g><g v="nomn"></g></l></v></tfr></token><token id="565698" text="альянс"><tfr rev_id="1398779" t="альянс"><v><l id="10904" t="альянс"><g v="NOUN"></g><g v="inan"></g><g v="masc"></g><g v="sing"></g><g v="nomn"></g></l></v><v><l id="10904" t="альянс"><g v="NOUN"></g><g v="inan"></g><g v="masc"></g><g v="sing"></g><g v="accs"></g></l></v></tfr></token><token id="565699" text="Японии"><tfr rev_id="3454997" t="Японии"><v><l id="387993" t="япония"><g v="NOUN"></g><g v="inan"></g><g v="femn"></g><g v="Sgtm"></g><g v="Geox"></g><g v="sing"></g><g v="gent"></g></l></v></tfr></token><token id="565700" text="с"><tfr rev_id="1398781" t="с"><v><l id="311151" t="с"><g v="PREP"></g></l></v></tfr></token><token id="565701" text="Соединенными"><tfr rev_id="3685344" t="Соединенными"><v><l id="328493" t="соединённый"><g v="PRTF"></g><g v="perf"></g><g v="tran"></g><g v="past"></g><g v="pssv"></g><g v="Adjx"></g><g v="plur"></g><g v="ablt"></g></l></v></tfr></token><token id="565702" text="Штатами"><tfr rev_id="1398783" t="Штатами"><v><l id="381334" t="штат"><g v="NOUN"></g><g v="inan"></g><g v="masc"></g><g v="plur"></g><g v="ablt"></g></l></v></tfr></token><token id="565703" text=","><tfr rev_id="1398784" t=","><v><l id="0" t=","><g v="PNCT"></g></l></v></tfr></token><token id="565704" text="сложившийся"><tfr rev_id="1398785" t="сложившийся"><v><l id="325252" t="сложившийся"><g v="PRTF"></g><g v="perf"></g><g v="intr"></g><g v="past"></g><g v="actv"></g><g v="masc"></g><g v="sing"></g><g v="nomn"></g></l></v><v><l id="325252" t="сложившийся"><g v="PRTF"></g><g v="perf"></g><g v="intr"></g><g v="past"></g><g v="actv"></g><g v="inan"></g><g v="masc"></g><g v="sing"></g><g v="accs"></g></l></v></tfr></token><token id="565705" text="после"><tfr rev_id="4405993" t="после"><v><l id="261542" t="после"><g v="PREP"></g></l></v></tfr></token><token id="565706" text="Второй"><tfr rev_id="4404239" t="Второй"><v><l id="55043" t="второй"><g v="ADJF"></g><g v="Anum"></g><g v="femn"></g><g v="sing"></g><g v="gent"></g></l></v></tfr></token><token id="565707" text="мировой"><tfr rev_id="4015290" t="мировой"><v><l id="160894" t="мировой"><g v="ADJF"></g><g v="femn"></g><g v="sing"></g><g v="gent"></g></l></v><v><l id="160894" t="мировой"><g v="ADJF"></g><g v="femn"></g><g v="sing"></g><g v="datv"></g></l></v><v><l id="160894" t="мировой"><g v="ADJF"></g><g v="femn"></g><g v="sing"></g><g v="ablt"></g></l></v><v><l id="160894" t="мировой"><g v="ADJF"></g><g v="femn"></g><g v="sing"></g><g v="loct"></g></l></v></tfr></token><token id="565708" text="войны"><tfr rev_id="3476806" t="войны"><v><l id="49721" t="война"><g v="NOUN"></g><g v="inan"></g><g v="femn"></g><g v="sing"></g><g v="gent"></g></l></v></tfr></token><token id="565709" text="."><tfr rev_id="1398790" t="."><v><l id="0" t="."><g v="PNCT"></g></l></v></tfr></token></tokens></sentence></paragraph><paragraph id="10036"><sentence id="31598"><source>О военной мощи Китая читайте в статье Частного корреспондента «Широко шагает Народно-освободительная»</source><tokens><token id="565710" text="О"><tfr rev_id="3326134" t="О"><v><l id="192977" t="о"><g v="PREP"></g></l></v></tfr></token><token id="565711" text="военной"><tfr rev_id="4494029" t="военной"><v><l id="48619" t="военный"><g v="ADJF"></g><g v="femn"></g><g v="sing"></g><g v="loct"></g></l></v></tfr></token><token id="565712" text="мощи"><tfr rev_id="4390617" t="мощи"><v><l id="164533" t="мощь"><g v="NOUN"></g><g v="inan"></g><g v="femn"></g><g v="sing"></g><g v="loct"></g></l></v></tfr></token><token id="565713" text="Китая"><tfr rev_id="1398794" t="Китая"><v><l id="133640" t="китай"><g v="NOUN"></g><g v="inan"></g><g v="masc"></g><g v="Sgtm"></g><g v="Geox"></g><g v="sing"></g><g v="gent"></g></l></v></tfr></token><token id="565714" text="читайте"><tfr rev_id="1398795" t="читайте"><v><l id="376719" t="читаю"><g v="VERB"></g><g v="impf"></g><g v="tran"></g><g v="plur"></g><g v="impr"></g><g v="excl"></g></l></v></tfr></token><token id="565715" text="в"><tfr rev_id="1398796" t="в"><v><l id="37409" t="в"><g v="PREP"></g></l></v></tfr></token><token id="565716" text="статье"><tfr rev_id="1718540" t="статье"><v><l id="335173" t="статья"><g v="NOUN"></g><g v="inan"></g><g v="femn"></g><g v="sing"></g><g v="loct"></g></l></v></tfr></token><token id="565717" text="Частного"><tfr rev_id="4349111" t="Частного"><v><l id="374795" t="частный"><g v="ADJF"></g><g v="Qual"></g><g v="masc"></g><g v="sing"></g><g v="gent"></g></l></v><v><l id="374795" t="частный"><g v="ADJF"></g><g v="Qual"></g><g v="anim"></g><g v="masc"></g><g v="sing"></g><g v="accs"></g></l></v></tfr></token><token id="565718" text="корреспондента"><tfr rev_id="2827086" t="корреспондента"><v><l id="140239" t="корреспондент"><g v="NOUN"></g><g v="anim"></g><g v="masc"></g><g v="sing"></g><g v="gent"></g></l></v></tfr></token><token id="565719" text="«"><tfr rev_id="2442266" t="«"><v><l id="0" t="«"><g v="PNCT"></g></l></v></tfr></token><token id="565720" text="Широко"><tfr rev_id="1398801" t="Широко"><v><l id="379818" t="широк"><g v="ADJS"></g><g v="Qual"></g><g v="neut"></g><g v="sing"></g></l></v><v><l id="379823" t="широко"><g v="ADVB"></g></l></v></tfr></token><token id="565721" text="шагает"><tfr rev_id="1398802" t="шагает"><v><l id="377659" t="шагаю"><g v="VERB"></g><g v="impf"></g><g v="intr"></g><g v="sing"></g><g v="3per"></g><g v="pres"></g><g v="indc"></g></l></v></tfr></token><token id="565722" text="Народно-освободительная"><tfr rev_id="4539743" t="Народно-освободительная"><v><l id="392913" t="народно-освободительный"><g v="ADJF"></g><g v="femn"></g><g v="sing"></g><g v="nomn"></g></l></v></tfr></token><token id="565723" text="»"><tfr rev_id="2442267" t="»"><v><l id="0" t="»"><g v="PNCT"></g></l></v></tfr></token></tokens></sentence></paragraph></paragraphs></text>