<?xml version="1.0" encoding="utf-8"?><text id="1026" parent="226" name="13991 ВВС ищет оправданий"><tags><tag>url:http://www.chaskor.ru/news/vvs_ishchet_opravdanij_13991</tag><tag>Год:2010</tag><tag>Дата:05/01</tag><tag>Тема:ЧасКор:Медиа</tag><tag>Тема:ЧасКор:Медиа/Информационное право</tag></tags><paragraphs><paragraph id="10059"><sentence id="31677"><source>ВВС ищет оправданий</source><tokens><token id="567450" text="ВВС"><tfr rev_id="4493085" t="ВВС"><v><l id="39845" t="ввс"><g v="NOUN"></g><g v="inan"></g><g v="GNdr"></g><g v="Pltm"></g><g v="Fixd"></g><g v="Abbr"></g><g v="Orgn"></g><g v="plur"></g><g v="nomn"></g></l></v></tfr></token><token id="567451" text="ищет"><tfr rev_id="1400532" t="ищет"><v><l id="124299" t="ищу"><g v="VERB"></g><g v="impf"></g><g v="tran"></g><g v="sing"></g><g v="3per"></g><g v="pres"></g><g v="indc"></g></l></v></tfr></token><token id="567452" text="оправданий"><tfr rev_id="1400533" t="оправданий"><v><l id="207908" t="оправдание"><g v="NOUN"></g><g v="inan"></g><g v="neut"></g><g v="plur"></g><g v="gent"></g></l></v></tfr></token></tokens></sentence><sentence id="31678"><source>Корпорация хочет доказать, что не транжирит деньги.</source><tokens><token id="567453" text="Корпорация"><tfr rev_id="1400534" t="Корпорация"><v><l id="140149" t="корпорация"><g v="NOUN"></g><g v="inan"></g><g v="femn"></g><g v="sing"></g><g v="nomn"></g></l></v></tfr></token><token id="567454" text="хочет"><tfr rev_id="1400535" t="хочет"><v><l id="371713" t="хочу"><g v="VERB"></g><g v="impf"></g><g v="tran"></g><g v="sing"></g><g v="3per"></g><g v="pres"></g><g v="indc"></g></l></v></tfr></token><token id="567455" text="доказать"><tfr rev_id="1400536" t="доказать"><v><l id="86980" t="доказать"><g v="INFN"></g><g v="perf"></g><g v="tran"></g></l></v></tfr></token><token id="567456" text=","><tfr rev_id="1400537" t=","><v><l id="0" t=","><g v="PNCT"></g></l></v></tfr></token><token id="567457" text="что"><tfr rev_id="3196509" t="что"><v><l id="377004" t="что"><g v="CONJ"></g></l></v><v><l id="377005" t="что"><g v="NPRO"></g><g v="neut"></g><g v="sing"></g><g v="nomn"></g></l></v><v><l id="377005" t="что"><g v="NPRO"></g><g v="neut"></g><g v="sing"></g><g v="accs"></g></l></v><v><l id="377006" t="что"><g v="ADVB"></g><g v="Ques"></g></l></v><v><l id="388695" t="что"><g v="PRCL"></g></l></v></tfr></token><token id="567458" text="не"><tfr rev_id="1400539" t="не"><v><l id="178876" t="не"><g v="PRCL"></g></l></v></tfr></token><token id="567459" text="транжирит"><tfr rev_id="1400540" t="транжирит"><v><l id="348919" t="транжирю"><g v="VERB"></g><g v="impf"></g><g v="tran"></g><g v="sing"></g><g v="3per"></g><g v="pres"></g><g v="indc"></g></l></v></tfr></token><token id="567460" text="деньги"><tfr rev_id="4325081" t="деньги"><v><l id="81429" t="деньги"><g v="NOUN"></g><g v="inan"></g><g v="femn"></g><g v="plur"></g><g v="accs"></g></l></v></tfr></token><token id="567461" text="."><tfr rev_id="1400542" t="."><v><l id="0" t="."><g v="PNCT"></g></l></v></tfr></token></tokens></sentence></paragraph><paragraph id="10060"><sentence id="31679"><source>Британская телерадиовещательная корпорация BBC поручила аудиторской компании Deloitte подготовить доклад о своей финансовой деятельности.</source><tokens><token id="567462" text="Британская"><tfr rev_id="1400543" t="Британская"><v><l id="34021" t="британский"><g v="ADJF"></g><g v="femn"></g><g v="sing"></g><g v="nomn"></g></l></v></tfr></token><token id="567463" text="телерадиовещательная"><tfr rev_id="1400544" t="телерадиовещательная"><v><l id="344248" t="телерадиовещательный"><g v="ADJF"></g><g v="femn"></g><g v="sing"></g><g v="nomn"></g></l></v></tfr></token><token id="567464" text="корпорация"><tfr rev_id="1400545" t="корпорация"><v><l id="140149" t="корпорация"><g v="NOUN"></g><g v="inan"></g><g v="femn"></g><g v="sing"></g><g v="nomn"></g></l></v></tfr></token><token id="567465" text="BBC"><tfr rev_id="2474343" t="BBC"><v><l id="0" t="BBC"><g v="LATN"></g></l></v></tfr></token><token id="567466" text="поручила"><tfr rev_id="1400547" t="поручила"><v><l id="260798" t="поручил"><g v="VERB"></g><g v="perf"></g><g v="tran"></g><g v="femn"></g><g v="sing"></g><g v="past"></g><g v="indc"></g></l></v></tfr></token><token id="567467" text="аудиторской"><tfr rev_id="3301472" t="аудиторской"><v><l id="19868" t="аудиторский"><g v="ADJF"></g><g v="femn"></g><g v="sing"></g><g v="datv"></g></l></v></tfr></token><token id="567468" text="компании"><tfr rev_id="4291837" t="компании"><v><l id="137146" t="компания"><g v="NOUN"></g><g v="inan"></g><g v="femn"></g><g v="sing"></g><g v="datv"></g></l></v></tfr></token><token id="567469" text="Deloitte"><tfr rev_id="2474344" t="Deloitte"><v><l id="0" t="Deloitte"><g v="LATN"></g></l></v></tfr></token><token id="567470" text="подготовить"><tfr rev_id="1400551" t="подготовить"><v><l id="245105" t="подготовить"><g v="INFN"></g><g v="perf"></g><g v="tran"></g></l></v></tfr></token><token id="567471" text="доклад"><tfr rev_id="4355499" t="доклад"><v><l id="87236" t="доклад"><g v="NOUN"></g><g v="inan"></g><g v="masc"></g><g v="sing"></g><g v="accs"></g></l></v></tfr></token><token id="567472" text="о"><tfr rev_id="3230570" t="о"><v><l id="192977" t="о"><g v="PREP"></g></l></v></tfr></token><token id="567473" text="своей"><tfr rev_id="3631569" t="своей"><v><l id="316379" t="свой"><g v="ADJF"></g><g v="Apro"></g><g v="Anph"></g><g v="femn"></g><g v="sing"></g><g v="loct"></g></l></v></tfr></token><token id="567474" text="финансовой"><tfr rev_id="4173145" t="финансовой"><v><l id="366103" t="финансовый"><g v="ADJF"></g><g v="femn"></g><g v="sing"></g><g v="loct"></g></l></v></tfr></token><token id="567475" text="деятельности"><tfr rev_id="4291838" t="деятельности"><v><l id="82512" t="деятельность"><g v="NOUN"></g><g v="inan"></g><g v="femn"></g><g v="sing"></g><g v="loct"></g></l></v></tfr></token><token id="567476" text="."><tfr rev_id="1400557" t="."><v><l id="0" t="."><g v="PNCT"></g></l></v></tfr></token></tokens></sentence><sentence id="31680"><source>Главная его задача — доказать необоснованность претензий оппонентов, которые считают расходы компании неоправданно высокими.</source><tokens><token id="567477" text="Главная"><tfr rev_id="1400558" t="Главная"><v><l id="70842" t="главный"><g v="ADJF"></g><g v="Qual"></g><g v="femn"></g><g v="sing"></g><g v="nomn"></g></l></v></tfr></token><token id="567478" text="его"><tfr rev_id="4514943" t="его"><v><l id="94208" t="его"><g v="ADJF"></g><g v="Fixd"></g><g v="Apro"></g><g v="Anph"></g><g v="femn"></g><g v="sing"></g><g v="nomn"></g></l></v><v><l id="94208" t="его"><g v="ADJF"></g><g v="Fixd"></g><g v="Apro"></g><g v="Anph"></g><g v="femn"></g><g v="sing"></g><g v="gent"></g></l></v><v><l id="94208" t="его"><g v="ADJF"></g><g v="Fixd"></g><g v="Apro"></g><g v="Anph"></g><g v="femn"></g><g v="sing"></g><g v="datv"></g></l></v><v><l id="94208" t="его"><g v="ADJF"></g><g v="Fixd"></g><g v="Apro"></g><g v="Anph"></g><g v="femn"></g><g v="sing"></g><g v="accs"></g></l></v><v><l id="94208" t="его"><g v="ADJF"></g><g v="Fixd"></g><g v="Apro"></g><g v="Anph"></g><g v="femn"></g><g v="sing"></g><g v="ablt"></g></l></v><v><l id="94208" t="его"><g v="ADJF"></g><g v="Fixd"></g><g v="Apro"></g><g v="Anph"></g><g v="femn"></g><g v="sing"></g><g v="loct"></g></l></v></tfr></token><token id="567479" text="задача"><tfr rev_id="1400560" t="задача"><v><l id="101455" t="задача"><g v="NOUN"></g><g v="inan"></g><g v="femn"></g><g v="sing"></g><g v="nomn"></g></l></v></tfr></token><token id="567480" text="—"><tfr rev_id="2442336" t="—"><v><l id="0" t="—"><g v="PNCT"></g></l></v></tfr></token><token id="567481" text="доказать"><tfr rev_id="1400562" t="доказать"><v><l id="86980" t="доказать"><g v="INFN"></g><g v="perf"></g><g v="tran"></g></l></v></tfr></token><token id="567482" text="необоснованность"><tfr rev_id="3708217" t="необоснованность"><v><l id="184742" t="необоснованность"><g v="NOUN"></g><g v="inan"></g><g v="femn"></g><g v="sing"></g><g v="accs"></g></l></v></tfr></token><token id="567483" text="претензий"><tfr rev_id="1400564" t="претензий"><v><l id="268418" t="претензия"><g v="NOUN"></g><g v="inan"></g><g v="femn"></g><g v="plur"></g><g v="gent"></g></l></v></tfr></token><token id="567484" text="оппонентов"><tfr rev_id="3945114" t="оппонентов"><v><l id="207896" t="оппонент"><g v="NOUN"></g><g v="anim"></g><g v="masc"></g><g v="plur"></g><g v="gent"></g></l></v></tfr></token><token id="567485" text=","><tfr rev_id="1400566" t=","><v><l id="0" t=","><g v="PNCT"></g></l></v></tfr></token><token id="567486" text="которые"><tfr rev_id="3756726" t="которые"><v><l id="141203" t="который"><g v="ADJF"></g><g v="Apro"></g><g v="Subx"></g><g v="Anph"></g><g v="plur"></g><g v="nomn"></g></l></v></tfr></token><token id="567487" text="считают"><tfr rev_id="1400568" t="считают"><v><l id="341320" t="считаю"><g v="VERB"></g><g v="impf"></g><g v="tran"></g><g v="plur"></g><g v="3per"></g><g v="pres"></g><g v="indc"></g></l></v><v><l id="341329" t="считал"><g v="VERB"></g><g v="perf"></g><g v="tran"></g><g v="plur"></g><g v="3per"></g><g v="futr"></g><g v="indc"></g></l></v></tfr></token><token id="567488" text="расходы"><tfr rev_id="3727492" t="расходы"><v><l id="303036" t="расход"><g v="NOUN"></g><g v="inan"></g><g v="masc"></g><g v="plur"></g><g v="accs"></g></l></v></tfr></token><token id="567489" text="компании"><tfr rev_id="4177158" t="компании"><v><l id="137146" t="компания"><g v="NOUN"></g><g v="inan"></g><g v="femn"></g><g v="sing"></g><g v="gent"></g></l></v></tfr></token><token id="567490" text="неоправданно"><tfr rev_id="3709844" t="неоправданно"><v><l id="185109" t="неоправданно"><g v="ADVB"></g></l></v></tfr></token><token id="567491" text="высокими"><tfr rev_id="1400572" t="высокими"><v><l id="62135" t="высокий"><g v="ADJF"></g><g v="Qual"></g><g v="plur"></g><g v="ablt"></g></l></v></tfr></token><token id="567492" text="."><tfr rev_id="1400573" t="."><v><l id="0" t="."><g v="PNCT"></g></l></v></tfr></token></tokens></sentence><sentence id="31681"><source>Чаще других с такими заявлениями выступает владелец News Corp. Руперт Мёрдок.</source><tokens><token id="567493" text="Чаще"><tfr rev_id="4232547" t="Чаще"><v><l id="374819" t="чаще"><g v="COMP"></g><g v="Qual"></g></l></v></tfr></token><token id="567494" text="других"><tfr rev_id="4357543" t="других"><v><l id="92342" t="другой"><g v="ADJF"></g><g v="Apro"></g><g v="Subx"></g><g v="plur"></g><g v="gent"></g></l></v></tfr></token><token id="567495" text="с"><tfr rev_id="1400576" t="с"><v><l id="311151" t="с"><g v="PREP"></g></l></v></tfr></token><token id="567496" text="такими"><tfr rev_id="1400577" t="такими"><v><l id="342491" t="такой"><g v="ADJF"></g><g v="Apro"></g><g v="plur"></g><g v="ablt"></g></l></v></tfr></token><token id="567497" text="заявлениями"><tfr rev_id="1400578" t="заявлениями"><v><l id="114311" t="заявление"><g v="NOUN"></g><g v="inan"></g><g v="neut"></g><g v="plur"></g><g v="ablt"></g></l></v></tfr></token><token id="567498" text="выступает"><tfr rev_id="1400579" t="выступает"><v><l id="62880" t="выступаю"><g v="VERB"></g><g v="impf"></g><g v="intr"></g><g v="sing"></g><g v="3per"></g><g v="pres"></g><g v="indc"></g></l></v></tfr></token><token id="567499" text="владелец"><tfr rev_id="1400580" t="владелец"><v><l id="46517" t="владелец"><g v="NOUN"></g><g v="anim"></g><g v="masc"></g><g v="sing"></g><g v="nomn"></g></l></v></tfr></token><token id="567500" text="News"><tfr rev_id="2474345" t="News"><v><l id="0" t="News"><g v="LATN"></g></l></v></tfr></token><token id="567501" text="Corp"><tfr rev_id="2474346" t="Corp"><v><l id="0" t="Corp"><g v="LATN"></g></l></v></tfr></token><token id="567502" text="."><tfr rev_id="1400583" t="."><v><l id="0" t="."><g v="PNCT"></g></l></v></tfr></token><token id="567503" text="Руперт"><tfr rev_id="1400584" t="Руперт"><v><l id="310189" t="руперт"><g v="NOUN"></g><g v="anim"></g><g v="masc"></g><g v="Name"></g><g v="sing"></g><g v="nomn"></g></l></v></tfr></token><token id="567504" text="Мёрдок"><tfr rev_id="4453703" t="Мёрдок"><v><l id="390728" t="мёрдок"><g v="NOUN"></g><g v="anim"></g><g v="masc"></g><g v="Sgtm"></g><g v="Surn"></g><g v="sing"></g><g v="nomn"></g></l></v></tfr></token><token id="567505" text="."><tfr rev_id="1400586" t="."><v><l id="0" t="."><g v="PNCT"></g></l></v></tfr></token></tokens></sentence><sentence id="31682"><source>Его и других влиятельных британцев не устраивают раздутые зарплаты топ-менеджеров BBC и чрезмерная стоимость подписки на её телеканалы, напоминает Lenta.ru.</source><tokens><token id="567506" text="Его"><tfr rev_id="4527827" t="Его"><v><l id="206541" t="он"><g v="NPRO"></g><g v="masc"></g><g v="3per"></g><g v="Anph"></g><g v="sing"></g><g v="gent"></g></l></v><v><l id="206541" t="он"><g v="NPRO"></g><g v="masc"></g><g v="3per"></g><g v="Anph"></g><g v="sing"></g><g v="accs"></g></l></v><v><l id="206649" t="оно"><g v="NPRO"></g><g v="neut"></g><g v="3per"></g><g v="Anph"></g><g v="sing"></g><g v="gent"></g></l></v><v><l id="206649" t="оно"><g v="NPRO"></g><g v="neut"></g><g v="3per"></g><g v="Anph"></g><g v="sing"></g><g v="accs"></g></l></v></tfr></token><token id="567507" text="и"><tfr rev_id="1400588" t="и"><v><l id="116949" t="и"><g v="CONJ"></g></l></v><v><l id="116950" t="и"><g v="INTJ"></g></l></v></tfr></token><token id="567508" text="других"><tfr rev_id="4099857" t="других"><v><l id="92342" t="другой"><g v="ADJF"></g><g v="Apro"></g><g v="Subx"></g><g v="anim"></g><g v="plur"></g><g v="accs"></g></l></v></tfr></token><token id="567509" text="влиятельных"><tfr rev_id="3707421" t="влиятельных"><v><l id="46953" t="влиятельный"><g v="ADJF"></g><g v="Qual"></g><g v="anim"></g><g v="plur"></g><g v="accs"></g></l></v></tfr></token><token id="567510" text="британцев"><tfr rev_id="3309975" t="британцев"><v><l id="34017" t="британец"><g v="NOUN"></g><g v="anim"></g><g v="masc"></g><g v="plur"></g><g v="accs"></g></l></v></tfr></token><token id="567511" text="не"><tfr rev_id="1400592" t="не"><v><l id="178876" t="не"><g v="PRCL"></g></l></v></tfr></token><token id="567512" text="устраивают"><tfr rev_id="1400593" t="устраивают"><v><l id="361128" t="устраиваю"><g v="VERB"></g><g v="impf"></g><g v="tran"></g><g v="plur"></g><g v="3per"></g><g v="pres"></g><g v="indc"></g></l></v></tfr></token><token id="567513" text="раздутые"><tfr rev_id="1400594" t="раздутые"><v><l id="293901" t="раздутый"><g v="ADJF"></g><g v="Qual"></g><g v="plur"></g><g v="nomn"></g></l></v><v><l id="293901" t="раздутый"><g v="ADJF"></g><g v="Qual"></g><g v="inan"></g><g v="plur"></g><g v="accs"></g></l></v><v><l id="293907" t="раздутый"><g v="PRTF"></g><g v="perf"></g><g v="tran"></g><g v="past"></g><g v="pssv"></g><g v="plur"></g><g v="nomn"></g></l></v><v><l id="293907" t="раздутый"><g v="PRTF"></g><g v="perf"></g><g v="tran"></g><g v="past"></g><g v="pssv"></g><g v="inan"></g><g v="plur"></g><g v="accs"></g></l></v></tfr></token><token id="567514" text="зарплаты"><tfr rev_id="3813228" t="зарплаты"><v><l id="108951" t="зарплата"><g v="NOUN"></g><g v="inan"></g><g v="femn"></g><g v="plur"></g><g v="nomn"></g></l></v></tfr></token><token id="567515" text="топ-менеджеров"><tfr rev_id="4533477" t="топ-менеджеров"><v><l id="392225" t="топ-менеджер"><g v="NOUN"></g><g v="anim"></g><g v="masc"></g><g v="plur"></g><g v="accs"></g></l></v><v><l id="392225" t="топ-менеджер"><g v="NOUN"></g><g v="anim"></g><g v="masc"></g><g v="plur"></g><g v="gent"></g></l></v></tfr></token><token id="567516" text="BBC"><tfr rev_id="2474347" t="BBC"><v><l id="0" t="BBC"><g v="LATN"></g></l></v></tfr></token><token id="567517" text="и"><tfr rev_id="1400598" t="и"><v><l id="116949" t="и"><g v="CONJ"></g></l></v><v><l id="116950" t="и"><g v="INTJ"></g></l></v></tfr></token><token id="567518" text="чрезмерная"><tfr rev_id="1400599" t="чрезмерная"><v><l id="376979" t="чрезмерный"><g v="ADJF"></g><g v="Qual"></g><g v="femn"></g><g v="sing"></g><g v="nomn"></g></l></v></tfr></token><token id="567519" text="стоимость"><tfr rev_id="4107301" t="стоимость"><v><l id="336463" t="стоимость"><g v="NOUN"></g><g v="inan"></g><g v="femn"></g><g v="sing"></g><g v="nomn"></g></l></v></tfr></token><token id="567520" text="подписки"><tfr rev_id="3453311" t="подписки"><v><l id="248893" t="подписка"><g v="NOUN"></g><g v="inan"></g><g v="femn"></g><g v="sing"></g><g v="gent"></g></l></v></tfr></token><token id="567521" text="на"><tfr rev_id="3345900" t="на"><v><l id="166264" t="на"><g v="PREP"></g></l></v></tfr></token><token id="567522" text="её"><tfr rev_id="4572684" t="её"><v><l id="94433" t="её"><g v="ADJF"></g><g v="Fixd"></g><g v="Apro"></g><g v="Anph"></g><g v="masc"></g><g v="sing"></g><g v="nomn"></g></l></v><v><l id="94433" t="её"><g v="ADJF"></g><g v="Fixd"></g><g v="Apro"></g><g v="Anph"></g><g v="masc"></g><g v="sing"></g><g v="gent"></g></l></v><v><l id="94433" t="её"><g v="ADJF"></g><g v="Fixd"></g><g v="Apro"></g><g v="Anph"></g><g v="masc"></g><g v="sing"></g><g v="datv"></g></l></v><v><l id="94433" t="её"><g v="ADJF"></g><g v="Fixd"></g><g v="Apro"></g><g v="Anph"></g><g v="masc"></g><g v="sing"></g><g v="accs"></g></l></v><v><l id="94433" t="её"><g v="ADJF"></g><g v="Fixd"></g><g v="Apro"></g><g v="Anph"></g><g v="masc"></g><g v="sing"></g><g v="ablt"></g></l></v><v><l id="94433" t="её"><g v="ADJF"></g><g v="Fixd"></g><g v="Apro"></g><g v="Anph"></g><g v="masc"></g><g v="sing"></g><g v="loct"></g></l></v><v><l id="94433" t="её"><g v="ADJF"></g><g v="Fixd"></g><g v="Apro"></g><g v="Anph"></g><g v="femn"></g><g v="sing"></g><g v="nomn"></g></l></v><v><l id="94433" t="её"><g v="ADJF"></g><g v="Fixd"></g><g v="Apro"></g><g v="Anph"></g><g v="femn"></g><g v="sing"></g><g v="gent"></g></l></v><v><l id="94433" t="её"><g v="ADJF"></g><g v="Fixd"></g><g v="Apro"></g><g v="Anph"></g><g v="femn"></g><g v="sing"></g><g v="datv"></g></l></v><v><l id="94433" t="её"><g v="ADJF"></g><g v="Fixd"></g><g v="Apro"></g><g v="Anph"></g><g v="femn"></g><g v="sing"></g><g v="accs"></g></l></v><v><l id="94433" t="её"><g v="ADJF"></g><g v="Fixd"></g><g v="Apro"></g><g v="Anph"></g><g v="femn"></g><g v="sing"></g><g v="ablt"></g></l></v><v><l id="94433" t="её"><g v="ADJF"></g><g v="Fixd"></g><g v="Apro"></g><g v="Anph"></g><g v="femn"></g><g v="sing"></g><g v="loct"></g></l></v><v><l id="94433" t="её"><g v="ADJF"></g><g v="Fixd"></g><g v="Apro"></g><g v="Anph"></g><g v="neut"></g><g v="sing"></g><g v="nomn"></g></l></v><v><l id="94433" t="её"><g v="ADJF"></g><g v="Fixd"></g><g v="Apro"></g><g v="Anph"></g><g v="neut"></g><g v="sing"></g><g v="gent"></g></l></v><v><l id="94433" t="её"><g v="ADJF"></g><g v="Fixd"></g><g v="Apro"></g><g v="Anph"></g><g v="neut"></g><g v="sing"></g><g v="datv"></g></l></v><v><l id="94433" t="её"><g v="ADJF"></g><g v="Fixd"></g><g v="Apro"></g><g v="Anph"></g><g v="neut"></g><g v="sing"></g><g v="accs"></g></l></v><v><l id="94433" t="её"><g v="ADJF"></g><g v="Fixd"></g><g v="Apro"></g><g v="Anph"></g><g v="neut"></g><g v="sing"></g><g v="ablt"></g></l></v><v><l id="94433" t="её"><g v="ADJF"></g><g v="Fixd"></g><g v="Apro"></g><g v="Anph"></g><g v="neut"></g><g v="sing"></g><g v="loct"></g></l></v><v><l id="94433" t="её"><g v="ADJF"></g><g v="Fixd"></g><g v="Apro"></g><g v="Anph"></g><g v="plur"></g><g v="nomn"></g></l></v><v><l id="94433" t="её"><g v="ADJF"></g><g v="Fixd"></g><g v="Apro"></g><g v="Anph"></g><g v="plur"></g><g v="gent"></g></l></v><v><l id="94433" t="её"><g v="ADJF"></g><g v="Fixd"></g><g v="Apro"></g><g v="Anph"></g><g v="plur"></g><g v="datv"></g></l></v><v><l id="94433" t="её"><g v="ADJF"></g><g v="Fixd"></g><g v="Apro"></g><g v="Anph"></g><g v="plur"></g><g v="accs"></g></l></v><v><l id="94433" t="её"><g v="ADJF"></g><g v="Fixd"></g><g v="Apro"></g><g v="Anph"></g><g v="plur"></g><g v="ablt"></g></l></v><v><l id="94433" t="её"><g v="ADJF"></g><g v="Fixd"></g><g v="Apro"></g><g v="Anph"></g><g v="plur"></g><g v="loct"></g></l></v></tfr></token><token id="567523" text="телеканалы"><tfr rev_id="3728110" t="телеканалы"><v><l id="344167" t="телеканал"><g v="NOUN"></g><g v="inan"></g><g v="masc"></g><g v="plur"></g><g v="accs"></g></l></v></tfr></token><token id="567524" text=","><tfr rev_id="1400605" t=","><v><l id="0" t=","><g v="PNCT"></g></l></v></tfr></token><token id="567525" text="напоминает"><tfr rev_id="1400606" t="напоминает"><v><l id="173880" t="напоминаю"><g v="VERB"></g><g v="impf"></g><g v="tran"></g><g v="sing"></g><g v="3per"></g><g v="pres"></g><g v="indc"></g></l></v></tfr></token><token id="567526" text="Lenta.ru"><tfr rev_id="2474348" t="Lenta.ru"><v><l id="0" t="Lenta.ru"><g v="LATN"></g></l></v></tfr></token><token id="567527" text="."><tfr rev_id="1400608" t="."><v><l id="0" t="."><g v="PNCT"></g></l></v></tfr></token></tokens></sentence></paragraph><paragraph id="10061"><sentence id="31683"><source>Между тем первые выводы Deloitte уже показали, что получение BBC платы от подписчиков позволяет ей закупать контент у независимых продюсерских компаний и собирать для британской экономики 7,6 млрд фунтов в год.</source><tokens><token id="567528" text="Между"><tfr rev_id="1400609" t="Между"><v><l id="157306" t="между"><g v="PREP"></g></l></v></tfr></token><token id="567529" text="тем"><tfr rev_id="3772782" t="тем"><v><l id="344449" t="тем"><g v="CONJ"></g></l></v><v><l id="344450" t="тема"><g v="NOUN"></g><g v="inan"></g><g v="femn"></g><g v="plur"></g><g v="gent"></g></l></v><v><l id="348430" t="тот"><g v="ADJF"></g><g v="Subx"></g><g v="Apro"></g><g v="Anph"></g><g v="masc"></g><g v="sing"></g><g v="ablt"></g></l></v><v><l id="348430" t="тот"><g v="ADJF"></g><g v="Subx"></g><g v="Apro"></g><g v="Anph"></g><g v="neut"></g><g v="sing"></g><g v="ablt"></g></l></v><v><l id="348430" t="тот"><g v="ADJF"></g><g v="Subx"></g><g v="Apro"></g><g v="Anph"></g><g v="plur"></g><g v="datv"></g></l></v><v><l id="352311" t="тьма"><g v="NOUN"></g><g v="inan"></g><g v="femn"></g><g v="plur"></g><g v="gent"></g></l></v></tfr></token><token id="567530" text="первые"><tfr rev_id="4160725" t="первые"><v><l id="226359" t="первый"><g v="ADJF"></g><g v="Anum"></g><g v="plur"></g><g v="nomn"></g></l></v><v><l id="226359" t="первый"><g v="ADJF"></g><g v="Anum"></g><g v="inan"></g><g v="plur"></g><g v="accs"></g></l></v></tfr></token><token id="567531" text="выводы"><tfr rev_id="3751315" t="выводы"><v><l id="56345" t="вывод"><g v="NOUN"></g><g v="inan"></g><g v="masc"></g><g v="plur"></g><g v="nomn"></g></l></v></tfr></token><token id="567532" text="Deloitte"><tfr rev_id="2474349" t="Deloitte"><v><l id="0" t="Deloitte"><g v="LATN"></g></l></v></tfr></token><token id="567533" text="уже"><tfr rev_id="2692653" t="уже"><v><l id="355422" t="уж"><g v="NOUN"></g><g v="anim"></g><g v="masc"></g><g v="sing"></g><g v="loct"></g></l></v><v><l id="355498" t="уже"><g v="ADVB"></g></l></v><v><l id="355674" t="уже"><g v="COMP"></g><g v="Qual"></g></l></v><v><l id="388673" t="уже"><g v="PRCL"></g></l></v></tfr></token><token id="567534" text="показали"><tfr rev_id="1400615" t="показали"><v><l id="253982" t="показал"><g v="VERB"></g><g v="perf"></g><g v="tran"></g><g v="plur"></g><g v="past"></g><g v="indc"></g></l></v></tfr></token><token id="567535" text=","><tfr rev_id="1400616" t=","><v><l id="0" t=","><g v="PNCT"></g></l></v></tfr></token><token id="567536" text="что"><tfr rev_id="3196510" t="что"><v><l id="377004" t="что"><g v="CONJ"></g></l></v><v><l id="377005" t="что"><g v="NPRO"></g><g v="neut"></g><g v="sing"></g><g v="nomn"></g></l></v><v><l id="377005" t="что"><g v="NPRO"></g><g v="neut"></g><g v="sing"></g><g v="accs"></g></l></v><v><l id="377006" t="что"><g v="ADVB"></g><g v="Ques"></g></l></v><v><l id="388695" t="что"><g v="PRCL"></g></l></v></tfr></token><token id="567537" text="получение"><tfr rev_id="4240540" t="получение"><v><l id="256956" t="получение"><g v="NOUN"></g><g v="inan"></g><g v="neut"></g><g v="sing"></g><g v="nomn"></g></l></v></tfr></token><token id="567538" text="BBC"><tfr rev_id="2474350" t="BBC"><v><l id="0" t="BBC"><g v="LATN"></g></l></v></tfr></token><token id="567539" text="платы"><tfr rev_id="3448068" t="платы"><v><l id="239948" t="плата"><g v="NOUN"></g><g v="inan"></g><g v="femn"></g><g v="sing"></g><g v="gent"></g></l></v></tfr></token><token id="567540" text="от"><tfr rev_id="1400621" t="от"><v><l id="211644" t="от"><g v="PREP"></g></l></v></tfr></token><token id="567541" text="подписчиков"><tfr rev_id="2928403" t="подписчиков"><v><l id="248896" t="подписчик"><g v="NOUN"></g><g v="anim"></g><g v="masc"></g><g v="plur"></g><g v="gent"></g></l></v></tfr></token><token id="567542" text="позволяет"><tfr rev_id="1400623" t="позволяет"><v><l id="253431" t="позволяю"><g v="VERB"></g><g v="impf"></g><g v="tran"></g><g v="sing"></g><g v="3per"></g><g v="pres"></g><g v="indc"></g></l></v></tfr></token><token id="567543" text="ей"><tfr rev_id="4387805" t="ей"><v><l id="206544" t="она"><g v="NPRO"></g><g v="femn"></g><g v="3per"></g><g v="Anph"></g><g v="sing"></g><g v="datv"></g></l></v></tfr></token><token id="567544" text="закупать"><tfr rev_id="1400625" t="закупать"><v><l id="104287" t="закупать"><g v="INFN"></g><g v="impf"></g><g v="tran"></g></l></v><v><l id="104294" t="закупать"><g v="INFN"></g><g v="perf"></g><g v="tran"></g></l></v></tfr></token><token id="567545" text="контент"><tfr rev_id="1400626" t="контент"><v><l id="138357" t="контент"><g v="NOUN"></g><g v="inan"></g><g v="masc"></g><g v="sing"></g><g v="nomn"></g></l></v><v><l id="138357" t="контент"><g v="NOUN"></g><g v="inan"></g><g v="masc"></g><g v="sing"></g><g v="accs"></g></l></v></tfr></token><token id="567546" text="у"><tfr rev_id="3302010" t="у"><v><l id="352818" t="у"><g v="PREP"></g></l></v></tfr></token><token id="567547" text="независимых"><tfr rev_id="3884803" t="независимых"><v><l id="182131" t="независимый"><g v="ADJF"></g><g v="Qual"></g><g v="plur"></g><g v="gent"></g></l></v></tfr></token><token id="567548" text="продюсерских"><tfr rev_id="4542972" t="продюсерских"><v><l id="393541" t="продюсерский"><g v="ADJF"></g><g v="anim"></g><g v="plur"></g><g v="accs"></g></l></v><v><l id="393541" t="продюсерский"><g v="ADJF"></g><g v="plur"></g><g v="gent"></g></l></v><v><l id="393541" t="продюсерский"><g v="ADJF"></g><g v="plur"></g><g v="loct"></g></l></v></tfr></token><token id="567549" text="компаний"><tfr rev_id="1400630" t="компаний"><v><l id="137146" t="компания"><g v="NOUN"></g><g v="inan"></g><g v="femn"></g><g v="plur"></g><g v="gent"></g></l></v></tfr></token><token id="567550" text="и"><tfr rev_id="1400631" t="и"><v><l id="116949" t="и"><g v="CONJ"></g></l></v><v><l id="116950" t="и"><g v="INTJ"></g></l></v></tfr></token><token id="567551" text="собирать"><tfr rev_id="1400632" t="собирать"><v><l id="327674" t="собирать"><g v="INFN"></g><g v="impf"></g><g v="tran"></g></l></v></tfr></token><token id="567552" text="для"><tfr rev_id="3438819" t="для"><v><l id="85032" t="для"><g v="PREP"></g></l></v></tfr></token><token id="567553" text="британской"><tfr rev_id="4315430" t="британской"><v><l id="34021" t="британский"><g v="ADJF"></g><g v="femn"></g><g v="sing"></g><g v="gent"></g></l></v></tfr></token><token id="567554" text="экономики"><tfr rev_id="2628482" t="экономики"><v><l id="383340" t="экономика"><g v="NOUN"></g><g v="inan"></g><g v="femn"></g><g v="sing"></g><g v="gent"></g></l></v></tfr></token><token id="567555" text="7,6"><tfr rev_id="2461057" t="7,6"><v><l id="0" t="7,6"><g v="NUMB"></g></l></v></tfr></token><token id="567556" text="млрд"><tfr rev_id="3860634" t="млрд"><v><l id="389048" t="млрд"><g v="NOUN"></g><g v="inan"></g><g v="masc"></g><g v="Fixd"></g><g v="Abbr"></g><g v="plur"></g><g v="gent"></g></l></v></tfr></token><token id="567557" text="фунтов"><tfr rev_id="3704381" t="фунтов"><v><l id="368677" t="фунт"><g v="NOUN"></g><g v="inan"></g><g v="masc"></g><g v="plur"></g><g v="gent"></g></l></v></tfr></token><token id="567558" text="в"><tfr rev_id="1400639" t="в"><v><l id="37409" t="в"><g v="PREP"></g></l></v></tfr></token><token id="567559" text="год"><tfr rev_id="4083509" t="год"><v><l id="72149" t="год"><g v="NOUN"></g><g v="inan"></g><g v="masc"></g><g v="sing"></g><g v="accs"></g></l></v></tfr></token><token id="567560" text="."><tfr rev_id="1400641" t="."><v><l id="0" t="."><g v="PNCT"></g></l></v></tfr></token></tokens></sentence><sentence id="31684"><source>Смогут ли аудиторы оправдать высокие затраты на оплату труда топ-менеджеров ВВС, станет ясно чуть позже.</source><tokens><token id="567561" text="Смогут"><tfr rev_id="1400642" t="Смогут"><v><l id="326830" t="смог"><g v="VERB"></g><g v="perf"></g><g v="intr"></g><g v="plur"></g><g v="3per"></g><g v="futr"></g><g v="indc"></g></l></v></tfr></token><token id="567562" text="ли"><tfr rev_id="4467194" t="ли"><v><l id="148847" t="ли"><g v="CONJ"></g></l></v><v><l id="148848" t="ли"><g v="PRCL"></g></l></v></tfr></token><token id="567563" text="аудиторы"><tfr rev_id="1400644" t="аудиторы"><v><l id="19863" t="аудитор"><g v="NOUN"></g><g v="anim"></g><g v="masc"></g><g v="plur"></g><g v="nomn"></g></l></v></tfr></token><token id="567564" text="оправдать"><tfr rev_id="1400645" t="оправдать"><v><l id="207914" t="оправдать"><g v="INFN"></g><g v="perf"></g><g v="tran"></g></l></v></tfr></token><token id="567565" text="высокие"><tfr rev_id="3860358" t="высокие"><v><l id="62135" t="высокий"><g v="ADJF"></g><g v="Qual"></g><g v="inan"></g><g v="plur"></g><g v="accs"></g></l></v></tfr></token><token id="567566" text="затраты"><tfr rev_id="3761997" t="затраты"><v><l id="111920" t="затрата"><g v="NOUN"></g><g v="inan"></g><g v="femn"></g><g v="plur"></g><g v="accs"></g></l></v></tfr></token><token id="567567" text="на"><tfr rev_id="3393817" t="на"><v><l id="166264" t="на"><g v="PREP"></g></l></v></tfr></token><token id="567568" text="оплату"><tfr rev_id="1400649" t="оплату"><v><l id="207266" t="оплата"><g v="NOUN"></g><g v="inan"></g><g v="femn"></g><g v="sing"></g><g v="accs"></g></l></v></tfr></token><token id="567569" text="труда"><tfr rev_id="1400650" t="труда"><v><l id="350729" t="труд"><g v="NOUN"></g><g v="inan"></g><g v="masc"></g><g v="sing"></g><g v="gent"></g></l></v></tfr></token><token id="567570" text="топ-менеджеров"><tfr rev_id="4533478" t="топ-менеджеров"><v><l id="392225" t="топ-менеджер"><g v="NOUN"></g><g v="anim"></g><g v="masc"></g><g v="plur"></g><g v="accs"></g></l></v><v><l id="392225" t="топ-менеджер"><g v="NOUN"></g><g v="anim"></g><g v="masc"></g><g v="plur"></g><g v="gent"></g></l></v></tfr></token><token id="567571" text="ВВС"><tfr rev_id="4493086" t="ВВС"><v><l id="39845" t="ввс"><g v="NOUN"></g><g v="inan"></g><g v="GNdr"></g><g v="Pltm"></g><g v="Fixd"></g><g v="Abbr"></g><g v="Orgn"></g><g v="plur"></g><g v="gent"></g></l></v></tfr></token><token id="567572" text=","><tfr rev_id="1400653" t=","><v><l id="0" t=","><g v="PNCT"></g></l></v></tfr></token><token id="567573" text="станет"><tfr rev_id="1400654" t="станет"><v><l id="335164" t="стал"><g v="VERB"></g><g v="perf"></g><g v="intr"></g><g v="sing"></g><g v="3per"></g><g v="futr"></g><g v="indc"></g></l></v></tfr></token><token id="567574" text="ясно"><tfr rev_id="3709911" t="ясно"><v><l id="388260" t="ясно"><g v="ADVB"></g><g v="Prdx"></g></l></v></tfr></token><token id="567575" text="чуть"><tfr rev_id="1400656" t="чуть"><v><l id="377430" t="чуть"><g v="ADVB"></g></l></v><v><l id="377431" t="чуть"><g v="CONJ"></g></l></v></tfr></token><token id="567576" text="позже"><tfr rev_id="1400657" t="позже"><v><l id="253491" t="позднее"><g v="COMP"></g><g v="Qual"></g></l></v></tfr></token><token id="567577" text="."><tfr rev_id="1400658" t="."><v><l id="0" t="."><g v="PNCT"></g></l></v></tfr></token></tokens></sentence></paragraph><paragraph id="10062"><sentence id="31685"><source>Подробнее о развитии телевидения читайте в статье Частного корреспондента «Непредсказуемая «цифра»»</source><tokens><token id="567578" text="Подробнее"><tfr rev_id="4496587" t="Подробнее"><v><l id="249806" t="подробнее"><g v="COMP"></g></l></v></tfr></token><token id="567579" text="о"><tfr rev_id="3226615" t="о"><v><l id="192977" t="о"><g v="PREP"></g></l></v></tfr></token><token id="567580" text="развитии"><tfr rev_id="1400661" t="развитии"><v><l id="292545" t="развитие"><g v="NOUN"></g><g v="inan"></g><g v="neut"></g><g v="sing"></g><g v="loct"></g></l></v></tfr></token><token id="567581" text="телевидения"><tfr rev_id="3448031" t="телевидения"><v><l id="344095" t="телевидение"><g v="NOUN"></g><g v="inan"></g><g v="neut"></g><g v="sing"></g><g v="gent"></g></l></v></tfr></token><token id="567582" text="читайте"><tfr rev_id="1400663" t="читайте"><v><l id="376719" t="читаю"><g v="VERB"></g><g v="impf"></g><g v="tran"></g><g v="plur"></g><g v="impr"></g><g v="excl"></g></l></v></tfr></token><token id="567583" text="в"><tfr rev_id="1400664" t="в"><v><l id="37409" t="в"><g v="PREP"></g></l></v></tfr></token><token id="567584" text="статье"><tfr rev_id="3556998" t="статье"><v><l id="335173" t="статья"><g v="NOUN"></g><g v="inan"></g><g v="femn"></g><g v="sing"></g><g v="loct"></g></l></v></tfr></token><token id="567585" text="Частного"><tfr rev_id="4306733" t="Частного"><v><l id="374795" t="частный"><g v="ADJF"></g><g v="Qual"></g><g v="masc"></g><g v="sing"></g><g v="gent"></g></l></v><v><l id="374795" t="частный"><g v="ADJF"></g><g v="Qual"></g><g v="anim"></g><g v="masc"></g><g v="sing"></g><g v="accs"></g></l></v></tfr></token><token id="567586" text="корреспондента"><tfr rev_id="4216758" t="корреспондента"><v><l id="140239" t="корреспондент"><g v="NOUN"></g><g v="anim"></g><g v="masc"></g><g v="sing"></g><g v="gent"></g></l></v></tfr></token><token id="567587" text="«"><tfr rev_id="2442337" t="«"><v><l id="0" t="«"><g v="PNCT"></g></l></v></tfr></token><token id="567588" text="Непредсказуемая"><tfr rev_id="4578271" t="Непредсказуемая"><v><l id="186430" t="непредсказуемый"><g v="ADJF"></g><g v="Qual"></g><g v="femn"></g><g v="sing"></g><g v="nomn"></g></l></v></tfr></token><token id="567589" text="«"><tfr rev_id="2442338" t="«"><v><l id="0" t="«"><g v="PNCT"></g></l></v></tfr></token><token id="567590" text="цифра"><tfr rev_id="1400671" t="цифра"><v><l id="374165" t="цифра"><g v="NOUN"></g><g v="inan"></g><g v="femn"></g><g v="sing"></g><g v="nomn"></g></l></v></tfr></token><token id="567591" text="»"><tfr rev_id="2442339" t="»"><v><l id="0" t="»"><g v="PNCT"></g></l></v></tfr></token><token id="567592" text="»"><tfr rev_id="2442340" t="»"><v><l id="0" t="»"><g v="PNCT"></g></l></v></tfr></token></tokens></sentence></paragraph></paragraphs></text>