<?xml version="1.0" encoding="utf-8"?><text id="1031" parent="226" name="23288 «Пропавшие страницы»"><tags><tag>url:http://www.chaskor.ru/news/propavshie_stranitsy_23288</tag><tag>Год:2011</tag><tag>Дата:05/05</tag><tag>Тема:ЧасКор:Культура</tag><tag>Тема:ЧасКор:Культура/Изобразительное искусство</tag></tags><paragraphs><paragraph id="10082"><sentence id="31750"><source>«Пропавшие страницы»</source><tokens><token id="568608" text="«"><tfr rev_id="2442414" t="«"><v><l id="0" t="«"><g v="PNCT"></g></l></v></tfr></token><token id="568609" text="Пропавшие"><tfr rev_id="1401690" t="Пропавшие"><v><l id="282845" t="пропавший"><g v="PRTF"></g><g v="perf"></g><g v="intr"></g><g v="past"></g><g v="actv"></g><g v="plur"></g><g v="nomn"></g></l></v><v><l id="282845" t="пропавший"><g v="PRTF"></g><g v="perf"></g><g v="intr"></g><g v="past"></g><g v="actv"></g><g v="inan"></g><g v="plur"></g><g v="accs"></g></l></v></tfr></token><token id="568610" text="страницы"><tfr rev_id="3726723" t="страницы"><v><l id="337102" t="страница"><g v="NOUN"></g><g v="inan"></g><g v="femn"></g><g v="plur"></g><g v="nomn"></g></l></v></tfr></token><token id="568611" text="»"><tfr rev_id="2442415" t="»"><v><l id="0" t="»"><g v="PNCT"></g></l></v></tfr></token></tokens></sentence><sentence id="31751"><source>В новом пространстве галереи «Триумф» на Ильинке пройдёт выставка израильской художницы Кармель Илан.</source><tokens><token id="568612" text="В"><tfr rev_id="1401693" t="В"><v><l id="37409" t="в"><g v="PREP"></g></l></v></tfr></token><token id="568613" text="новом"><tfr rev_id="4349122" t="новом"><v><l id="191918" t="новый"><g v="ADJF"></g><g v="Qual"></g><g v="neut"></g><g v="sing"></g><g v="loct"></g></l></v></tfr></token><token id="568614" text="пространстве"><tfr rev_id="1401695" t="пространстве"><v><l id="285122" t="пространство"><g v="NOUN"></g><g v="inan"></g><g v="neut"></g><g v="sing"></g><g v="loct"></g></l></v></tfr></token><token id="568615" text="галереи"><tfr rev_id="3444386" t="галереи"><v><l id="66444" t="галерея"><g v="NOUN"></g><g v="inan"></g><g v="femn"></g><g v="sing"></g><g v="gent"></g></l></v></tfr></token><token id="568616" text="«"><tfr rev_id="2442416" t="«"><v><l id="0" t="«"><g v="PNCT"></g></l></v></tfr></token><token id="568617" text="Триумф"><tfr rev_id="3487950" t="Триумф"><v><l id="350213" t="триумф"><g v="NOUN"></g><g v="inan"></g><g v="masc"></g><g v="sing"></g><g v="nomn"></g></l></v></tfr></token><token id="568618" text="»"><tfr rev_id="2442417" t="»"><v><l id="0" t="»"><g v="PNCT"></g></l></v></tfr></token><token id="568619" text="на"><tfr rev_id="3343448" t="на"><v><l id="166264" t="на"><g v="PREP"></g></l></v></tfr></token><token id="568620" text="Ильинке"><tfr rev_id="3550795" t="Ильинке"><v><l id="121398" t="ильинка"><g v="NOUN"></g><g v="inan"></g><g v="femn"></g><g v="Sgtm"></g><g v="Geox"></g><g v="sing"></g><g v="loct"></g></l></v></tfr></token><token id="568621" text="пройдёт"><tfr rev_id="1401702" t="пройдёт"><v><l id="280310" t="прошёл"><g v="VERB"></g><g v="perf"></g><g v="tran"></g><g v="sing"></g><g v="3per"></g><g v="futr"></g><g v="indc"></g></l></v></tfr></token><token id="568622" text="выставка"><tfr rev_id="1401703" t="выставка"><v><l id="62597" t="выставка"><g v="NOUN"></g><g v="inan"></g><g v="femn"></g><g v="sing"></g><g v="nomn"></g></l></v></tfr></token><token id="568623" text="израильской"><tfr rev_id="3946662" t="израильской"><v><l id="120474" t="израильский"><g v="ADJF"></g><g v="femn"></g><g v="sing"></g><g v="gent"></g></l></v></tfr></token><token id="568624" text="художницы"><tfr rev_id="3456491" t="художницы"><v><l id="372467" t="художница"><g v="NOUN"></g><g v="anim"></g><g v="femn"></g><g v="sing"></g><g v="gent"></g></l></v></tfr></token><token id="568625" text="Кармель"><tfr rev_id="1401706" t="Кармель"><v><l id="0" t="кармель"><g v="UNKN"></g></l></v></tfr></token><token id="568626" text="Илан"><tfr rev_id="3448311" t="Илан"><v><l id="121117" t="илан"><g v="NOUN"></g><g v="anim"></g><g v="masc"></g><g v="Name"></g><g v="sing"></g><g v="nomn"></g></l></v></tfr></token><token id="568627" text="."><tfr rev_id="1401708" t="."><v><l id="0" t="."><g v="PNCT"></g></l></v></tfr></token></tokens></sentence></paragraph><paragraph id="10083"><sentence id="31752"><source>С 20 мая по 12 июня будет проходить выставка израильской художницы Кармель Илан «Пропавшие страницы».</source><tokens><token id="568628" text="С"><tfr rev_id="1401709" t="С"><v><l id="311151" t="с"><g v="PREP"></g></l></v></tfr></token><token id="568629" text="20"><tfr rev_id="2461085" t="20"><v><l id="0" t="20"><g v="NUMB"></g></l></v></tfr></token><token id="568630" text="мая"><tfr rev_id="4293408" t="мая"><v><l id="153142" t="май"><g v="NOUN"></g><g v="inan"></g><g v="masc"></g><g v="Sgtm"></g><g v="sing"></g><g v="gent"></g></l></v></tfr></token><token id="568631" text="по"><tfr rev_id="1401712" t="по"><v><l id="241240" t="по"><g v="PREP"></g></l></v></tfr></token><token id="568632" text="12"><tfr rev_id="2461086" t="12"><v><l id="0" t="12"><g v="NUMB"></g></l></v></tfr></token><token id="568633" text="июня"><tfr rev_id="1401714" t="июня"><v><l id="127302" t="июнь"><g v="NOUN"></g><g v="inan"></g><g v="masc"></g><g v="sing"></g><g v="gent"></g></l></v></tfr></token><token id="568634" text="будет"><tfr rev_id="1401715" t="будет"><v><l id="37265" t="есть"><g v="VERB"></g><g v="impf"></g><g v="intr"></g><g v="sing"></g><g v="3per"></g><g v="futr"></g><g v="indc"></g></l></v></tfr></token><token id="568635" text="проходить"><tfr rev_id="1401716" t="проходить"><v><l id="287184" t="проходить"><g v="INFN"></g><g v="impf"></g><g v="tran"></g></l></v><v><l id="287191" t="проходить"><g v="INFN"></g><g v="perf"></g><g v="intr"></g></l></v></tfr></token><token id="568636" text="выставка"><tfr rev_id="1401717" t="выставка"><v><l id="62597" t="выставка"><g v="NOUN"></g><g v="inan"></g><g v="femn"></g><g v="sing"></g><g v="nomn"></g></l></v></tfr></token><token id="568637" text="израильской"><tfr rev_id="3431305" t="израильской"><v><l id="120474" t="израильский"><g v="ADJF"></g><g v="femn"></g><g v="sing"></g><g v="gent"></g></l></v></tfr></token><token id="568638" text="художницы"><tfr rev_id="3497193" t="художницы"><v><l id="372467" t="художница"><g v="NOUN"></g><g v="anim"></g><g v="femn"></g><g v="sing"></g><g v="gent"></g></l></v></tfr></token><token id="568639" text="Кармель"><tfr rev_id="1401720" t="Кармель"><v><l id="0" t="кармель"><g v="UNKN"></g></l></v></tfr></token><token id="568640" text="Илан"><tfr rev_id="3465577" t="Илан"><v><l id="121117" t="илан"><g v="NOUN"></g><g v="anim"></g><g v="masc"></g><g v="Name"></g><g v="sing"></g><g v="nomn"></g></l></v></tfr></token><token id="568641" text="«"><tfr rev_id="2442418" t="«"><v><l id="0" t="«"><g v="PNCT"></g></l></v></tfr></token><token id="568642" text="Пропавшие"><tfr rev_id="1401723" t="Пропавшие"><v><l id="282845" t="пропавший"><g v="PRTF"></g><g v="perf"></g><g v="intr"></g><g v="past"></g><g v="actv"></g><g v="plur"></g><g v="nomn"></g></l></v><v><l id="282845" t="пропавший"><g v="PRTF"></g><g v="perf"></g><g v="intr"></g><g v="past"></g><g v="actv"></g><g v="inan"></g><g v="plur"></g><g v="accs"></g></l></v></tfr></token><token id="568643" text="страницы"><tfr rev_id="3796065" t="страницы"><v><l id="337102" t="страница"><g v="NOUN"></g><g v="inan"></g><g v="femn"></g><g v="plur"></g><g v="nomn"></g></l></v></tfr></token><token id="568644" text="»"><tfr rev_id="2442419" t="»"><v><l id="0" t="»"><g v="PNCT"></g></l></v></tfr></token><token id="568645" text="."><tfr rev_id="1401726" t="."><v><l id="0" t="."><g v="PNCT"></g></l></v></tfr></token></tokens></sentence><sentence id="31753"><source>Проект был создан специально для галереи «Триумф».</source><tokens><token id="568646" text="Проект"><tfr rev_id="3467247" t="Проект"><v><l id="279545" t="проект"><g v="NOUN"></g><g v="inan"></g><g v="masc"></g><g v="sing"></g><g v="nomn"></g></l></v></tfr></token><token id="568647" text="был"><tfr rev_id="1401728" t="был"><v><l id="37265" t="есть"><g v="VERB"></g><g v="impf"></g><g v="intr"></g><g v="masc"></g><g v="sing"></g><g v="past"></g><g v="indc"></g></l></v></tfr></token><token id="568648" text="создан"><tfr rev_id="1401729" t="создан"><v><l id="328589" t="создан"><g v="PRTS"></g><g v="perf"></g><g v="past"></g><g v="pssv"></g><g v="masc"></g><g v="sing"></g></l></v></tfr></token><token id="568649" text="специально"><tfr rev_id="3526363" t="специально"><v><l id="331873" t="специально"><g v="ADVB"></g></l></v></tfr></token><token id="568650" text="для"><tfr rev_id="3391614" t="для"><v><l id="85032" t="для"><g v="PREP"></g></l></v></tfr></token><token id="568651" text="галереи"><tfr rev_id="3479856" t="галереи"><v><l id="66444" t="галерея"><g v="NOUN"></g><g v="inan"></g><g v="femn"></g><g v="sing"></g><g v="gent"></g></l></v></tfr></token><token id="568652" text="«"><tfr rev_id="2442420" t="«"><v><l id="0" t="«"><g v="PNCT"></g></l></v></tfr></token><token id="568653" text="Триумф"><tfr rev_id="4106330" t="Триумф"><v><l id="350213" t="триумф"><g v="NOUN"></g><g v="inan"></g><g v="masc"></g><g v="sing"></g><g v="nomn"></g></l></v></tfr></token><token id="568654" text="»"><tfr rev_id="2442421" t="»"><v><l id="0" t="»"><g v="PNCT"></g></l></v></tfr></token><token id="568655" text="."><tfr rev_id="1401736" t="."><v><l id="0" t="."><g v="PNCT"></g></l></v></tfr></token></tokens></sentence><sentence id="31754"><source>Все работы выполнены в уникальной технике Илан — сотни или даже тысячи обрезков макулатуры сложены в тридименсиональные полотна.</source><tokens><token id="568656" text="Все"><tfr rev_id="4538249" t="Все"><v><l id="42156" t="весь"><g v="ADJF"></g><g v="Subx"></g><g v="Apro"></g><g v="inan"></g><g v="plur"></g><g v="accs"></g></l></v><v><l id="42156" t="весь"><g v="ADJF"></g><g v="Subx"></g><g v="Apro"></g><g v="plur"></g><g v="nomn"></g></l></v></tfr></token><token id="568657" text="работы"><tfr rev_id="3768704" t="работы"><v><l id="290501" t="работа"><g v="NOUN"></g><g v="inan"></g><g v="femn"></g><g v="plur"></g><g v="nomn"></g></l></v></tfr></token><token id="568658" text="выполнены"><tfr rev_id="1401739" t="выполнены"><v><l id="60629" t="выполнен"><g v="PRTS"></g><g v="perf"></g><g v="past"></g><g v="pssv"></g><g v="plur"></g></l></v></tfr></token><token id="568659" text="в"><tfr rev_id="1401740" t="в"><v><l id="37409" t="в"><g v="PREP"></g></l></v></tfr></token><token id="568660" text="уникальной"><tfr rev_id="4166049" t="уникальной"><v><l id="358340" t="уникальный"><g v="ADJF"></g><g v="Qual"></g><g v="femn"></g><g v="sing"></g><g v="loct"></g></l></v></tfr></token><token id="568661" text="технике"><tfr rev_id="4322983" t="технике"><v><l id="345936" t="техника"><g v="NOUN"></g><g v="inan"></g><g v="femn"></g><g v="sing"></g><g v="loct"></g></l></v></tfr></token><token id="568662" text="Илан"><tfr rev_id="2908770" t="Илан"><v><l id="121117" t="илан"><g v="NOUN"></g><g v="anim"></g><g v="masc"></g><g v="Name"></g><g v="sing"></g><g v="nomn"></g></l></v></tfr></token><token id="568663" text="—"><tfr rev_id="2442422" t="—"><v><l id="0" t="—"><g v="PNCT"></g></l></v></tfr></token><token id="568664" text="сотни"><tfr rev_id="3796625" t="сотни"><v><l id="330847" t="сотня"><g v="NOUN"></g><g v="inan"></g><g v="femn"></g><g v="plur"></g><g v="nomn"></g></l></v></tfr></token><token id="568665" text="или"><tfr rev_id="3787149" t="или"><v><l id="121146" t="или"><g v="CONJ"></g></l></v></tfr></token><token id="568666" text="даже"><tfr rev_id="4079096" t="даже"><v><l id="77849" t="даже"><g v="PRCL"></g></l></v></tfr></token><token id="568667" text="тысячи"><tfr rev_id="3743652" t="тысячи"><v><l id="352230" t="тысяча"><g v="NOUN"></g><g v="inan"></g><g v="femn"></g><g v="plur"></g><g v="nomn"></g></l></v></tfr></token><token id="568668" text="обрезков"><tfr rev_id="2703413" t="обрезков"><v><l id="198999" t="обрезок"><g v="NOUN"></g><g v="inan"></g><g v="masc"></g><g v="plur"></g><g v="gent"></g></l></v></tfr></token><token id="568669" text="макулатуры"><tfr rev_id="3441378" t="макулатуры"><v><l id="153580" t="макулатура"><g v="NOUN"></g><g v="inan"></g><g v="femn"></g><g v="sing"></g><g v="gent"></g></l></v></tfr></token><token id="568670" text="сложены"><tfr rev_id="1401751" t="сложены"><v><l id="325240" t="сложён"><g v="ADJS"></g><g v="Qual"></g><g v="plur"></g></l></v><v><l id="325248" t="сложен"><g v="PRTS"></g><g v="perf"></g><g v="past"></g><g v="pssv"></g><g v="plur"></g></l></v></tfr></token><token id="568671" text="в"><tfr rev_id="1401752" t="в"><v><l id="37409" t="в"><g v="PREP"></g></l></v></tfr></token><token id="568672" text="тридименсиональные"><tfr rev_id="1401753" t="тридименсиональные"><v><l id="0" t="тридименсиональные"><g v="UNKN"></g></l></v></tfr></token><token id="568673" text="полотна"><tfr rev_id="3743422" t="полотна"><v><l id="256485" t="полотно"><g v="NOUN"></g><g v="inan"></g><g v="neut"></g><g v="plur"></g><g v="accs"></g></l></v></tfr></token><token id="568674" text="."><tfr rev_id="1401755" t="."><v><l id="0" t="."><g v="PNCT"></g></l></v></tfr></token></tokens></sentence><sentence id="31755"><source>На этих полотнах портреты семьи, людей из ближайшего окружения, пейзажи (новая тема в творчестве Илан).</source><tokens><token id="568675" text="На"><tfr rev_id="3330738" t="На"><v><l id="166264" t="на"><g v="PREP"></g></l></v></tfr></token><token id="568676" text="этих"><tfr rev_id="4447087" t="этих"><v><l id="386581" t="этот"><g v="ADJF"></g><g v="Subx"></g><g v="Apro"></g><g v="Anph"></g><g v="plur"></g><g v="gent"></g></l></v><v><l id="386581" t="этот"><g v="ADJF"></g><g v="Subx"></g><g v="Apro"></g><g v="Anph"></g><g v="anim"></g><g v="plur"></g><g v="accs"></g></l></v><v><l id="386581" t="этот"><g v="ADJF"></g><g v="Subx"></g><g v="Apro"></g><g v="Anph"></g><g v="plur"></g><g v="loct"></g></l></v></tfr></token><token id="568677" text="полотнах"><tfr rev_id="1401758" t="полотнах"><v><l id="256485" t="полотно"><g v="NOUN"></g><g v="inan"></g><g v="neut"></g><g v="plur"></g><g v="loct"></g></l></v></tfr></token><token id="568678" text="портреты"><tfr rev_id="3750134" t="портреты"><v><l id="260631" t="портрет"><g v="NOUN"></g><g v="inan"></g><g v="masc"></g><g v="plur"></g><g v="nomn"></g></l></v></tfr></token><token id="568679" text="семьи"><tfr rev_id="4100102" t="семьи"><v><l id="318660" t="семья"><g v="NOUN"></g><g v="inan"></g><g v="femn"></g><g v="sing"></g><g v="gent"></g></l></v></tfr></token><token id="568680" text=","><tfr rev_id="1401761" t=","><v><l id="0" t=","><g v="PNCT"></g></l></v></tfr></token><token id="568681" text="людей"><tfr rev_id="3540895" t="людей"><v><l id="375073" t="человек"><g v="NOUN"></g><g v="anim"></g><g v="masc"></g><g v="plur"></g><g v="gent"></g></l></v></tfr></token><token id="568682" text="из"><tfr rev_id="2603116" t="из"><v><l id="117677" t="из"><g v="PREP"></g></l></v></tfr></token><token id="568683" text="ближайшего"><tfr rev_id="4430755" t="ближайшего"><v><l id="30857" t="ближайший"><g v="ADJF"></g><g v="Supr"></g><g v="Qual"></g><g v="neut"></g><g v="sing"></g><g v="gent"></g></l></v></tfr></token><token id="568684" text="окружения"><tfr rev_id="3433560" t="окружения"><v><l id="205536" t="окружение"><g v="NOUN"></g><g v="inan"></g><g v="neut"></g><g v="sing"></g><g v="gent"></g></l></v></tfr></token><token id="568685" text=","><tfr rev_id="1401766" t=","><v><l id="0" t=","><g v="PNCT"></g></l></v></tfr></token><token id="568686" text="пейзажи"><tfr rev_id="3751720" t="пейзажи"><v><l id="225716" t="пейзаж"><g v="NOUN"></g><g v="inan"></g><g v="masc"></g><g v="plur"></g><g v="nomn"></g></l></v></tfr></token><token id="568687" text="("><tfr rev_id="1401768" t="("><v><l id="0" t="("><g v="PNCT"></g></l></v></tfr></token><token id="568688" text="новая"><tfr rev_id="1401769" t="новая"><v><l id="191918" t="новый"><g v="ADJF"></g><g v="Qual"></g><g v="femn"></g><g v="sing"></g><g v="nomn"></g></l></v></tfr></token><token id="568689" text="тема"><tfr rev_id="1401770" t="тема"><v><l id="344450" t="тема"><g v="NOUN"></g><g v="inan"></g><g v="femn"></g><g v="sing"></g><g v="nomn"></g></l></v></tfr></token><token id="568690" text="в"><tfr rev_id="1401771" t="в"><v><l id="37409" t="в"><g v="PREP"></g></l></v></tfr></token><token id="568691" text="творчестве"><tfr rev_id="1401772" t="творчестве"><v><l id="343860" t="творчество"><g v="NOUN"></g><g v="inan"></g><g v="neut"></g><g v="sing"></g><g v="loct"></g></l></v></tfr></token><token id="568692" text="Илан"><tfr rev_id="3474135" t="Илан"><v><l id="0" t="Илан"><g v="UNKN"></g></l></v></tfr></token><token id="568693" text=")"><tfr rev_id="1401774" t=")"><v><l id="0" t=")"><g v="PNCT"></g></l></v></tfr></token><token id="568694" text="."><tfr rev_id="1401775" t="."><v><l id="0" t="."><g v="PNCT"></g></l></v></tfr></token></tokens></sentence></paragraph><paragraph id="10084"><sentence id="31756"><source>Трудоёмкая техника, в которой работает Илан, напоминает о том, что сущность любого женского ремесла сродни упорству Сизифа.</source><tokens><token id="568695" text="Трудоёмкая"><tfr rev_id="1401776" t="Трудоёмкая"><v><l id="350856" t="трудоёмкий"><g v="ADJF"></g><g v="femn"></g><g v="sing"></g><g v="nomn"></g></l></v></tfr></token><token id="568696" text="техника"><tfr rev_id="4331844" t="техника"><v><l id="345936" t="техника"><g v="NOUN"></g><g v="inan"></g><g v="femn"></g><g v="sing"></g><g v="nomn"></g></l></v></tfr></token><token id="568697" text=","><tfr rev_id="1401778" t=","><v><l id="0" t=","><g v="PNCT"></g></l></v></tfr></token><token id="568698" text="в"><tfr rev_id="1401779" t="в"><v><l id="37409" t="в"><g v="PREP"></g></l></v></tfr></token><token id="568699" text="которой"><tfr rev_id="3692200" t="которой"><v><l id="141203" t="который"><g v="ADJF"></g><g v="Apro"></g><g v="Subx"></g><g v="Anph"></g><g v="femn"></g><g v="sing"></g><g v="loct"></g></l></v></tfr></token><token id="568700" text="работает"><tfr rev_id="1401781" t="работает"><v><l id="290502" t="работаю"><g v="VERB"></g><g v="impf"></g><g v="intr"></g><g v="sing"></g><g v="3per"></g><g v="pres"></g><g v="indc"></g></l></v></tfr></token><token id="568701" text="Илан"><tfr rev_id="3505268" t="Илан"><v><l id="121117" t="илан"><g v="NOUN"></g><g v="anim"></g><g v="masc"></g><g v="Name"></g><g v="sing"></g><g v="nomn"></g></l></v></tfr></token><token id="568702" text=","><tfr rev_id="1401783" t=","><v><l id="0" t=","><g v="PNCT"></g></l></v></tfr></token><token id="568703" text="напоминает"><tfr rev_id="1401784" t="напоминает"><v><l id="173880" t="напоминаю"><g v="VERB"></g><g v="impf"></g><g v="tran"></g><g v="sing"></g><g v="3per"></g><g v="pres"></g><g v="indc"></g></l></v></tfr></token><token id="568704" text="о"><tfr rev_id="3417452" t="о"><v><l id="192977" t="о"><g v="PREP"></g></l></v></tfr></token><token id="568705" text="том"><tfr rev_id="4308677" t="том"><v><l id="348430" t="тот"><g v="ADJF"></g><g v="Subx"></g><g v="Apro"></g><g v="Anph"></g><g v="neut"></g><g v="sing"></g><g v="loct"></g></l></v></tfr></token><token id="568706" text=","><tfr rev_id="1401787" t=","><v><l id="0" t=","><g v="PNCT"></g></l></v></tfr></token><token id="568707" text="что"><tfr rev_id="3196519" t="что"><v><l id="377004" t="что"><g v="CONJ"></g></l></v><v><l id="377005" t="что"><g v="NPRO"></g><g v="neut"></g><g v="sing"></g><g v="nomn"></g></l></v><v><l id="377005" t="что"><g v="NPRO"></g><g v="neut"></g><g v="sing"></g><g v="accs"></g></l></v><v><l id="377006" t="что"><g v="ADVB"></g><g v="Ques"></g></l></v><v><l id="388695" t="что"><g v="PRCL"></g></l></v></tfr></token><token id="568708" text="сущность"><tfr rev_id="3523776" t="сущность"><v><l id="340497" t="сущность"><g v="NOUN"></g><g v="inan"></g><g v="femn"></g><g v="sing"></g><g v="nomn"></g></l></v></tfr></token><token id="568709" text="любого"><tfr rev_id="4400186" t="любого"><v><l id="152026" t="любой"><g v="ADJF"></g><g v="Apro"></g><g v="neut"></g><g v="sing"></g><g v="gent"></g></l></v></tfr></token><token id="568710" text="женского"><tfr rev_id="3539025" t="женского"><v><l id="96743" t="женский"><g v="ADJF"></g><g v="neut"></g><g v="sing"></g><g v="gent"></g></l></v></tfr></token><token id="568711" text="ремесла"><tfr rev_id="3482415" t="ремесла"><v><l id="306069" t="ремесло"><g v="NOUN"></g><g v="inan"></g><g v="neut"></g><g v="sing"></g><g v="gent"></g></l></v></tfr></token><token id="568712" text="сродни"><tfr rev_id="3662393" t="сродни"><v><l id="333818" t="сродни"><g v="ADVB"></g><g v="Prdx"></g></l></v><v><l id="333820" t="сроднил"><g v="VERB"></g><g v="perf"></g><g v="tran"></g><g v="sing"></g><g v="impr"></g><g v="excl"></g></l></v><v><l id="389567" t="сродни"><g v="PREP"></g></l></v></tfr></token><token id="568713" text="упорству"><tfr rev_id="1401794" t="упорству"><v><l id="359120" t="упорство"><g v="NOUN"></g><g v="inan"></g><g v="neut"></g><g v="sing"></g><g v="datv"></g></l></v></tfr></token><token id="568714" text="Сизифа"><tfr rev_id="4215057" t="Сизифа"><v><l id="320284" t="сизиф"><g v="NOUN"></g><g v="anim"></g><g v="masc"></g><g v="sing"></g><g v="gent"></g></l></v></tfr></token><token id="568715" text="."><tfr rev_id="1401796" t="."><v><l id="0" t="."><g v="PNCT"></g></l></v></tfr></token></tokens></sentence><sentence id="31757"><source>Работы, на создание которых уходят часы тяжёлого труда, служат примером цельности, чистоты исполнения и чувственности, которая впечатляет и привлекает зрителя.</source><tokens><token id="568716" text="Работы"><tfr rev_id="3797042" t="Работы"><v><l id="290501" t="работа"><g v="NOUN"></g><g v="inan"></g><g v="femn"></g><g v="plur"></g><g v="nomn"></g></l></v></tfr></token><token id="568717" text=","><tfr rev_id="1401798" t=","><v><l id="0" t=","><g v="PNCT"></g></l></v></tfr></token><token id="568718" text="на"><tfr rev_id="3344194" t="на"><v><l id="166264" t="на"><g v="PREP"></g></l></v></tfr></token><token id="568719" text="создание"><tfr rev_id="4571593" t="создание"><v><l id="328580" t="создание"><g v="NOUN"></g><g v="inan"></g><g v="neut"></g><g v="Inmx"></g><g v="sing"></g><g v="accs"></g></l></v></tfr></token><token id="568720" text="которых"><tfr rev_id="4420620" t="которых"><v><l id="141203" t="который"><g v="ADJF"></g><g v="Apro"></g><g v="Subx"></g><g v="Anph"></g><g v="plur"></g><g v="gent"></g></l></v></tfr></token><token id="568721" text="уходят"><tfr rev_id="1401802" t="уходят"><v><l id="362937" t="ухожу"><g v="VERB"></g><g v="impf"></g><g v="intr"></g><g v="plur"></g><g v="3per"></g><g v="pres"></g><g v="indc"></g></l></v><v><l id="362942" t="уходил"><g v="VERB"></g><g v="perf"></g><g v="tran"></g><g v="plur"></g><g v="3per"></g><g v="futr"></g><g v="indc"></g></l></v></tfr></token><token id="568722" text="часы"><tfr rev_id="3757422" t="часы"><v><l id="374736" t="час"><g v="NOUN"></g><g v="inan"></g><g v="masc"></g><g v="plur"></g><g v="nomn"></g></l></v><v><l id="374822" t="часы"><g v="NOUN"></g><g v="inan"></g><g v="GNdr"></g><g v="Pltm"></g><g v="plur"></g><g v="nomn"></g></l></v></tfr></token><token id="568723" text="тяжёлого"><tfr rev_id="3946380" t="тяжёлого"><v><l id="352656" t="тяжёлый"><g v="ADJF"></g><g v="Qual"></g><g v="masc"></g><g v="sing"></g><g v="gent"></g></l></v><v><l id="352656" t="тяжёлый"><g v="ADJF"></g><g v="Qual"></g><g v="anim"></g><g v="masc"></g><g v="sing"></g><g v="accs"></g></l></v></tfr></token><token id="568724" text="труда"><tfr rev_id="1401805" t="труда"><v><l id="350729" t="труд"><g v="NOUN"></g><g v="inan"></g><g v="masc"></g><g v="sing"></g><g v="gent"></g></l></v></tfr></token><token id="568725" text=","><tfr rev_id="1401806" t=","><v><l id="0" t=","><g v="PNCT"></g></l></v></tfr></token><token id="568726" text="служат"><tfr rev_id="1401807" t="служат"><v><l id="325411" t="служу"><g v="VERB"></g><g v="impf"></g><g v="tran"></g><g v="plur"></g><g v="3per"></g><g v="pres"></g><g v="indc"></g></l></v></tfr></token><token id="568727" text="примером"><tfr rev_id="1401808" t="примером"><v><l id="271975" t="пример"><g v="NOUN"></g><g v="inan"></g><g v="masc"></g><g v="sing"></g><g v="ablt"></g></l></v></tfr></token><token id="568728" text="цельности"><tfr rev_id="4178623" t="цельности"><v><l id="373244" t="цельность"><g v="NOUN"></g><g v="inan"></g><g v="femn"></g><g v="sing"></g><g v="gent"></g></l></v></tfr></token><token id="568729" text=","><tfr rev_id="1401810" t=","><v><l id="0" t=","><g v="PNCT"></g></l></v></tfr></token><token id="568730" text="чистоты"><tfr rev_id="1401811" t="чистоты"><v><l id="376670" t="чистота"><g v="NOUN"></g><g v="inan"></g><g v="femn"></g><g v="Sgtm"></g><g v="sing"></g><g v="gent"></g></l></v></tfr></token><token id="568731" text="исполнения"><tfr rev_id="3444659" t="исполнения"><v><l id="125355" t="исполнение"><g v="NOUN"></g><g v="inan"></g><g v="neut"></g><g v="sing"></g><g v="gent"></g></l></v></tfr></token><token id="568732" text="и"><tfr rev_id="3445880" t="и"><v><l id="116949" t="и"><g v="CONJ"></g></l></v></tfr></token><token id="568733" text="чувственности"><tfr rev_id="4313946" t="чувственности"><v><l id="377072" t="чувственность"><g v="NOUN"></g><g v="inan"></g><g v="femn"></g><g v="sing"></g><g v="gent"></g></l></v></tfr></token><token id="568734" text=","><tfr rev_id="1401815" t=","><v><l id="0" t=","><g v="PNCT"></g></l></v></tfr></token><token id="568735" text="которая"><tfr rev_id="3639792" t="которая"><v><l id="141203" t="который"><g v="ADJF"></g><g v="Apro"></g><g v="Subx"></g><g v="Anph"></g><g v="femn"></g><g v="sing"></g><g v="nomn"></g></l></v></tfr></token><token id="568736" text="впечатляет"><tfr rev_id="1401817" t="впечатляет"><v><l id="52411" t="впечатляю"><g v="VERB"></g><g v="impf"></g><g v="tran"></g><g v="sing"></g><g v="3per"></g><g v="pres"></g><g v="indc"></g></l></v></tfr></token><token id="568737" text="и"><tfr rev_id="1401818" t="и"><v><l id="116949" t="и"><g v="CONJ"></g></l></v><v><l id="116950" t="и"><g v="INTJ"></g></l></v></tfr></token><token id="568738" text="привлекает"><tfr rev_id="1401819" t="привлекает"><v><l id="269365" t="привлекаю"><g v="VERB"></g><g v="impf"></g><g v="tran"></g><g v="sing"></g><g v="3per"></g><g v="pres"></g><g v="indc"></g></l></v></tfr></token><token id="568739" text="зрителя"><tfr rev_id="4461529" t="зрителя"><v><l id="116577" t="зритель"><g v="NOUN"></g><g v="anim"></g><g v="masc"></g><g v="sing"></g><g v="accs"></g></l></v></tfr></token><token id="568740" text="."><tfr rev_id="1401821" t="."><v><l id="0" t="."><g v="PNCT"></g></l></v></tfr></token></tokens></sentence></paragraph><paragraph id="10085"><sentence id="31758"><source>В своей работе Илан опирается на радикальный феминистский дискурс, возникший в США в 70-х годах.</source><tokens><token id="568741" text="В"><tfr rev_id="1401822" t="В"><v><l id="37409" t="в"><g v="PREP"></g></l></v></tfr></token><token id="568742" text="своей"><tfr rev_id="4424281" t="своей"><v><l id="316379" t="свой"><g v="ADJF"></g><g v="Apro"></g><g v="Anph"></g><g v="femn"></g><g v="sing"></g><g v="loct"></g></l></v></tfr></token><token id="568743" text="работе"><tfr rev_id="3537245" t="работе"><v><l id="290501" t="работа"><g v="NOUN"></g><g v="inan"></g><g v="femn"></g><g v="sing"></g><g v="loct"></g></l></v></tfr></token><token id="568744" text="Илан"><tfr rev_id="3498587" t="Илан"><v><l id="121117" t="илан"><g v="NOUN"></g><g v="anim"></g><g v="masc"></g><g v="Name"></g><g v="sing"></g><g v="nomn"></g></l></v></tfr></token><token id="568745" text="опирается"><tfr rev_id="1401826" t="опирается"><v><l id="207147" t="опираюсь"><g v="VERB"></g><g v="impf"></g><g v="intr"></g><g v="sing"></g><g v="3per"></g><g v="pres"></g><g v="indc"></g></l></v></tfr></token><token id="568746" text="на"><tfr rev_id="3340479" t="на"><v><l id="166264" t="на"><g v="PREP"></g></l></v></tfr></token><token id="568747" text="радикальный"><tfr rev_id="1401828" t="радикальный"><v><l id="290909" t="радикальный"><g v="ADJF"></g><g v="masc"></g><g v="sing"></g><g v="nomn"></g></l></v><v><l id="290909" t="радикальный"><g v="ADJF"></g><g v="inan"></g><g v="masc"></g><g v="sing"></g><g v="accs"></g></l></v></tfr></token><token id="568748" text="феминистский"><tfr rev_id="1401829" t="феминистский"><v><l id="365164" t="феминистский"><g v="ADJF"></g><g v="masc"></g><g v="sing"></g><g v="nomn"></g></l></v><v><l id="365164" t="феминистский"><g v="ADJF"></g><g v="inan"></g><g v="masc"></g><g v="sing"></g><g v="accs"></g></l></v></tfr></token><token id="568749" text="дискурс"><tfr rev_id="4106849" t="дискурс"><v><l id="84407" t="дискурс"><g v="NOUN"></g><g v="inan"></g><g v="masc"></g><g v="sing"></g><g v="accs"></g></l></v></tfr></token><token id="568750" text=","><tfr rev_id="1401831" t=","><v><l id="0" t=","><g v="PNCT"></g></l></v></tfr></token><token id="568751" text="возникший"><tfr rev_id="1401832" t="возникший"><v><l id="49523" t="возникнувший"><g v="PRTF"></g><g v="perf"></g><g v="intr"></g><g v="past"></g><g v="actv"></g><g v="masc"></g><g v="sing"></g><g v="nomn"></g><g v="Infr"></g></l></v><v><l id="49523" t="возникнувший"><g v="PRTF"></g><g v="perf"></g><g v="intr"></g><g v="past"></g><g v="actv"></g><g v="inan"></g><g v="masc"></g><g v="sing"></g><g v="accs"></g><g v="Infr"></g></l></v></tfr></token><token id="568752" text="в"><tfr rev_id="1401833" t="в"><v><l id="37409" t="в"><g v="PREP"></g></l></v></tfr></token><token id="568753" text="США"><tfr rev_id="3811339" t="США"><v><l id="341371" t="сша"><g v="NOUN"></g><g v="inan"></g><g v="GNdr"></g><g v="Pltm"></g><g v="Fixd"></g><g v="Abbr"></g><g v="Geox"></g><g v="plur"></g><g v="nomn"></g></l></v><v><l id="341371" t="сша"><g v="NOUN"></g><g v="inan"></g><g v="GNdr"></g><g v="Pltm"></g><g v="Fixd"></g><g v="Abbr"></g><g v="Geox"></g><g v="plur"></g><g v="gent"></g></l></v><v><l id="341371" t="сша"><g v="NOUN"></g><g v="inan"></g><g v="GNdr"></g><g v="Pltm"></g><g v="Fixd"></g><g v="Abbr"></g><g v="Geox"></g><g v="plur"></g><g v="datv"></g></l></v><v><l id="341371" t="сша"><g v="NOUN"></g><g v="inan"></g><g v="GNdr"></g><g v="Pltm"></g><g v="Fixd"></g><g v="Abbr"></g><g v="Geox"></g><g v="plur"></g><g v="accs"></g></l></v><v><l id="341371" t="сша"><g v="NOUN"></g><g v="inan"></g><g v="GNdr"></g><g v="Pltm"></g><g v="Fixd"></g><g v="Abbr"></g><g v="Geox"></g><g v="plur"></g><g v="ablt"></g></l></v><v><l id="341371" t="сша"><g v="NOUN"></g><g v="inan"></g><g v="GNdr"></g><g v="Pltm"></g><g v="Fixd"></g><g v="Abbr"></g><g v="Geox"></g><g v="plur"></g><g v="loct"></g></l></v></tfr></token><token id="568754" text="в"><tfr rev_id="1401835" t="в"><v><l id="37409" t="в"><g v="PREP"></g></l></v></tfr></token><token id="568755" text="70-х"><tfr rev_id="4578736" t="70-х"><v><l id="393247" t="70-й"><g v="ADJF"></g><g v="Abbr"></g><g v="Anum"></g><g v="anim"></g><g v="plur"></g><g v="accs"></g></l></v><v><l id="393247" t="70-й"><g v="ADJF"></g><g v="Abbr"></g><g v="Anum"></g><g v="plur"></g><g v="gent"></g></l></v><v><l id="393247" t="70-й"><g v="ADJF"></g><g v="Abbr"></g><g v="Anum"></g><g v="plur"></g><g v="loct"></g></l></v></tfr></token><token id="568756" text="годах"><tfr rev_id="1401837" t="годах"><v><l id="72149" t="год"><g v="NOUN"></g><g v="inan"></g><g v="masc"></g><g v="plur"></g><g v="loct"></g></l></v></tfr></token><token id="568757" text="."><tfr rev_id="1401838" t="."><v><l id="0" t="."><g v="PNCT"></g></l></v></tfr></token></tokens></sentence></paragraph><paragraph id="10086"><sentence id="31759"><source>В те годы художницы, освобождая своё творчество от уничижительного определения «женское искусство», создавали агрессивные работы, использовали декоративные элементы и технику женских ремёсел, переворачивая тем самым представления о женском искусстве как о миролюбивом и декоративном.</source><tokens><token id="568758" text="В"><tfr rev_id="1401839" t="В"><v><l id="37409" t="в"><g v="PREP"></g></l></v></tfr></token><token id="568759" text="те"><tfr rev_id="3813456" t="те"><v><l id="348430" t="тот"><g v="ADJF"></g><g v="Subx"></g><g v="Apro"></g><g v="Anph"></g><g v="inan"></g><g v="plur"></g><g v="accs"></g></l></v></tfr></token><token id="568760" text="годы"><tfr rev_id="3727660" t="годы"><v><l id="72149" t="год"><g v="NOUN"></g><g v="inan"></g><g v="masc"></g><g v="plur"></g><g v="accs"></g></l></v></tfr></token><token id="568761" text="художницы"><tfr rev_id="1401842" t="художницы"><v><l id="372467" t="художница"><g v="NOUN"></g><g v="anim"></g><g v="femn"></g><g v="sing"></g><g v="gent"></g></l></v><v><l id="372467" t="художница"><g v="NOUN"></g><g v="anim"></g><g v="femn"></g><g v="plur"></g><g v="nomn"></g></l></v></tfr></token><token id="568762" text=","><tfr rev_id="1401843" t=","><v><l id="0" t=","><g v="PNCT"></g></l></v></tfr></token><token id="568763" text="освобождая"><tfr rev_id="1401844" t="освобождая"><v><l id="209712" t="освобождая"><g v="GRND"></g><g v="impf"></g><g v="tran"></g><g v="pres"></g></l></v></tfr></token><token id="568764" text="своё"><tfr rev_id="3632798" t="своё"><v><l id="316379" t="свой"><g v="ADJF"></g><g v="Apro"></g><g v="Anph"></g><g v="neut"></g><g v="sing"></g><g v="nomn"></g></l></v><v><l id="316379" t="свой"><g v="ADJF"></g><g v="Apro"></g><g v="Anph"></g><g v="neut"></g><g v="sing"></g><g v="accs"></g></l></v></tfr></token><token id="568765" text="творчество"><tfr rev_id="1401846" t="творчество"><v><l id="343860" t="творчество"><g v="NOUN"></g><g v="inan"></g><g v="neut"></g><g v="sing"></g><g v="nomn"></g></l></v><v><l id="343860" t="творчество"><g v="NOUN"></g><g v="inan"></g><g v="neut"></g><g v="sing"></g><g v="accs"></g></l></v></tfr></token><token id="568766" text="от"><tfr rev_id="1401847" t="от"><v><l id="211644" t="от"><g v="PREP"></g></l></v></tfr></token><token id="568767" text="уничижительного"><tfr rev_id="4096955" t="уничижительного"><v><l id="358422" t="уничижительный"><g v="ADJF"></g><g v="Qual"></g><g v="neut"></g><g v="sing"></g><g v="gent"></g></l></v></tfr></token><token id="568768" text="определения"><tfr rev_id="3462314" t="определения"><v><l id="207991" t="определение"><g v="NOUN"></g><g v="inan"></g><g v="neut"></g><g v="sing"></g><g v="gent"></g></l></v></tfr></token><token id="568769" text="«"><tfr rev_id="2442423" t="«"><v><l id="0" t="«"><g v="PNCT"></g></l></v></tfr></token><token id="568770" text="женское"><tfr rev_id="1401851" t="женское"><v><l id="96743" t="женский"><g v="ADJF"></g><g v="neut"></g><g v="sing"></g><g v="nomn"></g></l></v><v><l id="96743" t="женский"><g v="ADJF"></g><g v="neut"></g><g v="sing"></g><g v="accs"></g></l></v></tfr></token><token id="568771" text="искусство"><tfr rev_id="1401852" t="искусство"><v><l id="124885" t="искусство"><g v="NOUN"></g><g v="inan"></g><g v="neut"></g><g v="sing"></g><g v="nomn"></g></l></v><v><l id="124885" t="искусство"><g v="NOUN"></g><g v="inan"></g><g v="neut"></g><g v="sing"></g><g v="accs"></g></l></v></tfr></token><token id="568772" text="»"><tfr rev_id="2442424" t="»"><v><l id="0" t="»"><g v="PNCT"></g></l></v></tfr></token><token id="568773" text=","><tfr rev_id="1401854" t=","><v><l id="0" t=","><g v="PNCT"></g></l></v></tfr></token><token id="568774" text="создавали"><tfr rev_id="1401855" t="создавали"><v><l id="328568" t="создаю"><g v="VERB"></g><g v="impf"></g><g v="tran"></g><g v="plur"></g><g v="past"></g><g v="indc"></g></l></v></tfr></token><token id="568775" text="агрессивные"><tfr rev_id="3756846" t="агрессивные"><v><l id="4238" t="агрессивный"><g v="ADJF"></g><g v="Qual"></g><g v="inan"></g><g v="plur"></g><g v="accs"></g></l></v></tfr></token><token id="568776" text="работы"><tfr rev_id="3814516" t="работы"><v><l id="290501" t="работа"><g v="NOUN"></g><g v="inan"></g><g v="femn"></g><g v="plur"></g><g v="accs"></g></l></v></tfr></token><token id="568777" text=","><tfr rev_id="1401858" t=","><v><l id="0" t=","><g v="PNCT"></g></l></v></tfr></token><token id="568778" text="использовали"><tfr rev_id="1401859" t="использовали"><v><l id="125418" t="использовал"><g v="VERB"></g><g v="perf"></g><g v="tran"></g><g v="plur"></g><g v="past"></g><g v="indc"></g></l></v><v><l id="125419" t="использую"><g v="VERB"></g><g v="impf"></g><g v="tran"></g><g v="plur"></g><g v="past"></g><g v="indc"></g></l></v></tfr></token><token id="568779" text="декоративные"><tfr rev_id="3820935" t="декоративные"><v><l id="80435" t="декоративный"><g v="ADJF"></g><g v="inan"></g><g v="plur"></g><g v="accs"></g></l></v></tfr></token><token id="568780" text="элементы"><tfr rev_id="3748986" t="элементы"><v><l id="384688" t="элемент"><g v="NOUN"></g><g v="inan"></g><g v="masc"></g><g v="plur"></g><g v="accs"></g></l></v></tfr></token><token id="568781" text="и"><tfr rev_id="3724300" t="и"><v><l id="116949" t="и"><g v="CONJ"></g></l></v></tfr></token><token id="568782" text="технику"><tfr rev_id="4331725" t="технику"><v><l id="345936" t="техника"><g v="NOUN"></g><g v="inan"></g><g v="femn"></g><g v="sing"></g><g v="accs"></g></l></v></tfr></token><token id="568783" text="женских"><tfr rev_id="3410975" t="женских"><v><l id="96743" t="женский"><g v="ADJF"></g><g v="plur"></g><g v="gent"></g></l></v></tfr></token><token id="568784" text="ремёсел"><tfr rev_id="1401865" t="ремёсел"><v><l id="306069" t="ремесло"><g v="NOUN"></g><g v="inan"></g><g v="neut"></g><g v="plur"></g><g v="gent"></g></l></v></tfr></token><token id="568785" text=","><tfr rev_id="1401866" t=","><v><l id="0" t=","><g v="PNCT"></g></l></v></tfr></token><token id="568786" text="переворачивая"><tfr rev_id="1401867" t="переворачивая"><v><l id="227441" t="переворачивая"><g v="GRND"></g><g v="impf"></g><g v="tran"></g><g v="pres"></g></l></v></tfr></token><token id="568787" text="тем"><tfr rev_id="4504473" t="тем"><v><l id="348430" t="тот"><g v="ADJF"></g><g v="Subx"></g><g v="Apro"></g><g v="Anph"></g><g v="masc"></g><g v="sing"></g><g v="ablt"></g></l></v><v><l id="348430" t="тот"><g v="ADJF"></g><g v="Subx"></g><g v="Apro"></g><g v="Anph"></g><g v="neut"></g><g v="sing"></g><g v="ablt"></g></l></v></tfr></token><token id="568788" text="самым"><tfr rev_id="4414542" t="самым"><v><l id="313174" t="самый"><g v="ADJF"></g><g v="Apro"></g><g v="neut"></g><g v="sing"></g><g v="ablt"></g></l></v></tfr></token><token id="568789" text="представления"><tfr rev_id="3807593" t="представления"><v><l id="267110" t="представление"><g v="NOUN"></g><g v="inan"></g><g v="neut"></g><g v="plur"></g><g v="accs"></g></l></v></tfr></token><token id="568790" text="о"><tfr rev_id="3332897" t="о"><v><l id="192977" t="о"><g v="PREP"></g></l></v></tfr></token><token id="568791" text="женском"><tfr rev_id="3481763" t="женском"><v><l id="96743" t="женский"><g v="ADJF"></g><g v="neut"></g><g v="sing"></g><g v="loct"></g></l></v></tfr></token><token id="568792" text="искусстве"><tfr rev_id="1401873" t="искусстве"><v><l id="124885" t="искусство"><g v="NOUN"></g><g v="inan"></g><g v="neut"></g><g v="sing"></g><g v="loct"></g></l></v></tfr></token><token id="568793" text="как"><tfr rev_id="1401874" t="как"><v><l id="128190" t="как"><g v="CONJ"></g></l></v><v><l id="128191" t="как"><g v="PRCL"></g></l></v><v><l id="128192" t="как"><g v="ADVB"></g><g v="Ques"></g></l></v></tfr></token><token id="568794" text="о"><tfr rev_id="3326998" t="о"><v><l id="192977" t="о"><g v="PREP"></g></l></v></tfr></token><token id="568795" text="миролюбивом"><tfr rev_id="4076661" t="миролюбивом"><v><l id="160912" t="миролюбивый"><g v="ADJF"></g><g v="Qual"></g><g v="neut"></g><g v="sing"></g><g v="loct"></g></l></v></tfr></token><token id="568796" text="и"><tfr rev_id="1401877" t="и"><v><l id="116949" t="и"><g v="CONJ"></g></l></v><v><l id="116950" t="и"><g v="INTJ"></g></l></v></tfr></token><token id="568797" text="декоративном"><tfr rev_id="4103363" t="декоративном"><v><l id="80435" t="декоративный"><g v="ADJF"></g><g v="neut"></g><g v="sing"></g><g v="loct"></g></l></v></tfr></token><token id="568798" text="."><tfr rev_id="1401879" t="."><v><l id="0" t="."><g v="PNCT"></g></l></v></tfr></token></tokens></sentence><sentence id="31760"><source>Они обнажали агрессию в сторону мужского взгляда на женскую работу и заявляли о своём освобождении от гегемонии «мужского искусства».</source><tokens><token id="568799" text="Они"><tfr rev_id="3599342" t="Они"><v><l id="206619" t="они"><g v="NPRO"></g><g v="3per"></g><g v="Anph"></g><g v="plur"></g><g v="nomn"></g></l></v></tfr></token><token id="568800" text="обнажали"><tfr rev_id="1401881" t="обнажали"><v><l id="197723" t="обнажаю"><g v="VERB"></g><g v="impf"></g><g v="tran"></g><g v="plur"></g><g v="past"></g><g v="indc"></g></l></v></tfr></token><token id="568801" text="агрессию"><tfr rev_id="1401882" t="агрессию"><v><l id="4241" t="агрессия"><g v="NOUN"></g><g v="inan"></g><g v="femn"></g><g v="sing"></g><g v="accs"></g></l></v></tfr></token><token id="568802" text="в"><tfr rev_id="1401883" t="в"><v><l id="37409" t="в"><g v="PREP"></g></l></v></tfr></token><token id="568803" text="сторону"><tfr rev_id="1401884" t="сторону"><v><l id="336894" t="сторона"><g v="NOUN"></g><g v="inan"></g><g v="femn"></g><g v="sing"></g><g v="accs"></g></l></v></tfr></token><token id="568804" text="мужского"><tfr rev_id="3470185" t="мужского"><v><l id="164765" t="мужской"><g v="ADJF"></g><g v="masc"></g><g v="sing"></g><g v="gent"></g></l></v><v><l id="164765" t="мужской"><g v="ADJF"></g><g v="anim"></g><g v="masc"></g><g v="sing"></g><g v="accs"></g></l></v></tfr></token><token id="568805" text="взгляда"><tfr rev_id="1401886" t="взгляда"><v><l id="43326" t="взгляд"><g v="NOUN"></g><g v="inan"></g><g v="masc"></g><g v="sing"></g><g v="gent"></g></l></v></tfr></token><token id="568806" text="на"><tfr rev_id="3330246" t="на"><v><l id="166264" t="на"><g v="PREP"></g></l></v></tfr></token><token id="568807" text="женскую"><tfr rev_id="1401888" t="женскую"><v><l id="96743" t="женский"><g v="ADJF"></g><g v="femn"></g><g v="sing"></g><g v="accs"></g></l></v></tfr></token><token id="568808" text="работу"><tfr rev_id="1401889" t="работу"><v><l id="290501" t="работа"><g v="NOUN"></g><g v="inan"></g><g v="femn"></g><g v="sing"></g><g v="accs"></g></l></v></tfr></token><token id="568809" text="и"><tfr rev_id="1401890" t="и"><v><l id="116949" t="и"><g v="CONJ"></g></l></v><v><l id="116950" t="и"><g v="INTJ"></g></l></v></tfr></token><token id="568810" text="заявляли"><tfr rev_id="1401891" t="заявляли"><v><l id="114312" t="заявляю"><g v="VERB"></g><g v="impf"></g><g v="tran"></g><g v="plur"></g><g v="past"></g><g v="indc"></g></l></v></tfr></token><token id="568811" text="о"><tfr rev_id="3302021" t="о"><v><l id="192977" t="о"><g v="PREP"></g></l></v></tfr></token><token id="568812" text="своём"><tfr rev_id="3631130" t="своём"><v><l id="316379" t="свой"><g v="ADJF"></g><g v="Apro"></g><g v="Anph"></g><g v="neut"></g><g v="sing"></g><g v="loct"></g></l></v></tfr></token><token id="568813" text="освобождении"><tfr rev_id="1401894" t="освобождении"><v><l id="209718" t="освобождение"><g v="NOUN"></g><g v="inan"></g><g v="neut"></g><g v="sing"></g><g v="loct"></g></l></v></tfr></token><token id="568814" text="от"><tfr rev_id="1401895" t="от"><v><l id="211644" t="от"><g v="PREP"></g></l></v></tfr></token><token id="568815" text="гегемонии"><tfr rev_id="3556754" t="гегемонии"><v><l id="68057" t="гегемония"><g v="NOUN"></g><g v="inan"></g><g v="femn"></g><g v="sing"></g><g v="gent"></g></l></v></tfr></token><token id="568816" text="«"><tfr rev_id="2442425" t="«"><v><l id="0" t="«"><g v="PNCT"></g></l></v></tfr></token><token id="568817" text="мужского"><tfr rev_id="3431060" t="мужского"><v><l id="164765" t="мужской"><g v="ADJF"></g><g v="neut"></g><g v="sing"></g><g v="gent"></g></l></v></tfr></token><token id="568818" text="искусства"><tfr rev_id="3490016" t="искусства"><v><l id="124885" t="искусство"><g v="NOUN"></g><g v="inan"></g><g v="neut"></g><g v="sing"></g><g v="gent"></g></l></v></tfr></token><token id="568819" text="»"><tfr rev_id="2442426" t="»"><v><l id="0" t="»"><g v="PNCT"></g></l></v></tfr></token><token id="568820" text="."><tfr rev_id="1401901" t="."><v><l id="0" t="."><g v="PNCT"></g></l></v></tfr></token></tokens></sentence><sentence id="31761"><source>Работы Илан существуют в этой традиции и соответствуют его достижениям последних 40 лет.</source><tokens><token id="568821" text="Работы"><tfr rev_id="3762371" t="Работы"><v><l id="290501" t="работа"><g v="NOUN"></g><g v="inan"></g><g v="femn"></g><g v="plur"></g><g v="nomn"></g></l></v></tfr></token><token id="568822" text="Илан"><tfr rev_id="3450626" t="Илан"><v><l id="121117" t="илан"><g v="NOUN"></g><g v="anim"></g><g v="masc"></g><g v="Name"></g><g v="sing"></g><g v="nomn"></g></l></v></tfr></token><token id="568823" text="существуют"><tfr rev_id="1401904" t="существуют"><v><l id="340484" t="существую"><g v="VERB"></g><g v="impf"></g><g v="intr"></g><g v="plur"></g><g v="3per"></g><g v="pres"></g><g v="indc"></g></l></v></tfr></token><token id="568824" text="в"><tfr rev_id="1401905" t="в"><v><l id="37409" t="в"><g v="PREP"></g></l></v></tfr></token><token id="568825" text="этой"><tfr rev_id="4437977" t="этой"><v><l id="386581" t="этот"><g v="ADJF"></g><g v="Subx"></g><g v="Apro"></g><g v="Anph"></g><g v="femn"></g><g v="sing"></g><g v="loct"></g></l></v></tfr></token><token id="568826" text="традиции"><tfr rev_id="4101658" t="традиции"><v><l id="348771" t="традиция"><g v="NOUN"></g><g v="inan"></g><g v="femn"></g><g v="sing"></g><g v="loct"></g></l></v></tfr></token><token id="568827" text="и"><tfr rev_id="3552916" t="и"><v><l id="116949" t="и"><g v="CONJ"></g></l></v></tfr></token><token id="568828" text="соответствуют"><tfr rev_id="1401909" t="соответствуют"><v><l id="329624" t="соответствую"><g v="VERB"></g><g v="impf"></g><g v="intr"></g><g v="plur"></g><g v="3per"></g><g v="pres"></g><g v="indc"></g></l></v></tfr></token><token id="568829" text="его"><tfr rev_id="4341145" t="его"><v><l id="94208" t="его"><g v="ADJF"></g><g v="Fixd"></g><g v="Apro"></g><g v="Anph"></g><g v="plur"></g><g v="nomn"></g></l></v><v><l id="94208" t="его"><g v="ADJF"></g><g v="Fixd"></g><g v="Apro"></g><g v="Anph"></g><g v="plur"></g><g v="gent"></g></l></v><v><l id="94208" t="его"><g v="ADJF"></g><g v="Fixd"></g><g v="Apro"></g><g v="Anph"></g><g v="plur"></g><g v="datv"></g></l></v><v><l id="94208" t="его"><g v="ADJF"></g><g v="Fixd"></g><g v="Apro"></g><g v="Anph"></g><g v="plur"></g><g v="accs"></g></l></v><v><l id="94208" t="его"><g v="ADJF"></g><g v="Fixd"></g><g v="Apro"></g><g v="Anph"></g><g v="plur"></g><g v="ablt"></g></l></v><v><l id="94208" t="его"><g v="ADJF"></g><g v="Fixd"></g><g v="Apro"></g><g v="Anph"></g><g v="plur"></g><g v="loct"></g></l></v></tfr></token><token id="568830" text="достижениям"><tfr rev_id="1401911" t="достижениям"><v><l id="90525" t="достижение"><g v="NOUN"></g><g v="inan"></g><g v="neut"></g><g v="plur"></g><g v="datv"></g></l></v></tfr></token><token id="568831" text="последних"><tfr rev_id="4197011" t="последних"><v><l id="261565" t="последний"><g v="ADJF"></g><g v="plur"></g><g v="gent"></g></l></v></tfr></token><token id="568832" text="40"><tfr rev_id="2461087" t="40"><v><l id="0" t="40"><g v="NUMB"></g></l></v></tfr></token><token id="568833" text="лет"><tfr rev_id="3471720" t="лет"><v><l id="72149" t="год"><g v="NOUN"></g><g v="inan"></g><g v="masc"></g><g v="plur"></g><g v="gent"></g></l></v></tfr></token><token id="568834" text="."><tfr rev_id="1401915" t="."><v><l id="0" t="."><g v="PNCT"></g></l></v></tfr></token></tokens></sentence><sentence id="31762"><source>В её произведениях — уверенное спокойствие, умиротворение, нежелание вступать в борьбу.</source><tokens><token id="568835" text="В"><tfr rev_id="1401916" t="В"><v><l id="37409" t="в"><g v="PREP"></g></l></v></tfr></token><token id="568836" text="её"><tfr rev_id="4223441" t="её"><v><l id="94433" t="её"><g v="ADJF"></g><g v="Fixd"></g><g v="Apro"></g><g v="Anph"></g><g v="plur"></g><g v="nomn"></g></l></v><v><l id="94433" t="её"><g v="ADJF"></g><g v="Fixd"></g><g v="Apro"></g><g v="Anph"></g><g v="plur"></g><g v="gent"></g></l></v><v><l id="94433" t="её"><g v="ADJF"></g><g v="Fixd"></g><g v="Apro"></g><g v="Anph"></g><g v="plur"></g><g v="datv"></g></l></v><v><l id="94433" t="её"><g v="ADJF"></g><g v="Fixd"></g><g v="Apro"></g><g v="Anph"></g><g v="plur"></g><g v="accs"></g></l></v><v><l id="94433" t="её"><g v="ADJF"></g><g v="Fixd"></g><g v="Apro"></g><g v="Anph"></g><g v="plur"></g><g v="ablt"></g></l></v><v><l id="94433" t="её"><g v="ADJF"></g><g v="Fixd"></g><g v="Apro"></g><g v="Anph"></g><g v="plur"></g><g v="loct"></g></l></v></tfr></token><token id="568837" text="произведениях"><tfr rev_id="1401918" t="произведениях"><v><l id="280082" t="произведение"><g v="NOUN"></g><g v="inan"></g><g v="neut"></g><g v="plur"></g><g v="loct"></g></l></v></tfr></token><token id="568838" text="—"><tfr rev_id="2442427" t="—"><v><l id="0" t="—"><g v="PNCT"></g></l></v></tfr></token><token id="568839" text="уверенное"><tfr rev_id="3695210" t="уверенное"><v><l id="353437" t="уверенный"><g v="ADJF"></g><g v="Qual"></g><g v="neut"></g><g v="sing"></g><g v="nomn"></g></l></v><v><l id="353437" t="уверенный"><g v="ADJF"></g><g v="Qual"></g><g v="neut"></g><g v="sing"></g><g v="accs"></g></l></v></tfr></token><token id="568840" text="спокойствие"><tfr rev_id="1401921" t="спокойствие"><v><l id="332664" t="спокойствие"><g v="NOUN"></g><g v="inan"></g><g v="neut"></g><g v="sing"></g><g v="nomn"></g></l></v><v><l id="332664" t="спокойствие"><g v="NOUN"></g><g v="inan"></g><g v="neut"></g><g v="sing"></g><g v="accs"></g></l></v></tfr></token><token id="568841" text=","><tfr rev_id="1401922" t=","><v><l id="0" t=","><g v="PNCT"></g></l></v></tfr></token><token id="568842" text="умиротворение"><tfr rev_id="3552377" t="умиротворение"><v><l id="357774" t="умиротворение"><g v="NOUN"></g><g v="inan"></g><g v="neut"></g><g v="sing"></g><g v="nomn"></g></l></v></tfr></token><token id="568843" text=","><tfr rev_id="1401924" t=","><v><l id="0" t=","><g v="PNCT"></g></l></v></tfr></token><token id="568844" text="нежелание"><tfr rev_id="3473800" t="нежелание"><v><l id="182007" t="нежелание"><g v="NOUN"></g><g v="inan"></g><g v="neut"></g><g v="sing"></g><g v="nomn"></g></l></v></tfr></token><token id="568845" text="вступать"><tfr rev_id="1401926" t="вступать"><v><l id="54587" t="вступать"><g v="INFN"></g><g v="impf"></g><g v="intr"></g></l></v></tfr></token><token id="568846" text="в"><tfr rev_id="1401927" t="в"><v><l id="37409" t="в"><g v="PREP"></g></l></v></tfr></token><token id="568847" text="борьбу"><tfr rev_id="1401928" t="борьбу"><v><l id="33103" t="борьба"><g v="NOUN"></g><g v="inan"></g><g v="femn"></g><g v="Sgtm"></g><g v="sing"></g><g v="accs"></g></l></v></tfr></token><token id="568848" text="."><tfr rev_id="1401929" t="."><v><l id="0" t="."><g v="PNCT"></g></l></v></tfr></token></tokens></sentence><sentence id="31763"><source>В работах художницы педантичность и мастерство выходят на передний план, обнаруживая восхитительную красоту.</source><tokens><token id="568849" text="В"><tfr rev_id="1401930" t="В"><v><l id="37409" t="в"><g v="PREP"></g></l></v></tfr></token><token id="568850" text="работах"><tfr rev_id="1401931" t="работах"><v><l id="290501" t="работа"><g v="NOUN"></g><g v="inan"></g><g v="femn"></g><g v="plur"></g><g v="loct"></g></l></v></tfr></token><token id="568851" text="художницы"><tfr rev_id="3439032" t="художницы"><v><l id="372467" t="художница"><g v="NOUN"></g><g v="anim"></g><g v="femn"></g><g v="sing"></g><g v="gent"></g></l></v></tfr></token><token id="568852" text="педантичность"><tfr rev_id="1401933" t="педантичность"><v><l id="225651" t="педантичность"><g v="NOUN"></g><g v="inan"></g><g v="femn"></g><g v="sing"></g><g v="nomn"></g></l></v><v><l id="225651" t="педантичность"><g v="NOUN"></g><g v="inan"></g><g v="femn"></g><g v="sing"></g><g v="accs"></g></l></v></tfr></token><token id="568853" text="и"><tfr rev_id="3551990" t="и"><v><l id="116949" t="и"><g v="CONJ"></g></l></v></tfr></token><token id="568854" text="мастерство"><tfr rev_id="4107455" t="мастерство"><v><l id="156094" t="мастерство"><g v="NOUN"></g><g v="inan"></g><g v="neut"></g><g v="Sgtm"></g><g v="sing"></g><g v="nomn"></g></l></v></tfr></token><token id="568855" text="выходят"><tfr rev_id="1401936" t="выходят"><v><l id="63962" t="выхожу"><g v="VERB"></g><g v="impf"></g><g v="intr"></g><g v="plur"></g><g v="3per"></g><g v="pres"></g><g v="indc"></g></l></v><v><l id="63967" t="выходил"><g v="VERB"></g><g v="perf"></g><g v="tran"></g><g v="plur"></g><g v="3per"></g><g v="futr"></g><g v="indc"></g></l></v></tfr></token><token id="568856" text="на"><tfr rev_id="3394451" t="на"><v><l id="166264" t="на"><g v="PREP"></g></l></v></tfr></token><token id="568857" text="передний"><tfr rev_id="1401938" t="передний"><v><l id="228361" t="передний"><g v="ADJF"></g><g v="masc"></g><g v="sing"></g><g v="nomn"></g></l></v><v><l id="228361" t="передний"><g v="ADJF"></g><g v="inan"></g><g v="masc"></g><g v="sing"></g><g v="accs"></g></l></v></tfr></token><token id="568858" text="план"><tfr rev_id="2782419" t="план"><v><l id="239677" t="план"><g v="NOUN"></g><g v="inan"></g><g v="masc"></g><g v="sing"></g><g v="accs"></g></l></v></tfr></token><token id="568859" text=","><tfr rev_id="1401940" t=","><v><l id="0" t=","><g v="PNCT"></g></l></v></tfr></token><token id="568860" text="обнаруживая"><tfr rev_id="1401941" t="обнаруживая"><v><l id="197771" t="обнаруживая"><g v="GRND"></g><g v="impf"></g><g v="tran"></g><g v="pres"></g></l></v></tfr></token><token id="568861" text="восхитительную"><tfr rev_id="1401942" t="восхитительную"><v><l id="52073" t="восхитительный"><g v="ADJF"></g><g v="Qual"></g><g v="femn"></g><g v="sing"></g><g v="accs"></g></l></v></tfr></token><token id="568862" text="красоту"><tfr rev_id="1401943" t="красоту"><v><l id="142031" t="красота"><g v="NOUN"></g><g v="inan"></g><g v="femn"></g><g v="sing"></g><g v="accs"></g></l></v></tfr></token><token id="568863" text="."><tfr rev_id="1401944" t="."><v><l id="0" t="."><g v="PNCT"></g></l></v></tfr></token></tokens></sentence></paragraph><paragraph id="10087"><sentence id="31764"><source>О других оригинальных выставках читайте в статье Частного корреспондента «Дымы в тумане»</source><tokens><token id="568864" text="О"><tfr rev_id="3417301" t="О"><v><l id="192977" t="о"><g v="PREP"></g></l></v></tfr></token><token id="568865" text="других"><tfr rev_id="4403118" t="других"><v><l id="92342" t="другой"><g v="ADJF"></g><g v="Apro"></g><g v="Subx"></g><g v="plur"></g><g v="loct"></g></l></v></tfr></token><token id="568866" text="оригинальных"><tfr rev_id="3532552" t="оригинальных"><v><l id="209029" t="оригинальный"><g v="ADJF"></g><g v="Qual"></g><g v="plur"></g><g v="loct"></g></l></v></tfr></token><token id="568867" text="выставках"><tfr rev_id="1401948" t="выставках"><v><l id="62597" t="выставка"><g v="NOUN"></g><g v="inan"></g><g v="femn"></g><g v="plur"></g><g v="loct"></g></l></v></tfr></token><token id="568868" text="читайте"><tfr rev_id="1401949" t="читайте"><v><l id="376719" t="читаю"><g v="VERB"></g><g v="impf"></g><g v="tran"></g><g v="plur"></g><g v="impr"></g><g v="excl"></g></l></v></tfr></token><token id="568869" text="в"><tfr rev_id="1401950" t="в"><v><l id="37409" t="в"><g v="PREP"></g></l></v></tfr></token><token id="568870" text="статье"><tfr rev_id="2737480" t="статье"><v><l id="335173" t="статья"><g v="NOUN"></g><g v="inan"></g><g v="femn"></g><g v="sing"></g><g v="loct"></g></l></v></tfr></token><token id="568871" text="Частного"><tfr rev_id="4349680" t="Частного"><v><l id="374795" t="частный"><g v="ADJF"></g><g v="Qual"></g><g v="masc"></g><g v="sing"></g><g v="gent"></g></l></v><v><l id="374795" t="частный"><g v="ADJF"></g><g v="Qual"></g><g v="anim"></g><g v="masc"></g><g v="sing"></g><g v="accs"></g></l></v></tfr></token><token id="568872" text="корреспондента"><tfr rev_id="4216776" t="корреспондента"><v><l id="140239" t="корреспондент"><g v="NOUN"></g><g v="anim"></g><g v="masc"></g><g v="sing"></g><g v="gent"></g></l></v></tfr></token><token id="568873" text="«"><tfr rev_id="2442428" t="«"><v><l id="0" t="«"><g v="PNCT"></g></l></v></tfr></token><token id="568874" text="Дымы"><tfr rev_id="3727295" t="Дымы"><v><l id="93471" t="дым"><g v="NOUN"></g><g v="inan"></g><g v="masc"></g><g v="plur"></g><g v="nomn"></g></l></v></tfr></token><token id="568875" text="в"><tfr rev_id="1401956" t="в"><v><l id="37409" t="в"><g v="PREP"></g></l></v></tfr></token><token id="568876" text="тумане"><tfr rev_id="1401957" t="тумане"><v><l id="351473" t="туман"><g v="NOUN"></g><g v="inan"></g><g v="masc"></g><g v="sing"></g><g v="loct"></g></l></v></tfr></token><token id="568877" text="»"><tfr rev_id="2442429" t="»"><v><l id="0" t="»"><g v="PNCT"></g></l></v></tfr></token></tokens></sentence></paragraph></paragraphs></text>