<?xml version="1.0" encoding="utf-8"?><text id="1035" parent="56" name="Массовый космический туризм — через 15 лет?"><tags><tag>url:http://ru.wikinews.org/w/index.php?title=Массовый_космический_туризм_—_через_15_лет?&amp;oldid=74191</tag><tag>Автор:http://ru.wikinews.org/wiki/Участник:Ygrek</tag><tag>Дата:14/03</tag><tag>Год:2006</tag><tag>Тема:ВикиКатегория:Космический туризм</tag><tag>Тема:ВикиКатегория:Космонавтика</tag><tag>Тема:ВикиКатегория:Наука и технологии</tag><tag>Тема:ВикиКатегория:Переведённые новости</tag><tag>Перевод:url:http://de.wikinews.org/wiki/Noch_15_Jahre:_Massentourismus_in_den_Weltraum%3F</tag><tag>Перевод:ЯзыкОригинала:Немецкий</tag></tags><paragraphs><paragraph id="10104"><sentence id="31838"><source>Японские эксперты считают возможным, что через 15 — 25 лет настанет время массового туризма в космос.</source><tokens><token id="570023" text="Японские"><tfr rev_id="3794802" t="Японские"><v><l id="387997" t="японский"><g v="ADJF"></g><g v="plur"></g><g v="nomn"></g></l></v></tfr></token><token id="570024" text="эксперты"><tfr rev_id="1403105" t="эксперты"><v><l id="383582" t="эксперт"><g v="NOUN"></g><g v="anim"></g><g v="masc"></g><g v="plur"></g><g v="nomn"></g></l></v></tfr></token><token id="570025" text="считают"><tfr rev_id="1403106" t="считают"><v><l id="341320" t="считаю"><g v="VERB"></g><g v="impf"></g><g v="tran"></g><g v="plur"></g><g v="3per"></g><g v="pres"></g><g v="indc"></g></l></v><v><l id="341329" t="считал"><g v="VERB"></g><g v="perf"></g><g v="tran"></g><g v="plur"></g><g v="3per"></g><g v="futr"></g><g v="indc"></g></l></v></tfr></token><token id="570026" text="возможным"><tfr rev_id="4462756" t="возможным"><v><l id="49411" t="возможный"><g v="ADJF"></g><g v="Qual"></g><g v="neut"></g><g v="sing"></g><g v="ablt"></g></l></v></tfr></token><token id="570027" text=","><tfr rev_id="1403108" t=","><v><l id="0" t=","><g v="PNCT"></g></l></v></tfr></token><token id="570028" text="что"><tfr rev_id="3196540" t="что"><v><l id="377004" t="что"><g v="CONJ"></g></l></v><v><l id="377005" t="что"><g v="NPRO"></g><g v="neut"></g><g v="sing"></g><g v="nomn"></g></l></v><v><l id="377005" t="что"><g v="NPRO"></g><g v="neut"></g><g v="sing"></g><g v="accs"></g></l></v><v><l id="377006" t="что"><g v="ADVB"></g><g v="Ques"></g></l></v><v><l id="388695" t="что"><g v="PRCL"></g></l></v></tfr></token><token id="570029" text="через"><tfr rev_id="1403110" t="через"><v><l id="375333" t="через"><g v="PREP"></g></l></v></tfr></token><token id="570030" text="15"><tfr rev_id="2461093" t="15"><v><l id="0" t="15"><g v="NUMB"></g></l></v></tfr></token><token id="570031" text="—"><tfr rev_id="2442450" t="—"><v><l id="0" t="—"><g v="PNCT"></g></l></v></tfr></token><token id="570032" text="25"><tfr rev_id="2461094" t="25"><v><l id="0" t="25"><g v="NUMB"></g></l></v></tfr></token><token id="570033" text="лет"><tfr rev_id="3457547" t="лет"><v><l id="72149" t="год"><g v="NOUN"></g><g v="inan"></g><g v="masc"></g><g v="plur"></g><g v="gent"></g></l></v></tfr></token><token id="570034" text="настанет"><tfr rev_id="1403115" t="настанет"><v><l id="175990" t="настал"><g v="VERB"></g><g v="perf"></g><g v="intr"></g><g v="sing"></g><g v="3per"></g><g v="futr"></g><g v="indc"></g></l></v></tfr></token><token id="570035" text="время"><tfr rev_id="1403116" t="время"><v><l id="53149" t="время"><g v="NOUN"></g><g v="inan"></g><g v="neut"></g><g v="sing"></g><g v="nomn"></g></l></v><v><l id="53149" t="время"><g v="NOUN"></g><g v="inan"></g><g v="neut"></g><g v="sing"></g><g v="accs"></g></l></v></tfr></token><token id="570036" text="массового"><tfr rev_id="3453953" t="массового"><v><l id="156047" t="массовый"><g v="ADJF"></g><g v="masc"></g><g v="sing"></g><g v="gent"></g></l></v><v><l id="156047" t="массовый"><g v="ADJF"></g><g v="anim"></g><g v="masc"></g><g v="sing"></g><g v="accs"></g></l></v></tfr></token><token id="570037" text="туризма"><tfr rev_id="1403118" t="туризма"><v><l id="351765" t="туризм"><g v="NOUN"></g><g v="inan"></g><g v="masc"></g><g v="sing"></g><g v="gent"></g></l></v></tfr></token><token id="570038" text="в"><tfr rev_id="1403119" t="в"><v><l id="37409" t="в"><g v="PREP"></g></l></v></tfr></token><token id="570039" text="космос"><tfr rev_id="1403120" t="космос"><v><l id="140637" t="космос"><g v="NOUN"></g><g v="inan"></g><g v="masc"></g><g v="sing"></g><g v="nomn"></g></l></v><v><l id="140637" t="космос"><g v="NOUN"></g><g v="inan"></g><g v="masc"></g><g v="sing"></g><g v="accs"></g></l></v></tfr></token><token id="570040" text="."><tfr rev_id="1403121" t="."><v><l id="0" t="."><g v="PNCT"></g></l></v></tfr></token></tokens></sentence><sentence id="31839"><source>Это высказывание было сделано на бирже туризма в Берлине и это высказывание исходит от Роберта Александера Гёлих (Robert Alexander Goehlich) из университета Иокогама.</source><tokens><token id="570041" text="Это"><tfr rev_id="4441432" t="Это"><v><l id="386574" t="это"><g v="PRCL"></g></l></v><v><l id="386575" t="это"><g v="NPRO"></g><g v="neut"></g><g v="sing"></g><g v="nomn"></g></l></v><v><l id="386575" t="это"><g v="NPRO"></g><g v="neut"></g><g v="sing"></g><g v="accs"></g></l></v><v><l id="386581" t="этот"><g v="ADJF"></g><g v="Subx"></g><g v="Apro"></g><g v="Anph"></g><g v="neut"></g><g v="sing"></g><g v="nomn"></g></l></v><v><l id="386581" t="этот"><g v="ADJF"></g><g v="Subx"></g><g v="Apro"></g><g v="Anph"></g><g v="neut"></g><g v="sing"></g><g v="accs"></g></l></v></tfr></token><token id="570042" text="высказывание"><tfr rev_id="4098830" t="высказывание"><v><l id="61886" t="высказывание"><g v="NOUN"></g><g v="inan"></g><g v="neut"></g><g v="sing"></g><g v="nomn"></g></l></v></tfr></token><token id="570043" text="было"><tfr rev_id="3335414" t="было"><v><l id="37265" t="есть"><g v="VERB"></g><g v="impf"></g><g v="intr"></g><g v="neut"></g><g v="sing"></g><g v="past"></g><g v="indc"></g></l></v></tfr></token><token id="570044" text="сделано"><tfr rev_id="1403125" t="сделано"><v><l id="317250" t="сделан"><g v="PRTS"></g><g v="perf"></g><g v="past"></g><g v="pssv"></g><g v="neut"></g><g v="sing"></g></l></v></tfr></token><token id="570045" text="на"><tfr rev_id="3340470" t="на"><v><l id="166264" t="на"><g v="PREP"></g></l></v></tfr></token><token id="570046" text="бирже"><tfr rev_id="3534809" t="бирже"><v><l id="29955" t="биржа"><g v="NOUN"></g><g v="inan"></g><g v="femn"></g><g v="sing"></g><g v="loct"></g></l></v></tfr></token><token id="570047" text="туризма"><tfr rev_id="1403128" t="туризма"><v><l id="351765" t="туризм"><g v="NOUN"></g><g v="inan"></g><g v="masc"></g><g v="sing"></g><g v="gent"></g></l></v></tfr></token><token id="570048" text="в"><tfr rev_id="1403129" t="в"><v><l id="37409" t="в"><g v="PREP"></g></l></v></tfr></token><token id="570049" text="Берлине"><tfr rev_id="4293157" t="Берлине"><v><l id="27989" t="берлин"><g v="NOUN"></g><g v="inan"></g><g v="masc"></g><g v="Geox"></g><g v="sing"></g><g v="loct"></g></l></v></tfr></token><token id="570050" text="и"><tfr rev_id="1403131" t="и"><v><l id="116949" t="и"><g v="CONJ"></g></l></v><v><l id="116950" t="и"><g v="INTJ"></g></l></v></tfr></token><token id="570051" text="это"><tfr rev_id="4441433" t="это"><v><l id="386574" t="это"><g v="PRCL"></g></l></v><v><l id="386575" t="это"><g v="NPRO"></g><g v="neut"></g><g v="sing"></g><g v="nomn"></g></l></v><v><l id="386575" t="это"><g v="NPRO"></g><g v="neut"></g><g v="sing"></g><g v="accs"></g></l></v><v><l id="386581" t="этот"><g v="ADJF"></g><g v="Subx"></g><g v="Apro"></g><g v="Anph"></g><g v="neut"></g><g v="sing"></g><g v="nomn"></g></l></v><v><l id="386581" t="этот"><g v="ADJF"></g><g v="Subx"></g><g v="Apro"></g><g v="Anph"></g><g v="neut"></g><g v="sing"></g><g v="accs"></g></l></v></tfr></token><token id="570052" text="высказывание"><tfr rev_id="3491551" t="высказывание"><v><l id="61886" t="высказывание"><g v="NOUN"></g><g v="inan"></g><g v="neut"></g><g v="sing"></g><g v="nomn"></g></l></v></tfr></token><token id="570053" text="исходит"><tfr rev_id="1403134" t="исходит"><v><l id="126762" t="исхожу"><g v="VERB"></g><g v="impf"></g><g v="intr"></g><g v="sing"></g><g v="3per"></g><g v="pres"></g><g v="indc"></g></l></v><v><l id="126767" t="исходил"><g v="VERB"></g><g v="perf"></g><g v="tran"></g><g v="sing"></g><g v="3per"></g><g v="futr"></g><g v="indc"></g></l></v></tfr></token><token id="570054" text="от"><tfr rev_id="1403135" t="от"><v><l id="211644" t="от"><g v="PREP"></g></l></v></tfr></token><token id="570055" text="Роберта"><tfr rev_id="4396836" t="Роберта"><v><l id="308039" t="роберт"><g v="NOUN"></g><g v="anim"></g><g v="masc"></g><g v="Name"></g><g v="sing"></g><g v="gent"></g></l></v></tfr></token><token id="570056" text="Александера"><tfr rev_id="4386183" t="Александера"><v><l id="8518" t="александер"><g v="NOUN"></g><g v="anim"></g><g v="masc"></g><g v="Name"></g><g v="sing"></g><g v="gent"></g></l></v></tfr></token><token id="570057" text="Гёлих"><tfr rev_id="1403138" t="Гёлих"><v><l id="0" t="гёлих"><g v="UNKN"></g></l></v></tfr></token><token id="570058" text="("><tfr rev_id="1403139" t="("><v><l id="0" t="("><g v="PNCT"></g></l></v></tfr></token><token id="570059" text="Robert"><tfr rev_id="2474381" t="Robert"><v><l id="0" t="Robert"><g v="LATN"></g></l></v></tfr></token><token id="570060" text="Alexander"><tfr rev_id="2474382" t="Alexander"><v><l id="0" t="Alexander"><g v="LATN"></g></l></v></tfr></token><token id="570061" text="Goehlich"><tfr rev_id="2474383" t="Goehlich"><v><l id="0" t="Goehlich"><g v="LATN"></g></l></v></tfr></token><token id="570062" text=")"><tfr rev_id="1403143" t=")"><v><l id="0" t=")"><g v="PNCT"></g></l></v></tfr></token><token id="570063" text="из"><tfr rev_id="2503344" t="из"><v><l id="117677" t="из"><g v="PREP"></g></l></v></tfr></token><token id="570064" text="университета"><tfr rev_id="1403145" t="университета"><v><l id="358281" t="университет"><g v="NOUN"></g><g v="inan"></g><g v="masc"></g><g v="sing"></g><g v="gent"></g></l></v></tfr></token><token id="570065" text="Иокогама"><tfr rev_id="1403146" t="Иокогама"><v><l id="123710" t="иокогама"><g v="NOUN"></g><g v="inan"></g><g v="femn"></g><g v="Sgtm"></g><g v="Geox"></g><g v="sing"></g><g v="nomn"></g></l></v></tfr></token><token id="570066" text="."><tfr rev_id="1403147" t="."><v><l id="0" t="."><g v="PNCT"></g></l></v></tfr></token></tokens></sentence><sentence id="31840"><source>Немецкое агентство новостей DPA цитирует немецкого астронавта Ульфа Мербольда (Ulf Merbold):</source><tokens><token id="570067" text="Немецкое"><tfr rev_id="1403148" t="Немецкое"><v><l id="184078" t="немецкий"><g v="ADJF"></g><g v="neut"></g><g v="sing"></g><g v="nomn"></g></l></v><v><l id="184078" t="немецкий"><g v="ADJF"></g><g v="neut"></g><g v="sing"></g><g v="accs"></g></l></v></tfr></token><token id="570068" text="агентство"><tfr rev_id="4379885" t="агентство"><v><l id="3934" t="агентство"><g v="NOUN"></g><g v="inan"></g><g v="neut"></g><g v="sing"></g><g v="nomn"></g></l></v></tfr></token><token id="570069" text="новостей"><tfr rev_id="1403150" t="новостей"><v><l id="191855" t="новость"><g v="NOUN"></g><g v="inan"></g><g v="femn"></g><g v="plur"></g><g v="gent"></g></l></v></tfr></token><token id="570070" text="DPA"><tfr rev_id="2474384" t="DPA"><v><l id="0" t="DPA"><g v="LATN"></g></l></v></tfr></token><token id="570071" text="цитирует"><tfr rev_id="1403152" t="цитирует"><v><l id="374102" t="цитирую"><g v="VERB"></g><g v="impf"></g><g v="tran"></g><g v="sing"></g><g v="3per"></g><g v="pres"></g><g v="indc"></g></l></v></tfr></token><token id="570072" text="немецкого"><tfr rev_id="3454080" t="немецкого"><v><l id="184078" t="немецкий"><g v="ADJF"></g><g v="masc"></g><g v="sing"></g><g v="gent"></g></l></v><v><l id="184078" t="немецкий"><g v="ADJF"></g><g v="anim"></g><g v="masc"></g><g v="sing"></g><g v="accs"></g></l></v></tfr></token><token id="570073" text="астронавта"><tfr rev_id="4216696" t="астронавта"><v><l id="19088" t="астронавт"><g v="NOUN"></g><g v="anim"></g><g v="masc"></g><g v="sing"></g><g v="accs"></g></l></v></tfr></token><token id="570074" text="Ульфа"><tfr rev_id="1403155" t="Ульфа"><v><l id="0" t="ульфа"><g v="UNKN"></g></l></v></tfr></token><token id="570075" text="Мербольда"><tfr rev_id="1403156" t="Мербольда"><v><l id="0" t="мербольда"><g v="UNKN"></g></l></v></tfr></token><token id="570076" text="("><tfr rev_id="1403157" t="("><v><l id="0" t="("><g v="PNCT"></g></l></v></tfr></token><token id="570077" text="Ulf"><tfr rev_id="2474385" t="Ulf"><v><l id="0" t="Ulf"><g v="LATN"></g></l></v></tfr></token><token id="570078" text="Merbold"><tfr rev_id="2474386" t="Merbold"><v><l id="0" t="Merbold"><g v="LATN"></g></l></v></tfr></token><token id="570079" text=")"><tfr rev_id="1403160" t=")"><v><l id="0" t=")"><g v="PNCT"></g></l></v></tfr></token><token id="570080" text=":"><tfr rev_id="1403161" t=":"><v><l id="0" t=":"><g v="PNCT"></g></l></v></tfr></token></tokens></sentence><sentence id="31841"><source>«Я желаю каждому, чтобы он один раз мог бы совершить космическое путешествие».</source><tokens><token id="570081" text="«"><tfr rev_id="2442451" t="«"><v><l id="0" t="«"><g v="PNCT"></g></l></v></tfr></token><token id="570082" text="Я"><tfr rev_id="1403163" t="Я"><v><l id="387317" t="я"><g v="NPRO"></g><g v="1per"></g><g v="sing"></g><g v="nomn"></g></l></v></tfr></token><token id="570083" text="желаю"><tfr rev_id="1403164" t="желаю"><v><l id="96290" t="желаю"><g v="VERB"></g><g v="impf"></g><g v="tran"></g><g v="sing"></g><g v="1per"></g><g v="pres"></g><g v="indc"></g></l></v></tfr></token><token id="570084" text="каждому"><tfr rev_id="4430121" t="каждому"><v><l id="127875" t="каждый"><g v="ADJF"></g><g v="Subx"></g><g v="Apro"></g><g v="masc"></g><g v="sing"></g><g v="datv"></g></l></v></tfr></token><token id="570085" text=","><tfr rev_id="1403166" t=","><v><l id="0" t=","><g v="PNCT"></g></l></v></tfr></token><token id="570086" text="чтобы"><tfr rev_id="1403167" t="чтобы"><v><l id="377013" t="чтобы"><g v="CONJ"></g></l></v><v><l id="377014" t="чтобы"><g v="PRCL"></g></l></v></tfr></token><token id="570087" text="он"><tfr rev_id="3575483" t="он"><v><l id="206541" t="он"><g v="NPRO"></g><g v="masc"></g><g v="3per"></g><g v="Anph"></g><g v="sing"></g><g v="nomn"></g></l></v></tfr></token><token id="570088" text="один"><tfr rev_id="4299637" t="один"><v><l id="203319" t="один"><g v="ADJF"></g><g v="Apro"></g><g v="Anum"></g><g v="masc"></g><g v="sing"></g><g v="nomn"></g></l></v><v><l id="203319" t="один"><g v="ADJF"></g><g v="Apro"></g><g v="Anum"></g><g v="inan"></g><g v="masc"></g><g v="sing"></g><g v="accs"></g></l></v></tfr></token><token id="570089" text="раз"><tfr rev_id="4510551" t="раз"><v><l id="291500" t="раз"><g v="NOUN"></g><g v="inan"></g><g v="masc"></g><g v="sing"></g><g v="nomn"></g></l></v><v><l id="291500" t="раз"><g v="NOUN"></g><g v="inan"></g><g v="masc"></g><g v="sing"></g><g v="accs"></g></l></v></tfr></token><token id="570090" text="мог"><tfr rev_id="1403171" t="мог"><v><l id="164485" t="могу"><g v="VERB"></g><g v="impf"></g><g v="intr"></g><g v="masc"></g><g v="sing"></g><g v="past"></g><g v="indc"></g></l></v></tfr></token><token id="570091" text="бы"><tfr rev_id="1403172" t="бы"><v><l id="36985" t="бы"><g v="PRCL"></g></l></v></tfr></token><token id="570092" text="совершить"><tfr rev_id="1403173" t="совершить"><v><l id="327925" t="совершить"><g v="INFN"></g><g v="perf"></g><g v="tran"></g></l></v></tfr></token><token id="570093" text="космическое"><tfr rev_id="4097696" t="космическое"><v><l id="140606" t="космический"><g v="ADJF"></g><g v="neut"></g><g v="sing"></g><g v="accs"></g></l></v></tfr></token><token id="570094" text="путешествие"><tfr rev_id="1403175" t="путешествие"><v><l id="289573" t="путешествие"><g v="NOUN"></g><g v="inan"></g><g v="neut"></g><g v="sing"></g><g v="nomn"></g></l></v><v><l id="289573" t="путешествие"><g v="NOUN"></g><g v="inan"></g><g v="neut"></g><g v="sing"></g><g v="accs"></g></l></v></tfr></token><token id="570095" text="»"><tfr rev_id="2442452" t="»"><v><l id="0" t="»"><g v="PNCT"></g></l></v></tfr></token><token id="570096" text="."><tfr rev_id="1403177" t="."><v><l id="0" t="."><g v="PNCT"></g></l></v></tfr></token></tokens></sentence></paragraph><paragraph id="10105"><sentence id="31842"><source>В этой связи сообщается о предложении фирмы «Thomas Kraus, InterNet-Handel&amp;Reiseveranstaltung» из Бонна, которая приглашает в полёт на самолёте МиГ-25 на высоту 26 километров за 13000 евро.</source><tokens><token id="570097" text="В"><tfr rev_id="1403178" t="В"><v><l id="37409" t="в"><g v="PREP"></g></l></v></tfr></token><token id="570098" text="этой"><tfr rev_id="4437979" t="этой"><v><l id="386581" t="этот"><g v="ADJF"></g><g v="Subx"></g><g v="Apro"></g><g v="Anph"></g><g v="femn"></g><g v="sing"></g><g v="loct"></g></l></v></tfr></token><token id="570099" text="связи"><tfr rev_id="4390988" t="связи"><v><l id="316572" t="связь"><g v="NOUN"></g><g v="inan"></g><g v="femn"></g><g v="sing"></g><g v="loc1"></g></l></v><v><l id="316572" t="связь"><g v="NOUN"></g><g v="inan"></g><g v="femn"></g><g v="sing"></g><g v="loc2"></g></l></v></tfr></token><token id="570100" text="сообщается"><tfr rev_id="1403181" t="сообщается"><v><l id="329545" t="сообщаюсь"><g v="VERB"></g><g v="impf"></g><g v="intr"></g><g v="sing"></g><g v="3per"></g><g v="pres"></g><g v="indc"></g></l></v></tfr></token><token id="570101" text="о"><tfr rev_id="3284076" t="о"><v><l id="192977" t="о"><g v="PREP"></g></l></v></tfr></token><token id="570102" text="предложении"><tfr rev_id="1403183" t="предложении"><v><l id="266539" t="предложение"><g v="NOUN"></g><g v="inan"></g><g v="neut"></g><g v="sing"></g><g v="loct"></g></l></v></tfr></token><token id="570103" text="фирмы"><tfr rev_id="3483760" t="фирмы"><v><l id="366226" t="фирма"><g v="NOUN"></g><g v="inan"></g><g v="femn"></g><g v="sing"></g><g v="gent"></g></l></v></tfr></token><token id="570104" text="«"><tfr rev_id="2442453" t="«"><v><l id="0" t="«"><g v="PNCT"></g></l></v></tfr></token><token id="570105" text="Thomas"><tfr rev_id="2474387" t="Thomas"><v><l id="0" t="Thomas"><g v="LATN"></g></l></v></tfr></token><token id="570106" text="Kraus"><tfr rev_id="2474388" t="Kraus"><v><l id="0" t="Kraus"><g v="LATN"></g></l></v></tfr></token><token id="570107" text=","><tfr rev_id="1403188" t=","><v><l id="0" t=","><g v="PNCT"></g></l></v></tfr></token><token id="570108" text="InterNet-Handel"><tfr rev_id="2474389" t="InterNet-Handel"><v><l id="0" t="InterNet-Handel"><g v="LATN"></g></l></v></tfr></token><token id="570111" text="&amp;"><tfr rev_id="2442454" t="&amp;"><v><l id="0" t="&amp;"><g v="PNCT"></g></l></v></tfr></token><token id="570112" text="Reiseveranstaltung"><tfr rev_id="2474390" t="Reiseveranstaltung"><v><l id="0" t="Reiseveranstaltung"><g v="LATN"></g></l></v></tfr></token><token id="570113" text="»"><tfr rev_id="2442455" t="»"><v><l id="0" t="»"><g v="PNCT"></g></l></v></tfr></token><token id="570114" text="из"><tfr rev_id="2604326" t="из"><v><l id="117677" t="из"><g v="PREP"></g></l></v></tfr></token><token id="570115" text="Бонна"><tfr rev_id="4323472" t="Бонна"><v><l id="32606" t="бонн"><g v="NOUN"></g><g v="inan"></g><g v="masc"></g><g v="Geox"></g><g v="sing"></g><g v="gent"></g></l></v></tfr></token><token id="570116" text=","><tfr rev_id="1403195" t=","><v><l id="0" t=","><g v="PNCT"></g></l></v></tfr></token><token id="570117" text="которая"><tfr rev_id="3639793" t="которая"><v><l id="141203" t="который"><g v="ADJF"></g><g v="Apro"></g><g v="Subx"></g><g v="Anph"></g><g v="femn"></g><g v="sing"></g><g v="nomn"></g></l></v></tfr></token><token id="570118" text="приглашает"><tfr rev_id="1403197" t="приглашает"><v><l id="269731" t="приглашаю"><g v="VERB"></g><g v="impf"></g><g v="tran"></g><g v="sing"></g><g v="3per"></g><g v="pres"></g><g v="indc"></g></l></v></tfr></token><token id="570119" text="в"><tfr rev_id="1403198" t="в"><v><l id="37409" t="в"><g v="PREP"></g></l></v></tfr></token><token id="570120" text="полёт"><tfr rev_id="1715440" t="полёт"><v><l id="255108" t="полёт"><g v="NOUN"></g><g v="inan"></g><g v="masc"></g><g v="sing"></g><g v="nomn"></g></l></v><v><l id="255108" t="полёт"><g v="NOUN"></g><g v="inan"></g><g v="masc"></g><g v="sing"></g><g v="accs"></g></l></v></tfr></token><token id="570121" text="на"><tfr rev_id="3340475" t="на"><v><l id="166264" t="на"><g v="PREP"></g></l></v></tfr></token><token id="570122" text="самолёте"><tfr rev_id="1403201" t="самолёте"><v><l id="312513" t="самолёт"><g v="NOUN"></g><g v="inan"></g><g v="masc"></g><g v="sing"></g><g v="loct"></g></l></v></tfr></token><token id="570123" text="МиГ-25"><tfr rev_id="1403202" t="МиГ-25"><v><l id="0" t="МиГ-25"><g v="UNKN"></g></l></v></tfr></token><token id="570124" text="на"><tfr rev_id="3337288" t="на"><v><l id="166264" t="на"><g v="PREP"></g></l></v></tfr></token><token id="570125" text="высоту"><tfr rev_id="1403204" t="высоту"><v><l id="62492" t="высота"><g v="NOUN"></g><g v="inan"></g><g v="femn"></g><g v="sing"></g><g v="accs"></g></l></v></tfr></token><token id="570126" text="26"><tfr rev_id="2461095" t="26"><v><l id="0" t="26"><g v="NUMB"></g></l></v></tfr></token><token id="570127" text="километров"><tfr rev_id="3334080" t="километров"><v><l id="132850" t="километр"><g v="NOUN"></g><g v="inan"></g><g v="masc"></g><g v="plur"></g><g v="gent"></g></l></v></tfr></token><token id="570128" text="за"><tfr rev_id="1403207" t="за"><v><l id="98043" t="за"><g v="PREP"></g></l></v></tfr></token><token id="570129" text="13000"><tfr rev_id="2461096" t="13000"><v><l id="0" t="13000"><g v="NUMB"></g></l></v></tfr></token><token id="570130" text="евро"><tfr rev_id="4197273" t="евро"><v><l id="94004" t="евро"><g v="NOUN"></g><g v="inan"></g><g v="neut"></g><g v="Fixd"></g><g v="plur"></g><g v="gent"></g></l></v></tfr></token><token id="570131" text="."><tfr rev_id="1403210" t="."><v><l id="0" t="."><g v="PNCT"></g></l></v></tfr></token></tokens></sentence><sentence id="31843"><source>В представлении шефа фирмы — там небо уже чёрное.</source><tokens><token id="570132" text="В"><tfr rev_id="1403211" t="В"><v><l id="37409" t="в"><g v="PREP"></g></l></v></tfr></token><token id="570133" text="представлении"><tfr rev_id="1403212" t="представлении"><v><l id="267110" t="представление"><g v="NOUN"></g><g v="inan"></g><g v="neut"></g><g v="sing"></g><g v="loct"></g></l></v></tfr></token><token id="570134" text="шефа"><tfr rev_id="2931377" t="шефа"><v><l id="379427" t="шеф"><g v="NOUN"></g><g v="anim"></g><g v="masc"></g><g v="sing"></g><g v="gent"></g></l></v></tfr></token><token id="570135" text="фирмы"><tfr rev_id="2694503" t="фирмы"><v><l id="366226" t="фирма"><g v="NOUN"></g><g v="inan"></g><g v="femn"></g><g v="sing"></g><g v="gent"></g></l></v></tfr></token><token id="570136" text="—"><tfr rev_id="2442456" t="—"><v><l id="0" t="—"><g v="PNCT"></g></l></v></tfr></token><token id="570137" text="там"><tfr rev_id="1403216" t="там"><v><l id="342752" t="там"><g v="PRCL"></g></l></v><v><l id="342753" t="там"><g v="ADVB"></g><g v="Dmns"></g></l></v></tfr></token><token id="570138" text="небо"><tfr rev_id="3272606" t="небо"><v><l id="179438" t="небо"><g v="NOUN"></g><g v="inan"></g><g v="neut"></g><g v="sing"></g><g v="nomn"></g></l></v></tfr></token><token id="570139" text="уже"><tfr rev_id="2692661" t="уже"><v><l id="355422" t="уж"><g v="NOUN"></g><g v="anim"></g><g v="masc"></g><g v="sing"></g><g v="loct"></g></l></v><v><l id="355498" t="уже"><g v="ADVB"></g></l></v><v><l id="355674" t="уже"><g v="COMP"></g><g v="Qual"></g></l></v><v><l id="388673" t="уже"><g v="PRCL"></g></l></v></tfr></token><token id="570140" text="чёрное"><tfr rev_id="1403219" t="чёрное"><v><l id="374408" t="чёрный"><g v="ADJF"></g><g v="Qual"></g><g v="neut"></g><g v="sing"></g><g v="nomn"></g></l></v><v><l id="374408" t="чёрный"><g v="ADJF"></g><g v="Qual"></g><g v="neut"></g><g v="sing"></g><g v="accs"></g></l></v></tfr></token><token id="570141" text="."><tfr rev_id="1403220" t="."><v><l id="0" t="."><g v="PNCT"></g></l></v></tfr></token></tokens></sentence><sentence id="31844"><source>Если обратить взгляд на Интернет страницу фирмы, то можно увидеть, что такой полёт стоит только 10000 евро, и никак не 13000.</source><tokens><token id="570142" text="Если"><tfr rev_id="1403221" t="Если"><v><l id="95365" t="если"><g v="CONJ"></g></l></v></tfr></token><token id="570143" text="обратить"><tfr rev_id="1403222" t="обратить"><v><l id="198923" t="обратить"><g v="INFN"></g><g v="perf"></g><g v="tran"></g></l></v></tfr></token><token id="570144" text="взгляд"><tfr rev_id="4095541" t="взгляд"><v><l id="43326" t="взгляд"><g v="NOUN"></g><g v="inan"></g><g v="masc"></g><g v="sing"></g><g v="accs"></g></l></v></tfr></token><token id="570145" text="на"><tfr rev_id="3343597" t="на"><v><l id="166264" t="на"><g v="PREP"></g></l></v></tfr></token><token id="570146" text="Интернет"><tfr rev_id="1403225" t="Интернет"><v><l id="123255" t="интернет"><g v="NOUN"></g><g v="inan"></g><g v="masc"></g><g v="sing"></g><g v="nomn"></g></l></v><v><l id="123255" t="интернет"><g v="NOUN"></g><g v="inan"></g><g v="masc"></g><g v="sing"></g><g v="accs"></g></l></v></tfr></token><token id="570147" text="страницу"><tfr rev_id="1403226" t="страницу"><v><l id="337102" t="страница"><g v="NOUN"></g><g v="inan"></g><g v="femn"></g><g v="sing"></g><g v="accs"></g></l></v></tfr></token><token id="570148" text="фирмы"><tfr rev_id="3476819" t="фирмы"><v><l id="366226" t="фирма"><g v="NOUN"></g><g v="inan"></g><g v="femn"></g><g v="sing"></g><g v="gent"></g></l></v></tfr></token><token id="570149" text=","><tfr rev_id="1403228" t=","><v><l id="0" t=","><g v="PNCT"></g></l></v></tfr></token><token id="570150" text="то"><tfr rev_id="3777458" t="то"><v><l id="346835" t="то"><g v="CONJ"></g></l></v><v><l id="346836" t="то"><g v="PRCL"></g></l></v><v><l id="348430" t="тот"><g v="ADJF"></g><g v="Subx"></g><g v="Apro"></g><g v="Anph"></g><g v="neut"></g><g v="sing"></g><g v="nomn"></g></l></v><v><l id="348430" t="тот"><g v="ADJF"></g><g v="Subx"></g><g v="Apro"></g><g v="Anph"></g><g v="neut"></g><g v="sing"></g><g v="accs"></g></l></v></tfr></token><token id="570151" text="можно"><tfr rev_id="1403230" t="можно"><v><l id="162467" t="можно"><g v="PRED"></g><g v="pres"></g></l></v></tfr></token><token id="570152" text="увидеть"><tfr rev_id="1403231" t="увидеть"><v><l id="353631" t="увидеть"><g v="INFN"></g><g v="perf"></g><g v="tran"></g></l></v></tfr></token><token id="570153" text=","><tfr rev_id="1403232" t=","><v><l id="0" t=","><g v="PNCT"></g></l></v></tfr></token><token id="570154" text="что"><tfr rev_id="4204242" t="что"><v><l id="377004" t="что"><g v="CONJ"></g></l></v></tfr></token><token id="570155" text="такой"><tfr rev_id="4369890" t="такой"><v><l id="342491" t="такой"><g v="ADJF"></g><g v="Apro"></g><g v="masc"></g><g v="sing"></g><g v="nomn"></g></l></v></tfr></token><token id="570156" text="полёт"><tfr rev_id="1715919" t="полёт"><v><l id="255108" t="полёт"><g v="NOUN"></g><g v="inan"></g><g v="masc"></g><g v="sing"></g><g v="nomn"></g></l></v><v><l id="255108" t="полёт"><g v="NOUN"></g><g v="inan"></g><g v="masc"></g><g v="sing"></g><g v="accs"></g></l></v></tfr></token><token id="570157" text="стоит"><tfr rev_id="1403236" t="стоит"><v><l id="336464" t="стою"><g v="VERB"></g><g v="impf"></g><g v="tran"></g><g v="sing"></g><g v="3per"></g><g v="pres"></g><g v="indc"></g></l></v><v><l id="336469" t="стоило"><g v="VERB"></g><g v="impf"></g><g v="intr"></g><g v="Impe"></g><g v="sing"></g><g v="pres"></g><g v="indc"></g></l></v><v><l id="336980" t="стою"><g v="VERB"></g><g v="impf"></g><g v="intr"></g><g v="sing"></g><g v="3per"></g><g v="pres"></g><g v="indc"></g></l></v></tfr></token><token id="570158" text="только"><tfr rev_id="3784015" t="только"><v><l id="347395" t="только"><g v="CONJ"></g></l></v><v><l id="347396" t="только"><g v="PRCL"></g></l></v><v><l id="390053" t="только"><g v="ADVB"></g></l></v></tfr></token><token id="570159" text="10000"><tfr rev_id="2461097" t="10000"><v><l id="0" t="10000"><g v="NUMB"></g></l></v></tfr></token><token id="570160" text="евро"><tfr rev_id="4180644" t="евро"><v><l id="94004" t="евро"><g v="NOUN"></g><g v="inan"></g><g v="neut"></g><g v="Fixd"></g><g v="plur"></g><g v="gent"></g></l></v></tfr></token><token id="570161" text=","><tfr rev_id="1403240" t=","><v><l id="0" t=","><g v="PNCT"></g></l></v></tfr></token><token id="570162" text="и"><tfr rev_id="1403241" t="и"><v><l id="116949" t="и"><g v="CONJ"></g></l></v><v><l id="116950" t="и"><g v="INTJ"></g></l></v></tfr></token><token id="570163" text="никак"><tfr rev_id="1403242" t="никак"><v><l id="190839" t="никак"><g v="ADVB"></g></l></v><v><l id="190840" t="никак"><g v="PRCL"></g></l></v></tfr></token><token id="570164" text="не"><tfr rev_id="1403243" t="не"><v><l id="178876" t="не"><g v="PRCL"></g></l></v></tfr></token><token id="570165" text="13000"><tfr rev_id="2461098" t="13000"><v><l id="0" t="13000"><g v="NUMB"></g></l></v></tfr></token><token id="570166" text="."><tfr rev_id="1403245" t="."><v><l id="0" t="."><g v="PNCT"></g></l></v></tfr></token></tokens></sentence><sentence id="31845"><source>Рекламное объявление там всё же утверждает:</source><tokens><token id="570167" text="Рекламное"><tfr rev_id="1403246" t="Рекламное"><v><l id="305693" t="рекламный"><g v="ADJF"></g><g v="Qual"></g><g v="neut"></g><g v="sing"></g><g v="nomn"></g></l></v><v><l id="305693" t="рекламный"><g v="ADJF"></g><g v="Qual"></g><g v="neut"></g><g v="sing"></g><g v="accs"></g></l></v></tfr></token><token id="570168" text="объявление"><tfr rev_id="3300505" t="объявление"><v><l id="201901" t="объявление"><g v="NOUN"></g><g v="inan"></g><g v="neut"></g><g v="sing"></g><g v="nomn"></g></l></v></tfr></token><token id="570169" text="там"><tfr rev_id="1403248" t="там"><v><l id="342752" t="там"><g v="PRCL"></g></l></v><v><l id="342753" t="там"><g v="ADVB"></g><g v="Dmns"></g></l></v></tfr></token><token id="570170" text="всё"><tfr rev_id="4517192" t="всё"><v><l id="390209" t="всё"><g v="PRCL"></g></l></v></tfr></token><token id="570171" text="же"><tfr rev_id="1403250" t="же"><v><l id="96208" t="же"><g v="CONJ"></g></l></v><v><l id="96209" t="же"><g v="PRCL"></g></l></v></tfr></token><token id="570172" text="утверждает"><tfr rev_id="1403251" t="утверждает"><v><l id="361706" t="утверждаю"><g v="VERB"></g><g v="impf"></g><g v="tran"></g><g v="sing"></g><g v="3per"></g><g v="pres"></g><g v="indc"></g></l></v><v><l id="361713" t="утверждаю"><g v="VERB"></g><g v="impf"></g><g v="intr"></g><g v="sing"></g><g v="3per"></g><g v="pres"></g><g v="indc"></g></l></v></tfr></token><token id="570173" text=":"><tfr rev_id="1403252" t=":"><v><l id="0" t=":"><g v="PNCT"></g></l></v></tfr></token></tokens></sentence><sentence id="31846"><source>«Вы отчётливо увидите кривизну Земли и глубокий чёрный космос».</source><tokens><token id="570174" text="«"><tfr rev_id="2442457" t="«"><v><l id="0" t="«"><g v="PNCT"></g></l></v></tfr></token><token id="570175" text="Вы"><tfr rev_id="1403254" t="Вы"><v><l id="55560" t="вы"><g v="NPRO"></g><g v="2per"></g><g v="plur"></g><g v="nomn"></g></l></v></tfr></token><token id="570176" text="отчётливо"><tfr rev_id="1403255" t="отчётливо"><v><l id="219981" t="отчётливо"><g v="ADVB"></g></l></v><v><l id="219984" t="отчётлив"><g v="ADJS"></g><g v="Qual"></g><g v="neut"></g><g v="sing"></g></l></v></tfr></token><token id="570177" text="увидите"><tfr rev_id="1403256" t="увидите"><v><l id="353630" t="увидел"><g v="VERB"></g><g v="perf"></g><g v="tran"></g><g v="plur"></g><g v="2per"></g><g v="futr"></g><g v="indc"></g></l></v></tfr></token><token id="570178" text="кривизну"><tfr rev_id="1403257" t="кривизну"><v><l id="142612" t="кривизна"><g v="NOUN"></g><g v="inan"></g><g v="femn"></g><g v="Sgtm"></g><g v="sing"></g><g v="accs"></g></l></v></tfr></token><token id="570179" text="Земли"><tfr rev_id="3465276" t="Земли"><v><l id="115091" t="земля"><g v="NOUN"></g><g v="inan"></g><g v="femn"></g><g v="sing"></g><g v="gent"></g></l></v></tfr></token><token id="570180" text="и"><tfr rev_id="1403259" t="и"><v><l id="116949" t="и"><g v="CONJ"></g></l></v><v><l id="116950" t="и"><g v="INTJ"></g></l></v></tfr></token><token id="570181" text="глубокий"><tfr rev_id="1403260" t="глубокий"><v><l id="71442" t="глубокий"><g v="ADJF"></g><g v="Qual"></g><g v="masc"></g><g v="sing"></g><g v="nomn"></g></l></v><v><l id="71442" t="глубокий"><g v="ADJF"></g><g v="Qual"></g><g v="inan"></g><g v="masc"></g><g v="sing"></g><g v="accs"></g></l></v></tfr></token><token id="570182" text="чёрный"><tfr rev_id="4406896" t="чёрный"><v><l id="374408" t="чёрный"><g v="ADJF"></g><g v="Qual"></g><g v="inan"></g><g v="masc"></g><g v="sing"></g><g v="accs"></g></l></v></tfr></token><token id="570183" text="космос"><tfr rev_id="3487955" t="космос"><v><l id="140637" t="космос"><g v="NOUN"></g><g v="inan"></g><g v="masc"></g><g v="sing"></g><g v="accs"></g></l></v></tfr></token><token id="570184" text="»"><tfr rev_id="2442458" t="»"><v><l id="0" t="»"><g v="PNCT"></g></l></v></tfr></token><token id="570185" text="."><tfr rev_id="1403264" t="."><v><l id="0" t="."><g v="PNCT"></g></l></v></tfr></token></tokens></sentence></paragraph><paragraph id="10106"><sentence id="31847"><source>Но, в этом случае, речь не идёт о космическом туризме.</source><tokens><token id="570186" text="Но"><tfr rev_id="1403265" t="Но"><v><l id="191429" t="но"><g v="CONJ"></g></l></v><v><l id="191430" t="но"><g v="INTJ"></g></l></v></tfr></token><token id="570187" text=","><tfr rev_id="1403266" t=","><v><l id="0" t=","><g v="PNCT"></g></l></v></tfr></token><token id="570188" text="в"><tfr rev_id="1403267" t="в"><v><l id="37409" t="в"><g v="PREP"></g></l></v></tfr></token><token id="570189" text="этом"><tfr rev_id="4435709" t="этом"><v><l id="386581" t="этот"><g v="ADJF"></g><g v="Subx"></g><g v="Apro"></g><g v="Anph"></g><g v="masc"></g><g v="sing"></g><g v="loct"></g></l></v></tfr></token><token id="570190" text="случае"><tfr rev_id="1403269" t="случае"><v><l id="325472" t="случай"><g v="NOUN"></g><g v="inan"></g><g v="masc"></g><g v="sing"></g><g v="loct"></g></l></v></tfr></token><token id="570191" text=","><tfr rev_id="1403270" t=","><v><l id="0" t=","><g v="PNCT"></g></l></v></tfr></token><token id="570192" text="речь"><tfr rev_id="4360010" t="речь"><v><l id="307325" t="речь"><g v="NOUN"></g><g v="inan"></g><g v="femn"></g><g v="sing"></g><g v="nomn"></g></l></v></tfr></token><token id="570193" text="не"><tfr rev_id="1403272" t="не"><v><l id="178876" t="не"><g v="PRCL"></g></l></v></tfr></token><token id="570194" text="идёт"><tfr rev_id="1403273" t="идёт"><v><l id="117566" t="иду"><g v="VERB"></g><g v="impf"></g><g v="intr"></g><g v="sing"></g><g v="3per"></g><g v="pres"></g><g v="indc"></g></l></v></tfr></token><token id="570195" text="о"><tfr rev_id="3326499" t="о"><v><l id="192977" t="о"><g v="PREP"></g></l></v></tfr></token><token id="570196" text="космическом"><tfr rev_id="3408105" t="космическом"><v><l id="140606" t="космический"><g v="ADJF"></g><g v="masc"></g><g v="sing"></g><g v="loct"></g></l></v></tfr></token><token id="570197" text="туризме"><tfr rev_id="1403276" t="туризме"><v><l id="351765" t="туризм"><g v="NOUN"></g><g v="inan"></g><g v="masc"></g><g v="sing"></g><g v="loct"></g></l></v></tfr></token><token id="570198" text="."><tfr rev_id="1403277" t="."><v><l id="0" t="."><g v="PNCT"></g></l></v></tfr></token></tokens></sentence><sentence id="31848"><source>По определению Международной федерации аэронавтики (Fédération Aéronautique Internationale), которая находится в Лозанне, космос начинает с высоты 100 км.</source><tokens><token id="570199" text="По"><tfr rev_id="1403278" t="По"><v><l id="241240" t="по"><g v="PREP"></g></l></v></tfr></token><token id="570200" text="определению"><tfr rev_id="1403279" t="определению"><v><l id="207991" t="определение"><g v="NOUN"></g><g v="inan"></g><g v="neut"></g><g v="sing"></g><g v="datv"></g></l></v></tfr></token><token id="570201" text="Международной"><tfr rev_id="2369653" t="Международной"><v><l id="157346" t="международный"><g v="ADJF"></g><g v="femn"></g><g v="sing"></g><g v="gent"></g></l></v></tfr></token><token id="570202" text="федерации"><tfr rev_id="4178215" t="федерации"><v><l id="364940" t="федерация"><g v="NOUN"></g><g v="inan"></g><g v="femn"></g><g v="sing"></g><g v="gent"></g></l></v></tfr></token><token id="570203" text="аэронавтики"><tfr rev_id="3476019" t="аэронавтики"><v><l id="21357" t="аэронавтика"><g v="NOUN"></g><g v="inan"></g><g v="femn"></g><g v="sing"></g><g v="gent"></g></l></v></tfr></token><token id="570204" text="("><tfr rev_id="1403283" t="("><v><l id="0" t="("><g v="PNCT"></g></l></v></tfr></token><token id="570205" text="Fédération"><tfr rev_id="2474391" t="Fédération"><v><l id="0" t="Fédération"><g v="LATN"></g></l></v></tfr></token><token id="570206" text="Aéronautique"><tfr rev_id="2474392" t="Aéronautique"><v><l id="0" t="Aéronautique"><g v="LATN"></g></l></v></tfr></token><token id="570207" text="Internationale"><tfr rev_id="2474393" t="Internationale"><v><l id="0" t="Internationale"><g v="LATN"></g></l></v></tfr></token><token id="570208" text=")"><tfr rev_id="1403287" t=")"><v><l id="0" t=")"><g v="PNCT"></g></l></v></tfr></token><token id="570209" text=","><tfr rev_id="1403288" t=","><v><l id="0" t=","><g v="PNCT"></g></l></v></tfr></token><token id="570210" text="которая"><tfr rev_id="3639794" t="которая"><v><l id="141203" t="который"><g v="ADJF"></g><g v="Apro"></g><g v="Subx"></g><g v="Anph"></g><g v="femn"></g><g v="sing"></g><g v="nomn"></g></l></v></tfr></token><token id="570211" text="находится"><tfr rev_id="1403290" t="находится"><v><l id="177898" t="нахожусь"><g v="VERB"></g><g v="impf"></g><g v="intr"></g><g v="sing"></g><g v="3per"></g><g v="pres"></g><g v="indc"></g></l></v><v><l id="177903" t="находился"><g v="VERB"></g><g v="perf"></g><g v="intr"></g><g v="sing"></g><g v="3per"></g><g v="futr"></g><g v="indc"></g></l></v></tfr></token><token id="570212" text="в"><tfr rev_id="1403291" t="в"><v><l id="37409" t="в"><g v="PREP"></g></l></v></tfr></token><token id="570213" text="Лозанне"><tfr rev_id="3540079" t="Лозанне"><v><l id="150580" t="лозанна"><g v="NOUN"></g><g v="inan"></g><g v="femn"></g><g v="Sgtm"></g><g v="Geox"></g><g v="sing"></g><g v="loct"></g></l></v></tfr></token><token id="570214" text=","><tfr rev_id="1403293" t=","><v><l id="0" t=","><g v="PNCT"></g></l></v></tfr></token><token id="570215" text="космос"><tfr rev_id="3465921" t="космос"><v><l id="140637" t="космос"><g v="NOUN"></g><g v="inan"></g><g v="masc"></g><g v="sing"></g><g v="nomn"></g></l></v></tfr></token><token id="570216" text="начинает"><tfr rev_id="1403295" t="начинает"><v><l id="178340" t="начинаю"><g v="VERB"></g><g v="impf"></g><g v="tran"></g><g v="sing"></g><g v="3per"></g><g v="pres"></g><g v="indc"></g></l></v></tfr></token><token id="570217" text="с"><tfr rev_id="1403296" t="с"><v><l id="311151" t="с"><g v="PREP"></g></l></v></tfr></token><token id="570218" text="высоты"><tfr rev_id="3487187" t="высоты"><v><l id="62492" t="высота"><g v="NOUN"></g><g v="inan"></g><g v="femn"></g><g v="sing"></g><g v="gent"></g></l></v></tfr></token><token id="570219" text="100"><tfr rev_id="2461099" t="100"><v><l id="0" t="100"><g v="NUMB"></g></l></v></tfr></token><token id="570220" text="км"><tfr rev_id="4154831" t="км"><v><l id="389049" t="км"><g v="NOUN"></g><g v="inan"></g><g v="masc"></g><g v="Fixd"></g><g v="Abbr"></g><g v="plur"></g><g v="gent"></g></l></v></tfr></token><token id="570221" text="."><tfr rev_id="1403300" t="."><v><l id="0" t="."><g v="PNCT"></g></l></v></tfr></token></tokens></sentence></paragraph><paragraph id="10107"><sentence id="31849"><source>Ведущей фирмой в области космического туризма является фирма — «Space Adventures, Ltd», которая была основана в 1998 году.</source><tokens><token id="570222" text="Ведущей"><tfr rev_id="4331620" t="Ведущей"><v><l id="40370" t="ведущий"><g v="ADJF"></g><g v="Subx"></g><g v="femn"></g><g v="sing"></g><g v="gent"></g></l></v><v><l id="40370" t="ведущий"><g v="ADJF"></g><g v="Subx"></g><g v="femn"></g><g v="sing"></g><g v="datv"></g></l></v><v><l id="40370" t="ведущий"><g v="ADJF"></g><g v="Subx"></g><g v="femn"></g><g v="sing"></g><g v="ablt"></g></l></v><v><l id="40370" t="ведущий"><g v="ADJF"></g><g v="Subx"></g><g v="femn"></g><g v="sing"></g><g v="loct"></g></l></v><v><l id="42112" t="ведущий"><g v="PRTF"></g><g v="Subx"></g><g v="impf"></g><g v="tran"></g><g v="pres"></g><g v="actv"></g><g v="femn"></g><g v="sing"></g><g v="gent"></g></l></v><v><l id="42112" t="ведущий"><g v="PRTF"></g><g v="Subx"></g><g v="impf"></g><g v="tran"></g><g v="pres"></g><g v="actv"></g><g v="femn"></g><g v="sing"></g><g v="datv"></g></l></v><v><l id="42112" t="ведущий"><g v="PRTF"></g><g v="Subx"></g><g v="impf"></g><g v="tran"></g><g v="pres"></g><g v="actv"></g><g v="femn"></g><g v="sing"></g><g v="ablt"></g></l></v><v><l id="42112" t="ведущий"><g v="PRTF"></g><g v="Subx"></g><g v="impf"></g><g v="tran"></g><g v="pres"></g><g v="actv"></g><g v="femn"></g><g v="sing"></g><g v="loct"></g></l></v></tfr></token><token id="570223" text="фирмой"><tfr rev_id="1403302" t="фирмой"><v><l id="366226" t="фирма"><g v="NOUN"></g><g v="inan"></g><g v="femn"></g><g v="sing"></g><g v="ablt"></g></l></v></tfr></token><token id="570224" text="в"><tfr rev_id="1403303" t="в"><v><l id="37409" t="в"><g v="PREP"></g></l></v></tfr></token><token id="570225" text="области"><tfr rev_id="3557485" t="области"><v><l id="196229" t="область"><g v="NOUN"></g><g v="inan"></g><g v="femn"></g><g v="sing"></g><g v="loct"></g></l></v></tfr></token><token id="570226" text="космического"><tfr rev_id="4414910" t="космического"><v><l id="140606" t="космический"><g v="ADJF"></g><g v="masc"></g><g v="sing"></g><g v="gent"></g></l></v></tfr></token><token id="570227" text="туризма"><tfr rev_id="1403306" t="туризма"><v><l id="351765" t="туризм"><g v="NOUN"></g><g v="inan"></g><g v="masc"></g><g v="sing"></g><g v="gent"></g></l></v></tfr></token><token id="570228" text="является"><tfr rev_id="1403307" t="является"><v><l id="387385" t="являюсь"><g v="VERB"></g><g v="impf"></g><g v="intr"></g><g v="sing"></g><g v="3per"></g><g v="pres"></g><g v="indc"></g></l></v></tfr></token><token id="570229" text="фирма"><tfr rev_id="1403308" t="фирма"><v><l id="366226" t="фирма"><g v="NOUN"></g><g v="inan"></g><g v="femn"></g><g v="sing"></g><g v="nomn"></g></l></v></tfr></token><token id="570230" text="—"><tfr rev_id="2442459" t="—"><v><l id="0" t="—"><g v="PNCT"></g></l></v></tfr></token><token id="570231" text="«"><tfr rev_id="2442460" t="«"><v><l id="0" t="«"><g v="PNCT"></g></l></v></tfr></token><token id="570232" text="Space"><tfr rev_id="2474394" t="Space"><v><l id="0" t="Space"><g v="LATN"></g></l></v></tfr></token><token id="570233" text="Adventures"><tfr rev_id="2474395" t="Adventures"><v><l id="0" t="Adventures"><g v="LATN"></g></l></v></tfr></token><token id="570234" text=","><tfr rev_id="1403313" t=","><v><l id="0" t=","><g v="PNCT"></g></l></v></tfr></token><token id="570235" text="Ltd"><tfr rev_id="2474396" t="Ltd"><v><l id="0" t="Ltd"><g v="LATN"></g></l></v></tfr></token><token id="570236" text="»"><tfr rev_id="2442461" t="»"><v><l id="0" t="»"><g v="PNCT"></g></l></v></tfr></token><token id="570237" text=","><tfr rev_id="1403316" t=","><v><l id="0" t=","><g v="PNCT"></g></l></v></tfr></token><token id="570238" text="которая"><tfr rev_id="3639795" t="которая"><v><l id="141203" t="который"><g v="ADJF"></g><g v="Apro"></g><g v="Subx"></g><g v="Anph"></g><g v="femn"></g><g v="sing"></g><g v="nomn"></g></l></v></tfr></token><token id="570239" text="была"><tfr rev_id="1403318" t="была"><v><l id="37265" t="есть"><g v="VERB"></g><g v="impf"></g><g v="intr"></g><g v="femn"></g><g v="sing"></g><g v="past"></g><g v="indc"></g></l></v></tfr></token><token id="570240" text="основана"><tfr rev_id="1403319" t="основана"><v><l id="210588" t="основан"><g v="PRTS"></g><g v="perf"></g><g v="past"></g><g v="pssv"></g><g v="femn"></g><g v="sing"></g></l></v></tfr></token><token id="570241" text="в"><tfr rev_id="1403320" t="в"><v><l id="37409" t="в"><g v="PREP"></g></l></v></tfr></token><token id="570242" text="1998"><tfr rev_id="2461100" t="1998"><v><l id="0" t="1998"><g v="NUMB"></g></l></v></tfr></token><token id="570243" text="году"><tfr rev_id="2928026" t="году"><v><l id="72149" t="год"><g v="NOUN"></g><g v="inan"></g><g v="masc"></g><g v="sing"></g><g v="loc2"></g></l></v></tfr></token><token id="570244" text="."><tfr rev_id="1403323" t="."><v><l id="0" t="."><g v="PNCT"></g></l></v></tfr></token></tokens></sentence><sentence id="31850"><source>Эта фирма предлагает полёт на Международную космическую станцию за 20 млн. долларов и суборбитальные полёты за 102000 долларов.</source><tokens><token id="570245" text="Эта"><tfr rev_id="4437187" t="Эта"><v><l id="386581" t="этот"><g v="ADJF"></g><g v="Subx"></g><g v="Apro"></g><g v="Anph"></g><g v="femn"></g><g v="sing"></g><g v="nomn"></g></l></v></tfr></token><token id="570246" text="фирма"><tfr rev_id="1403325" t="фирма"><v><l id="366226" t="фирма"><g v="NOUN"></g><g v="inan"></g><g v="femn"></g><g v="sing"></g><g v="nomn"></g></l></v></tfr></token><token id="570247" text="предлагает"><tfr rev_id="1403326" t="предлагает"><v><l id="266518" t="предлагаю"><g v="VERB"></g><g v="impf"></g><g v="tran"></g><g v="sing"></g><g v="3per"></g><g v="pres"></g><g v="indc"></g></l></v></tfr></token><token id="570248" text="полёт"><tfr rev_id="1714944" t="полёт"><v><l id="255108" t="полёт"><g v="NOUN"></g><g v="inan"></g><g v="masc"></g><g v="sing"></g><g v="nomn"></g></l></v><v><l id="255108" t="полёт"><g v="NOUN"></g><g v="inan"></g><g v="masc"></g><g v="sing"></g><g v="accs"></g></l></v></tfr></token><token id="570249" text="на"><tfr rev_id="3338051" t="на"><v><l id="166264" t="на"><g v="PREP"></g></l></v></tfr></token><token id="570250" text="Международную"><tfr rev_id="1403329" t="Международную"><v><l id="157346" t="международный"><g v="ADJF"></g><g v="femn"></g><g v="sing"></g><g v="accs"></g></l></v></tfr></token><token id="570251" text="космическую"><tfr rev_id="1403330" t="космическую"><v><l id="140606" t="космический"><g v="ADJF"></g><g v="femn"></g><g v="sing"></g><g v="accs"></g></l></v></tfr></token><token id="570252" text="станцию"><tfr rev_id="1403331" t="станцию"><v><l id="334704" t="станция"><g v="NOUN"></g><g v="inan"></g><g v="femn"></g><g v="sing"></g><g v="accs"></g></l></v></tfr></token><token id="570253" text="за"><tfr rev_id="1403332" t="за"><v><l id="98043" t="за"><g v="PREP"></g></l></v></tfr></token><token id="570254" text="20"><tfr rev_id="2461101" t="20"><v><l id="0" t="20"><g v="NUMB"></g></l></v></tfr></token><token id="570255" text="млн"><tfr rev_id="3807413" t="млн"><v><l id="389040" t="млн"><g v="NOUN"></g><g v="inan"></g><g v="masc"></g><g v="Fixd"></g><g v="Abbr"></g><g v="plur"></g><g v="gent"></g></l></v></tfr></token><token id="570256" text="."><tfr rev_id="1403335" t="."><v><l id="0" t="."><g v="PNCT"></g></l></v></tfr></token><token id="570257" text="долларов"><tfr rev_id="3478148" t="долларов"><v><l id="88047" t="доллар"><g v="NOUN"></g><g v="inan"></g><g v="masc"></g><g v="plur"></g><g v="gent"></g></l></v></tfr></token><token id="570258" text="и"><tfr rev_id="1403337" t="и"><v><l id="116949" t="и"><g v="CONJ"></g></l></v><v><l id="116950" t="и"><g v="INTJ"></g></l></v></tfr></token><token id="570259" text="суборбитальные"><tfr rev_id="3746809" t="суборбитальные"><v><l id="338654" t="суборбитальный"><g v="ADJF"></g><g v="inan"></g><g v="plur"></g><g v="accs"></g></l></v></tfr></token><token id="570260" text="полёты"><tfr rev_id="3757212" t="полёты"><v><l id="255108" t="полёт"><g v="NOUN"></g><g v="inan"></g><g v="masc"></g><g v="plur"></g><g v="accs"></g></l></v></tfr></token><token id="570261" text="за"><tfr rev_id="1403340" t="за"><v><l id="98043" t="за"><g v="PREP"></g></l></v></tfr></token><token id="570262" text="102000"><tfr rev_id="2461102" t="102000"><v><l id="0" t="102000"><g v="NUMB"></g></l></v></tfr></token><token id="570263" text="долларов"><tfr rev_id="3704997" t="долларов"><v><l id="88047" t="доллар"><g v="NOUN"></g><g v="inan"></g><g v="masc"></g><g v="plur"></g><g v="gent"></g></l></v></tfr></token><token id="570264" text="."><tfr rev_id="1403343" t="."><v><l id="0" t="."><g v="PNCT"></g></l></v></tfr></token></tokens></sentence><sentence id="31851"><source>Но, следующим космическим туристом объявлен Дайсуке Эномото (см. Четвёртый космический турист) .</source><tokens><token id="570265" text="Но"><tfr rev_id="1403344" t="Но"><v><l id="191429" t="но"><g v="CONJ"></g></l></v><v><l id="191430" t="но"><g v="INTJ"></g></l></v></tfr></token><token id="570266" text=","><tfr rev_id="1403345" t=","><v><l id="0" t=","><g v="PNCT"></g></l></v></tfr></token><token id="570267" text="следующим"><tfr rev_id="1403346" t="следующим"><v><l id="324749" t="следующий"><g v="PRTF"></g><g v="impf"></g><g v="intr"></g><g v="pres"></g><g v="actv"></g><g v="masc"></g><g v="sing"></g><g v="ablt"></g></l></v><v><l id="324749" t="следующий"><g v="PRTF"></g><g v="impf"></g><g v="intr"></g><g v="pres"></g><g v="actv"></g><g v="neut"></g><g v="sing"></g><g v="ablt"></g></l></v><v><l id="324749" t="следующий"><g v="PRTF"></g><g v="impf"></g><g v="intr"></g><g v="pres"></g><g v="actv"></g><g v="plur"></g><g v="datv"></g></l></v><v><l id="324769" t="следующий"><g v="ADJF"></g><g v="masc"></g><g v="sing"></g><g v="ablt"></g></l></v><v><l id="324769" t="следующий"><g v="ADJF"></g><g v="neut"></g><g v="sing"></g><g v="ablt"></g></l></v><v><l id="324769" t="следующий"><g v="ADJF"></g><g v="plur"></g><g v="datv"></g></l></v></tfr></token><token id="570268" text="космическим"><tfr rev_id="4308261" t="космическим"><v><l id="140606" t="космический"><g v="ADJF"></g><g v="masc"></g><g v="sing"></g><g v="ablt"></g></l></v></tfr></token><token id="570269" text="туристом"><tfr rev_id="1403348" t="туристом"><v><l id="351774" t="турист"><g v="NOUN"></g><g v="anim"></g><g v="masc"></g><g v="sing"></g><g v="ablt"></g></l></v></tfr></token><token id="570270" text="объявлен"><tfr rev_id="1403349" t="объявлен"><v><l id="201895" t="объявлен"><g v="PRTS"></g><g v="perf"></g><g v="past"></g><g v="pssv"></g><g v="masc"></g><g v="sing"></g></l></v></tfr></token><token id="570271" text="Дайсуке"><tfr rev_id="1403350" t="Дайсуке"><v><l id="0" t="дайсуке"><g v="UNKN"></g></l></v></tfr></token><token id="570272" text="Эномото"><tfr rev_id="1403351" t="Эномото"><v><l id="0" t="эномото"><g v="UNKN"></g></l></v></tfr></token><token id="570273" text="("><tfr rev_id="1403352" t="("><v><l id="0" t="("><g v="PNCT"></g></l></v></tfr></token><token id="570274" text="см"><tfr rev_id="3720522" t="см"><v><l id="326798" t="смотрю"><g v="VERB"></g><g v="impf"></g><g v="tran"></g><g v="sing"></g><g v="impr"></g><g v="excl"></g><g v="Abbr"></g></l></v></tfr></token><token id="570275" text="."><tfr rev_id="1403354" t="."><v><l id="0" t="."><g v="PNCT"></g></l></v></tfr></token><token id="570276" text="Четвёртый"><tfr rev_id="4097728" t="Четвёртый"><v><l id="376074" t="четвёртый"><g v="ADJF"></g><g v="Anum"></g><g v="masc"></g><g v="sing"></g><g v="nomn"></g></l></v></tfr></token><token id="570277" text="космический"><tfr rev_id="1403356" t="космический"><v><l id="140606" t="космический"><g v="ADJF"></g><g v="masc"></g><g v="sing"></g><g v="nomn"></g></l></v><v><l id="140606" t="космический"><g v="ADJF"></g><g v="inan"></g><g v="masc"></g><g v="sing"></g><g v="accs"></g></l></v></tfr></token><token id="570278" text="турист"><tfr rev_id="1403357" t="турист"><v><l id="351774" t="турист"><g v="NOUN"></g><g v="anim"></g><g v="masc"></g><g v="sing"></g><g v="nomn"></g></l></v></tfr></token><token id="570279" text=")"><tfr rev_id="1403358" t=")"><v><l id="0" t=")"><g v="PNCT"></g></l></v></tfr></token><token id="570280" text="."><tfr rev_id="1403359" t="."><v><l id="0" t="."><g v="PNCT"></g></l></v></tfr></token></tokens></sentence></paragraph></paragraphs></text>