<?xml version="1.0" encoding="utf-8"?><text id="106" parent="56" name="Иудеи громят евреев в Иерусалиме"><tags><tag>Год:2011</tag><tag>Дата:21/05</tag><tag>url:http://ru.wikinews.org/w/index.php?title=Иудеи_громят_евреев_в_Иерусалиме&amp;oldid=57118</tag><tag>Автор:http://ru.wikinews.org/wiki/Участник:Lev Hudoi</tag><tag>Гео:ВикиКатегория:Израиль/Иерусалим</tag><tag>Тема:ВикиКатегория:Харедим</tag><tag>Тема:ВикиКатегория:Хасиды</tag><tag>Тема:ВикиКатегория:Батей Ворша</tag><tag>Тема:ВикиКатегория:Химические вещества</tag></tags><paragraphs><paragraph id="2466"><sentence id="7786"><source>В религиозном квартале «Варшавских домов» («Батей Ворша») в центре Иерусалима ежедневно и еженочно происходят самые настоящие погромы, сообщает корреспондент «Маарив» Шломо Иерушалми.</source><tokens><token id="149643" text="В"><tfr rev_id="984464" t="В"><v><l id="37409" t="в"><g v="PREP"></g></l></v></tfr></token><token id="149644" text="религиозном"><tfr rev_id="4166768" t="религиозном"><v><l id="305978" t="религиозный"><g v="ADJF"></g><g v="masc"></g><g v="sing"></g><g v="loct"></g></l></v></tfr></token><token id="149645" text="квартале"><tfr rev_id="984466" t="квартале"><v><l id="132007" t="квартал"><g v="NOUN"></g><g v="inan"></g><g v="masc"></g><g v="sing"></g><g v="loct"></g></l></v></tfr></token><token id="149646" text="«"><tfr rev_id="2426904" t="«"><v><l id="0" t="«"><g v="PNCT"></g></l></v></tfr></token><token id="149647" text="Варшавских"><tfr rev_id="2956073" t="Варшавских"><v><l id="38920" t="варшавский"><g v="ADJF"></g><g v="plur"></g><g v="gent"></g></l></v></tfr></token><token id="149648" text="домов"><tfr rev_id="3450735" t="домов"><v><l id="88152" t="дом"><g v="NOUN"></g><g v="inan"></g><g v="masc"></g><g v="plur"></g><g v="gent"></g></l></v></tfr></token><token id="149649" text="»"><tfr rev_id="2426905" t="»"><v><l id="0" t="»"><g v="PNCT"></g></l></v></tfr></token><token id="149650" text="("><tfr rev_id="984471" t="("><v><l id="0" t="("><g v="PNCT"></g></l></v></tfr></token><token id="149651" text="«"><tfr rev_id="2426906" t="«"><v><l id="0" t="«"><g v="PNCT"></g></l></v></tfr></token><token id="149652" text="Батей"><tfr rev_id="3506953" t="Батей"><v><l id="0" t="Батей"><g v="UNKN"></g></l></v></tfr></token><token id="149653" text="Ворша"><tfr rev_id="984474" t="Ворша"><v><l id="51324" t="ворша"><g v="NOUN"></g><g v="inan"></g><g v="femn"></g><g v="Sgtm"></g><g v="Geox"></g><g v="sing"></g><g v="nomn"></g></l></v></tfr></token><token id="149654" text="»"><tfr rev_id="2426907" t="»"><v><l id="0" t="»"><g v="PNCT"></g></l></v></tfr></token><token id="149655" text=")"><tfr rev_id="984476" t=")"><v><l id="0" t=")"><g v="PNCT"></g></l></v></tfr></token><token id="149656" text="в"><tfr rev_id="984477" t="в"><v><l id="37409" t="в"><g v="PREP"></g></l></v></tfr></token><token id="149657" text="центре"><tfr rev_id="984478" t="центре"><v><l id="373369" t="центр"><g v="NOUN"></g><g v="inan"></g><g v="masc"></g><g v="sing"></g><g v="loct"></g></l></v></tfr></token><token id="149658" text="Иерусалима"><tfr rev_id="984479" t="Иерусалима"><v><l id="117640" t="иерусалим"><g v="NOUN"></g><g v="inan"></g><g v="masc"></g><g v="Geox"></g><g v="sing"></g><g v="gent"></g></l></v></tfr></token><token id="149659" text="ежедневно"><tfr rev_id="4093454" t="ежедневно"><v><l id="94453" t="ежедневно"><g v="ADVB"></g></l></v></tfr></token><token id="149660" text="и"><tfr rev_id="984481" t="и"><v><l id="116949" t="и"><g v="CONJ"></g></l></v><v><l id="116950" t="и"><g v="INTJ"></g></l></v></tfr></token><token id="149661" text="еженочно"><tfr rev_id="984482" t="еженочно"><v><l id="0" t="еженочно"><g v="UNKN"></g></l></v></tfr></token><token id="149662" text="происходят"><tfr rev_id="984483" t="происходят"><v><l id="280286" t="происхожу"><g v="VERB"></g><g v="impf"></g><g v="intr"></g><g v="plur"></g><g v="3per"></g><g v="pres"></g><g v="indc"></g></l></v></tfr></token><token id="149663" text="самые"><tfr rev_id="3751498" t="самые"><v><l id="313174" t="самый"><g v="ADJF"></g><g v="Apro"></g><g v="plur"></g><g v="nomn"></g></l></v></tfr></token><token id="149664" text="настоящие"><tfr rev_id="4154497" t="настоящие"><v><l id="176151" t="настоящий"><g v="ADJF"></g><g v="plur"></g><g v="nomn"></g></l></v><v><l id="176151" t="настоящий"><g v="ADJF"></g><g v="inan"></g><g v="plur"></g><g v="accs"></g></l></v></tfr></token><token id="149665" text="погромы"><tfr rev_id="3409680" t="погромы"><v><l id="243608" t="погром"><g v="NOUN"></g><g v="inan"></g><g v="masc"></g><g v="plur"></g><g v="nomn"></g></l></v></tfr></token><token id="149666" text=","><tfr rev_id="984487" t=","><v><l id="0" t=","><g v="PNCT"></g></l></v></tfr></token><token id="149667" text="сообщает"><tfr rev_id="984488" t="сообщает"><v><l id="329538" t="сообщаю"><g v="VERB"></g><g v="impf"></g><g v="tran"></g><g v="sing"></g><g v="3per"></g><g v="pres"></g><g v="indc"></g></l></v></tfr></token><token id="149668" text="корреспондент"><tfr rev_id="984489" t="корреспондент"><v><l id="140239" t="корреспондент"><g v="NOUN"></g><g v="anim"></g><g v="masc"></g><g v="sing"></g><g v="nomn"></g></l></v></tfr></token><token id="149669" text="«"><tfr rev_id="2426908" t="«"><v><l id="0" t="«"><g v="PNCT"></g></l></v></tfr></token><token id="149670" text="Маарив"><tfr rev_id="984491" t="Маарив"><v><l id="0" t="маарив"><g v="UNKN"></g></l></v></tfr></token><token id="149671" text="»"><tfr rev_id="2426909" t="»"><v><l id="0" t="»"><g v="PNCT"></g></l></v></tfr></token><token id="149672" text="Шломо"><tfr rev_id="3491246" t="Шломо"><v><l id="380463" t="шломо"><g v="NOUN"></g><g v="anim"></g><g v="masc"></g><g v="Sgtm"></g><g v="Fixd"></g><g v="Name"></g><g v="sing"></g><g v="nomn"></g></l></v></tfr></token><token id="149673" text="Иерушалми"><tfr rev_id="984494" t="Иерушалми"><v><l id="0" t="иерушалми"><g v="UNKN"></g></l></v></tfr></token><token id="149674" text="."><tfr rev_id="984495" t="."><v><l id="0" t="."><g v="PNCT"></g></l></v></tfr></token></tokens></sentence></paragraph><paragraph id="2467"><sentence id="7787"><source>Верующие иудеи ворвалась в дом Мирьям и Авраама Гиршман с молотками и топорами, погромили всю мебель, облили дом керосином, жестоко избили ее саму и облили керосином ее полугодовалую дочку.</source><tokens><token id="149675" text="Верующие"><tfr rev_id="984496" t="Верующие"><v><l id="41497" t="верующий"><g v="PRTF"></g><g v="Subx"></g><g v="impf"></g><g v="intr"></g><g v="pres"></g><g v="actv"></g><g v="plur"></g><g v="nomn"></g></l></v><v><l id="41497" t="верующий"><g v="PRTF"></g><g v="Subx"></g><g v="impf"></g><g v="intr"></g><g v="pres"></g><g v="actv"></g><g v="inan"></g><g v="plur"></g><g v="accs"></g></l></v><v><l id="41685" t="верующий"><g v="ADJF"></g><g v="Subx"></g><g v="plur"></g><g v="nomn"></g></l></v><v><l id="41685" t="верующий"><g v="ADJF"></g><g v="Subx"></g><g v="inan"></g><g v="plur"></g><g v="accs"></g></l></v></tfr></token><token id="149676" text="иудеи"><tfr rev_id="984497" t="иудеи"><v><l id="127178" t="иудей"><g v="NOUN"></g><g v="anim"></g><g v="masc"></g><g v="plur"></g><g v="nomn"></g></l></v></tfr></token><token id="149677" text="ворвалась"><tfr rev_id="984498" t="ворвалась"><v><l id="50867" t="ворвался"><g v="VERB"></g><g v="perf"></g><g v="intr"></g><g v="femn"></g><g v="sing"></g><g v="past"></g><g v="indc"></g></l></v></tfr></token><token id="149678" text="в"><tfr rev_id="984499" t="в"><v><l id="37409" t="в"><g v="PREP"></g></l></v></tfr></token><token id="149679" text="дом"><tfr rev_id="984500" t="дом"><v><l id="88152" t="дом"><g v="NOUN"></g><g v="inan"></g><g v="masc"></g><g v="sing"></g><g v="nomn"></g></l></v><v><l id="88152" t="дом"><g v="NOUN"></g><g v="inan"></g><g v="masc"></g><g v="sing"></g><g v="accs"></g></l></v></tfr></token><token id="149680" text="Мирьям"><tfr rev_id="3657330" t="Мирьям"><v><l id="161016" t="мирьям"><g v="NOUN"></g><g v="anim"></g><g v="femn"></g><g v="Sgtm"></g><g v="Fixd"></g><g v="Name"></g><g v="sing"></g><g v="gent"></g></l></v></tfr></token><token id="149681" text="и"><tfr rev_id="984502" t="и"><v><l id="116949" t="и"><g v="CONJ"></g></l></v><v><l id="116950" t="и"><g v="INTJ"></g></l></v></tfr></token><token id="149682" text="Авраама"><tfr rev_id="4461543" t="Авраама"><v><l id="2868" t="авраам"><g v="NOUN"></g><g v="anim"></g><g v="masc"></g><g v="Name"></g><g v="sing"></g><g v="gent"></g></l></v></tfr></token><token id="149683" text="Гиршман"><tfr rev_id="984504" t="Гиршман"><v><l id="0" t="гиршман"><g v="UNKN"></g></l></v></tfr></token><token id="149684" text="с"><tfr rev_id="984505" t="с"><v><l id="311151" t="с"><g v="PREP"></g></l></v></tfr></token><token id="149685" text="молотками"><tfr rev_id="984506" t="молотками"><v><l id="162945" t="молоток"><g v="NOUN"></g><g v="inan"></g><g v="masc"></g><g v="plur"></g><g v="ablt"></g></l></v></tfr></token><token id="149686" text="и"><tfr rev_id="3410481" t="и"><v><l id="116949" t="и"><g v="CONJ"></g></l></v></tfr></token><token id="149687" text="топорами"><tfr rev_id="984508" t="топорами"><v><l id="347901" t="топор"><g v="NOUN"></g><g v="inan"></g><g v="masc"></g><g v="plur"></g><g v="ablt"></g></l></v></tfr></token><token id="149688" text=","><tfr rev_id="984509" t=","><v><l id="0" t=","><g v="PNCT"></g></l></v></tfr></token><token id="149689" text="погромили"><tfr rev_id="984510" t="погромили"><v><l id="243609" t="погромил"><g v="VERB"></g><g v="perf"></g><g v="tran"></g><g v="plur"></g><g v="past"></g><g v="indc"></g></l></v></tfr></token><token id="149690" text="всю"><tfr rev_id="4131286" t="всю"><v><l id="42156" t="весь"><g v="ADJF"></g><g v="Subx"></g><g v="Apro"></g><g v="femn"></g><g v="sing"></g><g v="accs"></g></l></v></tfr></token><token id="149691" text="мебель"><tfr rev_id="4364135" t="мебель"><v><l id="156873" t="мебель"><g v="NOUN"></g><g v="inan"></g><g v="femn"></g><g v="sing"></g><g v="accs"></g></l></v></tfr></token><token id="149692" text=","><tfr rev_id="984513" t=","><v><l id="0" t=","><g v="PNCT"></g></l></v></tfr></token><token id="149693" text="облили"><tfr rev_id="984514" t="облили"><v><l id="196569" t="облил"><g v="VERB"></g><g v="perf"></g><g v="tran"></g><g v="plur"></g><g v="past"></g><g v="indc"></g></l></v></tfr></token><token id="149694" text="дом"><tfr rev_id="4093052" t="дом"><v><l id="88152" t="дом"><g v="NOUN"></g><g v="inan"></g><g v="masc"></g><g v="sing"></g><g v="accs"></g></l></v></tfr></token><token id="149695" text="керосином"><tfr rev_id="984516" t="керосином"><v><l id="132539" t="керосин"><g v="NOUN"></g><g v="inan"></g><g v="masc"></g><g v="sing"></g><g v="ablt"></g></l></v></tfr></token><token id="149696" text=","><tfr rev_id="984517" t=","><v><l id="0" t=","><g v="PNCT"></g></l></v></tfr></token><token id="149697" text="жестоко"><tfr rev_id="984518" t="жестоко"><v><l id="96921" t="жесток"><g v="ADJS"></g><g v="Qual"></g><g v="neut"></g><g v="sing"></g></l></v><v><l id="96923" t="жестоко"><g v="ADVB"></g></l></v></tfr></token><token id="149698" text="избили"><tfr rev_id="984519" t="избили"><v><l id="117835" t="избил"><g v="VERB"></g><g v="perf"></g><g v="tran"></g><g v="plur"></g><g v="past"></g><g v="indc"></g></l></v></tfr></token><token id="149699" text="ее"><tfr rev_id="4572564" t="ее"><v><l id="206544" t="она"><g v="NPRO"></g><g v="femn"></g><g v="3per"></g><g v="Anph"></g><g v="sing"></g><g v="gent"></g></l></v><v><l id="206544" t="она"><g v="NPRO"></g><g v="femn"></g><g v="3per"></g><g v="Anph"></g><g v="sing"></g><g v="accs"></g></l></v></tfr></token><token id="149700" text="саму"><tfr rev_id="984521" t="саму"><v><l id="312034" t="сам"><g v="ADJF"></g><g v="Apro"></g><g v="femn"></g><g v="sing"></g><g v="accs"></g></l></v></tfr></token><token id="149701" text="и"><tfr rev_id="3696973" t="и"><v><l id="116949" t="и"><g v="CONJ"></g></l></v></tfr></token><token id="149702" text="облили"><tfr rev_id="984523" t="облили"><v><l id="196569" t="облил"><g v="VERB"></g><g v="perf"></g><g v="tran"></g><g v="plur"></g><g v="past"></g><g v="indc"></g></l></v></tfr></token><token id="149703" text="керосином"><tfr rev_id="984524" t="керосином"><v><l id="132539" t="керосин"><g v="NOUN"></g><g v="inan"></g><g v="masc"></g><g v="sing"></g><g v="ablt"></g></l></v></tfr></token><token id="149704" text="ее"><tfr rev_id="4572145" t="ее"><v><l id="94433" t="её"><g v="ADJF"></g><g v="Fixd"></g><g v="Apro"></g><g v="Anph"></g><g v="masc"></g><g v="sing"></g><g v="nomn"></g></l></v><v><l id="94433" t="её"><g v="ADJF"></g><g v="Fixd"></g><g v="Apro"></g><g v="Anph"></g><g v="masc"></g><g v="sing"></g><g v="gent"></g></l></v><v><l id="94433" t="её"><g v="ADJF"></g><g v="Fixd"></g><g v="Apro"></g><g v="Anph"></g><g v="masc"></g><g v="sing"></g><g v="datv"></g></l></v><v><l id="94433" t="её"><g v="ADJF"></g><g v="Fixd"></g><g v="Apro"></g><g v="Anph"></g><g v="masc"></g><g v="sing"></g><g v="accs"></g></l></v><v><l id="94433" t="её"><g v="ADJF"></g><g v="Fixd"></g><g v="Apro"></g><g v="Anph"></g><g v="masc"></g><g v="sing"></g><g v="ablt"></g></l></v><v><l id="94433" t="её"><g v="ADJF"></g><g v="Fixd"></g><g v="Apro"></g><g v="Anph"></g><g v="masc"></g><g v="sing"></g><g v="loct"></g></l></v><v><l id="94433" t="её"><g v="ADJF"></g><g v="Fixd"></g><g v="Apro"></g><g v="Anph"></g><g v="femn"></g><g v="sing"></g><g v="nomn"></g></l></v><v><l id="94433" t="её"><g v="ADJF"></g><g v="Fixd"></g><g v="Apro"></g><g v="Anph"></g><g v="femn"></g><g v="sing"></g><g v="gent"></g></l></v><v><l id="94433" t="её"><g v="ADJF"></g><g v="Fixd"></g><g v="Apro"></g><g v="Anph"></g><g v="femn"></g><g v="sing"></g><g v="datv"></g></l></v><v><l id="94433" t="её"><g v="ADJF"></g><g v="Fixd"></g><g v="Apro"></g><g v="Anph"></g><g v="femn"></g><g v="sing"></g><g v="accs"></g></l></v><v><l id="94433" t="её"><g v="ADJF"></g><g v="Fixd"></g><g v="Apro"></g><g v="Anph"></g><g v="femn"></g><g v="sing"></g><g v="ablt"></g></l></v><v><l id="94433" t="её"><g v="ADJF"></g><g v="Fixd"></g><g v="Apro"></g><g v="Anph"></g><g v="femn"></g><g v="sing"></g><g v="loct"></g></l></v><v><l id="94433" t="её"><g v="ADJF"></g><g v="Fixd"></g><g v="Apro"></g><g v="Anph"></g><g v="neut"></g><g v="sing"></g><g v="nomn"></g></l></v><v><l id="94433" t="её"><g v="ADJF"></g><g v="Fixd"></g><g v="Apro"></g><g v="Anph"></g><g v="neut"></g><g v="sing"></g><g v="gent"></g></l></v><v><l id="94433" t="её"><g v="ADJF"></g><g v="Fixd"></g><g v="Apro"></g><g v="Anph"></g><g v="neut"></g><g v="sing"></g><g v="datv"></g></l></v><v><l id="94433" t="её"><g v="ADJF"></g><g v="Fixd"></g><g v="Apro"></g><g v="Anph"></g><g v="neut"></g><g v="sing"></g><g v="accs"></g></l></v><v><l id="94433" t="её"><g v="ADJF"></g><g v="Fixd"></g><g v="Apro"></g><g v="Anph"></g><g v="neut"></g><g v="sing"></g><g v="ablt"></g></l></v><v><l id="94433" t="её"><g v="ADJF"></g><g v="Fixd"></g><g v="Apro"></g><g v="Anph"></g><g v="neut"></g><g v="sing"></g><g v="loct"></g></l></v><v><l id="94433" t="её"><g v="ADJF"></g><g v="Fixd"></g><g v="Apro"></g><g v="Anph"></g><g v="plur"></g><g v="nomn"></g></l></v><v><l id="94433" t="её"><g v="ADJF"></g><g v="Fixd"></g><g v="Apro"></g><g v="Anph"></g><g v="plur"></g><g v="gent"></g></l></v><v><l id="94433" t="её"><g v="ADJF"></g><g v="Fixd"></g><g v="Apro"></g><g v="Anph"></g><g v="plur"></g><g v="datv"></g></l></v><v><l id="94433" t="её"><g v="ADJF"></g><g v="Fixd"></g><g v="Apro"></g><g v="Anph"></g><g v="plur"></g><g v="accs"></g></l></v><v><l id="94433" t="её"><g v="ADJF"></g><g v="Fixd"></g><g v="Apro"></g><g v="Anph"></g><g v="plur"></g><g v="ablt"></g></l></v><v><l id="94433" t="её"><g v="ADJF"></g><g v="Fixd"></g><g v="Apro"></g><g v="Anph"></g><g v="plur"></g><g v="loct"></g></l></v></tfr></token><token id="149705" text="полугодовалую"><tfr rev_id="984526" t="полугодовалую"><v><l id="256639" t="полугодовалый"><g v="ADJF"></g><g v="femn"></g><g v="sing"></g><g v="accs"></g></l></v></tfr></token><token id="149706" text="дочку"><tfr rev_id="984527" t="дочку"><v><l id="91409" t="дочка"><g v="NOUN"></g><g v="anim"></g><g v="femn"></g><g v="sing"></g><g v="accs"></g></l></v></tfr></token><token id="149707" text="."><tfr rev_id="984528" t="."><v><l id="0" t="."><g v="PNCT"></g></l></v></tfr></token></tokens></sentence><sentence id="7788"><source>Все это сделали, по словам Мирьям, Гурские хасиды.</source><tokens><token id="149708" text="Все"><tfr rev_id="4510445" t="Все"><v><l id="42156" t="весь"><g v="ADJF"></g><g v="Subx"></g><g v="Apro"></g><g v="neut"></g><g v="sing"></g><g v="accs"></g></l></v><v><l id="42156" t="весь"><g v="ADJF"></g><g v="Subx"></g><g v="Apro"></g><g v="neut"></g><g v="sing"></g><g v="nomn"></g></l></v></tfr></token><token id="149709" text="это"><tfr rev_id="4439660" t="это"><v><l id="386574" t="это"><g v="PRCL"></g></l></v><v><l id="386575" t="это"><g v="NPRO"></g><g v="neut"></g><g v="sing"></g><g v="nomn"></g></l></v><v><l id="386575" t="это"><g v="NPRO"></g><g v="neut"></g><g v="sing"></g><g v="accs"></g></l></v><v><l id="386581" t="этот"><g v="ADJF"></g><g v="Subx"></g><g v="Apro"></g><g v="Anph"></g><g v="neut"></g><g v="sing"></g><g v="nomn"></g></l></v><v><l id="386581" t="этот"><g v="ADJF"></g><g v="Subx"></g><g v="Apro"></g><g v="Anph"></g><g v="neut"></g><g v="sing"></g><g v="accs"></g></l></v></tfr></token><token id="149710" text="сделали"><tfr rev_id="984531" t="сделали"><v><l id="317246" t="сделал"><g v="VERB"></g><g v="perf"></g><g v="tran"></g><g v="plur"></g><g v="past"></g><g v="indc"></g></l></v></tfr></token><token id="149711" text=","><tfr rev_id="984532" t=","><v><l id="0" t=","><g v="PNCT"></g></l></v></tfr></token><token id="149712" text="по"><tfr rev_id="984533" t="по"><v><l id="241240" t="по"><g v="PREP"></g></l></v></tfr></token><token id="149713" text="словам"><tfr rev_id="984534" t="словам"><v><l id="325168" t="слово"><g v="NOUN"></g><g v="inan"></g><g v="neut"></g><g v="plur"></g><g v="datv"></g></l></v></tfr></token><token id="149714" text="Мирьям"><tfr rev_id="3674215" t="Мирьям"><v><l id="161016" t="мирьям"><g v="NOUN"></g><g v="anim"></g><g v="femn"></g><g v="Sgtm"></g><g v="Fixd"></g><g v="Name"></g><g v="sing"></g><g v="gent"></g></l></v></tfr></token><token id="149715" text=","><tfr rev_id="984536" t=","><v><l id="0" t=","><g v="PNCT"></g></l></v></tfr></token><token id="149716" text="Гурские"><tfr rev_id="984537" t="Гурские"><v><l id="0" t="гурские"><g v="UNKN"></g></l></v></tfr></token><token id="149717" text="хасиды"><tfr rev_id="984538" t="хасиды"><v><l id="369610" t="хасид"><g v="NOUN"></g><g v="anim"></g><g v="masc"></g><g v="plur"></g><g v="nomn"></g></l></v></tfr></token><token id="149718" text="."><tfr rev_id="984539" t="."><v><l id="0" t="."><g v="PNCT"></g></l></v></tfr></token></tokens></sentence></paragraph><paragraph id="2468"><sentence id="7789"><source>Женщина обратилась к журналистам светского издания от отчаяния — она сказала, что больше никто помогать не желает — полиция с гурскими хасидами не связывается.</source><tokens><token id="149719" text="Женщина"><tfr rev_id="984540" t="Женщина"><v><l id="96749" t="женщина"><g v="NOUN"></g><g v="anim"></g><g v="femn"></g><g v="sing"></g><g v="nomn"></g></l></v></tfr></token><token id="149720" text="обратилась"><tfr rev_id="984541" t="обратилась"><v><l id="198928" t="обратился"><g v="VERB"></g><g v="perf"></g><g v="intr"></g><g v="femn"></g><g v="sing"></g><g v="past"></g><g v="indc"></g></l></v></tfr></token><token id="149721" text="к"><tfr rev_id="984542" t="к"><v><l id="127460" t="к"><g v="PREP"></g></l></v></tfr></token><token id="149722" text="журналистам"><tfr rev_id="984543" t="журналистам"><v><l id="97974" t="журналист"><g v="NOUN"></g><g v="anim"></g><g v="masc"></g><g v="plur"></g><g v="datv"></g></l></v></tfr></token><token id="149723" text="светского"><tfr rev_id="3454634" t="светского"><v><l id="315805" t="светский"><g v="ADJF"></g><g v="neut"></g><g v="sing"></g><g v="gent"></g></l></v></tfr></token><token id="149724" text="издания"><tfr rev_id="3471334" t="издания"><v><l id="118742" t="издание"><g v="NOUN"></g><g v="inan"></g><g v="neut"></g><g v="sing"></g><g v="gent"></g></l></v></tfr></token><token id="149725" text="от"><tfr rev_id="984546" t="от"><v><l id="211644" t="от"><g v="PREP"></g></l></v></tfr></token><token id="149726" text="отчаяния"><tfr rev_id="3450151" t="отчаяния"><v><l id="220020" t="отчаяние"><g v="NOUN"></g><g v="inan"></g><g v="neut"></g><g v="sing"></g><g v="gent"></g></l></v></tfr></token><token id="149727" text="—"><tfr rev_id="2426910" t="—"><v><l id="0" t="—"><g v="PNCT"></g></l></v></tfr></token><token id="149728" text="она"><tfr rev_id="3586047" t="она"><v><l id="206544" t="она"><g v="NPRO"></g><g v="femn"></g><g v="3per"></g><g v="Anph"></g><g v="sing"></g><g v="nomn"></g></l></v></tfr></token><token id="149729" text="сказала"><tfr rev_id="984550" t="сказала"><v><l id="321532" t="сказал"><g v="VERB"></g><g v="perf"></g><g v="tran"></g><g v="femn"></g><g v="sing"></g><g v="past"></g><g v="indc"></g></l></v></tfr></token><token id="149730" text=","><tfr rev_id="984551" t=","><v><l id="0" t=","><g v="PNCT"></g></l></v></tfr></token><token id="149731" text="что"><tfr rev_id="3192369" t="что"><v><l id="377004" t="что"><g v="CONJ"></g></l></v><v><l id="377005" t="что"><g v="NPRO"></g><g v="neut"></g><g v="sing"></g><g v="nomn"></g></l></v><v><l id="377005" t="что"><g v="NPRO"></g><g v="neut"></g><g v="sing"></g><g v="accs"></g></l></v><v><l id="377006" t="что"><g v="ADVB"></g><g v="Ques"></g></l></v><v><l id="388695" t="что"><g v="PRCL"></g></l></v></tfr></token><token id="149732" text="больше"><tfr rev_id="2558161" t="больше"><v><l id="32325" t="больше"><g v="ADVB"></g></l></v><v><l id="32447" t="больше"><g v="COMP"></g><g v="Qual"></g></l></v></tfr></token><token id="149733" text="никто"><tfr rev_id="984554" t="никто"><v><l id="191016" t="никто"><g v="NPRO"></g><g v="sing"></g><g v="nomn"></g></l></v></tfr></token><token id="149734" text="помогать"><tfr rev_id="984555" t="помогать"><v><l id="257807" t="помогать"><g v="INFN"></g><g v="impf"></g><g v="intr"></g></l></v></tfr></token><token id="149735" text="не"><tfr rev_id="984556" t="не"><v><l id="178876" t="не"><g v="PRCL"></g></l></v></tfr></token><token id="149736" text="желает"><tfr rev_id="984557" t="желает"><v><l id="96290" t="желаю"><g v="VERB"></g><g v="impf"></g><g v="tran"></g><g v="sing"></g><g v="3per"></g><g v="pres"></g><g v="indc"></g></l></v></tfr></token><token id="149737" text="—"><tfr rev_id="2426911" t="—"><v><l id="0" t="—"><g v="PNCT"></g></l></v></tfr></token><token id="149738" text="полиция"><tfr rev_id="984559" t="полиция"><v><l id="255975" t="полиция"><g v="NOUN"></g><g v="inan"></g><g v="femn"></g><g v="sing"></g><g v="nomn"></g></l></v></tfr></token><token id="149739" text="с"><tfr rev_id="984560" t="с"><v><l id="311151" t="с"><g v="PREP"></g></l></v></tfr></token><token id="149740" text="гурскими"><tfr rev_id="984561" t="гурскими"><v><l id="0" t="гурскими"><g v="UNKN"></g></l></v></tfr></token><token id="149741" text="хасидами"><tfr rev_id="984562" t="хасидами"><v><l id="369610" t="хасид"><g v="NOUN"></g><g v="anim"></g><g v="masc"></g><g v="plur"></g><g v="ablt"></g></l></v></tfr></token><token id="149742" text="не"><tfr rev_id="984563" t="не"><v><l id="178876" t="не"><g v="PRCL"></g></l></v></tfr></token><token id="149743" text="связывается"><tfr rev_id="984564" t="связывается"><v><l id="316567" t="связываюсь"><g v="VERB"></g><g v="impf"></g><g v="intr"></g><g v="sing"></g><g v="3per"></g><g v="pres"></g><g v="indc"></g></l></v></tfr></token><token id="149744" text="."><tfr rev_id="984565" t="."><v><l id="0" t="."><g v="PNCT"></g></l></v></tfr></token></tokens></sentence><sentence id="7790"><source>Жители квартала, куда человеку без кипы на голове обычно лучше не заходить, пошли на беспрецедентный шаг — пригласили светских журналистов.</source><tokens><token id="149745" text="Жители"><tfr rev_id="984566" t="Жители"><v><l id="97562" t="житель"><g v="NOUN"></g><g v="anim"></g><g v="masc"></g><g v="plur"></g><g v="nomn"></g></l></v></tfr></token><token id="149746" text="квартала"><tfr rev_id="984567" t="квартала"><v><l id="132007" t="квартал"><g v="NOUN"></g><g v="inan"></g><g v="masc"></g><g v="sing"></g><g v="gent"></g></l></v></tfr></token><token id="149747" text=","><tfr rev_id="984568" t=","><v><l id="0" t=","><g v="PNCT"></g></l></v></tfr></token><token id="149748" text="куда"><tfr rev_id="4508579" t="куда"><v><l id="144374" t="куда"><g v="ADVB"></g><g v="Ques"></g></l></v><v><l id="144375" t="куда"><g v="NOUN"></g><g v="inan"></g><g v="femn"></g><g v="Sgtm"></g><g v="Geox"></g><g v="sing"></g><g v="nomn"></g></l></v><v><l id="390062" t="куда"><g v="PRCL"></g></l></v><v><l id="390962" t="куда"><g v="CONJ"></g></l></v></tfr></token><token id="149749" text="человеку"><tfr rev_id="984570" t="человеку"><v><l id="375073" t="человек"><g v="NOUN"></g><g v="anim"></g><g v="masc"></g><g v="sing"></g><g v="datv"></g></l></v></tfr></token><token id="149750" text="без"><tfr rev_id="984571" t="без"><v><l id="25481" t="без"><g v="PREP"></g></l></v></tfr></token><token id="149751" text="кипы"><tfr rev_id="1716907" t="кипы"><v><l id="133207" t="кипа"><g v="NOUN"></g><g v="inan"></g><g v="femn"></g><g v="sing"></g><g v="gent"></g></l></v></tfr></token><token id="149752" text="на"><tfr rev_id="3337822" t="на"><v><l id="166264" t="на"><g v="PREP"></g></l></v></tfr></token><token id="149753" text="голове"><tfr rev_id="4322686" t="голове"><v><l id="72304" t="голова"><g v="NOUN"></g><g v="inan"></g><g v="femn"></g><g v="sing"></g><g v="loct"></g></l></v></tfr></token><token id="149754" text="обычно"><tfr rev_id="984575" t="обычно"><v><l id="202047" t="обычно"><g v="ADVB"></g></l></v><v><l id="202051" t="обычен"><g v="ADJS"></g><g v="Qual"></g><g v="neut"></g><g v="sing"></g></l></v></tfr></token><token id="149755" text="лучше"><tfr rev_id="984576" t="лучше"><v><l id="151661" t="лучше"><g v="PRCL"></g></l></v><v><l id="371670" t="лучше"><g v="COMP"></g><g v="Qual"></g></l></v></tfr></token><token id="149756" text="не"><tfr rev_id="984577" t="не"><v><l id="178876" t="не"><g v="PRCL"></g></l></v></tfr></token><token id="149757" text="заходить"><tfr rev_id="984578" t="заходить"><v><l id="112879" t="заходить"><g v="INFN"></g><g v="perf"></g><g v="tran"></g></l></v><v><l id="112885" t="заходить"><g v="INFN"></g><g v="perf"></g><g v="intr"></g></l></v><v><l id="112889" t="заходить"><g v="INFN"></g><g v="impf"></g><g v="intr"></g></l></v></tfr></token><token id="149758" text=","><tfr rev_id="984579" t=","><v><l id="0" t=","><g v="PNCT"></g></l></v></tfr></token><token id="149759" text="пошли"><tfr rev_id="984580" t="пошли"><v><l id="253964" t="пошёл"><g v="VERB"></g><g v="perf"></g><g v="intr"></g><g v="plur"></g><g v="past"></g><g v="indc"></g></l></v><v><l id="261532" t="послал"><g v="VERB"></g><g v="perf"></g><g v="tran"></g><g v="sing"></g><g v="impr"></g><g v="excl"></g></l></v></tfr></token><token id="149760" text="на"><tfr rev_id="3336455" t="на"><v><l id="166264" t="на"><g v="PREP"></g></l></v></tfr></token><token id="149761" text="беспрецедентный"><tfr rev_id="984582" t="беспрецедентный"><v><l id="28547" t="беспрецедентный"><g v="ADJF"></g><g v="masc"></g><g v="sing"></g><g v="nomn"></g></l></v><v><l id="28547" t="беспрецедентный"><g v="ADJF"></g><g v="inan"></g><g v="masc"></g><g v="sing"></g><g v="accs"></g></l></v></tfr></token><token id="149762" text="шаг"><tfr rev_id="984583" t="шаг"><v><l id="377653" t="шаг"><g v="NOUN"></g><g v="inan"></g><g v="masc"></g><g v="sing"></g><g v="nomn"></g></l></v><v><l id="377653" t="шаг"><g v="NOUN"></g><g v="inan"></g><g v="masc"></g><g v="sing"></g><g v="accs"></g></l></v></tfr></token><token id="149763" text="—"><tfr rev_id="2426912" t="—"><v><l id="0" t="—"><g v="PNCT"></g></l></v></tfr></token><token id="149764" text="пригласили"><tfr rev_id="984585" t="пригласили"><v><l id="269725" t="пригласил"><g v="VERB"></g><g v="perf"></g><g v="tran"></g><g v="plur"></g><g v="past"></g><g v="indc"></g></l></v></tfr></token><token id="149765" text="светских"><tfr rev_id="4159527" t="светских"><v><l id="315805" t="светский"><g v="ADJF"></g><g v="anim"></g><g v="plur"></g><g v="accs"></g></l></v></tfr></token><token id="149766" text="журналистов"><tfr rev_id="4358841" t="журналистов"><v><l id="97974" t="журналист"><g v="NOUN"></g><g v="anim"></g><g v="masc"></g><g v="plur"></g><g v="accs"></g></l></v></tfr></token><token id="149767" text="."><tfr rev_id="984588" t="."><v><l id="0" t="."><g v="PNCT"></g></l></v></tfr></token></tokens></sentence></paragraph><paragraph id="2469"><sentence id="7791"><source>Шломо Иерушалми утверждает что видел разгромленную квартиру Гиршманов и запах керосина.</source><tokens><token id="149768" text="Шломо"><tfr rev_id="3466578" t="Шломо"><v><l id="380463" t="шломо"><g v="NOUN"></g><g v="anim"></g><g v="masc"></g><g v="Sgtm"></g><g v="Fixd"></g><g v="Name"></g><g v="sing"></g><g v="nomn"></g></l></v></tfr></token><token id="149769" text="Иерушалми"><tfr rev_id="984590" t="Иерушалми"><v><l id="0" t="иерушалми"><g v="UNKN"></g></l></v></tfr></token><token id="149770" text="утверждает"><tfr rev_id="984591" t="утверждает"><v><l id="361706" t="утверждаю"><g v="VERB"></g><g v="impf"></g><g v="tran"></g><g v="sing"></g><g v="3per"></g><g v="pres"></g><g v="indc"></g></l></v><v><l id="361713" t="утверждаю"><g v="VERB"></g><g v="impf"></g><g v="intr"></g><g v="sing"></g><g v="3per"></g><g v="pres"></g><g v="indc"></g></l></v></tfr></token><token id="149771" text="что"><tfr rev_id="3192370" t="что"><v><l id="377004" t="что"><g v="CONJ"></g></l></v><v><l id="377005" t="что"><g v="NPRO"></g><g v="neut"></g><g v="sing"></g><g v="nomn"></g></l></v><v><l id="377005" t="что"><g v="NPRO"></g><g v="neut"></g><g v="sing"></g><g v="accs"></g></l></v><v><l id="377006" t="что"><g v="ADVB"></g><g v="Ques"></g></l></v><v><l id="388695" t="что"><g v="PRCL"></g></l></v></tfr></token><token id="149772" text="видел"><tfr rev_id="984593" t="видел"><v><l id="44564" t="вижу"><g v="VERB"></g><g v="impf"></g><g v="tran"></g><g v="masc"></g><g v="sing"></g><g v="past"></g><g v="indc"></g></l></v></tfr></token><token id="149773" text="разгромленную"><tfr rev_id="4506874" t="разгромленную"><v><l id="293238" t="разгромленный"><g v="PRTF"></g><g v="perf"></g><g v="tran"></g><g v="past"></g><g v="pssv"></g><g v="femn"></g><g v="sing"></g><g v="accs"></g><g v="Infr"></g></l></v><v><l id="293238" t="разгромленный"><g v="PRTF"></g><g v="perf"></g><g v="tran"></g><g v="past"></g><g v="pssv"></g><g v="femn"></g><g v="sing"></g><g v="accs"></g></l></v></tfr></token><token id="149774" text="квартиру"><tfr rev_id="984595" t="квартиру"><v><l id="132025" t="квартира"><g v="NOUN"></g><g v="inan"></g><g v="femn"></g><g v="sing"></g><g v="accs"></g></l></v></tfr></token><token id="149775" text="Гиршманов"><tfr rev_id="984596" t="Гиршманов"><v><l id="0" t="гиршманов"><g v="UNKN"></g></l></v></tfr></token><token id="149776" text="и"><tfr rev_id="3557587" t="и"><v><l id="116949" t="и"><g v="CONJ"></g></l></v></tfr></token><token id="149777" text="запах"><tfr rev_id="1712498" t="запах"><v><l id="106933" t="запах"><g v="NOUN"></g><g v="inan"></g><g v="masc"></g><g v="sing"></g><g v="nomn"></g></l></v><v><l id="106933" t="запах"><g v="NOUN"></g><g v="inan"></g><g v="masc"></g><g v="sing"></g><g v="accs"></g></l></v></tfr></token><token id="149778" text="керосина"><tfr rev_id="984599" t="керосина"><v><l id="132539" t="керосин"><g v="NOUN"></g><g v="inan"></g><g v="masc"></g><g v="sing"></g><g v="gen1"></g></l></v></tfr></token><token id="149779" text="."><tfr rev_id="984600" t="."><v><l id="0" t="."><g v="PNCT"></g></l></v></tfr></token></tokens></sentence><sentence id="7792"><source>Фотографий с места погрома журналист не публикует.</source><tokens><token id="149780" text="Фотографий"><tfr rev_id="984601" t="Фотографий"><v><l id="367492" t="фотография"><g v="NOUN"></g><g v="inan"></g><g v="femn"></g><g v="plur"></g><g v="gent"></g></l></v></tfr></token><token id="149781" text="с"><tfr rev_id="984602" t="с"><v><l id="311151" t="с"><g v="PREP"></g></l></v></tfr></token><token id="149782" text="места"><tfr rev_id="3471630" t="места"><v><l id="158822" t="место"><g v="NOUN"></g><g v="inan"></g><g v="neut"></g><g v="sing"></g><g v="gent"></g></l></v></tfr></token><token id="149783" text="погрома"><tfr rev_id="984604" t="погрома"><v><l id="243608" t="погром"><g v="NOUN"></g><g v="inan"></g><g v="masc"></g><g v="sing"></g><g v="gent"></g></l></v></tfr></token><token id="149784" text="журналист"><tfr rev_id="984605" t="журналист"><v><l id="97974" t="журналист"><g v="NOUN"></g><g v="anim"></g><g v="masc"></g><g v="sing"></g><g v="nomn"></g></l></v></tfr></token><token id="149785" text="не"><tfr rev_id="984606" t="не"><v><l id="178876" t="не"><g v="PRCL"></g></l></v></tfr></token><token id="149786" text="публикует"><tfr rev_id="984607" t="публикует"><v><l id="288830" t="публикую"><g v="VERB"></g><g v="impf"></g><g v="tran"></g><g v="sing"></g><g v="3per"></g><g v="pres"></g><g v="indc"></g></l></v></tfr></token><token id="149787" text="."><tfr rev_id="984608" t="."><v><l id="0" t="."><g v="PNCT"></g></l></v></tfr></token></tokens></sentence><sentence id="7793"><source>Большинство других жителей Варшавских домов согласились разговаривать с журналистом только на условиях анонимности, боясь новых «акций возмездия».</source><tokens><token id="149788" text="Большинство"><tfr rev_id="4099339" t="Большинство"><v><l id="32441" t="большинство"><g v="NOUN"></g><g v="inan"></g><g v="neut"></g><g v="Sgtm"></g><g v="sing"></g><g v="nomn"></g></l></v></tfr></token><token id="149789" text="других"><tfr rev_id="3561900" t="других"><v><l id="92342" t="другой"><g v="ADJF"></g><g v="Apro"></g><g v="Subx"></g><g v="plur"></g><g v="gent"></g></l></v></tfr></token><token id="149790" text="жителей"><tfr rev_id="4383064" t="жителей"><v><l id="97562" t="житель"><g v="NOUN"></g><g v="anim"></g><g v="masc"></g><g v="plur"></g><g v="gent"></g></l></v></tfr></token><token id="149791" text="Варшавских"><tfr rev_id="3553249" t="Варшавских"><v><l id="38920" t="варшавский"><g v="ADJF"></g><g v="plur"></g><g v="gent"></g></l></v></tfr></token><token id="149792" text="домов"><tfr rev_id="2700952" t="домов"><v><l id="88152" t="дом"><g v="NOUN"></g><g v="inan"></g><g v="masc"></g><g v="plur"></g><g v="gent"></g></l></v></tfr></token><token id="149793" text="согласились"><tfr rev_id="984614" t="согласились"><v><l id="328250" t="согласился"><g v="VERB"></g><g v="perf"></g><g v="intr"></g><g v="plur"></g><g v="past"></g><g v="indc"></g></l></v></tfr></token><token id="149794" text="разговаривать"><tfr rev_id="984615" t="разговаривать"><v><l id="293003" t="разговаривать"><g v="INFN"></g><g v="impf"></g><g v="intr"></g></l></v></tfr></token><token id="149795" text="с"><tfr rev_id="984616" t="с"><v><l id="311151" t="с"><g v="PREP"></g></l></v></tfr></token><token id="149796" text="журналистом"><tfr rev_id="984617" t="журналистом"><v><l id="97974" t="журналист"><g v="NOUN"></g><g v="anim"></g><g v="masc"></g><g v="sing"></g><g v="ablt"></g></l></v></tfr></token><token id="149797" text="только"><tfr rev_id="3783235" t="только"><v><l id="347395" t="только"><g v="CONJ"></g></l></v><v><l id="347396" t="только"><g v="PRCL"></g></l></v><v><l id="390053" t="только"><g v="ADVB"></g></l></v></tfr></token><token id="149798" text="на"><tfr rev_id="3396168" t="на"><v><l id="166264" t="на"><g v="PREP"></g></l></v></tfr></token><token id="149799" text="условиях"><tfr rev_id="984620" t="условиях"><v><l id="360556" t="условие"><g v="NOUN"></g><g v="inan"></g><g v="neut"></g><g v="plur"></g><g v="loct"></g></l></v></tfr></token><token id="149800" text="анонимности"><tfr rev_id="4261911" t="анонимности"><v><l id="13919" t="анонимность"><g v="NOUN"></g><g v="inan"></g><g v="femn"></g><g v="sing"></g><g v="gent"></g></l></v></tfr></token><token id="149801" text=","><tfr rev_id="984622" t=","><v><l id="0" t=","><g v="PNCT"></g></l></v></tfr></token><token id="149802" text="боясь"><tfr rev_id="984623" t="боясь"><v><l id="33350" t="боясь"><g v="GRND"></g><g v="impf"></g><g v="intr"></g><g v="pres"></g></l></v></tfr></token><token id="149803" text="новых"><tfr rev_id="4427570" t="новых"><v><l id="191918" t="новый"><g v="ADJF"></g><g v="Qual"></g><g v="plur"></g><g v="gent"></g></l></v></tfr></token><token id="149804" text="«"><tfr rev_id="2426913" t="«"><v><l id="0" t="«"><g v="PNCT"></g></l></v></tfr></token><token id="149805" text="акций"><tfr rev_id="984626" t="акций"><v><l id="7961" t="акция"><g v="NOUN"></g><g v="inan"></g><g v="femn"></g><g v="plur"></g><g v="gent"></g></l></v></tfr></token><token id="149806" text="возмездия"><tfr rev_id="2721976" t="возмездия"><v><l id="49372" t="возмездие"><g v="NOUN"></g><g v="inan"></g><g v="neut"></g><g v="sing"></g><g v="gent"></g></l></v></tfr></token><token id="149807" text="»"><tfr rev_id="2426914" t="»"><v><l id="0" t="»"><g v="PNCT"></g></l></v></tfr></token><token id="149808" text="."><tfr rev_id="984629" t="."><v><l id="0" t="."><g v="PNCT"></g></l></v></tfr></token></tokens></sentence></paragraph><paragraph id="2470"><sentence id="7794"><source>Шломо Иерушалми рассказывает, что еще в детстве как-то зашел в квартал без кипы и сразу получил камнем в голову, хотя был еще ребенком.</source><tokens><token id="149809" text="Шломо"><tfr rev_id="3496477" t="Шломо"><v><l id="380463" t="шломо"><g v="NOUN"></g><g v="anim"></g><g v="masc"></g><g v="Sgtm"></g><g v="Fixd"></g><g v="Name"></g><g v="sing"></g><g v="nomn"></g></l></v></tfr></token><token id="149810" text="Иерушалми"><tfr rev_id="984631" t="Иерушалми"><v><l id="0" t="иерушалми"><g v="UNKN"></g></l></v></tfr></token><token id="149811" text="рассказывает"><tfr rev_id="984632" t="рассказывает"><v><l id="300983" t="рассказываю"><g v="VERB"></g><g v="impf"></g><g v="tran"></g><g v="sing"></g><g v="3per"></g><g v="pres"></g><g v="indc"></g></l></v></tfr></token><token id="149812" text=","><tfr rev_id="984633" t=","><v><l id="0" t=","><g v="PNCT"></g></l></v></tfr></token><token id="149813" text="что"><tfr rev_id="3192371" t="что"><v><l id="377004" t="что"><g v="CONJ"></g></l></v><v><l id="377005" t="что"><g v="NPRO"></g><g v="neut"></g><g v="sing"></g><g v="nomn"></g></l></v><v><l id="377005" t="что"><g v="NPRO"></g><g v="neut"></g><g v="sing"></g><g v="accs"></g></l></v><v><l id="377006" t="что"><g v="ADVB"></g><g v="Ques"></g></l></v><v><l id="388695" t="что"><g v="PRCL"></g></l></v></tfr></token><token id="149814" text="еще"><tfr rev_id="984635" t="еще"><v><l id="95551" t="ещё"><g v="PRCL"></g></l></v><v><l id="95552" t="ещё"><g v="ADVB"></g></l></v></tfr></token><token id="149815" text="в"><tfr rev_id="984636" t="в"><v><l id="37409" t="в"><g v="PREP"></g></l></v></tfr></token><token id="149816" text="детстве"><tfr rev_id="984637" t="детстве"><v><l id="82261" t="детство"><g v="NOUN"></g><g v="inan"></g><g v="neut"></g><g v="sing"></g><g v="loct"></g></l></v></tfr></token><token id="149817" text="как-то"><tfr rev_id="984638" t="как-то"><v><l id="128196" t="как-то"><g v="ADVB"></g></l></v></tfr></token><token id="149818" text="зашел"><tfr rev_id="984639" t="зашел"><v><l id="102799" t="зашёл"><g v="VERB"></g><g v="perf"></g><g v="intr"></g><g v="masc"></g><g v="sing"></g><g v="past"></g><g v="indc"></g></l></v></tfr></token><token id="149819" text="в"><tfr rev_id="984640" t="в"><v><l id="37409" t="в"><g v="PREP"></g></l></v></tfr></token><token id="149820" text="квартал"><tfr rev_id="4233226" t="квартал"><v><l id="132007" t="квартал"><g v="NOUN"></g><g v="inan"></g><g v="masc"></g><g v="sing"></g><g v="accs"></g></l></v></tfr></token><token id="149821" text="без"><tfr rev_id="984642" t="без"><v><l id="25481" t="без"><g v="PREP"></g></l></v></tfr></token><token id="149822" text="кипы"><tfr rev_id="3457415" t="кипы"><v><l id="133207" t="кипа"><g v="NOUN"></g><g v="inan"></g><g v="femn"></g><g v="sing"></g><g v="gent"></g></l></v></tfr></token><token id="149823" text="и"><tfr rev_id="4199879" t="и"><v><l id="116949" t="и"><g v="CONJ"></g></l></v></tfr></token><token id="149824" text="сразу"><tfr rev_id="984645" t="сразу"><v><l id="333375" t="сразу"><g v="ADVB"></g></l></v></tfr></token><token id="149825" text="получил"><tfr rev_id="984646" t="получил"><v><l id="256959" t="получил"><g v="VERB"></g><g v="perf"></g><g v="tran"></g><g v="masc"></g><g v="sing"></g><g v="past"></g><g v="indc"></g></l></v></tfr></token><token id="149826" text="камнем"><tfr rev_id="984647" t="камнем"><v><l id="128937" t="камень"><g v="NOUN"></g><g v="inan"></g><g v="masc"></g><g v="sing"></g><g v="ablt"></g></l></v></tfr></token><token id="149827" text="в"><tfr rev_id="984648" t="в"><v><l id="37409" t="в"><g v="PREP"></g></l></v></tfr></token><token id="149828" text="голову"><tfr rev_id="3492821" t="голову"><v><l id="72304" t="голова"><g v="NOUN"></g><g v="inan"></g><g v="femn"></g><g v="sing"></g><g v="accs"></g></l></v></tfr></token><token id="149829" text=","><tfr rev_id="984650" t=","><v><l id="0" t=","><g v="PNCT"></g></l></v></tfr></token><token id="149830" text="хотя"><tfr rev_id="3707964" t="хотя"><v><l id="371732" t="хотя"><g v="CONJ"></g></l></v></tfr></token><token id="149831" text="был"><tfr rev_id="984652" t="был"><v><l id="37265" t="есть"><g v="VERB"></g><g v="impf"></g><g v="intr"></g><g v="masc"></g><g v="sing"></g><g v="past"></g><g v="indc"></g></l></v></tfr></token><token id="149832" text="еще"><tfr rev_id="984653" t="еще"><v><l id="95551" t="ещё"><g v="PRCL"></g></l></v><v><l id="95552" t="ещё"><g v="ADVB"></g></l></v></tfr></token><token id="149833" text="ребенком"><tfr rev_id="984654" t="ребенком"><v><l id="304488" t="ребёнок"><g v="NOUN"></g><g v="anim"></g><g v="masc"></g><g v="sing"></g><g v="ablt"></g></l></v></tfr></token><token id="149834" text="."><tfr rev_id="984655" t="."><v><l id="0" t="."><g v="PNCT"></g></l></v></tfr></token></tokens></sentence></paragraph><paragraph id="2471"><sentence id="7795"><source>Пострадавшие в один голос обвиняют в погромах гурских хасидов, которые, якобы, хотят выгнать из квартала всех его обитателей и построить там гигантский торговый центр, который принесет общине огромные прибыли.</source><tokens><token id="149835" text="Пострадавшие"><tfr rev_id="4319696" t="Пострадавшие"><v><l id="262437" t="пострадавший"><g v="PRTF"></g><g v="Subx"></g><g v="perf"></g><g v="intr"></g><g v="past"></g><g v="actv"></g><g v="plur"></g><g v="nomn"></g></l></v><v><l id="262437" t="пострадавший"><g v="PRTF"></g><g v="Subx"></g><g v="perf"></g><g v="intr"></g><g v="past"></g><g v="actv"></g><g v="inan"></g><g v="plur"></g><g v="accs"></g></l></v></tfr></token><token id="149836" text="в"><tfr rev_id="984657" t="в"><v><l id="37409" t="в"><g v="PREP"></g></l></v></tfr></token><token id="149837" text="один"><tfr rev_id="4299337" t="один"><v><l id="203319" t="один"><g v="ADJF"></g><g v="Apro"></g><g v="Anum"></g><g v="masc"></g><g v="sing"></g><g v="nomn"></g></l></v><v><l id="203319" t="один"><g v="ADJF"></g><g v="Apro"></g><g v="Anum"></g><g v="inan"></g><g v="masc"></g><g v="sing"></g><g v="accs"></g></l></v></tfr></token><token id="149838" text="голос"><tfr rev_id="4098036" t="голос"><v><l id="72469" t="голос"><g v="NOUN"></g><g v="inan"></g><g v="masc"></g><g v="sing"></g><g v="accs"></g></l></v></tfr></token><token id="149839" text="обвиняют"><tfr rev_id="984660" t="обвиняют"><v><l id="193422" t="обвиняю"><g v="VERB"></g><g v="impf"></g><g v="tran"></g><g v="plur"></g><g v="3per"></g><g v="pres"></g><g v="indc"></g></l></v></tfr></token><token id="149840" text="в"><tfr rev_id="984661" t="в"><v><l id="37409" t="в"><g v="PREP"></g></l></v></tfr></token><token id="149841" text="погромах"><tfr rev_id="984662" t="погромах"><v><l id="243608" t="погром"><g v="NOUN"></g><g v="inan"></g><g v="masc"></g><g v="plur"></g><g v="loct"></g></l></v></tfr></token><token id="149842" text="гурских"><tfr rev_id="984663" t="гурских"><v><l id="0" t="гурских"><g v="UNKN"></g></l></v></tfr></token><token id="149843" text="хасидов"><tfr rev_id="3538152" t="хасидов"><v><l id="369610" t="хасид"><g v="NOUN"></g><g v="anim"></g><g v="masc"></g><g v="plur"></g><g v="accs"></g></l></v></tfr></token><token id="149844" text=","><tfr rev_id="984665" t=","><v><l id="0" t=","><g v="PNCT"></g></l></v></tfr></token><token id="149845" text="которые"><tfr rev_id="3860152" t="которые"><v><l id="141203" t="который"><g v="ADJF"></g><g v="Apro"></g><g v="Subx"></g><g v="Anph"></g><g v="plur"></g><g v="nomn"></g></l></v></tfr></token><token id="149846" text=","><tfr rev_id="984667" t=","><v><l id="0" t=","><g v="PNCT"></g></l></v></tfr></token><token id="149847" text="якобы"><tfr rev_id="4469597" t="якобы"><v><l id="387706" t="якобы"><g v="CONJ"></g></l></v><v><l id="387707" t="якобы"><g v="PRCL"></g></l></v></tfr></token><token id="149848" text=","><tfr rev_id="984669" t=","><v><l id="0" t=","><g v="PNCT"></g></l></v></tfr></token><token id="149849" text="хотят"><tfr rev_id="984670" t="хотят"><v><l id="371713" t="хочу"><g v="VERB"></g><g v="impf"></g><g v="tran"></g><g v="plur"></g><g v="3per"></g><g v="pres"></g><g v="indc"></g></l></v></tfr></token><token id="149850" text="выгнать"><tfr rev_id="984671" t="выгнать"><v><l id="56615" t="выгнать"><g v="INFN"></g><g v="perf"></g><g v="tran"></g></l></v></tfr></token><token id="149851" text="из"><tfr rev_id="2602786" t="из"><v><l id="117677" t="из"><g v="PREP"></g></l></v></tfr></token><token id="149852" text="квартала"><tfr rev_id="984673" t="квартала"><v><l id="132007" t="квартал"><g v="NOUN"></g><g v="inan"></g><g v="masc"></g><g v="sing"></g><g v="gent"></g></l></v></tfr></token><token id="149853" text="всех"><tfr rev_id="4408134" t="всех"><v><l id="42156" t="весь"><g v="ADJF"></g><g v="Subx"></g><g v="Apro"></g><g v="anim"></g><g v="plur"></g><g v="accs"></g></l></v></tfr></token><token id="149854" text="его"><tfr rev_id="4491523" t="его"><v><l id="94208" t="его"><g v="ADJF"></g><g v="Fixd"></g><g v="Apro"></g><g v="Anph"></g><g v="plur"></g><g v="nomn"></g></l></v><v><l id="94208" t="его"><g v="ADJF"></g><g v="Fixd"></g><g v="Apro"></g><g v="Anph"></g><g v="plur"></g><g v="gent"></g></l></v><v><l id="94208" t="его"><g v="ADJF"></g><g v="Fixd"></g><g v="Apro"></g><g v="Anph"></g><g v="plur"></g><g v="datv"></g></l></v><v><l id="94208" t="его"><g v="ADJF"></g><g v="Fixd"></g><g v="Apro"></g><g v="Anph"></g><g v="plur"></g><g v="accs"></g></l></v><v><l id="94208" t="его"><g v="ADJF"></g><g v="Fixd"></g><g v="Apro"></g><g v="Anph"></g><g v="plur"></g><g v="ablt"></g></l></v><v><l id="94208" t="его"><g v="ADJF"></g><g v="Fixd"></g><g v="Apro"></g><g v="Anph"></g><g v="plur"></g><g v="loct"></g></l></v></tfr></token><token id="149855" text="обитателей"><tfr rev_id="2866370" t="обитателей"><v><l id="195480" t="обитатель"><g v="NOUN"></g><g v="anim"></g><g v="masc"></g><g v="plur"></g><g v="accs"></g></l></v></tfr></token><token id="149856" text="и"><tfr rev_id="984677" t="и"><v><l id="116949" t="и"><g v="CONJ"></g></l></v><v><l id="116950" t="и"><g v="INTJ"></g></l></v></tfr></token><token id="149857" text="построить"><tfr rev_id="984678" t="построить"><v><l id="262522" t="построить"><g v="INFN"></g><g v="perf"></g><g v="tran"></g></l></v></tfr></token><token id="149858" text="там"><tfr rev_id="984679" t="там"><v><l id="342752" t="там"><g v="PRCL"></g></l></v><v><l id="342753" t="там"><g v="ADVB"></g><g v="Dmns"></g></l></v></tfr></token><token id="149859" text="гигантский"><tfr rev_id="984680" t="гигантский"><v><l id="69549" t="гигантский"><g v="ADJF"></g><g v="masc"></g><g v="sing"></g><g v="nomn"></g></l></v><v><l id="69549" t="гигантский"><g v="ADJF"></g><g v="inan"></g><g v="masc"></g><g v="sing"></g><g v="accs"></g></l></v></tfr></token><token id="149860" text="торговый"><tfr rev_id="984681" t="торговый"><v><l id="348043" t="торговый"><g v="ADJF"></g><g v="masc"></g><g v="sing"></g><g v="nomn"></g></l></v><v><l id="348043" t="торговый"><g v="ADJF"></g><g v="inan"></g><g v="masc"></g><g v="sing"></g><g v="accs"></g></l></v></tfr></token><token id="149861" text="центр"><tfr rev_id="984682" t="центр"><v><l id="373369" t="центр"><g v="NOUN"></g><g v="inan"></g><g v="masc"></g><g v="sing"></g><g v="nomn"></g></l></v><v><l id="373369" t="центр"><g v="NOUN"></g><g v="inan"></g><g v="masc"></g><g v="sing"></g><g v="accs"></g></l></v></tfr></token><token id="149862" text=","><tfr rev_id="984683" t=","><v><l id="0" t=","><g v="PNCT"></g></l></v></tfr></token><token id="149863" text="который"><tfr rev_id="3636921" t="который"><v><l id="141203" t="который"><g v="ADJF"></g><g v="Apro"></g><g v="Subx"></g><g v="Anph"></g><g v="masc"></g><g v="sing"></g><g v="nomn"></g></l></v><v><l id="141203" t="который"><g v="ADJF"></g><g v="Apro"></g><g v="Subx"></g><g v="Anph"></g><g v="inan"></g><g v="masc"></g><g v="sing"></g><g v="accs"></g></l></v></tfr></token><token id="149864" text="принесет"><tfr rev_id="984685" t="принесет"><v><l id="272525" t="принёс"><g v="VERB"></g><g v="perf"></g><g v="tran"></g><g v="sing"></g><g v="3per"></g><g v="futr"></g><g v="indc"></g></l></v></tfr></token><token id="149865" text="общине"><tfr rev_id="3500365" t="общине"><v><l id="201666" t="община"><g v="NOUN"></g><g v="inan"></g><g v="femn"></g><g v="sing"></g><g v="datv"></g></l></v></tfr></token><token id="149866" text="огромные"><tfr rev_id="3808810" t="огромные"><v><l id="203009" t="огромный"><g v="ADJF"></g><g v="Qual"></g><g v="inan"></g><g v="plur"></g><g v="accs"></g></l></v></tfr></token><token id="149867" text="прибыли"><tfr rev_id="3757793" t="прибыли"><v><l id="268952" t="прибыль"><g v="NOUN"></g><g v="inan"></g><g v="femn"></g><g v="plur"></g><g v="accs"></g></l></v></tfr></token><token id="149868" text="."><tfr rev_id="984689" t="."><v><l id="0" t="."><g v="PNCT"></g></l></v></tfr></token></tokens></sentence><sentence id="7796"><source>Гурские хасиды отрицают свою причастность к погромам и заявляют, что все это дело рук ультраортодоксальной общины Нетурей карта.</source><tokens><token id="149869" text="Гурские"><tfr rev_id="984690" t="Гурские"><v><l id="0" t="гурские"><g v="UNKN"></g></l></v></tfr></token><token id="149870" text="хасиды"><tfr rev_id="984691" t="хасиды"><v><l id="369610" t="хасид"><g v="NOUN"></g><g v="anim"></g><g v="masc"></g><g v="plur"></g><g v="nomn"></g></l></v></tfr></token><token id="149871" text="отрицают"><tfr rev_id="984692" t="отрицают"><v><l id="217583" t="отрицаю"><g v="VERB"></g><g v="impf"></g><g v="tran"></g><g v="plur"></g><g v="3per"></g><g v="pres"></g><g v="indc"></g></l></v></tfr></token><token id="149872" text="свою"><tfr rev_id="3632042" t="свою"><v><l id="316379" t="свой"><g v="ADJF"></g><g v="Apro"></g><g v="Anph"></g><g v="femn"></g><g v="sing"></g><g v="accs"></g></l></v></tfr></token><token id="149873" text="причастность"><tfr rev_id="4093207" t="причастность"><v><l id="276466" t="причастность"><g v="NOUN"></g><g v="inan"></g><g v="femn"></g><g v="sing"></g><g v="accs"></g></l></v></tfr></token><token id="149874" text="к"><tfr rev_id="984695" t="к"><v><l id="127460" t="к"><g v="PREP"></g></l></v></tfr></token><token id="149875" text="погромам"><tfr rev_id="984696" t="погромам"><v><l id="243608" t="погром"><g v="NOUN"></g><g v="inan"></g><g v="masc"></g><g v="plur"></g><g v="datv"></g></l></v></tfr></token><token id="149876" text="и"><tfr rev_id="984697" t="и"><v><l id="116949" t="и"><g v="CONJ"></g></l></v><v><l id="116950" t="и"><g v="INTJ"></g></l></v></tfr></token><token id="149877" text="заявляют"><tfr rev_id="984698" t="заявляют"><v><l id="114312" t="заявляю"><g v="VERB"></g><g v="impf"></g><g v="tran"></g><g v="plur"></g><g v="3per"></g><g v="pres"></g><g v="indc"></g></l></v></tfr></token><token id="149878" text=","><tfr rev_id="984699" t=","><v><l id="0" t=","><g v="PNCT"></g></l></v></tfr></token><token id="149879" text="что"><tfr rev_id="3192372" t="что"><v><l id="377004" t="что"><g v="CONJ"></g></l></v><v><l id="377005" t="что"><g v="NPRO"></g><g v="neut"></g><g v="sing"></g><g v="nomn"></g></l></v><v><l id="377005" t="что"><g v="NPRO"></g><g v="neut"></g><g v="sing"></g><g v="accs"></g></l></v><v><l id="377006" t="что"><g v="ADVB"></g><g v="Ques"></g></l></v><v><l id="388695" t="что"><g v="PRCL"></g></l></v></tfr></token><token id="149880" text="все"><tfr rev_id="4499931" t="все"><v><l id="42156" t="весь"><g v="ADJF"></g><g v="Subx"></g><g v="Apro"></g><g v="neut"></g><g v="sing"></g><g v="accs"></g></l></v><v><l id="42156" t="весь"><g v="ADJF"></g><g v="Subx"></g><g v="Apro"></g><g v="neut"></g><g v="sing"></g><g v="nomn"></g></l></v></tfr></token><token id="149881" text="это"><tfr rev_id="4439661" t="это"><v><l id="386574" t="это"><g v="PRCL"></g></l></v><v><l id="386575" t="это"><g v="NPRO"></g><g v="neut"></g><g v="sing"></g><g v="nomn"></g></l></v><v><l id="386575" t="это"><g v="NPRO"></g><g v="neut"></g><g v="sing"></g><g v="accs"></g></l></v><v><l id="386581" t="этот"><g v="ADJF"></g><g v="Subx"></g><g v="Apro"></g><g v="Anph"></g><g v="neut"></g><g v="sing"></g><g v="nomn"></g></l></v><v><l id="386581" t="этот"><g v="ADJF"></g><g v="Subx"></g><g v="Apro"></g><g v="Anph"></g><g v="neut"></g><g v="sing"></g><g v="accs"></g></l></v></tfr></token><token id="149882" text="дело"><tfr rev_id="1712500" t="дело"><v><l id="80628" t="дело"><g v="NOUN"></g><g v="inan"></g><g v="neut"></g><g v="sing"></g><g v="nomn"></g></l></v><v><l id="80628" t="дело"><g v="NOUN"></g><g v="inan"></g><g v="neut"></g><g v="sing"></g><g v="accs"></g></l></v></tfr></token><token id="149883" text="рук"><tfr rev_id="984704" t="рук"><v><l id="309953" t="рука"><g v="NOUN"></g><g v="inan"></g><g v="femn"></g><g v="plur"></g><g v="gent"></g></l></v></tfr></token><token id="149884" text="ультраортодоксальной"><tfr rev_id="984705" t="ультраортодоксальной"><v><l id="0" t="ультраортодоксальной"><g v="UNKN"></g></l></v></tfr></token><token id="149885" text="общины"><tfr rev_id="3473164" t="общины"><v><l id="201666" t="община"><g v="NOUN"></g><g v="inan"></g><g v="femn"></g><g v="sing"></g><g v="gent"></g></l></v></tfr></token><token id="149886" text="Нетурей"><tfr rev_id="984707" t="Нетурей"><v><l id="0" t="нетурей"><g v="UNKN"></g></l></v></tfr></token><token id="149887" text="карта"><tfr rev_id="984708" t="карта"><v><l id="130719" t="карта"><g v="NOUN"></g><g v="inan"></g><g v="femn"></g><g v="sing"></g><g v="nomn"></g></l></v></tfr></token><token id="149888" text="."><tfr rev_id="984709" t="."><v><l id="0" t="."><g v="PNCT"></g></l></v></tfr></token></tokens></sentence><sentence id="7797"><source>Иерушалми не смог выяснить истинные обстоятельства и подоплеку событий в закрытом мире ультраортодоксальных общин.</source><tokens><token id="149889" text="Иерушалми"><tfr rev_id="984710" t="Иерушалми"><v><l id="0" t="иерушалми"><g v="UNKN"></g></l></v></tfr></token><token id="149890" text="не"><tfr rev_id="984711" t="не"><v><l id="178876" t="не"><g v="PRCL"></g></l></v></tfr></token><token id="149891" text="смог"><tfr rev_id="984712" t="смог"><v><l id="326830" t="смог"><g v="VERB"></g><g v="perf"></g><g v="intr"></g><g v="masc"></g><g v="sing"></g><g v="past"></g><g v="indc"></g></l></v></tfr></token><token id="149892" text="выяснить"><tfr rev_id="984713" t="выяснить"><v><l id="64902" t="выяснить"><g v="INFN"></g><g v="perf"></g><g v="tran"></g></l></v></tfr></token><token id="149893" text="истинные"><tfr rev_id="3820634" t="истинные"><v><l id="126213" t="истинный"><g v="ADJF"></g><g v="Qual"></g><g v="inan"></g><g v="plur"></g><g v="accs"></g></l></v></tfr></token><token id="149894" text="обстоятельства"><tfr rev_id="3726730" t="обстоятельства"><v><l id="199957" t="обстоятельство"><g v="NOUN"></g><g v="inan"></g><g v="neut"></g><g v="plur"></g><g v="accs"></g></l></v></tfr></token><token id="149895" text="и"><tfr rev_id="984716" t="и"><v><l id="116949" t="и"><g v="CONJ"></g></l></v><v><l id="116950" t="и"><g v="INTJ"></g></l></v></tfr></token><token id="149896" text="подоплеку"><tfr rev_id="984717" t="подоплеку"><v><l id="248535" t="подоплёка"><g v="NOUN"></g><g v="inan"></g><g v="femn"></g><g v="sing"></g><g v="accs"></g></l></v></tfr></token><token id="149897" text="событий"><tfr rev_id="984718" t="событий"><v><l id="327850" t="событие"><g v="NOUN"></g><g v="inan"></g><g v="neut"></g><g v="plur"></g><g v="gent"></g></l></v></tfr></token><token id="149898" text="в"><tfr rev_id="984719" t="в"><v><l id="37409" t="в"><g v="PREP"></g></l></v></tfr></token><token id="149899" text="закрытом"><tfr rev_id="984720" t="закрытом"><v><l id="104245" t="закрытый"><g v="ADJF"></g><g v="Qual"></g><g v="masc"></g><g v="sing"></g><g v="loct"></g></l></v><v><l id="104245" t="закрытый"><g v="ADJF"></g><g v="Qual"></g><g v="neut"></g><g v="sing"></g><g v="loct"></g></l></v><v><l id="104251" t="закрытый"><g v="PRTF"></g><g v="perf"></g><g v="tran"></g><g v="past"></g><g v="pssv"></g><g v="masc"></g><g v="sing"></g><g v="loct"></g></l></v><v><l id="104251" t="закрытый"><g v="PRTF"></g><g v="perf"></g><g v="tran"></g><g v="past"></g><g v="pssv"></g><g v="neut"></g><g v="sing"></g><g v="loct"></g></l></v></tfr></token><token id="149900" text="мире"><tfr rev_id="3723194" t="мире"><v><l id="160807" t="мир"><g v="NOUN"></g><g v="inan"></g><g v="masc"></g><g v="sing"></g><g v="loc1"></g></l></v></tfr></token><token id="149901" text="ультраортодоксальных"><tfr rev_id="984722" t="ультраортодоксальных"><v><l id="0" t="ультраортодоксальных"><g v="UNKN"></g></l></v></tfr></token><token id="149902" text="общин"><tfr rev_id="984723" t="общин"><v><l id="201666" t="община"><g v="NOUN"></g><g v="inan"></g><g v="femn"></g><g v="plur"></g><g v="gent"></g></l></v></tfr></token><token id="149903" text="."><tfr rev_id="984724" t="."><v><l id="0" t="."><g v="PNCT"></g></l></v></tfr></token></tokens></sentence></paragraph><paragraph id="2472"><sentence id="7798"><source>В официальном комментарии полиции говорится, что трое участников «драки», случившейся в квартале в минувшее воскресенье, арестованы.</source><tokens><token id="149904" text="В"><tfr rev_id="984725" t="В"><v><l id="37409" t="в"><g v="PREP"></g></l></v></tfr></token><token id="149905" text="официальном"><tfr rev_id="3823869" t="официальном"><v><l id="220939" t="официальный"><g v="ADJF"></g><g v="masc"></g><g v="sing"></g><g v="loct"></g></l></v></tfr></token><token id="149906" text="комментарии"><tfr rev_id="3480242" t="комментарии"><v><l id="136972" t="комментарий"><g v="NOUN"></g><g v="inan"></g><g v="masc"></g><g v="sing"></g><g v="loct"></g></l></v></tfr></token><token id="149907" text="полиции"><tfr rev_id="4289013" t="полиции"><v><l id="255975" t="полиция"><g v="NOUN"></g><g v="inan"></g><g v="femn"></g><g v="sing"></g><g v="gent"></g></l></v></tfr></token><token id="149908" text="говорится"><tfr rev_id="984729" t="говорится"><v><l id="72062" t="говорюсь"><g v="VERB"></g><g v="impf"></g><g v="intr"></g><g v="sing"></g><g v="3per"></g><g v="pres"></g><g v="indc"></g></l></v></tfr></token><token id="149909" text=","><tfr rev_id="984730" t=","><v><l id="0" t=","><g v="PNCT"></g></l></v></tfr></token><token id="149910" text="что"><tfr rev_id="3192373" t="что"><v><l id="377004" t="что"><g v="CONJ"></g></l></v><v><l id="377005" t="что"><g v="NPRO"></g><g v="neut"></g><g v="sing"></g><g v="nomn"></g></l></v><v><l id="377005" t="что"><g v="NPRO"></g><g v="neut"></g><g v="sing"></g><g v="accs"></g></l></v><v><l id="377006" t="что"><g v="ADVB"></g><g v="Ques"></g></l></v><v><l id="388695" t="что"><g v="PRCL"></g></l></v></tfr></token><token id="149911" text="трое"><tfr rev_id="984732" t="трое"><v><l id="350318" t="трое"><g v="NUMR"></g><g v="Coll"></g><g v="nomn"></g></l></v><v><l id="350318" t="трое"><g v="NUMR"></g><g v="Coll"></g><g v="inan"></g><g v="accs"></g></l></v></tfr></token><token id="149912" text="участников"><tfr rev_id="4200074" t="участников"><v><l id="363151" t="участник"><g v="NOUN"></g><g v="anim"></g><g v="masc"></g><g v="plur"></g><g v="gent"></g></l></v></tfr></token><token id="149913" text="«"><tfr rev_id="2426915" t="«"><v><l id="0" t="«"><g v="PNCT"></g></l></v></tfr></token><token id="149914" text="драки"><tfr rev_id="3503715" t="драки"><v><l id="91683" t="драка"><g v="NOUN"></g><g v="inan"></g><g v="femn"></g><g v="sing"></g><g v="gent"></g></l></v></tfr></token><token id="149915" text="»"><tfr rev_id="2426916" t="»"><v><l id="0" t="»"><g v="PNCT"></g></l></v></tfr></token><token id="149916" text=","><tfr rev_id="984737" t=","><v><l id="0" t=","><g v="PNCT"></g></l></v></tfr></token><token id="149917" text="случившейся"><tfr rev_id="3419307" t="случившейся"><v><l id="325500" t="случившийся"><g v="PRTF"></g><g v="perf"></g><g v="intr"></g><g v="past"></g><g v="actv"></g><g v="femn"></g><g v="sing"></g><g v="gent"></g></l></v></tfr></token><token id="149918" text="в"><tfr rev_id="984739" t="в"><v><l id="37409" t="в"><g v="PREP"></g></l></v></tfr></token><token id="149919" text="квартале"><tfr rev_id="984740" t="квартале"><v><l id="132007" t="квартал"><g v="NOUN"></g><g v="inan"></g><g v="masc"></g><g v="sing"></g><g v="loct"></g></l></v></tfr></token><token id="149920" text="в"><tfr rev_id="984741" t="в"><v><l id="37409" t="в"><g v="PREP"></g></l></v></tfr></token><token id="149921" text="минувшее"><tfr rev_id="4331704" t="минувшее"><v><l id="160723" t="минувший"><g v="ADJF"></g><g v="neut"></g><g v="sing"></g><g v="nomn"></g></l></v><v><l id="160723" t="минувший"><g v="ADJF"></g><g v="neut"></g><g v="sing"></g><g v="accs"></g></l></v><v><l id="160759" t="минувший"><g v="PRTF"></g><g v="perf"></g><g v="tran"></g><g v="past"></g><g v="actv"></g><g v="neut"></g><g v="sing"></g><g v="nomn"></g></l></v><v><l id="160759" t="минувший"><g v="PRTF"></g><g v="perf"></g><g v="tran"></g><g v="past"></g><g v="actv"></g><g v="neut"></g><g v="sing"></g><g v="accs"></g></l></v></tfr></token><token id="149922" text="воскресенье"><tfr rev_id="4463318" t="воскресенье"><v><l id="51393" t="воскресение"><g v="NOUN"></g><g v="inan"></g><g v="neut"></g><g v="sing"></g><g v="accs"></g><g v="V-be"></g></l></v><v><l id="51406" t="воскресенье"><g v="NOUN"></g><g v="inan"></g><g v="neut"></g><g v="sing"></g><g v="accs"></g></l></v></tfr></token><token id="149923" text=","><tfr rev_id="984744" t=","><v><l id="0" t=","><g v="PNCT"></g></l></v></tfr></token><token id="149924" text="арестованы"><tfr rev_id="984745" t="арестованы"><v><l id="16270" t="арестован"><g v="PRTS"></g><g v="perf"></g><g v="past"></g><g v="pssv"></g><g v="plur"></g></l></v></tfr></token><token id="149925" text="."><tfr rev_id="984746" t="."><v><l id="0" t="."><g v="PNCT"></g></l></v></tfr></token></tokens></sentence><sentence id="7799"><source>«С другой стороны, полиция пытается успокоить конфликтующие стороны путем переговоров и продолжит обеспечивать порядок в этом районе», — гласит официальный полицейский документ.</source><tokens><token id="149926" text="«"><tfr rev_id="2426917" t="«"><v><l id="0" t="«"><g v="PNCT"></g></l></v></tfr></token><token id="149927" text="С"><tfr rev_id="984748" t="С"><v><l id="311151" t="с"><g v="PREP"></g></l></v></tfr></token><token id="149928" text="другой"><tfr rev_id="3559915" t="другой"><v><l id="92342" t="другой"><g v="ADJF"></g><g v="Apro"></g><g v="Subx"></g><g v="femn"></g><g v="sing"></g><g v="gent"></g></l></v><v><l id="92342" t="другой"><g v="ADJF"></g><g v="Apro"></g><g v="Subx"></g><g v="femn"></g><g v="sing"></g><g v="datv"></g></l></v><v><l id="92342" t="другой"><g v="ADJF"></g><g v="Apro"></g><g v="Subx"></g><g v="femn"></g><g v="sing"></g><g v="ablt"></g></l></v><v><l id="92342" t="другой"><g v="ADJF"></g><g v="Apro"></g><g v="Subx"></g><g v="femn"></g><g v="sing"></g><g v="loct"></g></l></v></tfr></token><token id="149929" text="стороны"><tfr rev_id="2722072" t="стороны"><v><l id="336894" t="сторона"><g v="NOUN"></g><g v="inan"></g><g v="femn"></g><g v="sing"></g><g v="gent"></g></l></v></tfr></token><token id="149930" text=","><tfr rev_id="984751" t=","><v><l id="0" t=","><g v="PNCT"></g></l></v></tfr></token><token id="149931" text="полиция"><tfr rev_id="984752" t="полиция"><v><l id="255975" t="полиция"><g v="NOUN"></g><g v="inan"></g><g v="femn"></g><g v="sing"></g><g v="nomn"></g></l></v></tfr></token><token id="149932" text="пытается"><tfr rev_id="984753" t="пытается"><v><l id="290086" t="пытаюсь"><g v="VERB"></g><g v="impf"></g><g v="intr"></g><g v="sing"></g><g v="3per"></g><g v="pres"></g><g v="indc"></g></l></v></tfr></token><token id="149933" text="успокоить"><tfr rev_id="984754" t="успокоить"><v><l id="360870" t="успокоить"><g v="INFN"></g><g v="perf"></g><g v="tran"></g></l></v></tfr></token><token id="149934" text="конфликтующие"><tfr rev_id="984755" t="конфликтующие"><v><l id="138856" t="конфликтующий"><g v="PRTF"></g><g v="impf"></g><g v="intr"></g><g v="pres"></g><g v="actv"></g><g v="plur"></g><g v="nomn"></g></l></v><v><l id="138856" t="конфликтующий"><g v="PRTF"></g><g v="impf"></g><g v="intr"></g><g v="pres"></g><g v="actv"></g><g v="inan"></g><g v="plur"></g><g v="accs"></g></l></v></tfr></token><token id="149935" text="стороны"><tfr rev_id="3743561" t="стороны"><v><l id="336894" t="сторона"><g v="NOUN"></g><g v="inan"></g><g v="femn"></g><g v="plur"></g><g v="accs"></g></l></v></tfr></token><token id="149936" text="путем"><tfr rev_id="4406188" t="путем"><v><l id="289498" t="путём"><g v="PREP"></g></l></v></tfr></token><token id="149937" text="переговоров"><tfr rev_id="984758" t="переговоров"><v><l id="227793" t="переговоры"><g v="NOUN"></g><g v="inan"></g><g v="GNdr"></g><g v="Pltm"></g><g v="plur"></g><g v="gent"></g></l></v></tfr></token><token id="149938" text="и"><tfr rev_id="984759" t="и"><v><l id="116949" t="и"><g v="CONJ"></g></l></v><v><l id="116950" t="и"><g v="INTJ"></g></l></v></tfr></token><token id="149939" text="продолжит"><tfr rev_id="984760" t="продолжит"><v><l id="279233" t="продолжил"><g v="VERB"></g><g v="perf"></g><g v="tran"></g><g v="sing"></g><g v="3per"></g><g v="futr"></g><g v="indc"></g></l></v></tfr></token><token id="149940" text="обеспечивать"><tfr rev_id="984761" t="обеспечивать"><v><l id="194748" t="обеспечивать"><g v="INFN"></g><g v="impf"></g><g v="tran"></g></l></v></tfr></token><token id="149941" text="порядок"><tfr rev_id="984762" t="порядок"><v><l id="260978" t="порядок"><g v="NOUN"></g><g v="inan"></g><g v="masc"></g><g v="sing"></g><g v="nomn"></g></l></v><v><l id="260978" t="порядок"><g v="NOUN"></g><g v="inan"></g><g v="masc"></g><g v="sing"></g><g v="accs"></g></l></v></tfr></token><token id="149942" text="в"><tfr rev_id="984763" t="в"><v><l id="37409" t="в"><g v="PREP"></g></l></v></tfr></token><token id="149943" text="этом"><tfr rev_id="4486827" t="этом"><v><l id="386581" t="этот"><g v="ADJF"></g><g v="Subx"></g><g v="Apro"></g><g v="Anph"></g><g v="masc"></g><g v="sing"></g><g v="loct"></g></l></v></tfr></token><token id="149944" text="районе"><tfr rev_id="984765" t="районе"><v><l id="297595" t="район"><g v="NOUN"></g><g v="inan"></g><g v="masc"></g><g v="sing"></g><g v="loct"></g></l></v></tfr></token><token id="149945" text="»"><tfr rev_id="2426918" t="»"><v><l id="0" t="»"><g v="PNCT"></g></l></v></tfr></token><token id="149946" text=","><tfr rev_id="984767" t=","><v><l id="0" t=","><g v="PNCT"></g></l></v></tfr></token><token id="149947" text="—"><tfr rev_id="2426919" t="—"><v><l id="0" t="—"><g v="PNCT"></g></l></v></tfr></token><token id="149948" text="гласит"><tfr rev_id="984769" t="гласит"><v><l id="71110" t="глашу"><g v="VERB"></g><g v="impf"></g><g v="tran"></g><g v="sing"></g><g v="3per"></g><g v="pres"></g><g v="indc"></g></l></v></tfr></token><token id="149949" text="официальный"><tfr rev_id="984770" t="официальный"><v><l id="220939" t="официальный"><g v="ADJF"></g><g v="masc"></g><g v="sing"></g><g v="nomn"></g></l></v><v><l id="220939" t="официальный"><g v="ADJF"></g><g v="inan"></g><g v="masc"></g><g v="sing"></g><g v="accs"></g></l></v></tfr></token><token id="149950" text="полицейский"><tfr rev_id="4406900" t="полицейский"><v><l id="255965" t="полицейский"><g v="ADJF"></g><g v="masc"></g><g v="sing"></g><g v="nomn"></g></l></v></tfr></token><token id="149951" text="документ"><tfr rev_id="4211125" t="документ"><v><l id="87509" t="документ"><g v="NOUN"></g><g v="inan"></g><g v="masc"></g><g v="sing"></g><g v="nomn"></g></l></v></tfr></token><token id="149952" text="."><tfr rev_id="984773" t="."><v><l id="0" t="."><g v="PNCT"></g></l></v></tfr></token></tokens></sentence></paragraph><paragraph id="2473"><sentence id="7800"><source>Особенно любопытен факт, что в последнее время религиозные иудеи при нападении на нерелигиозных используют опасные химические вещества.</source><tokens><token id="149953" text="Особенно"><tfr rev_id="3426473" t="Особенно"><v><l id="210627" t="особенно"><g v="ADVB"></g></l></v><v><l id="210630" t="особен"><g v="ADJS"></g><g v="Qual"></g><g v="neut"></g><g v="sing"></g></l></v><v><l id="388746" t="особенно"><g v="PRCL"></g></l></v></tfr></token><token id="149954" text="любопытен"><tfr rev_id="984775" t="любопытен"><v><l id="152048" t="любопытен"><g v="ADJS"></g><g v="Qual"></g><g v="masc"></g><g v="sing"></g></l></v></tfr></token><token id="149955" text="факт"><tfr rev_id="984776" t="факт"><v><l id="364163" t="факт"><g v="NOUN"></g><g v="inan"></g><g v="masc"></g><g v="sing"></g><g v="nomn"></g></l></v><v><l id="364163" t="факт"><g v="NOUN"></g><g v="inan"></g><g v="masc"></g><g v="sing"></g><g v="accs"></g></l></v></tfr></token><token id="149956" text=","><tfr rev_id="984777" t=","><v><l id="0" t=","><g v="PNCT"></g></l></v></tfr></token><token id="149957" text="что"><tfr rev_id="2827866" t="что"><v><l id="377004" t="что"><g v="CONJ"></g></l></v></tfr></token><token id="149958" text="в"><tfr rev_id="984779" t="в"><v><l id="37409" t="в"><g v="PREP"></g></l></v></tfr></token><token id="149959" text="последнее"><tfr rev_id="2827867" t="последнее"><v><l id="261565" t="последний"><g v="ADJF"></g><g v="neut"></g><g v="sing"></g><g v="nomn"></g></l></v><v><l id="261565" t="последний"><g v="ADJF"></g><g v="neut"></g><g v="sing"></g><g v="accs"></g></l></v></tfr></token><token id="149960" text="время"><tfr rev_id="4102062" t="время"><v><l id="53149" t="время"><g v="NOUN"></g><g v="inan"></g><g v="neut"></g><g v="sing"></g><g v="accs"></g></l></v></tfr></token><token id="149961" text="религиозные"><tfr rev_id="3747792" t="религиозные"><v><l id="305978" t="религиозный"><g v="ADJF"></g><g v="plur"></g><g v="nomn"></g></l></v></tfr></token><token id="149962" text="иудеи"><tfr rev_id="984783" t="иудеи"><v><l id="127178" t="иудей"><g v="NOUN"></g><g v="anim"></g><g v="masc"></g><g v="plur"></g><g v="nomn"></g></l></v></tfr></token><token id="149963" text="при"><tfr rev_id="2601381" t="при"><v><l id="268625" t="при"><g v="PREP"></g></l></v></tfr></token><token id="149964" text="нападении"><tfr rev_id="984785" t="нападении"><v><l id="173117" t="нападение"><g v="NOUN"></g><g v="inan"></g><g v="neut"></g><g v="sing"></g><g v="loct"></g></l></v></tfr></token><token id="149965" text="на"><tfr rev_id="3475464" t="на"><v><l id="166264" t="на"><g v="PREP"></g></l></v></tfr></token><token id="149966" text="нерелигиозных"><tfr rev_id="3542425" t="нерелигиозных"><v><l id="187599" t="нерелигиозный"><g v="ADJF"></g><g v="anim"></g><g v="plur"></g><g v="accs"></g></l></v></tfr></token><token id="149967" text="используют"><tfr rev_id="984788" t="используют"><v><l id="125418" t="использовал"><g v="VERB"></g><g v="perf"></g><g v="tran"></g><g v="plur"></g><g v="3per"></g><g v="futr"></g><g v="indc"></g></l></v><v><l id="125419" t="использую"><g v="VERB"></g><g v="impf"></g><g v="tran"></g><g v="plur"></g><g v="3per"></g><g v="pres"></g><g v="indc"></g></l></v></tfr></token><token id="149968" text="опасные"><tfr rev_id="3756761" t="опасные"><v><l id="206861" t="опасный"><g v="ADJF"></g><g v="Qual"></g><g v="inan"></g><g v="plur"></g><g v="accs"></g></l></v></tfr></token><token id="149969" text="химические"><tfr rev_id="3758110" t="химические"><v><l id="370201" t="химический"><g v="ADJF"></g><g v="inan"></g><g v="plur"></g><g v="accs"></g></l></v></tfr></token><token id="149970" text="вещества"><tfr rev_id="3761734" t="вещества"><v><l id="42497" t="вещество"><g v="NOUN"></g><g v="inan"></g><g v="neut"></g><g v="plur"></g><g v="accs"></g></l></v></tfr></token><token id="149971" text="."><tfr rev_id="984792" t="."><v><l id="0" t="."><g v="PNCT"></g></l></v></tfr></token></tokens></sentence></paragraph></paragraphs></text>