<?xml version="1.0" encoding="utf-8"?><text id="1060" parent="56" name="Украина приступила к разработке радиолокатора нового поколения для истребителя МиГ-29"><tags><tag>url:http://ru.wikinews.org/w/index.php?title=Украина_приступила_к_разработке_радиолокатора_нового_поколения_для_истребителя_МиГ-29&amp;oldid=16225</tag><tag>Автор:http://ru.wikinews.org/wiki/Участник:Knyf</tag><tag>Дата:03/10</tag><tag>Тема:ВикиКатегория:Авиация России</tag><tag>Год:2008</tag></tags><paragraphs><paragraph id="10292"><sentence id="32332"><source>Компания «Фазотрон-Украина» приступила к разработке радиолокатора нового поколения для истребителя МиГ-29.</source><tokens><token id="578655" text="Компания"><tfr rev_id="1411731" t="Компания"><v><l id="137146" t="компания"><g v="NOUN"></g><g v="inan"></g><g v="femn"></g><g v="sing"></g><g v="nomn"></g></l></v></tfr></token><token id="578656" text="«"><tfr rev_id="2442767" t="«"><v><l id="0" t="«"><g v="PNCT"></g></l></v></tfr></token><token id="578657" text="Фазотрон"><tfr rev_id="1411733" t="Фазотрон"><v><l id="364098" t="фазотрон"><g v="NOUN"></g><g v="inan"></g><g v="masc"></g><g v="sing"></g><g v="nomn"></g></l></v><v><l id="364098" t="фазотрон"><g v="NOUN"></g><g v="inan"></g><g v="masc"></g><g v="sing"></g><g v="accs"></g></l></v></tfr></token><token id="578658" text="-"><tfr rev_id="1411734" t="-"><v><l id="0" t="-"><g v="PNCT"></g></l></v></tfr></token><token id="578659" text="Украина"><tfr rev_id="1411735" t="Украина"><v><l id="356365" t="украина"><g v="NOUN"></g><g v="inan"></g><g v="femn"></g><g v="Sgtm"></g><g v="Geox"></g><g v="sing"></g><g v="nomn"></g></l></v></tfr></token><token id="578660" text="»"><tfr rev_id="2442768" t="»"><v><l id="0" t="»"><g v="PNCT"></g></l></v></tfr></token><token id="578661" text="приступила"><tfr rev_id="1411737" t="приступила"><v><l id="274930" t="приступил"><g v="VERB"></g><g v="perf"></g><g v="intr"></g><g v="femn"></g><g v="sing"></g><g v="past"></g><g v="indc"></g></l></v></tfr></token><token id="578662" text="к"><tfr rev_id="1411738" t="к"><v><l id="127460" t="к"><g v="PREP"></g></l></v></tfr></token><token id="578663" text="разработке"><tfr rev_id="3550035" t="разработке"><v><l id="296485" t="разработка"><g v="NOUN"></g><g v="inan"></g><g v="femn"></g><g v="sing"></g><g v="datv"></g></l></v></tfr></token><token id="578664" text="радиолокатора"><tfr rev_id="1411740" t="радиолокатора"><v><l id="291055" t="радиолокатор"><g v="NOUN"></g><g v="inan"></g><g v="masc"></g><g v="sing"></g><g v="gent"></g></l></v></tfr></token><token id="578665" text="нового"><tfr rev_id="4309163" t="нового"><v><l id="191918" t="новый"><g v="ADJF"></g><g v="Qual"></g><g v="neut"></g><g v="sing"></g><g v="gent"></g></l></v></tfr></token><token id="578666" text="поколения"><tfr rev_id="3264013" t="поколения"><v><l id="254517" t="поколение"><g v="NOUN"></g><g v="inan"></g><g v="neut"></g><g v="sing"></g><g v="gent"></g></l></v></tfr></token><token id="578667" text="для"><tfr rev_id="3418327" t="для"><v><l id="85032" t="для"><g v="PREP"></g></l></v></tfr></token><token id="578668" text="истребителя"><tfr rev_id="4282344" t="истребителя"><v><l id="126545" t="истребитель"><g v="NOUN"></g><g v="inan"></g><g v="masc"></g><g v="sing"></g><g v="gent"></g></l></v></tfr></token><token id="578669" text="МиГ-29"><tfr rev_id="1411745" t="МиГ-29"><v><l id="0" t="МиГ-29"><g v="UNKN"></g></l></v></tfr></token><token id="578670" text="."><tfr rev_id="1411746" t="."><v><l id="0" t="."><g v="PNCT"></g></l></v></tfr></token></tokens></sentence><sentence id="32333"><source>Об этом сообщил ИТАР-ТАСС генеральный директор предприятия Сергей Гуменный.</source><tokens><token id="578671" text="Об"><tfr rev_id="2921195" t="Об"><v><l id="192977" t="о"><g v="PREP"></g><g v="Vpre"></g></l></v></tfr></token><token id="578672" text="этом"><tfr rev_id="4473881" t="этом"><v><l id="386575" t="это"><g v="NPRO"></g><g v="neut"></g><g v="sing"></g><g v="loct"></g></l></v></tfr></token><token id="578673" text="сообщил"><tfr rev_id="1411749" t="сообщил"><v><l id="329556" t="сообщил"><g v="VERB"></g><g v="perf"></g><g v="tran"></g><g v="masc"></g><g v="sing"></g><g v="past"></g><g v="indc"></g></l></v></tfr></token><token id="578674" text="ИТАР-ТАСС"><tfr rev_id="4558230" t="ИТАР-ТАСС"><v><l id="127107" t="итар-тасс"><g v="NOUN"></g><g v="inan"></g><g v="masc"></g><g v="Sgtm"></g><g v="Abbr"></g><g v="Orgn"></g><g v="sing"></g><g v="accs"></g></l></v><v><l id="127107" t="итар-тасс"><g v="NOUN"></g><g v="inan"></g><g v="masc"></g><g v="Sgtm"></g><g v="Abbr"></g><g v="Orgn"></g><g v="sing"></g><g v="nomn"></g></l></v></tfr></token><token id="578675" text="генеральный"><tfr rev_id="1411751" t="генеральный"><v><l id="68532" t="генеральный"><g v="ADJF"></g><g v="masc"></g><g v="sing"></g><g v="nomn"></g></l></v><v><l id="68532" t="генеральный"><g v="ADJF"></g><g v="inan"></g><g v="masc"></g><g v="sing"></g><g v="accs"></g></l></v></tfr></token><token id="578676" text="директор"><tfr rev_id="1411752" t="директор"><v><l id="84214" t="директор"><g v="NOUN"></g><g v="anim"></g><g v="masc"></g><g v="sing"></g><g v="nomn"></g></l></v></tfr></token><token id="578677" text="предприятия"><tfr rev_id="3445166" t="предприятия"><v><l id="266920" t="предприятие"><g v="NOUN"></g><g v="inan"></g><g v="neut"></g><g v="sing"></g><g v="gent"></g></l></v></tfr></token><token id="578678" text="Сергей"><tfr rev_id="1411754" t="Сергей"><v><l id="319056" t="сергей"><g v="NOUN"></g><g v="anim"></g><g v="masc"></g><g v="Name"></g><g v="sing"></g><g v="nomn"></g></l></v></tfr></token><token id="578679" text="Гуменный"><tfr rev_id="4504514" t="Гуменный"><v><l id="0" t="Гуменный"><g v="UNKN"></g></l></v></tfr></token><token id="578680" text="."><tfr rev_id="1411756" t="."><v><l id="0" t="."><g v="PNCT"></g></l></v></tfr></token></tokens></sentence><sentence id="32334"><source>По его словам, Станция, получившая обозначение Н-019-У2, будет иметь увеличенную дальность обнаружения и сопровождения до 10 воздушных целей.</source><tokens><token id="578681" text="По"><tfr rev_id="1411757" t="По"><v><l id="241240" t="по"><g v="PREP"></g></l></v></tfr></token><token id="578682" text="его"><tfr rev_id="4375603" t="его"><v><l id="94208" t="его"><g v="ADJF"></g><g v="Fixd"></g><g v="Apro"></g><g v="Anph"></g><g v="plur"></g><g v="nomn"></g></l></v><v><l id="94208" t="его"><g v="ADJF"></g><g v="Fixd"></g><g v="Apro"></g><g v="Anph"></g><g v="plur"></g><g v="gent"></g></l></v><v><l id="94208" t="его"><g v="ADJF"></g><g v="Fixd"></g><g v="Apro"></g><g v="Anph"></g><g v="plur"></g><g v="datv"></g></l></v><v><l id="94208" t="его"><g v="ADJF"></g><g v="Fixd"></g><g v="Apro"></g><g v="Anph"></g><g v="plur"></g><g v="accs"></g></l></v><v><l id="94208" t="его"><g v="ADJF"></g><g v="Fixd"></g><g v="Apro"></g><g v="Anph"></g><g v="plur"></g><g v="ablt"></g></l></v><v><l id="94208" t="его"><g v="ADJF"></g><g v="Fixd"></g><g v="Apro"></g><g v="Anph"></g><g v="plur"></g><g v="loct"></g></l></v></tfr></token><token id="578683" text="словам"><tfr rev_id="1411759" t="словам"><v><l id="325168" t="слово"><g v="NOUN"></g><g v="inan"></g><g v="neut"></g><g v="plur"></g><g v="datv"></g></l></v></tfr></token><token id="578684" text=","><tfr rev_id="1411760" t=","><v><l id="0" t=","><g v="PNCT"></g></l></v></tfr></token><token id="578685" text="Станция"><tfr rev_id="1411761" t="Станция"><v><l id="334704" t="станция"><g v="NOUN"></g><g v="inan"></g><g v="femn"></g><g v="sing"></g><g v="nomn"></g></l></v></tfr></token><token id="578686" text=","><tfr rev_id="1411762" t=","><v><l id="0" t=","><g v="PNCT"></g></l></v></tfr></token><token id="578687" text="получившая"><tfr rev_id="1411763" t="получившая"><v><l id="256961" t="получивший"><g v="PRTF"></g><g v="perf"></g><g v="tran"></g><g v="past"></g><g v="actv"></g><g v="femn"></g><g v="sing"></g><g v="nomn"></g></l></v></tfr></token><token id="578688" text="обозначение"><tfr rev_id="1411764" t="обозначение"><v><l id="198261" t="обозначение"><g v="NOUN"></g><g v="inan"></g><g v="neut"></g><g v="sing"></g><g v="nomn"></g></l></v><v><l id="198261" t="обозначение"><g v="NOUN"></g><g v="inan"></g><g v="neut"></g><g v="sing"></g><g v="accs"></g></l></v></tfr></token><token id="578689" text="Н-019-У2"><tfr rev_id="1411765" t="Н-019-У2"><v><l id="0" t="Н-019-У2"><g v="UNKN"></g></l></v></tfr></token><token id="578690" text=","><tfr rev_id="1411766" t=","><v><l id="0" t=","><g v="PNCT"></g></l></v></tfr></token><token id="578691" text="будет"><tfr rev_id="1411767" t="будет"><v><l id="37265" t="есть"><g v="VERB"></g><g v="impf"></g><g v="intr"></g><g v="sing"></g><g v="3per"></g><g v="futr"></g><g v="indc"></g></l></v></tfr></token><token id="578692" text="иметь"><tfr rev_id="1411768" t="иметь"><v><l id="121611" t="иметь"><g v="INFN"></g><g v="impf"></g><g v="tran"></g></l></v></tfr></token><token id="578693" text="увеличенную"><tfr rev_id="1411769" t="увеличенную"><v><l id="353399" t="увеличенный"><g v="PRTF"></g><g v="perf"></g><g v="tran"></g><g v="past"></g><g v="pssv"></g><g v="femn"></g><g v="sing"></g><g v="accs"></g></l></v></tfr></token><token id="578694" text="дальность"><tfr rev_id="3689236" t="дальность"><v><l id="78037" t="дальность"><g v="NOUN"></g><g v="inan"></g><g v="femn"></g><g v="sing"></g><g v="accs"></g></l></v></tfr></token><token id="578695" text="обнаружения"><tfr rev_id="2963892" t="обнаружения"><v><l id="197764" t="обнаружение"><g v="NOUN"></g><g v="inan"></g><g v="neut"></g><g v="sing"></g><g v="gent"></g></l></v></tfr></token><token id="578696" text="и"><tfr rev_id="3557756" t="и"><v><l id="116949" t="и"><g v="CONJ"></g></l></v></tfr></token><token id="578697" text="сопровождения"><tfr rev_id="3470130" t="сопровождения"><v><l id="329892" t="сопровождение"><g v="NOUN"></g><g v="inan"></g><g v="neut"></g><g v="sing"></g><g v="gent"></g></l></v></tfr></token><token id="578698" text="до"><tfr rev_id="1411774" t="до"><v><l id="85153" t="до"><g v="PREP"></g></l></v></tfr></token><token id="578699" text="10"><tfr rev_id="2461262" t="10"><v><l id="0" t="10"><g v="NUMB"></g></l></v></tfr></token><token id="578700" text="воздушных"><tfr rev_id="4408140" t="воздушных"><v><l id="49213" t="воздушный"><g v="ADJF"></g><g v="Qual"></g><g v="plur"></g><g v="gent"></g></l></v></tfr></token><token id="578701" text="целей"><tfr rev_id="4224169" t="целей"><v><l id="373216" t="цель"><g v="NOUN"></g><g v="inan"></g><g v="femn"></g><g v="plur"></g><g v="gent"></g></l></v></tfr></token><token id="578702" text="."><tfr rev_id="1411778" t="."><v><l id="0" t="."><g v="PNCT"></g></l></v></tfr></token></tokens></sentence><sentence id="32336"><source>Она сможет различать объекты не только в воздушном пространстве, но и на поверхности в режиме радиолокационного картографирования, обнаруживать, сопровождать и атаковать наземные и надводные цели.</source><tokens><token id="578703" text="Она"><tfr rev_id="3586442" t="Она"><v><l id="206544" t="она"><g v="NPRO"></g><g v="femn"></g><g v="3per"></g><g v="Anph"></g><g v="sing"></g><g v="nomn"></g></l></v></tfr></token><token id="578704" text="сможет"><tfr rev_id="1411780" t="сможет"><v><l id="326830" t="смог"><g v="VERB"></g><g v="perf"></g><g v="intr"></g><g v="sing"></g><g v="3per"></g><g v="futr"></g><g v="indc"></g></l></v></tfr></token><token id="578705" text="различать"><tfr rev_id="1411781" t="различать"><v><l id="294520" t="различать"><g v="INFN"></g><g v="impf"></g><g v="tran"></g></l></v></tfr></token><token id="578706" text="объекты"><tfr rev_id="2757094" t="объекты"><v><l id="201809" t="объект"><g v="NOUN"></g><g v="inan"></g><g v="masc"></g><g v="plur"></g><g v="accs"></g></l></v></tfr></token><token id="578707" text="не"><tfr rev_id="1411783" t="не"><v><l id="178876" t="не"><g v="PRCL"></g></l></v></tfr></token><token id="578708" text="только"><tfr rev_id="3784029" t="только"><v><l id="347395" t="только"><g v="CONJ"></g></l></v><v><l id="347396" t="только"><g v="PRCL"></g></l></v><v><l id="390053" t="только"><g v="ADVB"></g></l></v></tfr></token><token id="578709" text="в"><tfr rev_id="1411785" t="в"><v><l id="37409" t="в"><g v="PREP"></g></l></v></tfr></token><token id="578710" text="воздушном"><tfr rev_id="3302304" t="воздушном"><v><l id="49213" t="воздушный"><g v="ADJF"></g><g v="Qual"></g><g v="neut"></g><g v="sing"></g><g v="loct"></g></l></v></tfr></token><token id="578711" text="пространстве"><tfr rev_id="1411787" t="пространстве"><v><l id="285122" t="пространство"><g v="NOUN"></g><g v="inan"></g><g v="neut"></g><g v="sing"></g><g v="loct"></g></l></v></tfr></token><token id="578712" text=","><tfr rev_id="1411788" t=","><v><l id="0" t=","><g v="PNCT"></g></l></v></tfr></token><token id="578713" text="но"><tfr rev_id="3558489" t="но"><v><l id="191429" t="но"><g v="CONJ"></g></l></v></tfr></token><token id="578714" text="и"><tfr rev_id="1411790" t="и"><v><l id="116949" t="и"><g v="CONJ"></g></l></v><v><l id="116950" t="и"><g v="INTJ"></g></l></v></tfr></token><token id="578715" text="на"><tfr rev_id="3395587" t="на"><v><l id="166264" t="на"><g v="PREP"></g></l></v></tfr></token><token id="578716" text="поверхности"><tfr rev_id="4262019" t="поверхности"><v><l id="242247" t="поверхность"><g v="NOUN"></g><g v="inan"></g><g v="femn"></g><g v="sing"></g><g v="loct"></g></l></v></tfr></token><token id="578717" text="в"><tfr rev_id="1411793" t="в"><v><l id="37409" t="в"><g v="PREP"></g></l></v></tfr></token><token id="578718" text="режиме"><tfr rev_id="1411794" t="режиме"><v><l id="305124" t="режим"><g v="NOUN"></g><g v="inan"></g><g v="masc"></g><g v="sing"></g><g v="loct"></g></l></v></tfr></token><token id="578719" text="радиолокационного"><tfr rev_id="4204855" t="радиолокационного"><v><l id="291057" t="радиолокационный"><g v="ADJF"></g><g v="neut"></g><g v="sing"></g><g v="gent"></g></l></v></tfr></token><token id="578720" text="картографирования"><tfr rev_id="3488184" t="картографирования"><v><l id="130787" t="картографирование"><g v="NOUN"></g><g v="inan"></g><g v="neut"></g><g v="sing"></g><g v="gent"></g></l></v></tfr></token><token id="578721" text=","><tfr rev_id="1411797" t=","><v><l id="0" t=","><g v="PNCT"></g></l></v></tfr></token><token id="578722" text="обнаруживать"><tfr rev_id="1411798" t="обнаруживать"><v><l id="197766" t="обнаруживать"><g v="INFN"></g><g v="impf"></g><g v="tran"></g></l></v></tfr></token><token id="578723" text=","><tfr rev_id="1411799" t=","><v><l id="0" t=","><g v="PNCT"></g></l></v></tfr></token><token id="578724" text="сопровождать"><tfr rev_id="1411800" t="сопровождать"><v><l id="329881" t="сопровождать"><g v="INFN"></g><g v="impf"></g><g v="tran"></g></l></v></tfr></token><token id="578725" text="и"><tfr rev_id="1411801" t="и"><v><l id="116949" t="и"><g v="CONJ"></g></l></v><v><l id="116950" t="и"><g v="INTJ"></g></l></v></tfr></token><token id="578726" text="атаковать"><tfr rev_id="1411802" t="атаковать"><v><l id="19322" t="атаковать"><g v="INFN"></g><g v="perf"></g><g v="tran"></g></l></v><v><l id="19323" t="атаковать"><g v="INFN"></g><g v="impf"></g><g v="tran"></g></l></v></tfr></token><token id="578727" text="наземные"><tfr rev_id="3817079" t="наземные"><v><l id="170372" t="наземный"><g v="ADJF"></g><g v="Qual"></g><g v="inan"></g><g v="plur"></g><g v="accs"></g></l></v></tfr></token><token id="578728" text="и"><tfr rev_id="1411804" t="и"><v><l id="116949" t="и"><g v="CONJ"></g></l></v><v><l id="116950" t="и"><g v="INTJ"></g></l></v></tfr></token><token id="578729" text="надводные"><tfr rev_id="3793532" t="надводные"><v><l id="168571" t="надводный"><g v="ADJF"></g><g v="Qual"></g><g v="inan"></g><g v="plur"></g><g v="accs"></g></l></v></tfr></token><token id="578730" text="цели"><tfr rev_id="3800637" t="цели"><v><l id="373216" t="цель"><g v="NOUN"></g><g v="inan"></g><g v="femn"></g><g v="plur"></g><g v="accs"></g></l></v></tfr></token><token id="578731" text="."><tfr rev_id="1411807" t="."><v><l id="0" t="."><g v="PNCT"></g></l></v></tfr></token></tokens></sentence></paragraph></paragraphs></text>