<?xml version="1.0" encoding="utf-8"?><text id="1063" parent="226" name="22432 В США обсуждается военный вариант свержения режима Каддафи"><tags><tag>url:http://www.chaskor.ru/news/v_ssha_obsuzhdaetsya_voennyj_variant_sverzheniya_rezhima_kaddafi_22432</tag><tag>Год:2011</tag><tag>Дата:01/03</tag><tag>Тема:ЧасКор:В мире</tag><tag>Тема:ЧасКор:В мире/Мировые проблемы</tag></tags><paragraphs><paragraph id="10301"><sentence id="32356"><source>В США обсуждается военный вариант свержения режима Каддафи</source><tokens><token id="579188" text="В"><tfr rev_id="1412264" t="В"><v><l id="37409" t="в"><g v="PREP"></g></l></v></tfr></token><token id="579189" text="США"><tfr rev_id="3811351" t="США"><v><l id="341371" t="сша"><g v="NOUN"></g><g v="inan"></g><g v="GNdr"></g><g v="Pltm"></g><g v="Fixd"></g><g v="Abbr"></g><g v="Geox"></g><g v="plur"></g><g v="loct"></g></l></v></tfr></token><token id="579190" text="обсуждается"><tfr rev_id="1412266" t="обсуждается"><v><l id="200175" t="обсуждаюсь"><g v="VERB"></g><g v="impf"></g><g v="intr"></g><g v="sing"></g><g v="3per"></g><g v="pres"></g><g v="indc"></g></l></v></tfr></token><token id="579191" text="военный"><tfr rev_id="4493853" t="военный"><v><l id="48619" t="военный"><g v="ADJF"></g><g v="masc"></g><g v="sing"></g><g v="nomn"></g></l></v></tfr></token><token id="579192" text="вариант"><tfr rev_id="1717435" t="вариант"><v><l id="38767" t="вариант"><g v="NOUN"></g><g v="inan"></g><g v="masc"></g><g v="sing"></g><g v="nomn"></g></l></v><v><l id="38767" t="вариант"><g v="NOUN"></g><g v="inan"></g><g v="masc"></g><g v="sing"></g><g v="accs"></g></l></v></tfr></token><token id="579193" text="свержения"><tfr rev_id="3440199" t="свержения"><v><l id="315026" t="свержение"><g v="NOUN"></g><g v="inan"></g><g v="neut"></g><g v="sing"></g><g v="gent"></g></l></v></tfr></token><token id="579194" text="режима"><tfr rev_id="1412270" t="режима"><v><l id="305124" t="режим"><g v="NOUN"></g><g v="inan"></g><g v="masc"></g><g v="sing"></g><g v="gent"></g></l></v></tfr></token><token id="579195" text="Каддафи"><tfr rev_id="4327226" t="Каддафи"><v><l id="388626" t="каддафи"><g v="NOUN"></g><g v="anim"></g><g v="ms-f"></g><g v="Fixd"></g><g v="Surn"></g><g v="sing"></g><g v="gent"></g></l></v></tfr></token></tokens></sentence><sentence id="32357"><source>Сам ливийский лидер уверен, что его люди готовы умереть за него.</source><tokens><token id="579196" text="Сам"><tfr rev_id="1412272" t="Сам"><v><l id="312034" t="сам"><g v="ADJF"></g><g v="Apro"></g><g v="masc"></g><g v="sing"></g><g v="nomn"></g></l></v><v><l id="312034" t="сам"><g v="ADJF"></g><g v="Apro"></g><g v="inan"></g><g v="masc"></g><g v="sing"></g><g v="accs"></g></l></v></tfr></token><token id="579197" text="ливийский"><tfr rev_id="1412273" t="ливийский"><v><l id="148956" t="ливийский"><g v="ADJF"></g><g v="masc"></g><g v="sing"></g><g v="nomn"></g></l></v><v><l id="148956" t="ливийский"><g v="ADJF"></g><g v="inan"></g><g v="masc"></g><g v="sing"></g><g v="accs"></g></l></v></tfr></token><token id="579198" text="лидер"><tfr rev_id="1412274" t="лидер"><v><l id="149007" t="лидер"><g v="NOUN"></g><g v="anim"></g><g v="masc"></g><g v="sing"></g><g v="nomn"></g></l></v></tfr></token><token id="579199" text="уверен"><tfr rev_id="1412275" t="уверен"><v><l id="353438" t="уверен"><g v="ADJS"></g><g v="Qual"></g><g v="masc"></g><g v="sing"></g></l></v><v><l id="353446" t="уверен"><g v="PRTS"></g><g v="perf"></g><g v="past"></g><g v="pssv"></g><g v="masc"></g><g v="sing"></g></l></v></tfr></token><token id="579200" text=","><tfr rev_id="1412276" t=","><v><l id="0" t=","><g v="PNCT"></g></l></v></tfr></token><token id="579201" text="что"><tfr rev_id="4204096" t="что"><v><l id="377004" t="что"><g v="CONJ"></g></l></v></tfr></token><token id="579202" text="его"><tfr rev_id="4102991" t="его"><v><l id="94208" t="его"><g v="ADJF"></g><g v="Fixd"></g><g v="Apro"></g><g v="Anph"></g><g v="plur"></g><g v="nomn"></g></l></v><v><l id="94208" t="его"><g v="ADJF"></g><g v="Fixd"></g><g v="Apro"></g><g v="Anph"></g><g v="plur"></g><g v="gent"></g></l></v><v><l id="94208" t="его"><g v="ADJF"></g><g v="Fixd"></g><g v="Apro"></g><g v="Anph"></g><g v="plur"></g><g v="datv"></g></l></v><v><l id="94208" t="его"><g v="ADJF"></g><g v="Fixd"></g><g v="Apro"></g><g v="Anph"></g><g v="plur"></g><g v="accs"></g></l></v><v><l id="94208" t="его"><g v="ADJF"></g><g v="Fixd"></g><g v="Apro"></g><g v="Anph"></g><g v="plur"></g><g v="ablt"></g></l></v><v><l id="94208" t="его"><g v="ADJF"></g><g v="Fixd"></g><g v="Apro"></g><g v="Anph"></g><g v="plur"></g><g v="loct"></g></l></v></tfr></token><token id="579203" text="люди"><tfr rev_id="1412279" t="люди"><v><l id="375073" t="человек"><g v="NOUN"></g><g v="anim"></g><g v="masc"></g><g v="plur"></g><g v="nomn"></g></l></v></tfr></token><token id="579204" text="готовы"><tfr rev_id="1412280" t="готовы"><v><l id="74227" t="готов"><g v="ADJS"></g><g v="Qual"></g><g v="plur"></g></l></v></tfr></token><token id="579205" text="умереть"><tfr rev_id="1412281" t="умереть"><v><l id="357521" t="умереть"><g v="INFN"></g><g v="perf"></g><g v="intr"></g></l></v></tfr></token><token id="579206" text="за"><tfr rev_id="1412282" t="за"><v><l id="98043" t="за"><g v="PREP"></g></l></v></tfr></token><token id="579207" text="него"><tfr rev_id="4528170" t="него"><v><l id="206541" t="он"><g v="NPRO"></g><g v="masc"></g><g v="3per"></g><g v="Anph"></g><g v="sing"></g><g v="accs"></g><g v="Af-p"></g></l></v><v><l id="206649" t="оно"><g v="NPRO"></g><g v="neut"></g><g v="3per"></g><g v="Anph"></g><g v="sing"></g><g v="accs"></g><g v="Af-p"></g></l></v></tfr></token><token id="579208" text="."><tfr rev_id="1412284" t="."><v><l id="0" t="."><g v="PNCT"></g></l></v></tfr></token></tokens></sentence></paragraph><paragraph id="10302"><sentence id="32358"><source>Посол США в Организации Объединённых Наций Сьюзан Райс заявила о том, что в данный момент Вашингтон и НАТО обсуждают возможность военного решения вопроса свержения режима Муамара Каддафи, сообщает РБК.</source><tokens><token id="579209" text="Посол"><tfr rev_id="4328468" t="Посол"><v><l id="261868" t="посол"><g v="NOUN"></g><g v="anim"></g><g v="masc"></g><g v="sing"></g><g v="nomn"></g></l></v></tfr></token><token id="579210" text="США"><tfr rev_id="4285550" t="США"><v><l id="341371" t="сша"><g v="NOUN"></g><g v="inan"></g><g v="GNdr"></g><g v="Pltm"></g><g v="Fixd"></g><g v="Abbr"></g><g v="Geox"></g><g v="plur"></g><g v="gent"></g></l></v></tfr></token><token id="579211" text="в"><tfr rev_id="1412287" t="в"><v><l id="37409" t="в"><g v="PREP"></g></l></v></tfr></token><token id="579212" text="Организации"><tfr rev_id="3557533" t="Организации"><v><l id="208750" t="организация"><g v="NOUN"></g><g v="inan"></g><g v="femn"></g><g v="sing"></g><g v="loct"></g></l></v></tfr></token><token id="579213" text="Объединённых"><tfr rev_id="1412289" t="Объединённых"><v><l id="201759" t="объединённый"><g v="PRTF"></g><g v="perf"></g><g v="tran"></g><g v="past"></g><g v="pssv"></g><g v="plur"></g><g v="gent"></g></l></v><v><l id="201759" t="объединённый"><g v="PRTF"></g><g v="perf"></g><g v="tran"></g><g v="past"></g><g v="pssv"></g><g v="anim"></g><g v="plur"></g><g v="accs"></g></l></v><v><l id="201759" t="объединённый"><g v="PRTF"></g><g v="perf"></g><g v="tran"></g><g v="past"></g><g v="pssv"></g><g v="plur"></g><g v="loct"></g></l></v></tfr></token><token id="579214" text="Наций"><tfr rev_id="1412290" t="Наций"><v><l id="178157" t="нация"><g v="NOUN"></g><g v="inan"></g><g v="femn"></g><g v="plur"></g><g v="gent"></g></l></v></tfr></token><token id="579215" text="Сьюзан"><tfr rev_id="4307595" t="Сьюзан"><v><l id="390316" t="сьюзан"><g v="NOUN"></g><g v="anim"></g><g v="femn"></g><g v="Sgtm"></g><g v="Fixd"></g><g v="Name"></g><g v="sing"></g><g v="ablt"></g></l></v><v><l id="390316" t="сьюзан"><g v="NOUN"></g><g v="anim"></g><g v="femn"></g><g v="Sgtm"></g><g v="Fixd"></g><g v="Name"></g><g v="sing"></g><g v="accs"></g></l></v><v><l id="390316" t="сьюзан"><g v="NOUN"></g><g v="anim"></g><g v="femn"></g><g v="Sgtm"></g><g v="Fixd"></g><g v="Name"></g><g v="sing"></g><g v="datv"></g></l></v><v><l id="390316" t="сьюзан"><g v="NOUN"></g><g v="anim"></g><g v="femn"></g><g v="Sgtm"></g><g v="Fixd"></g><g v="Name"></g><g v="sing"></g><g v="gent"></g></l></v><v><l id="390316" t="сьюзан"><g v="NOUN"></g><g v="anim"></g><g v="femn"></g><g v="Sgtm"></g><g v="Fixd"></g><g v="Name"></g><g v="sing"></g><g v="loct"></g></l></v><v><l id="390316" t="сьюзан"><g v="NOUN"></g><g v="anim"></g><g v="femn"></g><g v="Sgtm"></g><g v="Fixd"></g><g v="Name"></g><g v="sing"></g><g v="nomn"></g></l></v></tfr></token><token id="579216" text="Райс"><tfr rev_id="1412292" t="Райс"><v><l id="0" t="райс"><g v="UNKN"></g></l></v></tfr></token><token id="579217" text="заявила"><tfr rev_id="1412293" t="заявила"><v><l id="114300" t="заявил"><g v="VERB"></g><g v="perf"></g><g v="tran"></g><g v="femn"></g><g v="sing"></g><g v="past"></g><g v="indc"></g></l></v></tfr></token><token id="579218" text="о"><tfr rev_id="3302031" t="о"><v><l id="192977" t="о"><g v="PREP"></g></l></v></tfr></token><token id="579219" text="том"><tfr rev_id="4395584" t="том"><v><l id="348430" t="тот"><g v="ADJF"></g><g v="Subx"></g><g v="Apro"></g><g v="Anph"></g><g v="neut"></g><g v="sing"></g><g v="loct"></g></l></v></tfr></token><token id="579220" text=","><tfr rev_id="1412296" t=","><v><l id="0" t=","><g v="PNCT"></g></l></v></tfr></token><token id="579221" text="что"><tfr rev_id="3196604" t="что"><v><l id="377004" t="что"><g v="CONJ"></g></l></v><v><l id="377005" t="что"><g v="NPRO"></g><g v="neut"></g><g v="sing"></g><g v="nomn"></g></l></v><v><l id="377005" t="что"><g v="NPRO"></g><g v="neut"></g><g v="sing"></g><g v="accs"></g></l></v><v><l id="377006" t="что"><g v="ADVB"></g><g v="Ques"></g></l></v><v><l id="388695" t="что"><g v="PRCL"></g></l></v></tfr></token><token id="579222" text="в"><tfr rev_id="1412298" t="в"><v><l id="37409" t="в"><g v="PREP"></g></l></v></tfr></token><token id="579223" text="данный"><tfr rev_id="3662520" t="данный"><v><l id="78303" t="данный"><g v="ADJF"></g><g v="Apro"></g><g v="masc"></g><g v="sing"></g><g v="nomn"></g></l></v><v><l id="78303" t="данный"><g v="ADJF"></g><g v="Apro"></g><g v="inan"></g><g v="masc"></g><g v="sing"></g><g v="accs"></g></l></v><v><l id="78549" t="данный"><g v="PRTF"></g><g v="perf"></g><g v="tran"></g><g v="past"></g><g v="pssv"></g><g v="masc"></g><g v="sing"></g><g v="nomn"></g></l></v><v><l id="78549" t="данный"><g v="PRTF"></g><g v="perf"></g><g v="tran"></g><g v="past"></g><g v="pssv"></g><g v="inan"></g><g v="masc"></g><g v="sing"></g><g v="accs"></g></l></v></tfr></token><token id="579224" text="момент"><tfr rev_id="1412300" t="момент"><v><l id="163050" t="момент"><g v="NOUN"></g><g v="inan"></g><g v="masc"></g><g v="sing"></g><g v="nomn"></g></l></v><v><l id="163050" t="момент"><g v="NOUN"></g><g v="inan"></g><g v="masc"></g><g v="sing"></g><g v="accs"></g></l></v></tfr></token><token id="579225" text="Вашингтон"><tfr rev_id="3458092" t="Вашингтон"><v><l id="39406" t="вашингтон"><g v="NOUN"></g><g v="inan"></g><g v="masc"></g><g v="Geox"></g><g v="sing"></g><g v="nomn"></g></l></v></tfr></token><token id="579226" text="и"><tfr rev_id="1412302" t="и"><v><l id="116949" t="и"><g v="CONJ"></g></l></v><v><l id="116950" t="и"><g v="INTJ"></g></l></v></tfr></token><token id="579227" text="НАТО"><tfr rev_id="3691648" t="НАТО"><v><l id="176969" t="нато"><g v="NOUN"></g><g v="inan"></g><g v="femn"></g><g v="Sgtm"></g><g v="Fixd"></g><g v="Abbr"></g><g v="Orgn"></g><g v="sing"></g><g v="nomn"></g></l></v></tfr></token><token id="579228" text="обсуждают"><tfr rev_id="1412304" t="обсуждают"><v><l id="200168" t="обсуждаю"><g v="VERB"></g><g v="impf"></g><g v="tran"></g><g v="plur"></g><g v="3per"></g><g v="pres"></g><g v="indc"></g></l></v></tfr></token><token id="579229" text="возможность"><tfr rev_id="1412305" t="возможность"><v><l id="49410" t="возможность"><g v="NOUN"></g><g v="inan"></g><g v="femn"></g><g v="sing"></g><g v="nomn"></g></l></v><v><l id="49410" t="возможность"><g v="NOUN"></g><g v="inan"></g><g v="femn"></g><g v="sing"></g><g v="accs"></g></l></v></tfr></token><token id="579230" text="военного"><tfr rev_id="4493900" t="военного"><v><l id="48619" t="военный"><g v="ADJF"></g><g v="neut"></g><g v="sing"></g><g v="gent"></g></l></v></tfr></token><token id="579231" text="решения"><tfr rev_id="3439633" t="решения"><v><l id="307350" t="решение"><g v="NOUN"></g><g v="inan"></g><g v="neut"></g><g v="sing"></g><g v="gent"></g></l></v></tfr></token><token id="579232" text="вопроса"><tfr rev_id="1412308" t="вопроса"><v><l id="50830" t="вопрос"><g v="NOUN"></g><g v="inan"></g><g v="masc"></g><g v="sing"></g><g v="gent"></g></l></v></tfr></token><token id="579233" text="свержения"><tfr rev_id="3491105" t="свержения"><v><l id="315026" t="свержение"><g v="NOUN"></g><g v="inan"></g><g v="neut"></g><g v="sing"></g><g v="gent"></g></l></v></tfr></token><token id="579234" text="режима"><tfr rev_id="1412310" t="режима"><v><l id="305124" t="режим"><g v="NOUN"></g><g v="inan"></g><g v="masc"></g><g v="sing"></g><g v="gent"></g></l></v></tfr></token><token id="579235" text="Муамара"><tfr rev_id="4386217" t="Муамара"><v><l id="164630" t="муамар"><g v="NOUN"></g><g v="anim"></g><g v="masc"></g><g v="Name"></g><g v="sing"></g><g v="gent"></g></l></v></tfr></token><token id="579236" text="Каддафи"><tfr rev_id="4327227" t="Каддафи"><v><l id="388626" t="каддафи"><g v="NOUN"></g><g v="anim"></g><g v="ms-f"></g><g v="Fixd"></g><g v="Surn"></g><g v="sing"></g><g v="nomn"></g></l></v><v><l id="388626" t="каддафи"><g v="NOUN"></g><g v="anim"></g><g v="ms-f"></g><g v="Fixd"></g><g v="Surn"></g><g v="sing"></g><g v="gent"></g></l></v><v><l id="388626" t="каддафи"><g v="NOUN"></g><g v="anim"></g><g v="ms-f"></g><g v="Fixd"></g><g v="Surn"></g><g v="sing"></g><g v="datv"></g></l></v><v><l id="388626" t="каддафи"><g v="NOUN"></g><g v="anim"></g><g v="ms-f"></g><g v="Fixd"></g><g v="Surn"></g><g v="sing"></g><g v="accs"></g></l></v><v><l id="388626" t="каддафи"><g v="NOUN"></g><g v="anim"></g><g v="ms-f"></g><g v="Fixd"></g><g v="Surn"></g><g v="sing"></g><g v="ablt"></g></l></v><v><l id="388626" t="каддафи"><g v="NOUN"></g><g v="anim"></g><g v="ms-f"></g><g v="Fixd"></g><g v="Surn"></g><g v="sing"></g><g v="loct"></g></l></v></tfr></token><token id="579237" text=","><tfr rev_id="1412313" t=","><v><l id="0" t=","><g v="PNCT"></g></l></v></tfr></token><token id="579238" text="сообщает"><tfr rev_id="1412314" t="сообщает"><v><l id="329538" t="сообщаю"><g v="VERB"></g><g v="impf"></g><g v="tran"></g><g v="sing"></g><g v="3per"></g><g v="pres"></g><g v="indc"></g></l></v></tfr></token><token id="579239" text="РБК"><tfr rev_id="4573781" t="РБК"><v><l id="389058" t="рбк"><g v="NOUN"></g><g v="inan"></g><g v="femn"></g><g v="Sgtm"></g><g v="Fixd"></g><g v="Abbr"></g><g v="Orgn"></g><g v="sing"></g><g v="nomn"></g></l></v></tfr></token><token id="579240" text="."><tfr rev_id="1412316" t="."><v><l id="0" t="."><g v="PNCT"></g></l></v></tfr></token></tokens></sentence><sentence id="32359"><source>Райс также рассказала, что подобные переговоры США ведут и с другими союзниками.</source><tokens><token id="579241" text="Райс"><tfr rev_id="1412317" t="Райс"><v><l id="0" t="райс"><g v="UNKN"></g></l></v></tfr></token><token id="579242" text="также"><tfr rev_id="4267685" t="также"><v><l id="342482" t="также"><g v="PRCL"></g></l></v></tfr></token><token id="579243" text="рассказала"><tfr rev_id="1412319" t="рассказала"><v><l id="300965" t="рассказал"><g v="VERB"></g><g v="perf"></g><g v="tran"></g><g v="femn"></g><g v="sing"></g><g v="past"></g><g v="indc"></g></l></v></tfr></token><token id="579244" text=","><tfr rev_id="1412320" t=","><v><l id="0" t=","><g v="PNCT"></g></l></v></tfr></token><token id="579245" text="что"><tfr rev_id="3196605" t="что"><v><l id="377004" t="что"><g v="CONJ"></g></l></v><v><l id="377005" t="что"><g v="NPRO"></g><g v="neut"></g><g v="sing"></g><g v="nomn"></g></l></v><v><l id="377005" t="что"><g v="NPRO"></g><g v="neut"></g><g v="sing"></g><g v="accs"></g></l></v><v><l id="377006" t="что"><g v="ADVB"></g><g v="Ques"></g></l></v><v><l id="388695" t="что"><g v="PRCL"></g></l></v></tfr></token><token id="579246" text="подобные"><tfr rev_id="3794471" t="подобные"><v><l id="248293" t="подобный"><g v="ADJF"></g><g v="Subx"></g><g v="Qual"></g><g v="inan"></g><g v="plur"></g><g v="accs"></g></l></v></tfr></token><token id="579247" text="переговоры"><tfr rev_id="3728353" t="переговоры"><v><l id="227793" t="переговоры"><g v="NOUN"></g><g v="inan"></g><g v="GNdr"></g><g v="Pltm"></g><g v="plur"></g><g v="accs"></g></l></v></tfr></token><token id="579248" text="США"><tfr rev_id="3811353" t="США"><v><l id="341371" t="сша"><g v="NOUN"></g><g v="inan"></g><g v="GNdr"></g><g v="Pltm"></g><g v="Fixd"></g><g v="Abbr"></g><g v="Geox"></g><g v="plur"></g><g v="nomn"></g></l></v></tfr></token><token id="579249" text="ведут"><tfr rev_id="1412325" t="ведут"><v><l id="42110" t="веду"><g v="VERB"></g><g v="impf"></g><g v="tran"></g><g v="plur"></g><g v="3per"></g><g v="pres"></g><g v="indc"></g></l></v></tfr></token><token id="579250" text="и"><tfr rev_id="3671853" t="и"><v><l id="116949" t="и"><g v="CONJ"></g></l></v></tfr></token><token id="579251" text="с"><tfr rev_id="1412327" t="с"><v><l id="311151" t="с"><g v="PREP"></g></l></v></tfr></token><token id="579252" text="другими"><tfr rev_id="3562718" t="другими"><v><l id="92342" t="другой"><g v="ADJF"></g><g v="Apro"></g><g v="Subx"></g><g v="plur"></g><g v="ablt"></g></l></v></tfr></token><token id="579253" text="союзниками"><tfr rev_id="1412329" t="союзниками"><v><l id="331347" t="союзник"><g v="NOUN"></g><g v="anim"></g><g v="masc"></g><g v="plur"></g><g v="ablt"></g></l></v></tfr></token><token id="579254" text="."><tfr rev_id="1412330" t="."><v><l id="0" t="."><g v="PNCT"></g></l></v></tfr></token></tokens></sentence></paragraph><paragraph id="10303"><sentence id="32360"><source>Как стало известно ранее, войска США перебрасываются в сторону границ североафриканского государства.</source><tokens><token id="579255" text="Как"><tfr rev_id="1412331" t="Как"><v><l id="128190" t="как"><g v="CONJ"></g></l></v><v><l id="128191" t="как"><g v="PRCL"></g></l></v><v><l id="128192" t="как"><g v="ADVB"></g><g v="Ques"></g></l></v></tfr></token><token id="579256" text="стало"><tfr rev_id="1412332" t="стало"><v><l id="335164" t="стал"><g v="VERB"></g><g v="perf"></g><g v="intr"></g><g v="neut"></g><g v="sing"></g><g v="past"></g><g v="indc"></g></l></v></tfr></token><token id="579257" text="известно"><tfr rev_id="1412333" t="известно"><v><l id="118141" t="известно"><g v="CONJ"></g><g v="Prnt"></g></l></v><v><l id="118142" t="известно"><g v="PRED"></g><g v="pres"></g></l></v><v><l id="118146" t="известен"><g v="ADJS"></g><g v="Qual"></g><g v="neut"></g><g v="sing"></g></l></v></tfr></token><token id="579258" text="ранее"><tfr rev_id="1412334" t="ранее"><v><l id="297884" t="ранее"><g v="ADVB"></g></l></v></tfr></token><token id="579259" text=","><tfr rev_id="1412335" t=","><v><l id="0" t=","><g v="PNCT"></g></l></v></tfr></token><token id="579260" text="войска"><tfr rev_id="3743589" t="войска"><v><l id="49729" t="войско"><g v="NOUN"></g><g v="inan"></g><g v="neut"></g><g v="plur"></g><g v="nomn"></g></l></v></tfr></token><token id="579261" text="США"><tfr rev_id="3811354" t="США"><v><l id="341371" t="сша"><g v="NOUN"></g><g v="inan"></g><g v="GNdr"></g><g v="Pltm"></g><g v="Fixd"></g><g v="Abbr"></g><g v="Geox"></g><g v="plur"></g><g v="gent"></g></l></v></tfr></token><token id="579262" text="перебрасываются"><tfr rev_id="1412338" t="перебрасываются"><v><l id="226814" t="перебрасываюсь"><g v="VERB"></g><g v="impf"></g><g v="intr"></g><g v="plur"></g><g v="3per"></g><g v="pres"></g><g v="indc"></g></l></v></tfr></token><token id="579263" text="в"><tfr rev_id="1412339" t="в"><v><l id="37409" t="в"><g v="PREP"></g></l></v></tfr></token><token id="579264" text="сторону"><tfr rev_id="1412340" t="сторону"><v><l id="336894" t="сторона"><g v="NOUN"></g><g v="inan"></g><g v="femn"></g><g v="sing"></g><g v="accs"></g></l></v></tfr></token><token id="579265" text="границ"><tfr rev_id="1412341" t="границ"><v><l id="74687" t="граница"><g v="NOUN"></g><g v="inan"></g><g v="femn"></g><g v="plur"></g><g v="gent"></g></l></v></tfr></token><token id="579266" text="североафриканского"><tfr rev_id="3449109" t="североафриканского"><v><l id="317545" t="североафриканский"><g v="ADJF"></g><g v="neut"></g><g v="sing"></g><g v="gent"></g></l></v></tfr></token><token id="579267" text="государства"><tfr rev_id="3225310" t="государства"><v><l id="74164" t="государство"><g v="NOUN"></g><g v="inan"></g><g v="neut"></g><g v="sing"></g><g v="gent"></g></l></v></tfr></token><token id="579268" text="."><tfr rev_id="1412344" t="."><v><l id="0" t="."><g v="PNCT"></g></l></v></tfr></token></tokens></sentence><sentence id="32361"><source>В Пентагоне поясняют, что в сложившейся ситуации это необходимо.</source><tokens><token id="579269" text="В"><tfr rev_id="1412345" t="В"><v><l id="37409" t="в"><g v="PREP"></g></l></v></tfr></token><token id="579270" text="Пентагоне"><tfr rev_id="1412346" t="Пентагоне"><v><l id="226083" t="пентагон"><g v="NOUN"></g><g v="inan"></g><g v="masc"></g><g v="Orgn"></g><g v="sing"></g><g v="loct"></g></l></v></tfr></token><token id="579271" text="поясняют"><tfr rev_id="1412347" t="поясняют"><v><l id="265550" t="поясняю"><g v="VERB"></g><g v="impf"></g><g v="tran"></g><g v="plur"></g><g v="3per"></g><g v="pres"></g><g v="indc"></g></l></v></tfr></token><token id="579272" text=","><tfr rev_id="1412348" t=","><v><l id="0" t=","><g v="PNCT"></g></l></v></tfr></token><token id="579273" text="что"><tfr rev_id="3196606" t="что"><v><l id="377004" t="что"><g v="CONJ"></g></l></v><v><l id="377005" t="что"><g v="NPRO"></g><g v="neut"></g><g v="sing"></g><g v="nomn"></g></l></v><v><l id="377005" t="что"><g v="NPRO"></g><g v="neut"></g><g v="sing"></g><g v="accs"></g></l></v><v><l id="377006" t="что"><g v="ADVB"></g><g v="Ques"></g></l></v><v><l id="388695" t="что"><g v="PRCL"></g></l></v></tfr></token><token id="579274" text="в"><tfr rev_id="1412350" t="в"><v><l id="37409" t="в"><g v="PREP"></g></l></v></tfr></token><token id="579275" text="сложившейся"><tfr rev_id="2560909" t="сложившейся"><v><l id="325252" t="сложившийся"><g v="PRTF"></g><g v="perf"></g><g v="intr"></g><g v="past"></g><g v="actv"></g><g v="femn"></g><g v="sing"></g><g v="loct"></g></l></v></tfr></token><token id="579276" text="ситуации"><tfr rev_id="4291535" t="ситуации"><v><l id="321441" t="ситуация"><g v="NOUN"></g><g v="inan"></g><g v="femn"></g><g v="sing"></g><g v="loct"></g></l></v></tfr></token><token id="579277" text="это"><tfr rev_id="4441456" t="это"><v><l id="386574" t="это"><g v="PRCL"></g></l></v><v><l id="386575" t="это"><g v="NPRO"></g><g v="neut"></g><g v="sing"></g><g v="nomn"></g></l></v><v><l id="386575" t="это"><g v="NPRO"></g><g v="neut"></g><g v="sing"></g><g v="accs"></g></l></v><v><l id="386581" t="этот"><g v="ADJF"></g><g v="Subx"></g><g v="Apro"></g><g v="Anph"></g><g v="neut"></g><g v="sing"></g><g v="nomn"></g></l></v><v><l id="386581" t="этот"><g v="ADJF"></g><g v="Subx"></g><g v="Apro"></g><g v="Anph"></g><g v="neut"></g><g v="sing"></g><g v="accs"></g></l></v></tfr></token><token id="579278" text="необходимо"><tfr rev_id="1412354" t="необходимо"><v><l id="184806" t="необходимо"><g v="PRED"></g><g v="pres"></g></l></v><v><l id="184810" t="необходим"><g v="ADJS"></g><g v="Qual"></g><g v="neut"></g><g v="sing"></g></l></v></tfr></token><token id="579279" text="."><tfr rev_id="1412355" t="."><v><l id="0" t="."><g v="PNCT"></g></l></v></tfr></token></tokens></sentence><sentence id="32362"><source>Правда, цели своих действий американцы не уточняют.</source><tokens><token id="579280" text="Правда"><tfr rev_id="2625128" t="Правда"><v><l id="265572" t="правда"><g v="NOUN"></g><g v="inan"></g><g v="femn"></g><g v="sing"></g><g v="nomn"></g></l></v><v><l id="265574" t="правда"><g v="PRCL"></g></l></v><v><l id="265575" t="правда"><g v="CONJ"></g><g v="Prnt"></g></l></v></tfr></token><token id="579281" text=","><tfr rev_id="1412357" t=","><v><l id="0" t=","><g v="PNCT"></g></l></v></tfr></token><token id="579282" text="цели"><tfr rev_id="3542142" t="цели"><v><l id="373216" t="цель"><g v="NOUN"></g><g v="inan"></g><g v="femn"></g><g v="plur"></g><g v="nomn"></g></l></v><v><l id="373216" t="цель"><g v="NOUN"></g><g v="inan"></g><g v="femn"></g><g v="plur"></g><g v="accs"></g></l></v></tfr></token><token id="579283" text="своих"><tfr rev_id="3633824" t="своих"><v><l id="316379" t="свой"><g v="ADJF"></g><g v="Apro"></g><g v="Anph"></g><g v="plur"></g><g v="gent"></g></l></v></tfr></token><token id="579284" text="действий"><tfr rev_id="1412360" t="действий"><v><l id="80091" t="действие"><g v="NOUN"></g><g v="inan"></g><g v="neut"></g><g v="plur"></g><g v="gent"></g></l></v></tfr></token><token id="579285" text="американцы"><tfr rev_id="1412361" t="американцы"><v><l id="11394" t="американец"><g v="NOUN"></g><g v="anim"></g><g v="masc"></g><g v="plur"></g><g v="nomn"></g></l></v></tfr></token><token id="579286" text="не"><tfr rev_id="1412362" t="не"><v><l id="178876" t="не"><g v="PRCL"></g></l></v></tfr></token><token id="579287" text="уточняют"><tfr rev_id="1412363" t="уточняют"><v><l id="362358" t="уточняю"><g v="VERB"></g><g v="impf"></g><g v="tran"></g><g v="plur"></g><g v="3per"></g><g v="pres"></g><g v="indc"></g></l></v></tfr></token><token id="579288" text="."><tfr rev_id="1412364" t="."><v><l id="0" t="."><g v="PNCT"></g></l></v></tfr></token></tokens></sentence><sentence id="32363"><source>Тем временем иранские СМИ уже сделали вывод о том, что переброска войск США к ливанским границам говорит о планах Пентагона начать военное вторжение на территорию страны для свержения режима Каддафи.</source><tokens><token id="579289" text="Тем"><tfr rev_id="4538162" t="Тем"><v><l id="348430" t="тот"><g v="ADJF"></g><g v="Subx"></g><g v="Apro"></g><g v="Anph"></g><g v="masc"></g><g v="sing"></g><g v="ablt"></g></l></v><v><l id="348430" t="тот"><g v="ADJF"></g><g v="Subx"></g><g v="Apro"></g><g v="Anph"></g><g v="neut"></g><g v="sing"></g><g v="ablt"></g></l></v></tfr></token><token id="579290" text="временем"><tfr rev_id="1412366" t="временем"><v><l id="53149" t="время"><g v="NOUN"></g><g v="inan"></g><g v="neut"></g><g v="sing"></g><g v="ablt"></g></l></v></tfr></token><token id="579291" text="иранские"><tfr rev_id="3793156" t="иранские"><v><l id="123920" t="иранский"><g v="ADJF"></g><g v="plur"></g><g v="nomn"></g></l></v></tfr></token><token id="579292" text="СМИ"><tfr rev_id="4489521" t="СМИ"><v><l id="326341" t="сми"><g v="NOUN"></g><g v="inan"></g><g v="GNdr"></g><g v="Pltm"></g><g v="Fixd"></g><g v="Abbr"></g><g v="plur"></g><g v="nomn"></g></l></v></tfr></token><token id="579293" text="уже"><tfr rev_id="2692671" t="уже"><v><l id="355422" t="уж"><g v="NOUN"></g><g v="anim"></g><g v="masc"></g><g v="sing"></g><g v="loct"></g></l></v><v><l id="355498" t="уже"><g v="ADVB"></g></l></v><v><l id="355674" t="уже"><g v="COMP"></g><g v="Qual"></g></l></v><v><l id="388673" t="уже"><g v="PRCL"></g></l></v></tfr></token><token id="579294" text="сделали"><tfr rev_id="1412370" t="сделали"><v><l id="317246" t="сделал"><g v="VERB"></g><g v="perf"></g><g v="tran"></g><g v="plur"></g><g v="past"></g><g v="indc"></g></l></v></tfr></token><token id="579295" text="вывод"><tfr rev_id="2584136" t="вывод"><v><l id="56345" t="вывод"><g v="NOUN"></g><g v="inan"></g><g v="masc"></g><g v="sing"></g><g v="accs"></g></l></v></tfr></token><token id="579296" text="о"><tfr rev_id="3326140" t="о"><v><l id="192977" t="о"><g v="PREP"></g></l></v></tfr></token><token id="579297" text="том"><tfr rev_id="4388202" t="том"><v><l id="348430" t="тот"><g v="ADJF"></g><g v="Subx"></g><g v="Apro"></g><g v="Anph"></g><g v="neut"></g><g v="sing"></g><g v="loct"></g></l></v></tfr></token><token id="579298" text=","><tfr rev_id="1412374" t=","><v><l id="0" t=","><g v="PNCT"></g></l></v></tfr></token><token id="579299" text="что"><tfr rev_id="3196607" t="что"><v><l id="377004" t="что"><g v="CONJ"></g></l></v><v><l id="377005" t="что"><g v="NPRO"></g><g v="neut"></g><g v="sing"></g><g v="nomn"></g></l></v><v><l id="377005" t="что"><g v="NPRO"></g><g v="neut"></g><g v="sing"></g><g v="accs"></g></l></v><v><l id="377006" t="что"><g v="ADVB"></g><g v="Ques"></g></l></v><v><l id="388695" t="что"><g v="PRCL"></g></l></v></tfr></token><token id="579300" text="переброска"><tfr rev_id="1412376" t="переброска"><v><l id="226881" t="переброска"><g v="NOUN"></g><g v="inan"></g><g v="femn"></g><g v="sing"></g><g v="nomn"></g></l></v></tfr></token><token id="579301" text="войск"><tfr rev_id="1412377" t="войск"><v><l id="49729" t="войско"><g v="NOUN"></g><g v="inan"></g><g v="neut"></g><g v="plur"></g><g v="gent"></g></l></v></tfr></token><token id="579302" text="США"><tfr rev_id="3811355" t="США"><v><l id="341371" t="сша"><g v="NOUN"></g><g v="inan"></g><g v="GNdr"></g><g v="Pltm"></g><g v="Fixd"></g><g v="Abbr"></g><g v="Geox"></g><g v="plur"></g><g v="gent"></g></l></v></tfr></token><token id="579303" text="к"><tfr rev_id="1412379" t="к"><v><l id="127460" t="к"><g v="PREP"></g></l></v></tfr></token><token id="579304" text="ливанским"><tfr rev_id="3860894" t="ливанским"><v><l id="148935" t="ливанский"><g v="ADJF"></g><g v="plur"></g><g v="datv"></g></l></v></tfr></token><token id="579305" text="границам"><tfr rev_id="1412381" t="границам"><v><l id="74687" t="граница"><g v="NOUN"></g><g v="inan"></g><g v="femn"></g><g v="plur"></g><g v="datv"></g></l></v></tfr></token><token id="579306" text="говорит"><tfr rev_id="1412382" t="говорит"><v><l id="72053" t="говорю"><g v="VERB"></g><g v="impf"></g><g v="tran"></g><g v="sing"></g><g v="3per"></g><g v="pres"></g><g v="indc"></g></l></v></tfr></token><token id="579307" text="о"><tfr rev_id="3417282" t="о"><v><l id="192977" t="о"><g v="PREP"></g></l></v></tfr></token><token id="579308" text="планах"><tfr rev_id="1412384" t="планах"><v><l id="239677" t="план"><g v="NOUN"></g><g v="inan"></g><g v="masc"></g><g v="plur"></g><g v="loct"></g></l></v></tfr></token><token id="579309" text="Пентагона"><tfr rev_id="1412385" t="Пентагона"><v><l id="226083" t="пентагон"><g v="NOUN"></g><g v="inan"></g><g v="masc"></g><g v="Orgn"></g><g v="sing"></g><g v="gent"></g></l></v></tfr></token><token id="579310" text="начать"><tfr rev_id="1412386" t="начать"><v><l id="178225" t="начать"><g v="INFN"></g><g v="perf"></g><g v="tran"></g></l></v></tfr></token><token id="579311" text="военное"><tfr rev_id="4494121" t="военное"><v><l id="48619" t="военный"><g v="ADJF"></g><g v="neut"></g><g v="sing"></g><g v="nomn"></g></l></v><v><l id="48619" t="военный"><g v="ADJF"></g><g v="neut"></g><g v="sing"></g><g v="accs"></g></l></v></tfr></token><token id="579312" text="вторжение"><tfr rev_id="1412388" t="вторжение"><v><l id="55017" t="вторжение"><g v="NOUN"></g><g v="inan"></g><g v="neut"></g><g v="sing"></g><g v="nomn"></g></l></v><v><l id="55017" t="вторжение"><g v="NOUN"></g><g v="inan"></g><g v="neut"></g><g v="sing"></g><g v="accs"></g></l></v></tfr></token><token id="579313" text="на"><tfr rev_id="3342196" t="на"><v><l id="166264" t="на"><g v="PREP"></g></l></v></tfr></token><token id="579314" text="территорию"><tfr rev_id="1412390" t="территорию"><v><l id="345621" t="территория"><g v="NOUN"></g><g v="inan"></g><g v="femn"></g><g v="sing"></g><g v="accs"></g></l></v></tfr></token><token id="579315" text="страны"><tfr rev_id="3449811" t="страны"><v><l id="337100" t="страна"><g v="NOUN"></g><g v="inan"></g><g v="femn"></g><g v="sing"></g><g v="gent"></g></l></v></tfr></token><token id="579316" text="для"><tfr rev_id="3445354" t="для"><v><l id="85032" t="для"><g v="PREP"></g></l></v></tfr></token><token id="579317" text="свержения"><tfr rev_id="3448291" t="свержения"><v><l id="315026" t="свержение"><g v="NOUN"></g><g v="inan"></g><g v="neut"></g><g v="sing"></g><g v="gent"></g></l></v></tfr></token><token id="579318" text="режима"><tfr rev_id="1412394" t="режима"><v><l id="305124" t="режим"><g v="NOUN"></g><g v="inan"></g><g v="masc"></g><g v="sing"></g><g v="gent"></g></l></v></tfr></token><token id="579319" text="Каддафи"><tfr rev_id="4327228" t="Каддафи"><v><l id="388626" t="каддафи"><g v="NOUN"></g><g v="anim"></g><g v="ms-f"></g><g v="Fixd"></g><g v="Surn"></g><g v="sing"></g><g v="nomn"></g></l></v><v><l id="388626" t="каддафи"><g v="NOUN"></g><g v="anim"></g><g v="ms-f"></g><g v="Fixd"></g><g v="Surn"></g><g v="sing"></g><g v="gent"></g></l></v><v><l id="388626" t="каддафи"><g v="NOUN"></g><g v="anim"></g><g v="ms-f"></g><g v="Fixd"></g><g v="Surn"></g><g v="sing"></g><g v="datv"></g></l></v><v><l id="388626" t="каддафи"><g v="NOUN"></g><g v="anim"></g><g v="ms-f"></g><g v="Fixd"></g><g v="Surn"></g><g v="sing"></g><g v="accs"></g></l></v><v><l id="388626" t="каддафи"><g v="NOUN"></g><g v="anim"></g><g v="ms-f"></g><g v="Fixd"></g><g v="Surn"></g><g v="sing"></g><g v="ablt"></g></l></v><v><l id="388626" t="каддафи"><g v="NOUN"></g><g v="anim"></g><g v="ms-f"></g><g v="Fixd"></g><g v="Surn"></g><g v="sing"></g><g v="loct"></g></l></v></tfr></token><token id="579320" text="."><tfr rev_id="1412396" t="."><v><l id="0" t="."><g v="PNCT"></g></l></v></tfr></token></tokens></sentence></paragraph><paragraph id="10304"><sentence id="32364"><source>Ранее Барак Обама призвал положить конец режиму М.Каддафи.</source><tokens><token id="579321" text="Ранее"><tfr rev_id="1412397" t="Ранее"><v><l id="297884" t="ранее"><g v="ADVB"></g></l></v></tfr></token><token id="579322" text="Барак"><tfr rev_id="1412398" t="Барак"><v><l id="23705" t="барак"><g v="NOUN"></g><g v="inan"></g><g v="masc"></g><g v="sing"></g><g v="nomn"></g></l></v><v><l id="23705" t="барак"><g v="NOUN"></g><g v="inan"></g><g v="masc"></g><g v="sing"></g><g v="accs"></g></l></v><v><l id="23706" t="барак"><g v="NOUN"></g><g v="anim"></g><g v="masc"></g><g v="Name"></g><g v="sing"></g><g v="nomn"></g></l></v></tfr></token><token id="579323" text="Обама"><tfr rev_id="4576068" t="Обама"><v><l id="388472" t="обама"><g v="NOUN"></g><g v="anim"></g><g v="ms-f"></g><g v="Sgtm"></g><g v="Surn"></g><g v="sing"></g><g v="nomn"></g></l></v></tfr></token><token id="579324" text="призвал"><tfr rev_id="1412400" t="призвал"><v><l id="270564" t="призвал"><g v="VERB"></g><g v="perf"></g><g v="tran"></g><g v="masc"></g><g v="sing"></g><g v="past"></g><g v="indc"></g></l></v></tfr></token><token id="579325" text="положить"><tfr rev_id="1412401" t="положить"><v><l id="256271" t="положить"><g v="INFN"></g><g v="perf"></g><g v="tran"></g></l></v></tfr></token><token id="579326" text="конец"><tfr rev_id="4106963" t="конец"><v><l id="137815" t="конец"><g v="NOUN"></g><g v="inan"></g><g v="masc"></g><g v="sing"></g><g v="accs"></g></l></v></tfr></token><token id="579327" text="режиму"><tfr rev_id="1412403" t="режиму"><v><l id="305124" t="режим"><g v="NOUN"></g><g v="inan"></g><g v="masc"></g><g v="sing"></g><g v="datv"></g></l></v></tfr></token><token id="579328" text="М"><tfr rev_id="4575637" t="М"><v><l id="390193" t="м"><g v="NOUN"></g><g v="anim"></g><g v="ms-f"></g><g v="Sgtm"></g><g v="Fixd"></g><g v="Abbr"></g><g v="Name"></g><g v="Init"></g><g v="sing"></g><g v="gent"></g></l></v></tfr></token><token id="579329" text="."><tfr rev_id="1412405" t="."><v><l id="0" t="."><g v="PNCT"></g></l></v></tfr></token><token id="579330" text="Каддафи"><tfr rev_id="4327229" t="Каддафи"><v><l id="388626" t="каддафи"><g v="NOUN"></g><g v="anim"></g><g v="ms-f"></g><g v="Fixd"></g><g v="Surn"></g><g v="sing"></g><g v="nomn"></g></l></v><v><l id="388626" t="каддафи"><g v="NOUN"></g><g v="anim"></g><g v="ms-f"></g><g v="Fixd"></g><g v="Surn"></g><g v="sing"></g><g v="gent"></g></l></v><v><l id="388626" t="каддафи"><g v="NOUN"></g><g v="anim"></g><g v="ms-f"></g><g v="Fixd"></g><g v="Surn"></g><g v="sing"></g><g v="datv"></g></l></v><v><l id="388626" t="каддафи"><g v="NOUN"></g><g v="anim"></g><g v="ms-f"></g><g v="Fixd"></g><g v="Surn"></g><g v="sing"></g><g v="accs"></g></l></v><v><l id="388626" t="каддафи"><g v="NOUN"></g><g v="anim"></g><g v="ms-f"></g><g v="Fixd"></g><g v="Surn"></g><g v="sing"></g><g v="ablt"></g></l></v><v><l id="388626" t="каддафи"><g v="NOUN"></g><g v="anim"></g><g v="ms-f"></g><g v="Fixd"></g><g v="Surn"></g><g v="sing"></g><g v="loct"></g></l></v></tfr></token><token id="579331" text="."><tfr rev_id="1412407" t="."><v><l id="0" t="."><g v="PNCT"></g></l></v></tfr></token></tokens></sentence><sentence id="32365"><source>И подчеркнул, что если слова «лидер нации» означают только использование политической силы с целью насилия над людьми, то этому лидеру нужно немедленно покинуть свой пост.</source><tokens><token id="579332" text="И"><tfr rev_id="4104313" t="И"><v><l id="116949" t="и"><g v="CONJ"></g></l></v></tfr></token><token id="579333" text="подчеркнул"><tfr rev_id="1412409" t="подчеркнул"><v><l id="252370" t="подчеркнул"><g v="VERB"></g><g v="perf"></g><g v="tran"></g><g v="masc"></g><g v="sing"></g><g v="past"></g><g v="indc"></g></l></v></tfr></token><token id="579334" text=","><tfr rev_id="1412410" t=","><v><l id="0" t=","><g v="PNCT"></g></l></v></tfr></token><token id="579335" text="что"><tfr rev_id="3196608" t="что"><v><l id="377004" t="что"><g v="CONJ"></g></l></v><v><l id="377005" t="что"><g v="NPRO"></g><g v="neut"></g><g v="sing"></g><g v="nomn"></g></l></v><v><l id="377005" t="что"><g v="NPRO"></g><g v="neut"></g><g v="sing"></g><g v="accs"></g></l></v><v><l id="377006" t="что"><g v="ADVB"></g><g v="Ques"></g></l></v><v><l id="388695" t="что"><g v="PRCL"></g></l></v></tfr></token><token id="579336" text="если"><tfr rev_id="1412412" t="если"><v><l id="95365" t="если"><g v="CONJ"></g></l></v></tfr></token><token id="579337" text="слова"><tfr rev_id="3800705" t="слова"><v><l id="325168" t="слово"><g v="NOUN"></g><g v="inan"></g><g v="neut"></g><g v="plur"></g><g v="nomn"></g></l></v></tfr></token><token id="579338" text="«"><tfr rev_id="2442790" t="«"><v><l id="0" t="«"><g v="PNCT"></g></l></v></tfr></token><token id="579339" text="лидер"><tfr rev_id="1412415" t="лидер"><v><l id="149007" t="лидер"><g v="NOUN"></g><g v="anim"></g><g v="masc"></g><g v="sing"></g><g v="nomn"></g></l></v></tfr></token><token id="579340" text="нации"><tfr rev_id="3887754" t="нации"><v><l id="178157" t="нация"><g v="NOUN"></g><g v="inan"></g><g v="femn"></g><g v="sing"></g><g v="gent"></g></l></v></tfr></token><token id="579341" text="»"><tfr rev_id="2442791" t="»"><v><l id="0" t="»"><g v="PNCT"></g></l></v></tfr></token><token id="579342" text="означают"><tfr rev_id="1412418" t="означают"><v><l id="204299" t="означаю"><g v="VERB"></g><g v="impf"></g><g v="tran"></g><g v="plur"></g><g v="3per"></g><g v="pres"></g><g v="indc"></g></l></v></tfr></token><token id="579343" text="только"><tfr rev_id="3784030" t="только"><v><l id="347395" t="только"><g v="CONJ"></g></l></v><v><l id="347396" t="только"><g v="PRCL"></g></l></v><v><l id="390053" t="только"><g v="ADVB"></g></l></v></tfr></token><token id="579344" text="использование"><tfr rev_id="1412420" t="использование"><v><l id="125417" t="использование"><g v="NOUN"></g><g v="inan"></g><g v="neut"></g><g v="sing"></g><g v="nomn"></g></l></v><v><l id="125417" t="использование"><g v="NOUN"></g><g v="inan"></g><g v="neut"></g><g v="sing"></g><g v="accs"></g></l></v></tfr></token><token id="579345" text="политической"><tfr rev_id="4173923" t="политической"><v><l id="255870" t="политический"><g v="ADJF"></g><g v="femn"></g><g v="sing"></g><g v="gent"></g></l></v></tfr></token><token id="579346" text="силы"><tfr rev_id="3495707" t="силы"><v><l id="320333" t="сила"><g v="NOUN"></g><g v="inan"></g><g v="femn"></g><g v="sing"></g><g v="gent"></g></l></v></tfr></token><token id="579347" text="с"><tfr rev_id="1412423" t="с"><v><l id="311151" t="с"><g v="PREP"></g></l></v></tfr></token><token id="579348" text="целью"><tfr rev_id="1412424" t="целью"><v><l id="373216" t="цель"><g v="NOUN"></g><g v="inan"></g><g v="femn"></g><g v="sing"></g><g v="ablt"></g></l></v></tfr></token><token id="579349" text="насилия"><tfr rev_id="2694210" t="насилия"><v><l id="175295" t="насилие"><g v="NOUN"></g><g v="inan"></g><g v="neut"></g><g v="sing"></g><g v="gent"></g></l></v></tfr></token><token id="579350" text="над"><tfr rev_id="1412426" t="над"><v><l id="168356" t="над"><g v="PREP"></g></l></v></tfr></token><token id="579351" text="людьми"><tfr rev_id="1412427" t="людьми"><v><l id="375073" t="человек"><g v="NOUN"></g><g v="anim"></g><g v="masc"></g><g v="plur"></g><g v="ablt"></g></l></v></tfr></token><token id="579352" text=","><tfr rev_id="1412428" t=","><v><l id="0" t=","><g v="PNCT"></g></l></v></tfr></token><token id="579353" text="то"><tfr rev_id="3777476" t="то"><v><l id="346835" t="то"><g v="CONJ"></g></l></v><v><l id="346836" t="то"><g v="PRCL"></g></l></v><v><l id="348430" t="тот"><g v="ADJF"></g><g v="Subx"></g><g v="Apro"></g><g v="Anph"></g><g v="neut"></g><g v="sing"></g><g v="nomn"></g></l></v><v><l id="348430" t="тот"><g v="ADJF"></g><g v="Subx"></g><g v="Apro"></g><g v="Anph"></g><g v="neut"></g><g v="sing"></g><g v="accs"></g></l></v></tfr></token><token id="579354" text="этому"><tfr rev_id="4434531" t="этому"><v><l id="386581" t="этот"><g v="ADJF"></g><g v="Subx"></g><g v="Apro"></g><g v="Anph"></g><g v="masc"></g><g v="sing"></g><g v="datv"></g></l></v></tfr></token><token id="579355" text="лидеру"><tfr rev_id="1412431" t="лидеру"><v><l id="149007" t="лидер"><g v="NOUN"></g><g v="anim"></g><g v="masc"></g><g v="sing"></g><g v="datv"></g></l></v></tfr></token><token id="579356" text="нужно"><tfr rev_id="1412432" t="нужно"><v><l id="192579" t="нужно"><g v="PRED"></g><g v="pres"></g></l></v><v><l id="192584" t="нужен"><g v="ADJS"></g><g v="Qual"></g><g v="neut"></g><g v="sing"></g></l></v></tfr></token><token id="579357" text="немедленно"><tfr rev_id="3526103" t="немедленно"><v><l id="184005" t="немедленно"><g v="ADVB"></g></l></v></tfr></token><token id="579358" text="покинуть"><tfr rev_id="1412434" t="покинуть"><v><l id="254302" t="покинуть"><g v="INFN"></g><g v="perf"></g><g v="tran"></g></l></v></tfr></token><token id="579359" text="свой"><tfr rev_id="3629864" t="свой"><v><l id="316379" t="свой"><g v="ADJF"></g><g v="Apro"></g><g v="Anph"></g><g v="masc"></g><g v="sing"></g><g v="nomn"></g></l></v><v><l id="316379" t="свой"><g v="ADJF"></g><g v="Apro"></g><g v="Anph"></g><g v="inan"></g><g v="masc"></g><g v="sing"></g><g v="accs"></g></l></v></tfr></token><token id="579360" text="пост"><tfr rev_id="1412436" t="пост"><v><l id="262073" t="пост"><g v="NOUN"></g><g v="inan"></g><g v="masc"></g><g v="sing"></g><g v="nomn"></g></l></v><v><l id="262073" t="пост"><g v="NOUN"></g><g v="inan"></g><g v="masc"></g><g v="sing"></g><g v="accs"></g></l></v></tfr></token><token id="579361" text="."><tfr rev_id="1412437" t="."><v><l id="0" t="."><g v="PNCT"></g></l></v></tfr></token></tokens></sentence></paragraph><paragraph id="10305"><sentence id="32366"><source>Накануне сам лидер нации Муамар Каддафи выразил уверенность в том, что ливийский народ готов на смерть ради защиты главы государства.</source><tokens><token id="579362" text="Накануне"><tfr rev_id="4421544" t="Накануне"><v><l id="170741" t="накануне"><g v="ADVB"></g></l></v></tfr></token><token id="579363" text="сам"><tfr rev_id="4097667" t="сам"><v><l id="312034" t="сам"><g v="ADJF"></g><g v="Apro"></g><g v="masc"></g><g v="sing"></g><g v="nomn"></g></l></v></tfr></token><token id="579364" text="лидер"><tfr rev_id="1412440" t="лидер"><v><l id="149007" t="лидер"><g v="NOUN"></g><g v="anim"></g><g v="masc"></g><g v="sing"></g><g v="nomn"></g></l></v></tfr></token><token id="579365" text="нации"><tfr rev_id="4174652" t="нации"><v><l id="178157" t="нация"><g v="NOUN"></g><g v="inan"></g><g v="femn"></g><g v="sing"></g><g v="gent"></g></l></v></tfr></token><token id="579366" text="Муамар"><tfr rev_id="1412442" t="Муамар"><v><l id="164630" t="муамар"><g v="NOUN"></g><g v="anim"></g><g v="masc"></g><g v="Name"></g><g v="sing"></g><g v="nomn"></g></l></v></tfr></token><token id="579367" text="Каддафи"><tfr rev_id="4327230" t="Каддафи"><v><l id="388626" t="каддафи"><g v="NOUN"></g><g v="anim"></g><g v="ms-f"></g><g v="Fixd"></g><g v="Surn"></g><g v="sing"></g><g v="nomn"></g></l></v><v><l id="388626" t="каддафи"><g v="NOUN"></g><g v="anim"></g><g v="ms-f"></g><g v="Fixd"></g><g v="Surn"></g><g v="sing"></g><g v="gent"></g></l></v><v><l id="388626" t="каддафи"><g v="NOUN"></g><g v="anim"></g><g v="ms-f"></g><g v="Fixd"></g><g v="Surn"></g><g v="sing"></g><g v="datv"></g></l></v><v><l id="388626" t="каддафи"><g v="NOUN"></g><g v="anim"></g><g v="ms-f"></g><g v="Fixd"></g><g v="Surn"></g><g v="sing"></g><g v="accs"></g></l></v><v><l id="388626" t="каддафи"><g v="NOUN"></g><g v="anim"></g><g v="ms-f"></g><g v="Fixd"></g><g v="Surn"></g><g v="sing"></g><g v="ablt"></g></l></v><v><l id="388626" t="каддафи"><g v="NOUN"></g><g v="anim"></g><g v="ms-f"></g><g v="Fixd"></g><g v="Surn"></g><g v="sing"></g><g v="loct"></g></l></v></tfr></token><token id="579368" text="выразил"><tfr rev_id="1412444" t="выразил"><v><l id="61211" t="выразил"><g v="VERB"></g><g v="perf"></g><g v="tran"></g><g v="masc"></g><g v="sing"></g><g v="past"></g><g v="indc"></g></l></v></tfr></token><token id="579369" text="уверенность"><tfr rev_id="1412445" t="уверенность"><v><l id="353436" t="уверенность"><g v="NOUN"></g><g v="inan"></g><g v="femn"></g><g v="sing"></g><g v="nomn"></g></l></v><v><l id="353436" t="уверенность"><g v="NOUN"></g><g v="inan"></g><g v="femn"></g><g v="sing"></g><g v="accs"></g></l></v></tfr></token><token id="579370" text="в"><tfr rev_id="1412446" t="в"><v><l id="37409" t="в"><g v="PREP"></g></l></v></tfr></token><token id="579371" text="том"><tfr rev_id="3774399" t="том"><v><l id="348430" t="тот"><g v="ADJF"></g><g v="Subx"></g><g v="Apro"></g><g v="Anph"></g><g v="masc"></g><g v="sing"></g><g v="loct"></g></l></v><v><l id="348430" t="тот"><g v="ADJF"></g><g v="Subx"></g><g v="Apro"></g><g v="Anph"></g><g v="neut"></g><g v="sing"></g><g v="loct"></g></l></v></tfr></token><token id="579372" text=","><tfr rev_id="1412448" t=","><v><l id="0" t=","><g v="PNCT"></g></l></v></tfr></token><token id="579373" text="что"><tfr rev_id="3196609" t="что"><v><l id="377004" t="что"><g v="CONJ"></g></l></v><v><l id="377005" t="что"><g v="NPRO"></g><g v="neut"></g><g v="sing"></g><g v="nomn"></g></l></v><v><l id="377005" t="что"><g v="NPRO"></g><g v="neut"></g><g v="sing"></g><g v="accs"></g></l></v><v><l id="377006" t="что"><g v="ADVB"></g><g v="Ques"></g></l></v><v><l id="388695" t="что"><g v="PRCL"></g></l></v></tfr></token><token id="579374" text="ливийский"><tfr rev_id="1412450" t="ливийский"><v><l id="148956" t="ливийский"><g v="ADJF"></g><g v="masc"></g><g v="sing"></g><g v="nomn"></g></l></v><v><l id="148956" t="ливийский"><g v="ADJF"></g><g v="inan"></g><g v="masc"></g><g v="sing"></g><g v="accs"></g></l></v></tfr></token><token id="579375" text="народ"><tfr rev_id="4103859" t="народ"><v><l id="174699" t="народ"><g v="NOUN"></g><g v="inan"></g><g v="masc"></g><g v="sing"></g><g v="nomn"></g></l></v></tfr></token><token id="579376" text="готов"><tfr rev_id="3704389" t="готов"><v><l id="74227" t="готов"><g v="ADJS"></g><g v="Qual"></g><g v="masc"></g><g v="sing"></g></l></v></tfr></token><token id="579377" text="на"><tfr rev_id="3337370" t="на"><v><l id="166264" t="на"><g v="PREP"></g></l></v></tfr></token><token id="579378" text="смерть"><tfr rev_id="2584235" t="смерть"><v><l id="326158" t="смерть"><g v="NOUN"></g><g v="inan"></g><g v="femn"></g><g v="sing"></g><g v="accs"></g></l></v></tfr></token><token id="579379" text="ради"><tfr rev_id="1412455" t="ради"><v><l id="290864" t="ради"><g v="PREP"></g></l></v></tfr></token><token id="579380" text="защиты"><tfr rev_id="3431705" t="защиты"><v><l id="114235" t="защита"><g v="NOUN"></g><g v="inan"></g><g v="femn"></g><g v="sing"></g><g v="gent"></g></l></v></tfr></token><token id="579381" text="главы"><tfr rev_id="4526229" t="главы"><v><l id="70790" t="глава"><g v="NOUN"></g><g v="anim"></g><g v="ms-f"></g><g v="sing"></g><g v="gent"></g></l></v></tfr></token><token id="579382" text="государства"><tfr rev_id="3474918" t="государства"><v><l id="74164" t="государство"><g v="NOUN"></g><g v="inan"></g><g v="neut"></g><g v="sing"></g><g v="gent"></g></l></v></tfr></token><token id="579383" text="."><tfr rev_id="1412459" t="."><v><l id="0" t="."><g v="PNCT"></g></l></v></tfr></token></tokens></sentence><sentence id="32367"><source>«Все мои люди любят меня и умрут, лишь бы защитить меня», — сказал Каддафи.</source><tokens><token id="579384" text="«"><tfr rev_id="2442792" t="«"><v><l id="0" t="«"><g v="PNCT"></g></l></v></tfr></token><token id="579385" text="Все"><tfr rev_id="4539016" t="Все"><v><l id="42156" t="весь"><g v="ADJF"></g><g v="Subx"></g><g v="Apro"></g><g v="inan"></g><g v="plur"></g><g v="accs"></g></l></v><v><l id="42156" t="весь"><g v="ADJF"></g><g v="Subx"></g><g v="Apro"></g><g v="plur"></g><g v="nomn"></g></l></v></tfr></token><token id="579386" text="мои"><tfr rev_id="4086479" t="мои"><v><l id="162570" t="мой"><g v="ADJF"></g><g v="Apro"></g><g v="plur"></g><g v="nomn"></g></l></v></tfr></token><token id="579387" text="люди"><tfr rev_id="1412463" t="люди"><v><l id="375073" t="человек"><g v="NOUN"></g><g v="anim"></g><g v="masc"></g><g v="plur"></g><g v="nomn"></g></l></v></tfr></token><token id="579388" text="любят"><tfr rev_id="1412464" t="любят"><v><l id="151971" t="люблю"><g v="VERB"></g><g v="impf"></g><g v="tran"></g><g v="plur"></g><g v="3per"></g><g v="pres"></g><g v="indc"></g></l></v></tfr></token><token id="579389" text="меня"><tfr rev_id="3334280" t="меня"><v><l id="387317" t="я"><g v="NPRO"></g><g v="1per"></g><g v="sing"></g><g v="accs"></g></l></v></tfr></token><token id="579390" text="и"><tfr rev_id="1412466" t="и"><v><l id="116949" t="и"><g v="CONJ"></g></l></v><v><l id="116950" t="и"><g v="INTJ"></g></l></v></tfr></token><token id="579391" text="умрут"><tfr rev_id="1412467" t="умрут"><v><l id="357520" t="умер"><g v="VERB"></g><g v="perf"></g><g v="intr"></g><g v="plur"></g><g v="3per"></g><g v="futr"></g><g v="indc"></g></l></v></tfr></token><token id="579392" text=","><tfr rev_id="1412468" t=","><v><l id="0" t=","><g v="PNCT"></g></l></v></tfr></token><token id="579393" text="лишь"><tfr rev_id="1412469" t="лишь"><v><l id="150259" t="лишь"><g v="CONJ"></g></l></v><v><l id="150260" t="лишь"><g v="PRCL"></g></l></v></tfr></token><token id="579394" text="бы"><tfr rev_id="1412470" t="бы"><v><l id="36985" t="бы"><g v="PRCL"></g></l></v></tfr></token><token id="579395" text="защитить"><tfr rev_id="1412471" t="защитить"><v><l id="114241" t="защитить"><g v="INFN"></g><g v="perf"></g><g v="tran"></g></l></v></tfr></token><token id="579396" text="меня"><tfr rev_id="2850183" t="меня"><v><l id="387317" t="я"><g v="NPRO"></g><g v="1per"></g><g v="sing"></g><g v="accs"></g></l></v></tfr></token><token id="579397" text="»"><tfr rev_id="2442793" t="»"><v><l id="0" t="»"><g v="PNCT"></g></l></v></tfr></token><token id="579398" text=","><tfr rev_id="1412474" t=","><v><l id="0" t=","><g v="PNCT"></g></l></v></tfr></token><token id="579399" text="—"><tfr rev_id="2442794" t="—"><v><l id="0" t="—"><g v="PNCT"></g></l></v></tfr></token><token id="579400" text="сказал"><tfr rev_id="1412476" t="сказал"><v><l id="321532" t="сказал"><g v="VERB"></g><g v="perf"></g><g v="tran"></g><g v="masc"></g><g v="sing"></g><g v="past"></g><g v="indc"></g></l></v></tfr></token><token id="579401" text="Каддафи"><tfr rev_id="4327231" t="Каддафи"><v><l id="388626" t="каддафи"><g v="NOUN"></g><g v="anim"></g><g v="ms-f"></g><g v="Fixd"></g><g v="Surn"></g><g v="sing"></g><g v="nomn"></g></l></v><v><l id="388626" t="каддафи"><g v="NOUN"></g><g v="anim"></g><g v="ms-f"></g><g v="Fixd"></g><g v="Surn"></g><g v="sing"></g><g v="gent"></g></l></v><v><l id="388626" t="каддафи"><g v="NOUN"></g><g v="anim"></g><g v="ms-f"></g><g v="Fixd"></g><g v="Surn"></g><g v="sing"></g><g v="datv"></g></l></v><v><l id="388626" t="каддафи"><g v="NOUN"></g><g v="anim"></g><g v="ms-f"></g><g v="Fixd"></g><g v="Surn"></g><g v="sing"></g><g v="accs"></g></l></v><v><l id="388626" t="каддафи"><g v="NOUN"></g><g v="anim"></g><g v="ms-f"></g><g v="Fixd"></g><g v="Surn"></g><g v="sing"></g><g v="ablt"></g></l></v><v><l id="388626" t="каддафи"><g v="NOUN"></g><g v="anim"></g><g v="ms-f"></g><g v="Fixd"></g><g v="Surn"></g><g v="sing"></g><g v="loct"></g></l></v></tfr></token><token id="579402" text="."><tfr rev_id="1412478" t="."><v><l id="0" t="."><g v="PNCT"></g></l></v></tfr></token></tokens></sentence><sentence id="32368"><source>Помимо этого, полковник заверил, что в столице Ливии Триполи не проходят никакие демонстрации с требованием его отставки и обстановка в городе абсолютно спокойная.</source><tokens><token id="579403" text="Помимо"><tfr rev_id="1412479" t="Помимо"><v><l id="257727" t="помимо"><g v="PREP"></g></l></v></tfr></token><token id="579404" text="этого"><tfr rev_id="4477535" t="этого"><v><l id="386575" t="это"><g v="NPRO"></g><g v="neut"></g><g v="sing"></g><g v="gent"></g></l></v></tfr></token><token id="579405" text=","><tfr rev_id="1412481" t=","><v><l id="0" t=","><g v="PNCT"></g></l></v></tfr></token><token id="579406" text="полковник"><tfr rev_id="1412482" t="полковник"><v><l id="256010" t="полковник"><g v="NOUN"></g><g v="anim"></g><g v="masc"></g><g v="sing"></g><g v="nomn"></g></l></v></tfr></token><token id="579407" text="заверил"><tfr rev_id="1412483" t="заверил"><v><l id="99386" t="заверил"><g v="VERB"></g><g v="perf"></g><g v="tran"></g><g v="masc"></g><g v="sing"></g><g v="past"></g><g v="indc"></g></l></v></tfr></token><token id="579408" text=","><tfr rev_id="1412484" t=","><v><l id="0" t=","><g v="PNCT"></g></l></v></tfr></token><token id="579409" text="что"><tfr rev_id="3196610" t="что"><v><l id="377004" t="что"><g v="CONJ"></g></l></v><v><l id="377005" t="что"><g v="NPRO"></g><g v="neut"></g><g v="sing"></g><g v="nomn"></g></l></v><v><l id="377005" t="что"><g v="NPRO"></g><g v="neut"></g><g v="sing"></g><g v="accs"></g></l></v><v><l id="377006" t="что"><g v="ADVB"></g><g v="Ques"></g></l></v><v><l id="388695" t="что"><g v="PRCL"></g></l></v></tfr></token><token id="579410" text="в"><tfr rev_id="1412486" t="в"><v><l id="37409" t="в"><g v="PREP"></g></l></v></tfr></token><token id="579411" text="столице"><tfr rev_id="3472110" t="столице"><v><l id="336588" t="столица"><g v="NOUN"></g><g v="inan"></g><g v="femn"></g><g v="sing"></g><g v="loct"></g></l></v></tfr></token><token id="579412" text="Ливии"><tfr rev_id="2934954" t="Ливии"><v><l id="148960" t="ливия"><g v="NOUN"></g><g v="inan"></g><g v="femn"></g><g v="Sgtm"></g><g v="Geox"></g><g v="sing"></g><g v="gent"></g></l></v></tfr></token><token id="579413" text="Триполи"><tfr rev_id="3691669" t="Триполи"><v><l id="350178" t="триполи"><g v="NOUN"></g><g v="inan"></g><g v="masc"></g><g v="Sgtm"></g><g v="Fixd"></g><g v="Geox"></g><g v="sing"></g><g v="loct"></g></l></v></tfr></token><token id="579414" text="не"><tfr rev_id="1412490" t="не"><v><l id="178876" t="не"><g v="PRCL"></g></l></v></tfr></token><token id="579415" text="проходят"><tfr rev_id="1412491" t="проходят"><v><l id="287183" t="прохожу"><g v="VERB"></g><g v="impf"></g><g v="tran"></g><g v="plur"></g><g v="3per"></g><g v="pres"></g><g v="indc"></g></l></v><v><l id="287190" t="проходил"><g v="VERB"></g><g v="perf"></g><g v="intr"></g><g v="plur"></g><g v="3per"></g><g v="futr"></g><g v="indc"></g></l></v></tfr></token><token id="579416" text="никакие"><tfr rev_id="4083800" t="никакие"><v><l id="190841" t="никакой"><g v="ADJF"></g><g v="Apro"></g><g v="plur"></g><g v="nomn"></g></l></v></tfr></token><token id="579417" text="демонстрации"><tfr rev_id="3793422" t="демонстрации"><v><l id="81024" t="демонстрация"><g v="NOUN"></g><g v="inan"></g><g v="femn"></g><g v="plur"></g><g v="nomn"></g></l></v></tfr></token><token id="579418" text="с"><tfr rev_id="1412494" t="с"><v><l id="311151" t="с"><g v="PREP"></g></l></v></tfr></token><token id="579419" text="требованием"><tfr rev_id="1412495" t="требованием"><v><l id="349461" t="требование"><g v="NOUN"></g><g v="inan"></g><g v="neut"></g><g v="sing"></g><g v="ablt"></g></l></v></tfr></token><token id="579420" text="его"><tfr rev_id="4514749" t="его"><v><l id="94208" t="его"><g v="ADJF"></g><g v="Fixd"></g><g v="Apro"></g><g v="Anph"></g><g v="femn"></g><g v="sing"></g><g v="nomn"></g></l></v><v><l id="94208" t="его"><g v="ADJF"></g><g v="Fixd"></g><g v="Apro"></g><g v="Anph"></g><g v="femn"></g><g v="sing"></g><g v="gent"></g></l></v><v><l id="94208" t="его"><g v="ADJF"></g><g v="Fixd"></g><g v="Apro"></g><g v="Anph"></g><g v="femn"></g><g v="sing"></g><g v="datv"></g></l></v><v><l id="94208" t="его"><g v="ADJF"></g><g v="Fixd"></g><g v="Apro"></g><g v="Anph"></g><g v="femn"></g><g v="sing"></g><g v="accs"></g></l></v><v><l id="94208" t="его"><g v="ADJF"></g><g v="Fixd"></g><g v="Apro"></g><g v="Anph"></g><g v="femn"></g><g v="sing"></g><g v="ablt"></g></l></v><v><l id="94208" t="его"><g v="ADJF"></g><g v="Fixd"></g><g v="Apro"></g><g v="Anph"></g><g v="femn"></g><g v="sing"></g><g v="loct"></g></l></v></tfr></token><token id="579421" text="отставки"><tfr rev_id="3284394" t="отставки"><v><l id="218332" t="отставка"><g v="NOUN"></g><g v="inan"></g><g v="femn"></g><g v="sing"></g><g v="gent"></g></l></v></tfr></token><token id="579422" text="и"><tfr rev_id="3533108" t="и"><v><l id="116949" t="и"><g v="CONJ"></g></l></v></tfr></token><token id="579423" text="обстановка"><tfr rev_id="1412499" t="обстановка"><v><l id="199922" t="обстановка"><g v="NOUN"></g><g v="inan"></g><g v="femn"></g><g v="sing"></g><g v="nomn"></g></l></v></tfr></token><token id="579424" text="в"><tfr rev_id="1412500" t="в"><v><l id="37409" t="в"><g v="PREP"></g></l></v></tfr></token><token id="579425" text="городе"><tfr rev_id="1412501" t="городе"><v><l id="73547" t="город"><g v="NOUN"></g><g v="inan"></g><g v="masc"></g><g v="sing"></g><g v="loct"></g></l></v></tfr></token><token id="579426" text="абсолютно"><tfr rev_id="1412502" t="абсолютно"><v><l id="1847" t="абсолютно"><g v="ADVB"></g></l></v><v><l id="1850" t="абсолютен"><g v="ADJS"></g><g v="neut"></g><g v="sing"></g></l></v></tfr></token><token id="579427" text="спокойная"><tfr rev_id="1412503" t="спокойная"><v><l id="332660" t="спокойный"><g v="ADJF"></g><g v="Qual"></g><g v="femn"></g><g v="sing"></g><g v="nomn"></g></l></v></tfr></token><token id="579428" text="."><tfr rev_id="1412504" t="."><v><l id="0" t="."><g v="PNCT"></g></l></v></tfr></token></tokens></sentence></paragraph><paragraph id="10306"><sentence id="32369"><source>На данный момент повстанцы контролируют несколько городов на востоке Ливии, в том числе и второй по населению город страны — Бенгази.</source><tokens><token id="579429" text="На"><tfr rev_id="3337216" t="На"><v><l id="166264" t="на"><g v="PREP"></g></l></v></tfr></token><token id="579430" text="данный"><tfr rev_id="3662521" t="данный"><v><l id="78303" t="данный"><g v="ADJF"></g><g v="Apro"></g><g v="masc"></g><g v="sing"></g><g v="nomn"></g></l></v><v><l id="78303" t="данный"><g v="ADJF"></g><g v="Apro"></g><g v="inan"></g><g v="masc"></g><g v="sing"></g><g v="accs"></g></l></v><v><l id="78549" t="данный"><g v="PRTF"></g><g v="perf"></g><g v="tran"></g><g v="past"></g><g v="pssv"></g><g v="masc"></g><g v="sing"></g><g v="nomn"></g></l></v><v><l id="78549" t="данный"><g v="PRTF"></g><g v="perf"></g><g v="tran"></g><g v="past"></g><g v="pssv"></g><g v="inan"></g><g v="masc"></g><g v="sing"></g><g v="accs"></g></l></v></tfr></token><token id="579431" text="момент"><tfr rev_id="1412507" t="момент"><v><l id="163050" t="момент"><g v="NOUN"></g><g v="inan"></g><g v="masc"></g><g v="sing"></g><g v="nomn"></g></l></v><v><l id="163050" t="момент"><g v="NOUN"></g><g v="inan"></g><g v="masc"></g><g v="sing"></g><g v="accs"></g></l></v></tfr></token><token id="579432" text="повстанцы"><tfr rev_id="1412508" t="повстанцы"><v><l id="242782" t="повстанец"><g v="NOUN"></g><g v="anim"></g><g v="masc"></g><g v="plur"></g><g v="nomn"></g></l></v></tfr></token><token id="579433" text="контролируют"><tfr rev_id="1412509" t="контролируют"><v><l id="138595" t="контролирую"><g v="VERB"></g><g v="impf"></g><g v="tran"></g><g v="plur"></g><g v="3per"></g><g v="pres"></g><g v="indc"></g></l></v></tfr></token><token id="579434" text="несколько"><tfr rev_id="4084663" t="несколько"><v><l id="188126" t="несколько"><g v="NUMR"></g><g v="nomn"></g></l></v><v><l id="188126" t="несколько"><g v="NUMR"></g><g v="inan"></g><g v="accs"></g></l></v></tfr></token><token id="579435" text="городов"><tfr rev_id="3502591" t="городов"><v><l id="73547" t="город"><g v="NOUN"></g><g v="inan"></g><g v="masc"></g><g v="plur"></g><g v="gent"></g></l></v></tfr></token><token id="579436" text="на"><tfr rev_id="3343362" t="на"><v><l id="166264" t="на"><g v="PREP"></g></l></v></tfr></token><token id="579437" text="востоке"><tfr rev_id="4468231" t="востоке"><v><l id="51910" t="восток"><g v="NOUN"></g><g v="inan"></g><g v="masc"></g><g v="sing"></g><g v="loct"></g></l></v></tfr></token><token id="579438" text="Ливии"><tfr rev_id="3455187" t="Ливии"><v><l id="148960" t="ливия"><g v="NOUN"></g><g v="inan"></g><g v="femn"></g><g v="Sgtm"></g><g v="Geox"></g><g v="sing"></g><g v="gent"></g></l></v></tfr></token><token id="579439" text=","><tfr rev_id="1412515" t=","><v><l id="0" t=","><g v="PNCT"></g></l></v></tfr></token><token id="579440" text="в"><tfr rev_id="1412516" t="в"><v><l id="37409" t="в"><g v="PREP"></g></l></v></tfr></token><token id="579441" text="том"><tfr rev_id="4405440" t="том"><v><l id="348430" t="тот"><g v="ADJF"></g><g v="Subx"></g><g v="Apro"></g><g v="Anph"></g><g v="neut"></g><g v="sing"></g><g v="loct"></g></l></v></tfr></token><token id="579442" text="числе"><tfr rev_id="1412518" t="числе"><v><l id="376585" t="число"><g v="NOUN"></g><g v="inan"></g><g v="neut"></g><g v="sing"></g><g v="loct"></g></l></v></tfr></token><token id="579443" text="и"><tfr rev_id="1412519" t="и"><v><l id="116949" t="и"><g v="CONJ"></g></l></v><v><l id="116950" t="и"><g v="INTJ"></g></l></v></tfr></token><token id="579444" text="второй"><tfr rev_id="4216341" t="второй"><v><l id="55043" t="второй"><g v="ADJF"></g><g v="Anum"></g><g v="masc"></g><g v="sing"></g><g v="nomn"></g></l></v><v><l id="55043" t="второй"><g v="ADJF"></g><g v="Anum"></g><g v="inan"></g><g v="masc"></g><g v="sing"></g><g v="accs"></g></l></v></tfr></token><token id="579445" text="по"><tfr rev_id="1412521" t="по"><v><l id="241240" t="по"><g v="PREP"></g></l></v></tfr></token><token id="579446" text="населению"><tfr rev_id="1412522" t="населению"><v><l id="175227" t="население"><g v="NOUN"></g><g v="inan"></g><g v="neut"></g><g v="sing"></g><g v="datv"></g></l></v></tfr></token><token id="579447" text="город"><tfr rev_id="1412523" t="город"><v><l id="73547" t="город"><g v="NOUN"></g><g v="inan"></g><g v="masc"></g><g v="sing"></g><g v="nomn"></g></l></v><v><l id="73547" t="город"><g v="NOUN"></g><g v="inan"></g><g v="masc"></g><g v="sing"></g><g v="accs"></g></l></v></tfr></token><token id="579448" text="страны"><tfr rev_id="3490141" t="страны"><v><l id="337100" t="страна"><g v="NOUN"></g><g v="inan"></g><g v="femn"></g><g v="sing"></g><g v="gent"></g></l></v></tfr></token><token id="579449" text="—"><tfr rev_id="2442795" t="—"><v><l id="0" t="—"><g v="PNCT"></g></l></v></tfr></token><token id="579450" text="Бенгази"><tfr rev_id="3498949" t="Бенгази"><v><l id="27499" t="бенгази"><g v="NOUN"></g><g v="inan"></g><g v="masc"></g><g v="Sgtm"></g><g v="Fixd"></g><g v="Geox"></g><g v="sing"></g><g v="accs"></g></l></v></tfr></token><token id="579451" text="."><tfr rev_id="1412527" t="."><v><l id="0" t="."><g v="PNCT"></g></l></v></tfr></token></tokens></sentence><sentence id="32370"><source>Оппозиция готовится захватить Триполи.</source><tokens><token id="579452" text="Оппозиция"><tfr rev_id="1412528" t="Оппозиция"><v><l id="207895" t="оппозиция"><g v="NOUN"></g><g v="inan"></g><g v="femn"></g><g v="sing"></g><g v="nomn"></g></l></v></tfr></token><token id="579453" text="готовится"><tfr rev_id="1412529" t="готовится"><v><l id="74213" t="готовлюсь"><g v="VERB"></g><g v="impf"></g><g v="intr"></g><g v="sing"></g><g v="3per"></g><g v="pres"></g><g v="indc"></g></l></v></tfr></token><token id="579454" text="захватить"><tfr rev_id="1412530" t="захватить"><v><l id="112673" t="захватить"><g v="INFN"></g><g v="perf"></g><g v="tran"></g></l></v></tfr></token><token id="579455" text="Триполи"><tfr rev_id="3676539" t="Триполи"><v><l id="350178" t="триполи"><g v="NOUN"></g><g v="inan"></g><g v="masc"></g><g v="Sgtm"></g><g v="Fixd"></g><g v="Geox"></g><g v="sing"></g><g v="accs"></g></l></v></tfr></token><token id="579456" text="."><tfr rev_id="1412532" t="."><v><l id="0" t="."><g v="PNCT"></g></l></v></tfr></token></tokens></sentence></paragraph><paragraph id="10307"><sentence id="32371"><source>О революционных выступлениях в арабских странах, имевших место в последние недели, читайте в статье Частного корреспондента «Интернет и жизнь»</source><tokens><token id="579457" text="О"><tfr rev_id="3230510" t="О"><v><l id="192977" t="о"><g v="PREP"></g></l></v></tfr></token><token id="579458" text="революционных"><tfr rev_id="4360569" t="революционных"><v><l id="304728" t="революционный"><g v="ADJF"></g><g v="Qual"></g><g v="plur"></g><g v="loct"></g></l></v></tfr></token><token id="579459" text="выступлениях"><tfr rev_id="1412535" t="выступлениях"><v><l id="62889" t="выступление"><g v="NOUN"></g><g v="inan"></g><g v="neut"></g><g v="plur"></g><g v="loct"></g></l></v></tfr></token><token id="579460" text="в"><tfr rev_id="1412536" t="в"><v><l id="37409" t="в"><g v="PREP"></g></l></v></tfr></token><token id="579461" text="арабских"><tfr rev_id="3556410" t="арабских"><v><l id="15610" t="арабский"><g v="ADJF"></g><g v="plur"></g><g v="loct"></g></l></v></tfr></token><token id="579462" text="странах"><tfr rev_id="1412538" t="странах"><v><l id="337100" t="страна"><g v="NOUN"></g><g v="inan"></g><g v="femn"></g><g v="plur"></g><g v="loct"></g></l></v></tfr></token><token id="579463" text=","><tfr rev_id="1412539" t=","><v><l id="0" t=","><g v="PNCT"></g></l></v></tfr></token><token id="579464" text="имевших"><tfr rev_id="1412540" t="имевших"><v><l id="121613" t="имевший"><g v="PRTF"></g><g v="impf"></g><g v="tran"></g><g v="past"></g><g v="actv"></g><g v="plur"></g><g v="gent"></g></l></v><v><l id="121613" t="имевший"><g v="PRTF"></g><g v="impf"></g><g v="tran"></g><g v="past"></g><g v="actv"></g><g v="anim"></g><g v="plur"></g><g v="accs"></g></l></v><v><l id="121613" t="имевший"><g v="PRTF"></g><g v="impf"></g><g v="tran"></g><g v="past"></g><g v="actv"></g><g v="plur"></g><g v="loct"></g></l></v></tfr></token><token id="579465" text="место"><tfr rev_id="1412541" t="место"><v><l id="158822" t="место"><g v="NOUN"></g><g v="inan"></g><g v="neut"></g><g v="sing"></g><g v="nomn"></g></l></v><v><l id="158822" t="место"><g v="NOUN"></g><g v="inan"></g><g v="neut"></g><g v="sing"></g><g v="accs"></g></l></v></tfr></token><token id="579466" text="в"><tfr rev_id="1412542" t="в"><v><l id="37409" t="в"><g v="PREP"></g></l></v></tfr></token><token id="579467" text="последние"><tfr rev_id="3751820" t="последние"><v><l id="261565" t="последний"><g v="ADJF"></g><g v="inan"></g><g v="plur"></g><g v="accs"></g></l></v></tfr></token><token id="579468" text="недели"><tfr rev_id="3802390" t="недели"><v><l id="180718" t="неделя"><g v="NOUN"></g><g v="inan"></g><g v="femn"></g><g v="plur"></g><g v="accs"></g></l></v></tfr></token><token id="579469" text=","><tfr rev_id="1412545" t=","><v><l id="0" t=","><g v="PNCT"></g></l></v></tfr></token><token id="579470" text="читайте"><tfr rev_id="1412546" t="читайте"><v><l id="376719" t="читаю"><g v="VERB"></g><g v="impf"></g><g v="tran"></g><g v="plur"></g><g v="impr"></g><g v="excl"></g></l></v></tfr></token><token id="579471" text="в"><tfr rev_id="1412547" t="в"><v><l id="37409" t="в"><g v="PREP"></g></l></v></tfr></token><token id="579472" text="статье"><tfr rev_id="1718610" t="статье"><v><l id="335173" t="статья"><g v="NOUN"></g><g v="inan"></g><g v="femn"></g><g v="sing"></g><g v="loct"></g></l></v></tfr></token><token id="579473" text="Частного"><tfr rev_id="4375855" t="Частного"><v><l id="374795" t="частный"><g v="ADJF"></g><g v="Qual"></g><g v="masc"></g><g v="sing"></g><g v="gent"></g></l></v><v><l id="374795" t="частный"><g v="ADJF"></g><g v="Qual"></g><g v="anim"></g><g v="masc"></g><g v="sing"></g><g v="accs"></g></l></v></tfr></token><token id="579474" text="корреспондента"><tfr rev_id="3721696" t="корреспондента"><v><l id="140239" t="корреспондент"><g v="NOUN"></g><g v="anim"></g><g v="masc"></g><g v="sing"></g><g v="gent"></g></l></v></tfr></token><token id="579475" text="«"><tfr rev_id="2442796" t="«"><v><l id="0" t="«"><g v="PNCT"></g></l></v></tfr></token><token id="579476" text="Интернет"><tfr rev_id="4212736" t="Интернет"><v><l id="123255" t="интернет"><g v="NOUN"></g><g v="inan"></g><g v="masc"></g><g v="sing"></g><g v="nomn"></g></l></v></tfr></token><token id="579477" text="и"><tfr rev_id="1412553" t="и"><v><l id="116949" t="и"><g v="CONJ"></g></l></v><v><l id="116950" t="и"><g v="INTJ"></g></l></v></tfr></token><token id="579478" text="жизнь"><tfr rev_id="3430850" t="жизнь"><v><l id="97314" t="жизнь"><g v="NOUN"></g><g v="inan"></g><g v="femn"></g><g v="sing"></g><g v="nomn"></g></l></v></tfr></token><token id="579479" text="»"><tfr rev_id="2442797" t="»"><v><l id="0" t="»"><g v="PNCT"></g></l></v></tfr></token></tokens></sentence></paragraph></paragraphs></text>