<?xml version="1.0" encoding="utf-8"?><text id="1067" parent="56" name="В России вступил в силу запрет на деятельность пунктов обмена валюты"><tags><tag>url:http://ru.wikinews.org/w/index.php?title=В_России_вступил_в_силу_запрет_на_деятельность_пунктов_обмена_валюты&amp;oldid=43121</tag><tag>Автор:http://ru.wikinews.org/wiki/Участник:Даниил Юрьевич</tag><tag>Дата:01/10</tag><tag>Год:2010</tag><tag>Тема:ВикиКатегория:Экономика</tag><tag>Гео:ВикиКатегория:Россия</tag></tags><paragraphs><paragraph id="10825"><sentence id="33838"><source>C 1 октября 2010 года российский Центробанк запрещает работу банковских отделений, у которых только одна функция — обмен валют.</source><tokens><token id="605911" text="C"><tfr rev_id="2627587" t="C"><v><l id="0" t="C"><g v="UNKN"></g></l></v></tfr></token><token id="605912" text="1"><tfr rev_id="2461740" t="1"><v><l id="0" t="1"><g v="NUMB"></g></l></v></tfr></token><token id="605913" text="октября"><tfr rev_id="1438334" t="октября"><v><l id="205725" t="октябрь"><g v="NOUN"></g><g v="inan"></g><g v="masc"></g><g v="sing"></g><g v="gent"></g></l></v></tfr></token><token id="605914" text="2010"><tfr rev_id="2461741" t="2010"><v><l id="0" t="2010"><g v="NUMB"></g></l></v></tfr></token><token id="605915" text="года"><tfr rev_id="3502214" t="года"><v><l id="72149" t="год"><g v="NOUN"></g><g v="inan"></g><g v="masc"></g><g v="sing"></g><g v="gen1"></g></l></v></tfr></token><token id="605916" text="российский"><tfr rev_id="1438337" t="российский"><v><l id="309319" t="российский"><g v="ADJF"></g><g v="masc"></g><g v="sing"></g><g v="nomn"></g></l></v><v><l id="309319" t="российский"><g v="ADJF"></g><g v="inan"></g><g v="masc"></g><g v="sing"></g><g v="accs"></g></l></v></tfr></token><token id="605917" text="Центробанк"><tfr rev_id="4213474" t="Центробанк"><v><l id="373489" t="центробанк"><g v="NOUN"></g><g v="inan"></g><g v="masc"></g><g v="Orgn"></g><g v="sing"></g><g v="nomn"></g></l></v></tfr></token><token id="605918" text="запрещает"><tfr rev_id="1438339" t="запрещает"><v><l id="107943" t="запрещаю"><g v="VERB"></g><g v="impf"></g><g v="tran"></g><g v="sing"></g><g v="3per"></g><g v="pres"></g><g v="indc"></g></l></v></tfr></token><token id="605919" text="работу"><tfr rev_id="1438340" t="работу"><v><l id="290501" t="работа"><g v="NOUN"></g><g v="inan"></g><g v="femn"></g><g v="sing"></g><g v="accs"></g></l></v></tfr></token><token id="605920" text="банковских"><tfr rev_id="4408962" t="банковских"><v><l id="23592" t="банковский"><g v="ADJF"></g><g v="plur"></g><g v="gent"></g></l></v></tfr></token><token id="605921" text="отделений"><tfr rev_id="3752812" t="отделений"><v><l id="213368" t="отделение"><g v="NOUN"></g><g v="inan"></g><g v="neut"></g><g v="plur"></g><g v="gent"></g></l></v></tfr></token><token id="605922" text=","><tfr rev_id="1438343" t=","><v><l id="0" t=","><g v="PNCT"></g></l></v></tfr></token><token id="605923" text="у"><tfr rev_id="3328904" t="у"><v><l id="352818" t="у"><g v="PREP"></g></l></v></tfr></token><token id="605924" text="которых"><tfr rev_id="3643822" t="которых"><v><l id="141203" t="который"><g v="ADJF"></g><g v="Apro"></g><g v="Subx"></g><g v="Anph"></g><g v="plur"></g><g v="gent"></g></l></v></tfr></token><token id="605925" text="только"><tfr rev_id="3784063" t="только"><v><l id="347395" t="только"><g v="CONJ"></g></l></v><v><l id="347396" t="только"><g v="PRCL"></g></l></v><v><l id="390053" t="только"><g v="ADVB"></g></l></v></tfr></token><token id="605926" text="одна"><tfr rev_id="4301866" t="одна"><v><l id="203319" t="один"><g v="ADJF"></g><g v="Apro"></g><g v="Anum"></g><g v="femn"></g><g v="sing"></g><g v="nomn"></g></l></v></tfr></token><token id="605927" text="функция"><tfr rev_id="1438348" t="функция"><v><l id="368676" t="функция"><g v="NOUN"></g><g v="inan"></g><g v="femn"></g><g v="sing"></g><g v="nomn"></g></l></v></tfr></token><token id="605928" text="—"><tfr rev_id="2443689" t="—"><v><l id="0" t="—"><g v="PNCT"></g></l></v></tfr></token><token id="605929" text="обмен"><tfr rev_id="1438350" t="обмен"><v><l id="197154" t="обмен"><g v="NOUN"></g><g v="inan"></g><g v="masc"></g><g v="sing"></g><g v="nomn"></g></l></v><v><l id="197154" t="обмен"><g v="NOUN"></g><g v="inan"></g><g v="masc"></g><g v="sing"></g><g v="accs"></g></l></v></tfr></token><token id="605930" text="валют"><tfr rev_id="1438351" t="валют"><v><l id="38449" t="валюта"><g v="NOUN"></g><g v="inan"></g><g v="femn"></g><g v="plur"></g><g v="gent"></g></l></v></tfr></token><token id="605931" text="."><tfr rev_id="1438352" t="."><v><l id="0" t="."><g v="PNCT"></g></l></v></tfr></token></tokens></sentence><sentence id="33839"><source>Как пишет сайт www.1obl.ru, причиной для этого назвали непрозрачность бухгалтерии пунктов обменных валют, а также трудность контроля, который должен был осуществлять регулятор.</source><tokens><token id="605932" text="Как"><tfr rev_id="1438353" t="Как"><v><l id="128190" t="как"><g v="CONJ"></g></l></v><v><l id="128191" t="как"><g v="PRCL"></g></l></v><v><l id="128192" t="как"><g v="ADVB"></g><g v="Ques"></g></l></v></tfr></token><token id="605933" text="пишет"><tfr rev_id="1438354" t="пишет"><v><l id="239101" t="пишу"><g v="VERB"></g><g v="impf"></g><g v="tran"></g><g v="sing"></g><g v="3per"></g><g v="pres"></g><g v="indc"></g></l></v></tfr></token><token id="605934" text="сайт"><tfr rev_id="1438355" t="сайт"><v><l id="311674" t="сайт"><g v="NOUN"></g><g v="inan"></g><g v="masc"></g><g v="sing"></g><g v="nomn"></g></l></v><v><l id="311674" t="сайт"><g v="NOUN"></g><g v="inan"></g><g v="masc"></g><g v="sing"></g><g v="accs"></g></l></v></tfr></token><token id="605935" text="www.1obl.ru"><tfr rev_id="1438356" t="www.1obl.ru"><v><l id="0" t="www.1obl.ru"><g v="UNKN"></g></l></v></tfr></token><token id="605936" text=","><tfr rev_id="1438357" t=","><v><l id="0" t=","><g v="PNCT"></g></l></v></tfr></token><token id="605937" text="причиной"><tfr rev_id="1438358" t="причиной"><v><l id="276522" t="причина"><g v="NOUN"></g><g v="inan"></g><g v="femn"></g><g v="sing"></g><g v="ablt"></g></l></v></tfr></token><token id="605938" text="для"><tfr rev_id="3418177" t="для"><v><l id="85032" t="для"><g v="PREP"></g></l></v></tfr></token><token id="605939" text="этого"><tfr rev_id="4472615" t="этого"><v><l id="386575" t="это"><g v="NPRO"></g><g v="neut"></g><g v="sing"></g><g v="gent"></g></l></v></tfr></token><token id="605940" text="назвали"><tfr rev_id="1438361" t="назвали"><v><l id="170342" t="назвал"><g v="VERB"></g><g v="perf"></g><g v="tran"></g><g v="plur"></g><g v="past"></g><g v="indc"></g></l></v></tfr></token><token id="605941" text="непрозрачность"><tfr rev_id="1438362" t="непрозрачность"><v><l id="186846" t="непрозрачность"><g v="NOUN"></g><g v="inan"></g><g v="femn"></g><g v="Sgtm"></g><g v="sing"></g><g v="nomn"></g></l></v><v><l id="186846" t="непрозрачность"><g v="NOUN"></g><g v="inan"></g><g v="femn"></g><g v="Sgtm"></g><g v="sing"></g><g v="accs"></g></l></v></tfr></token><token id="605942" text="бухгалтерии"><tfr rev_id="4277716" t="бухгалтерии"><v><l id="36797" t="бухгалтерия"><g v="NOUN"></g><g v="inan"></g><g v="femn"></g><g v="sing"></g><g v="gent"></g></l></v></tfr></token><token id="605943" text="пунктов"><tfr rev_id="1438364" t="пунктов"><v><l id="289177" t="пункт"><g v="NOUN"></g><g v="inan"></g><g v="masc"></g><g v="plur"></g><g v="gent"></g></l></v></tfr></token><token id="605944" text="обменных"><tfr rev_id="4408069" t="обменных"><v><l id="197177" t="обменный"><g v="ADJF"></g><g v="Qual"></g><g v="plur"></g><g v="gent"></g></l></v></tfr></token><token id="605945" text="валют"><tfr rev_id="1438366" t="валют"><v><l id="38449" t="валюта"><g v="NOUN"></g><g v="inan"></g><g v="femn"></g><g v="plur"></g><g v="gent"></g></l></v></tfr></token><token id="605946" text=","><tfr rev_id="1438367" t=","><v><l id="0" t=","><g v="PNCT"></g></l></v></tfr></token><token id="605947" text="а"><tfr rev_id="1438368" t="а"><v><l id="51" t="а"><g v="CONJ"></g></l></v><v><l id="52" t="а"><g v="INTJ"></g></l></v><v><l id="53" t="а"><g v="PRCL"></g></l></v></tfr></token><token id="605948" text="также"><tfr rev_id="4267726" t="также"><v><l id="342482" t="также"><g v="PRCL"></g></l></v></tfr></token><token id="605949" text="трудность"><tfr rev_id="1438370" t="трудность"><v><l id="350840" t="трудность"><g v="NOUN"></g><g v="inan"></g><g v="femn"></g><g v="sing"></g><g v="nomn"></g></l></v><v><l id="350840" t="трудность"><g v="NOUN"></g><g v="inan"></g><g v="femn"></g><g v="sing"></g><g v="accs"></g></l></v></tfr></token><token id="605950" text="контроля"><tfr rev_id="1438371" t="контроля"><v><l id="138615" t="контроль"><g v="NOUN"></g><g v="inan"></g><g v="masc"></g><g v="sing"></g><g v="gent"></g></l></v></tfr></token><token id="605951" text=","><tfr rev_id="1438372" t=","><v><l id="0" t=","><g v="PNCT"></g></l></v></tfr></token><token id="605952" text="который"><tfr rev_id="3637402" t="который"><v><l id="141203" t="который"><g v="ADJF"></g><g v="Apro"></g><g v="Subx"></g><g v="Anph"></g><g v="masc"></g><g v="sing"></g><g v="nomn"></g></l></v><v><l id="141203" t="который"><g v="ADJF"></g><g v="Apro"></g><g v="Subx"></g><g v="Anph"></g><g v="inan"></g><g v="masc"></g><g v="sing"></g><g v="accs"></g></l></v></tfr></token><token id="605953" text="должен"><tfr rev_id="2558769" t="должен"><v><l id="87975" t="должен"><g v="ADJS"></g><g v="masc"></g><g v="sing"></g></l></v></tfr></token><token id="605954" text="был"><tfr rev_id="1438375" t="был"><v><l id="37265" t="есть"><g v="VERB"></g><g v="impf"></g><g v="intr"></g><g v="masc"></g><g v="sing"></g><g v="past"></g><g v="indc"></g></l></v></tfr></token><token id="605955" text="осуществлять"><tfr rev_id="1438376" t="осуществлять"><v><l id="211540" t="осуществлять"><g v="INFN"></g><g v="impf"></g><g v="tran"></g></l></v></tfr></token><token id="605956" text="регулятор"><tfr rev_id="3531409" t="регулятор"><v><l id="304952" t="регулятор"><g v="NOUN"></g><g v="inan"></g><g v="masc"></g><g v="sing"></g><g v="nomn"></g></l></v></tfr></token><token id="605957" text="."><tfr rev_id="1438378" t="."><v><l id="0" t="."><g v="PNCT"></g></l></v></tfr></token></tokens></sentence><sentence id="33840"><source>Часто наблюдались ситуации, когда в обменниках незаконно оборачивали средства и играли на валютном курсе фактически как мошенники.</source><tokens><token id="605958" text="Часто"><tfr rev_id="1438379" t="Часто"><v><l id="374798" t="часто"><g v="ADVB"></g></l></v><v><l id="374818" t="част"><g v="ADJS"></g><g v="Qual"></g><g v="neut"></g><g v="sing"></g></l></v></tfr></token><token id="605959" text="наблюдались"><tfr rev_id="1438380" t="наблюдались"><v><l id="166539" t="наблюдаюсь"><g v="VERB"></g><g v="impf"></g><g v="intr"></g><g v="plur"></g><g v="past"></g><g v="indc"></g></l></v></tfr></token><token id="605960" text="ситуации"><tfr rev_id="3797820" t="ситуации"><v><l id="321441" t="ситуация"><g v="NOUN"></g><g v="inan"></g><g v="femn"></g><g v="plur"></g><g v="nomn"></g></l></v></tfr></token><token id="605961" text=","><tfr rev_id="1438382" t=","><v><l id="0" t=","><g v="PNCT"></g></l></v></tfr></token><token id="605962" text="когда"><tfr rev_id="1438383" t="когда"><v><l id="135239" t="когда"><g v="CONJ"></g></l></v><v><l id="135240" t="когда"><g v="ADVB"></g><g v="Ques"></g></l></v></tfr></token><token id="605963" text="в"><tfr rev_id="1438384" t="в"><v><l id="37409" t="в"><g v="PREP"></g></l></v></tfr></token><token id="605964" text="обменниках"><tfr rev_id="4533895" t="обменниках"><v><l id="392633" t="обменник"><g v="NOUN"></g><g v="inan"></g><g v="masc"></g><g v="Infr"></g><g v="plur"></g><g v="loct"></g></l></v></tfr></token><token id="605965" text="незаконно"><tfr rev_id="1438386" t="незаконно"><v><l id="182220" t="незаконно"><g v="ADVB"></g></l></v><v><l id="182227" t="незаконен"><g v="ADJS"></g><g v="Qual"></g><g v="neut"></g><g v="sing"></g></l></v></tfr></token><token id="605966" text="оборачивали"><tfr rev_id="1438387" t="оборачивали"><v><l id="198445" t="оборачиваю"><g v="VERB"></g><g v="impf"></g><g v="tran"></g><g v="plur"></g><g v="past"></g><g v="indc"></g></l></v></tfr></token><token id="605967" text="средства"><tfr rev_id="3768774" t="средства"><v><l id="333716" t="средство"><g v="NOUN"></g><g v="inan"></g><g v="neut"></g><g v="plur"></g><g v="accs"></g></l></v></tfr></token><token id="605968" text="и"><tfr rev_id="3690566" t="и"><v><l id="116949" t="и"><g v="CONJ"></g></l></v></tfr></token><token id="605969" text="играли"><tfr rev_id="1438390" t="играли"><v><l id="117311" t="играю"><g v="VERB"></g><g v="impf"></g><g v="tran"></g><g v="plur"></g><g v="past"></g><g v="indc"></g></l></v></tfr></token><token id="605970" text="на"><tfr rev_id="3345767" t="на"><v><l id="166264" t="на"><g v="PREP"></g></l></v></tfr></token><token id="605971" text="валютном"><tfr rev_id="3454302" t="валютном"><v><l id="38451" t="валютный"><g v="ADJF"></g><g v="Qual"></g><g v="masc"></g><g v="sing"></g><g v="loct"></g></l></v></tfr></token><token id="605972" text="курсе"><tfr rev_id="1438393" t="курсе"><v><l id="145471" t="курс"><g v="NOUN"></g><g v="inan"></g><g v="masc"></g><g v="sing"></g><g v="loct"></g></l></v></tfr></token><token id="605973" text="фактически"><tfr rev_id="3190234" t="фактически"><v><l id="364168" t="фактически"><g v="ADVB"></g></l></v><v><l id="364170" t="фактически"><g v="CONJ"></g><g v="Prnt"></g></l></v></tfr></token><token id="605974" text="как"><tfr rev_id="1438395" t="как"><v><l id="128190" t="как"><g v="CONJ"></g></l></v><v><l id="128191" t="как"><g v="PRCL"></g></l></v><v><l id="128192" t="как"><g v="ADVB"></g><g v="Ques"></g></l></v></tfr></token><token id="605975" text="мошенники"><tfr rev_id="1438396" t="мошенники"><v><l id="164495" t="мошенник"><g v="NOUN"></g><g v="anim"></g><g v="masc"></g><g v="plur"></g><g v="nomn"></g></l></v></tfr></token><token id="605976" text="."><tfr rev_id="1438397" t="."><v><l id="0" t="."><g v="PNCT"></g></l></v></tfr></token></tokens></sentence></paragraph><paragraph id="10826"><sentence id="33841"><source>Банкиры заявляют, что этого большая часть населения пострадать не должна.</source><tokens><token id="605977" text="Банкиры"><tfr rev_id="1438398" t="Банкиры"><v><l id="23584" t="банкир"><g v="NOUN"></g><g v="anim"></g><g v="masc"></g><g v="plur"></g><g v="nomn"></g></l></v></tfr></token><token id="605978" text="заявляют"><tfr rev_id="1438399" t="заявляют"><v><l id="114312" t="заявляю"><g v="VERB"></g><g v="impf"></g><g v="tran"></g><g v="plur"></g><g v="3per"></g><g v="pres"></g><g v="indc"></g></l></v></tfr></token><token id="605979" text=","><tfr rev_id="1438400" t=","><v><l id="0" t=","><g v="PNCT"></g></l></v></tfr></token><token id="605980" text="что"><tfr rev_id="3196831" t="что"><v><l id="377004" t="что"><g v="CONJ"></g></l></v><v><l id="377005" t="что"><g v="NPRO"></g><g v="neut"></g><g v="sing"></g><g v="nomn"></g></l></v><v><l id="377005" t="что"><g v="NPRO"></g><g v="neut"></g><g v="sing"></g><g v="accs"></g></l></v><v><l id="377006" t="что"><g v="ADVB"></g><g v="Ques"></g></l></v><v><l id="388695" t="что"><g v="PRCL"></g></l></v></tfr></token><token id="605981" text="этого"><tfr rev_id="4475105" t="этого"><v><l id="386575" t="это"><g v="NPRO"></g><g v="neut"></g><g v="sing"></g><g v="gent"></g></l></v></tfr></token><token id="605982" text="большая"><tfr rev_id="4534198" t="большая"><v><l id="32439" t="больший"><g v="ADJF"></g><g v="Qual"></g><g v="femn"></g><g v="sing"></g><g v="nomn"></g></l></v><v><l id="32445" t="большой"><g v="ADJF"></g><g v="Qual"></g><g v="femn"></g><g v="sing"></g><g v="nomn"></g></l></v></tfr></token><token id="605983" text="часть"><tfr rev_id="3491503" t="часть"><v><l id="374820" t="часть"><g v="NOUN"></g><g v="inan"></g><g v="femn"></g><g v="sing"></g><g v="nomn"></g></l></v></tfr></token><token id="605984" text="населения"><tfr rev_id="2721917" t="населения"><v><l id="175227" t="население"><g v="NOUN"></g><g v="inan"></g><g v="neut"></g><g v="sing"></g><g v="gent"></g></l></v></tfr></token><token id="605985" text="пострадать"><tfr rev_id="1438406" t="пострадать"><v><l id="262436" t="пострадать"><g v="INFN"></g><g v="perf"></g><g v="intr"></g></l></v></tfr></token><token id="605986" text="не"><tfr rev_id="1438407" t="не"><v><l id="178876" t="не"><g v="PRCL"></g></l></v></tfr></token><token id="605987" text="должна"><tfr rev_id="2558935" t="должна"><v><l id="87975" t="должен"><g v="ADJS"></g><g v="femn"></g><g v="sing"></g></l></v></tfr></token><token id="605988" text="."><tfr rev_id="1438409" t="."><v><l id="0" t="."><g v="PNCT"></g></l></v></tfr></token></tokens></sentence><sentence id="33842"><source>Сайт www.1obl.ru предупреждает, что в ситуации, когда на некой вывеске размещена надпись «Обменный пункт», гражданин имеет право пожаловаться на это в любое отделение w:Центробанка — теперь такие учереждения не имеют право работать в России.</source><tokens><token id="605989" text="Сайт"><tfr rev_id="3949247" t="Сайт"><v><l id="311674" t="сайт"><g v="NOUN"></g><g v="inan"></g><g v="masc"></g><g v="sing"></g><g v="nomn"></g></l></v></tfr></token><token id="605990" text="www.1obl.ru"><tfr rev_id="1438411" t="www.1obl.ru"><v><l id="0" t="www.1obl.ru"><g v="UNKN"></g></l></v></tfr></token><token id="605991" text="предупреждает"><tfr rev_id="1438412" t="предупреждает"><v><l id="267280" t="предупреждаю"><g v="VERB"></g><g v="impf"></g><g v="tran"></g><g v="sing"></g><g v="3per"></g><g v="pres"></g><g v="indc"></g></l></v></tfr></token><token id="605992" text=","><tfr rev_id="1438413" t=","><v><l id="0" t=","><g v="PNCT"></g></l></v></tfr></token><token id="605993" text="что"><tfr rev_id="3196832" t="что"><v><l id="377004" t="что"><g v="CONJ"></g></l></v><v><l id="377005" t="что"><g v="NPRO"></g><g v="neut"></g><g v="sing"></g><g v="nomn"></g></l></v><v><l id="377005" t="что"><g v="NPRO"></g><g v="neut"></g><g v="sing"></g><g v="accs"></g></l></v><v><l id="377006" t="что"><g v="ADVB"></g><g v="Ques"></g></l></v><v><l id="388695" t="что"><g v="PRCL"></g></l></v></tfr></token><token id="605994" text="в"><tfr rev_id="1438415" t="в"><v><l id="37409" t="в"><g v="PREP"></g></l></v></tfr></token><token id="605995" text="ситуации"><tfr rev_id="4179558" t="ситуации"><v><l id="321441" t="ситуация"><g v="NOUN"></g><g v="inan"></g><g v="femn"></g><g v="sing"></g><g v="loct"></g></l></v></tfr></token><token id="605996" text=","><tfr rev_id="1438417" t=","><v><l id="0" t=","><g v="PNCT"></g></l></v></tfr></token><token id="605997" text="когда"><tfr rev_id="1438418" t="когда"><v><l id="135239" t="когда"><g v="CONJ"></g></l></v><v><l id="135240" t="когда"><g v="ADVB"></g><g v="Ques"></g></l></v></tfr></token><token id="605998" text="на"><tfr rev_id="3475307" t="на"><v><l id="166264" t="на"><g v="PREP"></g></l></v></tfr></token><token id="605999" text="некой"><tfr rev_id="3883496" t="некой"><v><l id="183295" t="некий"><g v="ADJF"></g><g v="Apro"></g><g v="femn"></g><g v="sing"></g><g v="loct"></g></l></v></tfr></token><token id="606000" text="вывеске"><tfr rev_id="3446981" t="вывеске"><v><l id="56214" t="вывеска"><g v="NOUN"></g><g v="inan"></g><g v="femn"></g><g v="sing"></g><g v="loct"></g></l></v></tfr></token><token id="606001" text="размещена"><tfr rev_id="1438422" t="размещена"><v><l id="295054" t="размещён"><g v="PRTS"></g><g v="perf"></g><g v="past"></g><g v="pssv"></g><g v="femn"></g><g v="sing"></g></l></v></tfr></token><token id="606002" text="надпись"><tfr rev_id="3465308" t="надпись"><v><l id="169326" t="надпись"><g v="NOUN"></g><g v="inan"></g><g v="femn"></g><g v="sing"></g><g v="nomn"></g></l></v></tfr></token><token id="606003" text="«"><tfr rev_id="2443690" t="«"><v><l id="0" t="«"><g v="PNCT"></g></l></v></tfr></token><token id="606004" text="Обменный"><tfr rev_id="1438425" t="Обменный"><v><l id="197177" t="обменный"><g v="ADJF"></g><g v="Qual"></g><g v="masc"></g><g v="sing"></g><g v="nomn"></g></l></v><v><l id="197177" t="обменный"><g v="ADJF"></g><g v="Qual"></g><g v="inan"></g><g v="masc"></g><g v="sing"></g><g v="accs"></g></l></v></tfr></token><token id="606005" text="пункт"><tfr rev_id="4098766" t="пункт"><v><l id="289177" t="пункт"><g v="NOUN"></g><g v="inan"></g><g v="masc"></g><g v="sing"></g><g v="nomn"></g></l></v></tfr></token><token id="606006" text="»"><tfr rev_id="2443691" t="»"><v><l id="0" t="»"><g v="PNCT"></g></l></v></tfr></token><token id="606007" text=","><tfr rev_id="1438428" t=","><v><l id="0" t=","><g v="PNCT"></g></l></v></tfr></token><token id="606008" text="гражданин"><tfr rev_id="1438429" t="гражданин"><v><l id="74521" t="гражданин"><g v="NOUN"></g><g v="anim"></g><g v="masc"></g><g v="sing"></g><g v="nomn"></g></l></v></tfr></token><token id="606009" text="имеет"><tfr rev_id="1438430" t="имеет"><v><l id="121610" t="имею"><g v="VERB"></g><g v="impf"></g><g v="tran"></g><g v="sing"></g><g v="3per"></g><g v="pres"></g><g v="indc"></g></l></v></tfr></token><token id="606010" text="право"><tfr rev_id="4471805" t="право"><v><l id="265680" t="право"><g v="NOUN"></g><g v="inan"></g><g v="neut"></g><g v="sing"></g><g v="accs"></g></l></v></tfr></token><token id="606011" text="пожаловаться"><tfr rev_id="1438432" t="пожаловаться"><v><l id="253029" t="пожаловаться"><g v="INFN"></g><g v="perf"></g><g v="intr"></g></l></v></tfr></token><token id="606012" text="на"><tfr rev_id="3345236" t="на"><v><l id="166264" t="на"><g v="PREP"></g></l></v></tfr></token><token id="606013" text="это"><tfr rev_id="4441554" t="это"><v><l id="386574" t="это"><g v="PRCL"></g></l></v><v><l id="386575" t="это"><g v="NPRO"></g><g v="neut"></g><g v="sing"></g><g v="nomn"></g></l></v><v><l id="386575" t="это"><g v="NPRO"></g><g v="neut"></g><g v="sing"></g><g v="accs"></g></l></v><v><l id="386581" t="этот"><g v="ADJF"></g><g v="Subx"></g><g v="Apro"></g><g v="Anph"></g><g v="neut"></g><g v="sing"></g><g v="nomn"></g></l></v><v><l id="386581" t="этот"><g v="ADJF"></g><g v="Subx"></g><g v="Apro"></g><g v="Anph"></g><g v="neut"></g><g v="sing"></g><g v="accs"></g></l></v></tfr></token><token id="606014" text="в"><tfr rev_id="1438435" t="в"><v><l id="37409" t="в"><g v="PREP"></g></l></v></tfr></token><token id="606015" text="любое"><tfr rev_id="1438436" t="любое"><v><l id="152026" t="любой"><g v="ADJF"></g><g v="Apro"></g><g v="neut"></g><g v="sing"></g><g v="nomn"></g></l></v><v><l id="152026" t="любой"><g v="ADJF"></g><g v="Apro"></g><g v="neut"></g><g v="sing"></g><g v="accs"></g></l></v></tfr></token><token id="606016" text="отделение"><tfr rev_id="4211373" t="отделение"><v><l id="213368" t="отделение"><g v="NOUN"></g><g v="inan"></g><g v="neut"></g><g v="sing"></g><g v="accs"></g></l></v></tfr></token><token id="606017" text="w"><tfr rev_id="2474735" t="w"><v><l id="0" t="w"><g v="LATN"></g></l></v></tfr></token><token id="606018" text=":"><tfr rev_id="1438439" t=":"><v><l id="0" t=":"><g v="PNCT"></g></l></v></tfr></token><token id="606019" text="Центробанка"><tfr rev_id="1438440" t="Центробанка"><v><l id="373489" t="центробанк"><g v="NOUN"></g><g v="inan"></g><g v="masc"></g><g v="Orgn"></g><g v="sing"></g><g v="gent"></g></l></v></tfr></token><token id="606020" text="—"><tfr rev_id="2443692" t="—"><v><l id="0" t="—"><g v="PNCT"></g></l></v></tfr></token><token id="606021" text="теперь"><tfr rev_id="1438442" t="теперь"><v><l id="344864" t="теперь"><g v="ADVB"></g></l></v></tfr></token><token id="606022" text="такие"><tfr rev_id="4083703" t="такие"><v><l id="342491" t="такой"><g v="ADJF"></g><g v="Apro"></g><g v="plur"></g><g v="nomn"></g></l></v></tfr></token><token id="606023" text="учереждения"><tfr rev_id="1438444" t="учереждения"><v><l id="0" t="учереждения"><g v="UNKN"></g></l></v></tfr></token><token id="606024" text="не"><tfr rev_id="1438445" t="не"><v><l id="178876" t="не"><g v="PRCL"></g></l></v></tfr></token><token id="606025" text="имеют"><tfr rev_id="1438446" t="имеют"><v><l id="121610" t="имею"><g v="VERB"></g><g v="impf"></g><g v="tran"></g><g v="plur"></g><g v="3per"></g><g v="pres"></g><g v="indc"></g></l></v></tfr></token><token id="606026" text="право"><tfr rev_id="4417344" t="право"><v><l id="265680" t="право"><g v="NOUN"></g><g v="inan"></g><g v="neut"></g><g v="sing"></g><g v="accs"></g></l></v></tfr></token><token id="606027" text="работать"><tfr rev_id="1438448" t="работать"><v><l id="290503" t="работать"><g v="INFN"></g><g v="impf"></g><g v="intr"></g></l></v></tfr></token><token id="606028" text="в"><tfr rev_id="1438449" t="в"><v><l id="37409" t="в"><g v="PREP"></g></l></v></tfr></token><token id="606029" text="России"><tfr rev_id="2627697" t="России"><v><l id="309322" t="россия"><g v="NOUN"></g><g v="inan"></g><g v="femn"></g><g v="Sgtm"></g><g v="Geox"></g><g v="sing"></g><g v="loct"></g></l></v></tfr></token><token id="606030" text="."><tfr rev_id="1438451" t="."><v><l id="0" t="."><g v="PNCT"></g></l></v></tfr></token></tokens></sentence></paragraph></paragraphs></text>