<?xml version="1.0" encoding="utf-8"?><text id="107" parent="56" name="Кровопролитие в Сирии затронуло Ливан"><tags><tag>Дата:21/05</tag><tag>Год:2011</tag><tag>Автор:http://ru.wikinews.org/wiki/Участник:Zooro-Patriot</tag><tag>url:http://ru.wikinews.org/w/index.php?title=Кровопролитие_в_Сирии_затронуло_Ливан&amp;oldid=55563</tag><tag>Гео:ВикиКатегория:Сирия</tag><tag>Гео:ВикиКатегория:Ливан</tag></tags><paragraphs><paragraph id="2474"><sentence id="7801"><source>На границе с Ливаном убита женщина, пять человек ранены</source><tokens><token id="149972" text="На"><tfr rev_id="3342967" t="На"><v><l id="166264" t="на"><g v="PREP"></g></l></v></tfr></token><token id="149973" text="границе"><tfr rev_id="2737449" t="границе"><v><l id="74687" t="граница"><g v="NOUN"></g><g v="inan"></g><g v="femn"></g><g v="sing"></g><g v="loct"></g></l></v></tfr></token><token id="149974" text="с"><tfr rev_id="984795" t="с"><v><l id="311151" t="с"><g v="PREP"></g></l></v></tfr></token><token id="149975" text="Ливаном"><tfr rev_id="984796" t="Ливаном"><v><l id="148931" t="ливан"><g v="NOUN"></g><g v="inan"></g><g v="masc"></g><g v="Geox"></g><g v="sing"></g><g v="ablt"></g></l></v></tfr></token><token id="149976" text="убита"><tfr rev_id="984797" t="убита"><v><l id="353018" t="убит"><g v="ADJS"></g><g v="Qual"></g><g v="femn"></g><g v="sing"></g></l></v><v><l id="353024" t="убит"><g v="PRTS"></g><g v="perf"></g><g v="past"></g><g v="pssv"></g><g v="femn"></g><g v="sing"></g></l></v></tfr></token><token id="149977" text="женщина"><tfr rev_id="984798" t="женщина"><v><l id="96749" t="женщина"><g v="NOUN"></g><g v="anim"></g><g v="femn"></g><g v="sing"></g><g v="nomn"></g></l></v></tfr></token><token id="149978" text=","><tfr rev_id="984799" t=","><v><l id="0" t=","><g v="PNCT"></g></l></v></tfr></token><token id="149979" text="пять"><tfr rev_id="984800" t="пять"><v><l id="290440" t="пять"><g v="NUMR"></g><g v="nomn"></g></l></v><v><l id="290440" t="пять"><g v="NUMR"></g><g v="accs"></g></l></v></tfr></token><token id="149980" text="человек"><tfr rev_id="3495342" t="человек"><v><l id="375073" t="человек"><g v="NOUN"></g><g v="anim"></g><g v="masc"></g><g v="plur"></g><g v="gent"></g></l></v></tfr></token><token id="149981" text="ранены"><tfr rev_id="4347960" t="ранены"><v><l id="297935" t="ранен"><g v="PRTS"></g><g v="perf"></g><g v="past"></g><g v="pssv"></g><g v="plur"></g></l></v><v><l id="297936" t="ранен"><g v="PRTS"></g><g v="impf"></g><g v="past"></g><g v="pssv"></g><g v="plur"></g></l></v></tfr></token></tokens></sentence></paragraph><paragraph id="2475"><sentence id="7802"><source>В воскресенье, продолжающееся в Сирии кровопролитие затронуло Ливан, когда в результате выстрелов, произведенных с сирийской территории, на пограничном пункте погибла женщина.</source><tokens><token id="149982" text="В"><tfr rev_id="984803" t="В"><v><l id="37409" t="в"><g v="PREP"></g></l></v></tfr></token><token id="149983" text="воскресенье"><tfr rev_id="4463861" t="воскресенье"><v><l id="51393" t="воскресение"><g v="NOUN"></g><g v="inan"></g><g v="neut"></g><g v="sing"></g><g v="accs"></g><g v="V-be"></g></l></v><v><l id="51406" t="воскресенье"><g v="NOUN"></g><g v="inan"></g><g v="neut"></g><g v="sing"></g><g v="accs"></g></l></v></tfr></token><token id="149984" text=","><tfr rev_id="984805" t=","><v><l id="0" t=","><g v="PNCT"></g></l></v></tfr></token><token id="149985" text="продолжающееся"><tfr rev_id="984806" t="продолжающееся"><v><l id="279224" t="продолжающийся"><g v="PRTF"></g><g v="impf"></g><g v="intr"></g><g v="pres"></g><g v="actv"></g><g v="neut"></g><g v="sing"></g><g v="nomn"></g></l></v><v><l id="279224" t="продолжающийся"><g v="PRTF"></g><g v="impf"></g><g v="intr"></g><g v="pres"></g><g v="actv"></g><g v="neut"></g><g v="sing"></g><g v="accs"></g></l></v></tfr></token><token id="149986" text="в"><tfr rev_id="984807" t="в"><v><l id="37409" t="в"><g v="PREP"></g></l></v></tfr></token><token id="149987" text="Сирии"><tfr rev_id="3455509" t="Сирии"><v><l id="321288" t="сирия"><g v="NOUN"></g><g v="inan"></g><g v="femn"></g><g v="Sgtm"></g><g v="Geox"></g><g v="sing"></g><g v="loct"></g></l></v></tfr></token><token id="149988" text="кровопролитие"><tfr rev_id="984809" t="кровопролитие"><v><l id="143131" t="кровопролитие"><g v="NOUN"></g><g v="inan"></g><g v="neut"></g><g v="sing"></g><g v="nomn"></g></l></v><v><l id="143131" t="кровопролитие"><g v="NOUN"></g><g v="inan"></g><g v="neut"></g><g v="sing"></g><g v="accs"></g></l></v></tfr></token><token id="149989" text="затронуло"><tfr rev_id="984810" t="затронуло"><v><l id="111983" t="затронул"><g v="VERB"></g><g v="perf"></g><g v="tran"></g><g v="neut"></g><g v="sing"></g><g v="past"></g><g v="indc"></g></l></v></tfr></token><token id="149990" text="Ливан"><tfr rev_id="3437409" t="Ливан"><v><l id="148931" t="ливан"><g v="NOUN"></g><g v="inan"></g><g v="masc"></g><g v="Geox"></g><g v="sing"></g><g v="nomn"></g></l></v><v><l id="148931" t="ливан"><g v="NOUN"></g><g v="inan"></g><g v="masc"></g><g v="Geox"></g><g v="sing"></g><g v="accs"></g></l></v></tfr></token><token id="149991" text=","><tfr rev_id="984812" t=","><v><l id="0" t=","><g v="PNCT"></g></l></v></tfr></token><token id="149992" text="когда"><tfr rev_id="984813" t="когда"><v><l id="135239" t="когда"><g v="CONJ"></g></l></v><v><l id="135240" t="когда"><g v="ADVB"></g><g v="Ques"></g></l></v></tfr></token><token id="149993" text="в"><tfr rev_id="984814" t="в"><v><l id="37409" t="в"><g v="PREP"></g></l></v></tfr></token><token id="149994" text="результате"><tfr rev_id="984815" t="результате"><v><l id="305391" t="результат"><g v="NOUN"></g><g v="inan"></g><g v="masc"></g><g v="sing"></g><g v="loct"></g></l></v></tfr></token><token id="149995" text="выстрелов"><tfr rev_id="984816" t="выстрелов"><v><l id="62743" t="выстрел"><g v="NOUN"></g><g v="inan"></g><g v="masc"></g><g v="plur"></g><g v="gent"></g></l></v></tfr></token><token id="149996" text=","><tfr rev_id="984817" t=","><v><l id="0" t=","><g v="PNCT"></g></l></v></tfr></token><token id="149997" text="произведенных"><tfr rev_id="3417736" t="произведенных"><v><l id="280088" t="произведённый"><g v="PRTF"></g><g v="perf"></g><g v="tran"></g><g v="past"></g><g v="pssv"></g><g v="plur"></g><g v="gent"></g></l></v></tfr></token><token id="149998" text="с"><tfr rev_id="984819" t="с"><v><l id="311151" t="с"><g v="PREP"></g></l></v></tfr></token><token id="149999" text="сирийской"><tfr rev_id="2637212" t="сирийской"><v><l id="321283" t="сирийский"><g v="ADJF"></g><g v="femn"></g><g v="sing"></g><g v="gent"></g></l></v></tfr></token><token id="150000" text="территории"><tfr rev_id="4178074" t="территории"><v><l id="345621" t="территория"><g v="NOUN"></g><g v="inan"></g><g v="femn"></g><g v="sing"></g><g v="gent"></g></l></v></tfr></token><token id="150001" text=","><tfr rev_id="984822" t=","><v><l id="0" t=","><g v="PNCT"></g></l></v></tfr></token><token id="150002" text="на"><tfr rev_id="3395766" t="на"><v><l id="166264" t="на"><g v="PREP"></g></l></v></tfr></token><token id="150003" text="пограничном"><tfr rev_id="4094248" t="пограничном"><v><l id="243524" t="пограничный"><g v="ADJF"></g><g v="masc"></g><g v="sing"></g><g v="loct"></g></l></v></tfr></token><token id="150004" text="пункте"><tfr rev_id="984825" t="пункте"><v><l id="289177" t="пункт"><g v="NOUN"></g><g v="inan"></g><g v="masc"></g><g v="sing"></g><g v="loct"></g></l></v></tfr></token><token id="150005" text="погибла"><tfr rev_id="984826" t="погибла"><v><l id="243191" t="погиб"><g v="VERB"></g><g v="perf"></g><g v="intr"></g><g v="femn"></g><g v="sing"></g><g v="past"></g><g v="indc"></g></l></v></tfr></token><token id="150006" text="женщина"><tfr rev_id="984827" t="женщина"><v><l id="96749" t="женщина"><g v="NOUN"></g><g v="anim"></g><g v="femn"></g><g v="sing"></g><g v="nomn"></g></l></v></tfr></token><token id="150007" text="."><tfr rev_id="984828" t="."><v><l id="0" t="."><g v="PNCT"></g></l></v></tfr></token></tokens></sentence></paragraph><paragraph id="2476"><sentence id="7803"><source>По сообщениям ливанских служб безопасности, в результате перестрелки на пограничном пункте аль-Бекайя ранения получили еще пять человек, в том числе ливанский пограничник.</source><tokens><token id="150008" text="По"><tfr rev_id="984829" t="По"><v><l id="241240" t="по"><g v="PREP"></g></l></v></tfr></token><token id="150009" text="сообщениям"><tfr rev_id="984830" t="сообщениям"><v><l id="329550" t="сообщение"><g v="NOUN"></g><g v="inan"></g><g v="neut"></g><g v="plur"></g><g v="datv"></g></l></v></tfr></token><token id="150010" text="ливанских"><tfr rev_id="4400601" t="ливанских"><v><l id="148935" t="ливанский"><g v="ADJF"></g><g v="plur"></g><g v="gent"></g></l></v></tfr></token><token id="150011" text="служб"><tfr rev_id="984832" t="служб"><v><l id="325377" t="служба"><g v="NOUN"></g><g v="inan"></g><g v="femn"></g><g v="plur"></g><g v="gent"></g></l></v></tfr></token><token id="150012" text="безопасности"><tfr rev_id="4289014" t="безопасности"><v><l id="26215" t="безопасность"><g v="NOUN"></g><g v="inan"></g><g v="femn"></g><g v="sing"></g><g v="gent"></g></l></v></tfr></token><token id="150013" text=","><tfr rev_id="984834" t=","><v><l id="0" t=","><g v="PNCT"></g></l></v></tfr></token><token id="150014" text="в"><tfr rev_id="984835" t="в"><v><l id="37409" t="в"><g v="PREP"></g></l></v></tfr></token><token id="150015" text="результате"><tfr rev_id="984836" t="результате"><v><l id="305391" t="результат"><g v="NOUN"></g><g v="inan"></g><g v="masc"></g><g v="sing"></g><g v="loct"></g></l></v></tfr></token><token id="150016" text="перестрелки"><tfr rev_id="3490130" t="перестрелки"><v><l id="234832" t="перестрелка"><g v="NOUN"></g><g v="inan"></g><g v="femn"></g><g v="sing"></g><g v="gent"></g></l></v></tfr></token><token id="150017" text="на"><tfr rev_id="3339330" t="на"><v><l id="166264" t="на"><g v="PREP"></g></l></v></tfr></token><token id="150018" text="пограничном"><tfr rev_id="3477370" t="пограничном"><v><l id="243524" t="пограничный"><g v="ADJF"></g><g v="masc"></g><g v="sing"></g><g v="loct"></g></l></v></tfr></token><token id="150019" text="пункте"><tfr rev_id="984840" t="пункте"><v><l id="289177" t="пункт"><g v="NOUN"></g><g v="inan"></g><g v="masc"></g><g v="sing"></g><g v="loct"></g></l></v></tfr></token><token id="150020" text="аль-Бекайя"><tfr rev_id="984841" t="аль-Бекайя"><v><l id="0" t="аль-бекайя"><g v="UNKN"></g></l></v></tfr></token><token id="150021" text="ранения"><tfr rev_id="3757828" t="ранения"><v><l id="297885" t="ранение"><g v="NOUN"></g><g v="inan"></g><g v="neut"></g><g v="plur"></g><g v="accs"></g></l></v></tfr></token><token id="150022" text="получили"><tfr rev_id="984843" t="получили"><v><l id="256959" t="получил"><g v="VERB"></g><g v="perf"></g><g v="tran"></g><g v="plur"></g><g v="past"></g><g v="indc"></g></l></v></tfr></token><token id="150023" text="еще"><tfr rev_id="984844" t="еще"><v><l id="95551" t="ещё"><g v="PRCL"></g></l></v><v><l id="95552" t="ещё"><g v="ADVB"></g></l></v></tfr></token><token id="150024" text="пять"><tfr rev_id="984845" t="пять"><v><l id="290440" t="пять"><g v="NUMR"></g><g v="nomn"></g></l></v><v><l id="290440" t="пять"><g v="NUMR"></g><g v="accs"></g></l></v></tfr></token><token id="150025" text="человек"><tfr rev_id="3495849" t="человек"><v><l id="375073" t="человек"><g v="NOUN"></g><g v="anim"></g><g v="masc"></g><g v="plur"></g><g v="gent"></g></l></v></tfr></token><token id="150026" text=","><tfr rev_id="984847" t=","><v><l id="0" t=","><g v="PNCT"></g></l></v></tfr></token><token id="150027" text="в"><tfr rev_id="984848" t="в"><v><l id="37409" t="в"><g v="PREP"></g></l></v></tfr></token><token id="150028" text="том"><tfr rev_id="4292393" t="том"><v><l id="348430" t="тот"><g v="ADJF"></g><g v="Subx"></g><g v="Apro"></g><g v="Anph"></g><g v="masc"></g><g v="sing"></g><g v="loct"></g></l></v><v><l id="348430" t="тот"><g v="ADJF"></g><g v="Subx"></g><g v="Apro"></g><g v="Anph"></g><g v="neut"></g><g v="sing"></g><g v="loct"></g></l></v></tfr></token><token id="150029" text="числе"><tfr rev_id="984850" t="числе"><v><l id="376585" t="число"><g v="NOUN"></g><g v="inan"></g><g v="neut"></g><g v="sing"></g><g v="loct"></g></l></v></tfr></token><token id="150030" text="ливанский"><tfr rev_id="984851" t="ливанский"><v><l id="148935" t="ливанский"><g v="ADJF"></g><g v="masc"></g><g v="sing"></g><g v="nomn"></g></l></v><v><l id="148935" t="ливанский"><g v="ADJF"></g><g v="inan"></g><g v="masc"></g><g v="sing"></g><g v="accs"></g></l></v></tfr></token><token id="150031" text="пограничник"><tfr rev_id="984852" t="пограничник"><v><l id="243523" t="пограничник"><g v="NOUN"></g><g v="anim"></g><g v="masc"></g><g v="sing"></g><g v="nomn"></g></l></v></tfr></token><token id="150032" text="."><tfr rev_id="984853" t="."><v><l id="0" t="."><g v="PNCT"></g></l></v></tfr></token></tokens></sentence></paragraph><paragraph id="2477"><sentence id="7804"><source>За последние пару дней сотни сирийцев, пытаясь спастись от репрессий, перешли границу с Ливаном.</source><tokens><token id="150033" text="За"><tfr rev_id="984854" t="За"><v><l id="98043" t="за"><g v="PREP"></g></l></v></tfr></token><token id="150034" text="последние"><tfr rev_id="3814033" t="последние"><v><l id="261565" t="последний"><g v="ADJF"></g><g v="inan"></g><g v="plur"></g><g v="accs"></g></l></v></tfr></token><token id="150035" text="пару"><tfr rev_id="4505702" t="пару"><v><l id="223626" t="пара"><g v="NOUN"></g><g v="inan"></g><g v="femn"></g><g v="sing"></g><g v="accs"></g></l></v></tfr></token><token id="150036" text="дней"><tfr rev_id="984857" t="дней"><v><l id="81427" t="день"><g v="NOUN"></g><g v="inan"></g><g v="masc"></g><g v="plur"></g><g v="gent"></g></l></v></tfr></token><token id="150037" text="сотни"><tfr rev_id="3758280" t="сотни"><v><l id="330847" t="сотня"><g v="NOUN"></g><g v="inan"></g><g v="femn"></g><g v="plur"></g><g v="nomn"></g></l></v></tfr></token><token id="150038" text="сирийцев"><tfr rev_id="4200195" t="сирийцев"><v><l id="321280" t="сириец"><g v="NOUN"></g><g v="anim"></g><g v="masc"></g><g v="plur"></g><g v="gent"></g></l></v></tfr></token><token id="150039" text=","><tfr rev_id="984860" t=","><v><l id="0" t=","><g v="PNCT"></g></l></v></tfr></token><token id="150040" text="пытаясь"><tfr rev_id="984861" t="пытаясь"><v><l id="290090" t="пытаясь"><g v="GRND"></g><g v="impf"></g><g v="intr"></g><g v="pres"></g></l></v></tfr></token><token id="150041" text="спастись"><tfr rev_id="984862" t="спастись"><v><l id="331599" t="спастись"><g v="INFN"></g><g v="perf"></g><g v="intr"></g></l></v></tfr></token><token id="150042" text="от"><tfr rev_id="984863" t="от"><v><l id="211644" t="от"><g v="PREP"></g></l></v></tfr></token><token id="150043" text="репрессий"><tfr rev_id="984864" t="репрессий"><v><l id="306672" t="репрессия"><g v="NOUN"></g><g v="inan"></g><g v="femn"></g><g v="plur"></g><g v="gent"></g></l></v></tfr></token><token id="150044" text=","><tfr rev_id="984865" t=","><v><l id="0" t=","><g v="PNCT"></g></l></v></tfr></token><token id="150045" text="перешли"><tfr rev_id="984866" t="перешли"><v><l id="229216" t="перешёл"><g v="VERB"></g><g v="perf"></g><g v="tran"></g><g v="plur"></g><g v="past"></g><g v="indc"></g></l></v><v><l id="234216" t="переслал"><g v="VERB"></g><g v="perf"></g><g v="tran"></g><g v="sing"></g><g v="impr"></g><g v="excl"></g></l></v></tfr></token><token id="150046" text="границу"><tfr rev_id="984867" t="границу"><v><l id="74687" t="граница"><g v="NOUN"></g><g v="inan"></g><g v="femn"></g><g v="sing"></g><g v="accs"></g></l></v></tfr></token><token id="150047" text="с"><tfr rev_id="984868" t="с"><v><l id="311151" t="с"><g v="PREP"></g></l></v></tfr></token><token id="150048" text="Ливаном"><tfr rev_id="984869" t="Ливаном"><v><l id="148931" t="ливан"><g v="NOUN"></g><g v="inan"></g><g v="masc"></g><g v="Geox"></g><g v="sing"></g><g v="ablt"></g></l></v></tfr></token><token id="150049" text="."><tfr rev_id="984870" t="."><v><l id="0" t="."><g v="PNCT"></g></l></v></tfr></token></tokens></sentence></paragraph><paragraph id="2478"><sentence id="7805"><source>По имеющимся оценкам, с середины марта, когда начались антиправительственные выступления, участники которых требуют отставки президента Сирии, погибли от 700 до 850 человек.</source><tokens><token id="150050" text="По"><tfr rev_id="984871" t="По"><v><l id="241240" t="по"><g v="PREP"></g></l></v></tfr></token><token id="150051" text="имеющимся"><tfr rev_id="2369026" t="имеющимся"><v><l id="121618" t="имеющийся"><g v="PRTF"></g><g v="impf"></g><g v="intr"></g><g v="pres"></g><g v="actv"></g><g v="plur"></g><g v="datv"></g></l></v></tfr></token><token id="150052" text="оценкам"><tfr rev_id="984873" t="оценкам"><v><l id="221498" t="оценка"><g v="NOUN"></g><g v="inan"></g><g v="femn"></g><g v="plur"></g><g v="datv"></g></l></v></tfr></token><token id="150053" text=","><tfr rev_id="984874" t=","><v><l id="0" t=","><g v="PNCT"></g></l></v></tfr></token><token id="150054" text="с"><tfr rev_id="984875" t="с"><v><l id="311151" t="с"><g v="PREP"></g></l></v></tfr></token><token id="150055" text="середины"><tfr rev_id="3453267" t="середины"><v><l id="319232" t="середина"><g v="NOUN"></g><g v="inan"></g><g v="femn"></g><g v="sing"></g><g v="gent"></g></l></v></tfr></token><token id="150056" text="марта"><tfr rev_id="4337478" t="марта"><v><l id="155465" t="март"><g v="NOUN"></g><g v="inan"></g><g v="masc"></g><g v="sing"></g><g v="gent"></g></l></v></tfr></token><token id="150057" text=","><tfr rev_id="984878" t=","><v><l id="0" t=","><g v="PNCT"></g></l></v></tfr></token><token id="150058" text="когда"><tfr rev_id="984879" t="когда"><v><l id="135239" t="когда"><g v="CONJ"></g></l></v><v><l id="135240" t="когда"><g v="ADVB"></g><g v="Ques"></g></l></v></tfr></token><token id="150059" text="начались"><tfr rev_id="984880" t="начались"><v><l id="178230" t="начался"><g v="VERB"></g><g v="perf"></g><g v="intr"></g><g v="plur"></g><g v="past"></g><g v="indc"></g></l></v></tfr></token><token id="150060" text="антиправительственные"><tfr rev_id="3860328" t="антиправительственные"><v><l id="14427" t="антиправительственный"><g v="ADJF"></g><g v="plur"></g><g v="nomn"></g></l></v></tfr></token><token id="150061" text="выступления"><tfr rev_id="3805005" t="выступления"><v><l id="62889" t="выступление"><g v="NOUN"></g><g v="inan"></g><g v="neut"></g><g v="plur"></g><g v="nomn"></g></l></v></tfr></token><token id="150062" text=","><tfr rev_id="984883" t=","><v><l id="0" t=","><g v="PNCT"></g></l></v></tfr></token><token id="150063" text="участники"><tfr rev_id="984884" t="участники"><v><l id="363151" t="участник"><g v="NOUN"></g><g v="anim"></g><g v="masc"></g><g v="plur"></g><g v="nomn"></g></l></v></tfr></token><token id="150064" text="которых"><tfr rev_id="4197967" t="которых"><v><l id="141203" t="который"><g v="ADJF"></g><g v="Apro"></g><g v="Subx"></g><g v="Anph"></g><g v="plur"></g><g v="gent"></g></l></v></tfr></token><token id="150065" text="требуют"><tfr rev_id="984886" t="требуют"><v><l id="349467" t="требую"><g v="VERB"></g><g v="impf"></g><g v="tran"></g><g v="plur"></g><g v="3per"></g><g v="pres"></g><g v="indc"></g></l></v></tfr></token><token id="150066" text="отставки"><tfr rev_id="3476173" t="отставки"><v><l id="218332" t="отставка"><g v="NOUN"></g><g v="inan"></g><g v="femn"></g><g v="sing"></g><g v="gent"></g></l></v></tfr></token><token id="150067" text="президента"><tfr rev_id="4215501" t="президента"><v><l id="267449" t="президент"><g v="NOUN"></g><g v="anim"></g><g v="masc"></g><g v="sing"></g><g v="gent"></g></l></v></tfr></token><token id="150068" text="Сирии"><tfr rev_id="2922485" t="Сирии"><v><l id="321288" t="сирия"><g v="NOUN"></g><g v="inan"></g><g v="femn"></g><g v="Sgtm"></g><g v="Geox"></g><g v="sing"></g><g v="gent"></g></l></v></tfr></token><token id="150069" text=","><tfr rev_id="984890" t=","><v><l id="0" t=","><g v="PNCT"></g></l></v></tfr></token><token id="150070" text="погибли"><tfr rev_id="984891" t="погибли"><v><l id="243191" t="погиб"><g v="VERB"></g><g v="perf"></g><g v="intr"></g><g v="plur"></g><g v="past"></g><g v="indc"></g></l></v></tfr></token><token id="150071" text="от"><tfr rev_id="984892" t="от"><v><l id="211644" t="от"><g v="PREP"></g></l></v></tfr></token><token id="150072" text="700"><tfr rev_id="2456095" t="700"><v><l id="0" t="700"><g v="NUMB"></g></l></v></tfr></token><token id="150073" text="до"><tfr rev_id="984894" t="до"><v><l id="85153" t="до"><g v="PREP"></g></l></v></tfr></token><token id="150074" text="850"><tfr rev_id="2456096" t="850"><v><l id="0" t="850"><g v="NUMB"></g></l></v></tfr></token><token id="150075" text="человек"><tfr rev_id="3476892" t="человек"><v><l id="375073" t="человек"><g v="NOUN"></g><g v="anim"></g><g v="masc"></g><g v="plur"></g><g v="gent"></g></l></v></tfr></token><token id="150076" text="."><tfr rev_id="984897" t="."><v><l id="0" t="."><g v="PNCT"></g></l></v></tfr></token></tokens></sentence></paragraph><paragraph id="2479"><sentence id="7806"><source>Специальный координатор ООН по Ливану выразил обеспокоенность по поводу инцидента, произошедшего в воскресенье на границе между Ливаном и Сирией.</source><tokens><token id="150077" text="Специальный"><tfr rev_id="984898" t="Специальный"><v><l id="331875" t="специальный"><g v="ADJF"></g><g v="masc"></g><g v="sing"></g><g v="nomn"></g></l></v><v><l id="331875" t="специальный"><g v="ADJF"></g><g v="inan"></g><g v="masc"></g><g v="sing"></g><g v="accs"></g></l></v></tfr></token><token id="150078" text="координатор"><tfr rev_id="984899" t="координатор"><v><l id="139130" t="координатор"><g v="NOUN"></g><g v="anim"></g><g v="masc"></g><g v="sing"></g><g v="nomn"></g></l></v></tfr></token><token id="150079" text="ООН"><tfr rev_id="4138761" t="ООН"><v><l id="206695" t="оон"><g v="NOUN"></g><g v="inan"></g><g v="femn"></g><g v="Sgtm"></g><g v="Fixd"></g><g v="Abbr"></g><g v="Orgn"></g><g v="sing"></g><g v="gent"></g></l></v></tfr></token><token id="150080" text="по"><tfr rev_id="984901" t="по"><v><l id="241240" t="по"><g v="PREP"></g></l></v></tfr></token><token id="150081" text="Ливану"><tfr rev_id="4337666" t="Ливану"><v><l id="148931" t="ливан"><g v="NOUN"></g><g v="inan"></g><g v="masc"></g><g v="Geox"></g><g v="sing"></g><g v="datv"></g></l></v></tfr></token><token id="150082" text="выразил"><tfr rev_id="984903" t="выразил"><v><l id="61211" t="выразил"><g v="VERB"></g><g v="perf"></g><g v="tran"></g><g v="masc"></g><g v="sing"></g><g v="past"></g><g v="indc"></g></l></v></tfr></token><token id="150083" text="обеспокоенность"><tfr rev_id="3282397" t="обеспокоенность"><v><l id="194796" t="обеспокоенность"><g v="NOUN"></g><g v="inan"></g><g v="femn"></g><g v="Sgtm"></g><g v="sing"></g><g v="accs"></g></l></v></tfr></token><token id="150084" text="по"><tfr rev_id="984905" t="по"><v><l id="241240" t="по"><g v="PREP"></g></l></v></tfr></token><token id="150085" text="поводу"><tfr rev_id="3811962" t="поводу"><v><l id="242551" t="повод"><g v="NOUN"></g><g v="inan"></g><g v="masc"></g><g v="sing"></g><g v="datv"></g></l></v></tfr></token><token id="150086" text="инцидента"><tfr rev_id="984907" t="инцидента"><v><l id="123629" t="инцидент"><g v="NOUN"></g><g v="inan"></g><g v="masc"></g><g v="sing"></g><g v="gent"></g></l></v></tfr></token><token id="150087" text=","><tfr rev_id="984908" t=","><v><l id="0" t=","><g v="PNCT"></g></l></v></tfr></token><token id="150088" text="произошедшего"><tfr rev_id="3442629" t="произошедшего"><v><l id="280164" t="произошедший"><g v="PRTF"></g><g v="perf"></g><g v="intr"></g><g v="past"></g><g v="actv"></g><g v="masc"></g><g v="sing"></g><g v="gent"></g><g v="Infr"></g></l></v><v><l id="280164" t="произошедший"><g v="PRTF"></g><g v="perf"></g><g v="intr"></g><g v="past"></g><g v="actv"></g><g v="anim"></g><g v="masc"></g><g v="sing"></g><g v="accs"></g><g v="Infr"></g></l></v></tfr></token><token id="150089" text="в"><tfr rev_id="984910" t="в"><v><l id="37409" t="в"><g v="PREP"></g></l></v></tfr></token><token id="150090" text="воскресенье"><tfr rev_id="4458104" t="воскресенье"><v><l id="51393" t="воскресение"><g v="NOUN"></g><g v="inan"></g><g v="neut"></g><g v="sing"></g><g v="accs"></g><g v="V-be"></g></l></v><v><l id="51406" t="воскресенье"><g v="NOUN"></g><g v="inan"></g><g v="neut"></g><g v="sing"></g><g v="accs"></g></l></v></tfr></token><token id="150091" text="на"><tfr rev_id="3393873" t="на"><v><l id="166264" t="на"><g v="PREP"></g></l></v></tfr></token><token id="150092" text="границе"><tfr rev_id="3551866" t="границе"><v><l id="74687" t="граница"><g v="NOUN"></g><g v="inan"></g><g v="femn"></g><g v="sing"></g><g v="loct"></g></l></v></tfr></token><token id="150093" text="между"><tfr rev_id="984914" t="между"><v><l id="157306" t="между"><g v="PREP"></g></l></v></tfr></token><token id="150094" text="Ливаном"><tfr rev_id="984915" t="Ливаном"><v><l id="148931" t="ливан"><g v="NOUN"></g><g v="inan"></g><g v="masc"></g><g v="Geox"></g><g v="sing"></g><g v="ablt"></g></l></v></tfr></token><token id="150095" text="и"><tfr rev_id="984916" t="и"><v><l id="116949" t="и"><g v="CONJ"></g></l></v><v><l id="116950" t="и"><g v="INTJ"></g></l></v></tfr></token><token id="150096" text="Сирией"><tfr rev_id="984917" t="Сирией"><v><l id="321288" t="сирия"><g v="NOUN"></g><g v="inan"></g><g v="femn"></g><g v="Sgtm"></g><g v="Geox"></g><g v="sing"></g><g v="ablt"></g></l></v></tfr></token><token id="150097" text="."><tfr rev_id="984918" t="."><v><l id="0" t="."><g v="PNCT"></g></l></v></tfr></token></tokens></sentence></paragraph><paragraph id="2480"><sentence id="7807"><source>В заявлении правозащитной организации Human Rights Watch отмечается, что правительство Сирии «развязало войну против гражданского населения страны».</source><tokens><token id="150098" text="В"><tfr rev_id="984919" t="В"><v><l id="37409" t="в"><g v="PREP"></g></l></v></tfr></token><token id="150099" text="заявлении"><tfr rev_id="984920" t="заявлении"><v><l id="114311" t="заявление"><g v="NOUN"></g><g v="inan"></g><g v="neut"></g><g v="sing"></g><g v="loct"></g></l></v></tfr></token><token id="150100" text="правозащитной"><tfr rev_id="3862086" t="правозащитной"><v><l id="265708" t="правозащитный"><g v="ADJF"></g><g v="femn"></g><g v="sing"></g><g v="gent"></g></l></v></tfr></token><token id="150101" text="организации"><tfr rev_id="4263536" t="организации"><v><l id="208750" t="организация"><g v="NOUN"></g><g v="inan"></g><g v="femn"></g><g v="sing"></g><g v="gent"></g></l></v></tfr></token><token id="150102" text="Human"><tfr rev_id="2469101" t="Human"><v><l id="0" t="Human"><g v="LATN"></g></l></v></tfr></token><token id="150103" text="Rights"><tfr rev_id="2469102" t="Rights"><v><l id="0" t="Rights"><g v="LATN"></g></l></v></tfr></token><token id="150104" text="Watch"><tfr rev_id="2469103" t="Watch"><v><l id="0" t="Watch"><g v="LATN"></g></l></v></tfr></token><token id="150105" text="отмечается"><tfr rev_id="984926" t="отмечается"><v><l id="215607" t="отмечаюсь"><g v="VERB"></g><g v="impf"></g><g v="intr"></g><g v="sing"></g><g v="3per"></g><g v="pres"></g><g v="indc"></g></l></v></tfr></token><token id="150106" text=","><tfr rev_id="984927" t=","><v><l id="0" t=","><g v="PNCT"></g></l></v></tfr></token><token id="150107" text="что"><tfr rev_id="3192374" t="что"><v><l id="377004" t="что"><g v="CONJ"></g></l></v><v><l id="377005" t="что"><g v="NPRO"></g><g v="neut"></g><g v="sing"></g><g v="nomn"></g></l></v><v><l id="377005" t="что"><g v="NPRO"></g><g v="neut"></g><g v="sing"></g><g v="accs"></g></l></v><v><l id="377006" t="что"><g v="ADVB"></g><g v="Ques"></g></l></v><v><l id="388695" t="что"><g v="PRCL"></g></l></v></tfr></token><token id="150108" text="правительство"><tfr rev_id="3708134" t="правительство"><v><l id="265638" t="правительство"><g v="NOUN"></g><g v="inan"></g><g v="neut"></g><g v="sing"></g><g v="nomn"></g></l></v></tfr></token><token id="150109" text="Сирии"><tfr rev_id="2934767" t="Сирии"><v><l id="321288" t="сирия"><g v="NOUN"></g><g v="inan"></g><g v="femn"></g><g v="Sgtm"></g><g v="Geox"></g><g v="sing"></g><g v="gent"></g></l></v></tfr></token><token id="150110" text="«"><tfr rev_id="2426920" t="«"><v><l id="0" t="«"><g v="PNCT"></g></l></v></tfr></token><token id="150111" text="развязало"><tfr rev_id="984932" t="развязало"><v><l id="292840" t="развязал"><g v="VERB"></g><g v="perf"></g><g v="tran"></g><g v="neut"></g><g v="sing"></g><g v="past"></g><g v="indc"></g></l></v></tfr></token><token id="150112" text="войну"><tfr rev_id="984933" t="войну"><v><l id="49721" t="война"><g v="NOUN"></g><g v="inan"></g><g v="femn"></g><g v="sing"></g><g v="accs"></g></l></v></tfr></token><token id="150113" text="против"><tfr rev_id="4485237" t="против"><v><l id="285790" t="против"><g v="PREP"></g></l></v></tfr></token><token id="150114" text="гражданского"><tfr rev_id="4204889" t="гражданского"><v><l id="74529" t="гражданский"><g v="ADJF"></g><g v="neut"></g><g v="sing"></g><g v="gent"></g></l></v></tfr></token><token id="150115" text="населения"><tfr rev_id="2695665" t="населения"><v><l id="175227" t="население"><g v="NOUN"></g><g v="inan"></g><g v="neut"></g><g v="sing"></g><g v="gent"></g></l></v></tfr></token><token id="150116" text="страны"><tfr rev_id="3494079" t="страны"><v><l id="337100" t="страна"><g v="NOUN"></g><g v="inan"></g><g v="femn"></g><g v="sing"></g><g v="gent"></g></l></v></tfr></token><token id="150117" text="»"><tfr rev_id="2426921" t="»"><v><l id="0" t="»"><g v="PNCT"></g></l></v></tfr></token><token id="150118" text="."><tfr rev_id="984939" t="."><v><l id="0" t="."><g v="PNCT"></g></l></v></tfr></token></tokens></sentence><sentence id="7808"><source>Организация призвала руководство страны прекратить «кампанию арестов и устрашения».</source><tokens><token id="150119" text="Организация"><tfr rev_id="984940" t="Организация"><v><l id="208750" t="организация"><g v="NOUN"></g><g v="inan"></g><g v="femn"></g><g v="sing"></g><g v="nomn"></g></l></v></tfr></token><token id="150120" text="призвала"><tfr rev_id="984941" t="призвала"><v><l id="270564" t="призвал"><g v="VERB"></g><g v="perf"></g><g v="tran"></g><g v="femn"></g><g v="sing"></g><g v="past"></g><g v="indc"></g></l></v></tfr></token><token id="150121" text="руководство"><tfr rev_id="984942" t="руководство"><v><l id="310004" t="руководство"><g v="NOUN"></g><g v="inan"></g><g v="neut"></g><g v="sing"></g><g v="nomn"></g></l></v><v><l id="310004" t="руководство"><g v="NOUN"></g><g v="inan"></g><g v="neut"></g><g v="sing"></g><g v="accs"></g></l></v></tfr></token><token id="150122" text="страны"><tfr rev_id="3498770" t="страны"><v><l id="337100" t="страна"><g v="NOUN"></g><g v="inan"></g><g v="femn"></g><g v="sing"></g><g v="gent"></g></l></v></tfr></token><token id="150123" text="прекратить"><tfr rev_id="984944" t="прекратить"><v><l id="267594" t="прекратить"><g v="INFN"></g><g v="perf"></g><g v="tran"></g></l></v></tfr></token><token id="150124" text="«"><tfr rev_id="2426922" t="«"><v><l id="0" t="«"><g v="PNCT"></g></l></v></tfr></token><token id="150125" text="кампанию"><tfr rev_id="4505563" t="кампанию"><v><l id="129077" t="кампания"><g v="NOUN"></g><g v="inan"></g><g v="femn"></g><g v="sing"></g><g v="accs"></g></l></v></tfr></token><token id="150126" text="арестов"><tfr rev_id="3446348" t="арестов"><v><l id="16245" t="арест"><g v="NOUN"></g><g v="inan"></g><g v="masc"></g><g v="plur"></g><g v="gent"></g></l></v></tfr></token><token id="150127" text="и"><tfr rev_id="3690615" t="и"><v><l id="116949" t="и"><g v="CONJ"></g></l></v></tfr></token><token id="150128" text="устрашения"><tfr rev_id="3432873" t="устрашения"><v><l id="361178" t="устрашение"><g v="NOUN"></g><g v="inan"></g><g v="neut"></g><g v="sing"></g><g v="gent"></g></l></v></tfr></token><token id="150129" text="»"><tfr rev_id="2426923" t="»"><v><l id="0" t="»"><g v="PNCT"></g></l></v></tfr></token><token id="150130" text="."><tfr rev_id="984951" t="."><v><l id="0" t="."><g v="PNCT"></g></l></v></tfr></token></tokens></sentence></paragraph></paragraphs></text>