<?xml version="1.0" encoding="utf-8"?><text id="108" parent="56" name="Ливия: повстанцы освободили французов"><tags><tag>url:http://ru.wikinews.org/w/index.php?title=Ливия:_повстанцы_освободили_французов&amp;oldid=55567</tag><tag>Год:2011</tag><tag>Дата:21/05</tag><tag>Автор:http://ru.wikinews.org/wiki/Участник:Zooro-Patriot</tag><tag>Гео:ВикиКатегория:Ливия</tag><tag>Гео:ВикиКатегория:Франция</tag></tags><paragraphs><paragraph id="2481"><sentence id="7809"><source>МИД Франции сообщил, что освобождены четверо граждан Франции, которые были задержаны ливийскими повстанцами по подозрению в шпионаже.</source><tokens><token id="150131" text="МИД"><tfr rev_id="4449353" t="МИД"><v><l id="159652" t="мид"><g v="NOUN"></g><g v="inan"></g><g v="masc"></g><g v="Abbr"></g><g v="Orgn"></g><g v="sing"></g><g v="nomn"></g></l></v><v><l id="159652" t="мид"><g v="NOUN"></g><g v="inan"></g><g v="masc"></g><g v="Abbr"></g><g v="Orgn"></g><g v="sing"></g><g v="gent"></g><g v="Infr"></g></l></v><v><l id="159652" t="мид"><g v="NOUN"></g><g v="inan"></g><g v="masc"></g><g v="Abbr"></g><g v="Orgn"></g><g v="sing"></g><g v="accs"></g></l></v></tfr></token><token id="150132" text="Франции"><tfr rev_id="3325513" t="Франции"><v><l id="368071" t="франция"><g v="NOUN"></g><g v="inan"></g><g v="femn"></g><g v="Sgtm"></g><g v="Geox"></g><g v="sing"></g><g v="gent"></g></l></v></tfr></token><token id="150133" text="сообщил"><tfr rev_id="984954" t="сообщил"><v><l id="329556" t="сообщил"><g v="VERB"></g><g v="perf"></g><g v="tran"></g><g v="masc"></g><g v="sing"></g><g v="past"></g><g v="indc"></g></l></v></tfr></token><token id="150134" text=","><tfr rev_id="984955" t=","><v><l id="0" t=","><g v="PNCT"></g></l></v></tfr></token><token id="150135" text="что"><tfr rev_id="3192375" t="что"><v><l id="377004" t="что"><g v="CONJ"></g></l></v><v><l id="377005" t="что"><g v="NPRO"></g><g v="neut"></g><g v="sing"></g><g v="nomn"></g></l></v><v><l id="377005" t="что"><g v="NPRO"></g><g v="neut"></g><g v="sing"></g><g v="accs"></g></l></v><v><l id="377006" t="что"><g v="ADVB"></g><g v="Ques"></g></l></v><v><l id="388695" t="что"><g v="PRCL"></g></l></v></tfr></token><token id="150136" text="освобождены"><tfr rev_id="984957" t="освобождены"><v><l id="209699" t="освобождён"><g v="PRTS"></g><g v="perf"></g><g v="past"></g><g v="pssv"></g><g v="plur"></g></l></v></tfr></token><token id="150137" text="четверо"><tfr rev_id="984958" t="четверо"><v><l id="376107" t="четверо"><g v="NUMR"></g><g v="Coll"></g><g v="nomn"></g></l></v><v><l id="376107" t="четверо"><g v="NUMR"></g><g v="Coll"></g><g v="inan"></g><g v="accs"></g></l></v></tfr></token><token id="150138" text="граждан"><tfr rev_id="4204497" t="граждан"><v><l id="74521" t="гражданин"><g v="NOUN"></g><g v="anim"></g><g v="masc"></g><g v="plur"></g><g v="gent"></g></l></v></tfr></token><token id="150139" text="Франции"><tfr rev_id="3456773" t="Франции"><v><l id="368071" t="франция"><g v="NOUN"></g><g v="inan"></g><g v="femn"></g><g v="Sgtm"></g><g v="Geox"></g><g v="sing"></g><g v="gent"></g></l></v></tfr></token><token id="150140" text=","><tfr rev_id="984961" t=","><v><l id="0" t=","><g v="PNCT"></g></l></v></tfr></token><token id="150141" text="которые"><tfr rev_id="3756877" t="которые"><v><l id="141203" t="который"><g v="ADJF"></g><g v="Apro"></g><g v="Subx"></g><g v="Anph"></g><g v="plur"></g><g v="nomn"></g></l></v></tfr></token><token id="150142" text="были"><tfr rev_id="1712501" t="были"><v><l id="37265" t="есть"><g v="VERB"></g><g v="impf"></g><g v="intr"></g><g v="plur"></g><g v="past"></g><g v="indc"></g></l></v></tfr></token><token id="150143" text="задержаны"><tfr rev_id="984964" t="задержаны"><v><l id="101573" t="задержан"><g v="PRTS"></g><g v="perf"></g><g v="past"></g><g v="pssv"></g><g v="plur"></g></l></v></tfr></token><token id="150144" text="ливийскими"><tfr rev_id="984965" t="ливийскими"><v><l id="148956" t="ливийский"><g v="ADJF"></g><g v="plur"></g><g v="ablt"></g></l></v></tfr></token><token id="150145" text="повстанцами"><tfr rev_id="984966" t="повстанцами"><v><l id="242782" t="повстанец"><g v="NOUN"></g><g v="anim"></g><g v="masc"></g><g v="plur"></g><g v="ablt"></g></l></v></tfr></token><token id="150146" text="по"><tfr rev_id="984967" t="по"><v><l id="241240" t="по"><g v="PREP"></g></l></v></tfr></token><token id="150147" text="подозрению"><tfr rev_id="984968" t="подозрению"><v><l id="248465" t="подозрение"><g v="NOUN"></g><g v="inan"></g><g v="neut"></g><g v="sing"></g><g v="datv"></g></l></v></tfr></token><token id="150148" text="в"><tfr rev_id="984969" t="в"><v><l id="37409" t="в"><g v="PREP"></g></l></v></tfr></token><token id="150149" text="шпионаже"><tfr rev_id="984970" t="шпионаже"><v><l id="381018" t="шпионаж"><g v="NOUN"></g><g v="inan"></g><g v="masc"></g><g v="sing"></g><g v="loct"></g></l></v></tfr></token><token id="150150" text="."><tfr rev_id="984971" t="."><v><l id="0" t="."><g v="PNCT"></g></l></v></tfr></token></tokens></sentence></paragraph><paragraph id="2482"><sentence id="7810"><source>В официальном заявлении МИДа говорится, что эти люди были перевезены в Египет и переданы французским дипломатам.</source><tokens><token id="150151" text="В"><tfr rev_id="984972" t="В"><v><l id="37409" t="в"><g v="PREP"></g></l></v></tfr></token><token id="150152" text="официальном"><tfr rev_id="4162064" t="официальном"><v><l id="220939" t="официальный"><g v="ADJF"></g><g v="neut"></g><g v="sing"></g><g v="loct"></g></l></v></tfr></token><token id="150153" text="заявлении"><tfr rev_id="984974" t="заявлении"><v><l id="114311" t="заявление"><g v="NOUN"></g><g v="inan"></g><g v="neut"></g><g v="sing"></g><g v="loct"></g></l></v></tfr></token><token id="150154" text="МИДа"><tfr rev_id="4449389" t="МИДа"><v><l id="159652" t="мид"><g v="NOUN"></g><g v="inan"></g><g v="masc"></g><g v="Abbr"></g><g v="Orgn"></g><g v="sing"></g><g v="gent"></g></l></v></tfr></token><token id="150155" text="говорится"><tfr rev_id="984976" t="говорится"><v><l id="72062" t="говорюсь"><g v="VERB"></g><g v="impf"></g><g v="intr"></g><g v="sing"></g><g v="3per"></g><g v="pres"></g><g v="indc"></g></l></v></tfr></token><token id="150156" text=","><tfr rev_id="984977" t=","><v><l id="0" t=","><g v="PNCT"></g></l></v></tfr></token><token id="150157" text="что"><tfr rev_id="3192376" t="что"><v><l id="377004" t="что"><g v="CONJ"></g></l></v><v><l id="377005" t="что"><g v="NPRO"></g><g v="neut"></g><g v="sing"></g><g v="nomn"></g></l></v><v><l id="377005" t="что"><g v="NPRO"></g><g v="neut"></g><g v="sing"></g><g v="accs"></g></l></v><v><l id="377006" t="что"><g v="ADVB"></g><g v="Ques"></g></l></v><v><l id="388695" t="что"><g v="PRCL"></g></l></v></tfr></token><token id="150158" text="эти"><tfr rev_id="4445890" t="эти"><v><l id="386581" t="этот"><g v="ADJF"></g><g v="Subx"></g><g v="Apro"></g><g v="Anph"></g><g v="plur"></g><g v="nomn"></g></l></v></tfr></token><token id="150159" text="люди"><tfr rev_id="984980" t="люди"><v><l id="375073" t="человек"><g v="NOUN"></g><g v="anim"></g><g v="masc"></g><g v="plur"></g><g v="nomn"></g></l></v></tfr></token><token id="150160" text="были"><tfr rev_id="1712502" t="были"><v><l id="37265" t="есть"><g v="VERB"></g><g v="impf"></g><g v="intr"></g><g v="plur"></g><g v="past"></g><g v="indc"></g></l></v></tfr></token><token id="150161" text="перевезены"><tfr rev_id="984982" t="перевезены"><v><l id="227053" t="перевезён"><g v="PRTS"></g><g v="perf"></g><g v="past"></g><g v="pssv"></g><g v="plur"></g></l></v></tfr></token><token id="150162" text="в"><tfr rev_id="984983" t="в"><v><l id="37409" t="в"><g v="PREP"></g></l></v></tfr></token><token id="150163" text="Египет"><tfr rev_id="984984" t="Египет"><v><l id="94194" t="египет"><g v="NOUN"></g><g v="inan"></g><g v="masc"></g><g v="Sgtm"></g><g v="Geox"></g><g v="sing"></g><g v="nomn"></g></l></v><v><l id="94194" t="египет"><g v="NOUN"></g><g v="inan"></g><g v="masc"></g><g v="Sgtm"></g><g v="Geox"></g><g v="sing"></g><g v="accs"></g></l></v></tfr></token><token id="150164" text="и"><tfr rev_id="984985" t="и"><v><l id="116949" t="и"><g v="CONJ"></g></l></v><v><l id="116950" t="и"><g v="INTJ"></g></l></v></tfr></token><token id="150165" text="переданы"><tfr rev_id="984986" t="переданы"><v><l id="228163" t="передан"><g v="PRTS"></g><g v="perf"></g><g v="past"></g><g v="pssv"></g><g v="plur"></g></l></v></tfr></token><token id="150166" text="французским"><tfr rev_id="2627249" t="французским"><v><l id="368078" t="французский"><g v="ADJF"></g><g v="plur"></g><g v="datv"></g></l></v></tfr></token><token id="150167" text="дипломатам"><tfr rev_id="984988" t="дипломатам"><v><l id="84142" t="дипломат"><g v="NOUN"></g><g v="anim"></g><g v="masc"></g><g v="plur"></g><g v="datv"></g></l></v></tfr></token><token id="150168" text="."><tfr rev_id="984989" t="."><v><l id="0" t="."><g v="PNCT"></g></l></v></tfr></token></tokens></sentence></paragraph><paragraph id="2483"><sentence id="7811"><source>Все четверо были сотрудниками частного охранного предприятия SECOPEX и были арестованы в Бенгази на прошлой неделе.</source><tokens><token id="150169" text="Все"><tfr rev_id="4512104" t="Все"><v><l id="42156" t="весь"><g v="ADJF"></g><g v="Subx"></g><g v="Apro"></g><g v="inan"></g><g v="plur"></g><g v="accs"></g></l></v><v><l id="42156" t="весь"><g v="ADJF"></g><g v="Subx"></g><g v="Apro"></g><g v="plur"></g><g v="nomn"></g></l></v></tfr></token><token id="150170" text="четверо"><tfr rev_id="984991" t="четверо"><v><l id="376107" t="четверо"><g v="NUMR"></g><g v="Coll"></g><g v="nomn"></g></l></v><v><l id="376107" t="четверо"><g v="NUMR"></g><g v="Coll"></g><g v="inan"></g><g v="accs"></g></l></v></tfr></token><token id="150171" text="были"><tfr rev_id="1712503" t="были"><v><l id="37265" t="есть"><g v="VERB"></g><g v="impf"></g><g v="intr"></g><g v="plur"></g><g v="past"></g><g v="indc"></g></l></v></tfr></token><token id="150172" text="сотрудниками"><tfr rev_id="984993" t="сотрудниками"><v><l id="330867" t="сотрудник"><g v="NOUN"></g><g v="anim"></g><g v="masc"></g><g v="plur"></g><g v="ablt"></g></l></v></tfr></token><token id="150173" text="частного"><tfr rev_id="4375864" t="частного"><v><l id="374795" t="частный"><g v="ADJF"></g><g v="Qual"></g><g v="neut"></g><g v="sing"></g><g v="gent"></g></l></v></tfr></token><token id="150174" text="охранного"><tfr rev_id="3448879" t="охранного"><v><l id="221343" t="охранный"><g v="ADJF"></g><g v="Qual"></g><g v="neut"></g><g v="sing"></g><g v="gent"></g></l></v></tfr></token><token id="150175" text="предприятия"><tfr rev_id="3497922" t="предприятия"><v><l id="266920" t="предприятие"><g v="NOUN"></g><g v="inan"></g><g v="neut"></g><g v="sing"></g><g v="gent"></g></l></v></tfr></token><token id="150176" text="SECOPEX"><tfr rev_id="2469104" t="SECOPEX"><v><l id="0" t="SECOPEX"><g v="LATN"></g></l></v></tfr></token><token id="150177" text="и"><tfr rev_id="984998" t="и"><v><l id="116949" t="и"><g v="CONJ"></g></l></v><v><l id="116950" t="и"><g v="INTJ"></g></l></v></tfr></token><token id="150178" text="были"><tfr rev_id="1712504" t="были"><v><l id="37265" t="есть"><g v="VERB"></g><g v="impf"></g><g v="intr"></g><g v="plur"></g><g v="past"></g><g v="indc"></g></l></v></tfr></token><token id="150179" text="арестованы"><tfr rev_id="985000" t="арестованы"><v><l id="16270" t="арестован"><g v="PRTS"></g><g v="perf"></g><g v="past"></g><g v="pssv"></g><g v="plur"></g></l></v></tfr></token><token id="150180" text="в"><tfr rev_id="985001" t="в"><v><l id="37409" t="в"><g v="PREP"></g></l></v></tfr></token><token id="150181" text="Бенгази"><tfr rev_id="3484297" t="Бенгази"><v><l id="27499" t="бенгази"><g v="NOUN"></g><g v="inan"></g><g v="masc"></g><g v="Sgtm"></g><g v="Fixd"></g><g v="Geox"></g><g v="sing"></g><g v="loct"></g></l></v></tfr></token><token id="150182" text="на"><tfr rev_id="3343084" t="на"><v><l id="166264" t="на"><g v="PREP"></g></l></v></tfr></token><token id="150183" text="прошлой"><tfr rev_id="4170133" t="прошлой"><v><l id="287715" t="прошлый"><g v="ADJF"></g><g v="femn"></g><g v="sing"></g><g v="loct"></g></l></v></tfr></token><token id="150184" text="неделе"><tfr rev_id="3534686" t="неделе"><v><l id="180718" t="неделя"><g v="NOUN"></g><g v="inan"></g><g v="femn"></g><g v="sing"></g><g v="loct"></g></l></v></tfr></token><token id="150185" text="."><tfr rev_id="985006" t="."><v><l id="0" t="."><g v="PNCT"></g></l></v></tfr></token></tokens></sentence><sentence id="7812"><source>Пятый арестованный – Пьер Марзиали – был тяжело ранен на контрольно-пропускном пункте и впоследствии скончался.</source><tokens><token id="150186" text="Пятый"><tfr rev_id="985007" t="Пятый"><v><l id="290439" t="пятый"><g v="ADJF"></g><g v="Anum"></g><g v="masc"></g><g v="sing"></g><g v="nomn"></g></l></v><v><l id="290439" t="пятый"><g v="ADJF"></g><g v="Anum"></g><g v="inan"></g><g v="masc"></g><g v="sing"></g><g v="accs"></g></l></v></tfr></token><token id="150187" text="арестованный"><tfr rev_id="4318973" t="арестованный"><v><l id="16269" t="арестованный"><g v="PRTF"></g><g v="Subx"></g><g v="perf"></g><g v="tran"></g><g v="past"></g><g v="pssv"></g><g v="masc"></g><g v="sing"></g><g v="nomn"></g></l></v><v><l id="16269" t="арестованный"><g v="PRTF"></g><g v="Subx"></g><g v="perf"></g><g v="tran"></g><g v="past"></g><g v="pssv"></g><g v="inan"></g><g v="masc"></g><g v="sing"></g><g v="accs"></g></l></v></tfr></token><token id="150188" text="–"><tfr rev_id="2426924" t="–"><v><l id="0" t="–"><g v="PNCT"></g></l></v></tfr></token><token id="150189" text="Пьер"><tfr rev_id="985010" t="Пьер"><v><l id="290166" t="пьер"><g v="NOUN"></g><g v="anim"></g><g v="masc"></g><g v="Name"></g><g v="sing"></g><g v="nomn"></g></l></v></tfr></token><token id="150190" text="Марзиали"><tfr rev_id="985011" t="Марзиали"><v><l id="0" t="марзиали"><g v="UNKN"></g></l></v></tfr></token><token id="150191" text="–"><tfr rev_id="2426925" t="–"><v><l id="0" t="–"><g v="PNCT"></g></l></v></tfr></token><token id="150192" text="был"><tfr rev_id="985013" t="был"><v><l id="37265" t="есть"><g v="VERB"></g><g v="impf"></g><g v="intr"></g><g v="masc"></g><g v="sing"></g><g v="past"></g><g v="indc"></g></l></v></tfr></token><token id="150193" text="тяжело"><tfr rev_id="985014" t="тяжело"><v><l id="352657" t="тяжёл"><g v="ADJS"></g><g v="Qual"></g><g v="neut"></g><g v="sing"></g></l></v><v><l id="352689" t="тяжело"><g v="ADVB"></g><g v="Prdx"></g></l></v></tfr></token><token id="150194" text="ранен"><tfr rev_id="4347954" t="ранен"><v><l id="297935" t="ранен"><g v="PRTS"></g><g v="perf"></g><g v="past"></g><g v="pssv"></g><g v="masc"></g><g v="sing"></g></l></v><v><l id="297936" t="ранен"><g v="PRTS"></g><g v="impf"></g><g v="past"></g><g v="pssv"></g><g v="masc"></g><g v="sing"></g></l></v></tfr></token><token id="150195" text="на"><tfr rev_id="3394125" t="на"><v><l id="166264" t="на"><g v="PREP"></g></l></v></tfr></token><token id="150196" text="контрольно-пропускном"><tfr rev_id="3946420" t="контрольно-пропускном"><v><l id="138621" t="контрольно-пропускной"><g v="ADJF"></g><g v="masc"></g><g v="sing"></g><g v="loct"></g></l></v></tfr></token><token id="150197" text="пункте"><tfr rev_id="985018" t="пункте"><v><l id="289177" t="пункт"><g v="NOUN"></g><g v="inan"></g><g v="masc"></g><g v="sing"></g><g v="loct"></g></l></v></tfr></token><token id="150198" text="и"><tfr rev_id="3533193" t="и"><v><l id="116949" t="и"><g v="CONJ"></g></l></v></tfr></token><token id="150199" text="впоследствии"><tfr rev_id="985020" t="впоследствии"><v><l id="52667" t="впоследствии"><g v="ADVB"></g></l></v></tfr></token><token id="150200" text="скончался"><tfr rev_id="985021" t="скончался"><v><l id="323055" t="скончался"><g v="VERB"></g><g v="perf"></g><g v="intr"></g><g v="masc"></g><g v="sing"></g><g v="past"></g><g v="indc"></g></l></v></tfr></token><token id="150201" text="."><tfr rev_id="985022" t="."><v><l id="0" t="."><g v="PNCT"></g></l></v></tfr></token></tokens></sentence><sentence id="7813"><source>Марзиали был основателем SECOPEX.</source><tokens><token id="150202" text="Марзиали"><tfr rev_id="985023" t="Марзиали"><v><l id="0" t="марзиали"><g v="UNKN"></g></l></v></tfr></token><token id="150203" text="был"><tfr rev_id="985024" t="был"><v><l id="37265" t="есть"><g v="VERB"></g><g v="impf"></g><g v="intr"></g><g v="masc"></g><g v="sing"></g><g v="past"></g><g v="indc"></g></l></v></tfr></token><token id="150204" text="основателем"><tfr rev_id="985025" t="основателем"><v><l id="210577" t="основатель"><g v="NOUN"></g><g v="anim"></g><g v="masc"></g><g v="sing"></g><g v="ablt"></g></l></v></tfr></token><token id="150205" text="SECOPEX"><tfr rev_id="2469105" t="SECOPEX"><v><l id="0" t="SECOPEX"><g v="LATN"></g></l></v></tfr></token><token id="150206" text="."><tfr rev_id="985027" t="."><v><l id="0" t="."><g v="PNCT"></g></l></v></tfr></token></tokens></sentence></paragraph><paragraph id="2484"><sentence id="7814"><source>В субботу в городе Завийя, расположенном в западной части Ливии, толпа атаковала микроавтобус, в котором находились иностранные журналисты.</source><tokens><token id="150207" text="В"><tfr rev_id="985028" t="В"><v><l id="37409" t="в"><g v="PREP"></g></l></v></tfr></token><token id="150208" text="субботу"><tfr rev_id="985029" t="субботу"><v><l id="338556" t="суббота"><g v="NOUN"></g><g v="inan"></g><g v="femn"></g><g v="sing"></g><g v="accs"></g></l></v></tfr></token><token id="150209" text="в"><tfr rev_id="985030" t="в"><v><l id="37409" t="в"><g v="PREP"></g></l></v></tfr></token><token id="150210" text="городе"><tfr rev_id="985031" t="городе"><v><l id="73547" t="город"><g v="NOUN"></g><g v="inan"></g><g v="masc"></g><g v="sing"></g><g v="loct"></g></l></v></tfr></token><token id="150211" text="Завийя"><tfr rev_id="985032" t="Завийя"><v><l id="0" t="завийя"><g v="UNKN"></g></l></v></tfr></token><token id="150212" text=","><tfr rev_id="985033" t=","><v><l id="0" t=","><g v="PNCT"></g></l></v></tfr></token><token id="150213" text="расположенном"><tfr rev_id="3442630" t="расположенном"><v><l id="300105" t="расположенный"><g v="PRTF"></g><g v="perf"></g><g v="tran"></g><g v="past"></g><g v="pssv"></g><g v="masc"></g><g v="sing"></g><g v="loct"></g></l></v></tfr></token><token id="150214" text="в"><tfr rev_id="985035" t="в"><v><l id="37409" t="в"><g v="PREP"></g></l></v></tfr></token><token id="150215" text="западной"><tfr rev_id="4343325" t="западной"><v><l id="106682" t="западный"><g v="ADJF"></g><g v="Qual"></g><g v="femn"></g><g v="sing"></g><g v="loct"></g></l></v></tfr></token><token id="150216" text="части"><tfr rev_id="4289015" t="части"><v><l id="374820" t="часть"><g v="NOUN"></g><g v="inan"></g><g v="femn"></g><g v="sing"></g><g v="loct"></g></l></v></tfr></token><token id="150217" text="Ливии"><tfr rev_id="3455535" t="Ливии"><v><l id="148960" t="ливия"><g v="NOUN"></g><g v="inan"></g><g v="femn"></g><g v="Sgtm"></g><g v="Geox"></g><g v="sing"></g><g v="gent"></g></l></v></tfr></token><token id="150218" text=","><tfr rev_id="985039" t=","><v><l id="0" t=","><g v="PNCT"></g></l></v></tfr></token><token id="150219" text="толпа"><tfr rev_id="985040" t="толпа"><v><l id="347211" t="толпа"><g v="NOUN"></g><g v="inan"></g><g v="femn"></g><g v="sing"></g><g v="nomn"></g></l></v></tfr></token><token id="150220" text="атаковала"><tfr rev_id="985041" t="атаковала"><v><l id="19320" t="атаковал"><g v="VERB"></g><g v="perf"></g><g v="tran"></g><g v="femn"></g><g v="sing"></g><g v="past"></g><g v="indc"></g></l></v><v><l id="19321" t="атакую"><g v="VERB"></g><g v="impf"></g><g v="tran"></g><g v="femn"></g><g v="sing"></g><g v="past"></g><g v="indc"></g></l></v></tfr></token><token id="150221" text="микроавтобус"><tfr rev_id="3506428" t="микроавтобус"><v><l id="3022" t="микроавтобус"><g v="NOUN"></g><g v="inan"></g><g v="masc"></g><g v="sing"></g><g v="accs"></g></l></v></tfr></token><token id="150222" text=","><tfr rev_id="985043" t=","><v><l id="0" t=","><g v="PNCT"></g></l></v></tfr></token><token id="150223" text="в"><tfr rev_id="985044" t="в"><v><l id="37409" t="в"><g v="PREP"></g></l></v></tfr></token><token id="150224" text="котором"><tfr rev_id="4292087" t="котором"><v><l id="141203" t="который"><g v="ADJF"></g><g v="Apro"></g><g v="Subx"></g><g v="Anph"></g><g v="masc"></g><g v="sing"></g><g v="loct"></g></l></v></tfr></token><token id="150225" text="находились"><tfr rev_id="985046" t="находились"><v><l id="177898" t="нахожусь"><g v="VERB"></g><g v="impf"></g><g v="intr"></g><g v="plur"></g><g v="past"></g><g v="indc"></g></l></v><v><l id="177903" t="находился"><g v="VERB"></g><g v="perf"></g><g v="intr"></g><g v="plur"></g><g v="past"></g><g v="indc"></g></l></v></tfr></token><token id="150226" text="иностранные"><tfr rev_id="4092611" t="иностранные"><v><l id="122754" t="иностранный"><g v="ADJF"></g><g v="plur"></g><g v="nomn"></g></l></v></tfr></token><token id="150227" text="журналисты"><tfr rev_id="985048" t="журналисты"><v><l id="97974" t="журналист"><g v="NOUN"></g><g v="anim"></g><g v="masc"></g><g v="plur"></g><g v="nomn"></g></l></v></tfr></token><token id="150228" text="."><tfr rev_id="985049" t="."><v><l id="0" t="."><g v="PNCT"></g></l></v></tfr></token></tokens></sentence><sentence id="7815"><source>Микроавтобус стоял в очереди на АЗС, когда на него напала толпа – как минимум один из нападавших размахивал ножом.</source><tokens><token id="150229" text="Микроавтобус"><tfr rev_id="985050" t="Микроавтобус"><v><l id="3022" t="микроавтобус"><g v="NOUN"></g><g v="inan"></g><g v="masc"></g><g v="sing"></g><g v="nomn"></g></l></v><v><l id="3022" t="микроавтобус"><g v="NOUN"></g><g v="inan"></g><g v="masc"></g><g v="sing"></g><g v="accs"></g></l></v></tfr></token><token id="150230" text="стоял"><tfr rev_id="4328527" t="стоял"><v><l id="336980" t="стою"><g v="VERB"></g><g v="impf"></g><g v="intr"></g><g v="masc"></g><g v="sing"></g><g v="past"></g><g v="indc"></g></l></v></tfr></token><token id="150231" text="в"><tfr rev_id="985052" t="в"><v><l id="37409" t="в"><g v="PREP"></g></l></v></tfr></token><token id="150232" text="очереди"><tfr rev_id="4180064" t="очереди"><v><l id="221692" t="очередь"><g v="NOUN"></g><g v="inan"></g><g v="femn"></g><g v="sing"></g><g v="loct"></g></l></v></tfr></token><token id="150233" text="на"><tfr rev_id="3345116" t="на"><v><l id="166264" t="на"><g v="PREP"></g></l></v></tfr></token><token id="150234" text="АЗС"><tfr rev_id="985055" t="АЗС"><v><l id="0" t="азс"><g v="UNKN"></g></l></v></tfr></token><token id="150235" text=","><tfr rev_id="985056" t=","><v><l id="0" t=","><g v="PNCT"></g></l></v></tfr></token><token id="150236" text="когда"><tfr rev_id="985057" t="когда"><v><l id="135239" t="когда"><g v="CONJ"></g></l></v><v><l id="135240" t="когда"><g v="ADVB"></g><g v="Ques"></g></l></v></tfr></token><token id="150237" text="на"><tfr rev_id="3343438" t="на"><v><l id="166264" t="на"><g v="PREP"></g></l></v></tfr></token><token id="150238" text="него"><tfr rev_id="4528005" t="него"><v><l id="206541" t="он"><g v="NPRO"></g><g v="masc"></g><g v="3per"></g><g v="Anph"></g><g v="sing"></g><g v="accs"></g><g v="Af-p"></g></l></v><v><l id="206649" t="оно"><g v="NPRO"></g><g v="neut"></g><g v="3per"></g><g v="Anph"></g><g v="sing"></g><g v="accs"></g><g v="Af-p"></g></l></v></tfr></token><token id="150239" text="напала"><tfr rev_id="985060" t="напала"><v><l id="173211" t="напал"><g v="VERB"></g><g v="perf"></g><g v="intr"></g><g v="femn"></g><g v="sing"></g><g v="past"></g><g v="indc"></g></l></v></tfr></token><token id="150240" text="толпа"><tfr rev_id="985061" t="толпа"><v><l id="347211" t="толпа"><g v="NOUN"></g><g v="inan"></g><g v="femn"></g><g v="sing"></g><g v="nomn"></g></l></v></tfr></token><token id="150241" text="–"><tfr rev_id="2426926" t="–"><v><l id="0" t="–"><g v="PNCT"></g></l></v></tfr></token><token id="150242" text="как"><tfr rev_id="985063" t="как"><v><l id="128190" t="как"><g v="CONJ"></g></l></v><v><l id="128191" t="как"><g v="PRCL"></g></l></v><v><l id="128192" t="как"><g v="ADVB"></g><g v="Ques"></g></l></v></tfr></token><token id="150243" text="минимум"><tfr rev_id="2690755" t="минимум"><v><l id="160582" t="минимум"><g v="NOUN"></g><g v="inan"></g><g v="masc"></g><g v="sing"></g><g v="nomn"></g></l></v><v><l id="160582" t="минимум"><g v="NOUN"></g><g v="inan"></g><g v="masc"></g><g v="sing"></g><g v="accs"></g></l></v><v><l id="388667" t="минимум"><g v="PRCL"></g></l></v></tfr></token><token id="150244" text="один"><tfr rev_id="4299338" t="один"><v><l id="203319" t="один"><g v="ADJF"></g><g v="Apro"></g><g v="Anum"></g><g v="masc"></g><g v="sing"></g><g v="nomn"></g></l></v><v><l id="203319" t="один"><g v="ADJF"></g><g v="Apro"></g><g v="Anum"></g><g v="inan"></g><g v="masc"></g><g v="sing"></g><g v="accs"></g></l></v></tfr></token><token id="150245" text="из"><tfr rev_id="2602761" t="из"><v><l id="117677" t="из"><g v="PREP"></g></l></v></tfr></token><token id="150246" text="нападавших"><tfr rev_id="985067" t="нападавших"><v><l id="173110" t="нападавший"><g v="PRTF"></g><g v="impf"></g><g v="intr"></g><g v="past"></g><g v="actv"></g><g v="plur"></g><g v="gent"></g></l></v><v><l id="173110" t="нападавший"><g v="PRTF"></g><g v="impf"></g><g v="intr"></g><g v="past"></g><g v="actv"></g><g v="anim"></g><g v="plur"></g><g v="accs"></g></l></v><v><l id="173110" t="нападавший"><g v="PRTF"></g><g v="impf"></g><g v="intr"></g><g v="past"></g><g v="actv"></g><g v="plur"></g><g v="loct"></g></l></v><v><l id="173114" t="нападавший"><g v="PRTF"></g><g v="perf"></g><g v="intr"></g><g v="past"></g><g v="actv"></g><g v="plur"></g><g v="gent"></g></l></v><v><l id="173114" t="нападавший"><g v="PRTF"></g><g v="perf"></g><g v="intr"></g><g v="past"></g><g v="actv"></g><g v="anim"></g><g v="plur"></g><g v="accs"></g></l></v><v><l id="173114" t="нападавший"><g v="PRTF"></g><g v="perf"></g><g v="intr"></g><g v="past"></g><g v="actv"></g><g v="plur"></g><g v="loct"></g></l></v></tfr></token><token id="150247" text="размахивал"><tfr rev_id="985068" t="размахивал"><v><l id="294864" t="размахиваю"><g v="VERB"></g><g v="impf"></g><g v="intr"></g><g v="masc"></g><g v="sing"></g><g v="past"></g><g v="indc"></g></l></v></tfr></token><token id="150248" text="ножом"><tfr rev_id="985069" t="ножом"><v><l id="191960" t="нож"><g v="NOUN"></g><g v="inan"></g><g v="masc"></g><g v="sing"></g><g v="ablt"></g></l></v></tfr></token><token id="150249" text="."><tfr rev_id="985070" t="."><v><l id="0" t="."><g v="PNCT"></g></l></v></tfr></token></tokens></sentence><sentence id="15636"><source>Толпу удалось разогнать выстрелами в воздух.</source><tokens><token id="150250" text="Толпу"><tfr rev_id="985071" t="Толпу"><v><l id="347211" t="толпа"><g v="NOUN"></g><g v="inan"></g><g v="femn"></g><g v="sing"></g><g v="accs"></g></l></v></tfr></token><token id="150251" text="удалось"><tfr rev_id="985072" t="удалось"><v><l id="354717" t="удался"><g v="VERB"></g><g v="perf"></g><g v="intr"></g><g v="neut"></g><g v="sing"></g><g v="past"></g><g v="indc"></g></l></v></tfr></token><token id="150252" text="разогнать"><tfr rev_id="985073" t="разогнать"><v><l id="296143" t="разогнать"><g v="INFN"></g><g v="perf"></g><g v="tran"></g></l></v></tfr></token><token id="150253" text="выстрелами"><tfr rev_id="985074" t="выстрелами"><v><l id="62743" t="выстрел"><g v="NOUN"></g><g v="inan"></g><g v="masc"></g><g v="plur"></g><g v="ablt"></g></l></v></tfr></token><token id="150254" text="в"><tfr rev_id="985075" t="в"><v><l id="37409" t="в"><g v="PREP"></g></l></v></tfr></token><token id="150255" text="воздух"><tfr rev_id="3530753" t="воздух"><v><l id="49093" t="воздух"><g v="NOUN"></g><g v="inan"></g><g v="masc"></g><g v="sing"></g><g v="accs"></g></l></v></tfr></token><token id="150256" text="."><tfr rev_id="985077" t="."><v><l id="0" t="."><g v="PNCT"></g></l></v></tfr></token></tokens></sentence></paragraph></paragraphs></text>