<?xml version="1.0" encoding="utf-8"?><text id="1087" parent="56" name="Правительство США готовится распространить «войну идей» на популярные интернет-сайты"><tags><tag>url:http://ru.wikinews.org/w/index.php?title=Правительство_США_готовится_распространить_«войну_идей»_на_популярные_интернет-сайты&amp;oldid=56833</tag><tag>Автор:http://ru.wikinews.org/wiki/Участник:Knyf</tag><tag>Дата:01/11</tag><tag>Год:2008</tag><tag>Тема:ВикиКатегория:Компьютерные технологии</tag><tag>Тема:ВикиКатегория:Интернет</tag><tag>Тема:ВикиКатегория:Наука и технологии</tag><tag>Тема:ВикиКатегория:Политика</tag><tag>Гео:ВикиКатегория:США</tag></tags><paragraphs><paragraph id="10527"><sentence id="33047"><source>На популярных интернет-сайтах, блогах и чатах в Рунете"Команда по цифровым внешним контактам"(Digital Outreach Team) будет корректировать представление о политике США.</source><tokens><token id="592390" text="На"><tfr rev_id="3342647" t="На"><v><l id="166264" t="на"><g v="PREP"></g></l></v></tfr></token><token id="592391" text="популярных"><tfr rev_id="3553329" t="популярных"><v><l id="259762" t="популярный"><g v="ADJF"></g><g v="Qual"></g><g v="plur"></g><g v="loct"></g></l></v></tfr></token><token id="592392" text="интернет-сайтах"><tfr rev_id="2508361" t="интернет-сайтах"><v><l id="388568" t="интернет-сайт"><g v="NOUN"></g><g v="inan"></g><g v="masc"></g><g v="plur"></g><g v="loct"></g></l></v></tfr></token><token id="592393" text=","><tfr rev_id="1425464" t=","><v><l id="0" t=","><g v="PNCT"></g></l></v></tfr></token><token id="592394" text="блогах"><tfr rev_id="2922117" t="блогах"><v><l id="388678" t="блог"><g v="NOUN"></g><g v="inan"></g><g v="masc"></g><g v="plur"></g><g v="loct"></g></l></v></tfr></token><token id="592395" text="и"><tfr rev_id="3533261" t="и"><v><l id="116949" t="и"><g v="CONJ"></g></l></v></tfr></token><token id="592396" text="чатах"><tfr rev_id="1425467" t="чатах"><v><l id="374823" t="чат"><g v="NOUN"></g><g v="inan"></g><g v="masc"></g><g v="Slng"></g><g v="plur"></g><g v="loct"></g></l></v></tfr></token><token id="592397" text="в"><tfr rev_id="1425468" t="в"><v><l id="37409" t="в"><g v="PREP"></g></l></v></tfr></token><token id="592398" text="Рунете"><tfr rev_id="1425469" t="Рунете"><v><l id="310179" t="рунет"><g v="NOUN"></g><g v="inan"></g><g v="masc"></g><g v="sing"></g><g v="loct"></g></l></v></tfr></token><token id="592399" text="&quot;"><tfr rev_id="1425470" t="&quot;"><v><l id="0" t="&quot;"><g v="PNCT"></g></l></v></tfr></token><token id="592400" text="Команда"><tfr rev_id="1425471" t="Команда"><v><l id="136706" t="команда"><g v="NOUN"></g><g v="inan"></g><g v="femn"></g><g v="sing"></g><g v="nomn"></g></l></v></tfr></token><token id="592401" text="по"><tfr rev_id="1425472" t="по"><v><l id="241240" t="по"><g v="PREP"></g></l></v></tfr></token><token id="592402" text="цифровым"><tfr rev_id="3488949" t="цифровым"><v><l id="374184" t="цифровой"><g v="ADJF"></g><g v="plur"></g><g v="datv"></g></l></v></tfr></token><token id="592403" text="внешним"><tfr rev_id="3470455" t="внешним"><v><l id="47535" t="внешний"><g v="ADJF"></g><g v="plur"></g><g v="datv"></g></l></v></tfr></token><token id="592404" text="контактам"><tfr rev_id="1425475" t="контактам"><v><l id="138320" t="контакт"><g v="NOUN"></g><g v="inan"></g><g v="masc"></g><g v="plur"></g><g v="datv"></g></l></v></tfr></token><token id="592405" text="&quot;"><tfr rev_id="1425476" t="&quot;"><v><l id="0" t="&quot;"><g v="PNCT"></g></l></v></tfr></token><token id="592406" text="("><tfr rev_id="1425477" t="("><v><l id="0" t="("><g v="PNCT"></g></l></v></tfr></token><token id="592407" text="Digital"><tfr rev_id="2474548" t="Digital"><v><l id="0" t="Digital"><g v="LATN"></g></l></v></tfr></token><token id="592408" text="Outreach"><tfr rev_id="2474549" t="Outreach"><v><l id="0" t="Outreach"><g v="LATN"></g></l></v></tfr></token><token id="592409" text="Team"><tfr rev_id="2474550" t="Team"><v><l id="0" t="Team"><g v="LATN"></g></l></v></tfr></token><token id="592410" text=")"><tfr rev_id="1425481" t=")"><v><l id="0" t=")"><g v="PNCT"></g></l></v></tfr></token><token id="592411" text="будет"><tfr rev_id="1425482" t="будет"><v><l id="37265" t="есть"><g v="VERB"></g><g v="impf"></g><g v="intr"></g><g v="sing"></g><g v="3per"></g><g v="futr"></g><g v="indc"></g></l></v></tfr></token><token id="592412" text="корректировать"><tfr rev_id="1425483" t="корректировать"><v><l id="140185" t="корректировать"><g v="INFN"></g><g v="impf"></g><g v="tran"></g></l></v></tfr></token><token id="592413" text="представление"><tfr rev_id="1425484" t="представление"><v><l id="267110" t="представление"><g v="NOUN"></g><g v="inan"></g><g v="neut"></g><g v="sing"></g><g v="nomn"></g></l></v><v><l id="267110" t="представление"><g v="NOUN"></g><g v="inan"></g><g v="neut"></g><g v="sing"></g><g v="accs"></g></l></v></tfr></token><token id="592414" text="о"><tfr rev_id="3326682" t="о"><v><l id="192977" t="о"><g v="PREP"></g></l></v></tfr></token><token id="592415" text="политике"><tfr rev_id="4334014" t="политике"><v><l id="255853" t="политика"><g v="NOUN"></g><g v="inan"></g><g v="femn"></g><g v="sing"></g><g v="loct"></g></l></v></tfr></token><token id="592416" text="США"><tfr rev_id="3811363" t="США"><v><l id="341371" t="сша"><g v="NOUN"></g><g v="inan"></g><g v="GNdr"></g><g v="Pltm"></g><g v="Fixd"></g><g v="Abbr"></g><g v="Geox"></g><g v="plur"></g><g v="gent"></g></l></v></tfr></token><token id="592417" text="."><tfr rev_id="1425488" t="."><v><l id="0" t="."><g v="PNCT"></g></l></v></tfr></token></tokens></sentence><sentence id="33048"><source>Об этом сообщил заместитель госсекретаря США по публичной дипломатии Джеймс Глассман.</source><tokens><token id="592418" text="Об"><tfr rev_id="2921215" t="Об"><v><l id="192977" t="о"><g v="PREP"></g><g v="Vpre"></g></l></v></tfr></token><token id="592419" text="этом"><tfr rev_id="3493329" t="этом"><v><l id="386575" t="это"><g v="NPRO"></g><g v="neut"></g><g v="sing"></g><g v="loct"></g></l></v></tfr></token><token id="592420" text="сообщил"><tfr rev_id="1425491" t="сообщил"><v><l id="329556" t="сообщил"><g v="VERB"></g><g v="perf"></g><g v="tran"></g><g v="masc"></g><g v="sing"></g><g v="past"></g><g v="indc"></g></l></v></tfr></token><token id="592421" text="заместитель"><tfr rev_id="1425492" t="заместитель"><v><l id="105492" t="заместитель"><g v="NOUN"></g><g v="anim"></g><g v="masc"></g><g v="sing"></g><g v="nomn"></g></l></v></tfr></token><token id="592422" text="госсекретаря"><tfr rev_id="3302541" t="госсекретаря"><v><l id="74072" t="госсекретарь"><g v="NOUN"></g><g v="anim"></g><g v="masc"></g><g v="sing"></g><g v="gent"></g></l></v></tfr></token><token id="592423" text="США"><tfr rev_id="4572874" t="США"><v><l id="341371" t="сша"><g v="NOUN"></g><g v="inan"></g><g v="GNdr"></g><g v="Pltm"></g><g v="Fixd"></g><g v="Abbr"></g><g v="Geox"></g><g v="plur"></g><g v="gent"></g></l></v></tfr></token><token id="592424" text="по"><tfr rev_id="1425495" t="по"><v><l id="241240" t="по"><g v="PREP"></g></l></v></tfr></token><token id="592425" text="публичной"><tfr rev_id="3711064" t="публичной"><v><l id="288858" t="публичный"><g v="ADJF"></g><g v="Qual"></g><g v="femn"></g><g v="sing"></g><g v="datv"></g></l></v></tfr></token><token id="592426" text="дипломатии"><tfr rev_id="4025668" t="дипломатии"><v><l id="84149" t="дипломатия"><g v="NOUN"></g><g v="inan"></g><g v="femn"></g><g v="sing"></g><g v="datv"></g></l></v></tfr></token><token id="592427" text="Джеймс"><tfr rev_id="1425498" t="Джеймс"><v><l id="82865" t="джеймс"><g v="NOUN"></g><g v="anim"></g><g v="masc"></g><g v="Name"></g><g v="sing"></g><g v="nomn"></g></l></v></tfr></token><token id="592428" text="Глассман"><tfr rev_id="1425499" t="Глассман"><v><l id="0" t="глассман"><g v="UNKN"></g></l></v></tfr></token><token id="592429" text="."><tfr rev_id="1425500" t="."><v><l id="0" t="."><g v="PNCT"></g></l></v></tfr></token></tokens></sentence></paragraph><paragraph id="10528"><sentence id="33049"><source>По его словам эта информационная программа Госдепартамента США предназначена для противодействия размещению"антиамериканской информации"в интернете за рубежом.</source><tokens><token id="592430" text="По"><tfr rev_id="1425501" t="По"><v><l id="241240" t="по"><g v="PREP"></g></l></v></tfr></token><token id="592431" text="его"><tfr rev_id="4228013" t="его"><v><l id="94208" t="его"><g v="ADJF"></g><g v="Fixd"></g><g v="Apro"></g><g v="Anph"></g><g v="plur"></g><g v="nomn"></g></l></v><v><l id="94208" t="его"><g v="ADJF"></g><g v="Fixd"></g><g v="Apro"></g><g v="Anph"></g><g v="plur"></g><g v="gent"></g></l></v><v><l id="94208" t="его"><g v="ADJF"></g><g v="Fixd"></g><g v="Apro"></g><g v="Anph"></g><g v="plur"></g><g v="datv"></g></l></v><v><l id="94208" t="его"><g v="ADJF"></g><g v="Fixd"></g><g v="Apro"></g><g v="Anph"></g><g v="plur"></g><g v="accs"></g></l></v><v><l id="94208" t="его"><g v="ADJF"></g><g v="Fixd"></g><g v="Apro"></g><g v="Anph"></g><g v="plur"></g><g v="ablt"></g></l></v><v><l id="94208" t="его"><g v="ADJF"></g><g v="Fixd"></g><g v="Apro"></g><g v="Anph"></g><g v="plur"></g><g v="loct"></g></l></v></tfr></token><token id="592432" text="словам"><tfr rev_id="1425503" t="словам"><v><l id="325168" t="слово"><g v="NOUN"></g><g v="inan"></g><g v="neut"></g><g v="plur"></g><g v="datv"></g></l></v></tfr></token><token id="592433" text="эта"><tfr rev_id="4437196" t="эта"><v><l id="386581" t="этот"><g v="ADJF"></g><g v="Subx"></g><g v="Apro"></g><g v="Anph"></g><g v="femn"></g><g v="sing"></g><g v="nomn"></g></l></v></tfr></token><token id="592434" text="информационная"><tfr rev_id="1425505" t="информационная"><v><l id="123573" t="информационный"><g v="ADJF"></g><g v="femn"></g><g v="sing"></g><g v="nomn"></g></l></v></tfr></token><token id="592435" text="программа"><tfr rev_id="1425506" t="программа"><v><l id="278686" t="программа"><g v="NOUN"></g><g v="inan"></g><g v="femn"></g><g v="sing"></g><g v="nomn"></g></l></v></tfr></token><token id="592436" text="Госдепартамента"><tfr rev_id="4506570" t="Госдепартамента"><v><l id="73921" t="госдепартамент"><g v="NOUN"></g><g v="inan"></g><g v="masc"></g><g v="Orgn"></g><g v="sing"></g><g v="gent"></g></l></v></tfr></token><token id="592437" text="США"><tfr rev_id="3811365" t="США"><v><l id="341371" t="сша"><g v="NOUN"></g><g v="inan"></g><g v="GNdr"></g><g v="Pltm"></g><g v="Fixd"></g><g v="Abbr"></g><g v="Geox"></g><g v="plur"></g><g v="gent"></g></l></v></tfr></token><token id="592438" text="предназначена"><tfr rev_id="1425509" t="предназначена"><v><l id="266587" t="предназначен"><g v="PRTS"></g><g v="perf"></g><g v="past"></g><g v="pssv"></g><g v="femn"></g><g v="sing"></g></l></v></tfr></token><token id="592439" text="для"><tfr rev_id="3445661" t="для"><v><l id="85032" t="для"><g v="PREP"></g></l></v></tfr></token><token id="592440" text="противодействия"><tfr rev_id="3452342" t="противодействия"><v><l id="285885" t="противодействие"><g v="NOUN"></g><g v="inan"></g><g v="neut"></g><g v="sing"></g><g v="gent"></g></l></v></tfr></token><token id="592441" text="размещению"><tfr rev_id="1425512" t="размещению"><v><l id="295140" t="размещение"><g v="NOUN"></g><g v="inan"></g><g v="neut"></g><g v="sing"></g><g v="datv"></g></l></v></tfr></token><token id="592442" text="&quot;"><tfr rev_id="1425513" t="&quot;"><v><l id="0" t="&quot;"><g v="PNCT"></g></l></v></tfr></token><token id="592443" text="антиамериканской"><tfr rev_id="4495261" t="антиамериканской"><v><l id="14122" t="антиамериканский"><g v="ADJF"></g><g v="femn"></g><g v="sing"></g><g v="gent"></g></l></v></tfr></token><token id="592444" text="информации"><tfr rev_id="4313919" t="информации"><v><l id="123576" t="информация"><g v="NOUN"></g><g v="inan"></g><g v="femn"></g><g v="sing"></g><g v="gent"></g></l></v></tfr></token><token id="592445" text="&quot;"><tfr rev_id="1425516" t="&quot;"><v><l id="0" t="&quot;"><g v="PNCT"></g></l></v></tfr></token><token id="592446" text="в"><tfr rev_id="1425517" t="в"><v><l id="37409" t="в"><g v="PREP"></g></l></v></tfr></token><token id="592447" text="интернете"><tfr rev_id="1425518" t="интернете"><v><l id="123255" t="интернет"><g v="NOUN"></g><g v="inan"></g><g v="masc"></g><g v="sing"></g><g v="loct"></g></l></v></tfr></token><token id="592448" text="за"><tfr rev_id="1425519" t="за"><v><l id="98043" t="за"><g v="PREP"></g></l></v></tfr></token><token id="592449" text="рубежом"><tfr rev_id="1425520" t="рубежом"><v><l id="309665" t="рубеж"><g v="NOUN"></g><g v="inan"></g><g v="masc"></g><g v="sing"></g><g v="ablt"></g></l></v></tfr></token><token id="592450" text="."><tfr rev_id="1425521" t="."><v><l id="0" t="."><g v="PNCT"></g></l></v></tfr></token></tokens></sentence></paragraph><paragraph id="10529"><sentence id="33050"><source>По мнению сотрудника Центра международной безопасности Института мировой экономики и международных отношений РАН Владимир Евсеева, для того чтобы эта масштабная и трудоёмкая работа была эффективной, США необходимо привлечь не"несколько"специалистов, а огромный штат высококвалифицированных сотрудников.</source><tokens><token id="592451" text="По"><tfr rev_id="1425522" t="По"><v><l id="241240" t="по"><g v="PREP"></g></l></v></tfr></token><token id="592452" text="мнению"><tfr rev_id="1425523" t="мнению"><v><l id="161395" t="мнение"><g v="NOUN"></g><g v="inan"></g><g v="neut"></g><g v="sing"></g><g v="datv"></g></l></v></tfr></token><token id="592453" text="сотрудника"><tfr rev_id="3302662" t="сотрудника"><v><l id="330867" t="сотрудник"><g v="NOUN"></g><g v="anim"></g><g v="masc"></g><g v="sing"></g><g v="gent"></g></l></v></tfr></token><token id="592454" text="Центра"><tfr rev_id="1425525" t="Центра"><v><l id="373369" t="центр"><g v="NOUN"></g><g v="inan"></g><g v="masc"></g><g v="sing"></g><g v="gent"></g></l></v></tfr></token><token id="592455" text="международной"><tfr rev_id="4495237" t="международной"><v><l id="157346" t="международный"><g v="ADJF"></g><g v="femn"></g><g v="sing"></g><g v="gent"></g></l></v></tfr></token><token id="592456" text="безопасности"><tfr rev_id="4288224" t="безопасности"><v><l id="26215" t="безопасность"><g v="NOUN"></g><g v="inan"></g><g v="femn"></g><g v="sing"></g><g v="gent"></g></l></v></tfr></token><token id="592457" text="Института"><tfr rev_id="1425528" t="Института"><v><l id="122879" t="институт"><g v="NOUN"></g><g v="inan"></g><g v="masc"></g><g v="sing"></g><g v="gent"></g></l></v></tfr></token><token id="592458" text="мировой"><tfr rev_id="4404191" t="мировой"><v><l id="160894" t="мировой"><g v="ADJF"></g><g v="femn"></g><g v="sing"></g><g v="gent"></g></l></v></tfr></token><token id="592459" text="экономики"><tfr rev_id="3448143" t="экономики"><v><l id="383340" t="экономика"><g v="NOUN"></g><g v="inan"></g><g v="femn"></g><g v="sing"></g><g v="gent"></g></l></v></tfr></token><token id="592460" text="и"><tfr rev_id="1425531" t="и"><v><l id="116949" t="и"><g v="CONJ"></g></l></v><v><l id="116950" t="и"><g v="INTJ"></g></l></v></tfr></token><token id="592461" text="международных"><tfr rev_id="3466674" t="международных"><v><l id="157346" t="международный"><g v="ADJF"></g><g v="plur"></g><g v="gent"></g></l></v></tfr></token><token id="592462" text="отношений"><tfr rev_id="3752876" t="отношений"><v><l id="215944" t="отношение"><g v="NOUN"></g><g v="inan"></g><g v="neut"></g><g v="plur"></g><g v="gent"></g></l></v></tfr></token><token id="592463" text="РАН"><tfr rev_id="4168225" t="РАН"><v><l id="297861" t="ран"><g v="NOUN"></g><g v="inan"></g><g v="femn"></g><g v="Sgtm"></g><g v="Fixd"></g><g v="Orgn"></g><g v="Abbr"></g><g v="sing"></g><g v="gent"></g></l></v></tfr></token><token id="592464" text="Владимир"><tfr rev_id="1425535" t="Владимир"><v><l id="46610" t="владимир"><g v="NOUN"></g><g v="anim"></g><g v="masc"></g><g v="Name"></g><g v="sing"></g><g v="nomn"></g></l></v><v><l id="46613" t="владимир"><g v="NOUN"></g><g v="inan"></g><g v="masc"></g><g v="Geox"></g><g v="sing"></g><g v="nomn"></g></l></v><v><l id="46613" t="владимир"><g v="NOUN"></g><g v="inan"></g><g v="masc"></g><g v="Geox"></g><g v="sing"></g><g v="accs"></g></l></v></tfr></token><token id="592465" text="Евсеева"><tfr rev_id="4175614" t="Евсеева"><v><l id="94054" t="евсеев"><g v="NOUN"></g><g v="anim"></g><g v="masc"></g><g v="Sgtm"></g><g v="Surn"></g><g v="sing"></g><g v="gent"></g></l></v><v><l id="94054" t="евсеев"><g v="NOUN"></g><g v="anim"></g><g v="masc"></g><g v="Sgtm"></g><g v="Surn"></g><g v="sing"></g><g v="accs"></g></l></v></tfr></token><token id="592466" text=","><tfr rev_id="1425537" t=","><v><l id="0" t=","><g v="PNCT"></g></l></v></tfr></token><token id="592467" text="для"><tfr rev_id="3391652" t="для"><v><l id="85032" t="для"><g v="PREP"></g></l></v></tfr></token><token id="592468" text="того"><tfr rev_id="4310661" t="того"><v><l id="348430" t="тот"><g v="ADJF"></g><g v="Subx"></g><g v="Apro"></g><g v="Anph"></g><g v="neut"></g><g v="sing"></g><g v="gent"></g></l></v></tfr></token><token id="592469" text="чтобы"><tfr rev_id="1425540" t="чтобы"><v><l id="377013" t="чтобы"><g v="CONJ"></g></l></v><v><l id="377014" t="чтобы"><g v="PRCL"></g></l></v></tfr></token><token id="592470" text="эта"><tfr rev_id="4437197" t="эта"><v><l id="386581" t="этот"><g v="ADJF"></g><g v="Subx"></g><g v="Apro"></g><g v="Anph"></g><g v="femn"></g><g v="sing"></g><g v="nomn"></g></l></v></tfr></token><token id="592471" text="масштабная"><tfr rev_id="1425542" t="масштабная"><v><l id="156153" t="масштабный"><g v="ADJF"></g><g v="Qual"></g><g v="femn"></g><g v="sing"></g><g v="nomn"></g></l></v></tfr></token><token id="592472" text="и"><tfr rev_id="3410483" t="и"><v><l id="116949" t="и"><g v="CONJ"></g></l></v></tfr></token><token id="592473" text="трудоёмкая"><tfr rev_id="1425544" t="трудоёмкая"><v><l id="350856" t="трудоёмкий"><g v="ADJF"></g><g v="femn"></g><g v="sing"></g><g v="nomn"></g></l></v></tfr></token><token id="592474" text="работа"><tfr rev_id="1425545" t="работа"><v><l id="290501" t="работа"><g v="NOUN"></g><g v="inan"></g><g v="femn"></g><g v="sing"></g><g v="nomn"></g></l></v></tfr></token><token id="592475" text="была"><tfr rev_id="1425546" t="была"><v><l id="37265" t="есть"><g v="VERB"></g><g v="impf"></g><g v="intr"></g><g v="femn"></g><g v="sing"></g><g v="past"></g><g v="indc"></g></l></v></tfr></token><token id="592476" text="эффективной"><tfr rev_id="2637236" t="эффективной"><v><l id="386659" t="эффективный"><g v="ADJF"></g><g v="Qual"></g><g v="femn"></g><g v="sing"></g><g v="ablt"></g></l></v></tfr></token><token id="592477" text=","><tfr rev_id="1425548" t=","><v><l id="0" t=","><g v="PNCT"></g></l></v></tfr></token><token id="592478" text="США"><tfr rev_id="4572884" t="США"><v><l id="341371" t="сша"><g v="NOUN"></g><g v="inan"></g><g v="GNdr"></g><g v="Pltm"></g><g v="Fixd"></g><g v="Abbr"></g><g v="Geox"></g><g v="plur"></g><g v="datv"></g></l></v></tfr></token><token id="592479" text="необходимо"><tfr rev_id="1425550" t="необходимо"><v><l id="184806" t="необходимо"><g v="PRED"></g><g v="pres"></g></l></v><v><l id="184810" t="необходим"><g v="ADJS"></g><g v="Qual"></g><g v="neut"></g><g v="sing"></g></l></v></tfr></token><token id="592480" text="привлечь"><tfr rev_id="1425551" t="привлечь"><v><l id="269379" t="привлечь"><g v="INFN"></g><g v="perf"></g><g v="tran"></g></l></v></tfr></token><token id="592481" text="не"><tfr rev_id="1425552" t="не"><v><l id="178876" t="не"><g v="PRCL"></g></l></v></tfr></token><token id="592482" text="&quot;"><tfr rev_id="1425553" t="&quot;"><v><l id="0" t="&quot;"><g v="PNCT"></g></l></v></tfr></token><token id="592483" text="несколько"><tfr rev_id="4281920" t="несколько"><v><l id="188126" t="несколько"><g v="NUMR"></g><g v="anim"></g><g v="accs"></g><g v="Infr"></g></l></v><v><l id="188126" t="несколько"><g v="NUMR"></g><g v="inan"></g><g v="accs"></g></l></v></tfr></token><token id="592484" text="&quot;"><tfr rev_id="1425555" t="&quot;"><v><l id="0" t="&quot;"><g v="PNCT"></g></l></v></tfr></token><token id="592485" text="специалистов"><tfr rev_id="4200230" t="специалистов"><v><l id="331871" t="специалист"><g v="NOUN"></g><g v="anim"></g><g v="masc"></g><g v="plur"></g><g v="gent"></g></l></v></tfr></token><token id="592486" text=","><tfr rev_id="1425557" t=","><v><l id="0" t=","><g v="PNCT"></g></l></v></tfr></token><token id="592487" text="а"><tfr rev_id="1425558" t="а"><v><l id="51" t="а"><g v="CONJ"></g></l></v><v><l id="52" t="а"><g v="INTJ"></g></l></v><v><l id="53" t="а"><g v="PRCL"></g></l></v></tfr></token><token id="592488" text="огромный"><tfr rev_id="1425559" t="огромный"><v><l id="203009" t="огромный"><g v="ADJF"></g><g v="Qual"></g><g v="masc"></g><g v="sing"></g><g v="nomn"></g></l></v><v><l id="203009" t="огромный"><g v="ADJF"></g><g v="Qual"></g><g v="inan"></g><g v="masc"></g><g v="sing"></g><g v="accs"></g></l></v></tfr></token><token id="592489" text="штат"><tfr rev_id="4105642" t="штат"><v><l id="381334" t="штат"><g v="NOUN"></g><g v="inan"></g><g v="masc"></g><g v="sing"></g><g v="accs"></g></l></v></tfr></token><token id="592490" text="высококвалифицированных"><tfr rev_id="4408974" t="высококвалифицированных"><v><l id="62212" t="высококвалифицированный"><g v="ADJF"></g><g v="plur"></g><g v="gent"></g></l></v></tfr></token><token id="592491" text="сотрудников"><tfr rev_id="2928468" t="сотрудников"><v><l id="330867" t="сотрудник"><g v="NOUN"></g><g v="anim"></g><g v="masc"></g><g v="plur"></g><g v="gent"></g></l></v></tfr></token><token id="592492" text="."><tfr rev_id="1425563" t="."><v><l id="0" t="."><g v="PNCT"></g></l></v></tfr></token></tokens></sentence></paragraph><paragraph id="10530"><sentence id="33051"><source>"В этой связи Россия просто обязана использовать Интернет для контрдействий.</source><tokens><token id="592493" text="&quot;"><tfr rev_id="1425564" t="&quot;"><v><l id="0" t="&quot;"><g v="PNCT"></g></l></v></tfr></token><token id="592494" text="В"><tfr rev_id="1425565" t="В"><v><l id="37409" t="в"><g v="PREP"></g></l></v></tfr></token><token id="592495" text="этой"><tfr rev_id="4437991" t="этой"><v><l id="386581" t="этот"><g v="ADJF"></g><g v="Subx"></g><g v="Apro"></g><g v="Anph"></g><g v="femn"></g><g v="sing"></g><g v="loct"></g></l></v></tfr></token><token id="592496" text="связи"><tfr rev_id="4397716" t="связи"><v><l id="316572" t="связь"><g v="NOUN"></g><g v="inan"></g><g v="femn"></g><g v="sing"></g><g v="loc1"></g></l></v><v><l id="316572" t="связь"><g v="NOUN"></g><g v="inan"></g><g v="femn"></g><g v="sing"></g><g v="loc2"></g></l></v></tfr></token><token id="592497" text="Россия"><tfr rev_id="1425568" t="Россия"><v><l id="309322" t="россия"><g v="NOUN"></g><g v="inan"></g><g v="femn"></g><g v="Sgtm"></g><g v="Geox"></g><g v="sing"></g><g v="nomn"></g></l></v></tfr></token><token id="592498" text="просто"><tfr rev_id="1425569" t="просто"><v><l id="285025" t="просто"><g v="ADVB"></g><g v="Prdx"></g></l></v><v><l id="285026" t="просто"><g v="PRCL"></g></l></v><v><l id="285050" t="прост"><g v="ADJS"></g><g v="Qual"></g><g v="neut"></g><g v="sing"></g></l></v></tfr></token><token id="592499" text="обязана"><tfr rev_id="1425570" t="обязана"><v><l id="202083" t="обязан"><g v="ADJS"></g><g v="Qual"></g><g v="femn"></g><g v="sing"></g></l></v><v><l id="202099" t="обязан"><g v="PRTS"></g><g v="perf"></g><g v="past"></g><g v="pssv"></g><g v="femn"></g><g v="sing"></g></l></v></tfr></token><token id="592500" text="использовать"><tfr rev_id="1425571" t="использовать"><v><l id="125420" t="использовать"><g v="INFN"></g><g v="perf"></g><g v="tran"></g></l></v><v><l id="125421" t="использовать"><g v="INFN"></g><g v="impf"></g><g v="tran"></g></l></v></tfr></token><token id="592501" text="Интернет"><tfr rev_id="4104179" t="Интернет"><v><l id="123255" t="интернет"><g v="NOUN"></g><g v="inan"></g><g v="masc"></g><g v="sing"></g><g v="accs"></g></l></v></tfr></token><token id="592502" text="для"><tfr rev_id="3453091" t="для"><v><l id="85032" t="для"><g v="PREP"></g></l></v></tfr></token><token id="592503" text="контрдействий"><tfr rev_id="1425574" t="контрдействий"><v><l id="138554" t="контрдействие"><g v="NOUN"></g><g v="inan"></g><g v="neut"></g><g v="plur"></g><g v="gent"></g></l></v></tfr></token><token id="592504" text="."><tfr rev_id="1425575" t="."><v><l id="0" t="."><g v="PNCT"></g></l></v></tfr></token></tokens></sentence><sentence id="33052"><source>Необходимо задействовать аналогичные ресурсы и даже в условиях кризиса выделять под эти цели достаточные средства.</source><tokens><token id="592505" text="Необходимо"><tfr rev_id="1425576" t="Необходимо"><v><l id="184806" t="необходимо"><g v="PRED"></g><g v="pres"></g></l></v><v><l id="184810" t="необходим"><g v="ADJS"></g><g v="Qual"></g><g v="neut"></g><g v="sing"></g></l></v></tfr></token><token id="592506" text="задействовать"><tfr rev_id="1425577" t="задействовать"><v><l id="101518" t="задействовать"><g v="INFN"></g><g v="perf"></g><g v="tran"></g></l></v></tfr></token><token id="592507" text="аналогичные"><tfr rev_id="3746316" t="аналогичные"><v><l id="12239" t="аналогичный"><g v="ADJF"></g><g v="inan"></g><g v="plur"></g><g v="accs"></g></l></v></tfr></token><token id="592508" text="ресурсы"><tfr rev_id="3727637" t="ресурсы"><v><l id="306872" t="ресурс"><g v="NOUN"></g><g v="inan"></g><g v="masc"></g><g v="plur"></g><g v="accs"></g></l></v></tfr></token><token id="592509" text="и"><tfr rev_id="1425580" t="и"><v><l id="116949" t="и"><g v="CONJ"></g></l></v><v><l id="116950" t="и"><g v="INTJ"></g></l></v></tfr></token><token id="592510" text="даже"><tfr rev_id="4079122" t="даже"><v><l id="77849" t="даже"><g v="PRCL"></g></l></v></tfr></token><token id="592511" text="в"><tfr rev_id="1425582" t="в"><v><l id="37409" t="в"><g v="PREP"></g></l></v></tfr></token><token id="592512" text="условиях"><tfr rev_id="1425583" t="условиях"><v><l id="360556" t="условие"><g v="NOUN"></g><g v="inan"></g><g v="neut"></g><g v="plur"></g><g v="loct"></g></l></v></tfr></token><token id="592513" text="кризиса"><tfr rev_id="1425584" t="кризиса"><v><l id="142725" t="кризис"><g v="NOUN"></g><g v="inan"></g><g v="masc"></g><g v="sing"></g><g v="gent"></g></l></v></tfr></token><token id="592514" text="выделять"><tfr rev_id="1425585" t="выделять"><v><l id="57056" t="выделять"><g v="INFN"></g><g v="impf"></g><g v="tran"></g></l></v></tfr></token><token id="592515" text="под"><tfr rev_id="2503294" t="под"><v><l id="243755" t="под"><g v="PREP"></g></l></v></tfr></token><token id="592516" text="эти"><tfr rev_id="4446139" t="эти"><v><l id="386581" t="этот"><g v="ADJF"></g><g v="Subx"></g><g v="Apro"></g><g v="Anph"></g><g v="inan"></g><g v="plur"></g><g v="accs"></g></l></v></tfr></token><token id="592517" text="цели"><tfr rev_id="3804972" t="цели"><v><l id="373216" t="цель"><g v="NOUN"></g><g v="inan"></g><g v="femn"></g><g v="plur"></g><g v="accs"></g></l></v></tfr></token><token id="592518" text="достаточные"><tfr rev_id="3751979" t="достаточные"><v><l id="90479" t="достаточный"><g v="ADJF"></g><g v="Qual"></g><g v="inan"></g><g v="plur"></g><g v="accs"></g></l></v></tfr></token><token id="592519" text="средства"><tfr rev_id="3795967" t="средства"><v><l id="333716" t="средство"><g v="NOUN"></g><g v="inan"></g><g v="neut"></g><g v="plur"></g><g v="accs"></g></l></v></tfr></token><token id="592520" text="."><tfr rev_id="1425591" t="."><v><l id="0" t="."><g v="PNCT"></g></l></v></tfr></token></tokens></sentence><sentence id="33053"><source>Если мы проиграем здесь, то однозначно получим серьезные отрицательные последствия",</source><tokens><token id="592521" text="Если"><tfr rev_id="1425592" t="Если"><v><l id="95365" t="если"><g v="CONJ"></g></l></v></tfr></token><token id="592522" text="мы"><tfr rev_id="1425593" t="мы"><v><l id="165750" t="мы"><g v="NPRO"></g><g v="1per"></g><g v="plur"></g><g v="nomn"></g></l></v></tfr></token><token id="592523" text="проиграем"><tfr rev_id="1425594" t="проиграем"><v><l id="280054" t="проиграл"><g v="VERB"></g><g v="perf"></g><g v="tran"></g><g v="plur"></g><g v="1per"></g><g v="futr"></g><g v="indc"></g></l></v><v><l id="280054" t="проиграл"><g v="VERB"></g><g v="perf"></g><g v="tran"></g><g v="sing"></g><g v="impr"></g><g v="incl"></g></l></v></tfr></token><token id="592524" text="здесь"><tfr rev_id="1425595" t="здесь"><v><l id="114703" t="здесь"><g v="ADVB"></g><g v="Prdx"></g></l></v></tfr></token><token id="592525" text=","><tfr rev_id="1425596" t=","><v><l id="0" t=","><g v="PNCT"></g></l></v></tfr></token><token id="592526" text="то"><tfr rev_id="3777507" t="то"><v><l id="346835" t="то"><g v="CONJ"></g></l></v><v><l id="346836" t="то"><g v="PRCL"></g></l></v><v><l id="348430" t="тот"><g v="ADJF"></g><g v="Subx"></g><g v="Apro"></g><g v="Anph"></g><g v="neut"></g><g v="sing"></g><g v="nomn"></g></l></v><v><l id="348430" t="тот"><g v="ADJF"></g><g v="Subx"></g><g v="Apro"></g><g v="Anph"></g><g v="neut"></g><g v="sing"></g><g v="accs"></g></l></v></tfr></token><token id="592527" text="однозначно"><tfr rev_id="3526633" t="однозначно"><v><l id="203418" t="однозначно"><g v="ADVB"></g></l></v></tfr></token><token id="592528" text="получим"><tfr rev_id="1425599" t="получим"><v><l id="256959" t="получил"><g v="VERB"></g><g v="perf"></g><g v="tran"></g><g v="plur"></g><g v="1per"></g><g v="futr"></g><g v="indc"></g></l></v><v><l id="256959" t="получил"><g v="VERB"></g><g v="perf"></g><g v="tran"></g><g v="sing"></g><g v="impr"></g><g v="incl"></g></l></v></tfr></token><token id="592529" text="серьезные"><tfr rev_id="3746718" t="серьезные"><v><l id="319559" t="серьёзный"><g v="ADJF"></g><g v="Qual"></g><g v="inan"></g><g v="plur"></g><g v="accs"></g></l></v></tfr></token><token id="592530" text="отрицательные"><tfr rev_id="3750288" t="отрицательные"><v><l id="217579" t="отрицательный"><g v="ADJF"></g><g v="Qual"></g><g v="inan"></g><g v="plur"></g><g v="accs"></g></l></v></tfr></token><token id="592531" text="последствия"><tfr rev_id="3794522" t="последствия"><v><l id="261587" t="последствие"><g v="NOUN"></g><g v="inan"></g><g v="neut"></g><g v="plur"></g><g v="accs"></g></l></v></tfr></token><token id="592532" text="&quot;"><tfr rev_id="1425603" t="&quot;"><v><l id="0" t="&quot;"><g v="PNCT"></g></l></v></tfr></token><token id="592533" text=","><tfr rev_id="1425604" t=","><v><l id="0" t=","><g v="PNCT"></g></l></v></tfr></token></tokens></sentence><sentence id="33054"><source>- считает Евсеев.</source><tokens><token id="592534" text="-"><tfr rev_id="1425605" t="-"><v><l id="0" t="-"><g v="PNCT"></g></l></v></tfr></token><token id="592535" text="считает"><tfr rev_id="1425606" t="считает"><v><l id="341320" t="считаю"><g v="VERB"></g><g v="impf"></g><g v="tran"></g><g v="sing"></g><g v="3per"></g><g v="pres"></g><g v="indc"></g></l></v><v><l id="341329" t="считал"><g v="VERB"></g><g v="perf"></g><g v="tran"></g><g v="sing"></g><g v="3per"></g><g v="futr"></g><g v="indc"></g></l></v></tfr></token><token id="592536" text="Евсеев"><tfr rev_id="3473600" t="Евсеев"><v><l id="94054" t="евсеев"><g v="NOUN"></g><g v="anim"></g><g v="masc"></g><g v="Sgtm"></g><g v="Surn"></g><g v="sing"></g><g v="nomn"></g></l></v></tfr></token><token id="592537" text="."><tfr rev_id="1425608" t="."><v><l id="0" t="."><g v="PNCT"></g></l></v></tfr></token></tokens></sentence></paragraph><paragraph id="10531"><sentence id="33055"><source>Пользователи ЖЖ выразили сомнение по поводу того, что в блогах и чатах члены команды по цифровым контактам"представляются сотрудниками Госдепартамента США".</source><tokens><token id="592538" text="Пользователи"><tfr rev_id="1425609" t="Пользователи"><v><l id="257079" t="пользователь"><g v="NOUN"></g><g v="anim"></g><g v="masc"></g><g v="plur"></g><g v="nomn"></g></l></v></tfr></token><token id="592539" text="ЖЖ"><tfr rev_id="3808143" t="ЖЖ"><v><l id="389060" t="жж"><g v="NOUN"></g><g v="inan"></g><g v="masc"></g><g v="Fixd"></g><g v="Abbr"></g><g v="Sgtm"></g><g v="sing"></g><g v="gent"></g></l></v></tfr></token><token id="592540" text="выразили"><tfr rev_id="1425611" t="выразили"><v><l id="61211" t="выразил"><g v="VERB"></g><g v="perf"></g><g v="tran"></g><g v="plur"></g><g v="past"></g><g v="indc"></g></l></v></tfr></token><token id="592541" text="сомнение"><tfr rev_id="4103853" t="сомнение"><v><l id="329384" t="сомнение"><g v="NOUN"></g><g v="inan"></g><g v="neut"></g><g v="sing"></g><g v="accs"></g></l></v></tfr></token><token id="592542" text="по"><tfr rev_id="1425613" t="по"><v><l id="241240" t="по"><g v="PREP"></g></l></v></tfr></token><token id="592543" text="поводу"><tfr rev_id="3812029" t="поводу"><v><l id="242551" t="повод"><g v="NOUN"></g><g v="inan"></g><g v="masc"></g><g v="sing"></g><g v="datv"></g></l></v></tfr></token><token id="592544" text="того"><tfr rev_id="4372299" t="того"><v><l id="348430" t="тот"><g v="ADJF"></g><g v="Subx"></g><g v="Apro"></g><g v="Anph"></g><g v="neut"></g><g v="sing"></g><g v="gent"></g></l></v></tfr></token><token id="592545" text=","><tfr rev_id="1425616" t=","><v><l id="0" t=","><g v="PNCT"></g></l></v></tfr></token><token id="592546" text="что"><tfr rev_id="3196730" t="что"><v><l id="377004" t="что"><g v="CONJ"></g></l></v><v><l id="377005" t="что"><g v="NPRO"></g><g v="neut"></g><g v="sing"></g><g v="nomn"></g></l></v><v><l id="377005" t="что"><g v="NPRO"></g><g v="neut"></g><g v="sing"></g><g v="accs"></g></l></v><v><l id="377006" t="что"><g v="ADVB"></g><g v="Ques"></g></l></v><v><l id="388695" t="что"><g v="PRCL"></g></l></v></tfr></token><token id="592547" text="в"><tfr rev_id="1425618" t="в"><v><l id="37409" t="в"><g v="PREP"></g></l></v></tfr></token><token id="592548" text="блогах"><tfr rev_id="2922118" t="блогах"><v><l id="388678" t="блог"><g v="NOUN"></g><g v="inan"></g><g v="masc"></g><g v="plur"></g><g v="loct"></g></l></v></tfr></token><token id="592549" text="и"><tfr rev_id="1425620" t="и"><v><l id="116949" t="и"><g v="CONJ"></g></l></v><v><l id="116950" t="и"><g v="INTJ"></g></l></v></tfr></token><token id="592550" text="чатах"><tfr rev_id="1425621" t="чатах"><v><l id="374823" t="чат"><g v="NOUN"></g><g v="inan"></g><g v="masc"></g><g v="Slng"></g><g v="plur"></g><g v="loct"></g></l></v></tfr></token><token id="592551" text="члены"><tfr rev_id="4330985" t="члены"><v><l id="376827" t="член"><g v="NOUN"></g><g v="anim"></g><g v="masc"></g><g v="plur"></g><g v="nomn"></g></l></v></tfr></token><token id="592552" text="команды"><tfr rev_id="3459450" t="команды"><v><l id="136706" t="команда"><g v="NOUN"></g><g v="inan"></g><g v="femn"></g><g v="sing"></g><g v="gent"></g></l></v></tfr></token><token id="592553" text="по"><tfr rev_id="1425624" t="по"><v><l id="241240" t="по"><g v="PREP"></g></l></v></tfr></token><token id="592554" text="цифровым"><tfr rev_id="3466380" t="цифровым"><v><l id="374184" t="цифровой"><g v="ADJF"></g><g v="plur"></g><g v="datv"></g></l></v></tfr></token><token id="592555" text="контактам"><tfr rev_id="1425626" t="контактам"><v><l id="138320" t="контакт"><g v="NOUN"></g><g v="inan"></g><g v="masc"></g><g v="plur"></g><g v="datv"></g></l></v></tfr></token><token id="592556" text="&quot;"><tfr rev_id="1425627" t="&quot;"><v><l id="0" t="&quot;"><g v="PNCT"></g></l></v></tfr></token><token id="592557" text="представляются"><tfr rev_id="1425628" t="представляются"><v><l id="267119" t="представляюсь"><g v="VERB"></g><g v="impf"></g><g v="intr"></g><g v="plur"></g><g v="3per"></g><g v="pres"></g><g v="indc"></g></l></v></tfr></token><token id="592558" text="сотрудниками"><tfr rev_id="1425629" t="сотрудниками"><v><l id="330867" t="сотрудник"><g v="NOUN"></g><g v="anim"></g><g v="masc"></g><g v="plur"></g><g v="ablt"></g></l></v></tfr></token><token id="592559" text="Госдепартамента"><tfr rev_id="4506571" t="Госдепартамента"><v><l id="73921" t="госдепартамент"><g v="NOUN"></g><g v="inan"></g><g v="masc"></g><g v="Orgn"></g><g v="sing"></g><g v="gent"></g></l></v></tfr></token><token id="592560" text="США"><tfr rev_id="3811367" t="США"><v><l id="341371" t="сша"><g v="NOUN"></g><g v="inan"></g><g v="GNdr"></g><g v="Pltm"></g><g v="Fixd"></g><g v="Abbr"></g><g v="Geox"></g><g v="plur"></g><g v="gent"></g></l></v></tfr></token><token id="592561" text="&quot;"><tfr rev_id="1425632" t="&quot;"><v><l id="0" t="&quot;"><g v="PNCT"></g></l></v></tfr></token><token id="592562" text="."><tfr rev_id="1425633" t="."><v><l id="0" t="."><g v="PNCT"></g></l></v></tfr></token></tokens></sentence><sentence id="33056"><source>Они советуют проверять IP-адрес неизвестных пользователей перед тем, как ответить на его комментарий.</source><tokens><token id="592563" text="Они"><tfr rev_id="3599361" t="Они"><v><l id="206619" t="они"><g v="NPRO"></g><g v="3per"></g><g v="Anph"></g><g v="plur"></g><g v="nomn"></g></l></v></tfr></token><token id="592564" text="советуют"><tfr rev_id="1425635" t="советуют"><v><l id="327984" t="советую"><g v="VERB"></g><g v="impf"></g><g v="intr"></g><g v="plur"></g><g v="3per"></g><g v="pres"></g><g v="indc"></g></l></v></tfr></token><token id="592565" text="проверять"><tfr rev_id="1425636" t="проверять"><v><l id="277803" t="проверять"><g v="INFN"></g><g v="impf"></g><g v="tran"></g></l></v></tfr></token><token id="592566" text="IP-адрес"><tfr rev_id="1425637" t="IP-адрес"><v><l id="0" t="IP-адрес"><g v="UNKN"></g></l></v></tfr></token><token id="592567" text="неизвестных"><tfr rev_id="2762394" t="неизвестных"><v><l id="182657" t="неизвестный"><g v="ADJF"></g><g v="Qual"></g><g v="plur"></g><g v="gent"></g></l></v></tfr></token><token id="592568" text="пользователей"><tfr rev_id="3717022" t="пользователей"><v><l id="257079" t="пользователь"><g v="NOUN"></g><g v="anim"></g><g v="masc"></g><g v="plur"></g><g v="gent"></g></l></v></tfr></token><token id="592569" text="перед"><tfr rev_id="2503357" t="перед"><v><l id="228071" t="перед"><g v="PREP"></g></l></v></tfr></token><token id="592570" text="тем"><tfr rev_id="4502916" t="тем"><v><l id="348430" t="тот"><g v="ADJF"></g><g v="Subx"></g><g v="Apro"></g><g v="Anph"></g><g v="masc"></g><g v="sing"></g><g v="ablt"></g></l></v><v><l id="348430" t="тот"><g v="ADJF"></g><g v="Subx"></g><g v="Apro"></g><g v="Anph"></g><g v="neut"></g><g v="sing"></g><g v="ablt"></g></l></v></tfr></token><token id="592571" text=","><tfr rev_id="1425642" t=","><v><l id="0" t=","><g v="PNCT"></g></l></v></tfr></token><token id="592572" text="как"><tfr rev_id="1425643" t="как"><v><l id="128190" t="как"><g v="CONJ"></g></l></v><v><l id="128191" t="как"><g v="PRCL"></g></l></v><v><l id="128192" t="как"><g v="ADVB"></g><g v="Ques"></g></l></v></tfr></token><token id="592573" text="ответить"><tfr rev_id="1425644" t="ответить"><v><l id="212434" t="ответить"><g v="INFN"></g><g v="perf"></g><g v="intr"></g></l></v></tfr></token><token id="592574" text="на"><tfr rev_id="3330703" t="на"><v><l id="166264" t="на"><g v="PREP"></g></l></v></tfr></token><token id="592575" text="его"><tfr rev_id="4456920" t="его"><v><l id="94208" t="его"><g v="ADJF"></g><g v="Fixd"></g><g v="Apro"></g><g v="Anph"></g><g v="masc"></g><g v="sing"></g><g v="nomn"></g></l></v><v><l id="94208" t="его"><g v="ADJF"></g><g v="Fixd"></g><g v="Apro"></g><g v="Anph"></g><g v="masc"></g><g v="sing"></g><g v="gent"></g></l></v><v><l id="94208" t="его"><g v="ADJF"></g><g v="Fixd"></g><g v="Apro"></g><g v="Anph"></g><g v="masc"></g><g v="sing"></g><g v="datv"></g></l></v><v><l id="94208" t="его"><g v="ADJF"></g><g v="Fixd"></g><g v="Apro"></g><g v="Anph"></g><g v="masc"></g><g v="sing"></g><g v="accs"></g></l></v><v><l id="94208" t="его"><g v="ADJF"></g><g v="Fixd"></g><g v="Apro"></g><g v="Anph"></g><g v="masc"></g><g v="sing"></g><g v="ablt"></g></l></v><v><l id="94208" t="его"><g v="ADJF"></g><g v="Fixd"></g><g v="Apro"></g><g v="Anph"></g><g v="masc"></g><g v="sing"></g><g v="loct"></g></l></v></tfr></token><token id="592576" text="комментарий"><tfr rev_id="3272622" t="комментарий"><v><l id="136972" t="комментарий"><g v="NOUN"></g><g v="inan"></g><g v="masc"></g><g v="sing"></g><g v="accs"></g></l></v></tfr></token><token id="592577" text="."><tfr rev_id="1425648" t="."><v><l id="0" t="."><g v="PNCT"></g></l></v></tfr></token></tokens></sentence></paragraph><paragraph id="10532"><sentence id="33057"><source>Как сообщает блоггер plutovstvo007, сотрудники Госдепа уже наблюдают за его блогом.</source><tokens><token id="592578" text="Как"><tfr rev_id="1425649" t="Как"><v><l id="128190" t="как"><g v="CONJ"></g></l></v><v><l id="128191" t="как"><g v="PRCL"></g></l></v><v><l id="128192" t="как"><g v="ADVB"></g><g v="Ques"></g></l></v></tfr></token><token id="592579" text="сообщает"><tfr rev_id="1425650" t="сообщает"><v><l id="329538" t="сообщаю"><g v="VERB"></g><g v="impf"></g><g v="tran"></g><g v="sing"></g><g v="3per"></g><g v="pres"></g><g v="indc"></g></l></v></tfr></token><token id="592580" text="блоггер"><tfr rev_id="2922163" t="блоггер"><v><l id="388682" t="блоггер"><g v="NOUN"></g><g v="anim"></g><g v="masc"></g><g v="sing"></g><g v="nomn"></g></l></v></tfr></token><token id="592581" text="plutovstvo007"><tfr rev_id="1425652" t="plutovstvo007"><v><l id="0" t="plutovstvo007"><g v="UNKN"></g></l></v></tfr></token><token id="592582" text=","><tfr rev_id="1425653" t=","><v><l id="0" t=","><g v="PNCT"></g></l></v></tfr></token><token id="592583" text="сотрудники"><tfr rev_id="1425654" t="сотрудники"><v><l id="330867" t="сотрудник"><g v="NOUN"></g><g v="anim"></g><g v="masc"></g><g v="plur"></g><g v="nomn"></g></l></v></tfr></token><token id="592584" text="Госдепа"><tfr rev_id="4506588" t="Госдепа"><v><l id="73920" t="госдеп"><g v="NOUN"></g><g v="inan"></g><g v="masc"></g><g v="Orgn"></g><g v="sing"></g><g v="gent"></g></l></v></tfr></token><token id="592585" text="уже"><tfr rev_id="2692697" t="уже"><v><l id="355422" t="уж"><g v="NOUN"></g><g v="anim"></g><g v="masc"></g><g v="sing"></g><g v="loct"></g></l></v><v><l id="355498" t="уже"><g v="ADVB"></g></l></v><v><l id="355674" t="уже"><g v="COMP"></g><g v="Qual"></g></l></v><v><l id="388673" t="уже"><g v="PRCL"></g></l></v></tfr></token><token id="592586" text="наблюдают"><tfr rev_id="1425657" t="наблюдают"><v><l id="166532" t="наблюдаю"><g v="VERB"></g><g v="impf"></g><g v="tran"></g><g v="plur"></g><g v="3per"></g><g v="pres"></g><g v="indc"></g></l></v></tfr></token><token id="592587" text="за"><tfr rev_id="1425658" t="за"><v><l id="98043" t="за"><g v="PREP"></g></l></v></tfr></token><token id="592588" text="его"><tfr rev_id="4512928" t="его"><v><l id="94208" t="его"><g v="ADJF"></g><g v="Fixd"></g><g v="Apro"></g><g v="Anph"></g><g v="masc"></g><g v="sing"></g><g v="nomn"></g></l></v><v><l id="94208" t="его"><g v="ADJF"></g><g v="Fixd"></g><g v="Apro"></g><g v="Anph"></g><g v="masc"></g><g v="sing"></g><g v="gent"></g></l></v><v><l id="94208" t="его"><g v="ADJF"></g><g v="Fixd"></g><g v="Apro"></g><g v="Anph"></g><g v="masc"></g><g v="sing"></g><g v="datv"></g></l></v><v><l id="94208" t="его"><g v="ADJF"></g><g v="Fixd"></g><g v="Apro"></g><g v="Anph"></g><g v="masc"></g><g v="sing"></g><g v="accs"></g></l></v><v><l id="94208" t="его"><g v="ADJF"></g><g v="Fixd"></g><g v="Apro"></g><g v="Anph"></g><g v="masc"></g><g v="sing"></g><g v="ablt"></g></l></v><v><l id="94208" t="его"><g v="ADJF"></g><g v="Fixd"></g><g v="Apro"></g><g v="Anph"></g><g v="masc"></g><g v="sing"></g><g v="loct"></g></l></v></tfr></token><token id="592589" text="блогом"><tfr rev_id="2922068" t="блогом"><v><l id="388678" t="блог"><g v="NOUN"></g><g v="inan"></g><g v="masc"></g><g v="sing"></g><g v="ablt"></g></l></v></tfr></token><token id="592590" text="."><tfr rev_id="1425661" t="."><v><l id="0" t="."><g v="PNCT"></g></l></v></tfr></token></tokens></sentence></paragraph><paragraph id="10533"><sentence id="33058"><source>Для того, чтобы определить это, plutovstvo007 советует ввести свой ЖЖ-ник и пароль к аккаунту на ljplus.</source><tokens><token id="592591" text="Для"><tfr rev_id="3458870" t="Для"><v><l id="85032" t="для"><g v="PREP"></g></l></v></tfr></token><token id="592592" text="того"><tfr rev_id="3770799" t="того"><v><l id="348430" t="тот"><g v="ADJF"></g><g v="Subx"></g><g v="Apro"></g><g v="Anph"></g><g v="neut"></g><g v="sing"></g><g v="gent"></g></l></v></tfr></token><token id="592593" text=","><tfr rev_id="1425664" t=","><v><l id="0" t=","><g v="PNCT"></g></l></v></tfr></token><token id="592594" text="чтобы"><tfr rev_id="1425665" t="чтобы"><v><l id="377013" t="чтобы"><g v="CONJ"></g></l></v><v><l id="377014" t="чтобы"><g v="PRCL"></g></l></v></tfr></token><token id="592595" text="определить"><tfr rev_id="1425666" t="определить"><v><l id="208003" t="определить"><g v="INFN"></g><g v="perf"></g><g v="tran"></g></l></v></tfr></token><token id="592596" text="это"><tfr rev_id="4441512" t="это"><v><l id="386574" t="это"><g v="PRCL"></g></l></v><v><l id="386575" t="это"><g v="NPRO"></g><g v="neut"></g><g v="sing"></g><g v="nomn"></g></l></v><v><l id="386575" t="это"><g v="NPRO"></g><g v="neut"></g><g v="sing"></g><g v="accs"></g></l></v><v><l id="386581" t="этот"><g v="ADJF"></g><g v="Subx"></g><g v="Apro"></g><g v="Anph"></g><g v="neut"></g><g v="sing"></g><g v="nomn"></g></l></v><v><l id="386581" t="этот"><g v="ADJF"></g><g v="Subx"></g><g v="Apro"></g><g v="Anph"></g><g v="neut"></g><g v="sing"></g><g v="accs"></g></l></v></tfr></token><token id="592597" text=","><tfr rev_id="1425668" t=","><v><l id="0" t=","><g v="PNCT"></g></l></v></tfr></token><token id="592598" text="plutovstvo007"><tfr rev_id="1425669" t="plutovstvo007"><v><l id="0" t="plutovstvo007"><g v="UNKN"></g></l></v></tfr></token><token id="592599" text="советует"><tfr rev_id="1425670" t="советует"><v><l id="327984" t="советую"><g v="VERB"></g><g v="impf"></g><g v="intr"></g><g v="sing"></g><g v="3per"></g><g v="pres"></g><g v="indc"></g></l></v></tfr></token><token id="592600" text="ввести"><tfr rev_id="1425671" t="ввести"><v><l id="39716" t="ввести"><g v="INFN"></g><g v="perf"></g><g v="tran"></g></l></v></tfr></token><token id="592601" text="свой"><tfr rev_id="3629868" t="свой"><v><l id="316379" t="свой"><g v="ADJF"></g><g v="Apro"></g><g v="Anph"></g><g v="masc"></g><g v="sing"></g><g v="nomn"></g></l></v><v><l id="316379" t="свой"><g v="ADJF"></g><g v="Apro"></g><g v="Anph"></g><g v="inan"></g><g v="masc"></g><g v="sing"></g><g v="accs"></g></l></v></tfr></token><token id="592602" text="ЖЖ-ник"><tfr rev_id="4566826" t="ЖЖ-ник"><v><l id="393743" t="жж-ник"><g v="NOUN"></g><g v="inan"></g><g v="masc"></g><g v="sing"></g><g v="accs"></g></l></v><v><l id="393743" t="жж-ник"><g v="NOUN"></g><g v="inan"></g><g v="masc"></g><g v="sing"></g><g v="nomn"></g></l></v></tfr></token><token id="592603" text="и"><tfr rev_id="3471068" t="и"><v><l id="116949" t="и"><g v="CONJ"></g></l></v></tfr></token><token id="592604" text="пароль"><tfr rev_id="4211111" t="пароль"><v><l id="224294" t="пароль"><g v="NOUN"></g><g v="inan"></g><g v="masc"></g><g v="sing"></g><g v="accs"></g></l></v></tfr></token><token id="592605" text="к"><tfr rev_id="1425676" t="к"><v><l id="127460" t="к"><g v="PREP"></g></l></v></tfr></token><token id="592606" text="аккаунту"><tfr rev_id="1425677" t="аккаунту"><v><l id="7070" t="аккаунт"><g v="NOUN"></g><g v="inan"></g><g v="masc"></g><g v="sing"></g><g v="datv"></g></l></v></tfr></token><token id="592607" text="на"><tfr rev_id="3338983" t="на"><v><l id="166264" t="на"><g v="PREP"></g></l></v></tfr></token><token id="592608" text="ljplus"><tfr rev_id="2474551" t="ljplus"><v><l id="0" t="ljplus"><g v="LATN"></g></l></v></tfr></token><token id="592609" text="."><tfr rev_id="1425680" t="."><v><l id="0" t="."><g v="PNCT"></g></l></v></tfr></token></tokens></sentence><sentence id="33059"><source>Потом выбрать на панели меню пункт"счетчик", и в появившемся списке пункт"хиты".</source><tokens><token id="592610" text="Потом"><tfr rev_id="4239812" t="Потом"><v><l id="263319" t="потом"><g v="ADVB"></g></l></v></tfr></token><token id="592611" text="выбрать"><tfr rev_id="1425682" t="выбрать"><v><l id="55794" t="выбрать"><g v="INFN"></g><g v="perf"></g><g v="tran"></g></l></v></tfr></token><token id="592612" text="на"><tfr rev_id="3395959" t="на"><v><l id="166264" t="на"><g v="PREP"></g></l></v></tfr></token><token id="592613" text="панели"><tfr rev_id="4265663" t="панели"><v><l id="223238" t="панель"><g v="NOUN"></g><g v="inan"></g><g v="femn"></g><g v="sing"></g><g v="loct"></g></l></v></tfr></token><token id="592614" text="меню"><tfr rev_id="4161509" t="меню"><v><l id="158440" t="меню"><g v="NOUN"></g><g v="inan"></g><g v="neut"></g><g v="Fixd"></g><g v="sing"></g><g v="gent"></g></l></v></tfr></token><token id="592615" text="пункт"><tfr rev_id="4211091" t="пункт"><v><l id="289177" t="пункт"><g v="NOUN"></g><g v="inan"></g><g v="masc"></g><g v="sing"></g><g v="accs"></g></l></v></tfr></token><token id="592616" text="&quot;"><tfr rev_id="1425687" t="&quot;"><v><l id="0" t="&quot;"><g v="PNCT"></g></l></v></tfr></token><token id="592617" text="счетчик"><tfr rev_id="1425688" t="счетчик"><v><l id="341136" t="счётчик"><g v="NOUN"></g><g v="anim"></g><g v="masc"></g><g v="sing"></g><g v="nomn"></g></l></v><v><l id="341137" t="счётчик"><g v="NOUN"></g><g v="inan"></g><g v="masc"></g><g v="sing"></g><g v="nomn"></g></l></v><v><l id="341137" t="счётчик"><g v="NOUN"></g><g v="inan"></g><g v="masc"></g><g v="sing"></g><g v="accs"></g></l></v></tfr></token><token id="592618" text="&quot;"><tfr rev_id="1425689" t="&quot;"><v><l id="0" t="&quot;"><g v="PNCT"></g></l></v></tfr></token><token id="592619" text=","><tfr rev_id="1425690" t=","><v><l id="0" t=","><g v="PNCT"></g></l></v></tfr></token><token id="592620" text="и"><tfr rev_id="1425691" t="и"><v><l id="116949" t="и"><g v="CONJ"></g></l></v><v><l id="116950" t="и"><g v="INTJ"></g></l></v></tfr></token><token id="592621" text="в"><tfr rev_id="1425692" t="в"><v><l id="37409" t="в"><g v="PREP"></g></l></v></tfr></token><token id="592622" text="появившемся"><tfr rev_id="3443149" t="появившемся"><v><l id="265509" t="появившийся"><g v="PRTF"></g><g v="perf"></g><g v="intr"></g><g v="past"></g><g v="actv"></g><g v="masc"></g><g v="sing"></g><g v="loct"></g></l></v></tfr></token><token id="592623" text="списке"><tfr rev_id="1425694" t="списке"><v><l id="332279" t="список"><g v="NOUN"></g><g v="inan"></g><g v="masc"></g><g v="sing"></g><g v="loct"></g></l></v></tfr></token><token id="592624" text="пункт"><tfr rev_id="4104106" t="пункт"><v><l id="289177" t="пункт"><g v="NOUN"></g><g v="inan"></g><g v="masc"></g><g v="sing"></g><g v="accs"></g></l></v></tfr></token><token id="592625" text="&quot;"><tfr rev_id="1425696" t="&quot;"><v><l id="0" t="&quot;"><g v="PNCT"></g></l></v></tfr></token><token id="592626" text="хиты"><tfr rev_id="3727785" t="хиты"><v><l id="370298" t="хит"><g v="NOUN"></g><g v="inan"></g><g v="masc"></g><g v="plur"></g><g v="nomn"></g></l></v></tfr></token><token id="592627" text="&quot;"><tfr rev_id="1425698" t="&quot;"><v><l id="0" t="&quot;"><g v="PNCT"></g></l></v></tfr></token><token id="592628" text="."><tfr rev_id="1425699" t="."><v><l id="0" t="."><g v="PNCT"></g></l></v></tfr></token></tokens></sentence><sentence id="33060"><source>Чтобы получить информацию о адресах посетителей ЖЖ достаточно нажать на конкретный адрес в таблице"IP-адрес".</source><tokens><token id="592629" text="Чтобы"><tfr rev_id="1425700" t="Чтобы"><v><l id="377013" t="чтобы"><g v="CONJ"></g></l></v><v><l id="377014" t="чтобы"><g v="PRCL"></g></l></v></tfr></token><token id="592630" text="получить"><tfr rev_id="1425701" t="получить"><v><l id="256960" t="получить"><g v="INFN"></g><g v="perf"></g><g v="tran"></g></l></v></tfr></token><token id="592631" text="информацию"><tfr rev_id="1425702" t="информацию"><v><l id="123576" t="информация"><g v="NOUN"></g><g v="inan"></g><g v="femn"></g><g v="sing"></g><g v="accs"></g></l></v></tfr></token><token id="592632" text="о"><tfr rev_id="3332908" t="о"><v><l id="192977" t="о"><g v="PREP"></g></l></v></tfr></token><token id="592633" text="адресах"><tfr rev_id="1425704" t="адресах"><v><l id="5167" t="адрес"><g v="NOUN"></g><g v="inan"></g><g v="masc"></g><g v="plur"></g><g v="loct"></g></l></v></tfr></token><token id="592634" text="посетителей"><tfr rev_id="2866586" t="посетителей"><v><l id="261297" t="посетитель"><g v="NOUN"></g><g v="anim"></g><g v="masc"></g><g v="plur"></g><g v="gent"></g></l></v></tfr></token><token id="592635" text="ЖЖ"><tfr rev_id="4154847" t="ЖЖ"><v><l id="389060" t="жж"><g v="NOUN"></g><g v="inan"></g><g v="masc"></g><g v="Fixd"></g><g v="Abbr"></g><g v="Sgtm"></g><g v="sing"></g><g v="gent"></g></l></v></tfr></token><token id="592636" text="достаточно"><tfr rev_id="1425707" t="достаточно"><v><l id="90477" t="достаточно"><g v="ADVB"></g><g v="Prdx"></g></l></v><v><l id="90480" t="достаточен"><g v="ADJS"></g><g v="Qual"></g><g v="neut"></g><g v="sing"></g></l></v></tfr></token><token id="592637" text="нажать"><tfr rev_id="1425708" t="нажать"><v><l id="170050" t="нажать"><g v="INFN"></g><g v="perf"></g><g v="tran"></g></l></v></tfr></token><token id="592638" text="на"><tfr rev_id="3342335" t="на"><v><l id="166264" t="на"><g v="PREP"></g></l></v></tfr></token><token id="592639" text="конкретный"><tfr rev_id="1425710" t="конкретный"><v><l id="137888" t="конкретный"><g v="ADJF"></g><g v="Qual"></g><g v="masc"></g><g v="sing"></g><g v="nomn"></g></l></v><v><l id="137888" t="конкретный"><g v="ADJF"></g><g v="Qual"></g><g v="inan"></g><g v="masc"></g><g v="sing"></g><g v="accs"></g></l></v></tfr></token><token id="592640" text="адрес"><tfr rev_id="1425711" t="адрес"><v><l id="5167" t="адрес"><g v="NOUN"></g><g v="inan"></g><g v="masc"></g><g v="sing"></g><g v="nomn"></g></l></v><v><l id="5167" t="адрес"><g v="NOUN"></g><g v="inan"></g><g v="masc"></g><g v="sing"></g><g v="accs"></g></l></v></tfr></token><token id="592641" text="в"><tfr rev_id="1425712" t="в"><v><l id="37409" t="в"><g v="PREP"></g></l></v></tfr></token><token id="592642" text="таблице"><tfr rev_id="3556268" t="таблице"><v><l id="342106" t="таблица"><g v="NOUN"></g><g v="inan"></g><g v="femn"></g><g v="sing"></g><g v="loct"></g></l></v></tfr></token><token id="592643" text="&quot;"><tfr rev_id="1425714" t="&quot;"><v><l id="0" t="&quot;"><g v="PNCT"></g></l></v></tfr></token><token id="592644" text="IP-адрес"><tfr rev_id="1425715" t="IP-адрес"><v><l id="0" t="IP-адрес"><g v="UNKN"></g></l></v></tfr></token><token id="592645" text="&quot;"><tfr rev_id="1425716" t="&quot;"><v><l id="0" t="&quot;"><g v="PNCT"></g></l></v></tfr></token><token id="592646" text="."><tfr rev_id="1425717" t="."><v><l id="0" t="."><g v="PNCT"></g></l></v></tfr></token></tokens></sentence></paragraph></paragraphs></text>