<?xml version="1.0" encoding="utf-8"?><text id="1092" parent="226" name="19512 Британские СМИ: «Передача права на проведение ЧМ-2018 России — безумие»"><tags><tag>url:http://www.chaskor.ru/news/britanskie_smi_peredacha_prava_na_provedenie_chm-2018_rossii_-_bezumie_19512</tag><tag>Год:2010</tag><tag>Дата:03/09</tag><tag>Тема:ЧасКор:Общество</tag><tag>Тема:ЧасКор:Общество/Спорт</tag></tags><paragraphs><paragraph id="10549"><sentence id="33123"><source>Британские СМИ: «Передача права на проведение ЧМ-2018 России — безумие»</source><tokens><token id="593621" text="Британские"><tfr rev_id="3748454" t="Британские"><v><l id="34021" t="британский"><g v="ADJF"></g><g v="plur"></g><g v="nomn"></g></l></v></tfr></token><token id="593622" text="СМИ"><tfr rev_id="4489525" t="СМИ"><v><l id="326341" t="сми"><g v="NOUN"></g><g v="inan"></g><g v="GNdr"></g><g v="Pltm"></g><g v="Fixd"></g><g v="Abbr"></g><g v="plur"></g><g v="nomn"></g></l></v></tfr></token><token id="593623" text=":"><tfr rev_id="1426694" t=":"><v><l id="0" t=":"><g v="PNCT"></g></l></v></tfr></token><token id="593624" text="«"><tfr rev_id="2443323" t="«"><v><l id="0" t="«"><g v="PNCT"></g></l></v></tfr></token><token id="593625" text="Передача"><tfr rev_id="1426696" t="Передача"><v><l id="228169" t="передача"><g v="NOUN"></g><g v="inan"></g><g v="femn"></g><g v="sing"></g><g v="nomn"></g></l></v></tfr></token><token id="593626" text="права"><tfr rev_id="4203355" t="права"><v><l id="265680" t="право"><g v="NOUN"></g><g v="inan"></g><g v="neut"></g><g v="sing"></g><g v="gent"></g></l></v></tfr></token><token id="593627" text="на"><tfr rev_id="3475282" t="на"><v><l id="166264" t="на"><g v="PREP"></g></l></v></tfr></token><token id="593628" text="проведение"><tfr rev_id="1426699" t="проведение"><v><l id="277705" t="проведение"><g v="NOUN"></g><g v="inan"></g><g v="neut"></g><g v="sing"></g><g v="nomn"></g></l></v><v><l id="277705" t="проведение"><g v="NOUN"></g><g v="inan"></g><g v="neut"></g><g v="sing"></g><g v="accs"></g></l></v></tfr></token><token id="593629" text="ЧМ-2018"><tfr rev_id="4539060" t="ЧМ-2018"><v><l id="0" t="ЧМ-2018"><g v="UNKN"></g></l></v></tfr></token><token id="593632" text="России"><tfr rev_id="3455292" t="России"><v><l id="309322" t="россия"><g v="NOUN"></g><g v="inan"></g><g v="femn"></g><g v="Sgtm"></g><g v="Geox"></g><g v="sing"></g><g v="datv"></g></l></v></tfr></token><token id="593633" text="—"><tfr rev_id="2443324" t="—"><v><l id="0" t="—"><g v="PNCT"></g></l></v></tfr></token><token id="593634" text="безумие"><tfr rev_id="1426705" t="безумие"><v><l id="26429" t="безумие"><g v="NOUN"></g><g v="inan"></g><g v="neut"></g><g v="sing"></g><g v="nomn"></g></l></v><v><l id="26429" t="безумие"><g v="NOUN"></g><g v="inan"></g><g v="neut"></g><g v="sing"></g><g v="accs"></g></l></v></tfr></token><token id="593635" text="»"><tfr rev_id="2443325" t="»"><v><l id="0" t="»"><g v="PNCT"></g></l></v></tfr></token></tokens></sentence></paragraph><paragraph id="10550"><sentence id="33124"><source>Журналисты Туманного Альбиона пытаются доказать, что Москва недостойна принять первенство планеты по футболу.</source><tokens><token id="593636" text="Журналисты"><tfr rev_id="1426707" t="Журналисты"><v><l id="97974" t="журналист"><g v="NOUN"></g><g v="anim"></g><g v="masc"></g><g v="plur"></g><g v="nomn"></g></l></v></tfr></token><token id="593637" text="Туманного"><tfr rev_id="3454171" t="Туманного"><v><l id="351494" t="туманный"><g v="ADJF"></g><g v="Qual"></g><g v="masc"></g><g v="sing"></g><g v="gent"></g></l></v><v><l id="351494" t="туманный"><g v="ADJF"></g><g v="Qual"></g><g v="anim"></g><g v="masc"></g><g v="sing"></g><g v="accs"></g></l></v></tfr></token><token id="593638" text="Альбиона"><tfr rev_id="1426709" t="Альбиона"><v><l id="10401" t="альбион"><g v="NOUN"></g><g v="inan"></g><g v="masc"></g><g v="sing"></g><g v="gent"></g></l></v></tfr></token><token id="593639" text="пытаются"><tfr rev_id="1426710" t="пытаются"><v><l id="290086" t="пытаюсь"><g v="VERB"></g><g v="impf"></g><g v="intr"></g><g v="plur"></g><g v="3per"></g><g v="pres"></g><g v="indc"></g></l></v></tfr></token><token id="593640" text="доказать"><tfr rev_id="1426711" t="доказать"><v><l id="86980" t="доказать"><g v="INFN"></g><g v="perf"></g><g v="tran"></g></l></v></tfr></token><token id="593641" text=","><tfr rev_id="1426712" t=","><v><l id="0" t=","><g v="PNCT"></g></l></v></tfr></token><token id="593642" text="что"><tfr rev_id="3196738" t="что"><v><l id="377004" t="что"><g v="CONJ"></g></l></v><v><l id="377005" t="что"><g v="NPRO"></g><g v="neut"></g><g v="sing"></g><g v="nomn"></g></l></v><v><l id="377005" t="что"><g v="NPRO"></g><g v="neut"></g><g v="sing"></g><g v="accs"></g></l></v><v><l id="377006" t="что"><g v="ADVB"></g><g v="Ques"></g></l></v><v><l id="388695" t="что"><g v="PRCL"></g></l></v></tfr></token><token id="593643" text="Москва"><tfr rev_id="1426714" t="Москва"><v><l id="163901" t="москва"><g v="NOUN"></g><g v="inan"></g><g v="femn"></g><g v="Sgtm"></g><g v="Geox"></g><g v="sing"></g><g v="nomn"></g></l></v></tfr></token><token id="593644" text="недостойна"><tfr rev_id="1426715" t="недостойна"><v><l id="181703" t="недостоин"><g v="ADJS"></g><g v="femn"></g><g v="sing"></g></l></v></tfr></token><token id="593645" text="принять"><tfr rev_id="1426716" t="принять"><v><l id="272701" t="принять"><g v="INFN"></g><g v="perf"></g><g v="tran"></g></l></v></tfr></token><token id="593646" text="первенство"><tfr rev_id="4097846" t="первенство"><v><l id="226198" t="первенство"><g v="NOUN"></g><g v="inan"></g><g v="neut"></g><g v="sing"></g><g v="accs"></g></l></v></tfr></token><token id="593647" text="планеты"><tfr rev_id="3457236" t="планеты"><v><l id="239690" t="планета"><g v="NOUN"></g><g v="inan"></g><g v="femn"></g><g v="sing"></g><g v="gent"></g></l></v></tfr></token><token id="593648" text="по"><tfr rev_id="1426719" t="по"><v><l id="241240" t="по"><g v="PREP"></g></l></v></tfr></token><token id="593649" text="футболу"><tfr rev_id="1426720" t="футболу"><v><l id="368772" t="футбол"><g v="NOUN"></g><g v="inan"></g><g v="masc"></g><g v="sing"></g><g v="datv"></g></l></v></tfr></token><token id="593650" text="."><tfr rev_id="1426721" t="."><v><l id="0" t="."><g v="PNCT"></g></l></v></tfr></token></tokens></sentence></paragraph><paragraph id="10551"><sentence id="33125"><source>Как известно, наблюдатели считают Москву и Лондон наиболее вероятными претендентами на право организации чемпионата мира по футболу в 2018 году.</source><tokens><token id="593651" text="Как"><tfr rev_id="1426722" t="Как"><v><l id="128190" t="как"><g v="CONJ"></g></l></v><v><l id="128191" t="как"><g v="PRCL"></g></l></v><v><l id="128192" t="как"><g v="ADVB"></g><g v="Ques"></g></l></v></tfr></token><token id="593652" text="известно"><tfr rev_id="1426723" t="известно"><v><l id="118141" t="известно"><g v="CONJ"></g><g v="Prnt"></g></l></v><v><l id="118142" t="известно"><g v="PRED"></g><g v="pres"></g></l></v><v><l id="118146" t="известен"><g v="ADJS"></g><g v="Qual"></g><g v="neut"></g><g v="sing"></g></l></v></tfr></token><token id="593653" text=","><tfr rev_id="1426724" t=","><v><l id="0" t=","><g v="PNCT"></g></l></v></tfr></token><token id="593654" text="наблюдатели"><tfr rev_id="1426725" t="наблюдатели"><v><l id="166525" t="наблюдатель"><g v="NOUN"></g><g v="anim"></g><g v="masc"></g><g v="plur"></g><g v="nomn"></g></l></v></tfr></token><token id="593655" text="считают"><tfr rev_id="1426726" t="считают"><v><l id="341320" t="считаю"><g v="VERB"></g><g v="impf"></g><g v="tran"></g><g v="plur"></g><g v="3per"></g><g v="pres"></g><g v="indc"></g></l></v><v><l id="341329" t="считал"><g v="VERB"></g><g v="perf"></g><g v="tran"></g><g v="plur"></g><g v="3per"></g><g v="futr"></g><g v="indc"></g></l></v></tfr></token><token id="593656" text="Москву"><tfr rev_id="1426727" t="Москву"><v><l id="163901" t="москва"><g v="NOUN"></g><g v="inan"></g><g v="femn"></g><g v="Sgtm"></g><g v="Geox"></g><g v="sing"></g><g v="accs"></g></l></v></tfr></token><token id="593657" text="и"><tfr rev_id="3486575" t="и"><v><l id="116949" t="и"><g v="CONJ"></g></l></v></tfr></token><token id="593658" text="Лондон"><tfr rev_id="4107497" t="Лондон"><v><l id="150828" t="лондон"><g v="NOUN"></g><g v="inan"></g><g v="masc"></g><g v="Geox"></g><g v="sing"></g><g v="accs"></g></l></v></tfr></token><token id="593659" text="наиболее"><tfr rev_id="1426730" t="наиболее"><v><l id="170502" t="наиболее"><g v="ADVB"></g></l></v></tfr></token><token id="593660" text="вероятными"><tfr rev_id="1426731" t="вероятными"><v><l id="41550" t="вероятный"><g v="ADJF"></g><g v="Qual"></g><g v="plur"></g><g v="ablt"></g></l></v></tfr></token><token id="593661" text="претендентами"><tfr rev_id="1426732" t="претендентами"><v><l id="268410" t="претендент"><g v="NOUN"></g><g v="anim"></g><g v="masc"></g><g v="plur"></g><g v="ablt"></g></l></v></tfr></token><token id="593662" text="на"><tfr rev_id="3341331" t="на"><v><l id="166264" t="на"><g v="PREP"></g></l></v></tfr></token><token id="593663" text="право"><tfr rev_id="4576391" t="право"><v><l id="265680" t="право"><g v="NOUN"></g><g v="inan"></g><g v="neut"></g><g v="sing"></g><g v="nomn"></g></l></v><v><l id="265680" t="право"><g v="NOUN"></g><g v="inan"></g><g v="neut"></g><g v="sing"></g><g v="accs"></g></l></v></tfr></token><token id="593664" text="организации"><tfr rev_id="3488158" t="организации"><v><l id="208750" t="организация"><g v="NOUN"></g><g v="inan"></g><g v="femn"></g><g v="sing"></g><g v="gent"></g></l></v><v><l id="208750" t="организация"><g v="NOUN"></g><g v="inan"></g><g v="femn"></g><g v="sing"></g><g v="datv"></g></l></v><v><l id="208750" t="организация"><g v="NOUN"></g><g v="inan"></g><g v="femn"></g><g v="sing"></g><g v="loct"></g></l></v></tfr></token><token id="593665" text="чемпионата"><tfr rev_id="1426736" t="чемпионата"><v><l id="375186" t="чемпионат"><g v="NOUN"></g><g v="inan"></g><g v="masc"></g><g v="sing"></g><g v="gent"></g></l></v></tfr></token><token id="593666" text="мира"><tfr rev_id="3718644" t="мира"><v><l id="160807" t="мир"><g v="NOUN"></g><g v="inan"></g><g v="masc"></g><g v="sing"></g><g v="gen1"></g></l></v></tfr></token><token id="593667" text="по"><tfr rev_id="1426738" t="по"><v><l id="241240" t="по"><g v="PREP"></g></l></v></tfr></token><token id="593668" text="футболу"><tfr rev_id="1426739" t="футболу"><v><l id="368772" t="футбол"><g v="NOUN"></g><g v="inan"></g><g v="masc"></g><g v="sing"></g><g v="datv"></g></l></v></tfr></token><token id="593669" text="в"><tfr rev_id="1426740" t="в"><v><l id="37409" t="в"><g v="PREP"></g></l></v></tfr></token><token id="593670" text="2018"><tfr rev_id="2461486" t="2018"><v><l id="0" t="2018"><g v="NUMB"></g></l></v></tfr></token><token id="593671" text="году"><tfr rev_id="2850262" t="году"><v><l id="72149" t="год"><g v="NOUN"></g><g v="inan"></g><g v="masc"></g><g v="sing"></g><g v="loc2"></g></l></v></tfr></token><token id="593672" text="."><tfr rev_id="1426743" t="."><v><l id="0" t="."><g v="PNCT"></g></l></v></tfr></token></tokens></sentence><sentence id="33126"><source>Поэтому неудивительно, что между Россией и Англией разворачивается серьёзная конкурентная борьба.</source><tokens><token id="593673" text="Поэтому"><tfr rev_id="1426744" t="Поэтому"><v><l id="265490" t="поэтому"><g v="ADVB"></g></l></v></tfr></token><token id="593674" text="неудивительно"><tfr rev_id="3647424" t="неудивительно"><v><l id="189202" t="неудивителен"><g v="ADJS"></g><g v="neut"></g><g v="sing"></g></l></v><v><l id="389348" t="неудивительно"><g v="ADVB"></g></l></v></tfr></token><token id="593675" text=","><tfr rev_id="1426746" t=","><v><l id="0" t=","><g v="PNCT"></g></l></v></tfr></token><token id="593676" text="что"><tfr rev_id="3196739" t="что"><v><l id="377004" t="что"><g v="CONJ"></g></l></v><v><l id="377005" t="что"><g v="NPRO"></g><g v="neut"></g><g v="sing"></g><g v="nomn"></g></l></v><v><l id="377005" t="что"><g v="NPRO"></g><g v="neut"></g><g v="sing"></g><g v="accs"></g></l></v><v><l id="377006" t="что"><g v="ADVB"></g><g v="Ques"></g></l></v><v><l id="388695" t="что"><g v="PRCL"></g></l></v></tfr></token><token id="593677" text="между"><tfr rev_id="1426748" t="между"><v><l id="157306" t="между"><g v="PREP"></g></l></v></tfr></token><token id="593678" text="Россией"><tfr rev_id="1426749" t="Россией"><v><l id="309322" t="россия"><g v="NOUN"></g><g v="inan"></g><g v="femn"></g><g v="Sgtm"></g><g v="Geox"></g><g v="sing"></g><g v="ablt"></g></l></v></tfr></token><token id="593679" text="и"><tfr rev_id="1426750" t="и"><v><l id="116949" t="и"><g v="CONJ"></g></l></v><v><l id="116950" t="и"><g v="INTJ"></g></l></v></tfr></token><token id="593680" text="Англией"><tfr rev_id="1426751" t="Англией"><v><l id="12747" t="англия"><g v="NOUN"></g><g v="inan"></g><g v="femn"></g><g v="Sgtm"></g><g v="Geox"></g><g v="sing"></g><g v="ablt"></g></l></v></tfr></token><token id="593681" text="разворачивается"><tfr rev_id="1426752" t="разворачивается"><v><l id="292698" t="разворачиваюсь"><g v="VERB"></g><g v="impf"></g><g v="intr"></g><g v="sing"></g><g v="3per"></g><g v="pres"></g><g v="indc"></g></l></v></tfr></token><token id="593682" text="серьёзная"><tfr rev_id="1426753" t="серьёзная"><v><l id="319559" t="серьёзный"><g v="ADJF"></g><g v="Qual"></g><g v="femn"></g><g v="sing"></g><g v="nomn"></g></l></v></tfr></token><token id="593683" text="конкурентная"><tfr rev_id="1426754" t="конкурентная"><v><l id="137902" t="конкурентный"><g v="ADJF"></g><g v="femn"></g><g v="sing"></g><g v="nomn"></g></l></v></tfr></token><token id="593684" text="борьба"><tfr rev_id="1426755" t="борьба"><v><l id="33103" t="борьба"><g v="NOUN"></g><g v="inan"></g><g v="femn"></g><g v="Sgtm"></g><g v="sing"></g><g v="nomn"></g></l></v></tfr></token><token id="593685" text="."><tfr rev_id="1426756" t="."><v><l id="0" t="."><g v="PNCT"></g></l></v></tfr></token></tokens></sentence><sentence id="33127"><source>Присоединились к ней и британские журналисты, которые стараются убедить читателей, что наша страна недостойна такого права.</source><tokens><token id="593686" text="Присоединились"><tfr rev_id="1426757" t="Присоединились"><v><l id="274434" t="присоединился"><g v="VERB"></g><g v="perf"></g><g v="intr"></g><g v="plur"></g><g v="past"></g><g v="indc"></g></l></v></tfr></token><token id="593687" text="к"><tfr rev_id="1426758" t="к"><v><l id="127460" t="к"><g v="PREP"></g></l></v></tfr></token><token id="593688" text="ней"><tfr rev_id="4351132" t="ней"><v><l id="206544" t="она"><g v="NPRO"></g><g v="femn"></g><g v="3per"></g><g v="Anph"></g><g v="sing"></g><g v="datv"></g><g v="Af-p"></g></l></v></tfr></token><token id="593689" text="и"><tfr rev_id="1426760" t="и"><v><l id="116949" t="и"><g v="CONJ"></g></l></v><v><l id="116950" t="и"><g v="INTJ"></g></l></v></tfr></token><token id="593690" text="британские"><tfr rev_id="3750178" t="британские"><v><l id="34021" t="британский"><g v="ADJF"></g><g v="plur"></g><g v="nomn"></g></l></v></tfr></token><token id="593691" text="журналисты"><tfr rev_id="1426762" t="журналисты"><v><l id="97974" t="журналист"><g v="NOUN"></g><g v="anim"></g><g v="masc"></g><g v="plur"></g><g v="nomn"></g></l></v></tfr></token><token id="593692" text=","><tfr rev_id="1426763" t=","><v><l id="0" t=","><g v="PNCT"></g></l></v></tfr></token><token id="593693" text="которые"><tfr rev_id="3742369" t="которые"><v><l id="141203" t="который"><g v="ADJF"></g><g v="Apro"></g><g v="Subx"></g><g v="Anph"></g><g v="plur"></g><g v="nomn"></g></l></v></tfr></token><token id="593694" text="стараются"><tfr rev_id="1426765" t="стараются"><v><l id="334746" t="стараюсь"><g v="VERB"></g><g v="impf"></g><g v="intr"></g><g v="plur"></g><g v="3per"></g><g v="pres"></g><g v="indc"></g></l></v></tfr></token><token id="593695" text="убедить"><tfr rev_id="1426766" t="убедить"><v><l id="352900" t="убедить"><g v="INFN"></g><g v="perf"></g><g v="tran"></g></l></v></tfr></token><token id="593696" text="читателей"><tfr rev_id="3538160" t="читателей"><v><l id="376715" t="читатель"><g v="NOUN"></g><g v="anim"></g><g v="masc"></g><g v="plur"></g><g v="accs"></g></l></v></tfr></token><token id="593697" text=","><tfr rev_id="1426768" t=","><v><l id="0" t=","><g v="PNCT"></g></l></v></tfr></token><token id="593698" text="что"><tfr rev_id="3196740" t="что"><v><l id="377004" t="что"><g v="CONJ"></g></l></v><v><l id="377005" t="что"><g v="NPRO"></g><g v="neut"></g><g v="sing"></g><g v="nomn"></g></l></v><v><l id="377005" t="что"><g v="NPRO"></g><g v="neut"></g><g v="sing"></g><g v="accs"></g></l></v><v><l id="377006" t="что"><g v="ADVB"></g><g v="Ques"></g></l></v><v><l id="388695" t="что"><g v="PRCL"></g></l></v></tfr></token><token id="593699" text="наша"><tfr rev_id="1426770" t="наша"><v><l id="178492" t="наш"><g v="ADJF"></g><g v="Apro"></g><g v="femn"></g><g v="sing"></g><g v="nomn"></g></l></v></tfr></token><token id="593700" text="страна"><tfr rev_id="1426771" t="страна"><v><l id="337100" t="страна"><g v="NOUN"></g><g v="inan"></g><g v="femn"></g><g v="sing"></g><g v="nomn"></g></l></v></tfr></token><token id="593701" text="недостойна"><tfr rev_id="1426772" t="недостойна"><v><l id="181703" t="недостоин"><g v="ADJS"></g><g v="femn"></g><g v="sing"></g></l></v></tfr></token><token id="593702" text="такого"><tfr rev_id="4076795" t="такого"><v><l id="342491" t="такой"><g v="ADJF"></g><g v="Apro"></g><g v="neut"></g><g v="sing"></g><g v="gent"></g></l></v></tfr></token><token id="593703" text="права"><tfr rev_id="4203343" t="права"><v><l id="265680" t="право"><g v="NOUN"></g><g v="inan"></g><g v="neut"></g><g v="sing"></g><g v="gent"></g></l></v></tfr></token><token id="593704" text="."><tfr rev_id="1426775" t="."><v><l id="0" t="."><g v="PNCT"></g></l></v></tfr></token></tokens></sentence><sentence id="33128"><source>«Если Россия такая замечательная, то почему Роман Абрамович живёт в Вентворте?</source><tokens><token id="593705" text="«"><tfr rev_id="2443326" t="«"><v><l id="0" t="«"><g v="PNCT"></g></l></v></tfr></token><token id="593706" text="Если"><tfr rev_id="1426777" t="Если"><v><l id="95365" t="если"><g v="CONJ"></g></l></v></tfr></token><token id="593707" text="Россия"><tfr rev_id="1426778" t="Россия"><v><l id="309322" t="россия"><g v="NOUN"></g><g v="inan"></g><g v="femn"></g><g v="Sgtm"></g><g v="Geox"></g><g v="sing"></g><g v="nomn"></g></l></v></tfr></token><token id="593708" text="такая"><tfr rev_id="2368559" t="такая"><v><l id="342491" t="такой"><g v="ADJF"></g><g v="Apro"></g><g v="femn"></g><g v="sing"></g><g v="nomn"></g></l></v></tfr></token><token id="593709" text="замечательная"><tfr rev_id="1426780" t="замечательная"><v><l id="105549" t="замечательный"><g v="ADJF"></g><g v="Qual"></g><g v="femn"></g><g v="sing"></g><g v="nomn"></g></l></v></tfr></token><token id="593710" text=","><tfr rev_id="1426781" t=","><v><l id="0" t=","><g v="PNCT"></g></l></v></tfr></token><token id="593711" text="то"><tfr rev_id="3777510" t="то"><v><l id="346835" t="то"><g v="CONJ"></g></l></v><v><l id="346836" t="то"><g v="PRCL"></g></l></v><v><l id="348430" t="тот"><g v="ADJF"></g><g v="Subx"></g><g v="Apro"></g><g v="Anph"></g><g v="neut"></g><g v="sing"></g><g v="nomn"></g></l></v><v><l id="348430" t="тот"><g v="ADJF"></g><g v="Subx"></g><g v="Apro"></g><g v="Anph"></g><g v="neut"></g><g v="sing"></g><g v="accs"></g></l></v></tfr></token><token id="593712" text="почему"><tfr rev_id="1426783" t="почему"><v><l id="264705" t="почему"><g v="ADVB"></g><g v="Ques"></g></l></v></tfr></token><token id="593713" text="Роман"><tfr rev_id="4454303" t="Роман"><v><l id="308829" t="роман"><g v="NOUN"></g><g v="anim"></g><g v="masc"></g><g v="Name"></g><g v="sing"></g><g v="nomn"></g></l></v></tfr></token><token id="593714" text="Абрамович"><tfr rev_id="4329602" t="Абрамович"><v><l id="1689" t="абрамович"><g v="NOUN"></g><g v="anim"></g><g v="masc"></g><g v="Sgtm"></g><g v="Surn"></g><g v="sing"></g><g v="nomn"></g></l></v></tfr></token><token id="593715" text="живёт"><tfr rev_id="1426786" t="живёт"><v><l id="97603" t="живу"><g v="VERB"></g><g v="impf"></g><g v="intr"></g><g v="sing"></g><g v="3per"></g><g v="pres"></g><g v="indc"></g></l></v></tfr></token><token id="593716" text="в"><tfr rev_id="1426787" t="в"><v><l id="37409" t="в"><g v="PREP"></g></l></v></tfr></token><token id="593717" text="Вентворте"><tfr rev_id="1426788" t="Вентворте"><v><l id="0" t="вентворте"><g v="UNKN"></g></l></v></tfr></token><token id="593718" text="?"><tfr rev_id="1426789" t="?"><v><l id="0" t="?"><g v="PNCT"></g></l></v></tfr></token></tokens></sentence><sentence id="33129"><source>Этот человек обладает миллиардами.</source><tokens><token id="593719" text="Этот"><tfr rev_id="4432075" t="Этот"><v><l id="386581" t="этот"><g v="ADJF"></g><g v="Subx"></g><g v="Apro"></g><g v="Anph"></g><g v="masc"></g><g v="sing"></g><g v="nomn"></g></l></v><v><l id="386581" t="этот"><g v="ADJF"></g><g v="Subx"></g><g v="Apro"></g><g v="Anph"></g><g v="inan"></g><g v="masc"></g><g v="sing"></g><g v="accs"></g></l></v></tfr></token><token id="593720" text="человек"><tfr rev_id="3451348" t="человек"><v><l id="375073" t="человек"><g v="NOUN"></g><g v="anim"></g><g v="masc"></g><g v="sing"></g><g v="nomn"></g></l></v></tfr></token><token id="593721" text="обладает"><tfr rev_id="1426792" t="обладает"><v><l id="196101" t="обладаю"><g v="VERB"></g><g v="impf"></g><g v="intr"></g><g v="sing"></g><g v="3per"></g><g v="pres"></g><g v="indc"></g></l></v></tfr></token><token id="593722" text="миллиардами"><tfr rev_id="1426793" t="миллиардами"><v><l id="160237" t="миллиард"><g v="NOUN"></g><g v="inan"></g><g v="masc"></g><g v="plur"></g><g v="ablt"></g></l></v></tfr></token><token id="593723" text="."><tfr rev_id="1426794" t="."><v><l id="0" t="."><g v="PNCT"></g></l></v></tfr></token></tokens></sentence><sentence id="33130"><source>У него мог бы быть самый лучший дом в России.</source><tokens><token id="593724" text="У"><tfr rev_id="3328282" t="У"><v><l id="352818" t="у"><g v="PREP"></g></l></v></tfr></token><token id="593725" text="него"><tfr rev_id="4528175" t="него"><v><l id="206541" t="он"><g v="NPRO"></g><g v="masc"></g><g v="3per"></g><g v="Anph"></g><g v="sing"></g><g v="gent"></g><g v="Af-p"></g></l></v><v><l id="206649" t="оно"><g v="NPRO"></g><g v="neut"></g><g v="3per"></g><g v="Anph"></g><g v="sing"></g><g v="gent"></g><g v="Af-p"></g></l></v></tfr></token><token id="593726" text="мог"><tfr rev_id="1426797" t="мог"><v><l id="164485" t="могу"><g v="VERB"></g><g v="impf"></g><g v="intr"></g><g v="masc"></g><g v="sing"></g><g v="past"></g><g v="indc"></g></l></v></tfr></token><token id="593727" text="бы"><tfr rev_id="1426798" t="бы"><v><l id="36985" t="бы"><g v="PRCL"></g></l></v></tfr></token><token id="593728" text="быть"><tfr rev_id="1426799" t="быть"><v><l id="37266" t="быть"><g v="INFN"></g><g v="impf"></g><g v="intr"></g></l></v></tfr></token><token id="593729" text="самый"><tfr rev_id="1426800" t="самый"><v><l id="313174" t="самый"><g v="ADJF"></g><g v="Apro"></g><g v="masc"></g><g v="sing"></g><g v="nomn"></g></l></v><v><l id="313174" t="самый"><g v="ADJF"></g><g v="Apro"></g><g v="inan"></g><g v="masc"></g><g v="sing"></g><g v="accs"></g></l></v></tfr></token><token id="593730" text="лучший"><tfr rev_id="1426801" t="лучший"><v><l id="371672" t="лучший"><g v="ADJF"></g><g v="Supr"></g><g v="Qual"></g><g v="masc"></g><g v="sing"></g><g v="nomn"></g></l></v><v><l id="371672" t="лучший"><g v="ADJF"></g><g v="Supr"></g><g v="Qual"></g><g v="inan"></g><g v="masc"></g><g v="sing"></g><g v="accs"></g></l></v></tfr></token><token id="593731" text="дом"><tfr rev_id="4103239" t="дом"><v><l id="88152" t="дом"><g v="NOUN"></g><g v="inan"></g><g v="masc"></g><g v="sing"></g><g v="nomn"></g></l></v></tfr></token><token id="593732" text="в"><tfr rev_id="1426803" t="в"><v><l id="37409" t="в"><g v="PREP"></g></l></v></tfr></token><token id="593733" text="России"><tfr rev_id="2782066" t="России"><v><l id="309322" t="россия"><g v="NOUN"></g><g v="inan"></g><g v="femn"></g><g v="Sgtm"></g><g v="Geox"></g><g v="sing"></g><g v="loct"></g></l></v></tfr></token><token id="593734" text="."><tfr rev_id="1426805" t="."><v><l id="0" t="."><g v="PNCT"></g></l></v></tfr></token></tokens></sentence><sentence id="33131"><source>У него могло бы быть их хоть десять, раскиданных по всей стране с запада на восток»,</source><tokens><token id="593735" text="У"><tfr rev_id="3329010" t="У"><v><l id="352818" t="у"><g v="PREP"></g></l></v></tfr></token><token id="593736" text="него"><tfr rev_id="4528176" t="него"><v><l id="206541" t="он"><g v="NPRO"></g><g v="masc"></g><g v="3per"></g><g v="Anph"></g><g v="sing"></g><g v="gent"></g><g v="Af-p"></g></l></v><v><l id="206649" t="оно"><g v="NPRO"></g><g v="neut"></g><g v="3per"></g><g v="Anph"></g><g v="sing"></g><g v="gent"></g><g v="Af-p"></g></l></v></tfr></token><token id="593737" text="могло"><tfr rev_id="1426808" t="могло"><v><l id="164485" t="могу"><g v="VERB"></g><g v="impf"></g><g v="intr"></g><g v="neut"></g><g v="sing"></g><g v="past"></g><g v="indc"></g></l></v></tfr></token><token id="593738" text="бы"><tfr rev_id="1426809" t="бы"><v><l id="36985" t="бы"><g v="PRCL"></g></l></v></tfr></token><token id="593739" text="быть"><tfr rev_id="1426810" t="быть"><v><l id="37266" t="быть"><g v="INFN"></g><g v="impf"></g><g v="intr"></g></l></v></tfr></token><token id="593740" text="их"><tfr rev_id="4204340" t="их"><v><l id="206619" t="они"><g v="NPRO"></g><g v="3per"></g><g v="Anph"></g><g v="plur"></g><g v="gent"></g></l></v><v><l id="206619" t="они"><g v="NPRO"></g><g v="3per"></g><g v="Anph"></g><g v="plur"></g><g v="accs"></g></l></v></tfr></token><token id="593741" text="хоть"><tfr rev_id="1426812" t="хоть"><v><l id="371728" t="хоть"><g v="PRCL"></g></l></v><v><l id="371729" t="хоть"><g v="CONJ"></g></l></v></tfr></token><token id="593742" text="десять"><tfr rev_id="1426813" t="десять"><v><l id="82114" t="десять"><g v="NUMR"></g><g v="nomn"></g></l></v><v><l id="82114" t="десять"><g v="NUMR"></g><g v="accs"></g></l></v></tfr></token><token id="593743" text=","><tfr rev_id="1426814" t=","><v><l id="0" t=","><g v="PNCT"></g></l></v></tfr></token><token id="593744" text="раскиданных"><tfr rev_id="1426815" t="раскиданных"><v><l id="298333" t="раскиданный"><g v="PRTF"></g><g v="perf"></g><g v="tran"></g><g v="past"></g><g v="pssv"></g><g v="plur"></g><g v="gent"></g></l></v><v><l id="298333" t="раскиданный"><g v="PRTF"></g><g v="perf"></g><g v="tran"></g><g v="past"></g><g v="pssv"></g><g v="anim"></g><g v="plur"></g><g v="accs"></g></l></v><v><l id="298333" t="раскиданный"><g v="PRTF"></g><g v="perf"></g><g v="tran"></g><g v="past"></g><g v="pssv"></g><g v="plur"></g><g v="loct"></g></l></v></tfr></token><token id="593745" text="по"><tfr rev_id="1426816" t="по"><v><l id="241240" t="по"><g v="PREP"></g></l></v></tfr></token><token id="593746" text="всей"><tfr rev_id="4393283" t="всей"><v><l id="42156" t="весь"><g v="ADJF"></g><g v="Subx"></g><g v="Apro"></g><g v="femn"></g><g v="sing"></g><g v="datv"></g></l></v></tfr></token><token id="593747" text="стране"><tfr rev_id="3447116" t="стране"><v><l id="337100" t="страна"><g v="NOUN"></g><g v="inan"></g><g v="femn"></g><g v="sing"></g><g v="datv"></g></l></v></tfr></token><token id="593748" text="с"><tfr rev_id="1426819" t="с"><v><l id="311151" t="с"><g v="PREP"></g></l></v></tfr></token><token id="593749" text="запада"><tfr rev_id="4505178" t="запада"><v><l id="106649" t="запад"><g v="NOUN"></g><g v="inan"></g><g v="masc"></g><g v="sing"></g><g v="gent"></g></l></v></tfr></token><token id="593750" text="на"><tfr rev_id="3334728" t="на"><v><l id="166264" t="на"><g v="PREP"></g></l></v></tfr></token><token id="593751" text="восток"><tfr rev_id="4505693" t="восток"><v><l id="51910" t="восток"><g v="NOUN"></g><g v="inan"></g><g v="masc"></g><g v="sing"></g><g v="accs"></g></l></v></tfr></token><token id="593752" text="»"><tfr rev_id="2443327" t="»"><v><l id="0" t="»"><g v="PNCT"></g></l></v></tfr></token><token id="593753" text=","><tfr rev_id="1426824" t=","><v><l id="0" t=","><g v="PNCT"></g></l></v></tfr></token></tokens></sentence><sentence id="33132"><source>— цитирует первый аргумент газеты Daily Mail «Росбалт».</source><tokens><token id="593754" text="—"><tfr rev_id="2443328" t="—"><v><l id="0" t="—"><g v="PNCT"></g></l></v></tfr></token><token id="593755" text="цитирует"><tfr rev_id="1426826" t="цитирует"><v><l id="374102" t="цитирую"><g v="VERB"></g><g v="impf"></g><g v="tran"></g><g v="sing"></g><g v="3per"></g><g v="pres"></g><g v="indc"></g></l></v></tfr></token><token id="593756" text="первый"><tfr rev_id="1426827" t="первый"><v><l id="226359" t="первый"><g v="ADJF"></g><g v="Anum"></g><g v="masc"></g><g v="sing"></g><g v="nomn"></g></l></v><v><l id="226359" t="первый"><g v="ADJF"></g><g v="Anum"></g><g v="inan"></g><g v="masc"></g><g v="sing"></g><g v="accs"></g></l></v></tfr></token><token id="593757" text="аргумент"><tfr rev_id="4099550" t="аргумент"><v><l id="15995" t="аргумент"><g v="NOUN"></g><g v="inan"></g><g v="masc"></g><g v="sing"></g><g v="accs"></g></l></v></tfr></token><token id="593758" text="газеты"><tfr rev_id="3327717" t="газеты"><v><l id="65825" t="газета"><g v="NOUN"></g><g v="inan"></g><g v="femn"></g><g v="sing"></g><g v="gent"></g></l></v></tfr></token><token id="593759" text="Daily"><tfr rev_id="2474552" t="Daily"><v><l id="0" t="Daily"><g v="LATN"></g></l></v></tfr></token><token id="593760" text="Mail"><tfr rev_id="2474553" t="Mail"><v><l id="0" t="Mail"><g v="LATN"></g></l></v></tfr></token><token id="593761" text="«"><tfr rev_id="2443329" t="«"><v><l id="0" t="«"><g v="PNCT"></g></l></v></tfr></token><token id="593762" text="Росбалт"><tfr rev_id="3478137" t="Росбалт"><v><l id="309108" t="росбалт"><g v="NOUN"></g><g v="inan"></g><g v="masc"></g><g v="Sgtm"></g><g v="Orgn"></g><g v="sing"></g><g v="nomn"></g></l></v></tfr></token><token id="593763" text="»"><tfr rev_id="2443330" t="»"><v><l id="0" t="»"><g v="PNCT"></g></l></v></tfr></token><token id="593764" text="."><tfr rev_id="1426835" t="."><v><l id="0" t="."><g v="PNCT"></g></l></v></tfr></token></tokens></sentence></paragraph><paragraph id="10552"><sentence id="33133"><source>Впрочем, против некоторых аргументов британских журналистов не поспоришь.</source><tokens><token id="593765" text="Впрочем"><tfr rev_id="3423251" t="Впрочем"><v><l id="52738" t="впрочем"><g v="CONJ"></g><g v="Prnt"></g></l></v></tfr></token><token id="593766" text=","><tfr rev_id="1426837" t=","><v><l id="0" t=","><g v="PNCT"></g></l></v></tfr></token><token id="593767" text="против"><tfr rev_id="4464757" t="против"><v><l id="285790" t="против"><g v="PREP"></g></l></v></tfr></token><token id="593768" text="некоторых"><tfr rev_id="4427321" t="некоторых"><v><l id="183542" t="некоторый"><g v="ADJF"></g><g v="Apro"></g><g v="plur"></g><g v="gent"></g></l></v></tfr></token><token id="593769" text="аргументов"><tfr rev_id="1426840" t="аргументов"><v><l id="15995" t="аргумент"><g v="NOUN"></g><g v="inan"></g><g v="masc"></g><g v="plur"></g><g v="gent"></g></l></v></tfr></token><token id="593770" text="британских"><tfr rev_id="3410861" t="британских"><v><l id="34021" t="британский"><g v="ADJF"></g><g v="plur"></g><g v="gent"></g></l></v></tfr></token><token id="593771" text="журналистов"><tfr rev_id="4383005" t="журналистов"><v><l id="97974" t="журналист"><g v="NOUN"></g><g v="anim"></g><g v="masc"></g><g v="plur"></g><g v="gent"></g></l></v></tfr></token><token id="593772" text="не"><tfr rev_id="1426843" t="не"><v><l id="178876" t="не"><g v="PRCL"></g></l></v></tfr></token><token id="593773" text="поспоришь"><tfr rev_id="1426844" t="поспоришь"><v><l id="261983" t="поспорил"><g v="VERB"></g><g v="perf"></g><g v="intr"></g><g v="sing"></g><g v="2per"></g><g v="futr"></g><g v="indc"></g></l></v></tfr></token><token id="593774" text="."><tfr rev_id="1426845" t="."><v><l id="0" t="."><g v="PNCT"></g></l></v></tfr></token></tokens></sentence><sentence id="33134"><source>Например, что Англии не нужно, как России, отстраивать 14 стадионов, возводить отели и прокладывать автомобильные и железные дороги, чтобы привести свою инфраструктуру в божеский вид.</source><tokens><token id="593775" text="Например"><tfr rev_id="1426846" t="Например"><v><l id="174036" t="например"><g v="CONJ"></g><g v="Prnt"></g></l></v></tfr></token><token id="593776" text=","><tfr rev_id="1426847" t=","><v><l id="0" t=","><g v="PNCT"></g></l></v></tfr></token><token id="593777" text="что"><tfr rev_id="3196741" t="что"><v><l id="377004" t="что"><g v="CONJ"></g></l></v><v><l id="377005" t="что"><g v="NPRO"></g><g v="neut"></g><g v="sing"></g><g v="nomn"></g></l></v><v><l id="377005" t="что"><g v="NPRO"></g><g v="neut"></g><g v="sing"></g><g v="accs"></g></l></v><v><l id="377006" t="что"><g v="ADVB"></g><g v="Ques"></g></l></v><v><l id="388695" t="что"><g v="PRCL"></g></l></v></tfr></token><token id="593778" text="Англии"><tfr rev_id="3455016" t="Англии"><v><l id="12747" t="англия"><g v="NOUN"></g><g v="inan"></g><g v="femn"></g><g v="Sgtm"></g><g v="Geox"></g><g v="sing"></g><g v="datv"></g></l></v></tfr></token><token id="593779" text="не"><tfr rev_id="1426850" t="не"><v><l id="178876" t="не"><g v="PRCL"></g></l></v></tfr></token><token id="593780" text="нужно"><tfr rev_id="1426851" t="нужно"><v><l id="192579" t="нужно"><g v="PRED"></g><g v="pres"></g></l></v><v><l id="192584" t="нужен"><g v="ADJS"></g><g v="Qual"></g><g v="neut"></g><g v="sing"></g></l></v></tfr></token><token id="593781" text=","><tfr rev_id="1426852" t=","><v><l id="0" t=","><g v="PNCT"></g></l></v></tfr></token><token id="593782" text="как"><tfr rev_id="1426853" t="как"><v><l id="128190" t="как"><g v="CONJ"></g></l></v><v><l id="128191" t="как"><g v="PRCL"></g></l></v><v><l id="128192" t="как"><g v="ADVB"></g><g v="Ques"></g></l></v></tfr></token><token id="593783" text="России"><tfr rev_id="2922439" t="России"><v><l id="309322" t="россия"><g v="NOUN"></g><g v="inan"></g><g v="femn"></g><g v="Sgtm"></g><g v="Geox"></g><g v="sing"></g><g v="datv"></g></l></v></tfr></token><token id="593784" text=","><tfr rev_id="1426855" t=","><v><l id="0" t=","><g v="PNCT"></g></l></v></tfr></token><token id="593785" text="отстраивать"><tfr rev_id="1426856" t="отстраивать"><v><l id="218448" t="отстраивать"><g v="INFN"></g><g v="impf"></g><g v="tran"></g></l></v></tfr></token><token id="593786" text="14"><tfr rev_id="2461487" t="14"><v><l id="0" t="14"><g v="NUMB"></g></l></v></tfr></token><token id="593787" text="стадионов"><tfr rev_id="1426858" t="стадионов"><v><l id="334413" t="стадион"><g v="NOUN"></g><g v="inan"></g><g v="masc"></g><g v="plur"></g><g v="gent"></g></l></v></tfr></token><token id="593788" text=","><tfr rev_id="1426859" t=","><v><l id="0" t=","><g v="PNCT"></g></l></v></tfr></token><token id="593789" text="возводить"><tfr rev_id="1426860" t="возводить"><v><l id="48804" t="возводить"><g v="INFN"></g><g v="impf"></g><g v="tran"></g></l></v></tfr></token><token id="593790" text="отели"><tfr rev_id="3757732" t="отели"><v><l id="213569" t="отель"><g v="NOUN"></g><g v="inan"></g><g v="masc"></g><g v="plur"></g><g v="accs"></g></l></v></tfr></token><token id="593791" text="и"><tfr rev_id="1426862" t="и"><v><l id="116949" t="и"><g v="CONJ"></g></l></v><v><l id="116950" t="и"><g v="INTJ"></g></l></v></tfr></token><token id="593792" text="прокладывать"><tfr rev_id="1426863" t="прокладывать"><v><l id="280696" t="прокладывать"><g v="INFN"></g><g v="impf"></g><g v="tran"></g></l></v></tfr></token><token id="593793" text="автомобильные"><tfr rev_id="4074727" t="автомобильные"><v><l id="3267" t="автомобильный"><g v="ADJF"></g><g v="inan"></g><g v="plur"></g><g v="accs"></g></l></v></tfr></token><token id="593794" text="и"><tfr rev_id="1426865" t="и"><v><l id="116949" t="и"><g v="CONJ"></g></l></v><v><l id="116950" t="и"><g v="INTJ"></g></l></v></tfr></token><token id="593795" text="железные"><tfr rev_id="4076270" t="железные"><v><l id="96343" t="железный"><g v="ADJF"></g><g v="Qual"></g><g v="inan"></g><g v="plur"></g><g v="accs"></g></l></v></tfr></token><token id="593796" text="дороги"><tfr rev_id="3814902" t="дороги"><v><l id="89707" t="дорога"><g v="NOUN"></g><g v="inan"></g><g v="femn"></g><g v="plur"></g><g v="accs"></g></l></v></tfr></token><token id="593797" text=","><tfr rev_id="1426868" t=","><v><l id="0" t=","><g v="PNCT"></g></l></v></tfr></token><token id="593798" text="чтобы"><tfr rev_id="1426869" t="чтобы"><v><l id="377013" t="чтобы"><g v="CONJ"></g></l></v><v><l id="377014" t="чтобы"><g v="PRCL"></g></l></v></tfr></token><token id="593799" text="привести"><tfr rev_id="1426870" t="привести"><v><l id="269206" t="привести"><g v="INFN"></g><g v="perf"></g><g v="tran"></g></l></v></tfr></token><token id="593800" text="свою"><tfr rev_id="3632243" t="свою"><v><l id="316379" t="свой"><g v="ADJF"></g><g v="Apro"></g><g v="Anph"></g><g v="femn"></g><g v="sing"></g><g v="accs"></g></l></v></tfr></token><token id="593801" text="инфраструктуру"><tfr rev_id="1426872" t="инфраструктуру"><v><l id="123617" t="инфраструктура"><g v="NOUN"></g><g v="inan"></g><g v="femn"></g><g v="sing"></g><g v="accs"></g></l></v></tfr></token><token id="593802" text="в"><tfr rev_id="1426873" t="в"><v><l id="37409" t="в"><g v="PREP"></g></l></v></tfr></token><token id="593803" text="божеский"><tfr rev_id="1426874" t="божеский"><v><l id="31867" t="божеский"><g v="ADJF"></g><g v="masc"></g><g v="sing"></g><g v="nomn"></g></l></v><v><l id="31867" t="божеский"><g v="ADJF"></g><g v="inan"></g><g v="masc"></g><g v="sing"></g><g v="accs"></g></l></v></tfr></token><token id="593804" text="вид"><tfr rev_id="3467339" t="вид"><v><l id="44437" t="вид"><g v="NOUN"></g><g v="inan"></g><g v="masc"></g><g v="sing"></g><g v="accs"></g></l></v></tfr></token><token id="593805" text="."><tfr rev_id="1426876" t="."><v><l id="0" t="."><g v="PNCT"></g></l></v></tfr></token></tokens></sentence><sentence id="33135"><source>Кроме того, продолжают смишники, английские самолёты надёжнее российских, а Лондон не считается самой дорогой столицей Европы.</source><tokens><token id="593806" text="Кроме"><tfr rev_id="1426877" t="Кроме"><v><l id="143259" t="кроме"><g v="PREP"></g></l></v></tfr></token><token id="593807" text="того"><tfr rev_id="4102298" t="того"><v><l id="348430" t="тот"><g v="ADJF"></g><g v="Subx"></g><g v="Apro"></g><g v="Anph"></g><g v="neut"></g><g v="sing"></g><g v="gent"></g></l></v></tfr></token><token id="593808" text=","><tfr rev_id="1426879" t=","><v><l id="0" t=","><g v="PNCT"></g></l></v></tfr></token><token id="593809" text="продолжают"><tfr rev_id="1426880" t="продолжают"><v><l id="279215" t="продолжаю"><g v="VERB"></g><g v="impf"></g><g v="tran"></g><g v="plur"></g><g v="3per"></g><g v="pres"></g><g v="indc"></g></l></v></tfr></token><token id="593810" text="смишники"><tfr rev_id="1426881" t="смишники"><v><l id="0" t="смишники"><g v="UNKN"></g></l></v></tfr></token><token id="593811" text=","><tfr rev_id="1426882" t=","><v><l id="0" t=","><g v="PNCT"></g></l></v></tfr></token><token id="593812" text="английские"><tfr rev_id="3747758" t="английские"><v><l id="12733" t="английский"><g v="ADJF"></g><g v="plur"></g><g v="nomn"></g></l></v></tfr></token><token id="593813" text="самолёты"><tfr rev_id="3756606" t="самолёты"><v><l id="312513" t="самолёт"><g v="NOUN"></g><g v="inan"></g><g v="masc"></g><g v="plur"></g><g v="nomn"></g></l></v></tfr></token><token id="593814" text="надёжнее"><tfr rev_id="1426885" t="надёжнее"><v><l id="168367" t="надёжнее"><g v="COMP"></g><g v="Qual"></g></l></v></tfr></token><token id="593815" text="российских"><tfr rev_id="4198031" t="российских"><v><l id="309319" t="российский"><g v="ADJF"></g><g v="plur"></g><g v="gent"></g></l></v></tfr></token><token id="593816" text=","><tfr rev_id="1426887" t=","><v><l id="0" t=","><g v="PNCT"></g></l></v></tfr></token><token id="593817" text="а"><tfr rev_id="1426888" t="а"><v><l id="51" t="а"><g v="CONJ"></g></l></v><v><l id="52" t="а"><g v="INTJ"></g></l></v><v><l id="53" t="а"><g v="PRCL"></g></l></v></tfr></token><token id="593818" text="Лондон"><tfr rev_id="1426889" t="Лондон"><v><l id="150828" t="лондон"><g v="NOUN"></g><g v="inan"></g><g v="masc"></g><g v="Geox"></g><g v="sing"></g><g v="nomn"></g></l></v><v><l id="150828" t="лондон"><g v="NOUN"></g><g v="inan"></g><g v="masc"></g><g v="Geox"></g><g v="sing"></g><g v="accs"></g></l></v></tfr></token><token id="593819" text="не"><tfr rev_id="1426890" t="не"><v><l id="178876" t="не"><g v="PRCL"></g></l></v></tfr></token><token id="593820" text="считается"><tfr rev_id="1426891" t="считается"><v><l id="341335" t="считаюсь"><g v="VERB"></g><g v="impf"></g><g v="intr"></g><g v="sing"></g><g v="3per"></g><g v="pres"></g><g v="indc"></g></l></v></tfr></token><token id="593821" text="самой"><tfr rev_id="4296896" t="самой"><v><l id="312034" t="сам"><g v="ADJF"></g><g v="Apro"></g><g v="femn"></g><g v="sing"></g><g v="ablt"></g></l></v><v><l id="313174" t="самый"><g v="ADJF"></g><g v="Apro"></g><g v="femn"></g><g v="sing"></g><g v="ablt"></g></l></v></tfr></token><token id="593822" text="дорогой"><tfr rev_id="4348819" t="дорогой"><v><l id="89724" t="дорогой"><g v="ADJF"></g><g v="Qual"></g><g v="femn"></g><g v="sing"></g><g v="gent"></g></l></v><v><l id="89724" t="дорогой"><g v="ADJF"></g><g v="Qual"></g><g v="femn"></g><g v="sing"></g><g v="datv"></g></l></v><v><l id="89724" t="дорогой"><g v="ADJF"></g><g v="Qual"></g><g v="femn"></g><g v="sing"></g><g v="ablt"></g></l></v><v><l id="89724" t="дорогой"><g v="ADJF"></g><g v="Qual"></g><g v="femn"></g><g v="sing"></g><g v="loct"></g></l></v></tfr></token><token id="593823" text="столицей"><tfr rev_id="1426894" t="столицей"><v><l id="336588" t="столица"><g v="NOUN"></g><g v="inan"></g><g v="femn"></g><g v="sing"></g><g v="ablt"></g></l></v></tfr></token><token id="593824" text="Европы"><tfr rev_id="1426895" t="Европы"><v><l id="94019" t="европа"><g v="NOUN"></g><g v="inan"></g><g v="femn"></g><g v="Sgtm"></g><g v="Geox"></g><g v="sing"></g><g v="gent"></g></l></v></tfr></token><token id="593825" text="."><tfr rev_id="1426896" t="."><v><l id="0" t="."><g v="PNCT"></g></l></v></tfr></token></tokens></sentence><sentence id="33136"><source>К тому же темнокожим игрокам на берегах Туманного Альбиона будет играть намного безопаснее, чем в Москве, где нередки проявления расизма.</source><tokens><token id="593826" text="К"><tfr rev_id="1426897" t="К"><v><l id="127460" t="к"><g v="PREP"></g></l></v></tfr></token><token id="593827" text="тому"><tfr rev_id="4309897" t="тому"><v><l id="348430" t="тот"><g v="ADJF"></g><g v="Subx"></g><g v="Apro"></g><g v="Anph"></g><g v="neut"></g><g v="sing"></g><g v="datv"></g></l></v></tfr></token><token id="593828" text="же"><tfr rev_id="1426899" t="же"><v><l id="96208" t="же"><g v="CONJ"></g></l></v><v><l id="96209" t="же"><g v="PRCL"></g></l></v></tfr></token><token id="593829" text="темнокожим"><tfr rev_id="4229301" t="темнокожим"><v><l id="344574" t="темнокожий"><g v="ADJF"></g><g v="Qual"></g><g v="plur"></g><g v="datv"></g></l></v></tfr></token><token id="593830" text="игрокам"><tfr rev_id="1426901" t="игрокам"><v><l id="117351" t="игрок"><g v="NOUN"></g><g v="anim"></g><g v="masc"></g><g v="plur"></g><g v="datv"></g></l></v></tfr></token><token id="593831" text="на"><tfr rev_id="3342523" t="на"><v><l id="166264" t="на"><g v="PREP"></g></l></v></tfr></token><token id="593832" text="берегах"><tfr rev_id="1426903" t="берегах"><v><l id="27758" t="берег"><g v="NOUN"></g><g v="inan"></g><g v="masc"></g><g v="plur"></g><g v="loct"></g></l></v></tfr></token><token id="593833" text="Туманного"><tfr rev_id="3285200" t="Туманного"><v><l id="351494" t="туманный"><g v="ADJF"></g><g v="Qual"></g><g v="masc"></g><g v="sing"></g><g v="gent"></g></l></v><v><l id="351494" t="туманный"><g v="ADJF"></g><g v="Qual"></g><g v="anim"></g><g v="masc"></g><g v="sing"></g><g v="accs"></g></l></v></tfr></token><token id="593834" text="Альбиона"><tfr rev_id="1426905" t="Альбиона"><v><l id="10401" t="альбион"><g v="NOUN"></g><g v="inan"></g><g v="masc"></g><g v="sing"></g><g v="gent"></g></l></v></tfr></token><token id="593835" text="будет"><tfr rev_id="1426906" t="будет"><v><l id="37265" t="есть"><g v="VERB"></g><g v="impf"></g><g v="intr"></g><g v="sing"></g><g v="3per"></g><g v="futr"></g><g v="indc"></g></l></v></tfr></token><token id="593836" text="играть"><tfr rev_id="1426907" t="играть"><v><l id="117312" t="играть"><g v="INFN"></g><g v="impf"></g><g v="tran"></g></l></v></tfr></token><token id="593837" text="намного"><tfr rev_id="1426908" t="намного"><v><l id="172603" t="намного"><g v="ADVB"></g></l></v></tfr></token><token id="593838" text="безопаснее"><tfr rev_id="1426909" t="безопаснее"><v><l id="26219" t="безопаснее"><g v="COMP"></g><g v="Qual"></g></l></v></tfr></token><token id="593839" text=","><tfr rev_id="1426910" t=","><v><l id="0" t=","><g v="PNCT"></g></l></v></tfr></token><token id="593840" text="чем"><tfr rev_id="4320425" t="чем"><v><l id="375161" t="чем"><g v="CONJ"></g></l></v></tfr></token><token id="593841" text="в"><tfr rev_id="1426912" t="в"><v><l id="37409" t="в"><g v="PREP"></g></l></v></tfr></token><token id="593842" text="Москве"><tfr rev_id="3447088" t="Москве"><v><l id="163901" t="москва"><g v="NOUN"></g><g v="inan"></g><g v="femn"></g><g v="Sgtm"></g><g v="Geox"></g><g v="sing"></g><g v="loct"></g></l></v></tfr></token><token id="593843" text=","><tfr rev_id="1426914" t=","><v><l id="0" t=","><g v="PNCT"></g></l></v></tfr></token><token id="593844" text="где"><tfr rev_id="2636451" t="где"><v><l id="67984" t="где"><g v="ADVB"></g><g v="Ques"></g></l></v><v><l id="388669" t="где"><g v="CONJ"></g></l></v></tfr></token><token id="593845" text="нередки"><tfr rev_id="1426916" t="нередки"><v><l id="187560" t="нередок"><g v="ADJS"></g><g v="plur"></g></l></v></tfr></token><token id="593846" text="проявления"><tfr rev_id="3794192" t="проявления"><v><l id="287961" t="проявление"><g v="NOUN"></g><g v="inan"></g><g v="neut"></g><g v="plur"></g><g v="nomn"></g></l></v></tfr></token><token id="593847" text="расизма"><tfr rev_id="1426918" t="расизма"><v><l id="298052" t="расизм"><g v="NOUN"></g><g v="inan"></g><g v="masc"></g><g v="sing"></g><g v="gent"></g></l></v></tfr></token><token id="593848" text="."><tfr rev_id="1426919" t="."><v><l id="0" t="."><g v="PNCT"></g></l></v></tfr></token></tokens></sentence><sentence id="33137"><source>«Россия приглашает к себе весь мир?</source><tokens><token id="593849" text="«"><tfr rev_id="2443331" t="«"><v><l id="0" t="«"><g v="PNCT"></g></l></v></tfr></token><token id="593850" text="Россия"><tfr rev_id="1426921" t="Россия"><v><l id="309322" t="россия"><g v="NOUN"></g><g v="inan"></g><g v="femn"></g><g v="Sgtm"></g><g v="Geox"></g><g v="sing"></g><g v="nomn"></g></l></v></tfr></token><token id="593851" text="приглашает"><tfr rev_id="1426922" t="приглашает"><v><l id="269731" t="приглашаю"><g v="VERB"></g><g v="impf"></g><g v="tran"></g><g v="sing"></g><g v="3per"></g><g v="pres"></g><g v="indc"></g></l></v></tfr></token><token id="593852" text="к"><tfr rev_id="1426923" t="к"><v><l id="127460" t="к"><g v="PREP"></g></l></v></tfr></token><token id="593853" text="себе"><tfr rev_id="4399276" t="себе"><v><l id="317456" t="себя"><g v="NPRO"></g><g v="Anph"></g><g v="sing"></g><g v="datv"></g></l></v></tfr></token><token id="593854" text="весь"><tfr rev_id="4283711" t="весь"><v><l id="42156" t="весь"><g v="ADJF"></g><g v="Subx"></g><g v="Apro"></g><g v="masc"></g><g v="sing"></g><g v="nomn"></g></l></v><v><l id="42156" t="весь"><g v="ADJF"></g><g v="Subx"></g><g v="Apro"></g><g v="inan"></g><g v="masc"></g><g v="sing"></g><g v="accs"></g></l></v></tfr></token><token id="593855" text="мир"><tfr rev_id="3445186" t="мир"><v><l id="160807" t="мир"><g v="NOUN"></g><g v="inan"></g><g v="masc"></g><g v="sing"></g><g v="nomn"></g></l></v><v><l id="160807" t="мир"><g v="NOUN"></g><g v="inan"></g><g v="masc"></g><g v="sing"></g><g v="accs"></g></l></v></tfr></token><token id="593856" text="?"><tfr rev_id="1426927" t="?"><v><l id="0" t="?"><g v="PNCT"></g></l></v></tfr></token></tokens></sentence><sentence id="33138"><source>О да.</source><tokens><token id="593857" text="О"><tfr rev_id="3332286" t="О"><v><l id="192978" t="о"><g v="INTJ"></g></l></v></tfr></token><token id="593858" text="да"><tfr rev_id="1426929" t="да"><v><l id="77569" t="да"><g v="CONJ"></g></l></v><v><l id="77570" t="да"><g v="PRCL"></g></l></v><v><l id="77571" t="да"><g v="INTJ"></g></l></v></tfr></token><token id="593859" text="."><tfr rev_id="1426930" t="."><v><l id="0" t="."><g v="PNCT"></g></l></v></tfr></token></tokens></sentence><sentence id="33139"><source>А вы пытались когда-нибудь получить российскую визу?»</source><tokens><token id="593860" text="А"><tfr rev_id="1426931" t="А"><v><l id="51" t="а"><g v="CONJ"></g></l></v><v><l id="52" t="а"><g v="INTJ"></g></l></v><v><l id="53" t="а"><g v="PRCL"></g></l></v></tfr></token><token id="593861" text="вы"><tfr rev_id="1426932" t="вы"><v><l id="55560" t="вы"><g v="NPRO"></g><g v="2per"></g><g v="plur"></g><g v="nomn"></g></l></v></tfr></token><token id="593862" text="пытались"><tfr rev_id="1426933" t="пытались"><v><l id="290086" t="пытаюсь"><g v="VERB"></g><g v="impf"></g><g v="intr"></g><g v="plur"></g><g v="past"></g><g v="indc"></g></l></v></tfr></token><token id="593863" text="когда-нибудь"><tfr rev_id="1426934" t="когда-нибудь"><v><l id="135242" t="когда-нибудь"><g v="ADVB"></g></l></v></tfr></token><token id="593864" text="получить"><tfr rev_id="1426935" t="получить"><v><l id="256960" t="получить"><g v="INFN"></g><g v="perf"></g><g v="tran"></g></l></v></tfr></token><token id="593865" text="российскую"><tfr rev_id="1426936" t="российскую"><v><l id="309319" t="российский"><g v="ADJF"></g><g v="femn"></g><g v="sing"></g><g v="accs"></g></l></v></tfr></token><token id="593866" text="визу"><tfr rev_id="1426937" t="визу"><v><l id="44665" t="виза"><g v="NOUN"></g><g v="inan"></g><g v="femn"></g><g v="sing"></g><g v="accs"></g></l></v></tfr></token><token id="593867" text="?"><tfr rev_id="1426938" t="?"><v><l id="0" t="?"><g v="PNCT"></g></l></v></tfr></token><token id="593868" text="»"><tfr rev_id="2443332" t="»"><v><l id="0" t="»"><g v="PNCT"></g></l></v></tfr></token></tokens></sentence><sentence id="33140"><source>— приводит следующий аргумент газета, почему-то забывая, что на оформление визы в Великобританию уходит не меньше времени.</source><tokens><token id="593869" text="—"><tfr rev_id="2443333" t="—"><v><l id="0" t="—"><g v="PNCT"></g></l></v></tfr></token><token id="593870" text="приводит"><tfr rev_id="1426941" t="приводит"><v><l id="269406" t="привожу"><g v="VERB"></g><g v="impf"></g><g v="tran"></g><g v="sing"></g><g v="3per"></g><g v="pres"></g><g v="indc"></g></l></v></tfr></token><token id="593871" text="следующий"><tfr rev_id="1426942" t="следующий"><v><l id="324749" t="следующий"><g v="PRTF"></g><g v="impf"></g><g v="intr"></g><g v="pres"></g><g v="actv"></g><g v="masc"></g><g v="sing"></g><g v="nomn"></g></l></v><v><l id="324749" t="следующий"><g v="PRTF"></g><g v="impf"></g><g v="intr"></g><g v="pres"></g><g v="actv"></g><g v="inan"></g><g v="masc"></g><g v="sing"></g><g v="accs"></g></l></v><v><l id="324769" t="следующий"><g v="ADJF"></g><g v="masc"></g><g v="sing"></g><g v="nomn"></g></l></v><v><l id="324769" t="следующий"><g v="ADJF"></g><g v="inan"></g><g v="masc"></g><g v="sing"></g><g v="accs"></g></l></v></tfr></token><token id="593872" text="аргумент"><tfr rev_id="1426943" t="аргумент"><v><l id="15995" t="аргумент"><g v="NOUN"></g><g v="inan"></g><g v="masc"></g><g v="sing"></g><g v="nomn"></g></l></v><v><l id="15995" t="аргумент"><g v="NOUN"></g><g v="inan"></g><g v="masc"></g><g v="sing"></g><g v="accs"></g></l></v></tfr></token><token id="593873" text="газета"><tfr rev_id="1426944" t="газета"><v><l id="65825" t="газета"><g v="NOUN"></g><g v="inan"></g><g v="femn"></g><g v="sing"></g><g v="nomn"></g></l></v></tfr></token><token id="593874" text=","><tfr rev_id="1426945" t=","><v><l id="0" t=","><g v="PNCT"></g></l></v></tfr></token><token id="593875" text="почему-то"><tfr rev_id="1426946" t="почему-то"><v><l id="264708" t="почему-то"><g v="ADVB"></g></l></v></tfr></token><token id="593876" text="забывая"><tfr rev_id="1426947" t="забывая"><v><l id="99130" t="забывая"><g v="GRND"></g><g v="impf"></g><g v="tran"></g><g v="pres"></g></l></v></tfr></token><token id="593877" text=","><tfr rev_id="1426948" t=","><v><l id="0" t=","><g v="PNCT"></g></l></v></tfr></token><token id="593878" text="что"><tfr rev_id="3196742" t="что"><v><l id="377004" t="что"><g v="CONJ"></g></l></v><v><l id="377005" t="что"><g v="NPRO"></g><g v="neut"></g><g v="sing"></g><g v="nomn"></g></l></v><v><l id="377005" t="что"><g v="NPRO"></g><g v="neut"></g><g v="sing"></g><g v="accs"></g></l></v><v><l id="377006" t="что"><g v="ADVB"></g><g v="Ques"></g></l></v><v><l id="388695" t="что"><g v="PRCL"></g></l></v></tfr></token><token id="593879" text="на"><tfr rev_id="3395485" t="на"><v><l id="166264" t="на"><g v="PREP"></g></l></v></tfr></token><token id="593880" text="оформление"><tfr rev_id="1426951" t="оформление"><v><l id="220972" t="оформление"><g v="NOUN"></g><g v="inan"></g><g v="neut"></g><g v="sing"></g><g v="nomn"></g></l></v><v><l id="220972" t="оформление"><g v="NOUN"></g><g v="inan"></g><g v="neut"></g><g v="sing"></g><g v="accs"></g></l></v></tfr></token><token id="593881" text="визы"><tfr rev_id="3500759" t="визы"><v><l id="44665" t="виза"><g v="NOUN"></g><g v="inan"></g><g v="femn"></g><g v="sing"></g><g v="gent"></g></l></v></tfr></token><token id="593882" text="в"><tfr rev_id="1426953" t="в"><v><l id="37409" t="в"><g v="PREP"></g></l></v></tfr></token><token id="593883" text="Великобританию"><tfr rev_id="1426954" t="Великобританию"><v><l id="40619" t="великобритания"><g v="NOUN"></g><g v="inan"></g><g v="femn"></g><g v="Sgtm"></g><g v="Geox"></g><g v="sing"></g><g v="accs"></g></l></v></tfr></token><token id="593884" text="уходит"><tfr rev_id="1426955" t="уходит"><v><l id="362937" t="ухожу"><g v="VERB"></g><g v="impf"></g><g v="intr"></g><g v="sing"></g><g v="3per"></g><g v="pres"></g><g v="indc"></g></l></v><v><l id="362942" t="уходил"><g v="VERB"></g><g v="perf"></g><g v="tran"></g><g v="sing"></g><g v="3per"></g><g v="futr"></g><g v="indc"></g></l></v></tfr></token><token id="593885" text="не"><tfr rev_id="1426956" t="не"><v><l id="178876" t="не"><g v="PRCL"></g></l></v></tfr></token><token id="593886" text="меньше"><tfr rev_id="4266746" t="меньше"><v><l id="153697" t="меньше"><g v="COMP"></g><g v="Qual"></g></l></v></tfr></token><token id="593887" text="времени"><tfr rev_id="3546701" t="времени"><v><l id="53149" t="время"><g v="NOUN"></g><g v="inan"></g><g v="neut"></g><g v="sing"></g><g v="gent"></g></l></v></tfr></token><token id="593888" text="."><tfr rev_id="1426959" t="."><v><l id="0" t="."><g v="PNCT"></g></l></v></tfr></token></tokens></sentence></paragraph><paragraph id="10553"><sentence id="33141"><source>Напомним, за право организации ЧМ-2018 помимо России и Англии собираются бороться США, Австралия, Япония, Катар, Южная Корея, Испания — Португалия (совместно) и Бельгия — Нидерланды (совместно).</source><tokens><token id="593889" text="Напомним"><tfr rev_id="1426960" t="Напомним"><v><l id="173892" t="напомнил"><g v="VERB"></g><g v="perf"></g><g v="tran"></g><g v="plur"></g><g v="1per"></g><g v="futr"></g><g v="indc"></g></l></v><v><l id="173892" t="напомнил"><g v="VERB"></g><g v="perf"></g><g v="tran"></g><g v="sing"></g><g v="impr"></g><g v="incl"></g></l></v></tfr></token><token id="593890" text=","><tfr rev_id="1426961" t=","><v><l id="0" t=","><g v="PNCT"></g></l></v></tfr></token><token id="593891" text="за"><tfr rev_id="1426962" t="за"><v><l id="98043" t="за"><g v="PREP"></g></l></v></tfr></token><token id="593892" text="право"><tfr rev_id="4387946" t="право"><v><l id="265680" t="право"><g v="NOUN"></g><g v="inan"></g><g v="neut"></g><g v="sing"></g><g v="nomn"></g></l></v><v><l id="265680" t="право"><g v="NOUN"></g><g v="inan"></g><g v="neut"></g><g v="sing"></g><g v="accs"></g></l></v></tfr></token><token id="593893" text="организации"><tfr rev_id="4238726" t="организации"><v><l id="208750" t="организация"><g v="NOUN"></g><g v="inan"></g><g v="femn"></g><g v="sing"></g><g v="gent"></g></l></v></tfr></token><token id="593894" text="ЧМ-2018"><tfr rev_id="4539061" t="ЧМ-2018"><v><l id="0" t="ЧМ-2018"><g v="UNKN"></g></l></v></tfr></token><token id="593897" text="помимо"><tfr rev_id="1426968" t="помимо"><v><l id="257727" t="помимо"><g v="PREP"></g></l></v></tfr></token><token id="593898" text="России"><tfr rev_id="3325614" t="России"><v><l id="309322" t="россия"><g v="NOUN"></g><g v="inan"></g><g v="femn"></g><g v="Sgtm"></g><g v="Geox"></g><g v="sing"></g><g v="gent"></g></l></v></tfr></token><token id="593899" text="и"><tfr rev_id="3538823" t="и"><v><l id="116949" t="и"><g v="CONJ"></g></l></v></tfr></token><token id="593900" text="Англии"><tfr rev_id="2602274" t="Англии"><v><l id="12747" t="англия"><g v="NOUN"></g><g v="inan"></g><g v="femn"></g><g v="Sgtm"></g><g v="Geox"></g><g v="sing"></g><g v="gent"></g></l></v></tfr></token><token id="593901" text="собираются"><tfr rev_id="1426972" t="собираются"><v><l id="327680" t="собираюсь"><g v="VERB"></g><g v="impf"></g><g v="intr"></g><g v="plur"></g><g v="3per"></g><g v="pres"></g><g v="indc"></g></l></v></tfr></token><token id="593902" text="бороться"><tfr rev_id="1426973" t="бороться"><v><l id="33026" t="бороться"><g v="INFN"></g><g v="impf"></g><g v="intr"></g></l></v></tfr></token><token id="593903" text="США"><tfr rev_id="3811368" t="США"><v><l id="341371" t="сша"><g v="NOUN"></g><g v="inan"></g><g v="GNdr"></g><g v="Pltm"></g><g v="Fixd"></g><g v="Abbr"></g><g v="Geox"></g><g v="plur"></g><g v="nomn"></g></l></v></tfr></token><token id="593904" text=","><tfr rev_id="1426975" t=","><v><l id="0" t=","><g v="PNCT"></g></l></v></tfr></token><token id="593905" text="Австралия"><tfr rev_id="1426976" t="Австралия"><v><l id="2948" t="австралия"><g v="NOUN"></g><g v="inan"></g><g v="femn"></g><g v="Sgtm"></g><g v="Geox"></g><g v="sing"></g><g v="nomn"></g></l></v></tfr></token><token id="593906" text=","><tfr rev_id="1426977" t=","><v><l id="0" t=","><g v="PNCT"></g></l></v></tfr></token><token id="593907" text="Япония"><tfr rev_id="1426978" t="Япония"><v><l id="387993" t="япония"><g v="NOUN"></g><g v="inan"></g><g v="femn"></g><g v="Sgtm"></g><g v="Geox"></g><g v="sing"></g><g v="nomn"></g></l></v></tfr></token><token id="593908" text=","><tfr rev_id="1426979" t=","><v><l id="0" t=","><g v="PNCT"></g></l></v></tfr></token><token id="593909" text="Катар"><tfr rev_id="4505279" t="Катар"><v><l id="131264" t="катар"><g v="NOUN"></g><g v="inan"></g><g v="masc"></g><g v="Geox"></g><g v="sing"></g><g v="nomn"></g></l></v></tfr></token><token id="593910" text=","><tfr rev_id="1426981" t=","><v><l id="0" t=","><g v="PNCT"></g></l></v></tfr></token><token id="593911" text="Южная"><tfr rev_id="1426982" t="Южная"><v><l id="386888" t="южный"><g v="ADJF"></g><g v="Qual"></g><g v="femn"></g><g v="sing"></g><g v="nomn"></g></l></v></tfr></token><token id="593912" text="Корея"><tfr rev_id="4558123" t="Корея"><v><l id="139593" t="корея"><g v="NOUN"></g><g v="inan"></g><g v="femn"></g><g v="Geox"></g><g v="sing"></g><g v="nomn"></g></l></v></tfr></token><token id="593913" text=","><tfr rev_id="1426984" t=","><v><l id="0" t=","><g v="PNCT"></g></l></v></tfr></token><token id="593914" text="Испания"><tfr rev_id="1426985" t="Испания"><v><l id="124999" t="испания"><g v="NOUN"></g><g v="inan"></g><g v="femn"></g><g v="Sgtm"></g><g v="Geox"></g><g v="sing"></g><g v="nomn"></g></l></v></tfr></token><token id="593915" text="—"><tfr rev_id="2443334" t="—"><v><l id="0" t="—"><g v="PNCT"></g></l></v></tfr></token><token id="593916" text="Португалия"><tfr rev_id="1426987" t="Португалия"><v><l id="260659" t="португалия"><g v="NOUN"></g><g v="inan"></g><g v="femn"></g><g v="Sgtm"></g><g v="Geox"></g><g v="sing"></g><g v="nomn"></g></l></v></tfr></token><token id="593917" text="("><tfr rev_id="1426988" t="("><v><l id="0" t="("><g v="PNCT"></g></l></v></tfr></token><token id="593918" text="совместно"><tfr rev_id="1426989" t="совместно"><v><l id="328111" t="совместно"><g v="ADVB"></g><g v="Prdx"></g></l></v><v><l id="328116" t="совместен"><g v="ADJS"></g><g v="Qual"></g><g v="neut"></g><g v="sing"></g></l></v></tfr></token><token id="593919" text=")"><tfr rev_id="1426990" t=")"><v><l id="0" t=")"><g v="PNCT"></g></l></v></tfr></token><token id="593920" text="и"><tfr rev_id="4238640" t="и"><v><l id="116949" t="и"><g v="CONJ"></g></l></v></tfr></token><token id="593921" text="Бельгия"><tfr rev_id="1426992" t="Бельгия"><v><l id="27362" t="бельгия"><g v="NOUN"></g><g v="inan"></g><g v="femn"></g><g v="Sgtm"></g><g v="Geox"></g><g v="sing"></g><g v="nomn"></g></l></v></tfr></token><token id="593922" text="—"><tfr rev_id="2443335" t="—"><v><l id="0" t="—"><g v="PNCT"></g></l></v></tfr></token><token id="593923" text="Нидерланды"><tfr rev_id="3757019" t="Нидерланды"><v><l id="190384" t="нидерланды"><g v="NOUN"></g><g v="inan"></g><g v="GNdr"></g><g v="Pltm"></g><g v="Geox"></g><g v="plur"></g><g v="nomn"></g></l></v></tfr></token><token id="593924" text="("><tfr rev_id="1426995" t="("><v><l id="0" t="("><g v="PNCT"></g></l></v></tfr></token><token id="593925" text="совместно"><tfr rev_id="1426996" t="совместно"><v><l id="328111" t="совместно"><g v="ADVB"></g><g v="Prdx"></g></l></v><v><l id="328116" t="совместен"><g v="ADJS"></g><g v="Qual"></g><g v="neut"></g><g v="sing"></g></l></v></tfr></token><token id="593926" text=")"><tfr rev_id="1426997" t=")"><v><l id="0" t=")"><g v="PNCT"></g></l></v></tfr></token><token id="593927" text="."><tfr rev_id="1426998" t="."><v><l id="0" t="."><g v="PNCT"></g></l></v></tfr></token></tokens></sentence><sentence id="33142"><source>В российской заявке — 16 стадионов в 13 городах.</source><tokens><token id="593928" text="В"><tfr rev_id="1426999" t="В"><v><l id="37409" t="в"><g v="PREP"></g></l></v></tfr></token><token id="593929" text="российской"><tfr rev_id="3714105" t="российской"><v><l id="309319" t="российский"><g v="ADJF"></g><g v="femn"></g><g v="sing"></g><g v="loct"></g></l></v></tfr></token><token id="593930" text="заявке"><tfr rev_id="3447271" t="заявке"><v><l id="114310" t="заявка"><g v="NOUN"></g><g v="inan"></g><g v="femn"></g><g v="sing"></g><g v="loct"></g></l></v></tfr></token><token id="593931" text="—"><tfr rev_id="2443336" t="—"><v><l id="0" t="—"><g v="PNCT"></g></l></v></tfr></token><token id="593932" text="16"><tfr rev_id="2461489" t="16"><v><l id="0" t="16"><g v="NUMB"></g></l></v></tfr></token><token id="593933" text="стадионов"><tfr rev_id="1427004" t="стадионов"><v><l id="334413" t="стадион"><g v="NOUN"></g><g v="inan"></g><g v="masc"></g><g v="plur"></g><g v="gent"></g></l></v></tfr></token><token id="593934" text="в"><tfr rev_id="1427005" t="в"><v><l id="37409" t="в"><g v="PREP"></g></l></v></tfr></token><token id="593935" text="13"><tfr rev_id="2461490" t="13"><v><l id="0" t="13"><g v="NUMB"></g></l></v></tfr></token><token id="593936" text="городах"><tfr rev_id="1427007" t="городах"><v><l id="73547" t="город"><g v="NOUN"></g><g v="inan"></g><g v="masc"></g><g v="plur"></g><g v="loct"></g></l></v></tfr></token><token id="593937" text="."><tfr rev_id="1427008" t="."><v><l id="0" t="."><g v="PNCT"></g></l></v></tfr></token></tokens></sentence><sentence id="33143"><source>Государство, которое примет у себя мундиаль, будет объявлено 2 декабря 2010 года.</source><tokens><token id="593938" text="Государство"><tfr rev_id="4100318" t="Государство"><v><l id="74164" t="государство"><g v="NOUN"></g><g v="inan"></g><g v="neut"></g><g v="sing"></g><g v="nomn"></g></l></v></tfr></token><token id="593939" text=","><tfr rev_id="1427010" t=","><v><l id="0" t=","><g v="PNCT"></g></l></v></tfr></token><token id="593940" text="которое"><tfr rev_id="3641369" t="которое"><v><l id="141203" t="который"><g v="ADJF"></g><g v="Apro"></g><g v="Subx"></g><g v="Anph"></g><g v="neut"></g><g v="sing"></g><g v="nomn"></g></l></v></tfr></token><token id="593941" text="примет"><tfr rev_id="1715301" t="примет"><v><l id="272700" t="принял"><g v="VERB"></g><g v="perf"></g><g v="tran"></g><g v="sing"></g><g v="3per"></g><g v="futr"></g><g v="indc"></g></l></v></tfr></token><token id="593942" text="у"><tfr rev_id="3327928" t="у"><v><l id="352818" t="у"><g v="PREP"></g></l></v></tfr></token><token id="593943" text="себя"><tfr rev_id="3634936" t="себя"><v><l id="317456" t="себя"><g v="NPRO"></g><g v="Anph"></g><g v="sing"></g><g v="gent"></g></l></v></tfr></token><token id="593944" text="мундиаль"><tfr rev_id="4533840" t="мундиаль"><v><l id="392593" t="мундиаль"><g v="NOUN"></g><g v="inan"></g><g v="masc"></g><g v="sing"></g><g v="accs"></g></l></v><v><l id="392593" t="мундиаль"><g v="NOUN"></g><g v="inan"></g><g v="masc"></g><g v="sing"></g><g v="nomn"></g></l></v></tfr></token><token id="593945" text=","><tfr rev_id="1427016" t=","><v><l id="0" t=","><g v="PNCT"></g></l></v></tfr></token><token id="593946" text="будет"><tfr rev_id="1427017" t="будет"><v><l id="37265" t="есть"><g v="VERB"></g><g v="impf"></g><g v="intr"></g><g v="sing"></g><g v="3per"></g><g v="futr"></g><g v="indc"></g></l></v></tfr></token><token id="593947" text="объявлено"><tfr rev_id="1427018" t="объявлено"><v><l id="201895" t="объявлен"><g v="PRTS"></g><g v="perf"></g><g v="past"></g><g v="pssv"></g><g v="neut"></g><g v="sing"></g></l></v></tfr></token><token id="593948" text="2"><tfr rev_id="2461491" t="2"><v><l id="0" t="2"><g v="NUMB"></g></l></v></tfr></token><token id="593949" text="декабря"><tfr rev_id="1427020" t="декабря"><v><l id="80133" t="декабрь"><g v="NOUN"></g><g v="inan"></g><g v="masc"></g><g v="sing"></g><g v="gent"></g></l></v></tfr></token><token id="593950" text="2010"><tfr rev_id="2461492" t="2010"><v><l id="0" t="2010"><g v="NUMB"></g></l></v></tfr></token><token id="593951" text="года"><tfr rev_id="3489517" t="года"><v><l id="72149" t="год"><g v="NOUN"></g><g v="inan"></g><g v="masc"></g><g v="sing"></g><g v="gen1"></g></l></v></tfr></token><token id="593952" text="."><tfr rev_id="1427023" t="."><v><l id="0" t="."><g v="PNCT"></g></l></v></tfr></token></tokens></sentence></paragraph></paragraphs></text>