<?xml version="1.0" encoding="utf-8"?><text id="1098" parent="56" name="В Грузии продолжается акция протеста"><tags><tag>url:http://ru.wikinews.org/w/index.php?title=В_Грузии_продолжается_акция_протеста&amp;oldid=55720</tag><tag>Автор:http://ru.wikinews.org/wiki/Участник:Treati</tag><tag>Дата:23/05</tag><tag>Год:2011</tag><tag>Тема:ВикиКатегория:Материалы VOA News</tag><tag>Тема:ВикиКатегория:Демонстрации</tag><tag>Гео:ВикиКатегория:Грузия</tag><tag>Гео:ВикиКатегория:Азия</tag></tags><paragraphs><paragraph id="10583"><sentence id="33203"><source>В Тбилиси продолжается акция протеста против правительства Грузии, организованная частью оппозиционных партий страны.</source><tokens><token id="595010" text="В"><tfr rev_id="1428081" t="В"><v><l id="37409" t="в"><g v="PREP"></g></l></v></tfr></token><token id="595011" text="Тбилиси"><tfr rev_id="3691614" t="Тбилиси"><v><l id="343676" t="тбилиси"><g v="NOUN"></g><g v="inan"></g><g v="masc"></g><g v="Sgtm"></g><g v="Fixd"></g><g v="Geox"></g><g v="sing"></g><g v="loct"></g></l></v></tfr></token><token id="595012" text="продолжается"><tfr rev_id="1428083" t="продолжается"><v><l id="279222" t="продолжаюсь"><g v="VERB"></g><g v="impf"></g><g v="intr"></g><g v="sing"></g><g v="3per"></g><g v="pres"></g><g v="indc"></g></l></v></tfr></token><token id="595013" text="акция"><tfr rev_id="1428084" t="акция"><v><l id="7961" t="акция"><g v="NOUN"></g><g v="inan"></g><g v="femn"></g><g v="sing"></g><g v="nomn"></g></l></v></tfr></token><token id="595014" text="протеста"><tfr rev_id="1428085" t="протеста"><v><l id="285757" t="протест"><g v="NOUN"></g><g v="inan"></g><g v="masc"></g><g v="sing"></g><g v="gent"></g></l></v></tfr></token><token id="595015" text="против"><tfr rev_id="4485035" t="против"><v><l id="285790" t="против"><g v="PREP"></g></l></v></tfr></token><token id="595016" text="правительства"><tfr rev_id="3469329" t="правительства"><v><l id="265638" t="правительство"><g v="NOUN"></g><g v="inan"></g><g v="neut"></g><g v="sing"></g><g v="gent"></g></l></v></tfr></token><token id="595017" text="Грузии"><tfr rev_id="3325486" t="Грузии"><v><l id="75981" t="грузия"><g v="NOUN"></g><g v="inan"></g><g v="femn"></g><g v="Sgtm"></g><g v="Geox"></g><g v="sing"></g><g v="gent"></g></l></v></tfr></token><token id="595018" text=","><tfr rev_id="1428089" t=","><v><l id="0" t=","><g v="PNCT"></g></l></v></tfr></token><token id="595019" text="организованная"><tfr rev_id="1428090" t="организованная"><v><l id="208755" t="организованный"><g v="ADJF"></g><g v="femn"></g><g v="sing"></g><g v="nomn"></g></l></v><v><l id="208765" t="организованный"><g v="PRTF"></g><g v="perf"></g><g v="tran"></g><g v="past"></g><g v="pssv"></g><g v="femn"></g><g v="sing"></g><g v="nomn"></g></l></v><v><l id="208766" t="организованный"><g v="PRTF"></g><g v="impf"></g><g v="tran"></g><g v="past"></g><g v="pssv"></g><g v="femn"></g><g v="sing"></g><g v="nomn"></g></l></v></tfr></token><token id="595020" text="частью"><tfr rev_id="4264678" t="частью"><v><l id="374820" t="часть"><g v="NOUN"></g><g v="inan"></g><g v="femn"></g><g v="sing"></g><g v="ablt"></g></l></v></tfr></token><token id="595021" text="оппозиционных"><tfr rev_id="3668560" t="оппозиционных"><v><l id="207892" t="оппозиционный"><g v="ADJF"></g><g v="plur"></g><g v="gent"></g></l></v></tfr></token><token id="595022" text="партий"><tfr rev_id="1428093" t="партий"><v><l id="224431" t="партия"><g v="NOUN"></g><g v="inan"></g><g v="femn"></g><g v="plur"></g><g v="gent"></g></l></v></tfr></token><token id="595023" text="страны"><tfr rev_id="3452165" t="страны"><v><l id="337100" t="страна"><g v="NOUN"></g><g v="inan"></g><g v="femn"></g><g v="sing"></g><g v="gent"></g></l></v></tfr></token><token id="595024" text="."><tfr rev_id="1428095" t="."><v><l id="0" t="."><g v="PNCT"></g></l></v></tfr></token></tokens></sentence><sentence id="33204"><source>«Революция уже началась…</source><tokens><token id="595025" text="«"><tfr rev_id="2443377" t="«"><v><l id="0" t="«"><g v="PNCT"></g></l></v></tfr></token><token id="595026" text="Революция"><tfr rev_id="1428097" t="Революция"><v><l id="304733" t="революция"><g v="NOUN"></g><g v="inan"></g><g v="femn"></g><g v="sing"></g><g v="nomn"></g></l></v></tfr></token><token id="595027" text="уже"><tfr rev_id="2692701" t="уже"><v><l id="355422" t="уж"><g v="NOUN"></g><g v="anim"></g><g v="masc"></g><g v="sing"></g><g v="loct"></g></l></v><v><l id="355498" t="уже"><g v="ADVB"></g></l></v><v><l id="355674" t="уже"><g v="COMP"></g><g v="Qual"></g></l></v><v><l id="388673" t="уже"><g v="PRCL"></g></l></v></tfr></token><token id="595028" text="началась"><tfr rev_id="1428099" t="началась"><v><l id="178230" t="начался"><g v="VERB"></g><g v="perf"></g><g v="intr"></g><g v="femn"></g><g v="sing"></g><g v="past"></g><g v="indc"></g></l></v></tfr></token><token id="595029" text="…"><tfr rev_id="2443378" t="…"><v><l id="0" t="…"><g v="PNCT"></g></l></v></tfr></token></tokens></sentence><sentence id="33205"><source>Ее вызвали эти власти и их незаконные действия»,</source><tokens><token id="595030" text="Ее"><tfr rev_id="4467614" t="Ее"><v><l id="206544" t="она"><g v="NPRO"></g><g v="femn"></g><g v="3per"></g><g v="Anph"></g><g v="sing"></g><g v="gent"></g></l></v><v><l id="206544" t="она"><g v="NPRO"></g><g v="femn"></g><g v="3per"></g><g v="Anph"></g><g v="sing"></g><g v="accs"></g></l></v></tfr></token><token id="595031" text="вызвали"><tfr rev_id="1428102" t="вызвали"><v><l id="57525" t="вызвал"><g v="VERB"></g><g v="perf"></g><g v="tran"></g><g v="plur"></g><g v="past"></g><g v="indc"></g></l></v></tfr></token><token id="595032" text="эти"><tfr rev_id="4446140" t="эти"><v><l id="386581" t="этот"><g v="ADJF"></g><g v="Subx"></g><g v="Apro"></g><g v="Anph"></g><g v="plur"></g><g v="nomn"></g></l></v></tfr></token><token id="595033" text="власти"><tfr rev_id="3794096" t="власти"><v><l id="46816" t="власть"><g v="NOUN"></g><g v="inan"></g><g v="femn"></g><g v="plur"></g><g v="nomn"></g></l></v></tfr></token><token id="595034" text="и"><tfr rev_id="1428105" t="и"><v><l id="116949" t="и"><g v="CONJ"></g></l></v><v><l id="116950" t="и"><g v="INTJ"></g></l></v></tfr></token><token id="595035" text="их"><tfr rev_id="4478968" t="их"><v><l id="127205" t="их"><g v="ADJF"></g><g v="Fixd"></g><g v="Apro"></g><g v="Anph"></g><g v="plur"></g><g v="nomn"></g></l></v><v><l id="127205" t="их"><g v="ADJF"></g><g v="Fixd"></g><g v="Apro"></g><g v="Anph"></g><g v="plur"></g><g v="gent"></g></l></v><v><l id="127205" t="их"><g v="ADJF"></g><g v="Fixd"></g><g v="Apro"></g><g v="Anph"></g><g v="plur"></g><g v="datv"></g></l></v><v><l id="127205" t="их"><g v="ADJF"></g><g v="Fixd"></g><g v="Apro"></g><g v="Anph"></g><g v="plur"></g><g v="accs"></g></l></v><v><l id="127205" t="их"><g v="ADJF"></g><g v="Fixd"></g><g v="Apro"></g><g v="Anph"></g><g v="plur"></g><g v="ablt"></g></l></v><v><l id="127205" t="их"><g v="ADJF"></g><g v="Fixd"></g><g v="Apro"></g><g v="Anph"></g><g v="plur"></g><g v="loct"></g></l></v></tfr></token><token id="595036" text="незаконные"><tfr rev_id="3746727" t="незаконные"><v><l id="182226" t="незаконный"><g v="ADJF"></g><g v="Qual"></g><g v="plur"></g><g v="nomn"></g></l></v></tfr></token><token id="595037" text="действия"><tfr rev_id="3743614" t="действия"><v><l id="80091" t="действие"><g v="NOUN"></g><g v="inan"></g><g v="neut"></g><g v="plur"></g><g v="nomn"></g></l></v></tfr></token><token id="595038" text="»"><tfr rev_id="2443379" t="»"><v><l id="0" t="»"><g v="PNCT"></g></l></v></tfr></token><token id="595039" text=","><tfr rev_id="1428110" t=","><v><l id="0" t=","><g v="PNCT"></g></l></v></tfr></token></tokens></sentence><sentence id="33206"><source>— сказала, выступая 22-го мая, лидер партии «Демократическое движение — Единая Грузия» Нино Бурджанадзе.</source><tokens><token id="595040" text="—"><tfr rev_id="2443380" t="—"><v><l id="0" t="—"><g v="PNCT"></g></l></v></tfr></token><token id="595041" text="сказала"><tfr rev_id="1428112" t="сказала"><v><l id="321532" t="сказал"><g v="VERB"></g><g v="perf"></g><g v="tran"></g><g v="femn"></g><g v="sing"></g><g v="past"></g><g v="indc"></g></l></v></tfr></token><token id="595042" text=","><tfr rev_id="1428113" t=","><v><l id="0" t=","><g v="PNCT"></g></l></v></tfr></token><token id="595043" text="выступая"><tfr rev_id="1428114" t="выступая"><v><l id="62884" t="выступая"><g v="GRND"></g><g v="impf"></g><g v="intr"></g><g v="pres"></g></l></v></tfr></token><token id="595044" text="22-го"><tfr rev_id="1428115" t="22-го"><v><l id="0" t="22-го"><g v="UNKN"></g></l></v></tfr></token><token id="595045" text="мая"><tfr rev_id="3747990" t="мая"><v><l id="153142" t="май"><g v="NOUN"></g><g v="inan"></g><g v="masc"></g><g v="Sgtm"></g><g v="sing"></g><g v="gent"></g></l></v></tfr></token><token id="595046" text=","><tfr rev_id="1428117" t=","><v><l id="0" t=","><g v="PNCT"></g></l></v></tfr></token><token id="595047" text="лидер"><tfr rev_id="1428118" t="лидер"><v><l id="149007" t="лидер"><g v="NOUN"></g><g v="anim"></g><g v="masc"></g><g v="sing"></g><g v="nomn"></g></l></v></tfr></token><token id="595048" text="партии"><tfr rev_id="4290744" t="партии"><v><l id="224431" t="партия"><g v="NOUN"></g><g v="inan"></g><g v="femn"></g><g v="sing"></g><g v="gent"></g></l></v></tfr></token><token id="595049" text="«"><tfr rev_id="2443381" t="«"><v><l id="0" t="«"><g v="PNCT"></g></l></v></tfr></token><token id="595050" text="Демократическое"><tfr rev_id="1428121" t="Демократическое"><v><l id="80993" t="демократический"><g v="ADJF"></g><g v="neut"></g><g v="sing"></g><g v="nomn"></g></l></v><v><l id="80993" t="демократический"><g v="ADJF"></g><g v="neut"></g><g v="sing"></g><g v="accs"></g></l></v></tfr></token><token id="595051" text="движение"><tfr rev_id="1428122" t="движение"><v><l id="78833" t="движение"><g v="NOUN"></g><g v="inan"></g><g v="neut"></g><g v="sing"></g><g v="nomn"></g></l></v><v><l id="78833" t="движение"><g v="NOUN"></g><g v="inan"></g><g v="neut"></g><g v="sing"></g><g v="accs"></g></l></v></tfr></token><token id="595052" text="—"><tfr rev_id="2443382" t="—"><v><l id="0" t="—"><g v="PNCT"></g></l></v></tfr></token><token id="595053" text="Единая"><tfr rev_id="1428124" t="Единая"><v><l id="94410" t="единый"><g v="ADJF"></g><g v="Qual"></g><g v="femn"></g><g v="sing"></g><g v="nomn"></g></l></v></tfr></token><token id="595054" text="Грузия"><tfr rev_id="1428125" t="Грузия"><v><l id="75981" t="грузия"><g v="NOUN"></g><g v="inan"></g><g v="femn"></g><g v="Sgtm"></g><g v="Geox"></g><g v="sing"></g><g v="nomn"></g></l></v></tfr></token><token id="595055" text="»"><tfr rev_id="2443383" t="»"><v><l id="0" t="»"><g v="PNCT"></g></l></v></tfr></token><token id="595056" text="Нино"><tfr rev_id="4484592" t="Нино"><v><l id="191091" t="нино"><g v="NOUN"></g><g v="anim"></g><g v="femn"></g><g v="Sgtm"></g><g v="Fixd"></g><g v="Name"></g><g v="sing"></g><g v="nomn"></g></l></v></tfr></token><token id="595057" text="Бурджанадзе"><tfr rev_id="4327419" t="Бурджанадзе"><v><l id="389015" t="бурджанадзе"><g v="NOUN"></g><g v="anim"></g><g v="ms-f"></g><g v="Fixd"></g><g v="Surn"></g><g v="sing"></g><g v="nomn"></g></l></v></tfr></token><token id="595058" text="."><tfr rev_id="1428129" t="."><v><l id="0" t="."><g v="PNCT"></g></l></v></tfr></token></tokens></sentence></paragraph><paragraph id="10584"><sentence id="33207"><source>В основном демонстрация проходит перед зданием Общественного Вещателя Грузии (ОВГ), в результате этого блокирована одна из главных улиц Тбилиси.</source><tokens><token id="595059" text="В"><tfr rev_id="1428130" t="В"><v><l id="37409" t="в"><g v="PREP"></g></l></v></tfr></token><token id="595060" text="основном"><tfr rev_id="4160760" t="основном"><v><l id="210594" t="основное"><g v="NOUN"></g><g v="inan"></g><g v="neut"></g><g v="Sgtm"></g><g v="sing"></g><g v="loct"></g></l></v></tfr></token><token id="595061" text="демонстрация"><tfr rev_id="1428132" t="демонстрация"><v><l id="81024" t="демонстрация"><g v="NOUN"></g><g v="inan"></g><g v="femn"></g><g v="sing"></g><g v="nomn"></g></l></v></tfr></token><token id="595062" text="проходит"><tfr rev_id="1428133" t="проходит"><v><l id="287183" t="прохожу"><g v="VERB"></g><g v="impf"></g><g v="tran"></g><g v="sing"></g><g v="3per"></g><g v="pres"></g><g v="indc"></g></l></v><v><l id="287190" t="проходил"><g v="VERB"></g><g v="perf"></g><g v="intr"></g><g v="sing"></g><g v="3per"></g><g v="futr"></g><g v="indc"></g></l></v></tfr></token><token id="595063" text="перед"><tfr rev_id="2603579" t="перед"><v><l id="228071" t="перед"><g v="PREP"></g></l></v></tfr></token><token id="595064" text="зданием"><tfr rev_id="1428135" t="зданием"><v><l id="114695" t="здание"><g v="NOUN"></g><g v="inan"></g><g v="neut"></g><g v="sing"></g><g v="ablt"></g></l></v></tfr></token><token id="595065" text="Общественного"><tfr rev_id="3468372" t="Общественного"><v><l id="201612" t="общественный"><g v="ADJF"></g><g v="masc"></g><g v="sing"></g><g v="gent"></g></l></v><v><l id="201612" t="общественный"><g v="ADJF"></g><g v="anim"></g><g v="masc"></g><g v="sing"></g><g v="accs"></g></l></v></tfr></token><token id="595066" text="Вещателя"><tfr rev_id="3302581" t="Вещателя"><v><l id="42471" t="вещатель"><g v="NOUN"></g><g v="anim"></g><g v="masc"></g><g v="sing"></g><g v="gent"></g></l></v></tfr></token><token id="595067" text="Грузии"><tfr rev_id="2782049" t="Грузии"><v><l id="75981" t="грузия"><g v="NOUN"></g><g v="inan"></g><g v="femn"></g><g v="Sgtm"></g><g v="Geox"></g><g v="sing"></g><g v="gent"></g></l></v></tfr></token><token id="595068" text="("><tfr rev_id="1428139" t="("><v><l id="0" t="("><g v="PNCT"></g></l></v></tfr></token><token id="595069" text="ОВГ"><tfr rev_id="1428140" t="ОВГ"><v><l id="0" t="овг"><g v="UNKN"></g></l></v></tfr></token><token id="595070" text=")"><tfr rev_id="1428141" t=")"><v><l id="0" t=")"><g v="PNCT"></g></l></v></tfr></token><token id="595071" text=","><tfr rev_id="1428142" t=","><v><l id="0" t=","><g v="PNCT"></g></l></v></tfr></token><token id="595072" text="в"><tfr rev_id="1428143" t="в"><v><l id="37409" t="в"><g v="PREP"></g></l></v></tfr></token><token id="595073" text="результате"><tfr rev_id="1428144" t="результате"><v><l id="305391" t="результат"><g v="NOUN"></g><g v="inan"></g><g v="masc"></g><g v="sing"></g><g v="loct"></g></l></v></tfr></token><token id="595074" text="этого"><tfr rev_id="4473758" t="этого"><v><l id="386575" t="это"><g v="NPRO"></g><g v="neut"></g><g v="sing"></g><g v="gent"></g></l></v></tfr></token><token id="595075" text="блокирована"><tfr rev_id="1428146" t="блокирована"><v><l id="31009" t="блокирован"><g v="PRTS"></g><g v="perf"></g><g v="past"></g><g v="pssv"></g><g v="femn"></g><g v="sing"></g></l></v><v><l id="31010" t="блокирован"><g v="PRTS"></g><g v="impf"></g><g v="past"></g><g v="pssv"></g><g v="femn"></g><g v="sing"></g></l></v></tfr></token><token id="595076" text="одна"><tfr rev_id="4301864" t="одна"><v><l id="203319" t="один"><g v="ADJF"></g><g v="Apro"></g><g v="Anum"></g><g v="femn"></g><g v="sing"></g><g v="nomn"></g></l></v></tfr></token><token id="595077" text="из"><tfr rev_id="2603063" t="из"><v><l id="117677" t="из"><g v="PREP"></g></l></v></tfr></token><token id="595078" text="главных"><tfr rev_id="4404907" t="главных"><v><l id="70842" t="главный"><g v="ADJF"></g><g v="Qual"></g><g v="plur"></g><g v="gent"></g></l></v></tfr></token><token id="595079" text="улиц"><tfr rev_id="1428150" t="улиц"><v><l id="356890" t="улица"><g v="NOUN"></g><g v="inan"></g><g v="femn"></g><g v="plur"></g><g v="gent"></g></l></v></tfr></token><token id="595080" text="Тбилиси"><tfr rev_id="3484379" t="Тбилиси"><v><l id="343676" t="тбилиси"><g v="NOUN"></g><g v="inan"></g><g v="masc"></g><g v="Sgtm"></g><g v="Fixd"></g><g v="Geox"></g><g v="sing"></g><g v="gent"></g></l></v></tfr></token><token id="595081" text="."><tfr rev_id="1428152" t="."><v><l id="0" t="."><g v="PNCT"></g></l></v></tfr></token></tokens></sentence></paragraph><paragraph id="10585"><sentence id="33208"><source>От двух до пяти тысяч по разным данным колеблется количество участников акции протеста, что согласно организаторам антиправительственных выступлений, является «недостаточным».</source><tokens><token id="595082" text="От"><tfr rev_id="1428153" t="От"><v><l id="211644" t="от"><g v="PREP"></g></l></v></tfr></token><token id="595083" text="двух"><tfr rev_id="4449679" t="двух"><v><l id="78668" t="два"><g v="NUMR"></g><g v="anim"></g><g v="accs"></g></l></v><v><l id="78668" t="два"><g v="NUMR"></g><g v="gent"></g></l></v><v><l id="78668" t="два"><g v="NUMR"></g><g v="loct"></g></l></v></tfr></token><token id="595084" text="до"><tfr rev_id="1428155" t="до"><v><l id="85153" t="до"><g v="PREP"></g></l></v></tfr></token><token id="595085" text="пяти"><tfr rev_id="4258129" t="пяти"><v><l id="290440" t="пять"><g v="NUMR"></g><g v="gent"></g></l></v></tfr></token><token id="595086" text="тысяч"><tfr rev_id="1428157" t="тысяч"><v><l id="352230" t="тысяча"><g v="NOUN"></g><g v="inan"></g><g v="femn"></g><g v="plur"></g><g v="gent"></g></l></v></tfr></token><token id="595087" text="по"><tfr rev_id="1428158" t="по"><v><l id="241240" t="по"><g v="PREP"></g></l></v></tfr></token><token id="595088" text="разным"><tfr rev_id="1718431" t="разным"><v><l id="296007" t="разный"><g v="ADJF"></g><g v="Qual"></g><g v="plur"></g><g v="datv"></g></l></v></tfr></token><token id="595089" text="данным"><tfr rev_id="4535581" t="данным"><v><l id="78302" t="данные"><g v="NOUN"></g><g v="inan"></g><g v="GNdr"></g><g v="Pltm"></g><g v="plur"></g><g v="datv"></g></l></v></tfr></token><token id="595090" text="колеблется"><tfr rev_id="1428161" t="колеблется"><v><l id="135831" t="колеблюсь"><g v="VERB"></g><g v="impf"></g><g v="intr"></g><g v="sing"></g><g v="3per"></g><g v="pres"></g><g v="indc"></g></l></v></tfr></token><token id="595091" text="количество"><tfr rev_id="4103885" t="количество"><v><l id="135983" t="количество"><g v="NOUN"></g><g v="inan"></g><g v="neut"></g><g v="sing"></g><g v="nomn"></g></l></v></tfr></token><token id="595092" text="участников"><tfr rev_id="4096529" t="участников"><v><l id="363151" t="участник"><g v="NOUN"></g><g v="anim"></g><g v="masc"></g><g v="plur"></g><g v="gent"></g></l></v></tfr></token><token id="595093" text="акции"><tfr rev_id="4271756" t="акции"><v><l id="7961" t="акция"><g v="NOUN"></g><g v="inan"></g><g v="femn"></g><g v="sing"></g><g v="gent"></g></l></v></tfr></token><token id="595094" text="протеста"><tfr rev_id="1428165" t="протеста"><v><l id="285757" t="протест"><g v="NOUN"></g><g v="inan"></g><g v="masc"></g><g v="sing"></g><g v="gent"></g></l></v></tfr></token><token id="595095" text=","><tfr rev_id="1428166" t=","><v><l id="0" t=","><g v="PNCT"></g></l></v></tfr></token><token id="595096" text="что"><tfr rev_id="3196750" t="что"><v><l id="377004" t="что"><g v="CONJ"></g></l></v><v><l id="377005" t="что"><g v="NPRO"></g><g v="neut"></g><g v="sing"></g><g v="nomn"></g></l></v><v><l id="377005" t="что"><g v="NPRO"></g><g v="neut"></g><g v="sing"></g><g v="accs"></g></l></v><v><l id="377006" t="что"><g v="ADVB"></g><g v="Ques"></g></l></v><v><l id="388695" t="что"><g v="PRCL"></g></l></v></tfr></token><token id="595097" text="согласно"><tfr rev_id="4490542" t="согласно"><v><l id="328255" t="согласно"><g v="PREP"></g></l></v></tfr></token><token id="595098" text="организаторам"><tfr rev_id="1428169" t="организаторам"><v><l id="208741" t="организатор"><g v="NOUN"></g><g v="anim"></g><g v="masc"></g><g v="plur"></g><g v="datv"></g></l></v></tfr></token><token id="595099" text="антиправительственных"><tfr rev_id="4198105" t="антиправительственных"><v><l id="14427" t="антиправительственный"><g v="ADJF"></g><g v="plur"></g><g v="gent"></g></l></v></tfr></token><token id="595100" text="выступлений"><tfr rev_id="1428171" t="выступлений"><v><l id="62889" t="выступление"><g v="NOUN"></g><g v="inan"></g><g v="neut"></g><g v="plur"></g><g v="gent"></g></l></v></tfr></token><token id="595101" text=","><tfr rev_id="1428172" t=","><v><l id="0" t=","><g v="PNCT"></g></l></v></tfr></token><token id="595102" text="является"><tfr rev_id="1428173" t="является"><v><l id="387385" t="являюсь"><g v="VERB"></g><g v="impf"></g><g v="intr"></g><g v="sing"></g><g v="3per"></g><g v="pres"></g><g v="indc"></g></l></v></tfr></token><token id="595103" text="«"><tfr rev_id="2443384" t="«"><v><l id="0" t="«"><g v="PNCT"></g></l></v></tfr></token><token id="595104" text="недостаточным"><tfr rev_id="4400325" t="недостаточным"><v><l id="181681" t="недостаточный"><g v="ADJF"></g><g v="Qual"></g><g v="neut"></g><g v="sing"></g><g v="ablt"></g></l></v></tfr></token><token id="595105" text="»"><tfr rev_id="2443385" t="»"><v><l id="0" t="»"><g v="PNCT"></g></l></v></tfr></token><token id="595106" text="."><tfr rev_id="1428177" t="."><v><l id="0" t="."><g v="PNCT"></g></l></v></tfr></token></tokens></sentence></paragraph><paragraph id="10586"><sentence id="33209"><source>Бурджанадзе отметила:</source><tokens><token id="595107" text="Бурджанадзе"><tfr rev_id="4327420" t="Бурджанадзе"><v><l id="389015" t="бурджанадзе"><g v="NOUN"></g><g v="anim"></g><g v="ms-f"></g><g v="Fixd"></g><g v="Surn"></g><g v="sing"></g><g v="nomn"></g></l></v></tfr></token><token id="595108" text="отметила"><tfr rev_id="1428179" t="отметила"><v><l id="215584" t="отметил"><g v="VERB"></g><g v="perf"></g><g v="tran"></g><g v="femn"></g><g v="sing"></g><g v="past"></g><g v="indc"></g></l></v></tfr></token><token id="595109" text=":"><tfr rev_id="1428180" t=":"><v><l id="0" t=":"><g v="PNCT"></g></l></v></tfr></token></tokens></sentence><sentence id="33210"><source>«Должна произойти максимальная мобилизация сил…</source><tokens><token id="595110" text="«"><tfr rev_id="2443386" t="«"><v><l id="0" t="«"><g v="PNCT"></g></l></v></tfr></token><token id="595111" text="Должна"><tfr rev_id="2558934" t="Должна"><v><l id="87975" t="должен"><g v="ADJS"></g><g v="femn"></g><g v="sing"></g></l></v></tfr></token><token id="595112" text="произойти"><tfr rev_id="1428183" t="произойти"><v><l id="280163" t="произойти"><g v="INFN"></g><g v="perf"></g><g v="intr"></g></l></v></tfr></token><token id="595113" text="максимальная"><tfr rev_id="1428184" t="максимальная"><v><l id="153541" t="максимальный"><g v="ADJF"></g><g v="femn"></g><g v="sing"></g><g v="nomn"></g></l></v></tfr></token><token id="595114" text="мобилизация"><tfr rev_id="1428185" t="мобилизация"><v><l id="162149" t="мобилизация"><g v="NOUN"></g><g v="inan"></g><g v="femn"></g><g v="sing"></g><g v="nomn"></g></l></v></tfr></token><token id="595115" text="сил"><tfr rev_id="1428186" t="сил"><v><l id="320333" t="сила"><g v="NOUN"></g><g v="inan"></g><g v="femn"></g><g v="plur"></g><g v="gent"></g></l></v></tfr></token><token id="595116" text="…"><tfr rev_id="2443387" t="…"><v><l id="0" t="…"><g v="PNCT"></g></l></v></tfr></token></tokens></sentence><sentence id="33211"><source>Если нас будет столько же завтра, чего достаточно для критических действий, мы не отступим назад»,</source><tokens><token id="595117" text="Если"><tfr rev_id="1428188" t="Если"><v><l id="95365" t="если"><g v="CONJ"></g></l></v></tfr></token><token id="595118" text="нас"><tfr rev_id="3703391" t="нас"><v><l id="165750" t="мы"><g v="NPRO"></g><g v="1per"></g><g v="plur"></g><g v="gent"></g></l></v></tfr></token><token id="595119" text="будет"><tfr rev_id="1428190" t="будет"><v><l id="37265" t="есть"><g v="VERB"></g><g v="impf"></g><g v="intr"></g><g v="sing"></g><g v="3per"></g><g v="futr"></g><g v="indc"></g></l></v></tfr></token><token id="595120" text="столько"><tfr rev_id="3399170" t="столько"><v><l id="336670" t="столько"><g v="ADVB"></g></l></v><v><l id="336671" t="столько"><g v="NUMR"></g><g v="nomn"></g></l></v><v><l id="336671" t="столько"><g v="NUMR"></g><g v="inan"></g><g v="accs"></g></l></v><v><l id="388693" t="столько"><g v="CONJ"></g></l></v></tfr></token><token id="595121" text="же"><tfr rev_id="4084386" t="же"><v><l id="96209" t="же"><g v="PRCL"></g></l></v></tfr></token><token id="595122" text="завтра"><tfr rev_id="1428193" t="завтра"><v><l id="100062" t="завтра"><g v="ADVB"></g></l></v></tfr></token><token id="595123" text=","><tfr rev_id="1428194" t=","><v><l id="0" t=","><g v="PNCT"></g></l></v></tfr></token><token id="595124" text="чего"><tfr rev_id="1428195" t="чего"><v><l id="374963" t="чего"><g v="ADVB"></g><g v="Ques"></g></l></v><v><l id="377005" t="что"><g v="NPRO"></g><g v="neut"></g><g v="sing"></g><g v="gent"></g></l></v></tfr></token><token id="595125" text="достаточно"><tfr rev_id="4139218" t="достаточно"><v><l id="90477" t="достаточно"><g v="ADVB"></g><g v="Prdx"></g></l></v><v><l id="90480" t="достаточен"><g v="ADJS"></g><g v="Qual"></g><g v="neut"></g><g v="sing"></g></l></v><v><l id="390153" t="достаточно"><g v="NUMR"></g><g v="accs"></g></l></v><v><l id="390153" t="достаточно"><g v="NUMR"></g><g v="nomn"></g></l></v></tfr></token><token id="595126" text="для"><tfr rev_id="2707465" t="для"><v><l id="85032" t="для"><g v="PREP"></g></l></v></tfr></token><token id="595127" text="критических"><tfr rev_id="3703412" t="критических"><v><l id="142982" t="критический"><g v="ADJF"></g><g v="plur"></g><g v="gent"></g></l></v></tfr></token><token id="595128" text="действий"><tfr rev_id="1428199" t="действий"><v><l id="80091" t="действие"><g v="NOUN"></g><g v="inan"></g><g v="neut"></g><g v="plur"></g><g v="gent"></g></l></v></tfr></token><token id="595129" text=","><tfr rev_id="1428200" t=","><v><l id="0" t=","><g v="PNCT"></g></l></v></tfr></token><token id="595130" text="мы"><tfr rev_id="1428201" t="мы"><v><l id="165750" t="мы"><g v="NPRO"></g><g v="1per"></g><g v="plur"></g><g v="nomn"></g></l></v></tfr></token><token id="595131" text="не"><tfr rev_id="1428202" t="не"><v><l id="178876" t="не"><g v="PRCL"></g></l></v></tfr></token><token id="595132" text="отступим"><tfr rev_id="1428203" t="отступим"><v><l id="218634" t="отступил"><g v="VERB"></g><g v="perf"></g><g v="intr"></g><g v="plur"></g><g v="1per"></g><g v="futr"></g><g v="indc"></g></l></v><v><l id="218634" t="отступил"><g v="VERB"></g><g v="perf"></g><g v="intr"></g><g v="sing"></g><g v="impr"></g><g v="incl"></g></l></v></tfr></token><token id="595133" text="назад"><tfr rev_id="1428204" t="назад"><v><l id="170252" t="назад"><g v="ADVB"></g></l></v></tfr></token><token id="595134" text="»"><tfr rev_id="2443388" t="»"><v><l id="0" t="»"><g v="PNCT"></g></l></v></tfr></token><token id="595135" text=","><tfr rev_id="1428206" t=","><v><l id="0" t=","><g v="PNCT"></g></l></v></tfr></token></tokens></sentence><sentence id="33212"><source>— выступая перед участниками акции протеста.</source><tokens><token id="595136" text="—"><tfr rev_id="2443389" t="—"><v><l id="0" t="—"><g v="PNCT"></g></l></v></tfr></token><token id="595137" text="выступая"><tfr rev_id="1428208" t="выступая"><v><l id="62884" t="выступая"><g v="GRND"></g><g v="impf"></g><g v="intr"></g><g v="pres"></g></l></v></tfr></token><token id="595138" text="перед"><tfr rev_id="2603147" t="перед"><v><l id="228071" t="перед"><g v="PREP"></g></l></v></tfr></token><token id="595139" text="участниками"><tfr rev_id="1428210" t="участниками"><v><l id="363151" t="участник"><g v="NOUN"></g><g v="anim"></g><g v="masc"></g><g v="plur"></g><g v="ablt"></g></l></v></tfr></token><token id="595140" text="акции"><tfr rev_id="4101723" t="акции"><v><l id="7961" t="акция"><g v="NOUN"></g><g v="inan"></g><g v="femn"></g><g v="sing"></g><g v="gent"></g></l></v></tfr></token><token id="595141" text="протеста"><tfr rev_id="1428212" t="протеста"><v><l id="285757" t="протест"><g v="NOUN"></g><g v="inan"></g><g v="masc"></g><g v="sing"></g><g v="gent"></g></l></v></tfr></token><token id="595142" text="."><tfr rev_id="1428213" t="."><v><l id="0" t="."><g v="PNCT"></g></l></v></tfr></token></tokens></sentence></paragraph><paragraph id="10587"><sentence id="33213"><source>«Мы не уйдем отсюда»,</source><tokens><token id="595143" text="«"><tfr rev_id="2443390" t="«"><v><l id="0" t="«"><g v="PNCT"></g></l></v></tfr></token><token id="595144" text="Мы"><tfr rev_id="1428215" t="Мы"><v><l id="165750" t="мы"><g v="NPRO"></g><g v="1per"></g><g v="plur"></g><g v="nomn"></g></l></v></tfr></token><token id="595145" text="не"><tfr rev_id="1428216" t="не"><v><l id="178876" t="не"><g v="PRCL"></g></l></v></tfr></token><token id="595146" text="уйдем"><tfr rev_id="1428217" t="уйдем"><v><l id="355910" t="ушёл"><g v="VERB"></g><g v="perf"></g><g v="intr"></g><g v="plur"></g><g v="1per"></g><g v="futr"></g><g v="indc"></g></l></v><v><l id="355910" t="ушёл"><g v="VERB"></g><g v="perf"></g><g v="intr"></g><g v="sing"></g><g v="impr"></g><g v="incl"></g></l></v></tfr></token><token id="595147" text="отсюда"><tfr rev_id="1428218" t="отсюда"><v><l id="218812" t="отсюда"><g v="ADVB"></g></l></v></tfr></token><token id="595148" text="»"><tfr rev_id="2443391" t="»"><v><l id="0" t="»"><g v="PNCT"></g></l></v></tfr></token><token id="595149" text=","><tfr rev_id="1428220" t=","><v><l id="0" t=","><g v="PNCT"></g></l></v></tfr></token></tokens></sentence><sentence id="33214"><source>— добавила лидер оппозиционного «Демократического движения — Единой Грузии».</source><tokens><token id="595150" text="—"><tfr rev_id="2443392" t="—"><v><l id="0" t="—"><g v="PNCT"></g></l></v></tfr></token><token id="595151" text="добавила"><tfr rev_id="1428222" t="добавила"><v><l id="85158" t="добавил"><g v="VERB"></g><g v="perf"></g><g v="tran"></g><g v="femn"></g><g v="sing"></g><g v="past"></g><g v="indc"></g></l></v></tfr></token><token id="595152" text="лидер"><tfr rev_id="1428223" t="лидер"><v><l id="149007" t="лидер"><g v="NOUN"></g><g v="anim"></g><g v="masc"></g><g v="sing"></g><g v="nomn"></g></l></v></tfr></token><token id="595153" text="оппозиционного"><tfr rev_id="3481192" t="оппозиционного"><v><l id="207892" t="оппозиционный"><g v="ADJF"></g><g v="neut"></g><g v="sing"></g><g v="gent"></g></l></v></tfr></token><token id="595154" text="«"><tfr rev_id="2443393" t="«"><v><l id="0" t="«"><g v="PNCT"></g></l></v></tfr></token><token id="595155" text="Демократического"><tfr rev_id="3285190" t="Демократического"><v><l id="80993" t="демократический"><g v="ADJF"></g><g v="neut"></g><g v="sing"></g><g v="gent"></g></l></v></tfr></token><token id="595156" text="движения"><tfr rev_id="2606222" t="движения"><v><l id="78833" t="движение"><g v="NOUN"></g><g v="inan"></g><g v="neut"></g><g v="sing"></g><g v="gent"></g></l></v></tfr></token><token id="595157" text="—"><tfr rev_id="2443394" t="—"><v><l id="0" t="—"><g v="PNCT"></g></l></v></tfr></token><token id="595158" text="Единой"><tfr rev_id="3431370" t="Единой"><v><l id="94410" t="единый"><g v="ADJF"></g><g v="Qual"></g><g v="femn"></g><g v="sing"></g><g v="gent"></g></l></v></tfr></token><token id="595159" text="Грузии"><tfr rev_id="3455116" t="Грузии"><v><l id="75981" t="грузия"><g v="NOUN"></g><g v="inan"></g><g v="femn"></g><g v="Sgtm"></g><g v="Geox"></g><g v="sing"></g><g v="gent"></g></l></v></tfr></token><token id="595160" text="»"><tfr rev_id="2443395" t="»"><v><l id="0" t="»"><g v="PNCT"></g></l></v></tfr></token><token id="595161" text="."><tfr rev_id="1428232" t="."><v><l id="0" t="."><g v="PNCT"></g></l></v></tfr></token></tokens></sentence></paragraph><paragraph id="10588"><sentence id="33215"><source>Несколько сот активистов собираются провести ночь перед зданием Общественного Вещателя Грузии.</source><tokens><token id="595162" text="Несколько"><tfr rev_id="4180921" t="Несколько"><v><l id="188126" t="несколько"><g v="NUMR"></g><g v="nomn"></g></l></v><v><l id="188126" t="несколько"><g v="NUMR"></g><g v="inan"></g><g v="accs"></g></l></v></tfr></token><token id="595163" text="сот"><tfr rev_id="1428234" t="сот"><v><l id="330847" t="сотня"><g v="NOUN"></g><g v="inan"></g><g v="femn"></g><g v="plur"></g><g v="gent"></g><g v="Infr"></g></l></v><v><l id="330901" t="соты"><g v="NOUN"></g><g v="inan"></g><g v="GNdr"></g><g v="Pltm"></g><g v="plur"></g><g v="gent"></g><g v="Infr"></g></l></v></tfr></token><token id="595164" text="активистов"><tfr rev_id="3713481" t="активистов"><v><l id="7658" t="активист"><g v="NOUN"></g><g v="anim"></g><g v="masc"></g><g v="plur"></g><g v="gent"></g></l></v></tfr></token><token id="595165" text="собираются"><tfr rev_id="1428236" t="собираются"><v><l id="327680" t="собираюсь"><g v="VERB"></g><g v="impf"></g><g v="intr"></g><g v="plur"></g><g v="3per"></g><g v="pres"></g><g v="indc"></g></l></v></tfr></token><token id="595166" text="провести"><tfr rev_id="1428237" t="провести"><v><l id="277831" t="провести"><g v="INFN"></g><g v="perf"></g><g v="tran"></g></l></v></tfr></token><token id="595167" text="ночь"><tfr rev_id="3689181" t="ночь"><v><l id="192469" t="ночь"><g v="NOUN"></g><g v="inan"></g><g v="femn"></g><g v="sing"></g><g v="accs"></g></l></v></tfr></token><token id="595168" text="перед"><tfr rev_id="1717766" t="перед"><v><l id="228071" t="перед"><g v="PREP"></g></l></v></tfr></token><token id="595169" text="зданием"><tfr rev_id="1428240" t="зданием"><v><l id="114695" t="здание"><g v="NOUN"></g><g v="inan"></g><g v="neut"></g><g v="sing"></g><g v="ablt"></g></l></v></tfr></token><token id="595170" text="Общественного"><tfr rev_id="4162127" t="Общественного"><v><l id="201612" t="общественный"><g v="ADJF"></g><g v="masc"></g><g v="sing"></g><g v="gent"></g></l></v><v><l id="201612" t="общественный"><g v="ADJF"></g><g v="anim"></g><g v="masc"></g><g v="sing"></g><g v="accs"></g></l></v></tfr></token><token id="595171" text="Вещателя"><tfr rev_id="3546895" t="Вещателя"><v><l id="42471" t="вещатель"><g v="NOUN"></g><g v="anim"></g><g v="masc"></g><g v="sing"></g><g v="gent"></g></l></v></tfr></token><token id="595172" text="Грузии"><tfr rev_id="3455537" t="Грузии"><v><l id="75981" t="грузия"><g v="NOUN"></g><g v="inan"></g><g v="femn"></g><g v="Sgtm"></g><g v="Geox"></g><g v="sing"></g><g v="gent"></g></l></v></tfr></token><token id="595173" text="."><tfr rev_id="1428244" t="."><v><l id="0" t="."><g v="PNCT"></g></l></v></tfr></token></tokens></sentence><sentence id="33216"><source>«Этот очаг, который так действует на нервы властей, будет сохранен»,</source><tokens><token id="595174" text="«"><tfr rev_id="2443396" t="«"><v><l id="0" t="«"><g v="PNCT"></g></l></v></tfr></token><token id="595175" text="Этот"><tfr rev_id="4432076" t="Этот"><v><l id="386581" t="этот"><g v="ADJF"></g><g v="Subx"></g><g v="Apro"></g><g v="Anph"></g><g v="masc"></g><g v="sing"></g><g v="nomn"></g></l></v><v><l id="386581" t="этот"><g v="ADJF"></g><g v="Subx"></g><g v="Apro"></g><g v="Anph"></g><g v="inan"></g><g v="masc"></g><g v="sing"></g><g v="accs"></g></l></v></tfr></token><token id="595176" text="очаг"><tfr rev_id="1428247" t="очаг"><v><l id="221602" t="очаг"><g v="NOUN"></g><g v="inan"></g><g v="masc"></g><g v="sing"></g><g v="nomn"></g></l></v><v><l id="221602" t="очаг"><g v="NOUN"></g><g v="inan"></g><g v="masc"></g><g v="sing"></g><g v="accs"></g></l></v></tfr></token><token id="595177" text=","><tfr rev_id="1428248" t=","><v><l id="0" t=","><g v="PNCT"></g></l></v></tfr></token><token id="595178" text="который"><tfr rev_id="3637393" t="который"><v><l id="141203" t="который"><g v="ADJF"></g><g v="Apro"></g><g v="Subx"></g><g v="Anph"></g><g v="masc"></g><g v="sing"></g><g v="nomn"></g></l></v><v><l id="141203" t="который"><g v="ADJF"></g><g v="Apro"></g><g v="Subx"></g><g v="Anph"></g><g v="inan"></g><g v="masc"></g><g v="sing"></g><g v="accs"></g></l></v></tfr></token><token id="595179" text="так"><tfr rev_id="1428250" t="так"><v><l id="342451" t="так"><g v="CONJ"></g></l></v><v><l id="342452" t="так"><g v="PRCL"></g></l></v><v><l id="342453" t="так"><g v="ADVB"></g><g v="Dmns"></g></l></v></tfr></token><token id="595180" text="действует"><tfr rev_id="1428251" t="действует"><v><l id="80103" t="действую"><g v="VERB"></g><g v="impf"></g><g v="intr"></g><g v="sing"></g><g v="3per"></g><g v="pres"></g><g v="indc"></g></l></v></tfr></token><token id="595181" text="на"><tfr rev_id="3338541" t="на"><v><l id="166264" t="на"><g v="PREP"></g></l></v></tfr></token><token id="595182" text="нервы"><tfr rev_id="3749513" t="нервы"><v><l id="187481" t="нерв"><g v="NOUN"></g><g v="inan"></g><g v="masc"></g><g v="plur"></g><g v="accs"></g></l></v></tfr></token><token id="595183" text="властей"><tfr rev_id="1428254" t="властей"><v><l id="46816" t="власть"><g v="NOUN"></g><g v="inan"></g><g v="femn"></g><g v="plur"></g><g v="gent"></g></l></v></tfr></token><token id="595184" text=","><tfr rev_id="1428255" t=","><v><l id="0" t=","><g v="PNCT"></g></l></v></tfr></token><token id="595185" text="будет"><tfr rev_id="1428256" t="будет"><v><l id="37265" t="есть"><g v="VERB"></g><g v="impf"></g><g v="intr"></g><g v="sing"></g><g v="3per"></g><g v="futr"></g><g v="indc"></g></l></v></tfr></token><token id="595186" text="сохранен"><tfr rev_id="1428257" t="сохранен"><v><l id="330992" t="сохранён"><g v="PRTS"></g><g v="perf"></g><g v="past"></g><g v="pssv"></g><g v="masc"></g><g v="sing"></g></l></v><v><l id="331000" t="сохранен"><g v="ADJS"></g><g v="Qual"></g><g v="masc"></g><g v="sing"></g></l></v></tfr></token><token id="595187" text="»"><tfr rev_id="2443397" t="»"><v><l id="0" t="»"><g v="PNCT"></g></l></v></tfr></token><token id="595188" text=","><tfr rev_id="1428259" t=","><v><l id="0" t=","><g v="PNCT"></g></l></v></tfr></token></tokens></sentence><sentence id="33217"><source>— сказала в интервью председатель оппозиционного «Народного Собрания» известная шахматистка Нонна Гаприндашвили и добавила, что акции протеста не прекратятся.</source><tokens><token id="595189" text="—"><tfr rev_id="2443398" t="—"><v><l id="0" t="—"><g v="PNCT"></g></l></v></tfr></token><token id="595190" text="сказала"><tfr rev_id="1428261" t="сказала"><v><l id="321532" t="сказал"><g v="VERB"></g><g v="perf"></g><g v="tran"></g><g v="femn"></g><g v="sing"></g><g v="past"></g><g v="indc"></g></l></v></tfr></token><token id="595191" text="в"><tfr rev_id="1428262" t="в"><v><l id="37409" t="в"><g v="PREP"></g></l></v></tfr></token><token id="595192" text="интервью"><tfr rev_id="4173998" t="интервью"><v><l id="123140" t="интервью"><g v="NOUN"></g><g v="inan"></g><g v="neut"></g><g v="Fixd"></g><g v="sing"></g><g v="loct"></g></l></v></tfr></token><token id="595193" text="председатель"><tfr rev_id="1428264" t="председатель"><v><l id="267015" t="председатель"><g v="NOUN"></g><g v="anim"></g><g v="masc"></g><g v="sing"></g><g v="nomn"></g></l></v></tfr></token><token id="595194" text="оппозиционного"><tfr rev_id="3454646" t="оппозиционного"><v><l id="207892" t="оппозиционный"><g v="ADJF"></g><g v="neut"></g><g v="sing"></g><g v="gent"></g></l></v></tfr></token><token id="595195" text="«"><tfr rev_id="2443399" t="«"><v><l id="0" t="«"><g v="PNCT"></g></l></v></tfr></token><token id="595196" text="Народного"><tfr rev_id="4103463" t="Народного"><v><l id="174724" t="народный"><g v="ADJF"></g><g v="Qual"></g><g v="neut"></g><g v="sing"></g><g v="gent"></g></l></v></tfr></token><token id="595197" text="Собрания"><tfr rev_id="3501470" t="Собрания"><v><l id="327807" t="собрание"><g v="NOUN"></g><g v="inan"></g><g v="neut"></g><g v="sing"></g><g v="gent"></g></l></v></tfr></token><token id="595198" text="»"><tfr rev_id="2443400" t="»"><v><l id="0" t="»"><g v="PNCT"></g></l></v></tfr></token><token id="595199" text="известная"><tfr rev_id="1428270" t="известная"><v><l id="118144" t="известный"><g v="ADJF"></g><g v="Qual"></g><g v="femn"></g><g v="sing"></g><g v="nomn"></g></l></v></tfr></token><token id="595200" text="шахматистка"><tfr rev_id="1428271" t="шахматистка"><v><l id="378572" t="шахматистка"><g v="NOUN"></g><g v="anim"></g><g v="femn"></g><g v="sing"></g><g v="nomn"></g></l></v></tfr></token><token id="595201" text="Нонна"><tfr rev_id="1428272" t="Нонна"><v><l id="192121" t="нонна"><g v="NOUN"></g><g v="anim"></g><g v="femn"></g><g v="Name"></g><g v="sing"></g><g v="nomn"></g></l></v></tfr></token><token id="595202" text="Гаприндашвили"><tfr rev_id="1428273" t="Гаприндашвили"><v><l id="0" t="гаприндашвили"><g v="UNKN"></g></l></v></tfr></token><token id="595203" text="и"><tfr rev_id="1428274" t="и"><v><l id="116949" t="и"><g v="CONJ"></g></l></v><v><l id="116950" t="и"><g v="INTJ"></g></l></v></tfr></token><token id="595204" text="добавила"><tfr rev_id="1428275" t="добавила"><v><l id="85158" t="добавил"><g v="VERB"></g><g v="perf"></g><g v="tran"></g><g v="femn"></g><g v="sing"></g><g v="past"></g><g v="indc"></g></l></v></tfr></token><token id="595205" text=","><tfr rev_id="1428276" t=","><v><l id="0" t=","><g v="PNCT"></g></l></v></tfr></token><token id="595206" text="что"><tfr rev_id="3196751" t="что"><v><l id="377004" t="что"><g v="CONJ"></g></l></v><v><l id="377005" t="что"><g v="NPRO"></g><g v="neut"></g><g v="sing"></g><g v="nomn"></g></l></v><v><l id="377005" t="что"><g v="NPRO"></g><g v="neut"></g><g v="sing"></g><g v="accs"></g></l></v><v><l id="377006" t="что"><g v="ADVB"></g><g v="Ques"></g></l></v><v><l id="388695" t="что"><g v="PRCL"></g></l></v></tfr></token><token id="595207" text="акции"><tfr rev_id="3768765" t="акции"><v><l id="7961" t="акция"><g v="NOUN"></g><g v="inan"></g><g v="femn"></g><g v="plur"></g><g v="nomn"></g></l></v></tfr></token><token id="595208" text="протеста"><tfr rev_id="1428279" t="протеста"><v><l id="285757" t="протест"><g v="NOUN"></g><g v="inan"></g><g v="masc"></g><g v="sing"></g><g v="gent"></g></l></v></tfr></token><token id="595209" text="не"><tfr rev_id="1428280" t="не"><v><l id="178876" t="не"><g v="PRCL"></g></l></v></tfr></token><token id="595210" text="прекратятся"><tfr rev_id="1428281" t="прекратятся"><v><l id="267599" t="прекратился"><g v="VERB"></g><g v="perf"></g><g v="intr"></g><g v="plur"></g><g v="3per"></g><g v="futr"></g><g v="indc"></g></l></v></tfr></token><token id="595211" text="."><tfr rev_id="1428282" t="."><v><l id="0" t="."><g v="PNCT"></g></l></v></tfr></token></tokens></sentence></paragraph></paragraphs></text>