<?xml version="1.0" encoding="utf-8"?><text id="1126" parent="226" name="22544 Google выпустила стабильный релиз браузера Chrome 10"><tags><tag>url:http://www.chaskor.ru/news/google_vypustila_stabilnyj_reliz_brauzera_chrome_10_22544</tag><tag>Год:2011</tag><tag>Дата:10/03</tag><tag>Тема:ЧасКор:Технологии</tag><tag>Тема:ЧасКор:Технологии/Сеть</tag></tags><paragraphs><paragraph id="10740"><sentence id="33577"><source>Google выпустила стабильный релиз браузера Chrome 10</source><tokens><token id="601638" text="Google"><tfr rev_id="2474630" t="Google"><v><l id="0" t="Google"><g v="LATN"></g></l></v></tfr></token><token id="601639" text="выпустила"><tfr rev_id="1434386" t="выпустила"><v><l id="61014" t="выпустил"><g v="VERB"></g><g v="perf"></g><g v="tran"></g><g v="femn"></g><g v="sing"></g><g v="past"></g><g v="indc"></g></l></v></tfr></token><token id="601640" text="стабильный"><tfr rev_id="1434387" t="стабильный"><v><l id="334297" t="стабильный"><g v="ADJF"></g><g v="Qual"></g><g v="masc"></g><g v="sing"></g><g v="nomn"></g></l></v><v><l id="334297" t="стабильный"><g v="ADJF"></g><g v="Qual"></g><g v="inan"></g><g v="masc"></g><g v="sing"></g><g v="accs"></g></l></v></tfr></token><token id="601641" text="релиз"><tfr rev_id="3300947" t="релиз"><v><l id="305983" t="релиз"><g v="NOUN"></g><g v="inan"></g><g v="masc"></g><g v="sing"></g><g v="accs"></g></l></v></tfr></token><token id="601642" text="браузера"><tfr rev_id="1434389" t="браузера"><v><l id="33662" t="браузер"><g v="NOUN"></g><g v="inan"></g><g v="masc"></g><g v="sing"></g><g v="gent"></g></l></v></tfr></token><token id="601643" text="Chrome"><tfr rev_id="2474631" t="Chrome"><v><l id="0" t="Chrome"><g v="LATN"></g></l></v></tfr></token><token id="601644" text="10"><tfr rev_id="2461650" t="10"><v><l id="0" t="10"><g v="NUMB"></g></l></v></tfr></token></tokens></sentence><sentence id="33578"><source>Новая версия стала быстрее по сравнению с Chrome 9.</source><tokens><token id="601645" text="Новая"><tfr rev_id="1434392" t="Новая"><v><l id="191918" t="новый"><g v="ADJF"></g><g v="Qual"></g><g v="femn"></g><g v="sing"></g><g v="nomn"></g></l></v></tfr></token><token id="601646" text="версия"><tfr rev_id="1434393" t="версия"><v><l id="41566" t="версия"><g v="NOUN"></g><g v="inan"></g><g v="femn"></g><g v="sing"></g><g v="nomn"></g></l></v></tfr></token><token id="601647" text="стала"><tfr rev_id="1434394" t="стала"><v><l id="335164" t="стал"><g v="VERB"></g><g v="perf"></g><g v="intr"></g><g v="femn"></g><g v="sing"></g><g v="past"></g><g v="indc"></g></l></v></tfr></token><token id="601648" text="быстрее"><tfr rev_id="1434395" t="быстрее"><v><l id="37235" t="быстрее"><g v="COMP"></g><g v="Qual"></g></l></v></tfr></token><token id="601649" text="по"><tfr rev_id="1434396" t="по"><v><l id="241240" t="по"><g v="PREP"></g></l></v></tfr></token><token id="601650" text="сравнению"><tfr rev_id="1434397" t="сравнению"><v><l id="333307" t="сравнение"><g v="NOUN"></g><g v="inan"></g><g v="neut"></g><g v="sing"></g><g v="datv"></g></l></v></tfr></token><token id="601651" text="с"><tfr rev_id="1434398" t="с"><v><l id="311151" t="с"><g v="PREP"></g></l></v></tfr></token><token id="601652" text="Chrome"><tfr rev_id="2474632" t="Chrome"><v><l id="0" t="Chrome"><g v="LATN"></g></l></v></tfr></token><token id="601653" text="9"><tfr rev_id="2461651" t="9"><v><l id="0" t="9"><g v="NUMB"></g></l></v></tfr></token><token id="601654" text="."><tfr rev_id="1434401" t="."><v><l id="0" t="."><g v="PNCT"></g></l></v></tfr></token></tokens></sentence></paragraph><paragraph id="10741"><sentence id="33579"><source>Компания Google выпустила стабильный релиз браузера Chrome 10.</source><tokens><token id="601655" text="Компания"><tfr rev_id="1434402" t="Компания"><v><l id="137146" t="компания"><g v="NOUN"></g><g v="inan"></g><g v="femn"></g><g v="sing"></g><g v="nomn"></g></l></v></tfr></token><token id="601656" text="Google"><tfr rev_id="2474633" t="Google"><v><l id="0" t="Google"><g v="LATN"></g></l></v></tfr></token><token id="601657" text="выпустила"><tfr rev_id="1434404" t="выпустила"><v><l id="61014" t="выпустил"><g v="VERB"></g><g v="perf"></g><g v="tran"></g><g v="femn"></g><g v="sing"></g><g v="past"></g><g v="indc"></g></l></v></tfr></token><token id="601658" text="стабильный"><tfr rev_id="1434405" t="стабильный"><v><l id="334297" t="стабильный"><g v="ADJF"></g><g v="Qual"></g><g v="masc"></g><g v="sing"></g><g v="nomn"></g></l></v><v><l id="334297" t="стабильный"><g v="ADJF"></g><g v="Qual"></g><g v="inan"></g><g v="masc"></g><g v="sing"></g><g v="accs"></g></l></v></tfr></token><token id="601659" text="релиз"><tfr rev_id="1434406" t="релиз"><v><l id="305983" t="релиз"><g v="NOUN"></g><g v="inan"></g><g v="masc"></g><g v="sing"></g><g v="nomn"></g></l></v><v><l id="305983" t="релиз"><g v="NOUN"></g><g v="inan"></g><g v="masc"></g><g v="sing"></g><g v="accs"></g></l></v></tfr></token><token id="601660" text="браузера"><tfr rev_id="1434407" t="браузера"><v><l id="33662" t="браузер"><g v="NOUN"></g><g v="inan"></g><g v="masc"></g><g v="sing"></g><g v="gent"></g></l></v></tfr></token><token id="601661" text="Chrome"><tfr rev_id="2474634" t="Chrome"><v><l id="0" t="Chrome"><g v="LATN"></g></l></v></tfr></token><token id="601662" text="10"><tfr rev_id="2461652" t="10"><v><l id="0" t="10"><g v="NUMB"></g></l></v></tfr></token><token id="601663" text="."><tfr rev_id="1434410" t="."><v><l id="0" t="."><g v="PNCT"></g></l></v></tfr></token></tokens></sentence><sentence id="33580"><source>Как сообщает  «Лента.ру», новая версия стала быстрее по сравнению с Chrome 9, представленной в начале февраля.</source><tokens><token id="601664" text="Как"><tfr rev_id="1434411" t="Как"><v><l id="128190" t="как"><g v="CONJ"></g></l></v><v><l id="128191" t="как"><g v="PRCL"></g></l></v><v><l id="128192" t="как"><g v="ADVB"></g><g v="Ques"></g></l></v></tfr></token><token id="601665" text="сообщает"><tfr rev_id="1434412" t="сообщает"><v><l id="329538" t="сообщаю"><g v="VERB"></g><g v="impf"></g><g v="tran"></g><g v="sing"></g><g v="3per"></g><g v="pres"></g><g v="indc"></g></l></v></tfr></token><token id="601666" text="«"><tfr rev_id="2443546" t="«"><v><l id="0" t="«"><g v="PNCT"></g></l></v></tfr></token><token id="601667" text="Лента.ру"><tfr rev_id="4568251" t="Лента.ру"><v><l id="393363" t="лента.ру"><g v="NOUN"></g><g v="inan"></g><g v="femn"></g><g v="Sgtm"></g><g v="Orgn"></g><g v="sing"></g><g v="nomn"></g></l></v></tfr></token><token id="601668" text="»"><tfr rev_id="2443547" t="»"><v><l id="0" t="»"><g v="PNCT"></g></l></v></tfr></token><token id="601669" text=","><tfr rev_id="1434416" t=","><v><l id="0" t=","><g v="PNCT"></g></l></v></tfr></token><token id="601670" text="новая"><tfr rev_id="1434417" t="новая"><v><l id="191918" t="новый"><g v="ADJF"></g><g v="Qual"></g><g v="femn"></g><g v="sing"></g><g v="nomn"></g></l></v></tfr></token><token id="601671" text="версия"><tfr rev_id="1434418" t="версия"><v><l id="41566" t="версия"><g v="NOUN"></g><g v="inan"></g><g v="femn"></g><g v="sing"></g><g v="nomn"></g></l></v></tfr></token><token id="601672" text="стала"><tfr rev_id="1434419" t="стала"><v><l id="335164" t="стал"><g v="VERB"></g><g v="perf"></g><g v="intr"></g><g v="femn"></g><g v="sing"></g><g v="past"></g><g v="indc"></g></l></v></tfr></token><token id="601673" text="быстрее"><tfr rev_id="1434420" t="быстрее"><v><l id="37235" t="быстрее"><g v="COMP"></g><g v="Qual"></g></l></v></tfr></token><token id="601674" text="по"><tfr rev_id="1434421" t="по"><v><l id="241240" t="по"><g v="PREP"></g></l></v></tfr></token><token id="601675" text="сравнению"><tfr rev_id="1434422" t="сравнению"><v><l id="333307" t="сравнение"><g v="NOUN"></g><g v="inan"></g><g v="neut"></g><g v="sing"></g><g v="datv"></g></l></v></tfr></token><token id="601676" text="с"><tfr rev_id="1434423" t="с"><v><l id="311151" t="с"><g v="PREP"></g></l></v></tfr></token><token id="601677" text="Chrome"><tfr rev_id="2474635" t="Chrome"><v><l id="0" t="Chrome"><g v="LATN"></g></l></v></tfr></token><token id="601678" text="9"><tfr rev_id="2461653" t="9"><v><l id="0" t="9"><g v="NUMB"></g></l></v></tfr></token><token id="601679" text=","><tfr rev_id="1434426" t=","><v><l id="0" t=","><g v="PNCT"></g></l></v></tfr></token><token id="601680" text="представленной"><tfr rev_id="3419392" t="представленной"><v><l id="267102" t="представленный"><g v="PRTF"></g><g v="perf"></g><g v="tran"></g><g v="past"></g><g v="pssv"></g><g v="femn"></g><g v="sing"></g><g v="ablt"></g></l></v></tfr></token><token id="601681" text="в"><tfr rev_id="1434428" t="в"><v><l id="37409" t="в"><g v="PREP"></g></l></v></tfr></token><token id="601682" text="начале"><tfr rev_id="1434429" t="начале"><v><l id="178196" t="начало"><g v="NOUN"></g><g v="inan"></g><g v="neut"></g><g v="sing"></g><g v="loct"></g></l></v></tfr></token><token id="601683" text="февраля"><tfr rev_id="1434430" t="февраля"><v><l id="364920" t="февраль"><g v="NOUN"></g><g v="inan"></g><g v="masc"></g><g v="sing"></g><g v="gent"></g></l></v></tfr></token><token id="601684" text="."><tfr rev_id="1434431" t="."><v><l id="0" t="."><g v="PNCT"></g></l></v></tfr></token></tokens></sentence><sentence id="33581"><source>В частности, скорость работы сценариев JavaScript выросла на 66%.</source><tokens><token id="601685" text="В"><tfr rev_id="1434432" t="В"><v><l id="37409" t="в"><g v="PREP"></g></l></v></tfr></token><token id="601686" text="частности"><tfr rev_id="3552100" t="частности"><v><l id="374794" t="частность"><g v="NOUN"></g><g v="inan"></g><g v="femn"></g><g v="sing"></g><g v="loct"></g></l></v></tfr></token><token id="601687" text=","><tfr rev_id="1434434" t=","><v><l id="0" t=","><g v="PNCT"></g></l></v></tfr></token><token id="601688" text="скорость"><tfr rev_id="4214190" t="скорость"><v><l id="323333" t="скорость"><g v="NOUN"></g><g v="inan"></g><g v="femn"></g><g v="sing"></g><g v="nomn"></g></l></v></tfr></token><token id="601689" text="работы"><tfr rev_id="3448158" t="работы"><v><l id="290501" t="работа"><g v="NOUN"></g><g v="inan"></g><g v="femn"></g><g v="sing"></g><g v="gent"></g></l></v></tfr></token><token id="601690" text="сценариев"><tfr rev_id="1434437" t="сценариев"><v><l id="341042" t="сценарий"><g v="NOUN"></g><g v="inan"></g><g v="masc"></g><g v="plur"></g><g v="gent"></g></l></v></tfr></token><token id="601691" text="JavaScript"><tfr rev_id="2474636" t="JavaScript"><v><l id="0" t="JavaScript"><g v="LATN"></g></l></v></tfr></token><token id="601692" text="выросла"><tfr rev_id="1434439" t="выросла"><v><l id="61227" t="вырос"><g v="VERB"></g><g v="perf"></g><g v="intr"></g><g v="femn"></g><g v="sing"></g><g v="past"></g><g v="indc"></g></l></v></tfr></token><token id="601693" text="на"><tfr rev_id="3397781" t="на"><v><l id="166264" t="на"><g v="PREP"></g></l></v></tfr></token><token id="601694" text="66"><tfr rev_id="2461654" t="66"><v><l id="0" t="66"><g v="NUMB"></g></l></v></tfr></token><token id="601695" text="%"><tfr rev_id="2443548" t="%"><v><l id="0" t="%"><g v="PNCT"></g></l></v></tfr></token><token id="601696" text="."><tfr rev_id="1434443" t="."><v><l id="0" t="."><g v="PNCT"></g></l></v></tfr></token></tokens></sentence><sentence id="33582"><source>Кроме того, в Chrome 10 изменено меню настроек.</source><tokens><token id="601697" text="Кроме"><tfr rev_id="1434444" t="Кроме"><v><l id="143259" t="кроме"><g v="PREP"></g></l></v></tfr></token><token id="601698" text="того"><tfr rev_id="4292486" t="того"><v><l id="348430" t="тот"><g v="ADJF"></g><g v="Subx"></g><g v="Apro"></g><g v="Anph"></g><g v="masc"></g><g v="sing"></g><g v="gent"></g></l></v><v><l id="348430" t="тот"><g v="ADJF"></g><g v="Subx"></g><g v="Apro"></g><g v="Anph"></g><g v="anim"></g><g v="masc"></g><g v="sing"></g><g v="accs"></g></l></v><v><l id="348430" t="тот"><g v="ADJF"></g><g v="Subx"></g><g v="Apro"></g><g v="Anph"></g><g v="neut"></g><g v="sing"></g><g v="gent"></g></l></v></tfr></token><token id="601699" text=","><tfr rev_id="1434446" t=","><v><l id="0" t=","><g v="PNCT"></g></l></v></tfr></token><token id="601700" text="в"><tfr rev_id="1434447" t="в"><v><l id="37409" t="в"><g v="PREP"></g></l></v></tfr></token><token id="601701" text="Chrome"><tfr rev_id="2474637" t="Chrome"><v><l id="0" t="Chrome"><g v="LATN"></g></l></v></tfr></token><token id="601702" text="10"><tfr rev_id="2461655" t="10"><v><l id="0" t="10"><g v="NUMB"></g></l></v></tfr></token><token id="601703" text="изменено"><tfr rev_id="1434450" t="изменено"><v><l id="119492" t="изменён"><g v="PRTS"></g><g v="perf"></g><g v="past"></g><g v="pssv"></g><g v="neut"></g><g v="sing"></g></l></v></tfr></token><token id="601704" text="меню"><tfr rev_id="4396152" t="меню"><v><l id="158440" t="меню"><g v="NOUN"></g><g v="inan"></g><g v="neut"></g><g v="Fixd"></g><g v="sing"></g><g v="nomn"></g></l></v></tfr></token><token id="601705" text="настроек"><tfr rev_id="1434452" t="настроек"><v><l id="176279" t="настройка"><g v="NOUN"></g><g v="inan"></g><g v="femn"></g><g v="plur"></g><g v="gent"></g></l></v></tfr></token><token id="601706" text="."><tfr rev_id="1434453" t="."><v><l id="0" t="."><g v="PNCT"></g></l></v></tfr></token></tokens></sentence><sentence id="33583"><source>Теперь оно открывается в новой вкладке, которую можно перемещать наравне с другими.</source><tokens><token id="601707" text="Теперь"><tfr rev_id="1434454" t="Теперь"><v><l id="344864" t="теперь"><g v="ADVB"></g></l></v></tfr></token><token id="601708" text="оно"><tfr rev_id="3590773" t="оно"><v><l id="206649" t="оно"><g v="NPRO"></g><g v="neut"></g><g v="3per"></g><g v="Anph"></g><g v="sing"></g><g v="nomn"></g></l></v></tfr></token><token id="601709" text="открывается"><tfr rev_id="1434456" t="открывается"><v><l id="214739" t="открываюсь"><g v="VERB"></g><g v="impf"></g><g v="intr"></g><g v="sing"></g><g v="3per"></g><g v="pres"></g><g v="indc"></g></l></v></tfr></token><token id="601710" text="в"><tfr rev_id="1434457" t="в"><v><l id="37409" t="в"><g v="PREP"></g></l></v></tfr></token><token id="601711" text="новой"><tfr rev_id="3556880" t="новой"><v><l id="191918" t="новый"><g v="ADJF"></g><g v="Qual"></g><g v="femn"></g><g v="sing"></g><g v="loct"></g></l></v></tfr></token><token id="601712" text="вкладке"><tfr rev_id="3552748" t="вкладке"><v><l id="46110" t="вкладка"><g v="NOUN"></g><g v="inan"></g><g v="femn"></g><g v="sing"></g><g v="loct"></g></l></v></tfr></token><token id="601713" text=","><tfr rev_id="1434460" t=","><v><l id="0" t=","><g v="PNCT"></g></l></v></tfr></token><token id="601714" text="которую"><tfr rev_id="3641064" t="которую"><v><l id="141203" t="который"><g v="ADJF"></g><g v="Apro"></g><g v="Subx"></g><g v="Anph"></g><g v="femn"></g><g v="sing"></g><g v="accs"></g></l></v></tfr></token><token id="601715" text="можно"><tfr rev_id="1434462" t="можно"><v><l id="162467" t="можно"><g v="PRED"></g><g v="pres"></g></l></v></tfr></token><token id="601716" text="перемещать"><tfr rev_id="1434463" t="перемещать"><v><l id="231273" t="перемещать"><g v="INFN"></g><g v="impf"></g><g v="tran"></g></l></v></tfr></token><token id="601717" text="наравне"><tfr rev_id="1434464" t="наравне"><v><l id="174449" t="наравне"><g v="ADVB"></g></l></v></tfr></token><token id="601718" text="с"><tfr rev_id="1434465" t="с"><v><l id="311151" t="с"><g v="PREP"></g></l></v></tfr></token><token id="601719" text="другими"><tfr rev_id="3562719" t="другими"><v><l id="92342" t="другой"><g v="ADJF"></g><g v="Apro"></g><g v="Subx"></g><g v="plur"></g><g v="ablt"></g></l></v></tfr></token><token id="601720" text="."><tfr rev_id="1434467" t="."><v><l id="0" t="."><g v="PNCT"></g></l></v></tfr></token></tokens></sentence><sentence id="33584"><source>Ранее меню настроек открывалось поверх остальных вкладок.</source><tokens><token id="601721" text="Ранее"><tfr rev_id="1434468" t="Ранее"><v><l id="297884" t="ранее"><g v="ADVB"></g></l></v></tfr></token><token id="601722" text="меню"><tfr rev_id="4173949" t="меню"><v><l id="158440" t="меню"><g v="NOUN"></g><g v="inan"></g><g v="neut"></g><g v="Fixd"></g><g v="sing"></g><g v="nomn"></g></l></v></tfr></token><token id="601723" text="настроек"><tfr rev_id="1434470" t="настроек"><v><l id="176279" t="настройка"><g v="NOUN"></g><g v="inan"></g><g v="femn"></g><g v="plur"></g><g v="gent"></g></l></v></tfr></token><token id="601724" text="открывалось"><tfr rev_id="1434471" t="открывалось"><v><l id="214739" t="открываюсь"><g v="VERB"></g><g v="impf"></g><g v="intr"></g><g v="neut"></g><g v="sing"></g><g v="past"></g><g v="indc"></g></l></v></tfr></token><token id="601725" text="поверх"><tfr rev_id="4456181" t="поверх"><v><l id="242237" t="поверх"><g v="PREP"></g></l></v></tfr></token><token id="601726" text="остальных"><tfr rev_id="4137257" t="остальных"><v><l id="210836" t="остальной"><g v="ADJF"></g><g v="Subx"></g><g v="Apro"></g><g v="plur"></g><g v="gent"></g></l></v></tfr></token><token id="601727" text="вкладок"><tfr rev_id="1434474" t="вкладок"><v><l id="46110" t="вкладка"><g v="NOUN"></g><g v="inan"></g><g v="femn"></g><g v="plur"></g><g v="gent"></g></l></v></tfr></token><token id="601728" text="."><tfr rev_id="1434475" t="."><v><l id="0" t="."><g v="PNCT"></g></l></v></tfr></token></tokens></sentence><sentence id="33585"><source>Это позволит пользователям сохранять и копировать точный адрес справочного раздела.</source><tokens><token id="601729" text="Это"><tfr rev_id="4441540" t="Это"><v><l id="386574" t="это"><g v="PRCL"></g></l></v><v><l id="386575" t="это"><g v="NPRO"></g><g v="neut"></g><g v="sing"></g><g v="nomn"></g></l></v><v><l id="386575" t="это"><g v="NPRO"></g><g v="neut"></g><g v="sing"></g><g v="accs"></g></l></v><v><l id="386581" t="этот"><g v="ADJF"></g><g v="Subx"></g><g v="Apro"></g><g v="Anph"></g><g v="neut"></g><g v="sing"></g><g v="nomn"></g></l></v><v><l id="386581" t="этот"><g v="ADJF"></g><g v="Subx"></g><g v="Apro"></g><g v="Anph"></g><g v="neut"></g><g v="sing"></g><g v="accs"></g></l></v></tfr></token><token id="601730" text="позволит"><tfr rev_id="1434477" t="позволит"><v><l id="253425" t="позволил"><g v="VERB"></g><g v="perf"></g><g v="tran"></g><g v="sing"></g><g v="3per"></g><g v="futr"></g><g v="indc"></g></l></v></tfr></token><token id="601731" text="пользователям"><tfr rev_id="1434478" t="пользователям"><v><l id="257079" t="пользователь"><g v="NOUN"></g><g v="anim"></g><g v="masc"></g><g v="plur"></g><g v="datv"></g></l></v></tfr></token><token id="601732" text="сохранять"><tfr rev_id="1434479" t="сохранять"><v><l id="331004" t="сохранять"><g v="INFN"></g><g v="impf"></g><g v="tran"></g></l></v></tfr></token><token id="601733" text="и"><tfr rev_id="1434480" t="и"><v><l id="116949" t="и"><g v="CONJ"></g></l></v><v><l id="116950" t="и"><g v="INTJ"></g></l></v></tfr></token><token id="601734" text="копировать"><tfr rev_id="1434481" t="копировать"><v><l id="139243" t="копировать"><g v="INFN"></g><g v="impf"></g><g v="tran"></g></l></v></tfr></token><token id="601735" text="точный"><tfr rev_id="1434482" t="точный"><v><l id="348518" t="точный"><g v="ADJF"></g><g v="Qual"></g><g v="masc"></g><g v="sing"></g><g v="nomn"></g></l></v><v><l id="348518" t="точный"><g v="ADJF"></g><g v="Qual"></g><g v="inan"></g><g v="masc"></g><g v="sing"></g><g v="accs"></g></l></v></tfr></token><token id="601736" text="адрес"><tfr rev_id="4212169" t="адрес"><v><l id="5167" t="адрес"><g v="NOUN"></g><g v="inan"></g><g v="masc"></g><g v="sing"></g><g v="accs"></g></l></v></tfr></token><token id="601737" text="справочного"><tfr rev_id="4567794" t="справочного"><v><l id="332922" t="справочный"><g v="ADJF"></g><g v="masc"></g><g v="sing"></g><g v="gent"></g></l></v><v><l id="332922" t="справочный"><g v="ADJF"></g><g v="anim"></g><g v="masc"></g><g v="sing"></g><g v="accs"></g></l></v></tfr></token><token id="601738" text="раздела"><tfr rev_id="1716183" t="раздела"><v><l id="293547" t="раздел"><g v="NOUN"></g><g v="inan"></g><g v="masc"></g><g v="sing"></g><g v="gent"></g></l></v></tfr></token><token id="601739" text="."><tfr rev_id="1434486" t="."><v><l id="0" t="."><g v="PNCT"></g></l></v></tfr></token></tokens></sentence><sentence id="33586"><source>После этого любой раздел можно будет добавить в закладки и отправить ссылку другим пользователям Chrome.</source><tokens><token id="601740" text="После"><tfr rev_id="4403826" t="После"><v><l id="261542" t="после"><g v="PREP"></g></l></v></tfr></token><token id="601741" text="этого"><tfr rev_id="3453659" t="этого"><v><l id="386575" t="это"><g v="NPRO"></g><g v="neut"></g><g v="sing"></g><g v="gent"></g></l></v></tfr></token><token id="601742" text="любой"><tfr rev_id="4428762" t="любой"><v><l id="152026" t="любой"><g v="ADJF"></g><g v="Apro"></g><g v="masc"></g><g v="sing"></g><g v="nomn"></g></l></v><v><l id="152026" t="любой"><g v="ADJF"></g><g v="Apro"></g><g v="inan"></g><g v="masc"></g><g v="sing"></g><g v="accs"></g></l></v></tfr></token><token id="601743" text="раздел"><tfr rev_id="4093641" t="раздел"><v><l id="293547" t="раздел"><g v="NOUN"></g><g v="inan"></g><g v="masc"></g><g v="sing"></g><g v="accs"></g></l></v></tfr></token><token id="601744" text="можно"><tfr rev_id="1434491" t="можно"><v><l id="162467" t="можно"><g v="PRED"></g><g v="pres"></g></l></v></tfr></token><token id="601745" text="будет"><tfr rev_id="1434492" t="будет"><v><l id="37265" t="есть"><g v="VERB"></g><g v="impf"></g><g v="intr"></g><g v="sing"></g><g v="3per"></g><g v="futr"></g><g v="indc"></g></l></v></tfr></token><token id="601746" text="добавить"><tfr rev_id="1434493" t="добавить"><v><l id="85159" t="добавить"><g v="INFN"></g><g v="perf"></g><g v="tran"></g></l></v></tfr></token><token id="601747" text="в"><tfr rev_id="1434494" t="в"><v><l id="37409" t="в"><g v="PREP"></g></l></v></tfr></token><token id="601748" text="закладки"><tfr rev_id="3795372" t="закладки"><v><l id="103316" t="закладка"><g v="NOUN"></g><g v="inan"></g><g v="femn"></g><g v="plur"></g><g v="accs"></g></l></v></tfr></token><token id="601749" text="и"><tfr rev_id="1434496" t="и"><v><l id="116949" t="и"><g v="CONJ"></g></l></v><v><l id="116950" t="и"><g v="INTJ"></g></l></v></tfr></token><token id="601750" text="отправить"><tfr rev_id="1434497" t="отправить"><v><l id="216939" t="отправить"><g v="INFN"></g><g v="perf"></g><g v="tran"></g></l></v></tfr></token><token id="601751" text="ссылку"><tfr rev_id="4155278" t="ссылку"><v><l id="334180" t="ссылка"><g v="NOUN"></g><g v="inan"></g><g v="femn"></g><g v="sing"></g><g v="accs"></g></l></v></tfr></token><token id="601752" text="другим"><tfr rev_id="3861059" t="другим"><v><l id="92342" t="другой"><g v="ADJF"></g><g v="Apro"></g><g v="Subx"></g><g v="plur"></g><g v="datv"></g></l></v></tfr></token><token id="601753" text="пользователям"><tfr rev_id="1434500" t="пользователям"><v><l id="257079" t="пользователь"><g v="NOUN"></g><g v="anim"></g><g v="masc"></g><g v="plur"></g><g v="datv"></g></l></v></tfr></token><token id="601754" text="Chrome"><tfr rev_id="2474638" t="Chrome"><v><l id="0" t="Chrome"><g v="LATN"></g></l></v></tfr></token><token id="601755" text="."><tfr rev_id="1434502" t="."><v><l id="0" t="."><g v="PNCT"></g></l></v></tfr></token></tokens></sentence></paragraph><paragraph id="10742"><sentence id="33587"><source>Также Google добавил в раздел настроек поле для поиска.</source><tokens><token id="601756" text="Также"><tfr rev_id="4267710" t="Также"><v><l id="342482" t="также"><g v="PRCL"></g></l></v></tfr></token><token id="601757" text="Google"><tfr rev_id="2474639" t="Google"><v><l id="0" t="Google"><g v="LATN"></g></l></v></tfr></token><token id="601758" text="добавил"><tfr rev_id="1434505" t="добавил"><v><l id="85158" t="добавил"><g v="VERB"></g><g v="perf"></g><g v="tran"></g><g v="masc"></g><g v="sing"></g><g v="past"></g><g v="indc"></g></l></v></tfr></token><token id="601759" text="в"><tfr rev_id="1434506" t="в"><v><l id="37409" t="в"><g v="PREP"></g></l></v></tfr></token><token id="601760" text="раздел"><tfr rev_id="1716184" t="раздел"><v><l id="293547" t="раздел"><g v="NOUN"></g><g v="inan"></g><g v="masc"></g><g v="sing"></g><g v="nomn"></g></l></v><v><l id="293547" t="раздел"><g v="NOUN"></g><g v="inan"></g><g v="masc"></g><g v="sing"></g><g v="accs"></g></l></v></tfr></token><token id="601761" text="настроек"><tfr rev_id="1434508" t="настроек"><v><l id="176279" t="настройка"><g v="NOUN"></g><g v="inan"></g><g v="femn"></g><g v="plur"></g><g v="gent"></g></l></v></tfr></token><token id="601762" text="поле"><tfr rev_id="4485921" t="поле"><v><l id="255256" t="поле"><g v="NOUN"></g><g v="inan"></g><g v="neut"></g><g v="sing"></g><g v="accs"></g></l></v></tfr></token><token id="601763" text="для"><tfr rev_id="2948491" t="для"><v><l id="85032" t="для"><g v="PREP"></g></l></v></tfr></token><token id="601764" text="поиска"><tfr rev_id="1434511" t="поиска"><v><l id="253880" t="поиск"><g v="NOUN"></g><g v="inan"></g><g v="masc"></g><g v="sing"></g><g v="gent"></g></l></v></tfr></token><token id="601765" text="."><tfr rev_id="1434512" t="."><v><l id="0" t="."><g v="PNCT"></g></l></v></tfr></token></tokens></sentence><sentence id="33588"><source>С его помощью можно найти необходимый раздел меню.</source><tokens><token id="601766" text="С"><tfr rev_id="1434513" t="С"><v><l id="311151" t="с"><g v="PREP"></g></l></v></tfr></token><token id="601767" text="его"><tfr rev_id="4457033" t="его"><v><l id="94208" t="его"><g v="ADJF"></g><g v="Fixd"></g><g v="Apro"></g><g v="Anph"></g><g v="femn"></g><g v="sing"></g><g v="nomn"></g></l></v><v><l id="94208" t="его"><g v="ADJF"></g><g v="Fixd"></g><g v="Apro"></g><g v="Anph"></g><g v="femn"></g><g v="sing"></g><g v="gent"></g></l></v><v><l id="94208" t="его"><g v="ADJF"></g><g v="Fixd"></g><g v="Apro"></g><g v="Anph"></g><g v="femn"></g><g v="sing"></g><g v="datv"></g></l></v><v><l id="94208" t="его"><g v="ADJF"></g><g v="Fixd"></g><g v="Apro"></g><g v="Anph"></g><g v="femn"></g><g v="sing"></g><g v="accs"></g></l></v><v><l id="94208" t="его"><g v="ADJF"></g><g v="Fixd"></g><g v="Apro"></g><g v="Anph"></g><g v="femn"></g><g v="sing"></g><g v="ablt"></g></l></v><v><l id="94208" t="его"><g v="ADJF"></g><g v="Fixd"></g><g v="Apro"></g><g v="Anph"></g><g v="femn"></g><g v="sing"></g><g v="loct"></g></l></v></tfr></token><token id="601768" text="помощью"><tfr rev_id="1434515" t="помощью"><v><l id="257960" t="помощь"><g v="NOUN"></g><g v="inan"></g><g v="femn"></g><g v="sing"></g><g v="ablt"></g></l></v></tfr></token><token id="601769" text="можно"><tfr rev_id="1434516" t="можно"><v><l id="162467" t="можно"><g v="PRED"></g><g v="pres"></g></l></v></tfr></token><token id="601770" text="найти"><tfr rev_id="1434517" t="найти"><v><l id="170612" t="найти"><g v="INFN"></g><g v="perf"></g><g v="tran"></g></l></v></tfr></token><token id="601771" text="необходимый"><tfr rev_id="1434518" t="необходимый"><v><l id="184808" t="необходимый"><g v="ADJF"></g><g v="Qual"></g><g v="masc"></g><g v="sing"></g><g v="nomn"></g></l></v><v><l id="184808" t="необходимый"><g v="ADJF"></g><g v="Qual"></g><g v="inan"></g><g v="masc"></g><g v="sing"></g><g v="accs"></g></l></v></tfr></token><token id="601772" text="раздел"><tfr rev_id="1714257" t="раздел"><v><l id="293547" t="раздел"><g v="NOUN"></g><g v="inan"></g><g v="masc"></g><g v="sing"></g><g v="nomn"></g></l></v><v><l id="293547" t="раздел"><g v="NOUN"></g><g v="inan"></g><g v="masc"></g><g v="sing"></g><g v="accs"></g></l></v></tfr></token><token id="601773" text="меню"><tfr rev_id="4158948" t="меню"><v><l id="158440" t="меню"><g v="NOUN"></g><g v="inan"></g><g v="neut"></g><g v="Fixd"></g><g v="sing"></g><g v="gent"></g></l></v></tfr></token><token id="601774" text="."><tfr rev_id="1434521" t="."><v><l id="0" t="."><g v="PNCT"></g></l></v></tfr></token></tokens></sentence><sentence id="33589"><source>Поисковое поле располагается в левой части вкладки «Настройки».</source><tokens><token id="601775" text="Поисковое"><tfr rev_id="2700293" t="Поисковое"><v><l id="253890" t="поисковый"><g v="ADJF"></g><g v="neut"></g><g v="sing"></g><g v="nomn"></g></l></v><v><l id="253890" t="поисковый"><g v="ADJF"></g><g v="neut"></g><g v="sing"></g><g v="accs"></g></l></v></tfr></token><token id="601776" text="поле"><tfr rev_id="4472006" t="поле"><v><l id="255256" t="поле"><g v="NOUN"></g><g v="inan"></g><g v="neut"></g><g v="sing"></g><g v="nomn"></g></l></v></tfr></token><token id="601777" text="располагается"><tfr rev_id="1434524" t="располагается"><v><l id="300070" t="располагаюсь"><g v="VERB"></g><g v="impf"></g><g v="intr"></g><g v="sing"></g><g v="3per"></g><g v="pres"></g><g v="indc"></g></l></v></tfr></token><token id="601778" text="в"><tfr rev_id="1434525" t="в"><v><l id="37409" t="в"><g v="PREP"></g></l></v></tfr></token><token id="601779" text="левой"><tfr rev_id="4399477" t="левой"><v><l id="147433" t="левый"><g v="ADJF"></g><g v="Qual"></g><g v="femn"></g><g v="sing"></g><g v="loct"></g></l></v></tfr></token><token id="601780" text="части"><tfr rev_id="3541757" t="части"><v><l id="374820" t="часть"><g v="NOUN"></g><g v="inan"></g><g v="femn"></g><g v="sing"></g><g v="loct"></g></l></v></tfr></token><token id="601781" text="вкладки"><tfr rev_id="3459518" t="вкладки"><v><l id="46110" t="вкладка"><g v="NOUN"></g><g v="inan"></g><g v="femn"></g><g v="sing"></g><g v="gent"></g></l></v></tfr></token><token id="601782" text="«"><tfr rev_id="2443549" t="«"><v><l id="0" t="«"><g v="PNCT"></g></l></v></tfr></token><token id="601783" text="Настройки"><tfr rev_id="3757936" t="Настройки"><v><l id="176279" t="настройка"><g v="NOUN"></g><g v="inan"></g><g v="femn"></g><g v="plur"></g><g v="nomn"></g></l></v></tfr></token><token id="601784" text="»"><tfr rev_id="2443550" t="»"><v><l id="0" t="»"><g v="PNCT"></g></l></v></tfr></token><token id="601785" text="."><tfr rev_id="1434532" t="."><v><l id="0" t="."><g v="PNCT"></g></l></v></tfr></token></tokens></sentence><sentence id="33590"><source>Google выпускает новые версии Chrome с периодичностью в несколько недель.</source><tokens><token id="601786" text="Google"><tfr rev_id="2474640" t="Google"><v><l id="0" t="Google"><g v="LATN"></g></l></v></tfr></token><token id="601787" text="выпускает"><tfr rev_id="1434534" t="выпускает"><v><l id="60998" t="выпускаю"><g v="VERB"></g><g v="impf"></g><g v="tran"></g><g v="sing"></g><g v="3per"></g><g v="pres"></g><g v="indc"></g></l></v></tfr></token><token id="601788" text="новые"><tfr rev_id="4176099" t="новые"><v><l id="191918" t="новый"><g v="ADJF"></g><g v="Qual"></g><g v="plur"></g><g v="nomn"></g></l></v><v><l id="191918" t="новый"><g v="ADJF"></g><g v="Qual"></g><g v="inan"></g><g v="plur"></g><g v="accs"></g></l></v></tfr></token><token id="601789" text="версии"><tfr rev_id="3762320" t="версии"><v><l id="41566" t="версия"><g v="NOUN"></g><g v="inan"></g><g v="femn"></g><g v="plur"></g><g v="accs"></g></l></v></tfr></token><token id="601790" text="Chrome"><tfr rev_id="2474641" t="Chrome"><v><l id="0" t="Chrome"><g v="LATN"></g></l></v></tfr></token><token id="601791" text="с"><tfr rev_id="1434538" t="с"><v><l id="311151" t="с"><g v="PREP"></g></l></v></tfr></token><token id="601792" text="периодичностью"><tfr rev_id="1434539" t="периодичностью"><v><l id="237165" t="периодичность"><g v="NOUN"></g><g v="inan"></g><g v="femn"></g><g v="sing"></g><g v="ablt"></g></l></v></tfr></token><token id="601793" text="в"><tfr rev_id="1434540" t="в"><v><l id="37409" t="в"><g v="PREP"></g></l></v></tfr></token><token id="601794" text="несколько"><tfr rev_id="4170559" t="несколько"><v><l id="188126" t="несколько"><g v="NUMR"></g><g v="nomn"></g></l></v><v><l id="188126" t="несколько"><g v="NUMR"></g><g v="inan"></g><g v="accs"></g></l></v></tfr></token><token id="601795" text="недель"><tfr rev_id="1434542" t="недель"><v><l id="180718" t="неделя"><g v="NOUN"></g><g v="inan"></g><g v="femn"></g><g v="plur"></g><g v="gent"></g></l></v></tfr></token><token id="601796" text="."><tfr rev_id="1434543" t="."><v><l id="0" t="."><g v="PNCT"></g></l></v></tfr></token></tokens></sentence><sentence id="33591"><source>При этом компания в каждой новой версии добавляет функции, которые совершенствуют производительность или интерфейс браузера.</source><tokens><token id="601797" text="При"><tfr rev_id="2604510" t="При"><v><l id="268625" t="при"><g v="PREP"></g></l></v></tfr></token><token id="601798" text="этом"><tfr rev_id="4476370" t="этом"><v><l id="386575" t="это"><g v="NPRO"></g><g v="neut"></g><g v="sing"></g><g v="loct"></g></l></v></tfr></token><token id="601799" text="компания"><tfr rev_id="1434546" t="компания"><v><l id="137146" t="компания"><g v="NOUN"></g><g v="inan"></g><g v="femn"></g><g v="sing"></g><g v="nomn"></g></l></v></tfr></token><token id="601800" text="в"><tfr rev_id="1434547" t="в"><v><l id="37409" t="в"><g v="PREP"></g></l></v></tfr></token><token id="601801" text="каждой"><tfr rev_id="4430448" t="каждой"><v><l id="127875" t="каждый"><g v="ADJF"></g><g v="Subx"></g><g v="Apro"></g><g v="femn"></g><g v="sing"></g><g v="loct"></g></l></v></tfr></token><token id="601802" text="новой"><tfr rev_id="1434549" t="новой"><v><l id="191918" t="новый"><g v="ADJF"></g><g v="Qual"></g><g v="femn"></g><g v="sing"></g><g v="gent"></g></l></v><v><l id="191918" t="новый"><g v="ADJF"></g><g v="Qual"></g><g v="femn"></g><g v="sing"></g><g v="datv"></g></l></v><v><l id="191918" t="новый"><g v="ADJF"></g><g v="Qual"></g><g v="femn"></g><g v="sing"></g><g v="ablt"></g></l></v><v><l id="191918" t="новый"><g v="ADJF"></g><g v="Qual"></g><g v="femn"></g><g v="sing"></g><g v="loct"></g></l></v></tfr></token><token id="601803" text="версии"><tfr rev_id="3496831" t="версии"><v><l id="41566" t="версия"><g v="NOUN"></g><g v="inan"></g><g v="femn"></g><g v="sing"></g><g v="gent"></g></l></v><v><l id="41566" t="версия"><g v="NOUN"></g><g v="inan"></g><g v="femn"></g><g v="sing"></g><g v="datv"></g></l></v><v><l id="41566" t="версия"><g v="NOUN"></g><g v="inan"></g><g v="femn"></g><g v="sing"></g><g v="loct"></g></l></v></tfr></token><token id="601804" text="добавляет"><tfr rev_id="1434551" t="добавляет"><v><l id="85170" t="добавляю"><g v="VERB"></g><g v="impf"></g><g v="tran"></g><g v="sing"></g><g v="3per"></g><g v="pres"></g><g v="indc"></g></l></v></tfr></token><token id="601805" text="функции"><tfr rev_id="3801922" t="функции"><v><l id="368676" t="функция"><g v="NOUN"></g><g v="inan"></g><g v="femn"></g><g v="plur"></g><g v="accs"></g></l></v></tfr></token><token id="601806" text=","><tfr rev_id="1434553" t=","><v><l id="0" t=","><g v="PNCT"></g></l></v></tfr></token><token id="601807" text="которые"><tfr rev_id="4083727" t="которые"><v><l id="141203" t="который"><g v="ADJF"></g><g v="Apro"></g><g v="Subx"></g><g v="Anph"></g><g v="plur"></g><g v="nomn"></g></l></v></tfr></token><token id="601808" text="совершенствуют"><tfr rev_id="1434555" t="совершенствуют"><v><l id="327909" t="совершенствую"><g v="VERB"></g><g v="impf"></g><g v="tran"></g><g v="plur"></g><g v="3per"></g><g v="pres"></g><g v="indc"></g></l></v></tfr></token><token id="601809" text="производительность"><tfr rev_id="1434556" t="производительность"><v><l id="280099" t="производительность"><g v="NOUN"></g><g v="inan"></g><g v="femn"></g><g v="sing"></g><g v="nomn"></g></l></v><v><l id="280099" t="производительность"><g v="NOUN"></g><g v="inan"></g><g v="femn"></g><g v="sing"></g><g v="accs"></g></l></v></tfr></token><token id="601810" text="или"><tfr rev_id="3787185" t="или"><v><l id="121146" t="или"><g v="CONJ"></g></l></v></tfr></token><token id="601811" text="интерфейс"><tfr rev_id="1434558" t="интерфейс"><v><l id="123340" t="интерфейс"><g v="NOUN"></g><g v="inan"></g><g v="masc"></g><g v="sing"></g><g v="nomn"></g></l></v><v><l id="123340" t="интерфейс"><g v="NOUN"></g><g v="inan"></g><g v="masc"></g><g v="sing"></g><g v="accs"></g></l></v></tfr></token><token id="601812" text="браузера"><tfr rev_id="1434559" t="браузера"><v><l id="33662" t="браузер"><g v="NOUN"></g><g v="inan"></g><g v="masc"></g><g v="sing"></g><g v="gent"></g></l></v></tfr></token><token id="601813" text="."><tfr rev_id="1434560" t="."><v><l id="0" t="."><g v="PNCT"></g></l></v></tfr></token></tokens></sentence></paragraph><paragraph id="10743"><sentence id="33592"><source>Chrome является третьим по популярности браузером в мире.</source><tokens><token id="601814" text="Chrome"><tfr rev_id="2474642" t="Chrome"><v><l id="0" t="Chrome"><g v="LATN"></g></l></v></tfr></token><token id="601815" text="является"><tfr rev_id="1434562" t="является"><v><l id="387385" t="являюсь"><g v="VERB"></g><g v="impf"></g><g v="intr"></g><g v="sing"></g><g v="3per"></g><g v="pres"></g><g v="indc"></g></l></v></tfr></token><token id="601816" text="третьим"><tfr rev_id="4311100" t="третьим"><v><l id="349855" t="третий"><g v="ADJF"></g><g v="Anum"></g><g v="masc"></g><g v="sing"></g><g v="ablt"></g></l></v></tfr></token><token id="601817" text="по"><tfr rev_id="1434564" t="по"><v><l id="241240" t="по"><g v="PREP"></g></l></v></tfr></token><token id="601818" text="популярности"><tfr rev_id="3496954" t="популярности"><v><l id="259761" t="популярность"><g v="NOUN"></g><g v="inan"></g><g v="femn"></g><g v="sing"></g><g v="gent"></g></l></v><v><l id="259761" t="популярность"><g v="NOUN"></g><g v="inan"></g><g v="femn"></g><g v="sing"></g><g v="datv"></g></l></v><v><l id="259761" t="популярность"><g v="NOUN"></g><g v="inan"></g><g v="femn"></g><g v="sing"></g><g v="loct"></g></l></v></tfr></token><token id="601819" text="браузером"><tfr rev_id="1434566" t="браузером"><v><l id="33662" t="браузер"><g v="NOUN"></g><g v="inan"></g><g v="masc"></g><g v="sing"></g><g v="ablt"></g></l></v></tfr></token><token id="601820" text="в"><tfr rev_id="1434567" t="в"><v><l id="37409" t="в"><g v="PREP"></g></l></v></tfr></token><token id="601821" text="мире"><tfr rev_id="3703914" t="мире"><v><l id="160807" t="мир"><g v="NOUN"></g><g v="inan"></g><g v="masc"></g><g v="sing"></g><g v="loc1"></g></l></v></tfr></token><token id="601822" text="."><tfr rev_id="1434569" t="."><v><l id="0" t="."><g v="PNCT"></g></l></v></tfr></token></tokens></sentence><sentence id="33593"><source>Согласно данным StatCounter, его доля в феврале 2011 года составила 16,5%, уступая показателям Internet Explorer и Mozilla Firefox.</source><tokens><token id="601823" text="Согласно"><tfr rev_id="4404972" t="Согласно"><v><l id="328255" t="согласно"><g v="PREP"></g></l></v></tfr></token><token id="601824" text="данным"><tfr rev_id="4535772" t="данным"><v><l id="78302" t="данные"><g v="NOUN"></g><g v="inan"></g><g v="GNdr"></g><g v="Pltm"></g><g v="plur"></g><g v="datv"></g></l></v></tfr></token><token id="601825" text="StatCounter"><tfr rev_id="2474643" t="StatCounter"><v><l id="0" t="StatCounter"><g v="LATN"></g></l></v></tfr></token><token id="601826" text=","><tfr rev_id="1434573" t=","><v><l id="0" t=","><g v="PNCT"></g></l></v></tfr></token><token id="601827" text="его"><tfr rev_id="4454852" t="его"><v><l id="94208" t="его"><g v="ADJF"></g><g v="Fixd"></g><g v="Apro"></g><g v="Anph"></g><g v="femn"></g><g v="sing"></g><g v="nomn"></g></l></v><v><l id="94208" t="его"><g v="ADJF"></g><g v="Fixd"></g><g v="Apro"></g><g v="Anph"></g><g v="femn"></g><g v="sing"></g><g v="gent"></g></l></v><v><l id="94208" t="его"><g v="ADJF"></g><g v="Fixd"></g><g v="Apro"></g><g v="Anph"></g><g v="femn"></g><g v="sing"></g><g v="datv"></g></l></v><v><l id="94208" t="его"><g v="ADJF"></g><g v="Fixd"></g><g v="Apro"></g><g v="Anph"></g><g v="femn"></g><g v="sing"></g><g v="accs"></g></l></v><v><l id="94208" t="его"><g v="ADJF"></g><g v="Fixd"></g><g v="Apro"></g><g v="Anph"></g><g v="femn"></g><g v="sing"></g><g v="ablt"></g></l></v><v><l id="94208" t="его"><g v="ADJF"></g><g v="Fixd"></g><g v="Apro"></g><g v="Anph"></g><g v="femn"></g><g v="sing"></g><g v="loct"></g></l></v></tfr></token><token id="601828" text="доля"><tfr rev_id="1434575" t="доля"><v><l id="88151" t="доля"><g v="NOUN"></g><g v="inan"></g><g v="femn"></g><g v="sing"></g><g v="nomn"></g></l></v></tfr></token><token id="601829" text="в"><tfr rev_id="1434576" t="в"><v><l id="37409" t="в"><g v="PREP"></g></l></v></tfr></token><token id="601830" text="феврале"><tfr rev_id="1434577" t="феврале"><v><l id="364920" t="февраль"><g v="NOUN"></g><g v="inan"></g><g v="masc"></g><g v="sing"></g><g v="loct"></g></l></v></tfr></token><token id="601831" text="2011"><tfr rev_id="2461656" t="2011"><v><l id="0" t="2011"><g v="NUMB"></g></l></v></tfr></token><token id="601832" text="года"><tfr rev_id="3482712" t="года"><v><l id="72149" t="год"><g v="NOUN"></g><g v="inan"></g><g v="masc"></g><g v="sing"></g><g v="gen1"></g></l></v></tfr></token><token id="601833" text="составила"><tfr rev_id="1434580" t="составила"><v><l id="330483" t="составил"><g v="VERB"></g><g v="perf"></g><g v="tran"></g><g v="femn"></g><g v="sing"></g><g v="past"></g><g v="indc"></g></l></v></tfr></token><token id="601834" text="16,5"><tfr rev_id="2461657" t="16,5"><v><l id="0" t="16,5"><g v="NUMB"></g></l></v></tfr></token><token id="601835" text="%"><tfr rev_id="2443551" t="%"><v><l id="0" t="%"><g v="PNCT"></g></l></v></tfr></token><token id="601836" text=","><tfr rev_id="1434583" t=","><v><l id="0" t=","><g v="PNCT"></g></l></v></tfr></token><token id="601837" text="уступая"><tfr rev_id="1434584" t="уступая"><v><l id="361281" t="уступая"><g v="GRND"></g><g v="impf"></g><g v="tran"></g><g v="pres"></g></l></v></tfr></token><token id="601838" text="показателям"><tfr rev_id="1434585" t="показателям"><v><l id="253977" t="показатель"><g v="NOUN"></g><g v="inan"></g><g v="masc"></g><g v="plur"></g><g v="datv"></g></l></v></tfr></token><token id="601839" text="Internet"><tfr rev_id="2474644" t="Internet"><v><l id="0" t="Internet"><g v="LATN"></g></l></v></tfr></token><token id="601840" text="Explorer"><tfr rev_id="2474645" t="Explorer"><v><l id="0" t="Explorer"><g v="LATN"></g></l></v></tfr></token><token id="601841" text="и"><tfr rev_id="4092900" t="и"><v><l id="116949" t="и"><g v="CONJ"></g></l></v></tfr></token><token id="601842" text="Mozilla"><tfr rev_id="2474646" t="Mozilla"><v><l id="0" t="Mozilla"><g v="LATN"></g></l></v></tfr></token><token id="601843" text="Firefox"><tfr rev_id="2474647" t="Firefox"><v><l id="0" t="Firefox"><g v="LATN"></g></l></v></tfr></token><token id="601844" text="."><tfr rev_id="1434591" t="."><v><l id="0" t="."><g v="PNCT"></g></l></v></tfr></token></tokens></sentence><sentence id="33594"><source>Для сравнения: в феврале 2010 года она равнялась 6,7%.</source><tokens><token id="601845" text="Для"><tfr rev_id="2601868" t="Для"><v><l id="85032" t="для"><g v="PREP"></g></l></v></tfr></token><token id="601846" text="сравнения"><tfr rev_id="3497136" t="сравнения"><v><l id="333307" t="сравнение"><g v="NOUN"></g><g v="inan"></g><g v="neut"></g><g v="sing"></g><g v="gent"></g></l></v></tfr></token><token id="601847" text=":"><tfr rev_id="1434594" t=":"><v><l id="0" t=":"><g v="PNCT"></g></l></v></tfr></token><token id="601848" text="в"><tfr rev_id="1434595" t="в"><v><l id="37409" t="в"><g v="PREP"></g></l></v></tfr></token><token id="601849" text="феврале"><tfr rev_id="1434596" t="феврале"><v><l id="364920" t="февраль"><g v="NOUN"></g><g v="inan"></g><g v="masc"></g><g v="sing"></g><g v="loct"></g></l></v></tfr></token><token id="601850" text="2010"><tfr rev_id="2461658" t="2010"><v><l id="0" t="2010"><g v="NUMB"></g></l></v></tfr></token><token id="601851" text="года"><tfr rev_id="3476303" t="года"><v><l id="72149" t="год"><g v="NOUN"></g><g v="inan"></g><g v="masc"></g><g v="sing"></g><g v="gen1"></g></l></v></tfr></token><token id="601852" text="она"><tfr rev_id="3586455" t="она"><v><l id="206544" t="она"><g v="NPRO"></g><g v="femn"></g><g v="3per"></g><g v="Anph"></g><g v="sing"></g><g v="nomn"></g></l></v></tfr></token><token id="601853" text="равнялась"><tfr rev_id="1434600" t="равнялась"><v><l id="290764" t="равняюсь"><g v="VERB"></g><g v="impf"></g><g v="intr"></g><g v="femn"></g><g v="sing"></g><g v="past"></g><g v="indc"></g></l></v></tfr></token><token id="601854" text="6,7"><tfr rev_id="2461659" t="6,7"><v><l id="0" t="6,7"><g v="NUMB"></g></l></v></tfr></token><token id="601855" text="%"><tfr rev_id="2443552" t="%"><v><l id="0" t="%"><g v="PNCT"></g></l></v></tfr></token><token id="601856" text="."><tfr rev_id="1434603" t="."><v><l id="0" t="."><g v="PNCT"></g></l></v></tfr></token></tokens></sentence><sentence id="33595"><source>В России Chrome занимает четвертое место по популярности с долей 13,2%.</source><tokens><token id="601857" text="В"><tfr rev_id="1434604" t="В"><v><l id="37409" t="в"><g v="PREP"></g></l></v></tfr></token><token id="601858" text="России"><tfr rev_id="3454787" t="России"><v><l id="309322" t="россия"><g v="NOUN"></g><g v="inan"></g><g v="femn"></g><g v="Sgtm"></g><g v="Geox"></g><g v="sing"></g><g v="loct"></g></l></v></tfr></token><token id="601859" text="Chrome"><tfr rev_id="2474648" t="Chrome"><v><l id="0" t="Chrome"><g v="LATN"></g></l></v></tfr></token><token id="601860" text="занимает"><tfr rev_id="1434607" t="занимает"><v><l id="106412" t="занимаю"><g v="VERB"></g><g v="impf"></g><g v="tran"></g><g v="sing"></g><g v="3per"></g><g v="pres"></g><g v="indc"></g></l></v></tfr></token><token id="601861" text="четвертое"><tfr rev_id="1434608" t="четвертое"><v><l id="376074" t="четвёртый"><g v="ADJF"></g><g v="Anum"></g><g v="neut"></g><g v="sing"></g><g v="nomn"></g></l></v><v><l id="376074" t="четвёртый"><g v="ADJF"></g><g v="Anum"></g><g v="neut"></g><g v="sing"></g><g v="accs"></g></l></v></tfr></token><token id="601862" text="место"><tfr rev_id="4101119" t="место"><v><l id="158822" t="место"><g v="NOUN"></g><g v="inan"></g><g v="neut"></g><g v="sing"></g><g v="accs"></g></l></v></tfr></token><token id="601863" text="по"><tfr rev_id="1434610" t="по"><v><l id="241240" t="по"><g v="PREP"></g></l></v></tfr></token><token id="601864" text="популярности"><tfr rev_id="4180155" t="популярности"><v><l id="259761" t="популярность"><g v="NOUN"></g><g v="inan"></g><g v="femn"></g><g v="sing"></g><g v="datv"></g></l></v></tfr></token><token id="601865" text="с"><tfr rev_id="1434612" t="с"><v><l id="311151" t="с"><g v="PREP"></g></l></v></tfr></token><token id="601866" text="долей"><tfr rev_id="2371501" t="долей"><v><l id="88151" t="доля"><g v="NOUN"></g><g v="inan"></g><g v="femn"></g><g v="sing"></g><g v="ablt"></g></l></v></tfr></token><token id="601867" text="13,2"><tfr rev_id="2461660" t="13,2"><v><l id="0" t="13,2"><g v="NUMB"></g></l></v></tfr></token><token id="601868" text="%"><tfr rev_id="2443553" t="%"><v><l id="0" t="%"><g v="PNCT"></g></l></v></tfr></token><token id="601869" text="."><tfr rev_id="1434616" t="."><v><l id="0" t="."><g v="PNCT"></g></l></v></tfr></token></tokens></sentence></paragraph><paragraph id="10744"><sentence id="33596"><source>О войне браузеров читайте в статье Частного корреспондента «Первый взгляд на Chrome OS»</source><tokens><token id="601870" text="О"><tfr rev_id="3325911" t="О"><v><l id="192977" t="о"><g v="PREP"></g></l></v></tfr></token><token id="601871" text="войне"><tfr rev_id="3447226" t="войне"><v><l id="49721" t="война"><g v="NOUN"></g><g v="inan"></g><g v="femn"></g><g v="sing"></g><g v="loct"></g></l></v></tfr></token><token id="601872" text="браузеров"><tfr rev_id="1434619" t="браузеров"><v><l id="33662" t="браузер"><g v="NOUN"></g><g v="inan"></g><g v="masc"></g><g v="plur"></g><g v="gent"></g></l></v></tfr></token><token id="601873" text="читайте"><tfr rev_id="1434620" t="читайте"><v><l id="376719" t="читаю"><g v="VERB"></g><g v="impf"></g><g v="tran"></g><g v="plur"></g><g v="impr"></g><g v="excl"></g></l></v></tfr></token><token id="601874" text="в"><tfr rev_id="1434621" t="в"><v><l id="37409" t="в"><g v="PREP"></g></l></v></tfr></token><token id="601875" text="статье"><tfr rev_id="3309765" t="статье"><v><l id="335173" t="статья"><g v="NOUN"></g><g v="inan"></g><g v="femn"></g><g v="sing"></g><g v="loct"></g></l></v></tfr></token><token id="601876" text="Частного"><tfr rev_id="4371585" t="Частного"><v><l id="374795" t="частный"><g v="ADJF"></g><g v="Qual"></g><g v="masc"></g><g v="sing"></g><g v="gent"></g></l></v><v><l id="374795" t="частный"><g v="ADJF"></g><g v="Qual"></g><g v="anim"></g><g v="masc"></g><g v="sing"></g><g v="accs"></g></l></v></tfr></token><token id="601877" text="корреспондента"><tfr rev_id="4389752" t="корреспондента"><v><l id="140239" t="корреспондент"><g v="NOUN"></g><g v="anim"></g><g v="masc"></g><g v="sing"></g><g v="gent"></g></l></v></tfr></token><token id="601878" text="«"><tfr rev_id="2443554" t="«"><v><l id="0" t="«"><g v="PNCT"></g></l></v></tfr></token><token id="601879" text="Первый"><tfr rev_id="1434626" t="Первый"><v><l id="226359" t="первый"><g v="ADJF"></g><g v="Anum"></g><g v="masc"></g><g v="sing"></g><g v="nomn"></g></l></v><v><l id="226359" t="первый"><g v="ADJF"></g><g v="Anum"></g><g v="inan"></g><g v="masc"></g><g v="sing"></g><g v="accs"></g></l></v></tfr></token><token id="601880" text="взгляд"><tfr rev_id="3430682" t="взгляд"><v><l id="43326" t="взгляд"><g v="NOUN"></g><g v="inan"></g><g v="masc"></g><g v="sing"></g><g v="nomn"></g></l></v></tfr></token><token id="601881" text="на"><tfr rev_id="3330569" t="на"><v><l id="166264" t="на"><g v="PREP"></g></l></v></tfr></token><token id="601882" text="Chrome"><tfr rev_id="2474649" t="Chrome"><v><l id="0" t="Chrome"><g v="LATN"></g></l></v></tfr></token><token id="601883" text="OS"><tfr rev_id="2474650" t="OS"><v><l id="0" t="OS"><g v="LATN"></g></l></v></tfr></token><token id="601884" text="»"><tfr rev_id="2443555" t="»"><v><l id="0" t="»"><g v="PNCT"></g></l></v></tfr></token></tokens></sentence></paragraph></paragraphs></text>