<?xml version="1.0" encoding="utf-8"?><text id="1132" parent="226" name="22428 Безвольное смирение или путь к гармонии?"><tags><tag>url:http://www.chaskor.ru/news/bezvolnoe_smirenie_ili_put_k_garmonii_22428</tag><tag>Год:2011</tag><tag>Тема:ЧасКор:Здоровье</tag><tag>Тема:ЧасКор:Здоровье/Новости</tag><tag>Дата:01/03</tag></tags><paragraphs><paragraph id="10799"><sentence id="33763"><source>Безвольное смирение или путь к гармонии?</source><tokens><token id="604935" text="Безвольное"><tfr rev_id="1437360" t="Безвольное"><v><l id="25669" t="безвольный"><g v="ADJF"></g><g v="Qual"></g><g v="neut"></g><g v="sing"></g><g v="nomn"></g></l></v><v><l id="25669" t="безвольный"><g v="ADJF"></g><g v="Qual"></g><g v="neut"></g><g v="sing"></g><g v="accs"></g></l></v></tfr></token><token id="604936" text="смирение"><tfr rev_id="1437361" t="смирение"><v><l id="326392" t="смирение"><g v="NOUN"></g><g v="inan"></g><g v="neut"></g><g v="sing"></g><g v="nomn"></g></l></v><v><l id="326392" t="смирение"><g v="NOUN"></g><g v="inan"></g><g v="neut"></g><g v="sing"></g><g v="accs"></g></l></v></tfr></token><token id="604937" text="или"><tfr rev_id="3787187" t="или"><v><l id="121146" t="или"><g v="CONJ"></g></l></v></tfr></token><token id="604938" text="путь"><tfr rev_id="1437363" t="путь"><v><l id="289625" t="путь"><g v="NOUN"></g><g v="inan"></g><g v="masc"></g><g v="sing"></g><g v="nomn"></g></l></v><v><l id="289625" t="путь"><g v="NOUN"></g><g v="inan"></g><g v="masc"></g><g v="sing"></g><g v="accs"></g></l></v></tfr></token><token id="604939" text="к"><tfr rev_id="1437364" t="к"><v><l id="127460" t="к"><g v="PREP"></g></l></v></tfr></token><token id="604940" text="гармонии"><tfr rev_id="4101798" t="гармонии"><v><l id="67460" t="гармония"><g v="NOUN"></g><g v="inan"></g><g v="femn"></g><g v="sing"></g><g v="datv"></g></l></v></tfr></token><token id="604941" text="?"><tfr rev_id="1437366" t="?"><v><l id="0" t="?"><g v="PNCT"></g></l></v></tfr></token></tokens></sentence></paragraph><paragraph id="10800"><sentence id="33764"><source>Тензин Приядарши прочтёт в Москве лекцию по буддийской философии.</source><tokens><token id="604942" text="Тензин"><tfr rev_id="1437367" t="Тензин"><v><l id="0" t="тензин"><g v="UNKN"></g></l></v></tfr></token><token id="604943" text="Приядарши"><tfr rev_id="1437368" t="Приядарши"><v><l id="0" t="приядарши"><g v="UNKN"></g></l></v></tfr></token><token id="604944" text="прочтёт"><tfr rev_id="1437369" t="прочтёт"><v><l id="287469" t="прочёл"><g v="VERB"></g><g v="perf"></g><g v="tran"></g><g v="sing"></g><g v="3per"></g><g v="futr"></g><g v="indc"></g></l></v></tfr></token><token id="604945" text="в"><tfr rev_id="1437370" t="в"><v><l id="37409" t="в"><g v="PREP"></g></l></v></tfr></token><token id="604946" text="Москве"><tfr rev_id="3557813" t="Москве"><v><l id="163901" t="москва"><g v="NOUN"></g><g v="inan"></g><g v="femn"></g><g v="Sgtm"></g><g v="Geox"></g><g v="sing"></g><g v="loct"></g></l></v></tfr></token><token id="604947" text="лекцию"><tfr rev_id="1437372" t="лекцию"><v><l id="147944" t="лекция"><g v="NOUN"></g><g v="inan"></g><g v="femn"></g><g v="sing"></g><g v="accs"></g></l></v></tfr></token><token id="604948" text="по"><tfr rev_id="1437373" t="по"><v><l id="241240" t="по"><g v="PREP"></g></l></v></tfr></token><token id="604949" text="буддийской"><tfr rev_id="4378593" t="буддийской"><v><l id="35033" t="буддийский"><g v="ADJF"></g><g v="femn"></g><g v="sing"></g><g v="datv"></g></l></v></tfr></token><token id="604950" text="философии"><tfr rev_id="3488675" t="философии"><v><l id="365981" t="философия"><g v="NOUN"></g><g v="inan"></g><g v="femn"></g><g v="sing"></g><g v="gent"></g></l></v><v><l id="365981" t="философия"><g v="NOUN"></g><g v="inan"></g><g v="femn"></g><g v="sing"></g><g v="datv"></g></l></v><v><l id="365981" t="философия"><g v="NOUN"></g><g v="inan"></g><g v="femn"></g><g v="sing"></g><g v="loct"></g></l></v></tfr></token><token id="604951" text="."><tfr rev_id="1437376" t="."><v><l id="0" t="."><g v="PNCT"></g></l></v></tfr></token></tokens></sentence></paragraph><paragraph id="10801"><sentence id="33765"><source>Молодёжное правозащитное движение и фонд «Сохраним Тибет» при поддержке Центра тибетской культуры и информации и Музея и общественного центра им. Андрея Сахарова проводит лекцию</source><tokens><token id="604952" text="Молодёжное"><tfr rev_id="3282765" t="Молодёжное"><v><l id="162801" t="молодёжный"><g v="ADJF"></g><g v="Qual"></g><g v="neut"></g><g v="sing"></g><g v="nomn"></g></l></v></tfr></token><token id="604953" text="правозащитное"><tfr rev_id="4408767" t="правозащитное"><v><l id="265708" t="правозащитный"><g v="ADJF"></g><g v="neut"></g><g v="sing"></g><g v="nomn"></g></l></v></tfr></token><token id="604954" text="движение"><tfr rev_id="4363970" t="движение"><v><l id="78833" t="движение"><g v="NOUN"></g><g v="inan"></g><g v="neut"></g><g v="sing"></g><g v="nomn"></g></l></v></tfr></token><token id="604955" text="и"><tfr rev_id="1437380" t="и"><v><l id="116949" t="и"><g v="CONJ"></g></l></v><v><l id="116950" t="и"><g v="INTJ"></g></l></v></tfr></token><token id="604956" text="фонд"><tfr rev_id="3230320" t="фонд"><v><l id="366948" t="фонд"><g v="NOUN"></g><g v="inan"></g><g v="masc"></g><g v="sing"></g><g v="nomn"></g></l></v></tfr></token><token id="604957" text="«"><tfr rev_id="2443670" t="«"><v><l id="0" t="«"><g v="PNCT"></g></l></v></tfr></token><token id="604958" text="Сохраним"><tfr rev_id="1437383" t="Сохраним"><v><l id="330988" t="сохранил"><g v="VERB"></g><g v="perf"></g><g v="tran"></g><g v="plur"></g><g v="1per"></g><g v="futr"></g><g v="indc"></g></l></v><v><l id="330988" t="сохранил"><g v="VERB"></g><g v="perf"></g><g v="tran"></g><g v="sing"></g><g v="impr"></g><g v="incl"></g></l></v></tfr></token><token id="604959" text="Тибет"><tfr rev_id="4507048" t="Тибет"><v><l id="346049" t="тибет"><g v="NOUN"></g><g v="inan"></g><g v="masc"></g><g v="Geox"></g><g v="sing"></g><g v="nomn"></g></l></v><v><l id="346049" t="тибет"><g v="NOUN"></g><g v="inan"></g><g v="masc"></g><g v="Geox"></g><g v="sing"></g><g v="accs"></g></l></v></tfr></token><token id="604960" text="»"><tfr rev_id="2443671" t="»"><v><l id="0" t="»"><g v="PNCT"></g></l></v></tfr></token><token id="604961" text="при"><tfr rev_id="2605186" t="при"><v><l id="268625" t="при"><g v="PREP"></g></l></v></tfr></token><token id="604962" text="поддержке"><tfr rev_id="3534851" t="поддержке"><v><l id="245415" t="поддержка"><g v="NOUN"></g><g v="inan"></g><g v="femn"></g><g v="sing"></g><g v="loct"></g></l></v></tfr></token><token id="604963" text="Центра"><tfr rev_id="1437388" t="Центра"><v><l id="373369" t="центр"><g v="NOUN"></g><g v="inan"></g><g v="masc"></g><g v="sing"></g><g v="gent"></g></l></v></tfr></token><token id="604964" text="тибетской"><tfr rev_id="4170182" t="тибетской"><v><l id="346054" t="тибетский"><g v="ADJF"></g><g v="femn"></g><g v="sing"></g><g v="gent"></g></l></v></tfr></token><token id="604965" text="культуры"><tfr rev_id="3461444" t="культуры"><v><l id="144838" t="культура"><g v="NOUN"></g><g v="inan"></g><g v="femn"></g><g v="sing"></g><g v="gent"></g></l></v></tfr></token><token id="604966" text="и"><tfr rev_id="1437391" t="и"><v><l id="116949" t="и"><g v="CONJ"></g></l></v><v><l id="116950" t="и"><g v="INTJ"></g></l></v></tfr></token><token id="604967" text="информации"><tfr rev_id="3488212" t="информации"><v><l id="123576" t="информация"><g v="NOUN"></g><g v="inan"></g><g v="femn"></g><g v="sing"></g><g v="gent"></g></l></v><v><l id="123576" t="информация"><g v="NOUN"></g><g v="inan"></g><g v="femn"></g><g v="sing"></g><g v="datv"></g></l></v><v><l id="123576" t="информация"><g v="NOUN"></g><g v="inan"></g><g v="femn"></g><g v="sing"></g><g v="loct"></g></l></v></tfr></token><token id="604968" text="и"><tfr rev_id="1437393" t="и"><v><l id="116949" t="и"><g v="CONJ"></g></l></v><v><l id="116950" t="и"><g v="INTJ"></g></l></v></tfr></token><token id="604969" text="Музея"><tfr rev_id="1437394" t="Музея"><v><l id="164788" t="музей"><g v="NOUN"></g><g v="inan"></g><g v="masc"></g><g v="sing"></g><g v="gent"></g></l></v></tfr></token><token id="604970" text="и"><tfr rev_id="1437395" t="и"><v><l id="116949" t="и"><g v="CONJ"></g></l></v><v><l id="116950" t="и"><g v="INTJ"></g></l></v></tfr></token><token id="604971" text="общественного"><tfr rev_id="3454017" t="общественного"><v><l id="201612" t="общественный"><g v="ADJF"></g><g v="masc"></g><g v="sing"></g><g v="gent"></g></l></v><v><l id="201612" t="общественный"><g v="ADJF"></g><g v="anim"></g><g v="masc"></g><g v="sing"></g><g v="accs"></g></l></v></tfr></token><token id="604972" text="центра"><tfr rev_id="1437397" t="центра"><v><l id="373369" t="центр"><g v="NOUN"></g><g v="inan"></g><g v="masc"></g><g v="sing"></g><g v="gent"></g></l></v></tfr></token><token id="604973" text="им"><tfr rev_id="3726318" t="им"><v><l id="121947" t="имя"><g v="NOUN"></g><g v="inan"></g><g v="neut"></g><g v="sing"></g><g v="gent"></g><g v="Abbr"></g></l></v></tfr></token><token id="604974" text="."><tfr rev_id="1437399" t="."><v><l id="0" t="."><g v="PNCT"></g></l></v></tfr></token><token id="604975" text="Андрея"><tfr rev_id="4397280" t="Андрея"><v><l id="12977" t="андрей"><g v="NOUN"></g><g v="anim"></g><g v="masc"></g><g v="Name"></g><g v="sing"></g><g v="gent"></g></l></v></tfr></token><token id="604976" text="Сахарова"><tfr rev_id="4468102" t="Сахарова"><v><l id="314007" t="сахаров"><g v="NOUN"></g><g v="anim"></g><g v="masc"></g><g v="Sgtm"></g><g v="Surn"></g><g v="sing"></g><g v="gent"></g></l></v></tfr></token><token id="604977" text="проводит"><tfr rev_id="2703830" t="проводит"><v><l id="278002" t="провожу"><g v="VERB"></g><g v="impf"></g><g v="tran"></g><g v="sing"></g><g v="3per"></g><g v="pres"></g><g v="indc"></g></l></v></tfr></token><token id="604978" text="лекцию"><tfr rev_id="1437403" t="лекцию"><v><l id="147944" t="лекция"><g v="NOUN"></g><g v="inan"></g><g v="femn"></g><g v="sing"></g><g v="accs"></g></l></v></tfr></token></tokens></sentence><sentence id="33766"><source>«Философия ненасилия Далай-ламы XIV: безвольное смирение или путь к гармонии?».</source><tokens><token id="604979" text="«"><tfr rev_id="2443672" t="«"><v><l id="0" t="«"><g v="PNCT"></g></l></v></tfr></token><token id="604980" text="Философия"><tfr rev_id="1437405" t="Философия"><v><l id="365981" t="философия"><g v="NOUN"></g><g v="inan"></g><g v="femn"></g><g v="sing"></g><g v="nomn"></g></l></v></tfr></token><token id="604981" text="ненасилия"><tfr rev_id="1437406" t="ненасилия"><v><l id="184477" t="ненасилие"><g v="NOUN"></g><g v="inan"></g><g v="neut"></g><g v="Sgtm"></g><g v="sing"></g><g v="gent"></g></l></v></tfr></token><token id="604982" text="Далай-ламы"><tfr rev_id="4098411" t="Далай-ламы"><v><l id="77930" t="далай-лама"><g v="NOUN"></g><g v="anim"></g><g v="masc"></g><g v="sing"></g><g v="gent"></g></l></v></tfr></token><token id="604983" text="XIV"><tfr rev_id="2627205" t="XIV"><v><l id="0" t="XIV"><g v="ROMN"></g></l></v></tfr></token><token id="604984" text=":"><tfr rev_id="1437409" t=":"><v><l id="0" t=":"><g v="PNCT"></g></l></v></tfr></token><token id="604985" text="безвольное"><tfr rev_id="1437410" t="безвольное"><v><l id="25669" t="безвольный"><g v="ADJF"></g><g v="Qual"></g><g v="neut"></g><g v="sing"></g><g v="nomn"></g></l></v><v><l id="25669" t="безвольный"><g v="ADJF"></g><g v="Qual"></g><g v="neut"></g><g v="sing"></g><g v="accs"></g></l></v></tfr></token><token id="604986" text="смирение"><tfr rev_id="3465386" t="смирение"><v><l id="326392" t="смирение"><g v="NOUN"></g><g v="inan"></g><g v="neut"></g><g v="sing"></g><g v="nomn"></g></l></v></tfr></token><token id="604987" text="или"><tfr rev_id="3787188" t="или"><v><l id="121146" t="или"><g v="CONJ"></g></l></v></tfr></token><token id="604988" text="путь"><tfr rev_id="2782402" t="путь"><v><l id="289625" t="путь"><g v="NOUN"></g><g v="inan"></g><g v="masc"></g><g v="sing"></g><g v="nomn"></g></l></v></tfr></token><token id="604989" text="к"><tfr rev_id="1437414" t="к"><v><l id="127460" t="к"><g v="PREP"></g></l></v></tfr></token><token id="604990" text="гармонии"><tfr rev_id="3489248" t="гармонии"><v><l id="67460" t="гармония"><g v="NOUN"></g><g v="inan"></g><g v="femn"></g><g v="sing"></g><g v="gent"></g></l></v><v><l id="67460" t="гармония"><g v="NOUN"></g><g v="inan"></g><g v="femn"></g><g v="sing"></g><g v="datv"></g></l></v><v><l id="67460" t="гармония"><g v="NOUN"></g><g v="inan"></g><g v="femn"></g><g v="sing"></g><g v="loct"></g></l></v></tfr></token><token id="604991" text="?"><tfr rev_id="1437416" t="?"><v><l id="0" t="?"><g v="PNCT"></g></l></v></tfr></token><token id="604992" text="»"><tfr rev_id="2443673" t="»"><v><l id="0" t="»"><g v="PNCT"></g></l></v></tfr></token><token id="604993" text="."><tfr rev_id="1437418" t="."><v><l id="0" t="."><g v="PNCT"></g></l></v></tfr></token></tokens></sentence><sentence id="33767"><source>Она состоится 4 марта 2011 года в 19:00.</source><tokens><token id="604994" text="Она"><tfr rev_id="3586457" t="Она"><v><l id="206544" t="она"><g v="NPRO"></g><g v="femn"></g><g v="3per"></g><g v="Anph"></g><g v="sing"></g><g v="nomn"></g></l></v></tfr></token><token id="604995" text="состоится"><tfr rev_id="1437420" t="состоится"><v><l id="330568" t="состоялся"><g v="VERB"></g><g v="perf"></g><g v="intr"></g><g v="sing"></g><g v="3per"></g><g v="futr"></g><g v="indc"></g></l></v></tfr></token><token id="604996" text="4"><tfr rev_id="2461715" t="4"><v><l id="0" t="4"><g v="NUMB"></g></l></v></tfr></token><token id="604997" text="марта"><tfr rev_id="3523866" t="марта"><v><l id="155465" t="март"><g v="NOUN"></g><g v="inan"></g><g v="masc"></g><g v="sing"></g><g v="gent"></g></l></v></tfr></token><token id="604998" text="2011"><tfr rev_id="2461716" t="2011"><v><l id="0" t="2011"><g v="NUMB"></g></l></v></tfr></token><token id="604999" text="года"><tfr rev_id="3476093" t="года"><v><l id="72149" t="год"><g v="NOUN"></g><g v="inan"></g><g v="masc"></g><g v="sing"></g><g v="gen1"></g></l></v></tfr></token><token id="605000" text="в"><tfr rev_id="1437425" t="в"><v><l id="37409" t="в"><g v="PREP"></g></l></v></tfr></token><token id="605001" text="19:00"><tfr rev_id="4567445" t="19:00"><v><l id="0" t="19:00"><g v="TIME"></g></l></v></tfr></token><token id="605004" text="."><tfr rev_id="1437427" t="."><v><l id="0" t="."><g v="PNCT"></g></l></v></tfr></token></tokens></sentence></paragraph><paragraph id="10802"><sentence id="33768"><source>Лекцию читает досточтимый Тензин Приядарши — директор-учредитель действующего под эгидой далай-ламы Центра за этику и ценности, ведущие к трансформации (The Dalai Lama Center for Ethics and Transformative Values) при Массачусетском технологическом институте.</source><tokens><token id="605005" text="Лекцию"><tfr rev_id="1437428" t="Лекцию"><v><l id="147944" t="лекция"><g v="NOUN"></g><g v="inan"></g><g v="femn"></g><g v="sing"></g><g v="accs"></g></l></v></tfr></token><token id="605006" text="читает"><tfr rev_id="1437429" t="читает"><v><l id="376719" t="читаю"><g v="VERB"></g><g v="impf"></g><g v="tran"></g><g v="sing"></g><g v="3per"></g><g v="pres"></g><g v="indc"></g></l></v></tfr></token><token id="605007" text="досточтимый"><tfr rev_id="4159869" t="досточтимый"><v><l id="90603" t="досточтимый"><g v="ADJF"></g><g v="masc"></g><g v="sing"></g><g v="nomn"></g></l></v></tfr></token><token id="605008" text="Тензин"><tfr rev_id="1437431" t="Тензин"><v><l id="0" t="тензин"><g v="UNKN"></g></l></v></tfr></token><token id="605009" text="Приядарши"><tfr rev_id="1437432" t="Приядарши"><v><l id="0" t="приядарши"><g v="UNKN"></g></l></v></tfr></token><token id="605010" text="—"><tfr rev_id="2443674" t="—"><v><l id="0" t="—"><g v="PNCT"></g></l></v></tfr></token><token id="605011" text="директор"><tfr rev_id="1437434" t="директор"><v><l id="84214" t="директор"><g v="NOUN"></g><g v="anim"></g><g v="masc"></g><g v="sing"></g><g v="nomn"></g></l></v></tfr></token><token id="605012" text="-"><tfr rev_id="1437435" t="-"><v><l id="0" t="-"><g v="PNCT"></g></l></v></tfr></token><token id="605013" text="учредитель"><tfr rev_id="1437436" t="учредитель"><v><l id="363332" t="учредитель"><g v="NOUN"></g><g v="anim"></g><g v="masc"></g><g v="sing"></g><g v="nomn"></g></l></v></tfr></token><token id="605014" text="действующего"><tfr rev_id="1437437" t="действующего"><v><l id="80105" t="действующий"><g v="PRTF"></g><g v="impf"></g><g v="intr"></g><g v="pres"></g><g v="actv"></g><g v="masc"></g><g v="sing"></g><g v="gent"></g></l></v><v><l id="80105" t="действующий"><g v="PRTF"></g><g v="impf"></g><g v="intr"></g><g v="pres"></g><g v="actv"></g><g v="anim"></g><g v="masc"></g><g v="sing"></g><g v="accs"></g></l></v><v><l id="80105" t="действующий"><g v="PRTF"></g><g v="impf"></g><g v="intr"></g><g v="pres"></g><g v="actv"></g><g v="neut"></g><g v="sing"></g><g v="gent"></g></l></v><v><l id="80108" t="действующий"><g v="ADJF"></g><g v="masc"></g><g v="sing"></g><g v="gent"></g></l></v><v><l id="80108" t="действующий"><g v="ADJF"></g><g v="anim"></g><g v="masc"></g><g v="sing"></g><g v="accs"></g></l></v><v><l id="80108" t="действующий"><g v="ADJF"></g><g v="neut"></g><g v="sing"></g><g v="gent"></g></l></v></tfr></token><token id="605015" text="под"><tfr rev_id="2602586" t="под"><v><l id="243755" t="под"><g v="PREP"></g></l></v></tfr></token><token id="605016" text="эгидой"><tfr rev_id="1437439" t="эгидой"><v><l id="382910" t="эгида"><g v="NOUN"></g><g v="inan"></g><g v="femn"></g><g v="sing"></g><g v="ablt"></g></l></v></tfr></token><token id="605017" text="далай-ламы"><tfr rev_id="3503212" t="далай-ламы"><v><l id="77930" t="далай-лама"><g v="NOUN"></g><g v="anim"></g><g v="masc"></g><g v="sing"></g><g v="gent"></g></l></v></tfr></token><token id="605018" text="Центра"><tfr rev_id="1437441" t="Центра"><v><l id="373369" t="центр"><g v="NOUN"></g><g v="inan"></g><g v="masc"></g><g v="sing"></g><g v="gent"></g></l></v></tfr></token><token id="605019" text="за"><tfr rev_id="1437442" t="за"><v><l id="98043" t="за"><g v="PREP"></g></l></v></tfr></token><token id="605020" text="этику"><tfr rev_id="1437443" t="этику"><v><l id="386461" t="этика"><g v="NOUN"></g><g v="inan"></g><g v="femn"></g><g v="sing"></g><g v="accs"></g></l></v></tfr></token><token id="605021" text="и"><tfr rev_id="1437444" t="и"><v><l id="116949" t="и"><g v="CONJ"></g></l></v><v><l id="116950" t="и"><g v="INTJ"></g></l></v></tfr></token><token id="605022" text="ценности"><tfr rev_id="3797051" t="ценности"><v><l id="373345" t="ценность"><g v="NOUN"></g><g v="inan"></g><g v="femn"></g><g v="plur"></g><g v="accs"></g></l></v></tfr></token><token id="605023" text=","><tfr rev_id="1437446" t=","><v><l id="0" t=","><g v="PNCT"></g></l></v></tfr></token><token id="605024" text="ведущие"><tfr rev_id="1437447" t="ведущие"><v><l id="40370" t="ведущий"><g v="ADJF"></g><g v="Subx"></g><g v="plur"></g><g v="nomn"></g></l></v><v><l id="40370" t="ведущий"><g v="ADJF"></g><g v="Subx"></g><g v="inan"></g><g v="plur"></g><g v="accs"></g></l></v><v><l id="42112" t="ведущий"><g v="PRTF"></g><g v="Subx"></g><g v="impf"></g><g v="tran"></g><g v="pres"></g><g v="actv"></g><g v="plur"></g><g v="nomn"></g></l></v><v><l id="42112" t="ведущий"><g v="PRTF"></g><g v="Subx"></g><g v="impf"></g><g v="tran"></g><g v="pres"></g><g v="actv"></g><g v="inan"></g><g v="plur"></g><g v="accs"></g></l></v></tfr></token><token id="605025" text="к"><tfr rev_id="1437448" t="к"><v><l id="127460" t="к"><g v="PREP"></g></l></v></tfr></token><token id="605026" text="трансформации"><tfr rev_id="4314195" t="трансформации"><v><l id="349229" t="трансформация"><g v="NOUN"></g><g v="inan"></g><g v="femn"></g><g v="sing"></g><g v="datv"></g></l></v></tfr></token><token id="605027" text="("><tfr rev_id="1437450" t="("><v><l id="0" t="("><g v="PNCT"></g></l></v></tfr></token><token id="605028" text="The"><tfr rev_id="2474708" t="The"><v><l id="0" t="The"><g v="LATN"></g></l></v></tfr></token><token id="605029" text="Dalai"><tfr rev_id="2474709" t="Dalai"><v><l id="0" t="Dalai"><g v="LATN"></g></l></v></tfr></token><token id="605030" text="Lama"><tfr rev_id="2474710" t="Lama"><v><l id="0" t="Lama"><g v="LATN"></g></l></v></tfr></token><token id="605031" text="Center"><tfr rev_id="2474711" t="Center"><v><l id="0" t="Center"><g v="LATN"></g></l></v></tfr></token><token id="605032" text="for"><tfr rev_id="2474712" t="for"><v><l id="0" t="for"><g v="LATN"></g></l></v></tfr></token><token id="605033" text="Ethics"><tfr rev_id="2474713" t="Ethics"><v><l id="0" t="Ethics"><g v="LATN"></g></l></v></tfr></token><token id="605034" text="and"><tfr rev_id="2474714" t="and"><v><l id="0" t="and"><g v="LATN"></g></l></v></tfr></token><token id="605035" text="Transformative"><tfr rev_id="2474715" t="Transformative"><v><l id="0" t="Transformative"><g v="LATN"></g></l></v></tfr></token><token id="605036" text="Values"><tfr rev_id="2474716" t="Values"><v><l id="0" t="Values"><g v="LATN"></g></l></v></tfr></token><token id="605037" text=")"><tfr rev_id="1437460" t=")"><v><l id="0" t=")"><g v="PNCT"></g></l></v></tfr></token><token id="605038" text="при"><tfr rev_id="2699761" t="при"><v><l id="268625" t="при"><g v="PREP"></g></l></v></tfr></token><token id="605039" text="Массачусетском"><tfr rev_id="4166439" t="Массачусетском"><v><l id="156000" t="массачусетский"><g v="ADJF"></g><g v="masc"></g><g v="sing"></g><g v="loct"></g></l></v></tfr></token><token id="605040" text="технологическом"><tfr rev_id="3464136" t="технологическом"><v><l id="345965" t="технологический"><g v="ADJF"></g><g v="masc"></g><g v="sing"></g><g v="loct"></g></l></v></tfr></token><token id="605041" text="институте"><tfr rev_id="1437464" t="институте"><v><l id="122879" t="институт"><g v="NOUN"></g><g v="inan"></g><g v="masc"></g><g v="sing"></g><g v="loct"></g></l></v></tfr></token><token id="605042" text="."><tfr rev_id="1437465" t="."><v><l id="0" t="."><g v="PNCT"></g></l></v></tfr></token></tokens></sentence><sentence id="33769"><source>Центр проводит междисциплинарные исследования и программы по вопросам индивидуальной и глобальной этики.</source><tokens><token id="605043" text="Центр"><tfr rev_id="3478000" t="Центр"><v><l id="373369" t="центр"><g v="NOUN"></g><g v="inan"></g><g v="masc"></g><g v="sing"></g><g v="nomn"></g></l></v></tfr></token><token id="605044" text="проводит"><tfr rev_id="1437467" t="проводит"><v><l id="278002" t="провожу"><g v="VERB"></g><g v="impf"></g><g v="tran"></g><g v="sing"></g><g v="3per"></g><g v="pres"></g><g v="indc"></g></l></v><v><l id="278009" t="проводил"><g v="VERB"></g><g v="perf"></g><g v="tran"></g><g v="sing"></g><g v="3per"></g><g v="futr"></g><g v="indc"></g></l></v></tfr></token><token id="605045" text="междисциплинарные"><tfr rev_id="3860059" t="междисциплинарные"><v><l id="157293" t="междисциплинарный"><g v="ADJF"></g><g v="inan"></g><g v="plur"></g><g v="accs"></g></l></v></tfr></token><token id="605046" text="исследования"><tfr rev_id="3796558" t="исследования"><v><l id="125799" t="исследование"><g v="NOUN"></g><g v="inan"></g><g v="neut"></g><g v="plur"></g><g v="accs"></g></l></v></tfr></token><token id="605047" text="и"><tfr rev_id="1437470" t="и"><v><l id="116949" t="и"><g v="CONJ"></g></l></v><v><l id="116950" t="и"><g v="INTJ"></g></l></v></tfr></token><token id="605048" text="программы"><tfr rev_id="3741444" t="программы"><v><l id="278686" t="программа"><g v="NOUN"></g><g v="inan"></g><g v="femn"></g><g v="plur"></g><g v="accs"></g></l></v></tfr></token><token id="605049" text="по"><tfr rev_id="1437472" t="по"><v><l id="241240" t="по"><g v="PREP"></g></l></v></tfr></token><token id="605050" text="вопросам"><tfr rev_id="1437473" t="вопросам"><v><l id="50830" t="вопрос"><g v="NOUN"></g><g v="inan"></g><g v="masc"></g><g v="plur"></g><g v="datv"></g></l></v></tfr></token><token id="605051" text="индивидуальной"><tfr rev_id="2925159" t="индивидуальной"><v><l id="122211" t="индивидуальный"><g v="ADJF"></g><g v="femn"></g><g v="sing"></g><g v="gent"></g></l></v></tfr></token><token id="605052" text="и"><tfr rev_id="1437475" t="и"><v><l id="116949" t="и"><g v="CONJ"></g></l></v><v><l id="116950" t="и"><g v="INTJ"></g></l></v></tfr></token><token id="605053" text="глобальной"><tfr rev_id="4170113" t="глобальной"><v><l id="71322" t="глобальный"><g v="ADJF"></g><g v="Qual"></g><g v="femn"></g><g v="sing"></g><g v="gent"></g></l></v></tfr></token><token id="605054" text="этики"><tfr rev_id="3264697" t="этики"><v><l id="386461" t="этика"><g v="NOUN"></g><g v="inan"></g><g v="femn"></g><g v="sing"></g><g v="gent"></g></l></v></tfr></token><token id="605055" text="."><tfr rev_id="1437478" t="."><v><l id="0" t="."><g v="PNCT"></g></l></v></tfr></token></tokens></sentence></paragraph><paragraph id="10803"><sentence id="33770"><source>Тензин Приядарши читает лекции по буддийской философии и социально-политическим вопросам в разных странах мира, в том числе в Американской академии гуманитарных и точных наук, а также различных учебных заведениях.</source><tokens><token id="605056" text="Тензин"><tfr rev_id="1437479" t="Тензин"><v><l id="0" t="тензин"><g v="UNKN"></g></l></v></tfr></token><token id="605057" text="Приядарши"><tfr rev_id="1437480" t="Приядарши"><v><l id="0" t="приядарши"><g v="UNKN"></g></l></v></tfr></token><token id="605058" text="читает"><tfr rev_id="1437481" t="читает"><v><l id="376719" t="читаю"><g v="VERB"></g><g v="impf"></g><g v="tran"></g><g v="sing"></g><g v="3per"></g><g v="pres"></g><g v="indc"></g></l></v></tfr></token><token id="605059" text="лекции"><tfr rev_id="3767948" t="лекции"><v><l id="147944" t="лекция"><g v="NOUN"></g><g v="inan"></g><g v="femn"></g><g v="plur"></g><g v="accs"></g></l></v></tfr></token><token id="605060" text="по"><tfr rev_id="1437483" t="по"><v><l id="241240" t="по"><g v="PREP"></g></l></v></tfr></token><token id="605061" text="буддийской"><tfr rev_id="4315237" t="буддийской"><v><l id="35033" t="буддийский"><g v="ADJF"></g><g v="femn"></g><g v="sing"></g><g v="datv"></g></l></v></tfr></token><token id="605062" text="философии"><tfr rev_id="3508742" t="философии"><v><l id="365981" t="философия"><g v="NOUN"></g><g v="inan"></g><g v="femn"></g><g v="sing"></g><g v="gent"></g></l></v><v><l id="365981" t="философия"><g v="NOUN"></g><g v="inan"></g><g v="femn"></g><g v="sing"></g><g v="datv"></g></l></v><v><l id="365981" t="философия"><g v="NOUN"></g><g v="inan"></g><g v="femn"></g><g v="sing"></g><g v="loct"></g></l></v></tfr></token><token id="605063" text="и"><tfr rev_id="1437486" t="и"><v><l id="116949" t="и"><g v="CONJ"></g></l></v><v><l id="116950" t="и"><g v="INTJ"></g></l></v></tfr></token><token id="605064" text="социально-политическим"><tfr rev_id="3472699" t="социально-политическим"><v><l id="331058" t="социально-политический"><g v="ADJF"></g><g v="plur"></g><g v="datv"></g></l></v></tfr></token><token id="605065" text="вопросам"><tfr rev_id="1437488" t="вопросам"><v><l id="50830" t="вопрос"><g v="NOUN"></g><g v="inan"></g><g v="masc"></g><g v="plur"></g><g v="datv"></g></l></v></tfr></token><token id="605066" text="в"><tfr rev_id="1437489" t="в"><v><l id="37409" t="в"><g v="PREP"></g></l></v></tfr></token><token id="605067" text="разных"><tfr rev_id="4400666" t="разных"><v><l id="296007" t="разный"><g v="ADJF"></g><g v="Qual"></g><g v="plur"></g><g v="loct"></g></l></v></tfr></token><token id="605068" text="странах"><tfr rev_id="1437491" t="странах"><v><l id="337100" t="страна"><g v="NOUN"></g><g v="inan"></g><g v="femn"></g><g v="plur"></g><g v="loct"></g></l></v></tfr></token><token id="605069" text="мира"><tfr rev_id="3717312" t="мира"><v><l id="160807" t="мир"><g v="NOUN"></g><g v="inan"></g><g v="masc"></g><g v="sing"></g><g v="gen1"></g></l></v></tfr></token><token id="605070" text=","><tfr rev_id="1437493" t=","><v><l id="0" t=","><g v="PNCT"></g></l></v></tfr></token><token id="605071" text="в"><tfr rev_id="1437494" t="в"><v><l id="37409" t="в"><g v="PREP"></g></l></v></tfr></token><token id="605072" text="том"><tfr rev_id="4381565" t="том"><v><l id="348430" t="тот"><g v="ADJF"></g><g v="Subx"></g><g v="Apro"></g><g v="Anph"></g><g v="neut"></g><g v="sing"></g><g v="loct"></g></l></v></tfr></token><token id="605073" text="числе"><tfr rev_id="1437496" t="числе"><v><l id="376585" t="число"><g v="NOUN"></g><g v="inan"></g><g v="neut"></g><g v="sing"></g><g v="loct"></g></l></v></tfr></token><token id="605074" text="в"><tfr rev_id="1437497" t="в"><v><l id="37409" t="в"><g v="PREP"></g></l></v></tfr></token><token id="605075" text="Американской"><tfr rev_id="4095183" t="Американской"><v><l id="11429" t="американский"><g v="ADJF"></g><g v="femn"></g><g v="sing"></g><g v="loct"></g></l></v></tfr></token><token id="605076" text="академии"><tfr rev_id="4177278" t="академии"><v><l id="6770" t="академия"><g v="NOUN"></g><g v="inan"></g><g v="femn"></g><g v="sing"></g><g v="loct"></g></l></v></tfr></token><token id="605077" text="гуманитарных"><tfr rev_id="3671150" t="гуманитарных"><v><l id="76865" t="гуманитарный"><g v="ADJF"></g><g v="plur"></g><g v="gent"></g></l></v></tfr></token><token id="605078" text="и"><tfr rev_id="1437501" t="и"><v><l id="116949" t="и"><g v="CONJ"></g></l></v><v><l id="116950" t="и"><g v="INTJ"></g></l></v></tfr></token><token id="605079" text="точных"><tfr rev_id="4400595" t="точных"><v><l id="348518" t="точный"><g v="ADJF"></g><g v="Qual"></g><g v="plur"></g><g v="gent"></g></l></v></tfr></token><token id="605080" text="наук"><tfr rev_id="1437503" t="наук"><v><l id="177429" t="наука"><g v="NOUN"></g><g v="inan"></g><g v="femn"></g><g v="plur"></g><g v="gent"></g></l></v></tfr></token><token id="605081" text=","><tfr rev_id="1437504" t=","><v><l id="0" t=","><g v="PNCT"></g></l></v></tfr></token><token id="605082" text="а"><tfr rev_id="3962375" t="а"><v><l id="51" t="а"><g v="CONJ"></g></l></v></tfr></token><token id="605083" text="также"><tfr rev_id="4267723" t="также"><v><l id="342482" t="также"><g v="PRCL"></g></l></v></tfr></token><token id="605084" text="различных"><tfr rev_id="3497627" t="различных"><v><l id="294553" t="различный"><g v="ADJF"></g><g v="Qual"></g><g v="plur"></g><g v="loct"></g></l></v></tfr></token><token id="605085" text="учебных"><tfr rev_id="4542336" t="учебных"><v><l id="363181" t="учебный"><g v="ADJF"></g><g v="plur"></g><g v="loct"></g></l></v></tfr></token><token id="605086" text="заведениях"><tfr rev_id="1437509" t="заведениях"><v><l id="99331" t="заведение"><g v="NOUN"></g><g v="inan"></g><g v="neut"></g><g v="plur"></g><g v="loct"></g></l></v></tfr></token><token id="605087" text="."><tfr rev_id="1437510" t="."><v><l id="0" t="."><g v="PNCT"></g></l></v></tfr></token></tokens></sentence><sentence id="33771"><source>Активно участвует в диалоге между буддийскими учёными-философами, созерцателями и представителями современной нейронауки.</source><tokens><token id="605088" text="Активно"><tfr rev_id="1437511" t="Активно"><v><l id="7661" t="активно"><g v="ADVB"></g></l></v><v><l id="7668" t="активен"><g v="ADJS"></g><g v="Qual"></g><g v="neut"></g><g v="sing"></g></l></v></tfr></token><token id="605089" text="участвует"><tfr rev_id="1437512" t="участвует"><v><l id="363127" t="участвую"><g v="VERB"></g><g v="impf"></g><g v="intr"></g><g v="sing"></g><g v="3per"></g><g v="pres"></g><g v="indc"></g></l></v></tfr></token><token id="605090" text="в"><tfr rev_id="1437513" t="в"><v><l id="37409" t="в"><g v="PREP"></g></l></v></tfr></token><token id="605091" text="диалоге"><tfr rev_id="1437514" t="диалоге"><v><l id="83393" t="диалог"><g v="NOUN"></g><g v="inan"></g><g v="masc"></g><g v="sing"></g><g v="loct"></g></l></v></tfr></token><token id="605092" text="между"><tfr rev_id="1437515" t="между"><v><l id="157306" t="между"><g v="PREP"></g></l></v></tfr></token><token id="605093" text="буддийскими"><tfr rev_id="1437516" t="буддийскими"><v><l id="35033" t="буддийский"><g v="ADJF"></g><g v="plur"></g><g v="ablt"></g></l></v></tfr></token><token id="605094" text="учёными"><tfr rev_id="4160900" t="учёными"><v><l id="363100" t="учёный"><g v="NOUN"></g><g v="anim"></g><g v="masc"></g><g v="plur"></g><g v="ablt"></g></l></v></tfr></token><token id="605095" text="-"><tfr rev_id="1437518" t="-"><v><l id="0" t="-"><g v="PNCT"></g></l></v></tfr></token><token id="605096" text="философами"><tfr rev_id="1437519" t="философами"><v><l id="365974" t="философ"><g v="NOUN"></g><g v="anim"></g><g v="masc"></g><g v="plur"></g><g v="ablt"></g></l></v></tfr></token><token id="605097" text=","><tfr rev_id="1437520" t=","><v><l id="0" t=","><g v="PNCT"></g></l></v></tfr></token><token id="605098" text="созерцателями"><tfr rev_id="1437521" t="созерцателями"><v><l id="328596" t="созерцатель"><g v="NOUN"></g><g v="anim"></g><g v="masc"></g><g v="plur"></g><g v="ablt"></g></l></v></tfr></token><token id="605099" text="и"><tfr rev_id="1437522" t="и"><v><l id="116949" t="и"><g v="CONJ"></g></l></v><v><l id="116950" t="и"><g v="INTJ"></g></l></v></tfr></token><token id="605100" text="представителями"><tfr rev_id="1437523" t="представителями"><v><l id="267083" t="представитель"><g v="NOUN"></g><g v="anim"></g><g v="masc"></g><g v="plur"></g><g v="ablt"></g></l></v></tfr></token><token id="605101" text="современной"><tfr rev_id="3946538" t="современной"><v><l id="328217" t="современный"><g v="ADJF"></g><g v="Qual"></g><g v="femn"></g><g v="sing"></g><g v="gent"></g></l></v></tfr></token><token id="605102" text="нейронауки"><tfr rev_id="1437525" t="нейронауки"><v><l id="0" t="нейронауки"><g v="UNKN"></g></l></v></tfr></token><token id="605103" text="."><tfr rev_id="1437526" t="."><v><l id="0" t="."><g v="PNCT"></g></l></v></tfr></token></tokens></sentence></paragraph><paragraph id="10804"><sentence id="33772"><source>После лекции г-н Тензин Приядарши ответит на вопросы зрителей.</source><tokens><token id="605104" text="После"><tfr rev_id="4406567" t="После"><v><l id="261542" t="после"><g v="PREP"></g></l></v></tfr></token><token id="605105" text="лекции"><tfr rev_id="3501678" t="лекции"><v><l id="147944" t="лекция"><g v="NOUN"></g><g v="inan"></g><g v="femn"></g><g v="sing"></g><g v="gent"></g></l></v><v><l id="147944" t="лекция"><g v="NOUN"></g><g v="inan"></g><g v="femn"></g><g v="sing"></g><g v="datv"></g></l></v><v><l id="147944" t="лекция"><g v="NOUN"></g><g v="inan"></g><g v="femn"></g><g v="sing"></g><g v="loct"></g></l></v></tfr></token><token id="605106" text="г-н"><tfr rev_id="3718895" t="г-н"><v><l id="65247" t="г-н"><g v="NOUN"></g><g v="anim"></g><g v="masc"></g><g v="Sgtm"></g><g v="Abbr"></g><g v="sing"></g><g v="nomn"></g></l></v></tfr></token><token id="605107" text="Тензин"><tfr rev_id="1437530" t="Тензин"><v><l id="0" t="тензин"><g v="UNKN"></g></l></v></tfr></token><token id="605108" text="Приядарши"><tfr rev_id="1437531" t="Приядарши"><v><l id="0" t="приядарши"><g v="UNKN"></g></l></v></tfr></token><token id="605109" text="ответит"><tfr rev_id="1437532" t="ответит"><v><l id="212433" t="ответил"><g v="VERB"></g><g v="perf"></g><g v="intr"></g><g v="sing"></g><g v="3per"></g><g v="futr"></g><g v="indc"></g></l></v></tfr></token><token id="605110" text="на"><tfr rev_id="3330666" t="на"><v><l id="166264" t="на"><g v="PREP"></g></l></v></tfr></token><token id="605111" text="вопросы"><tfr rev_id="3284848" t="вопросы"><v><l id="50830" t="вопрос"><g v="NOUN"></g><g v="inan"></g><g v="masc"></g><g v="plur"></g><g v="accs"></g></l></v></tfr></token><token id="605112" text="зрителей"><tfr rev_id="3713489" t="зрителей"><v><l id="116577" t="зритель"><g v="NOUN"></g><g v="anim"></g><g v="masc"></g><g v="plur"></g><g v="gent"></g></l></v></tfr></token><token id="605113" text="."><tfr rev_id="1437536" t="."><v><l id="0" t="."><g v="PNCT"></g></l></v></tfr></token></tokens></sentence></paragraph><paragraph id="10805"><sentence id="33773"><source>Адрес: ул. Земляной Вал, д. 57, стр. 6.</source><tokens><token id="605114" text="Адрес"><tfr rev_id="3272717" t="Адрес"><v><l id="5167" t="адрес"><g v="NOUN"></g><g v="inan"></g><g v="masc"></g><g v="sing"></g><g v="nomn"></g></l></v></tfr></token><token id="605115" text=":"><tfr rev_id="1437538" t=":"><v><l id="0" t=":"><g v="PNCT"></g></l></v></tfr></token><token id="605116" text="ул"><tfr rev_id="4107062" t="ул"><v><l id="390091" t="ул"><g v="NOUN"></g><g v="inan"></g><g v="femn"></g><g v="Fixd"></g><g v="Abbr"></g><g v="sing"></g><g v="ablt"></g></l></v><v><l id="390091" t="ул"><g v="NOUN"></g><g v="inan"></g><g v="femn"></g><g v="Fixd"></g><g v="Abbr"></g><g v="sing"></g><g v="accs"></g></l></v><v><l id="390091" t="ул"><g v="NOUN"></g><g v="inan"></g><g v="femn"></g><g v="Fixd"></g><g v="Abbr"></g><g v="sing"></g><g v="datv"></g></l></v><v><l id="390091" t="ул"><g v="NOUN"></g><g v="inan"></g><g v="femn"></g><g v="Fixd"></g><g v="Abbr"></g><g v="sing"></g><g v="gent"></g></l></v><v><l id="390091" t="ул"><g v="NOUN"></g><g v="inan"></g><g v="femn"></g><g v="Fixd"></g><g v="Abbr"></g><g v="sing"></g><g v="loct"></g></l></v><v><l id="390091" t="ул"><g v="NOUN"></g><g v="inan"></g><g v="femn"></g><g v="Fixd"></g><g v="Abbr"></g><g v="sing"></g><g v="nomn"></g></l></v></tfr></token><token id="605117" text="."><tfr rev_id="1437540" t="."><v><l id="0" t="."><g v="PNCT"></g></l></v></tfr></token><token id="605118" text="Земляной"><tfr rev_id="2370345" t="Земляной"><v><l id="115102" t="земляной"><g v="ADJF"></g><g v="masc"></g><g v="sing"></g><g v="nomn"></g></l></v><v><l id="115102" t="земляной"><g v="ADJF"></g><g v="inan"></g><g v="masc"></g><g v="sing"></g><g v="accs"></g></l></v></tfr></token><token id="605119" text="Вал"><tfr rev_id="1437542" t="Вал"><v><l id="37999" t="вал"><g v="NOUN"></g><g v="inan"></g><g v="masc"></g><g v="sing"></g><g v="nomn"></g></l></v><v><l id="37999" t="вал"><g v="NOUN"></g><g v="inan"></g><g v="masc"></g><g v="sing"></g><g v="accs"></g></l></v></tfr></token><token id="605120" text=","><tfr rev_id="1437543" t=","><v><l id="0" t=","><g v="PNCT"></g></l></v></tfr></token><token id="605121" text="д"><tfr rev_id="4262277" t="д"><v><l id="390038" t="д"><g v="NOUN"></g><g v="inan"></g><g v="masc"></g><g v="Fixd"></g><g v="Abbr"></g><g v="sing"></g><g v="nomn"></g></l></v><v><l id="390038" t="д"><g v="NOUN"></g><g v="inan"></g><g v="masc"></g><g v="Fixd"></g><g v="Abbr"></g><g v="sing"></g><g v="gent"></g></l></v><v><l id="390038" t="д"><g v="NOUN"></g><g v="inan"></g><g v="masc"></g><g v="Fixd"></g><g v="Abbr"></g><g v="sing"></g><g v="datv"></g></l></v><v><l id="390038" t="д"><g v="NOUN"></g><g v="inan"></g><g v="masc"></g><g v="Fixd"></g><g v="Abbr"></g><g v="sing"></g><g v="accs"></g></l></v><v><l id="390038" t="д"><g v="NOUN"></g><g v="inan"></g><g v="masc"></g><g v="Fixd"></g><g v="Abbr"></g><g v="sing"></g><g v="ablt"></g></l></v><v><l id="390038" t="д"><g v="NOUN"></g><g v="inan"></g><g v="masc"></g><g v="Fixd"></g><g v="Abbr"></g><g v="sing"></g><g v="loct"></g></l></v><v><l id="390038" t="д"><g v="NOUN"></g><g v="inan"></g><g v="masc"></g><g v="Fixd"></g><g v="Abbr"></g><g v="plur"></g><g v="nomn"></g></l></v><v><l id="390038" t="д"><g v="NOUN"></g><g v="inan"></g><g v="masc"></g><g v="Fixd"></g><g v="Abbr"></g><g v="plur"></g><g v="gent"></g></l></v><v><l id="390038" t="д"><g v="NOUN"></g><g v="inan"></g><g v="masc"></g><g v="Fixd"></g><g v="Abbr"></g><g v="plur"></g><g v="datv"></g></l></v><v><l id="390038" t="д"><g v="NOUN"></g><g v="inan"></g><g v="masc"></g><g v="Fixd"></g><g v="Abbr"></g><g v="plur"></g><g v="accs"></g></l></v><v><l id="390038" t="д"><g v="NOUN"></g><g v="inan"></g><g v="masc"></g><g v="Fixd"></g><g v="Abbr"></g><g v="plur"></g><g v="ablt"></g></l></v><v><l id="390038" t="д"><g v="NOUN"></g><g v="inan"></g><g v="masc"></g><g v="Fixd"></g><g v="Abbr"></g><g v="plur"></g><g v="loct"></g></l></v></tfr></token><token id="605122" text="."><tfr rev_id="1437545" t="."><v><l id="0" t="."><g v="PNCT"></g></l></v></tfr></token><token id="605123" text="57"><tfr rev_id="2461718" t="57"><v><l id="0" t="57"><g v="NUMB"></g></l></v></tfr></token><token id="605124" text=","><tfr rev_id="1437547" t=","><v><l id="0" t=","><g v="PNCT"></g></l></v></tfr></token><token id="605125" text="стр"><tfr rev_id="4329760" t="стр"><v><l id="390461" t="стр"><g v="NOUN"></g><g v="inan"></g><g v="neut"></g><g v="Fixd"></g><g v="Abbr"></g><g v="plur"></g><g v="ablt"></g></l></v><v><l id="390461" t="стр"><g v="NOUN"></g><g v="inan"></g><g v="neut"></g><g v="Fixd"></g><g v="Abbr"></g><g v="plur"></g><g v="accs"></g></l></v><v><l id="390461" t="стр"><g v="NOUN"></g><g v="inan"></g><g v="neut"></g><g v="Fixd"></g><g v="Abbr"></g><g v="plur"></g><g v="datv"></g></l></v><v><l id="390461" t="стр"><g v="NOUN"></g><g v="inan"></g><g v="neut"></g><g v="Fixd"></g><g v="Abbr"></g><g v="plur"></g><g v="gent"></g></l></v><v><l id="390461" t="стр"><g v="NOUN"></g><g v="inan"></g><g v="neut"></g><g v="Fixd"></g><g v="Abbr"></g><g v="plur"></g><g v="loct"></g></l></v><v><l id="390461" t="стр"><g v="NOUN"></g><g v="inan"></g><g v="neut"></g><g v="Fixd"></g><g v="Abbr"></g><g v="plur"></g><g v="nomn"></g></l></v><v><l id="390461" t="стр"><g v="NOUN"></g><g v="inan"></g><g v="neut"></g><g v="Fixd"></g><g v="Abbr"></g><g v="sing"></g><g v="ablt"></g></l></v><v><l id="390461" t="стр"><g v="NOUN"></g><g v="inan"></g><g v="neut"></g><g v="Fixd"></g><g v="Abbr"></g><g v="sing"></g><g v="accs"></g></l></v><v><l id="390461" t="стр"><g v="NOUN"></g><g v="inan"></g><g v="neut"></g><g v="Fixd"></g><g v="Abbr"></g><g v="sing"></g><g v="datv"></g></l></v><v><l id="390461" t="стр"><g v="NOUN"></g><g v="inan"></g><g v="neut"></g><g v="Fixd"></g><g v="Abbr"></g><g v="sing"></g><g v="gent"></g></l></v><v><l id="390461" t="стр"><g v="NOUN"></g><g v="inan"></g><g v="neut"></g><g v="Fixd"></g><g v="Abbr"></g><g v="sing"></g><g v="loct"></g></l></v><v><l id="390461" t="стр"><g v="NOUN"></g><g v="inan"></g><g v="neut"></g><g v="Fixd"></g><g v="Abbr"></g><g v="sing"></g><g v="nomn"></g></l></v></tfr></token><token id="605126" text="."><tfr rev_id="1437549" t="."><v><l id="0" t="."><g v="PNCT"></g></l></v></tfr></token><token id="605127" text="6"><tfr rev_id="2461719" t="6"><v><l id="0" t="6"><g v="NUMB"></g></l></v></tfr></token><token id="605128" text="."><tfr rev_id="1437551" t="."><v><l id="0" t="."><g v="PNCT"></g></l></v></tfr></token></tokens></sentence><sentence id="33836"><source>Тел: (495) 623-44-01, 623-44-20.</source><tokens><token id="605129" text="Тел"><tfr rev_id="4085313" t="Тел"><v><l id="390083" t="тел"><g v="NOUN"></g><g v="inan"></g><g v="masc"></g><g v="Fixd"></g><g v="Abbr"></g><g v="plur"></g><g v="ablt"></g></l></v><v><l id="390083" t="тел"><g v="NOUN"></g><g v="inan"></g><g v="masc"></g><g v="Fixd"></g><g v="Abbr"></g><g v="plur"></g><g v="accs"></g></l></v><v><l id="390083" t="тел"><g v="NOUN"></g><g v="inan"></g><g v="masc"></g><g v="Fixd"></g><g v="Abbr"></g><g v="plur"></g><g v="datv"></g></l></v><v><l id="390083" t="тел"><g v="NOUN"></g><g v="inan"></g><g v="masc"></g><g v="Fixd"></g><g v="Abbr"></g><g v="plur"></g><g v="gent"></g></l></v><v><l id="390083" t="тел"><g v="NOUN"></g><g v="inan"></g><g v="masc"></g><g v="Fixd"></g><g v="Abbr"></g><g v="plur"></g><g v="loct"></g></l></v><v><l id="390083" t="тел"><g v="NOUN"></g><g v="inan"></g><g v="masc"></g><g v="Fixd"></g><g v="Abbr"></g><g v="plur"></g><g v="nomn"></g></l></v><v><l id="390083" t="тел"><g v="NOUN"></g><g v="inan"></g><g v="masc"></g><g v="Fixd"></g><g v="Abbr"></g><g v="sing"></g><g v="ablt"></g></l></v><v><l id="390083" t="тел"><g v="NOUN"></g><g v="inan"></g><g v="masc"></g><g v="Fixd"></g><g v="Abbr"></g><g v="sing"></g><g v="accs"></g></l></v><v><l id="390083" t="тел"><g v="NOUN"></g><g v="inan"></g><g v="masc"></g><g v="Fixd"></g><g v="Abbr"></g><g v="sing"></g><g v="datv"></g></l></v><v><l id="390083" t="тел"><g v="NOUN"></g><g v="inan"></g><g v="masc"></g><g v="Fixd"></g><g v="Abbr"></g><g v="sing"></g><g v="gent"></g></l></v><v><l id="390083" t="тел"><g v="NOUN"></g><g v="inan"></g><g v="masc"></g><g v="Fixd"></g><g v="Abbr"></g><g v="sing"></g><g v="loct"></g></l></v><v><l id="390083" t="тел"><g v="NOUN"></g><g v="inan"></g><g v="masc"></g><g v="Fixd"></g><g v="Abbr"></g><g v="sing"></g><g v="nomn"></g></l></v></tfr></token><token id="605130" text=":"><tfr rev_id="1437553" t=":"><v><l id="0" t=":"><g v="PNCT"></g></l></v></tfr></token><token id="605131" text="("><tfr rev_id="1437554" t="("><v><l id="0" t="("><g v="PNCT"></g></l></v></tfr></token><token id="605132" text="495"><tfr rev_id="2461720" t="495"><v><l id="0" t="495"><g v="NUMB"></g></l></v></tfr></token><token id="605133" text=")"><tfr rev_id="1437556" t=")"><v><l id="0" t=")"><g v="PNCT"></g></l></v></tfr></token><token id="605134" text="623"><tfr rev_id="2461721" t="623"><v><l id="0" t="623"><g v="NUMB"></g></l></v></tfr></token><token id="605135" text="-"><tfr rev_id="1437558" t="-"><v><l id="0" t="-"><g v="PNCT"></g></l></v></tfr></token><token id="605136" text="44"><tfr rev_id="2461722" t="44"><v><l id="0" t="44"><g v="NUMB"></g></l></v></tfr></token><token id="605137" text="-"><tfr rev_id="1437560" t="-"><v><l id="0" t="-"><g v="PNCT"></g></l></v></tfr></token><token id="605138" text="01"><tfr rev_id="2461723" t="01"><v><l id="0" t="01"><g v="NUMB"></g></l></v></tfr></token><token id="605139" text=","><tfr rev_id="1437562" t=","><v><l id="0" t=","><g v="PNCT"></g></l></v></tfr></token><token id="605140" text="623"><tfr rev_id="2461724" t="623"><v><l id="0" t="623"><g v="NUMB"></g></l></v></tfr></token><token id="605141" text="-"><tfr rev_id="1437564" t="-"><v><l id="0" t="-"><g v="PNCT"></g></l></v></tfr></token><token id="605142" text="44"><tfr rev_id="2461725" t="44"><v><l id="0" t="44"><g v="NUMB"></g></l></v></tfr></token><token id="605143" text="-"><tfr rev_id="1437566" t="-"><v><l id="0" t="-"><g v="PNCT"></g></l></v></tfr></token><token id="605144" text="20"><tfr rev_id="2461726" t="20"><v><l id="0" t="20"><g v="NUMB"></g></l></v></tfr></token><token id="605145" text="."><tfr rev_id="1437568" t="."><v><l id="0" t="."><g v="PNCT"></g></l></v></tfr></token></tokens></sentence></paragraph><paragraph id="10806"><sentence id="33774"><source>Вход свободный.</source><tokens><token id="605146" text="Вход"><tfr rev_id="1437569" t="Вход"><v><l id="55353" t="вход"><g v="NOUN"></g><g v="inan"></g><g v="masc"></g><g v="sing"></g><g v="nomn"></g></l></v><v><l id="55353" t="вход"><g v="NOUN"></g><g v="inan"></g><g v="masc"></g><g v="sing"></g><g v="accs"></g></l></v></tfr></token><token id="605147" text="свободный"><tfr rev_id="1437570" t="свободный"><v><l id="316242" t="свободный"><g v="ADJF"></g><g v="Qual"></g><g v="masc"></g><g v="sing"></g><g v="nomn"></g></l></v><v><l id="316242" t="свободный"><g v="ADJF"></g><g v="Qual"></g><g v="inan"></g><g v="masc"></g><g v="sing"></g><g v="accs"></g></l></v></tfr></token><token id="605148" text="."><tfr rev_id="1437571" t="."><v><l id="0" t="."><g v="PNCT"></g></l></v></tfr></token></tokens></sentence></paragraph></paragraphs></text>