<?xml version="1.0" encoding="utf-8"?><text id="1136" parent="226" name="Украина наносит ответный удар"><tags><tag>url:http://www.chaskor.ru/news/ukraina_nanosit_otvetnyj_udar</tag><tag>Год:2009</tag><tag>Дата:06/03</tag><tag>Тема:ЧасКор:В мире</tag><tag>Тема:ЧасКор:В мире/Европа</tag></tags><paragraphs><paragraph id="10786"><sentence id="33726"><source>Украина наносит ответный удар</source><tokens><token id="604266" text="Украина"><tfr rev_id="1436691" t="Украина"><v><l id="356365" t="украина"><g v="NOUN"></g><g v="inan"></g><g v="femn"></g><g v="Sgtm"></g><g v="Geox"></g><g v="sing"></g><g v="nomn"></g></l></v></tfr></token><token id="604267" text="наносит"><tfr rev_id="1436692" t="наносит"><v><l id="172957" t="наношу"><g v="VERB"></g><g v="impf"></g><g v="tran"></g><g v="sing"></g><g v="3per"></g><g v="pres"></g><g v="indc"></g></l></v><v><l id="172964" t="наносил"><g v="VERB"></g><g v="perf"></g><g v="tran"></g><g v="sing"></g><g v="3per"></g><g v="futr"></g><g v="indc"></g></l></v></tfr></token><token id="604268" text="ответный"><tfr rev_id="1436693" t="ответный"><v><l id="212438" t="ответный"><g v="ADJF"></g><g v="Qual"></g><g v="masc"></g><g v="sing"></g><g v="nomn"></g></l></v><v><l id="212438" t="ответный"><g v="ADJF"></g><g v="Qual"></g><g v="inan"></g><g v="masc"></g><g v="sing"></g><g v="accs"></g></l></v></tfr></token><token id="604269" text="удар"><tfr rev_id="3300514" t="удар"><v><l id="354672" t="удар"><g v="NOUN"></g><g v="inan"></g><g v="masc"></g><g v="sing"></g><g v="accs"></g></l></v></tfr></token></tokens></sentence><sentence id="33727"><source>Шпионские страсти.</source><tokens><token id="604270" text="Шпионские"><tfr rev_id="3767355" t="Шпионские"><v><l id="381027" t="шпионский"><g v="ADJF"></g><g v="plur"></g><g v="nomn"></g></l></v></tfr></token><token id="604271" text="страсти"><tfr rev_id="3795693" t="страсти"><v><l id="337162" t="страсть"><g v="NOUN"></g><g v="inan"></g><g v="femn"></g><g v="plur"></g><g v="nomn"></g></l></v></tfr></token><token id="604272" text="."><tfr rev_id="1436697" t="."><v><l id="0" t="."><g v="PNCT"></g></l></v></tfr></token></tokens></sentence></paragraph><paragraph id="10787"><sentence id="33728"><source>Двоих румынских дипломатов выдворят с Украины.</source><tokens><token id="604273" text="Двоих"><tfr rev_id="2838453" t="Двоих"><v><l id="78866" t="двое"><g v="NUMR"></g><g v="Coll"></g><g v="anim"></g><g v="accs"></g></l></v></tfr></token><token id="604274" text="румынских"><tfr rev_id="3556530" t="румынских"><v><l id="310136" t="румынский"><g v="ADJF"></g><g v="anim"></g><g v="plur"></g><g v="accs"></g></l></v></tfr></token><token id="604275" text="дипломатов"><tfr rev_id="3717004" t="дипломатов"><v><l id="84142" t="дипломат"><g v="NOUN"></g><g v="anim"></g><g v="masc"></g><g v="plur"></g><g v="accs"></g></l></v></tfr></token><token id="604276" text="выдворят"><tfr rev_id="1436701" t="выдворят"><v><l id="57001" t="выдворил"><g v="VERB"></g><g v="perf"></g><g v="tran"></g><g v="plur"></g><g v="3per"></g><g v="futr"></g><g v="indc"></g></l></v></tfr></token><token id="604277" text="с"><tfr rev_id="1436702" t="с"><v><l id="311151" t="с"><g v="PREP"></g></l></v></tfr></token><token id="604278" text="Украины"><tfr rev_id="1436703" t="Украины"><v><l id="356365" t="украина"><g v="NOUN"></g><g v="inan"></g><g v="femn"></g><g v="Sgtm"></g><g v="Geox"></g><g v="sing"></g><g v="gent"></g></l></v></tfr></token><token id="604279" text="."><tfr rev_id="1436704" t="."><v><l id="0" t="."><g v="PNCT"></g></l></v></tfr></token></tokens></sentence><sentence id="33729"><source>Об этом со ссылкой на осведомленные источники сообщает в четверг «Украинская правда».</source><tokens><token id="604280" text="Об"><tfr rev_id="2921226" t="Об"><v><l id="192977" t="о"><g v="PREP"></g><g v="Vpre"></g></l></v></tfr></token><token id="604281" text="этом"><tfr rev_id="4475607" t="этом"><v><l id="386575" t="это"><g v="NPRO"></g><g v="neut"></g><g v="sing"></g><g v="loct"></g></l></v></tfr></token><token id="604282" text="со"><tfr rev_id="2919197" t="со"><v><l id="311151" t="с"><g v="PREP"></g><g v="Vpre"></g></l></v></tfr></token><token id="604283" text="ссылкой"><tfr rev_id="4155308" t="ссылкой"><v><l id="334180" t="ссылка"><g v="NOUN"></g><g v="inan"></g><g v="femn"></g><g v="sing"></g><g v="ablt"></g></l></v></tfr></token><token id="604284" text="на"><tfr rev_id="3343441" t="на"><v><l id="166264" t="на"><g v="PREP"></g></l></v></tfr></token><token id="604285" text="осведомленные"><tfr rev_id="3684588" t="осведомленные"><v><l id="209529" t="осведомлённый"><g v="PRTF"></g><g v="perf"></g><g v="tran"></g><g v="past"></g><g v="pssv"></g><g v="Adjx"></g><g v="plur"></g><g v="nomn"></g></l></v><v><l id="209529" t="осведомлённый"><g v="PRTF"></g><g v="perf"></g><g v="tran"></g><g v="past"></g><g v="pssv"></g><g v="Adjx"></g><g v="plur"></g><g v="nomn"></g><g v="Infr"></g></l></v><v><l id="209529" t="осведомлённый"><g v="PRTF"></g><g v="perf"></g><g v="tran"></g><g v="past"></g><g v="pssv"></g><g v="Adjx"></g><g v="inan"></g><g v="plur"></g><g v="accs"></g></l></v><v><l id="209529" t="осведомлённый"><g v="PRTF"></g><g v="perf"></g><g v="tran"></g><g v="past"></g><g v="pssv"></g><g v="Adjx"></g><g v="inan"></g><g v="plur"></g><g v="accs"></g><g v="Infr"></g></l></v></tfr></token><token id="604286" text="источники"><tfr rev_id="3757243" t="источники"><v><l id="126464" t="источник"><g v="NOUN"></g><g v="inan"></g><g v="masc"></g><g v="plur"></g><g v="accs"></g></l></v></tfr></token><token id="604287" text="сообщает"><tfr rev_id="1436712" t="сообщает"><v><l id="329538" t="сообщаю"><g v="VERB"></g><g v="impf"></g><g v="tran"></g><g v="sing"></g><g v="3per"></g><g v="pres"></g><g v="indc"></g></l></v></tfr></token><token id="604288" text="в"><tfr rev_id="1436713" t="в"><v><l id="37409" t="в"><g v="PREP"></g></l></v></tfr></token><token id="604289" text="четверг"><tfr rev_id="4103229" t="четверг"><v><l id="376075" t="четверг"><g v="NOUN"></g><g v="inan"></g><g v="masc"></g><g v="sing"></g><g v="accs"></g></l></v></tfr></token><token id="604290" text="«"><tfr rev_id="2443653" t="«"><v><l id="0" t="«"><g v="PNCT"></g></l></v></tfr></token><token id="604291" text="Украинская"><tfr rev_id="1436716" t="Украинская"><v><l id="356396" t="украинский"><g v="ADJF"></g><g v="Geox"></g><g v="femn"></g><g v="sing"></g><g v="nomn"></g></l></v></tfr></token><token id="604292" text="правда"><tfr rev_id="2625131" t="правда"><v><l id="265572" t="правда"><g v="NOUN"></g><g v="inan"></g><g v="femn"></g><g v="sing"></g><g v="nomn"></g></l></v><v><l id="265574" t="правда"><g v="PRCL"></g></l></v><v><l id="265575" t="правда"><g v="CONJ"></g><g v="Prnt"></g></l></v></tfr></token><token id="604293" text="»"><tfr rev_id="2443654" t="»"><v><l id="0" t="»"><g v="PNCT"></g></l></v></tfr></token><token id="604294" text="."><tfr rev_id="1436719" t="."><v><l id="0" t="."><g v="PNCT"></g></l></v></tfr></token></tokens></sentence><sentence id="33730"><source>В МИД Украины, однако, эту информацию не подтверждают.</source><tokens><token id="604295" text="В"><tfr rev_id="1436720" t="В"><v><l id="37409" t="в"><g v="PREP"></g></l></v></tfr></token><token id="604296" text="МИД"><tfr rev_id="4449296" t="МИД"><v><l id="159652" t="мид"><g v="NOUN"></g><g v="inan"></g><g v="masc"></g><g v="Abbr"></g><g v="Orgn"></g><g v="sing"></g><g v="loct"></g><g v="Infr"></g></l></v></tfr></token><token id="604297" text="Украины"><tfr rev_id="1436722" t="Украины"><v><l id="356365" t="украина"><g v="NOUN"></g><g v="inan"></g><g v="femn"></g><g v="Sgtm"></g><g v="Geox"></g><g v="sing"></g><g v="gent"></g></l></v></tfr></token><token id="604298" text=","><tfr rev_id="1436723" t=","><v><l id="0" t=","><g v="PNCT"></g></l></v></tfr></token><token id="604299" text="однако"><tfr rev_id="2624535" t="однако"><v><l id="203386" t="однако"><g v="INTJ"></g></l></v><v><l id="203387" t="однако"><g v="CONJ"></g><g v="Prnt"></g></l></v></tfr></token><token id="604300" text=","><tfr rev_id="1436725" t=","><v><l id="0" t=","><g v="PNCT"></g></l></v></tfr></token><token id="604301" text="эту"><tfr rev_id="4438918" t="эту"><v><l id="386581" t="этот"><g v="ADJF"></g><g v="Subx"></g><g v="Apro"></g><g v="Anph"></g><g v="femn"></g><g v="sing"></g><g v="accs"></g></l></v></tfr></token><token id="604302" text="информацию"><tfr rev_id="1436727" t="информацию"><v><l id="123576" t="информация"><g v="NOUN"></g><g v="inan"></g><g v="femn"></g><g v="sing"></g><g v="accs"></g></l></v></tfr></token><token id="604303" text="не"><tfr rev_id="1436728" t="не"><v><l id="178876" t="не"><g v="PRCL"></g></l></v></tfr></token><token id="604304" text="подтверждают"><tfr rev_id="1436729" t="подтверждают"><v><l id="251447" t="подтверждаю"><g v="VERB"></g><g v="impf"></g><g v="tran"></g><g v="plur"></g><g v="3per"></g><g v="pres"></g><g v="indc"></g></l></v><v><l id="251454" t="подтверждаю"><g v="VERB"></g><g v="impf"></g><g v="intr"></g><g v="plur"></g><g v="3per"></g><g v="pres"></g><g v="indc"></g></l></v></tfr></token><token id="604305" text="."><tfr rev_id="1436730" t="."><v><l id="0" t="."><g v="PNCT"></g></l></v></tfr></token></tokens></sentence></paragraph><paragraph id="10788"><sentence id="33731"><source>По данным издания, покинуть Украину обязали военного атташе по вопросам обороны Филипа Раду и секретаря генконсульства Румынии в Черновцах Юстиниана Фокша.</source><tokens><token id="604306" text="По"><tfr rev_id="1436731" t="По"><v><l id="241240" t="по"><g v="PREP"></g></l></v></tfr></token><token id="604307" text="данным"><tfr rev_id="4577033" t="данным"><v><l id="78302" t="данные"><g v="NOUN"></g><g v="inan"></g><g v="GNdr"></g><g v="Pltm"></g><g v="plur"></g><g v="datv"></g></l></v></tfr></token><token id="604308" text="издания"><tfr rev_id="3452286" t="издания"><v><l id="118742" t="издание"><g v="NOUN"></g><g v="inan"></g><g v="neut"></g><g v="sing"></g><g v="gent"></g></l></v></tfr></token><token id="604309" text=","><tfr rev_id="1436734" t=","><v><l id="0" t=","><g v="PNCT"></g></l></v></tfr></token><token id="604310" text="покинуть"><tfr rev_id="1436735" t="покинуть"><v><l id="254302" t="покинуть"><g v="INFN"></g><g v="perf"></g><g v="tran"></g></l></v></tfr></token><token id="604311" text="Украину"><tfr rev_id="1436736" t="Украину"><v><l id="356365" t="украина"><g v="NOUN"></g><g v="inan"></g><g v="femn"></g><g v="Sgtm"></g><g v="Geox"></g><g v="sing"></g><g v="accs"></g></l></v></tfr></token><token id="604312" text="обязали"><tfr rev_id="1436737" t="обязали"><v><l id="202095" t="обязал"><g v="VERB"></g><g v="perf"></g><g v="tran"></g><g v="plur"></g><g v="past"></g><g v="indc"></g></l></v></tfr></token><token id="604313" text="военного"><tfr rev_id="4493903" t="военного"><v><l id="48619" t="военный"><g v="ADJF"></g><g v="masc"></g><g v="sing"></g><g v="gent"></g></l></v><v><l id="48619" t="военный"><g v="ADJF"></g><g v="anim"></g><g v="masc"></g><g v="sing"></g><g v="accs"></g></l></v></tfr></token><token id="604314" text="атташе"><tfr rev_id="4166340" t="атташе"><v><l id="19713" t="атташе"><g v="NOUN"></g><g v="anim"></g><g v="masc"></g><g v="Fixd"></g><g v="sing"></g><g v="accs"></g></l></v></tfr></token><token id="604315" text="по"><tfr rev_id="1436740" t="по"><v><l id="241240" t="по"><g v="PREP"></g></l></v></tfr></token><token id="604316" text="вопросам"><tfr rev_id="1436741" t="вопросам"><v><l id="50830" t="вопрос"><g v="NOUN"></g><g v="inan"></g><g v="masc"></g><g v="plur"></g><g v="datv"></g></l></v></tfr></token><token id="604317" text="обороны"><tfr rev_id="2761339" t="обороны"><v><l id="198479" t="оборона"><g v="NOUN"></g><g v="inan"></g><g v="femn"></g><g v="sing"></g><g v="gent"></g></l></v></tfr></token><token id="604318" text="Филипа"><tfr rev_id="2931354" t="Филипа"><v><l id="365897" t="филип"><g v="NOUN"></g><g v="anim"></g><g v="masc"></g><g v="Name"></g><g v="sing"></g><g v="accs"></g></l></v></tfr></token><token id="604319" text="Раду"><tfr rev_id="4215593" t="Раду"><v><l id="291440" t="раду"><g v="NOUN"></g><g v="anim"></g><g v="masc"></g><g v="Sgtm"></g><g v="Fixd"></g><g v="Name"></g><g v="sing"></g><g v="nomn"></g></l></v><v><l id="291440" t="раду"><g v="NOUN"></g><g v="anim"></g><g v="masc"></g><g v="Sgtm"></g><g v="Fixd"></g><g v="Name"></g><g v="sing"></g><g v="gent"></g></l></v><v><l id="291440" t="раду"><g v="NOUN"></g><g v="anim"></g><g v="masc"></g><g v="Sgtm"></g><g v="Fixd"></g><g v="Name"></g><g v="sing"></g><g v="datv"></g></l></v><v><l id="291440" t="раду"><g v="NOUN"></g><g v="anim"></g><g v="masc"></g><g v="Sgtm"></g><g v="Fixd"></g><g v="Name"></g><g v="sing"></g><g v="accs"></g></l></v><v><l id="291440" t="раду"><g v="NOUN"></g><g v="anim"></g><g v="masc"></g><g v="Sgtm"></g><g v="Fixd"></g><g v="Name"></g><g v="sing"></g><g v="ablt"></g></l></v><v><l id="291440" t="раду"><g v="NOUN"></g><g v="anim"></g><g v="masc"></g><g v="Sgtm"></g><g v="Fixd"></g><g v="Name"></g><g v="sing"></g><g v="loct"></g></l></v></tfr></token><token id="604320" text="и"><tfr rev_id="1436745" t="и"><v><l id="116949" t="и"><g v="CONJ"></g></l></v><v><l id="116950" t="и"><g v="INTJ"></g></l></v></tfr></token><token id="604321" text="секретаря"><tfr rev_id="4358722" t="секретаря"><v><l id="318046" t="секретарь"><g v="NOUN"></g><g v="anim"></g><g v="masc"></g><g v="sing"></g><g v="accs"></g></l></v></tfr></token><token id="604322" text="генконсульства"><tfr rev_id="3492124" t="генконсульства"><v><l id="68614" t="генконсульство"><g v="NOUN"></g><g v="inan"></g><g v="neut"></g><g v="sing"></g><g v="gent"></g></l></v></tfr></token><token id="604323" text="Румынии"><tfr rev_id="3456850" t="Румынии"><v><l id="310133" t="румыния"><g v="NOUN"></g><g v="inan"></g><g v="femn"></g><g v="Sgtm"></g><g v="Geox"></g><g v="sing"></g><g v="gent"></g></l></v></tfr></token><token id="604324" text="в"><tfr rev_id="1436749" t="в"><v><l id="37409" t="в"><g v="PREP"></g></l></v></tfr></token><token id="604325" text="Черновцах"><tfr rev_id="1436750" t="Черновцах"><v><l id="375650" t="черновцы"><g v="NOUN"></g><g v="inan"></g><g v="GNdr"></g><g v="Pltm"></g><g v="Geox"></g><g v="plur"></g><g v="loct"></g></l></v></tfr></token><token id="604326" text="Юстиниана"><tfr rev_id="4216523" t="Юстиниана"><v><l id="387226" t="юстиниан"><g v="NOUN"></g><g v="anim"></g><g v="masc"></g><g v="Name"></g><g v="sing"></g><g v="accs"></g></l></v></tfr></token><token id="604327" text="Фокша"><tfr rev_id="1436752" t="Фокша"><v><l id="0" t="фокша"><g v="UNKN"></g></l></v></tfr></token><token id="604328" text="."><tfr rev_id="1436753" t="."><v><l id="0" t="."><g v="PNCT"></g></l></v></tfr></token></tokens></sentence><sentence id="33732"><source>Причиной выдворения послужили совершенные ими действия, направленные на нанесение вреда безопасности Украины, отметил источник издания.</source><tokens><token id="604329" text="Причиной"><tfr rev_id="1436754" t="Причиной"><v><l id="276522" t="причина"><g v="NOUN"></g><g v="inan"></g><g v="femn"></g><g v="sing"></g><g v="ablt"></g></l></v></tfr></token><token id="604330" text="выдворения"><tfr rev_id="3440613" t="выдворения"><v><l id="57000" t="выдворение"><g v="NOUN"></g><g v="inan"></g><g v="neut"></g><g v="sing"></g><g v="gent"></g></l></v></tfr></token><token id="604331" text="послужили"><tfr rev_id="1436756" t="послужили"><v><l id="261690" t="послужил"><g v="VERB"></g><g v="perf"></g><g v="intr"></g><g v="plur"></g><g v="past"></g><g v="indc"></g></l></v></tfr></token><token id="604332" text="совершенные"><tfr rev_id="1436757" t="совершенные"><v><l id="327903" t="совершенный"><g v="ADJF"></g><g v="Qual"></g><g v="plur"></g><g v="nomn"></g></l></v><v><l id="327903" t="совершенный"><g v="ADJF"></g><g v="Qual"></g><g v="inan"></g><g v="plur"></g><g v="accs"></g></l></v><v><l id="327927" t="совершённый"><g v="PRTF"></g><g v="perf"></g><g v="tran"></g><g v="past"></g><g v="pssv"></g><g v="plur"></g><g v="nomn"></g></l></v><v><l id="327927" t="совершённый"><g v="PRTF"></g><g v="perf"></g><g v="tran"></g><g v="past"></g><g v="pssv"></g><g v="inan"></g><g v="plur"></g><g v="accs"></g></l></v></tfr></token><token id="604333" text="ими"><tfr rev_id="3605537" t="ими"><v><l id="206619" t="они"><g v="NPRO"></g><g v="3per"></g><g v="Anph"></g><g v="plur"></g><g v="ablt"></g></l></v></tfr></token><token id="604334" text="действия"><tfr rev_id="3795647" t="действия"><v><l id="80091" t="действие"><g v="NOUN"></g><g v="inan"></g><g v="neut"></g><g v="plur"></g><g v="nomn"></g></l></v></tfr></token><token id="604335" text=","><tfr rev_id="1436760" t=","><v><l id="0" t=","><g v="PNCT"></g></l></v></tfr></token><token id="604336" text="направленные"><tfr rev_id="3684398" t="направленные"><v><l id="173955" t="направленный"><g v="PRTF"></g><g v="perf"></g><g v="tran"></g><g v="past"></g><g v="pssv"></g><g v="Adjx"></g><g v="plur"></g><g v="nomn"></g></l></v><v><l id="173955" t="направленный"><g v="PRTF"></g><g v="perf"></g><g v="tran"></g><g v="past"></g><g v="pssv"></g><g v="Adjx"></g><g v="inan"></g><g v="plur"></g><g v="accs"></g></l></v></tfr></token><token id="604337" text="на"><tfr rev_id="3395460" t="на"><v><l id="166264" t="на"><g v="PREP"></g></l></v></tfr></token><token id="604338" text="нанесение"><tfr rev_id="3551632" t="нанесение"><v><l id="172901" t="нанесение"><g v="NOUN"></g><g v="inan"></g><g v="neut"></g><g v="sing"></g><g v="accs"></g></l></v></tfr></token><token id="604339" text="вреда"><tfr rev_id="1436764" t="вреда"><v><l id="53061" t="вред"><g v="NOUN"></g><g v="inan"></g><g v="masc"></g><g v="sing"></g><g v="gent"></g></l></v></tfr></token><token id="604340" text="безопасности"><tfr rev_id="3493667" t="безопасности"><v><l id="26215" t="безопасность"><g v="NOUN"></g><g v="inan"></g><g v="femn"></g><g v="sing"></g><g v="gent"></g></l></v><v><l id="26215" t="безопасность"><g v="NOUN"></g><g v="inan"></g><g v="femn"></g><g v="sing"></g><g v="datv"></g></l></v><v><l id="26215" t="безопасность"><g v="NOUN"></g><g v="inan"></g><g v="femn"></g><g v="sing"></g><g v="loct"></g></l></v></tfr></token><token id="604341" text="Украины"><tfr rev_id="1436766" t="Украины"><v><l id="356365" t="украина"><g v="NOUN"></g><g v="inan"></g><g v="femn"></g><g v="Sgtm"></g><g v="Geox"></g><g v="sing"></g><g v="gent"></g></l></v></tfr></token><token id="604342" text=","><tfr rev_id="1436767" t=","><v><l id="0" t=","><g v="PNCT"></g></l></v></tfr></token><token id="604343" text="отметил"><tfr rev_id="1436768" t="отметил"><v><l id="215584" t="отметил"><g v="VERB"></g><g v="perf"></g><g v="tran"></g><g v="masc"></g><g v="sing"></g><g v="past"></g><g v="indc"></g></l></v></tfr></token><token id="604344" text="источник"><tfr rev_id="1436769" t="источник"><v><l id="126464" t="источник"><g v="NOUN"></g><g v="inan"></g><g v="masc"></g><g v="sing"></g><g v="nomn"></g></l></v><v><l id="126464" t="источник"><g v="NOUN"></g><g v="inan"></g><g v="masc"></g><g v="sing"></g><g v="accs"></g></l></v></tfr></token><token id="604345" text="издания"><tfr rev_id="3463755" t="издания"><v><l id="118742" t="издание"><g v="NOUN"></g><g v="inan"></g><g v="neut"></g><g v="sing"></g><g v="gent"></g></l></v></tfr></token><token id="604346" text="."><tfr rev_id="1436771" t="."><v><l id="0" t="."><g v="PNCT"></g></l></v></tfr></token></tokens></sentence></paragraph><paragraph id="10789"><sentence id="33733"><source>Так, по словам собеседника «Украинской правды», Раду и Фокша «добывали тенденциозную информацию» о деятельности органов власти Украины, с тем чтобы впоследствии использовать ее для дискредитации страны на мировой внешнеполитической арене.</source><tokens><token id="604347" text="Так"><tfr rev_id="1436772" t="Так"><v><l id="342451" t="так"><g v="CONJ"></g></l></v><v><l id="342452" t="так"><g v="PRCL"></g></l></v><v><l id="342453" t="так"><g v="ADVB"></g><g v="Dmns"></g></l></v></tfr></token><token id="604348" text=","><tfr rev_id="1436773" t=","><v><l id="0" t=","><g v="PNCT"></g></l></v></tfr></token><token id="604349" text="по"><tfr rev_id="1436774" t="по"><v><l id="241240" t="по"><g v="PREP"></g></l></v></tfr></token><token id="604350" text="словам"><tfr rev_id="1436775" t="словам"><v><l id="325168" t="слово"><g v="NOUN"></g><g v="inan"></g><g v="neut"></g><g v="plur"></g><g v="datv"></g></l></v></tfr></token><token id="604351" text="собеседника"><tfr rev_id="4397248" t="собеседника"><v><l id="327651" t="собеседник"><g v="NOUN"></g><g v="anim"></g><g v="masc"></g><g v="sing"></g><g v="gent"></g></l></v></tfr></token><token id="604352" text="«"><tfr rev_id="2443655" t="«"><v><l id="0" t="«"><g v="PNCT"></g></l></v></tfr></token><token id="604353" text="Украинской"><tfr rev_id="4095142" t="Украинской"><v><l id="356396" t="украинский"><g v="ADJF"></g><g v="Geox"></g><g v="femn"></g><g v="sing"></g><g v="gent"></g></l></v></tfr></token><token id="604354" text="правды"><tfr rev_id="3444586" t="правды"><v><l id="265572" t="правда"><g v="NOUN"></g><g v="inan"></g><g v="femn"></g><g v="sing"></g><g v="gent"></g></l></v></tfr></token><token id="604355" text="»"><tfr rev_id="2443656" t="»"><v><l id="0" t="»"><g v="PNCT"></g></l></v></tfr></token><token id="604356" text=","><tfr rev_id="1436781" t=","><v><l id="0" t=","><g v="PNCT"></g></l></v></tfr></token><token id="604357" text="Раду"><tfr rev_id="4180719" t="Раду"><v><l id="291440" t="раду"><g v="NOUN"></g><g v="anim"></g><g v="masc"></g><g v="Sgtm"></g><g v="Fixd"></g><g v="Name"></g><g v="sing"></g><g v="nomn"></g></l></v></tfr></token><token id="604358" text="и"><tfr rev_id="1436783" t="и"><v><l id="116949" t="и"><g v="CONJ"></g></l></v><v><l id="116950" t="и"><g v="INTJ"></g></l></v></tfr></token><token id="604359" text="Фокша"><tfr rev_id="1436784" t="Фокша"><v><l id="0" t="фокша"><g v="UNKN"></g></l></v></tfr></token><token id="604360" text="«"><tfr rev_id="2443657" t="«"><v><l id="0" t="«"><g v="PNCT"></g></l></v></tfr></token><token id="604361" text="добывали"><tfr rev_id="1436786" t="добывали"><v><l id="85590" t="добываю"><g v="VERB"></g><g v="impf"></g><g v="tran"></g><g v="plur"></g><g v="past"></g><g v="indc"></g></l></v></tfr></token><token id="604362" text="тенденциозную"><tfr rev_id="1436787" t="тенденциозную"><v><l id="344672" t="тенденциозный"><g v="ADJF"></g><g v="Qual"></g><g v="femn"></g><g v="sing"></g><g v="accs"></g></l></v></tfr></token><token id="604363" text="информацию"><tfr rev_id="1436788" t="информацию"><v><l id="123576" t="информация"><g v="NOUN"></g><g v="inan"></g><g v="femn"></g><g v="sing"></g><g v="accs"></g></l></v></tfr></token><token id="604364" text="»"><tfr rev_id="2443658" t="»"><v><l id="0" t="»"><g v="PNCT"></g></l></v></tfr></token><token id="604365" text="о"><tfr rev_id="3230775" t="о"><v><l id="192977" t="о"><g v="PREP"></g></l></v></tfr></token><token id="604366" text="деятельности"><tfr rev_id="3764727" t="деятельности"><v><l id="82512" t="деятельность"><g v="NOUN"></g><g v="inan"></g><g v="femn"></g><g v="sing"></g><g v="loct"></g></l></v></tfr></token><token id="604367" text="органов"><tfr rev_id="1436792" t="органов"><v><l id="208736" t="орган"><g v="NOUN"></g><g v="inan"></g><g v="masc"></g><g v="plur"></g><g v="gent"></g></l></v></tfr></token><token id="604368" text="власти"><tfr rev_id="4179387" t="власти"><v><l id="46816" t="власть"><g v="NOUN"></g><g v="inan"></g><g v="femn"></g><g v="sing"></g><g v="gent"></g></l></v></tfr></token><token id="604369" text="Украины"><tfr rev_id="1436794" t="Украины"><v><l id="356365" t="украина"><g v="NOUN"></g><g v="inan"></g><g v="femn"></g><g v="Sgtm"></g><g v="Geox"></g><g v="sing"></g><g v="gent"></g></l></v></tfr></token><token id="604370" text=","><tfr rev_id="1436795" t=","><v><l id="0" t=","><g v="PNCT"></g></l></v></tfr></token><token id="604371" text="с"><tfr rev_id="1436796" t="с"><v><l id="311151" t="с"><g v="PREP"></g></l></v></tfr></token><token id="604372" text="тем"><tfr rev_id="4538233" t="тем"><v><l id="348430" t="тот"><g v="ADJF"></g><g v="Subx"></g><g v="Apro"></g><g v="Anph"></g><g v="masc"></g><g v="sing"></g><g v="ablt"></g></l></v><v><l id="348430" t="тот"><g v="ADJF"></g><g v="Subx"></g><g v="Apro"></g><g v="Anph"></g><g v="neut"></g><g v="sing"></g><g v="ablt"></g></l></v></tfr></token><token id="604373" text="чтобы"><tfr rev_id="4084415" t="чтобы"><v><l id="377013" t="чтобы"><g v="CONJ"></g></l></v></tfr></token><token id="604374" text="впоследствии"><tfr rev_id="1436799" t="впоследствии"><v><l id="52667" t="впоследствии"><g v="ADVB"></g></l></v></tfr></token><token id="604375" text="использовать"><tfr rev_id="1436800" t="использовать"><v><l id="125420" t="использовать"><g v="INFN"></g><g v="perf"></g><g v="tran"></g></l></v><v><l id="125421" t="использовать"><g v="INFN"></g><g v="impf"></g><g v="tran"></g></l></v></tfr></token><token id="604376" text="ее"><tfr rev_id="4572610" t="ее"><v><l id="206544" t="она"><g v="NPRO"></g><g v="femn"></g><g v="3per"></g><g v="Anph"></g><g v="sing"></g><g v="gent"></g></l></v><v><l id="206544" t="она"><g v="NPRO"></g><g v="femn"></g><g v="3per"></g><g v="Anph"></g><g v="sing"></g><g v="accs"></g></l></v></tfr></token><token id="604377" text="для"><tfr rev_id="3418268" t="для"><v><l id="85032" t="для"><g v="PREP"></g></l></v></tfr></token><token id="604378" text="дискредитации"><tfr rev_id="3504815" t="дискредитации"><v><l id="84349" t="дискредитация"><g v="NOUN"></g><g v="inan"></g><g v="femn"></g><g v="sing"></g><g v="gent"></g></l></v><v><l id="84349" t="дискредитация"><g v="NOUN"></g><g v="inan"></g><g v="femn"></g><g v="sing"></g><g v="datv"></g></l></v><v><l id="84349" t="дискредитация"><g v="NOUN"></g><g v="inan"></g><g v="femn"></g><g v="sing"></g><g v="loct"></g></l></v></tfr></token><token id="604379" text="страны"><tfr rev_id="3492322" t="страны"><v><l id="337100" t="страна"><g v="NOUN"></g><g v="inan"></g><g v="femn"></g><g v="sing"></g><g v="gent"></g></l></v></tfr></token><token id="604380" text="на"><tfr rev_id="3395096" t="на"><v><l id="166264" t="на"><g v="PREP"></g></l></v></tfr></token><token id="604381" text="мировой"><tfr rev_id="4464025" t="мировой"><v><l id="160894" t="мировой"><g v="ADJF"></g><g v="femn"></g><g v="sing"></g><g v="loct"></g></l></v></tfr></token><token id="604382" text="внешнеполитической"><tfr rev_id="4261573" t="внешнеполитической"><v><l id="47526" t="внешнеполитический"><g v="ADJF"></g><g v="femn"></g><g v="sing"></g><g v="loct"></g></l></v></tfr></token><token id="604383" text="арене"><tfr rev_id="4317727" t="арене"><v><l id="16192" t="арена"><g v="NOUN"></g><g v="inan"></g><g v="femn"></g><g v="sing"></g><g v="loct"></g></l></v></tfr></token><token id="604384" text="."><tfr rev_id="1436809" t="."><v><l id="0" t="."><g v="PNCT"></g></l></v></tfr></token></tokens></sentence><sentence id="33734"><source>Кроме того, дипломаты разжигали антиукраинские настроения среди румын, живущих на территории Украины, а также вмешивались в языковую политику государства.</source><tokens><token id="604385" text="Кроме"><tfr rev_id="1436810" t="Кроме"><v><l id="143259" t="кроме"><g v="PREP"></g></l></v></tfr></token><token id="604386" text="того"><tfr rev_id="4537594" t="того"><v><l id="348430" t="тот"><g v="ADJF"></g><g v="Subx"></g><g v="Apro"></g><g v="Anph"></g><g v="masc"></g><g v="sing"></g><g v="gent"></g></l></v><v><l id="348430" t="тот"><g v="ADJF"></g><g v="Subx"></g><g v="Apro"></g><g v="Anph"></g><g v="neut"></g><g v="sing"></g><g v="gent"></g></l></v></tfr></token><token id="604387" text=","><tfr rev_id="1436812" t=","><v><l id="0" t=","><g v="PNCT"></g></l></v></tfr></token><token id="604388" text="дипломаты"><tfr rev_id="1436813" t="дипломаты"><v><l id="84142" t="дипломат"><g v="NOUN"></g><g v="anim"></g><g v="masc"></g><g v="plur"></g><g v="nomn"></g></l></v></tfr></token><token id="604389" text="разжигали"><tfr rev_id="1436814" t="разжигали"><v><l id="294047" t="разжигаю"><g v="VERB"></g><g v="impf"></g><g v="tran"></g><g v="plur"></g><g v="past"></g><g v="indc"></g></l></v></tfr></token><token id="604390" text="антиукраинские"><tfr rev_id="3768202" t="антиукраинские"><v><l id="14515" t="антиукраинский"><g v="ADJF"></g><g v="inan"></g><g v="plur"></g><g v="accs"></g></l></v></tfr></token><token id="604391" text="настроения"><tfr rev_id="3726974" t="настроения"><v><l id="176265" t="настроение"><g v="NOUN"></g><g v="inan"></g><g v="neut"></g><g v="plur"></g><g v="accs"></g></l></v></tfr></token><token id="604392" text="среди"><tfr rev_id="1436817" t="среди"><v><l id="333473" t="среди"><g v="PREP"></g></l></v></tfr></token><token id="604393" text="румын"><tfr rev_id="4358409" t="румын"><v><l id="310132" t="румын"><g v="NOUN"></g><g v="anim"></g><g v="masc"></g><g v="plur"></g><g v="gent"></g></l></v></tfr></token><token id="604394" text=","><tfr rev_id="1436819" t=","><v><l id="0" t=","><g v="PNCT"></g></l></v></tfr></token><token id="604395" text="живущих"><tfr rev_id="1436820" t="живущих"><v><l id="97605" t="живущий"><g v="PRTF"></g><g v="impf"></g><g v="intr"></g><g v="pres"></g><g v="actv"></g><g v="plur"></g><g v="gent"></g></l></v><v><l id="97605" t="живущий"><g v="PRTF"></g><g v="impf"></g><g v="intr"></g><g v="pres"></g><g v="actv"></g><g v="anim"></g><g v="plur"></g><g v="accs"></g></l></v><v><l id="97605" t="живущий"><g v="PRTF"></g><g v="impf"></g><g v="intr"></g><g v="pres"></g><g v="actv"></g><g v="plur"></g><g v="loct"></g></l></v></tfr></token><token id="604396" text="на"><tfr rev_id="3345344" t="на"><v><l id="166264" t="на"><g v="PREP"></g></l></v></tfr></token><token id="604397" text="территории"><tfr rev_id="4277600" t="территории"><v><l id="345621" t="территория"><g v="NOUN"></g><g v="inan"></g><g v="femn"></g><g v="sing"></g><g v="loct"></g></l></v></tfr></token><token id="604398" text="Украины"><tfr rev_id="1436823" t="Украины"><v><l id="356365" t="украина"><g v="NOUN"></g><g v="inan"></g><g v="femn"></g><g v="Sgtm"></g><g v="Geox"></g><g v="sing"></g><g v="gent"></g></l></v></tfr></token><token id="604399" text=","><tfr rev_id="1436824" t=","><v><l id="0" t=","><g v="PNCT"></g></l></v></tfr></token><token id="604400" text="а"><tfr rev_id="1436825" t="а"><v><l id="51" t="а"><g v="CONJ"></g></l></v><v><l id="52" t="а"><g v="INTJ"></g></l></v><v><l id="53" t="а"><g v="PRCL"></g></l></v></tfr></token><token id="604401" text="также"><tfr rev_id="4267717" t="также"><v><l id="342482" t="также"><g v="PRCL"></g></l></v></tfr></token><token id="604402" text="вмешивались"><tfr rev_id="1436827" t="вмешивались"><v><l id="47194" t="вмешиваюсь"><g v="VERB"></g><g v="impf"></g><g v="intr"></g><g v="plur"></g><g v="past"></g><g v="indc"></g></l></v></tfr></token><token id="604403" text="в"><tfr rev_id="1436828" t="в"><v><l id="37409" t="в"><g v="PREP"></g></l></v></tfr></token><token id="604404" text="языковую"><tfr rev_id="3349710" t="языковую"><v><l id="387592" t="языковой"><g v="ADJF"></g><g v="femn"></g><g v="sing"></g><g v="accs"></g></l></v><v><l id="387594" t="языковый"><g v="ADJF"></g><g v="femn"></g><g v="sing"></g><g v="accs"></g></l></v></tfr></token><token id="604405" text="политику"><tfr rev_id="4162938" t="политику"><v><l id="255853" t="политика"><g v="NOUN"></g><g v="inan"></g><g v="femn"></g><g v="sing"></g><g v="accs"></g></l></v></tfr></token><token id="604406" text="государства"><tfr rev_id="3284413" t="государства"><v><l id="74164" t="государство"><g v="NOUN"></g><g v="inan"></g><g v="neut"></g><g v="sing"></g><g v="gent"></g></l></v></tfr></token><token id="604407" text="."><tfr rev_id="1436832" t="."><v><l id="0" t="."><g v="PNCT"></g></l></v></tfr></token></tokens></sentence></paragraph><paragraph id="10790"><sentence id="33735"><source>В то же время, пишет «Украинская правда», одной из причин выдворения румынских дипломатов из страны мог послужить шпионский скандал, разгоревшийся недавно между Украиной и Румынией.</source><tokens><token id="604408" text="В"><tfr rev_id="1436833" t="В"><v><l id="37409" t="в"><g v="PREP"></g></l></v></tfr></token><token id="604409" text="то"><tfr rev_id="3777519" t="то"><v><l id="346835" t="то"><g v="CONJ"></g></l></v><v><l id="346836" t="то"><g v="PRCL"></g></l></v><v><l id="348430" t="тот"><g v="ADJF"></g><g v="Subx"></g><g v="Apro"></g><g v="Anph"></g><g v="neut"></g><g v="sing"></g><g v="nomn"></g></l></v><v><l id="348430" t="тот"><g v="ADJF"></g><g v="Subx"></g><g v="Apro"></g><g v="Anph"></g><g v="neut"></g><g v="sing"></g><g v="accs"></g></l></v></tfr></token><token id="604410" text="же"><tfr rev_id="4084401" t="же"><v><l id="96209" t="же"><g v="PRCL"></g></l></v></tfr></token><token id="604411" text="время"><tfr rev_id="3503249" t="время"><v><l id="53149" t="время"><g v="NOUN"></g><g v="inan"></g><g v="neut"></g><g v="sing"></g><g v="accs"></g></l></v></tfr></token><token id="604412" text=","><tfr rev_id="1436837" t=","><v><l id="0" t=","><g v="PNCT"></g></l></v></tfr></token><token id="604413" text="пишет"><tfr rev_id="1436838" t="пишет"><v><l id="239101" t="пишу"><g v="VERB"></g><g v="impf"></g><g v="tran"></g><g v="sing"></g><g v="3per"></g><g v="pres"></g><g v="indc"></g></l></v></tfr></token><token id="604414" text="«"><tfr rev_id="2443659" t="«"><v><l id="0" t="«"><g v="PNCT"></g></l></v></tfr></token><token id="604415" text="Украинская"><tfr rev_id="1436840" t="Украинская"><v><l id="356396" t="украинский"><g v="ADJF"></g><g v="Geox"></g><g v="femn"></g><g v="sing"></g><g v="nomn"></g></l></v></tfr></token><token id="604416" text="правда"><tfr rev_id="2625132" t="правда"><v><l id="265572" t="правда"><g v="NOUN"></g><g v="inan"></g><g v="femn"></g><g v="sing"></g><g v="nomn"></g></l></v><v><l id="265574" t="правда"><g v="PRCL"></g></l></v><v><l id="265575" t="правда"><g v="CONJ"></g><g v="Prnt"></g></l></v></tfr></token><token id="604417" text="»"><tfr rev_id="2443660" t="»"><v><l id="0" t="»"><g v="PNCT"></g></l></v></tfr></token><token id="604418" text=","><tfr rev_id="1436843" t=","><v><l id="0" t=","><g v="PNCT"></g></l></v></tfr></token><token id="604419" text="одной"><tfr rev_id="4572346" t="одной"><v><l id="203319" t="один"><g v="ADJF"></g><g v="Apro"></g><g v="Anum"></g><g v="femn"></g><g v="sing"></g><g v="ablt"></g></l></v></tfr></token><token id="604420" text="из"><tfr rev_id="2603611" t="из"><v><l id="117677" t="из"><g v="PREP"></g></l></v></tfr></token><token id="604421" text="причин"><tfr rev_id="1436846" t="причин"><v><l id="276522" t="причина"><g v="NOUN"></g><g v="inan"></g><g v="femn"></g><g v="plur"></g><g v="gent"></g></l></v></tfr></token><token id="604422" text="выдворения"><tfr rev_id="3497935" t="выдворения"><v><l id="57000" t="выдворение"><g v="NOUN"></g><g v="inan"></g><g v="neut"></g><g v="sing"></g><g v="gent"></g></l></v></tfr></token><token id="604423" text="румынских"><tfr rev_id="3668517" t="румынских"><v><l id="310136" t="румынский"><g v="ADJF"></g><g v="plur"></g><g v="gent"></g></l></v></tfr></token><token id="604424" text="дипломатов"><tfr rev_id="3309987" t="дипломатов"><v><l id="84142" t="дипломат"><g v="NOUN"></g><g v="anim"></g><g v="masc"></g><g v="plur"></g><g v="gent"></g></l></v></tfr></token><token id="604425" text="из"><tfr rev_id="2503429" t="из"><v><l id="117677" t="из"><g v="PREP"></g></l></v></tfr></token><token id="604426" text="страны"><tfr rev_id="3452040" t="страны"><v><l id="337100" t="страна"><g v="NOUN"></g><g v="inan"></g><g v="femn"></g><g v="sing"></g><g v="gent"></g></l></v></tfr></token><token id="604427" text="мог"><tfr rev_id="1436852" t="мог"><v><l id="164485" t="могу"><g v="VERB"></g><g v="impf"></g><g v="intr"></g><g v="masc"></g><g v="sing"></g><g v="past"></g><g v="indc"></g></l></v></tfr></token><token id="604428" text="послужить"><tfr rev_id="1436853" t="послужить"><v><l id="261691" t="послужить"><g v="INFN"></g><g v="perf"></g><g v="intr"></g></l></v></tfr></token><token id="604429" text="шпионский"><tfr rev_id="1436854" t="шпионский"><v><l id="381027" t="шпионский"><g v="ADJF"></g><g v="masc"></g><g v="sing"></g><g v="nomn"></g></l></v><v><l id="381027" t="шпионский"><g v="ADJF"></g><g v="inan"></g><g v="masc"></g><g v="sing"></g><g v="accs"></g></l></v></tfr></token><token id="604430" text="скандал"><tfr rev_id="3340021" t="скандал"><v><l id="321718" t="скандал"><g v="NOUN"></g><g v="inan"></g><g v="masc"></g><g v="sing"></g><g v="nomn"></g></l></v></tfr></token><token id="604431" text=","><tfr rev_id="1436856" t=","><v><l id="0" t=","><g v="PNCT"></g></l></v></tfr></token><token id="604432" text="разгоревшийся"><tfr rev_id="1436857" t="разгоревшийся"><v><l id="293084" t="разгоревшийся"><g v="PRTF"></g><g v="perf"></g><g v="intr"></g><g v="past"></g><g v="actv"></g><g v="masc"></g><g v="sing"></g><g v="nomn"></g></l></v><v><l id="293084" t="разгоревшийся"><g v="PRTF"></g><g v="perf"></g><g v="intr"></g><g v="past"></g><g v="actv"></g><g v="inan"></g><g v="masc"></g><g v="sing"></g><g v="accs"></g></l></v></tfr></token><token id="604433" text="недавно"><tfr rev_id="1436858" t="недавно"><v><l id="180623" t="недавно"><g v="ADVB"></g></l></v></tfr></token><token id="604434" text="между"><tfr rev_id="1436859" t="между"><v><l id="157306" t="между"><g v="PREP"></g></l></v></tfr></token><token id="604435" text="Украиной"><tfr rev_id="1436860" t="Украиной"><v><l id="356365" t="украина"><g v="NOUN"></g><g v="inan"></g><g v="femn"></g><g v="Sgtm"></g><g v="Geox"></g><g v="sing"></g><g v="ablt"></g></l></v></tfr></token><token id="604436" text="и"><tfr rev_id="1436861" t="и"><v><l id="116949" t="и"><g v="CONJ"></g></l></v><v><l id="116950" t="и"><g v="INTJ"></g></l></v></tfr></token><token id="604437" text="Румынией"><tfr rev_id="1436862" t="Румынией"><v><l id="310133" t="румыния"><g v="NOUN"></g><g v="inan"></g><g v="femn"></g><g v="Sgtm"></g><g v="Geox"></g><g v="sing"></g><g v="ablt"></g></l></v></tfr></token><token id="604438" text="."><tfr rev_id="1436863" t="."><v><l id="0" t="."><g v="PNCT"></g></l></v></tfr></token></tokens></sentence><sentence id="33736"><source>4 марта в Бухаресте был задержан офицер Министерства обороны Румынии Флоричел Аким и его сообщник — гражданин Болгарии Петр Зикулов.</source><tokens><token id="604439" text="4"><tfr rev_id="2461706" t="4"><v><l id="0" t="4"><g v="NUMB"></g></l></v></tfr></token><token id="604440" text="марта"><tfr rev_id="4331782" t="марта"><v><l id="155465" t="март"><g v="NOUN"></g><g v="inan"></g><g v="masc"></g><g v="sing"></g><g v="gent"></g></l></v></tfr></token><token id="604441" text="в"><tfr rev_id="1436866" t="в"><v><l id="37409" t="в"><g v="PREP"></g></l></v></tfr></token><token id="604442" text="Бухаресте"><tfr rev_id="1436867" t="Бухаресте"><v><l id="36758" t="бухарест"><g v="NOUN"></g><g v="inan"></g><g v="masc"></g><g v="Geox"></g><g v="sing"></g><g v="loct"></g></l></v></tfr></token><token id="604443" text="был"><tfr rev_id="1436868" t="был"><v><l id="37265" t="есть"><g v="VERB"></g><g v="impf"></g><g v="intr"></g><g v="masc"></g><g v="sing"></g><g v="past"></g><g v="indc"></g></l></v></tfr></token><token id="604444" text="задержан"><tfr rev_id="1436869" t="задержан"><v><l id="101573" t="задержан"><g v="PRTS"></g><g v="perf"></g><g v="past"></g><g v="pssv"></g><g v="masc"></g><g v="sing"></g></l></v></tfr></token><token id="604445" text="офицер"><tfr rev_id="1436870" t="офицер"><v><l id="220923" t="офицер"><g v="NOUN"></g><g v="anim"></g><g v="masc"></g><g v="sing"></g><g v="nomn"></g></l></v></tfr></token><token id="604446" text="Министерства"><tfr rev_id="3432651" t="Министерства"><v><l id="160612" t="министерство"><g v="NOUN"></g><g v="inan"></g><g v="neut"></g><g v="sing"></g><g v="gent"></g></l></v></tfr></token><token id="604447" text="обороны"><tfr rev_id="2722637" t="обороны"><v><l id="198479" t="оборона"><g v="NOUN"></g><g v="inan"></g><g v="femn"></g><g v="sing"></g><g v="gent"></g></l></v></tfr></token><token id="604448" text="Румынии"><tfr rev_id="3325529" t="Румынии"><v><l id="310133" t="румыния"><g v="NOUN"></g><g v="inan"></g><g v="femn"></g><g v="Sgtm"></g><g v="Geox"></g><g v="sing"></g><g v="gent"></g></l></v></tfr></token><token id="604449" text="Флоричел"><tfr rev_id="1436874" t="Флоричел"><v><l id="0" t="флоричел"><g v="UNKN"></g></l></v></tfr></token><token id="604450" text="Аким"><tfr rev_id="3225273" t="Аким"><v><l id="6972" t="аким"><g v="NOUN"></g><g v="anim"></g><g v="masc"></g><g v="Name"></g><g v="sing"></g><g v="nomn"></g></l></v></tfr></token><token id="604451" text="и"><tfr rev_id="3880504" t="и"><v><l id="116949" t="и"><g v="CONJ"></g></l></v></tfr></token><token id="604452" text="его"><tfr rev_id="4512994" t="его"><v><l id="94208" t="его"><g v="ADJF"></g><g v="Fixd"></g><g v="Apro"></g><g v="Anph"></g><g v="masc"></g><g v="sing"></g><g v="nomn"></g></l></v><v><l id="94208" t="его"><g v="ADJF"></g><g v="Fixd"></g><g v="Apro"></g><g v="Anph"></g><g v="masc"></g><g v="sing"></g><g v="gent"></g></l></v><v><l id="94208" t="его"><g v="ADJF"></g><g v="Fixd"></g><g v="Apro"></g><g v="Anph"></g><g v="masc"></g><g v="sing"></g><g v="datv"></g></l></v><v><l id="94208" t="его"><g v="ADJF"></g><g v="Fixd"></g><g v="Apro"></g><g v="Anph"></g><g v="masc"></g><g v="sing"></g><g v="accs"></g></l></v><v><l id="94208" t="его"><g v="ADJF"></g><g v="Fixd"></g><g v="Apro"></g><g v="Anph"></g><g v="masc"></g><g v="sing"></g><g v="ablt"></g></l></v><v><l id="94208" t="его"><g v="ADJF"></g><g v="Fixd"></g><g v="Apro"></g><g v="Anph"></g><g v="masc"></g><g v="sing"></g><g v="loct"></g></l></v></tfr></token><token id="604453" text="сообщник"><tfr rev_id="1436878" t="сообщник"><v><l id="329566" t="сообщник"><g v="NOUN"></g><g v="anim"></g><g v="masc"></g><g v="sing"></g><g v="nomn"></g></l></v></tfr></token><token id="604454" text="—"><tfr rev_id="2443661" t="—"><v><l id="0" t="—"><g v="PNCT"></g></l></v></tfr></token><token id="604455" text="гражданин"><tfr rev_id="1436880" t="гражданин"><v><l id="74521" t="гражданин"><g v="NOUN"></g><g v="anim"></g><g v="masc"></g><g v="sing"></g><g v="nomn"></g></l></v></tfr></token><token id="604456" text="Болгарии"><tfr rev_id="3455426" t="Болгарии"><v><l id="32035" t="болгария"><g v="NOUN"></g><g v="inan"></g><g v="femn"></g><g v="Sgtm"></g><g v="Geox"></g><g v="sing"></g><g v="gent"></g></l></v></tfr></token><token id="604457" text="Петр"><tfr rev_id="3451973" t="Петр"><v><l id="237954" t="пётр"><g v="NOUN"></g><g v="anim"></g><g v="masc"></g><g v="Name"></g><g v="sing"></g><g v="nomn"></g></l></v></tfr></token><token id="604458" text="Зикулов"><tfr rev_id="1436883" t="Зикулов"><v><l id="0" t="зикулов"><g v="UNKN"></g></l></v></tfr></token><token id="604459" text="."><tfr rev_id="1436884" t="."><v><l id="0" t="."><g v="PNCT"></g></l></v></tfr></token></tokens></sentence><sentence id="33737"><source>По одной из версий, задержанные собирали секретную информацию и затем передавали ее украинским спецслужбам.</source><tokens><token id="604460" text="По"><tfr rev_id="1436885" t="По"><v><l id="241240" t="по"><g v="PREP"></g></l></v></tfr></token><token id="604461" text="одной"><tfr rev_id="4302342" t="одной"><v><l id="203319" t="один"><g v="ADJF"></g><g v="Apro"></g><g v="Anum"></g><g v="femn"></g><g v="sing"></g><g v="datv"></g></l></v></tfr></token><token id="604462" text="из"><tfr rev_id="2560449" t="из"><v><l id="117677" t="из"><g v="PREP"></g></l></v></tfr></token><token id="604463" text="версий"><tfr rev_id="1436888" t="версий"><v><l id="41566" t="версия"><g v="NOUN"></g><g v="inan"></g><g v="femn"></g><g v="plur"></g><g v="gent"></g></l></v></tfr></token><token id="604464" text=","><tfr rev_id="1436889" t=","><v><l id="0" t=","><g v="PNCT"></g></l></v></tfr></token><token id="604465" text="задержанные"><tfr rev_id="4137563" t="задержанные"><v><l id="101572" t="задержанный"><g v="PRTF"></g><g v="Subx"></g><g v="perf"></g><g v="tran"></g><g v="past"></g><g v="pssv"></g><g v="plur"></g><g v="nomn"></g></l></v><v><l id="101572" t="задержанный"><g v="PRTF"></g><g v="Subx"></g><g v="perf"></g><g v="tran"></g><g v="past"></g><g v="pssv"></g><g v="inan"></g><g v="plur"></g><g v="accs"></g></l></v></tfr></token><token id="604466" text="собирали"><tfr rev_id="1436891" t="собирали"><v><l id="327673" t="собираю"><g v="VERB"></g><g v="impf"></g><g v="tran"></g><g v="plur"></g><g v="past"></g><g v="indc"></g></l></v></tfr></token><token id="604467" text="секретную"><tfr rev_id="1436892" t="секретную"><v><l id="318063" t="секретный"><g v="ADJF"></g><g v="Qual"></g><g v="femn"></g><g v="sing"></g><g v="accs"></g></l></v></tfr></token><token id="604468" text="информацию"><tfr rev_id="1436893" t="информацию"><v><l id="123576" t="информация"><g v="NOUN"></g><g v="inan"></g><g v="femn"></g><g v="sing"></g><g v="accs"></g></l></v></tfr></token><token id="604469" text="и"><tfr rev_id="4093831" t="и"><v><l id="116949" t="и"><g v="CONJ"></g></l></v></tfr></token><token id="604470" text="затем"><tfr rev_id="1436895" t="затем"><v><l id="111250" t="затем"><g v="ADVB"></g><g v="Dmns"></g></l></v></tfr></token><token id="604471" text="передавали"><tfr rev_id="1436896" t="передавали"><v><l id="228101" t="передаю"><g v="VERB"></g><g v="impf"></g><g v="tran"></g><g v="plur"></g><g v="past"></g><g v="indc"></g></l></v><v><l id="228108" t="передавал"><g v="VERB"></g><g v="perf"></g><g v="tran"></g><g v="plur"></g><g v="past"></g><g v="indc"></g></l></v></tfr></token><token id="604472" text="ее"><tfr rev_id="4474729" t="ее"><v><l id="206544" t="она"><g v="NPRO"></g><g v="femn"></g><g v="3per"></g><g v="Anph"></g><g v="sing"></g><g v="gent"></g></l></v><v><l id="206544" t="она"><g v="NPRO"></g><g v="femn"></g><g v="3per"></g><g v="Anph"></g><g v="sing"></g><g v="accs"></g></l></v></tfr></token><token id="604473" text="украинским"><tfr rev_id="3472838" t="украинским"><v><l id="356396" t="украинский"><g v="ADJF"></g><g v="Geox"></g><g v="plur"></g><g v="datv"></g></l></v></tfr></token><token id="604474" text="спецслужбам"><tfr rev_id="1436899" t="спецслужбам"><v><l id="331981" t="спецслужба"><g v="NOUN"></g><g v="inan"></g><g v="femn"></g><g v="plur"></g><g v="datv"></g></l></v></tfr></token><token id="604475" text="."><tfr rev_id="1436900" t="."><v><l id="0" t="."><g v="PNCT"></g></l></v></tfr></token></tokens></sentence></paragraph><paragraph id="10791"><sentence id="33738"><source>Вскоре после задержания предполагаемых шпионов Румыния приняла решение выдворить из страны украинского военного атташе и его помощника.</source><tokens><token id="604476" text="Вскоре"><tfr rev_id="1436901" t="Вскоре"><v><l id="53849" t="вскоре"><g v="ADVB"></g></l></v></tfr></token><token id="604477" text="после"><tfr rev_id="4406231" t="после"><v><l id="261542" t="после"><g v="PREP"></g></l></v></tfr></token><token id="604478" text="задержания"><tfr rev_id="3501456" t="задержания"><v><l id="101568" t="задержание"><g v="NOUN"></g><g v="inan"></g><g v="neut"></g><g v="sing"></g><g v="gent"></g></l></v></tfr></token><token id="604479" text="предполагаемых"><tfr rev_id="3684932" t="предполагаемых"><v><l id="266817" t="предполагаемый"><g v="PRTF"></g><g v="impf"></g><g v="tran"></g><g v="pres"></g><g v="pssv"></g><g v="Adjx"></g><g v="plur"></g><g v="gent"></g></l></v><v><l id="266817" t="предполагаемый"><g v="PRTF"></g><g v="impf"></g><g v="tran"></g><g v="pres"></g><g v="pssv"></g><g v="Adjx"></g><g v="anim"></g><g v="plur"></g><g v="accs"></g></l></v><v><l id="266817" t="предполагаемый"><g v="PRTF"></g><g v="impf"></g><g v="tran"></g><g v="pres"></g><g v="pssv"></g><g v="Adjx"></g><g v="plur"></g><g v="loct"></g></l></v></tfr></token><token id="604480" text="шпионов"><tfr rev_id="3465045" t="шпионов"><v><l id="381017" t="шпион"><g v="NOUN"></g><g v="anim"></g><g v="masc"></g><g v="plur"></g><g v="gent"></g></l></v></tfr></token><token id="604481" text="Румыния"><tfr rev_id="1436906" t="Румыния"><v><l id="310133" t="румыния"><g v="NOUN"></g><g v="inan"></g><g v="femn"></g><g v="Sgtm"></g><g v="Geox"></g><g v="sing"></g><g v="nomn"></g></l></v></tfr></token><token id="604482" text="приняла"><tfr rev_id="1436907" t="приняла"><v><l id="272700" t="принял"><g v="VERB"></g><g v="perf"></g><g v="tran"></g><g v="femn"></g><g v="sing"></g><g v="past"></g><g v="indc"></g></l></v></tfr></token><token id="604483" text="решение"><tfr rev_id="4100730" t="решение"><v><l id="307350" t="решение"><g v="NOUN"></g><g v="inan"></g><g v="neut"></g><g v="sing"></g><g v="accs"></g></l></v></tfr></token><token id="604484" text="выдворить"><tfr rev_id="1436909" t="выдворить"><v><l id="57002" t="выдворить"><g v="INFN"></g><g v="perf"></g><g v="tran"></g></l></v></tfr></token><token id="604485" text="из"><tfr rev_id="2561384" t="из"><v><l id="117677" t="из"><g v="PREP"></g></l></v></tfr></token><token id="604486" text="страны"><tfr rev_id="3502124" t="страны"><v><l id="337100" t="страна"><g v="NOUN"></g><g v="inan"></g><g v="femn"></g><g v="sing"></g><g v="gent"></g></l></v></tfr></token><token id="604487" text="украинского"><tfr rev_id="3530893" t="украинского"><v><l id="356396" t="украинский"><g v="ADJF"></g><g v="Geox"></g><g v="masc"></g><g v="sing"></g><g v="gent"></g></l></v><v><l id="356396" t="украинский"><g v="ADJF"></g><g v="Geox"></g><g v="anim"></g><g v="masc"></g><g v="sing"></g><g v="accs"></g></l></v></tfr></token><token id="604488" text="военного"><tfr rev_id="4493904" t="военного"><v><l id="48619" t="военный"><g v="ADJF"></g><g v="masc"></g><g v="sing"></g><g v="gent"></g></l></v><v><l id="48619" t="военный"><g v="ADJF"></g><g v="anim"></g><g v="masc"></g><g v="sing"></g><g v="accs"></g></l></v></tfr></token><token id="604489" text="атташе"><tfr rev_id="4180621" t="атташе"><v><l id="19713" t="атташе"><g v="NOUN"></g><g v="anim"></g><g v="masc"></g><g v="Fixd"></g><g v="sing"></g><g v="accs"></g></l></v></tfr></token><token id="604490" text="и"><tfr rev_id="1436915" t="и"><v><l id="116949" t="и"><g v="CONJ"></g></l></v><v><l id="116950" t="и"><g v="INTJ"></g></l></v></tfr></token><token id="604491" text="его"><tfr rev_id="4513118" t="его"><v><l id="94208" t="его"><g v="ADJF"></g><g v="Fixd"></g><g v="Apro"></g><g v="Anph"></g><g v="masc"></g><g v="sing"></g><g v="nomn"></g></l></v><v><l id="94208" t="его"><g v="ADJF"></g><g v="Fixd"></g><g v="Apro"></g><g v="Anph"></g><g v="masc"></g><g v="sing"></g><g v="gent"></g></l></v><v><l id="94208" t="его"><g v="ADJF"></g><g v="Fixd"></g><g v="Apro"></g><g v="Anph"></g><g v="masc"></g><g v="sing"></g><g v="datv"></g></l></v><v><l id="94208" t="его"><g v="ADJF"></g><g v="Fixd"></g><g v="Apro"></g><g v="Anph"></g><g v="masc"></g><g v="sing"></g><g v="accs"></g></l></v><v><l id="94208" t="его"><g v="ADJF"></g><g v="Fixd"></g><g v="Apro"></g><g v="Anph"></g><g v="masc"></g><g v="sing"></g><g v="ablt"></g></l></v><v><l id="94208" t="его"><g v="ADJF"></g><g v="Fixd"></g><g v="Apro"></g><g v="Anph"></g><g v="masc"></g><g v="sing"></g><g v="loct"></g></l></v></tfr></token><token id="604492" text="помощника"><tfr rev_id="4397241" t="помощника"><v><l id="257957" t="помощник"><g v="NOUN"></g><g v="anim"></g><g v="masc"></g><g v="sing"></g><g v="accs"></g></l></v></tfr></token><token id="604493" text="."><tfr rev_id="1436918" t="."><v><l id="0" t="."><g v="PNCT"></g></l></v></tfr></token></tokens></sentence><sentence id="33739"><source>В ответ на это глава парламентского комитета по вопросам национальной безопасности и обороны Украины Анатолий Гриценко предложил украинским властям выслать из Киева двух румынских дипломатов.</source><tokens><token id="604494" text="В"><tfr rev_id="1436919" t="В"><v><l id="37409" t="в"><g v="PREP"></g></l></v></tfr></token><token id="604495" text="ответ"><tfr rev_id="3555829" t="ответ"><v><l id="212408" t="ответ"><g v="NOUN"></g><g v="inan"></g><g v="masc"></g><g v="sing"></g><g v="accs"></g></l></v></tfr></token><token id="604496" text="на"><tfr rev_id="3393940" t="на"><v><l id="166264" t="на"><g v="PREP"></g></l></v></tfr></token><token id="604497" text="это"><tfr rev_id="4441548" t="это"><v><l id="386574" t="это"><g v="PRCL"></g></l></v><v><l id="386575" t="это"><g v="NPRO"></g><g v="neut"></g><g v="sing"></g><g v="nomn"></g></l></v><v><l id="386575" t="это"><g v="NPRO"></g><g v="neut"></g><g v="sing"></g><g v="accs"></g></l></v><v><l id="386581" t="этот"><g v="ADJF"></g><g v="Subx"></g><g v="Apro"></g><g v="Anph"></g><g v="neut"></g><g v="sing"></g><g v="nomn"></g></l></v><v><l id="386581" t="этот"><g v="ADJF"></g><g v="Subx"></g><g v="Apro"></g><g v="Anph"></g><g v="neut"></g><g v="sing"></g><g v="accs"></g></l></v></tfr></token><token id="604498" text="глава"><tfr rev_id="4525722" t="глава"><v><l id="70790" t="глава"><g v="NOUN"></g><g v="anim"></g><g v="ms-f"></g><g v="sing"></g><g v="nomn"></g></l></v></tfr></token><token id="604499" text="парламентского"><tfr rev_id="4085960" t="парламентского"><v><l id="224165" t="парламентский"><g v="ADJF"></g><g v="masc"></g><g v="sing"></g><g v="gent"></g></l></v><v><l id="224165" t="парламентский"><g v="ADJF"></g><g v="anim"></g><g v="masc"></g><g v="sing"></g><g v="accs"></g></l></v></tfr></token><token id="604500" text="комитета"><tfr rev_id="1436925" t="комитета"><v><l id="136923" t="комитет"><g v="NOUN"></g><g v="inan"></g><g v="masc"></g><g v="sing"></g><g v="gent"></g></l></v></tfr></token><token id="604501" text="по"><tfr rev_id="1436926" t="по"><v><l id="241240" t="по"><g v="PREP"></g></l></v></tfr></token><token id="604502" text="вопросам"><tfr rev_id="1436927" t="вопросам"><v><l id="50830" t="вопрос"><g v="NOUN"></g><g v="inan"></g><g v="masc"></g><g v="plur"></g><g v="datv"></g></l></v></tfr></token><token id="604503" text="национальной"><tfr rev_id="1436928" t="национальной"><v><l id="178150" t="национальный"><g v="ADJF"></g><g v="femn"></g><g v="sing"></g><g v="gent"></g></l></v><v><l id="178150" t="национальный"><g v="ADJF"></g><g v="femn"></g><g v="sing"></g><g v="datv"></g></l></v><v><l id="178150" t="национальный"><g v="ADJF"></g><g v="femn"></g><g v="sing"></g><g v="ablt"></g></l></v><v><l id="178150" t="национальный"><g v="ADJF"></g><g v="femn"></g><g v="sing"></g><g v="loct"></g></l></v></tfr></token><token id="604504" text="безопасности"><tfr rev_id="4179893" t="безопасности"><v><l id="26215" t="безопасность"><g v="NOUN"></g><g v="inan"></g><g v="femn"></g><g v="sing"></g><g v="gent"></g></l></v></tfr></token><token id="604505" text="и"><tfr rev_id="4199951" t="и"><v><l id="116949" t="и"><g v="CONJ"></g></l></v></tfr></token><token id="604506" text="обороны"><tfr rev_id="3450032" t="обороны"><v><l id="198479" t="оборона"><g v="NOUN"></g><g v="inan"></g><g v="femn"></g><g v="sing"></g><g v="gent"></g></l></v></tfr></token><token id="604507" text="Украины"><tfr rev_id="1436932" t="Украины"><v><l id="356365" t="украина"><g v="NOUN"></g><g v="inan"></g><g v="femn"></g><g v="Sgtm"></g><g v="Geox"></g><g v="sing"></g><g v="gent"></g></l></v></tfr></token><token id="604508" text="Анатолий"><tfr rev_id="3484757" t="Анатолий"><v><l id="12451" t="анатолий"><g v="NOUN"></g><g v="anim"></g><g v="masc"></g><g v="Name"></g><g v="sing"></g><g v="nomn"></g></l></v></tfr></token><token id="604509" text="Гриценко"><tfr rev_id="4326931" t="Гриценко"><v><l id="75457" t="гриценко"><g v="NOUN"></g><g v="anim"></g><g v="ms-f"></g><g v="Fixd"></g><g v="Surn"></g><g v="sing"></g><g v="nomn"></g></l></v></tfr></token><token id="604510" text="предложил"><tfr rev_id="1436935" t="предложил"><v><l id="266540" t="предложил"><g v="VERB"></g><g v="perf"></g><g v="tran"></g><g v="masc"></g><g v="sing"></g><g v="past"></g><g v="indc"></g></l></v></tfr></token><token id="604511" text="украинским"><tfr rev_id="3472756" t="украинским"><v><l id="356396" t="украинский"><g v="ADJF"></g><g v="Geox"></g><g v="plur"></g><g v="datv"></g></l></v></tfr></token><token id="604512" text="властям"><tfr rev_id="1436937" t="властям"><v><l id="46816" t="власть"><g v="NOUN"></g><g v="inan"></g><g v="femn"></g><g v="plur"></g><g v="datv"></g></l></v></tfr></token><token id="604513" text="выслать"><tfr rev_id="1436938" t="выслать"><v><l id="61970" t="выслать"><g v="INFN"></g><g v="perf"></g><g v="tran"></g></l></v></tfr></token><token id="604514" text="из"><tfr rev_id="2604004" t="из"><v><l id="117677" t="из"><g v="PREP"></g></l></v></tfr></token><token id="604515" text="Киева"><tfr rev_id="1436940" t="Киева"><v><l id="132726" t="киев"><g v="NOUN"></g><g v="inan"></g><g v="masc"></g><g v="Geox"></g><g v="sing"></g><g v="gent"></g></l></v></tfr></token><token id="604516" text="двух"><tfr rev_id="4449685" t="двух"><v><l id="78668" t="два"><g v="NUMR"></g><g v="anim"></g><g v="accs"></g></l></v><v><l id="78668" t="два"><g v="NUMR"></g><g v="gent"></g></l></v><v><l id="78668" t="два"><g v="NUMR"></g><g v="loct"></g></l></v></tfr></token><token id="604517" text="румынских"><tfr rev_id="4356030" t="румынских"><v><l id="310136" t="румынский"><g v="ADJF"></g><g v="anim"></g><g v="plur"></g><g v="accs"></g></l></v></tfr></token><token id="604518" text="дипломатов"><tfr rev_id="4096583" t="дипломатов"><v><l id="84142" t="дипломат"><g v="NOUN"></g><g v="anim"></g><g v="masc"></g><g v="plur"></g><g v="accs"></g></l></v></tfr></token><token id="604519" text="."><tfr rev_id="1436944" t="."><v><l id="0" t="."><g v="PNCT"></g></l></v></tfr></token></tokens></sentence></paragraph></paragraphs></text>