<?xml version="1.0" encoding="utf-8"?><text id="1137" parent="56" name="В Чебоксарах проходит 14-ый Международный Фестиваль языков"><tags><tag>url:http://ru.wikinews.org/w/index.php?title=В_Чебоксарах_проходит_14-ый_Международный_Фестиваль_языков&amp;oldid=80117</tag><tag>Гео:ВикиКатегория:Республика Чувашия</tag><tag>Гео:ВикиКатегория:Россия</tag><tag>Гео:ВикиКатегория:Чебоксары</tag><tag>Тема:ВикиКатегория:Культура</tag><tag>Год:2009</tag><tag>Дата:14/10</tag><tag>Автор:http://ru.wikinews.org/wiki/Участник:Ольга Кириллова</tag></tags><paragraphs><paragraph id="10792"><sentence id="33740"><source>С 11 по 18 октября в Чебоксарах будет проходить 14 Международный Фестиваль языков.</source><tokens><token id="604520" text="С"><tfr rev_id="1436945" t="С"><v><l id="311151" t="с"><g v="PREP"></g></l></v></tfr></token><token id="604521" text="11"><tfr rev_id="2461707" t="11"><v><l id="0" t="11"><g v="NUMB"></g></l></v></tfr></token><token id="604522" text="по"><tfr rev_id="1436947" t="по"><v><l id="241240" t="по"><g v="PREP"></g></l></v></tfr></token><token id="604523" text="18"><tfr rev_id="2461708" t="18"><v><l id="0" t="18"><g v="NUMB"></g></l></v></tfr></token><token id="604524" text="октября"><tfr rev_id="1436949" t="октября"><v><l id="205725" t="октябрь"><g v="NOUN"></g><g v="inan"></g><g v="masc"></g><g v="sing"></g><g v="gent"></g></l></v></tfr></token><token id="604525" text="в"><tfr rev_id="1436950" t="в"><v><l id="37409" t="в"><g v="PREP"></g></l></v></tfr></token><token id="604526" text="Чебоксарах"><tfr rev_id="1436951" t="Чебоксарах"><v><l id="374918" t="чебоксары"><g v="NOUN"></g><g v="inan"></g><g v="GNdr"></g><g v="Pltm"></g><g v="Geox"></g><g v="plur"></g><g v="loct"></g></l></v></tfr></token><token id="604527" text="будет"><tfr rev_id="1436952" t="будет"><v><l id="37265" t="есть"><g v="VERB"></g><g v="impf"></g><g v="intr"></g><g v="sing"></g><g v="3per"></g><g v="futr"></g><g v="indc"></g></l></v></tfr></token><token id="604528" text="проходить"><tfr rev_id="1436953" t="проходить"><v><l id="287184" t="проходить"><g v="INFN"></g><g v="impf"></g><g v="tran"></g></l></v><v><l id="287191" t="проходить"><g v="INFN"></g><g v="perf"></g><g v="intr"></g></l></v></tfr></token><token id="604529" text="14"><tfr rev_id="2461709" t="14"><v><l id="0" t="14"><g v="NUMB"></g></l></v></tfr></token><token id="604530" text="Международный"><tfr rev_id="1436955" t="Международный"><v><l id="157346" t="международный"><g v="ADJF"></g><g v="masc"></g><g v="sing"></g><g v="nomn"></g></l></v><v><l id="157346" t="международный"><g v="ADJF"></g><g v="inan"></g><g v="masc"></g><g v="sing"></g><g v="accs"></g></l></v></tfr></token><token id="604531" text="Фестиваль"><tfr rev_id="4106306" t="Фестиваль"><v><l id="365486" t="фестиваль"><g v="NOUN"></g><g v="inan"></g><g v="masc"></g><g v="sing"></g><g v="nomn"></g></l></v></tfr></token><token id="604532" text="языков"><tfr rev_id="4401999" t="языков"><v><l id="387573" t="язык"><g v="NOUN"></g><g v="inan"></g><g v="masc"></g><g v="plur"></g><g v="gent"></g></l></v></tfr></token><token id="604533" text="."><tfr rev_id="1436958" t="."><v><l id="0" t="."><g v="PNCT"></g></l></v></tfr></token></tokens></sentence><sentence id="33741"><source>Мероприятия пройдут в Художественном музее, центре'Эдельвейс', Педуниверситете и ДК им. Ухсая, Национальнай библиотеке, Институте культуры и искусств.</source><tokens><token id="604534" text="Мероприятия"><tfr rev_id="3795349" t="Мероприятия"><v><l id="158644" t="мероприятие"><g v="NOUN"></g><g v="inan"></g><g v="neut"></g><g v="plur"></g><g v="nomn"></g></l></v></tfr></token><token id="604535" text="пройдут"><tfr rev_id="1436960" t="пройдут"><v><l id="280310" t="прошёл"><g v="VERB"></g><g v="perf"></g><g v="tran"></g><g v="plur"></g><g v="3per"></g><g v="futr"></g><g v="indc"></g></l></v></tfr></token><token id="604536" text="в"><tfr rev_id="1436961" t="в"><v><l id="37409" t="в"><g v="PREP"></g></l></v></tfr></token><token id="604537" text="Художественном"><tfr rev_id="3454556" t="Художественном"><v><l id="372461" t="художественный"><g v="ADJF"></g><g v="masc"></g><g v="sing"></g><g v="loct"></g></l></v></tfr></token><token id="604538" text="музее"><tfr rev_id="1436963" t="музее"><v><l id="164788" t="музей"><g v="NOUN"></g><g v="inan"></g><g v="masc"></g><g v="sing"></g><g v="loct"></g></l></v></tfr></token><token id="604539" text=","><tfr rev_id="1436964" t=","><v><l id="0" t=","><g v="PNCT"></g></l></v></tfr></token><token id="604540" text="центре"><tfr rev_id="1436965" t="центре"><v><l id="373369" t="центр"><g v="NOUN"></g><g v="inan"></g><g v="masc"></g><g v="sing"></g><g v="loct"></g></l></v></tfr></token><token id="604541" text="'"><tfr rev_id="4146801" t="'"><v><l id="0" t="'"><g v="PNCT"></g></l></v></tfr></token><token id="1968870" text="Эдельвейс"><tfr rev_id="4146803" t="Эдельвейс"><v><l id="382982" t="эдельвейс"><g v="NOUN"></g><g v="inan"></g><g v="masc"></g><g v="sing"></g><g v="accs"></g></l></v><v><l id="382982" t="эдельвейс"><g v="NOUN"></g><g v="inan"></g><g v="masc"></g><g v="sing"></g><g v="nomn"></g></l></v></tfr></token><token id="1968871" text="'"><tfr rev_id="4146802" t="'"><v><l id="0" t="'"><g v="PNCT"></g></l></v></tfr></token><token id="604542" text=","><tfr rev_id="1436967" t=","><v><l id="0" t=","><g v="PNCT"></g></l></v></tfr></token><token id="604543" text="Педуниверситете"><tfr rev_id="4539986" t="Педуниверситете"><v><l id="392497" t="педуниверситет"><g v="NOUN"></g><g v="inan"></g><g v="masc"></g><g v="sing"></g><g v="loct"></g></l></v></tfr></token><token id="604544" text="и"><tfr rev_id="1436969" t="и"><v><l id="116949" t="и"><g v="CONJ"></g></l></v><v><l id="116950" t="и"><g v="INTJ"></g></l></v></tfr></token><token id="604545" text="ДК"><tfr rev_id="4496872" t="ДК"><v><l id="389550" t="дк"><g v="NOUN"></g><g v="inan"></g><g v="masc"></g><g v="Fixd"></g><g v="Abbr"></g><g v="sing"></g><g v="nomn"></g></l></v><v><l id="389550" t="дк"><g v="NOUN"></g><g v="inan"></g><g v="masc"></g><g v="Fixd"></g><g v="Abbr"></g><g v="sing"></g><g v="gent"></g></l></v><v><l id="389550" t="дк"><g v="NOUN"></g><g v="inan"></g><g v="masc"></g><g v="Fixd"></g><g v="Abbr"></g><g v="sing"></g><g v="datv"></g></l></v><v><l id="389550" t="дк"><g v="NOUN"></g><g v="inan"></g><g v="masc"></g><g v="Fixd"></g><g v="Abbr"></g><g v="sing"></g><g v="accs"></g></l></v><v><l id="389550" t="дк"><g v="NOUN"></g><g v="inan"></g><g v="masc"></g><g v="Fixd"></g><g v="Abbr"></g><g v="sing"></g><g v="ablt"></g></l></v><v><l id="389550" t="дк"><g v="NOUN"></g><g v="inan"></g><g v="masc"></g><g v="Fixd"></g><g v="Abbr"></g><g v="sing"></g><g v="loct"></g></l></v></tfr></token><token id="604546" text="им"><tfr rev_id="3726316" t="им"><v><l id="121947" t="имя"><g v="NOUN"></g><g v="inan"></g><g v="neut"></g><g v="sing"></g><g v="gent"></g><g v="Abbr"></g></l></v></tfr></token><token id="604547" text="."><tfr rev_id="1436972" t="."><v><l id="0" t="."><g v="PNCT"></g></l></v></tfr></token><token id="604548" text="Ухсая"><tfr rev_id="1436973" t="Ухсая"><v><l id="0" t="ухсая"><g v="UNKN"></g></l></v></tfr></token><token id="604549" text=","><tfr rev_id="1436974" t=","><v><l id="0" t=","><g v="PNCT"></g></l></v></tfr></token><token id="604550" text="Национальнай"><tfr rev_id="1436975" t="Национальнай"><v><l id="0" t="национальнай"><g v="UNKN"></g></l></v></tfr></token><token id="604551" text="библиотеке"><tfr rev_id="2931104" t="библиотеке"><v><l id="29336" t="библиотека"><g v="NOUN"></g><g v="inan"></g><g v="femn"></g><g v="sing"></g><g v="loct"></g></l></v></tfr></token><token id="604552" text=","><tfr rev_id="1436977" t=","><v><l id="0" t=","><g v="PNCT"></g></l></v></tfr></token><token id="604553" text="Институте"><tfr rev_id="1436978" t="Институте"><v><l id="122879" t="институт"><g v="NOUN"></g><g v="inan"></g><g v="masc"></g><g v="sing"></g><g v="loct"></g></l></v></tfr></token><token id="604554" text="культуры"><tfr rev_id="3431718" t="культуры"><v><l id="144838" t="культура"><g v="NOUN"></g><g v="inan"></g><g v="femn"></g><g v="sing"></g><g v="gent"></g></l></v></tfr></token><token id="604555" text="и"><tfr rev_id="1436980" t="и"><v><l id="116949" t="и"><g v="CONJ"></g></l></v><v><l id="116950" t="и"><g v="INTJ"></g></l></v></tfr></token><token id="604556" text="искусств"><tfr rev_id="1436981" t="искусств"><v><l id="124885" t="искусство"><g v="NOUN"></g><g v="inan"></g><g v="neut"></g><g v="plur"></g><g v="gent"></g></l></v></tfr></token><token id="604557" text="."><tfr rev_id="1436982" t="."><v><l id="0" t="."><g v="PNCT"></g></l></v></tfr></token></tokens></sentence></paragraph><paragraph id="10793"><sentence id="33742"><source>В программу мероприятий входят поэтические концерты, презентации письменности различных народ(Китайская, Руническая, Арабская письменности).</source><tokens><token id="604558" text="В"><tfr rev_id="1436983" t="В"><v><l id="37409" t="в"><g v="PREP"></g></l></v></tfr></token><token id="604559" text="программу"><tfr rev_id="1436984" t="программу"><v><l id="278686" t="программа"><g v="NOUN"></g><g v="inan"></g><g v="femn"></g><g v="sing"></g><g v="accs"></g></l></v></tfr></token><token id="604560" text="мероприятий"><tfr rev_id="1436985" t="мероприятий"><v><l id="158644" t="мероприятие"><g v="NOUN"></g><g v="inan"></g><g v="neut"></g><g v="plur"></g><g v="gent"></g></l></v></tfr></token><token id="604561" text="входят"><tfr rev_id="1436986" t="входят"><v><l id="55354" t="вхожу"><g v="VERB"></g><g v="impf"></g><g v="intr"></g><g v="plur"></g><g v="3per"></g><g v="pres"></g><g v="indc"></g></l></v></tfr></token><token id="604562" text="поэтические"><tfr rev_id="4083105" t="поэтические"><v><l id="265484" t="поэтический"><g v="ADJF"></g><g v="plur"></g><g v="nomn"></g></l></v></tfr></token><token id="604563" text="концерты"><tfr rev_id="3751350" t="концерты"><v><l id="138954" t="концерт"><g v="NOUN"></g><g v="inan"></g><g v="masc"></g><g v="plur"></g><g v="nomn"></g></l></v></tfr></token><token id="604564" text=","><tfr rev_id="1436989" t=","><v><l id="0" t=","><g v="PNCT"></g></l></v></tfr></token><token id="604565" text="презентации"><tfr rev_id="3801746" t="презентации"><v><l id="267429" t="презентация"><g v="NOUN"></g><g v="inan"></g><g v="femn"></g><g v="plur"></g><g v="nomn"></g></l></v></tfr></token><token id="604566" text="письменности"><tfr rev_id="3491717" t="письменности"><v><l id="239190" t="письменность"><g v="NOUN"></g><g v="inan"></g><g v="femn"></g><g v="sing"></g><g v="gent"></g></l></v><v><l id="239190" t="письменность"><g v="NOUN"></g><g v="inan"></g><g v="femn"></g><g v="sing"></g><g v="datv"></g></l></v><v><l id="239190" t="письменность"><g v="NOUN"></g><g v="inan"></g><g v="femn"></g><g v="sing"></g><g v="loct"></g></l></v></tfr></token><token id="604567" text="различных"><tfr rev_id="3709369" t="различных"><v><l id="294553" t="различный"><g v="ADJF"></g><g v="Qual"></g><g v="plur"></g><g v="gent"></g></l></v></tfr></token><token id="604568" text="народ"><tfr rev_id="1436993" t="народ"><v><l id="174699" t="народ"><g v="NOUN"></g><g v="inan"></g><g v="masc"></g><g v="sing"></g><g v="nomn"></g></l></v><v><l id="174699" t="народ"><g v="NOUN"></g><g v="inan"></g><g v="masc"></g><g v="sing"></g><g v="accs"></g></l></v></tfr></token><token id="604569" text="("><tfr rev_id="1436994" t="("><v><l id="0" t="("><g v="PNCT"></g></l></v></tfr></token><token id="604570" text="Китайская"><tfr rev_id="1436995" t="Китайская"><v><l id="133647" t="китайский"><g v="ADJF"></g><g v="femn"></g><g v="sing"></g><g v="nomn"></g></l></v></tfr></token><token id="604571" text=","><tfr rev_id="1436996" t=","><v><l id="0" t=","><g v="PNCT"></g></l></v></tfr></token><token id="604572" text="Руническая"><tfr rev_id="1436997" t="Руническая"><v><l id="310184" t="рунический"><g v="ADJF"></g><g v="femn"></g><g v="sing"></g><g v="nomn"></g></l></v></tfr></token><token id="604573" text=","><tfr rev_id="1436998" t=","><v><l id="0" t=","><g v="PNCT"></g></l></v></tfr></token><token id="604574" text="Арабская"><tfr rev_id="1436999" t="Арабская"><v><l id="15610" t="арабский"><g v="ADJF"></g><g v="femn"></g><g v="sing"></g><g v="nomn"></g></l></v></tfr></token><token id="604575" text="письменности"><tfr rev_id="3805333" t="письменности"><v><l id="239190" t="письменность"><g v="NOUN"></g><g v="inan"></g><g v="femn"></g><g v="plur"></g><g v="nomn"></g></l></v></tfr></token><token id="604576" text=")"><tfr rev_id="1437001" t=")"><v><l id="0" t=")"><g v="PNCT"></g></l></v></tfr></token><token id="604577" text="."><tfr rev_id="1437002" t="."><v><l id="0" t="."><g v="PNCT"></g></l></v></tfr></token></tokens></sentence><sentence id="33743"><source>Также пройдёт КВН среди студенческих команд ЧГПУ им. И.Я.Яковлева.</source><tokens><token id="604578" text="Также"><tfr rev_id="4267718" t="Также"><v><l id="342482" t="также"><g v="PRCL"></g></l></v></tfr></token><token id="604579" text="пройдёт"><tfr rev_id="1437004" t="пройдёт"><v><l id="280310" t="прошёл"><g v="VERB"></g><g v="perf"></g><g v="tran"></g><g v="sing"></g><g v="3per"></g><g v="futr"></g><g v="indc"></g></l></v></tfr></token><token id="604580" text="КВН"><tfr rev_id="3679884" t="КВН"><v><l id="389837" t="квн"><g v="NOUN"></g><g v="inan"></g><g v="masc"></g><g v="Sgtm"></g><g v="Fixd"></g><g v="Abbr"></g><g v="sing"></g><g v="nomn"></g></l></v><v><l id="389837" t="квн"><g v="NOUN"></g><g v="inan"></g><g v="masc"></g><g v="Sgtm"></g><g v="Fixd"></g><g v="Abbr"></g><g v="sing"></g><g v="gent"></g></l></v><v><l id="389837" t="квн"><g v="NOUN"></g><g v="inan"></g><g v="masc"></g><g v="Sgtm"></g><g v="Fixd"></g><g v="Abbr"></g><g v="sing"></g><g v="datv"></g></l></v><v><l id="389837" t="квн"><g v="NOUN"></g><g v="inan"></g><g v="masc"></g><g v="Sgtm"></g><g v="Fixd"></g><g v="Abbr"></g><g v="sing"></g><g v="accs"></g></l></v><v><l id="389837" t="квн"><g v="NOUN"></g><g v="inan"></g><g v="masc"></g><g v="Sgtm"></g><g v="Fixd"></g><g v="Abbr"></g><g v="sing"></g><g v="ablt"></g></l></v><v><l id="389837" t="квн"><g v="NOUN"></g><g v="inan"></g><g v="masc"></g><g v="Sgtm"></g><g v="Fixd"></g><g v="Abbr"></g><g v="sing"></g><g v="loct"></g></l></v></tfr></token><token id="604581" text="среди"><tfr rev_id="1437006" t="среди"><v><l id="333473" t="среди"><g v="PREP"></g></l></v></tfr></token><token id="604582" text="студенческих"><tfr rev_id="4197862" t="студенческих"><v><l id="338213" t="студенческий"><g v="ADJF"></g><g v="plur"></g><g v="gent"></g></l></v></tfr></token><token id="604583" text="команд"><tfr rev_id="1437008" t="команд"><v><l id="136706" t="команда"><g v="NOUN"></g><g v="inan"></g><g v="femn"></g><g v="plur"></g><g v="gent"></g></l></v></tfr></token><token id="604584" text="ЧГПУ"><tfr rev_id="1437009" t="ЧГПУ"><v><l id="0" t="чгпу"><g v="UNKN"></g></l></v></tfr></token><token id="604585" text="им"><tfr rev_id="3726317" t="им"><v><l id="121947" t="имя"><g v="NOUN"></g><g v="inan"></g><g v="neut"></g><g v="sing"></g><g v="gent"></g><g v="Abbr"></g></l></v></tfr></token><token id="604586" text="."><tfr rev_id="1437011" t="."><v><l id="0" t="."><g v="PNCT"></g></l></v></tfr></token><token id="604587" text="И"><tfr rev_id="4522828" t="И"><v><l id="116949" t="и"><g v="CONJ"></g></l></v><v><l id="116950" t="и"><g v="INTJ"></g></l></v><v><l id="388747" t="и"><g v="PRCL"></g></l></v><v><l id="389621" t="и"><g v="NOUN"></g><g v="anim"></g><g v="masc"></g><g v="Fixd"></g><g v="Abbr"></g><g v="plur"></g><g v="ablt"></g></l></v><v><l id="389621" t="и"><g v="NOUN"></g><g v="anim"></g><g v="masc"></g><g v="Fixd"></g><g v="Abbr"></g><g v="plur"></g><g v="accs"></g></l></v><v><l id="389621" t="и"><g v="NOUN"></g><g v="anim"></g><g v="masc"></g><g v="Fixd"></g><g v="Abbr"></g><g v="plur"></g><g v="datv"></g></l></v><v><l id="389621" t="и"><g v="NOUN"></g><g v="anim"></g><g v="masc"></g><g v="Fixd"></g><g v="Abbr"></g><g v="plur"></g><g v="gent"></g></l></v><v><l id="389621" t="и"><g v="NOUN"></g><g v="anim"></g><g v="masc"></g><g v="Fixd"></g><g v="Abbr"></g><g v="plur"></g><g v="loct"></g></l></v><v><l id="389621" t="и"><g v="NOUN"></g><g v="anim"></g><g v="masc"></g><g v="Fixd"></g><g v="Abbr"></g><g v="plur"></g><g v="nomn"></g></l></v><v><l id="389621" t="и"><g v="NOUN"></g><g v="anim"></g><g v="masc"></g><g v="Fixd"></g><g v="Abbr"></g><g v="sing"></g><g v="ablt"></g></l></v><v><l id="389621" t="и"><g v="NOUN"></g><g v="anim"></g><g v="masc"></g><g v="Fixd"></g><g v="Abbr"></g><g v="sing"></g><g v="accs"></g></l></v><v><l id="389621" t="и"><g v="NOUN"></g><g v="anim"></g><g v="masc"></g><g v="Fixd"></g><g v="Abbr"></g><g v="sing"></g><g v="datv"></g></l></v><v><l id="389621" t="и"><g v="NOUN"></g><g v="anim"></g><g v="masc"></g><g v="Fixd"></g><g v="Abbr"></g><g v="sing"></g><g v="gent"></g></l></v><v><l id="389621" t="и"><g v="NOUN"></g><g v="anim"></g><g v="masc"></g><g v="Fixd"></g><g v="Abbr"></g><g v="sing"></g><g v="loct"></g></l></v><v><l id="389621" t="и"><g v="NOUN"></g><g v="anim"></g><g v="masc"></g><g v="Fixd"></g><g v="Abbr"></g><g v="sing"></g><g v="nomn"></g></l></v><v><l id="390186" t="и"><g v="NOUN"></g><g v="anim"></g><g v="ms-f"></g><g v="Sgtm"></g><g v="Fixd"></g><g v="Abbr"></g><g v="Name"></g><g v="Init"></g><g v="sing"></g><g v="ablt"></g></l></v><v><l id="390186" t="и"><g v="NOUN"></g><g v="anim"></g><g v="ms-f"></g><g v="Sgtm"></g><g v="Fixd"></g><g v="Abbr"></g><g v="Name"></g><g v="Init"></g><g v="sing"></g><g v="accs"></g></l></v><v><l id="390186" t="и"><g v="NOUN"></g><g v="anim"></g><g v="ms-f"></g><g v="Sgtm"></g><g v="Fixd"></g><g v="Abbr"></g><g v="Name"></g><g v="Init"></g><g v="sing"></g><g v="datv"></g></l></v><v><l id="390186" t="и"><g v="NOUN"></g><g v="anim"></g><g v="ms-f"></g><g v="Sgtm"></g><g v="Fixd"></g><g v="Abbr"></g><g v="Name"></g><g v="Init"></g><g v="sing"></g><g v="gent"></g></l></v><v><l id="390186" t="и"><g v="NOUN"></g><g v="anim"></g><g v="ms-f"></g><g v="Sgtm"></g><g v="Fixd"></g><g v="Abbr"></g><g v="Name"></g><g v="Init"></g><g v="sing"></g><g v="loct"></g></l></v><v><l id="390186" t="и"><g v="NOUN"></g><g v="anim"></g><g v="ms-f"></g><g v="Sgtm"></g><g v="Fixd"></g><g v="Abbr"></g><g v="Name"></g><g v="Init"></g><g v="sing"></g><g v="nomn"></g></l></v><v><l id="390187" t="и"><g v="NOUN"></g><g v="anim"></g><g v="ms-f"></g><g v="Sgtm"></g><g v="Fixd"></g><g v="Abbr"></g><g v="Patr"></g><g v="Init"></g><g v="sing"></g><g v="ablt"></g></l></v><v><l id="390187" t="и"><g v="NOUN"></g><g v="anim"></g><g v="ms-f"></g><g v="Sgtm"></g><g v="Fixd"></g><g v="Abbr"></g><g v="Patr"></g><g v="Init"></g><g v="sing"></g><g v="accs"></g></l></v><v><l id="390187" t="и"><g v="NOUN"></g><g v="anim"></g><g v="ms-f"></g><g v="Sgtm"></g><g v="Fixd"></g><g v="Abbr"></g><g v="Patr"></g><g v="Init"></g><g v="sing"></g><g v="datv"></g></l></v><v><l id="390187" t="и"><g v="NOUN"></g><g v="anim"></g><g v="ms-f"></g><g v="Sgtm"></g><g v="Fixd"></g><g v="Abbr"></g><g v="Patr"></g><g v="Init"></g><g v="sing"></g><g v="gent"></g></l></v><v><l id="390187" t="и"><g v="NOUN"></g><g v="anim"></g><g v="ms-f"></g><g v="Sgtm"></g><g v="Fixd"></g><g v="Abbr"></g><g v="Patr"></g><g v="Init"></g><g v="sing"></g><g v="loct"></g></l></v><v><l id="390187" t="и"><g v="NOUN"></g><g v="anim"></g><g v="ms-f"></g><g v="Sgtm"></g><g v="Fixd"></g><g v="Abbr"></g><g v="Patr"></g><g v="Init"></g><g v="sing"></g><g v="nomn"></g></l></v></tfr></token><token id="604588" text="."><tfr rev_id="1437013" t="."><v><l id="0" t="."><g v="PNCT"></g></l></v></tfr></token><token id="604589" text="Я"><tfr rev_id="4524775" t="Я"><v><l id="390178" t="я"><g v="NOUN"></g><g v="anim"></g><g v="ms-f"></g><g v="Sgtm"></g><g v="Fixd"></g><g v="Abbr"></g><g v="Name"></g><g v="Init"></g><g v="sing"></g><g v="ablt"></g></l></v><v><l id="390178" t="я"><g v="NOUN"></g><g v="anim"></g><g v="ms-f"></g><g v="Sgtm"></g><g v="Fixd"></g><g v="Abbr"></g><g v="Name"></g><g v="Init"></g><g v="sing"></g><g v="accs"></g></l></v><v><l id="390178" t="я"><g v="NOUN"></g><g v="anim"></g><g v="ms-f"></g><g v="Sgtm"></g><g v="Fixd"></g><g v="Abbr"></g><g v="Name"></g><g v="Init"></g><g v="sing"></g><g v="datv"></g></l></v><v><l id="390178" t="я"><g v="NOUN"></g><g v="anim"></g><g v="ms-f"></g><g v="Sgtm"></g><g v="Fixd"></g><g v="Abbr"></g><g v="Name"></g><g v="Init"></g><g v="sing"></g><g v="gent"></g></l></v><v><l id="390178" t="я"><g v="NOUN"></g><g v="anim"></g><g v="ms-f"></g><g v="Sgtm"></g><g v="Fixd"></g><g v="Abbr"></g><g v="Name"></g><g v="Init"></g><g v="sing"></g><g v="loct"></g></l></v><v><l id="390178" t="я"><g v="NOUN"></g><g v="anim"></g><g v="ms-f"></g><g v="Sgtm"></g><g v="Fixd"></g><g v="Abbr"></g><g v="Name"></g><g v="Init"></g><g v="sing"></g><g v="nomn"></g></l></v><v><l id="390179" t="я"><g v="NOUN"></g><g v="anim"></g><g v="ms-f"></g><g v="Sgtm"></g><g v="Fixd"></g><g v="Abbr"></g><g v="Patr"></g><g v="Init"></g><g v="sing"></g><g v="ablt"></g></l></v><v><l id="390179" t="я"><g v="NOUN"></g><g v="anim"></g><g v="ms-f"></g><g v="Sgtm"></g><g v="Fixd"></g><g v="Abbr"></g><g v="Patr"></g><g v="Init"></g><g v="sing"></g><g v="accs"></g></l></v><v><l id="390179" t="я"><g v="NOUN"></g><g v="anim"></g><g v="ms-f"></g><g v="Sgtm"></g><g v="Fixd"></g><g v="Abbr"></g><g v="Patr"></g><g v="Init"></g><g v="sing"></g><g v="datv"></g></l></v><v><l id="390179" t="я"><g v="NOUN"></g><g v="anim"></g><g v="ms-f"></g><g v="Sgtm"></g><g v="Fixd"></g><g v="Abbr"></g><g v="Patr"></g><g v="Init"></g><g v="sing"></g><g v="gent"></g></l></v><v><l id="390179" t="я"><g v="NOUN"></g><g v="anim"></g><g v="ms-f"></g><g v="Sgtm"></g><g v="Fixd"></g><g v="Abbr"></g><g v="Patr"></g><g v="Init"></g><g v="sing"></g><g v="loct"></g></l></v><v><l id="390179" t="я"><g v="NOUN"></g><g v="anim"></g><g v="ms-f"></g><g v="Sgtm"></g><g v="Fixd"></g><g v="Abbr"></g><g v="Patr"></g><g v="Init"></g><g v="sing"></g><g v="nomn"></g></l></v></tfr></token><token id="604590" text="."><tfr rev_id="1437015" t="."><v><l id="0" t="."><g v="PNCT"></g></l></v></tfr></token><token id="604591" text="Яковлева"><tfr rev_id="4425959" t="Яковлева"><v><l id="387717" t="яковлев"><g v="NOUN"></g><g v="anim"></g><g v="masc"></g><g v="Sgtm"></g><g v="Surn"></g><g v="sing"></g><g v="gent"></g></l></v></tfr></token><token id="604592" text="."><tfr rev_id="1437017" t="."><v><l id="0" t="."><g v="PNCT"></g></l></v></tfr></token></tokens></sentence><sentence id="33744"><source>В план мероприятий входит встреча с иногородними гостями фестиваля и экскурсия по городу.</source><tokens><token id="604593" text="В"><tfr rev_id="1437018" t="В"><v><l id="37409" t="в"><g v="PREP"></g></l></v></tfr></token><token id="604594" text="план"><tfr rev_id="4095986" t="план"><v><l id="239677" t="план"><g v="NOUN"></g><g v="inan"></g><g v="masc"></g><g v="sing"></g><g v="accs"></g></l></v></tfr></token><token id="604595" text="мероприятий"><tfr rev_id="1437020" t="мероприятий"><v><l id="158644" t="мероприятие"><g v="NOUN"></g><g v="inan"></g><g v="neut"></g><g v="plur"></g><g v="gent"></g></l></v></tfr></token><token id="604596" text="входит"><tfr rev_id="1437021" t="входит"><v><l id="55354" t="вхожу"><g v="VERB"></g><g v="impf"></g><g v="intr"></g><g v="sing"></g><g v="3per"></g><g v="pres"></g><g v="indc"></g></l></v></tfr></token><token id="604597" text="встреча"><tfr rev_id="1437022" t="встреча"><v><l id="54530" t="встреча"><g v="NOUN"></g><g v="inan"></g><g v="femn"></g><g v="sing"></g><g v="nomn"></g></l></v></tfr></token><token id="604598" text="с"><tfr rev_id="1437023" t="с"><v><l id="311151" t="с"><g v="PREP"></g></l></v></tfr></token><token id="604599" text="иногородними"><tfr rev_id="1437024" t="иногородними"><v><l id="122704" t="иногородний"><g v="ADJF"></g><g v="plur"></g><g v="ablt"></g></l></v></tfr></token><token id="604600" text="гостями"><tfr rev_id="1437025" t="гостями"><v><l id="74145" t="гость"><g v="NOUN"></g><g v="anim"></g><g v="masc"></g><g v="plur"></g><g v="ablt"></g></l></v></tfr></token><token id="604601" text="фестиваля"><tfr rev_id="1437026" t="фестиваля"><v><l id="365486" t="фестиваль"><g v="NOUN"></g><g v="inan"></g><g v="masc"></g><g v="sing"></g><g v="gent"></g></l></v></tfr></token><token id="604602" text="и"><tfr rev_id="3486631" t="и"><v><l id="116949" t="и"><g v="CONJ"></g></l></v></tfr></token><token id="604603" text="экскурсия"><tfr rev_id="1437028" t="экскурсия"><v><l id="383504" t="экскурсия"><g v="NOUN"></g><g v="inan"></g><g v="femn"></g><g v="sing"></g><g v="nomn"></g></l></v></tfr></token><token id="604604" text="по"><tfr rev_id="1437029" t="по"><v><l id="241240" t="по"><g v="PREP"></g></l></v></tfr></token><token id="604605" text="городу"><tfr rev_id="1437030" t="городу"><v><l id="73547" t="город"><g v="NOUN"></g><g v="inan"></g><g v="masc"></g><g v="sing"></g><g v="datv"></g></l></v></tfr></token><token id="604606" text="."><tfr rev_id="1437031" t="."><v><l id="0" t="."><g v="PNCT"></g></l></v></tfr></token></tokens></sentence><sentence id="33745"><source>А закроет фестиваль интернациональный концерт.</source><tokens><token id="604607" text="А"><tfr rev_id="3410743" t="А"><v><l id="51" t="а"><g v="CONJ"></g></l></v></tfr></token><token id="604608" text="закроет"><tfr rev_id="1437033" t="закроет"><v><l id="104248" t="закрыл"><g v="VERB"></g><g v="perf"></g><g v="tran"></g><g v="sing"></g><g v="3per"></g><g v="futr"></g><g v="indc"></g></l></v></tfr></token><token id="604609" text="фестиваль"><tfr rev_id="1437034" t="фестиваль"><v><l id="365486" t="фестиваль"><g v="NOUN"></g><g v="inan"></g><g v="masc"></g><g v="sing"></g><g v="nomn"></g></l></v><v><l id="365486" t="фестиваль"><g v="NOUN"></g><g v="inan"></g><g v="masc"></g><g v="sing"></g><g v="accs"></g></l></v></tfr></token><token id="604610" text="интернациональный"><tfr rev_id="1437035" t="интернациональный"><v><l id="123253" t="интернациональный"><g v="ADJF"></g><g v="masc"></g><g v="sing"></g><g v="nomn"></g></l></v><v><l id="123253" t="интернациональный"><g v="ADJF"></g><g v="inan"></g><g v="masc"></g><g v="sing"></g><g v="accs"></g></l></v></tfr></token><token id="604611" text="концерт"><tfr rev_id="1437036" t="концерт"><v><l id="138954" t="концерт"><g v="NOUN"></g><g v="inan"></g><g v="masc"></g><g v="sing"></g><g v="nomn"></g></l></v><v><l id="138954" t="концерт"><g v="NOUN"></g><g v="inan"></g><g v="masc"></g><g v="sing"></g><g v="accs"></g></l></v></tfr></token><token id="604612" text="."><tfr rev_id="1437037" t="."><v><l id="0" t="."><g v="PNCT"></g></l></v></tfr></token></tokens></sentence></paragraph><paragraph id="10794"><sentence id="33746"><source>Контактная информация: тел. 68-50-51.</source><tokens><token id="604613" text="Контактная"><tfr rev_id="1437038" t="Контактная"><v><l id="138329" t="контактный"><g v="ADJF"></g><g v="Qual"></g><g v="femn"></g><g v="sing"></g><g v="nomn"></g></l></v></tfr></token><token id="604614" text="информация"><tfr rev_id="1437039" t="информация"><v><l id="123576" t="информация"><g v="NOUN"></g><g v="inan"></g><g v="femn"></g><g v="sing"></g><g v="nomn"></g></l></v></tfr></token><token id="604615" text=":"><tfr rev_id="1437040" t=":"><v><l id="0" t=":"><g v="PNCT"></g></l></v></tfr></token><token id="604616" text="тел"><tfr rev_id="4196094" t="тел"><v><l id="390083" t="тел"><g v="NOUN"></g><g v="inan"></g><g v="masc"></g><g v="Fixd"></g><g v="Abbr"></g><g v="sing"></g><g v="ablt"></g></l></v><v><l id="390083" t="тел"><g v="NOUN"></g><g v="inan"></g><g v="masc"></g><g v="Fixd"></g><g v="Abbr"></g><g v="sing"></g><g v="accs"></g></l></v><v><l id="390083" t="тел"><g v="NOUN"></g><g v="inan"></g><g v="masc"></g><g v="Fixd"></g><g v="Abbr"></g><g v="sing"></g><g v="datv"></g></l></v><v><l id="390083" t="тел"><g v="NOUN"></g><g v="inan"></g><g v="masc"></g><g v="Fixd"></g><g v="Abbr"></g><g v="sing"></g><g v="gent"></g></l></v><v><l id="390083" t="тел"><g v="NOUN"></g><g v="inan"></g><g v="masc"></g><g v="Fixd"></g><g v="Abbr"></g><g v="sing"></g><g v="loct"></g></l></v><v><l id="390083" t="тел"><g v="NOUN"></g><g v="inan"></g><g v="masc"></g><g v="Fixd"></g><g v="Abbr"></g><g v="sing"></g><g v="nomn"></g></l></v></tfr></token><token id="604617" text="."><tfr rev_id="1437042" t="."><v><l id="0" t="."><g v="PNCT"></g></l></v></tfr></token><token id="604618" text="68"><tfr rev_id="2461710" t="68"><v><l id="0" t="68"><g v="NUMB"></g></l></v></tfr></token><token id="818253" text="-"><tfr rev_id="1650046" t="-"><v><l id="0" t="-"><g v="PNCT"></g></l></v></tfr></token><token id="818254" text="50"><tfr rev_id="2465264" t="50"><v><l id="0" t="50"><g v="NUMB"></g></l></v></tfr></token><token id="818255" text="-"><tfr rev_id="1650048" t="-"><v><l id="0" t="-"><g v="PNCT"></g></l></v></tfr></token><token id="818256" text="51"><tfr rev_id="2465265" t="51"><v><l id="0" t="51"><g v="NUMB"></g></l></v></tfr></token><token id="604619" text="."><tfr rev_id="1437044" t="."><v><l id="0" t="."><g v="PNCT"></g></l></v></tfr></token></tokens></sentence></paragraph></paragraphs></text>