<?xml version="1.0" encoding="utf-8"?><text id="114" parent="56" name="Яндекс перевёл пользователей на новую версию почты"><tags><tag>Дата:13/01</tag><tag>Год:2011</tag><tag>Автор:http://ru.wikinews.org/wiki/Участник:Maxtirdatov</tag><tag>url:http://ru.wikinews.org/w/index.php?title=Яндекс_перевёл_пользователей_на_новую_версию_почты&amp;oldid=59912</tag><tag>Гео:ВикиКатегория:Россия</tag><tag>Тема:ВикиКатегория:Интернет</tag><tag>Тема:ВикиКатегория:Рунет</tag><tag>Тема:ВикиКатегория:.ru</tag></tags><paragraphs><paragraph id="2532"><sentence id="8082"><source>Пользователи «Яндекс. Почты» были переведены на версию 7.0.</source><tokens><token id="155005" text="Пользователи"><tfr rev_id="989824" t="Пользователи"><v><l id="257079" t="пользователь"><g v="NOUN"></g><g v="anim"></g><g v="masc"></g><g v="plur"></g><g v="nomn"></g></l></v></tfr></token><token id="155006" text="«"><tfr rev_id="2427019" t="«"><v><l id="0" t="«"><g v="PNCT"></g></l></v></tfr></token><token id="155007" text="Яндекс"><tfr rev_id="3511457" t="Яндекс"><v><l id="387910" t="яндекс"><g v="NOUN"></g><g v="inan"></g><g v="masc"></g><g v="Orgn"></g><g v="sing"></g><g v="nomn"></g></l></v><v><l id="387910" t="яндекс"><g v="NOUN"></g><g v="inan"></g><g v="masc"></g><g v="Orgn"></g><g v="sing"></g><g v="accs"></g></l></v></tfr></token><token id="291917" text="."><tfr rev_id="1125503" t="."><v><l id="0" t="."><g v="PNCT"></g></l></v></tfr></token><token id="291918" text="Почты"><tfr rev_id="3494894" t="Почты"><v><l id="264988" t="почта"><g v="NOUN"></g><g v="inan"></g><g v="femn"></g><g v="sing"></g><g v="gent"></g></l></v></tfr></token><token id="155010" text="»"><tfr rev_id="2427020" t="»"><v><l id="0" t="»"><g v="PNCT"></g></l></v></tfr></token><token id="155011" text="были"><tfr rev_id="1712528" t="были"><v><l id="37265" t="есть"><g v="VERB"></g><g v="impf"></g><g v="intr"></g><g v="plur"></g><g v="past"></g><g v="indc"></g></l></v></tfr></token><token id="155012" text="переведены"><tfr rev_id="989829" t="переведены"><v><l id="227147" t="переведён"><g v="PRTS"></g><g v="perf"></g><g v="past"></g><g v="pssv"></g><g v="plur"></g></l></v></tfr></token><token id="155013" text="на"><tfr rev_id="3337314" t="на"><v><l id="166264" t="на"><g v="PREP"></g></l></v></tfr></token><token id="155014" text="версию"><tfr rev_id="989831" t="версию"><v><l id="41566" t="версия"><g v="NOUN"></g><g v="inan"></g><g v="femn"></g><g v="sing"></g><g v="accs"></g></l></v></tfr></token><token id="155015" text="7.0"><tfr rev_id="2456137" t="7.0"><v><l id="0" t="7.0"><g v="NUMB"></g></l></v></tfr></token><token id="155016" text="."><tfr rev_id="989833" t="."><v><l id="0" t="."><g v="PNCT"></g></l></v></tfr></token></tokens></sentence><sentence id="8083"><source>Таким образом, бета-тестирование сервиса, длившееся с июля 2010 года, завершилось.</source><tokens><token id="155017" text="Таким"><tfr rev_id="4351760" t="Таким"><v><l id="342491" t="такой"><g v="ADJF"></g><g v="Apro"></g><g v="masc"></g><g v="sing"></g><g v="ablt"></g></l></v></tfr></token><token id="155018" text="образом"><tfr rev_id="989835" t="образом"><v><l id="198787" t="образ"><g v="NOUN"></g><g v="inan"></g><g v="masc"></g><g v="sing"></g><g v="ablt"></g></l></v></tfr></token><token id="155019" text=","><tfr rev_id="989836" t=","><v><l id="0" t=","><g v="PNCT"></g></l></v></tfr></token><token id="155020" text="бета-тестирование"><tfr rev_id="3300492" t="бета-тестирование"><v><l id="29144" t="бета-тестирование"><g v="NOUN"></g><g v="inan"></g><g v="neut"></g><g v="Sgtm"></g><g v="sing"></g><g v="nomn"></g></l></v></tfr></token><token id="155021" text="сервиса"><tfr rev_id="989838" t="сервиса"><v><l id="319025" t="сервис"><g v="NOUN"></g><g v="inan"></g><g v="masc"></g><g v="sing"></g><g v="gent"></g></l></v></tfr></token><token id="155022" text=","><tfr rev_id="989839" t=","><v><l id="0" t=","><g v="PNCT"></g></l></v></tfr></token><token id="155023" text="длившееся"><tfr rev_id="989840" t="длившееся"><v><l id="85030" t="длившийся"><g v="PRTF"></g><g v="impf"></g><g v="intr"></g><g v="past"></g><g v="actv"></g><g v="neut"></g><g v="sing"></g><g v="nomn"></g></l></v><v><l id="85030" t="длившийся"><g v="PRTF"></g><g v="impf"></g><g v="intr"></g><g v="past"></g><g v="actv"></g><g v="neut"></g><g v="sing"></g><g v="accs"></g></l></v></tfr></token><token id="155024" text="с"><tfr rev_id="989841" t="с"><v><l id="311151" t="с"><g v="PREP"></g></l></v></tfr></token><token id="155025" text="июля"><tfr rev_id="989842" t="июля"><v><l id="127299" t="июль"><g v="NOUN"></g><g v="inan"></g><g v="masc"></g><g v="sing"></g><g v="gent"></g></l></v></tfr></token><token id="155026" text="2010"><tfr rev_id="2456138" t="2010"><v><l id="0" t="2010"><g v="NUMB"></g></l></v></tfr></token><token id="155027" text="года"><tfr rev_id="3462497" t="года"><v><l id="72149" t="год"><g v="NOUN"></g><g v="inan"></g><g v="masc"></g><g v="sing"></g><g v="gen1"></g></l></v></tfr></token><token id="155028" text=","><tfr rev_id="989845" t=","><v><l id="0" t=","><g v="PNCT"></g></l></v></tfr></token><token id="155029" text="завершилось"><tfr rev_id="989846" t="завершилось"><v><l id="99447" t="завершился"><g v="VERB"></g><g v="perf"></g><g v="intr"></g><g v="neut"></g><g v="sing"></g><g v="past"></g><g v="indc"></g></l></v></tfr></token><token id="155030" text="."><tfr rev_id="989847" t="."><v><l id="0" t="."><g v="PNCT"></g></l></v></tfr></token></tokens></sentence><sentence id="8084"><source>На старую версию вернулось всего лишь 0,14 % всех пользователей.</source><tokens><token id="155031" text="На"><tfr rev_id="3340323" t="На"><v><l id="166264" t="на"><g v="PREP"></g></l></v></tfr></token><token id="155032" text="старую"><tfr rev_id="989849" t="старую"><v><l id="335039" t="старый"><g v="ADJF"></g><g v="Qual"></g><g v="femn"></g><g v="sing"></g><g v="accs"></g></l></v></tfr></token><token id="155033" text="версию"><tfr rev_id="989850" t="версию"><v><l id="41566" t="версия"><g v="NOUN"></g><g v="inan"></g><g v="femn"></g><g v="sing"></g><g v="accs"></g></l></v></tfr></token><token id="155034" text="вернулось"><tfr rev_id="989851" t="вернулось"><v><l id="41483" t="вернулся"><g v="VERB"></g><g v="perf"></g><g v="intr"></g><g v="neut"></g><g v="sing"></g><g v="past"></g><g v="indc"></g></l></v></tfr></token><token id="155035" text="всего"><tfr rev_id="4496481" t="всего"><v><l id="53374" t="всего"><g v="PRCL"></g></l></v></tfr></token><token id="155036" text="лишь"><tfr rev_id="989853" t="лишь"><v><l id="150259" t="лишь"><g v="CONJ"></g></l></v><v><l id="150260" t="лишь"><g v="PRCL"></g></l></v></tfr></token><token id="155037" text="0,14"><tfr rev_id="2456139" t="0,14"><v><l id="0" t="0,14"><g v="NUMB"></g></l></v></tfr></token><token id="155038" text="%"><tfr rev_id="2427021" t="%"><v><l id="0" t="%"><g v="PNCT"></g></l></v></tfr></token><token id="155039" text="всех"><tfr rev_id="4135532" t="всех"><v><l id="42156" t="весь"><g v="ADJF"></g><g v="Subx"></g><g v="Apro"></g><g v="plur"></g><g v="gent"></g></l></v><v><l id="42156" t="весь"><g v="ADJF"></g><g v="Subx"></g><g v="Apro"></g><g v="anim"></g><g v="plur"></g><g v="accs"></g></l></v><v><l id="42156" t="весь"><g v="ADJF"></g><g v="Subx"></g><g v="Apro"></g><g v="plur"></g><g v="loct"></g></l></v></tfr></token><token id="155040" text="пользователей"><tfr rev_id="3538175" t="пользователей"><v><l id="257079" t="пользователь"><g v="NOUN"></g><g v="anim"></g><g v="masc"></g><g v="plur"></g><g v="gent"></g></l></v></tfr></token><token id="155041" text="."><tfr rev_id="989858" t="."><v><l id="0" t="."><g v="PNCT"></g></l></v></tfr></token></tokens></sentence></paragraph><paragraph id="2533"><sentence id="8085"><source>Новая версия стала компактнее, и страницы грузятся быстрее, чем в предыдущей версии, благодаря переходу на технологию AJAX.</source><tokens><token id="155042" text="Новая"><tfr rev_id="989859" t="Новая"><v><l id="191918" t="новый"><g v="ADJF"></g><g v="Qual"></g><g v="femn"></g><g v="sing"></g><g v="nomn"></g></l></v></tfr></token><token id="155043" text="версия"><tfr rev_id="989860" t="версия"><v><l id="41566" t="версия"><g v="NOUN"></g><g v="inan"></g><g v="femn"></g><g v="sing"></g><g v="nomn"></g></l></v></tfr></token><token id="155044" text="стала"><tfr rev_id="989861" t="стала"><v><l id="335164" t="стал"><g v="VERB"></g><g v="perf"></g><g v="intr"></g><g v="femn"></g><g v="sing"></g><g v="past"></g><g v="indc"></g></l></v></tfr></token><token id="155045" text="компактнее"><tfr rev_id="989862" t="компактнее"><v><l id="137140" t="компактнее"><g v="COMP"></g><g v="Qual"></g></l></v></tfr></token><token id="155046" text=","><tfr rev_id="989863" t=","><v><l id="0" t=","><g v="PNCT"></g></l></v></tfr></token><token id="155047" text="и"><tfr rev_id="4082083" t="и"><v><l id="116949" t="и"><g v="CONJ"></g></l></v></tfr></token><token id="155048" text="страницы"><tfr rev_id="3801712" t="страницы"><v><l id="337102" t="страница"><g v="NOUN"></g><g v="inan"></g><g v="femn"></g><g v="plur"></g><g v="nomn"></g></l></v></tfr></token><token id="155049" text="грузятся"><tfr rev_id="989866" t="грузятся"><v><l id="75976" t="гружусь"><g v="VERB"></g><g v="impf"></g><g v="intr"></g><g v="plur"></g><g v="3per"></g><g v="pres"></g><g v="indc"></g></l></v></tfr></token><token id="155050" text="быстрее"><tfr rev_id="989867" t="быстрее"><v><l id="37235" t="быстрее"><g v="COMP"></g><g v="Qual"></g></l></v></tfr></token><token id="155051" text=","><tfr rev_id="989868" t=","><v><l id="0" t=","><g v="PNCT"></g></l></v></tfr></token><token id="155052" text="чем"><tfr rev_id="4307279" t="чем"><v><l id="375161" t="чем"><g v="CONJ"></g></l></v></tfr></token><token id="155053" text="в"><tfr rev_id="989870" t="в"><v><l id="37409" t="в"><g v="PREP"></g></l></v></tfr></token><token id="155054" text="предыдущей"><tfr rev_id="4380622" t="предыдущей"><v><l id="267383" t="предыдущий"><g v="ADJF"></g><g v="femn"></g><g v="sing"></g><g v="loct"></g></l></v></tfr></token><token id="155055" text="версии"><tfr rev_id="4271701" t="версии"><v><l id="41566" t="версия"><g v="NOUN"></g><g v="inan"></g><g v="femn"></g><g v="sing"></g><g v="loct"></g></l></v></tfr></token><token id="155056" text=","><tfr rev_id="989873" t=","><v><l id="0" t=","><g v="PNCT"></g></l></v></tfr></token><token id="155057" text="благодаря"><tfr rev_id="3453021" t="благодаря"><v><l id="30404" t="благодаря"><g v="PREP"></g></l></v></tfr></token><token id="155058" text="переходу"><tfr rev_id="989875" t="переходу"><v><l id="236373" t="переход"><g v="NOUN"></g><g v="inan"></g><g v="masc"></g><g v="sing"></g><g v="datv"></g></l></v></tfr></token><token id="155059" text="на"><tfr rev_id="3337041" t="на"><v><l id="166264" t="на"><g v="PREP"></g></l></v></tfr></token><token id="155060" text="технологию"><tfr rev_id="989877" t="технологию"><v><l id="345970" t="технология"><g v="NOUN"></g><g v="inan"></g><g v="femn"></g><g v="sing"></g><g v="accs"></g></l></v></tfr></token><token id="155061" text="AJAX"><tfr rev_id="2469107" t="AJAX"><v><l id="0" t="AJAX"><g v="LATN"></g></l></v></tfr></token><token id="155062" text="."><tfr rev_id="989879" t="."><v><l id="0" t="."><g v="PNCT"></g></l></v></tfr></token></tokens></sentence><sentence id="8086"><source>Эта технология позволяет совершать многие операции практически без загрузки и уже используется в Google Mail, Yahoo! Mail и Microsoft Hotmail.</source><tokens><token id="155063" text="Эта"><tfr rev_id="4437018" t="Эта"><v><l id="386581" t="этот"><g v="ADJF"></g><g v="Subx"></g><g v="Apro"></g><g v="Anph"></g><g v="femn"></g><g v="sing"></g><g v="nomn"></g></l></v></tfr></token><token id="155064" text="технология"><tfr rev_id="989881" t="технология"><v><l id="345970" t="технология"><g v="NOUN"></g><g v="inan"></g><g v="femn"></g><g v="sing"></g><g v="nomn"></g></l></v></tfr></token><token id="155065" text="позволяет"><tfr rev_id="989882" t="позволяет"><v><l id="253431" t="позволяю"><g v="VERB"></g><g v="impf"></g><g v="tran"></g><g v="sing"></g><g v="3per"></g><g v="pres"></g><g v="indc"></g></l></v></tfr></token><token id="155066" text="совершать"><tfr rev_id="989883" t="совершать"><v><l id="327885" t="совершать"><g v="INFN"></g><g v="impf"></g><g v="tran"></g></l></v></tfr></token><token id="155067" text="многие"><tfr rev_id="3264829" t="многие"><v><l id="161427" t="многий"><g v="ADJF"></g><g v="Apro"></g><g v="plur"></g><g v="nomn"></g></l></v><v><l id="161427" t="многий"><g v="ADJF"></g><g v="Apro"></g><g v="inan"></g><g v="plur"></g><g v="accs"></g></l></v></tfr></token><token id="155068" text="операции"><tfr rev_id="3805319" t="операции"><v><l id="206957" t="операция"><g v="NOUN"></g><g v="inan"></g><g v="femn"></g><g v="plur"></g><g v="accs"></g></l></v></tfr></token><token id="155069" text="практически"><tfr rev_id="989886" t="практически"><v><l id="265904" t="практически"><g v="ADVB"></g></l></v></tfr></token><token id="155070" text="без"><tfr rev_id="989887" t="без"><v><l id="25481" t="без"><g v="PREP"></g></l></v></tfr></token><token id="155071" text="загрузки"><tfr rev_id="3490209" t="загрузки"><v><l id="101147" t="загрузка"><g v="NOUN"></g><g v="inan"></g><g v="femn"></g><g v="sing"></g><g v="gent"></g></l></v></tfr></token><token id="155072" text="и"><tfr rev_id="3542300" t="и"><v><l id="116949" t="и"><g v="CONJ"></g></l></v></tfr></token><token id="155073" text="уже"><tfr rev_id="2691814" t="уже"><v><l id="355422" t="уж"><g v="NOUN"></g><g v="anim"></g><g v="masc"></g><g v="sing"></g><g v="loct"></g></l></v><v><l id="355498" t="уже"><g v="ADVB"></g></l></v><v><l id="355674" t="уже"><g v="COMP"></g><g v="Qual"></g></l></v><v><l id="388673" t="уже"><g v="PRCL"></g></l></v></tfr></token><token id="155074" text="используется"><tfr rev_id="989891" t="используется"><v><l id="125433" t="используюсь"><g v="VERB"></g><g v="impf"></g><g v="intr"></g><g v="sing"></g><g v="3per"></g><g v="pres"></g><g v="indc"></g></l></v></tfr></token><token id="155075" text="в"><tfr rev_id="989892" t="в"><v><l id="37409" t="в"><g v="PREP"></g></l></v></tfr></token><token id="155076" text="Google"><tfr rev_id="2469108" t="Google"><v><l id="0" t="Google"><g v="LATN"></g></l></v></tfr></token><token id="155077" text="Mail"><tfr rev_id="2469109" t="Mail"><v><l id="0" t="Mail"><g v="LATN"></g></l></v></tfr></token><token id="155078" text=","><tfr rev_id="989895" t=","><v><l id="0" t=","><g v="PNCT"></g></l></v></tfr></token><token id="155079" text="Yahoo!"><tfr rev_id="989896" t="Yahoo!"><v><l id="0" t="Yahoo!"><g v="UNKN"></g></l></v></tfr></token><token id="155080" text="Mail"><tfr rev_id="2469110" t="Mail"><v><l id="0" t="Mail"><g v="LATN"></g></l></v></tfr></token><token id="155081" text="и"><tfr rev_id="989898" t="и"><v><l id="116949" t="и"><g v="CONJ"></g></l></v><v><l id="116950" t="и"><g v="INTJ"></g></l></v></tfr></token><token id="155082" text="Microsoft"><tfr rev_id="2469111" t="Microsoft"><v><l id="0" t="Microsoft"><g v="LATN"></g></l></v></tfr></token><token id="155083" text="Hotmail"><tfr rev_id="2469112" t="Hotmail"><v><l id="0" t="Hotmail"><g v="LATN"></g></l></v></tfr></token><token id="155084" text="."><tfr rev_id="989901" t="."><v><l id="0" t="."><g v="PNCT"></g></l></v></tfr></token></tokens></sentence><sentence id="8087"><source>«Яндекс» также обновил интерфейс почтового сервиса.</source><tokens><token id="155085" text="«"><tfr rev_id="2427022" t="«"><v><l id="0" t="«"><g v="PNCT"></g></l></v></tfr></token><token id="155086" text="Яндекс"><tfr rev_id="4093174" t="Яндекс"><v><l id="387910" t="яндекс"><g v="NOUN"></g><g v="inan"></g><g v="masc"></g><g v="Orgn"></g><g v="sing"></g><g v="nomn"></g></l></v></tfr></token><token id="155087" text="»"><tfr rev_id="2427023" t="»"><v><l id="0" t="»"><g v="PNCT"></g></l></v></tfr></token><token id="155088" text="также"><tfr rev_id="4267141" t="также"><v><l id="342482" t="также"><g v="PRCL"></g></l></v></tfr></token><token id="155089" text="обновил"><tfr rev_id="989906" t="обновил"><v><l id="197859" t="обновил"><g v="VERB"></g><g v="perf"></g><g v="tran"></g><g v="masc"></g><g v="sing"></g><g v="past"></g><g v="indc"></g></l></v></tfr></token><token id="155090" text="интерфейс"><tfr rev_id="3269512" t="интерфейс"><v><l id="123340" t="интерфейс"><g v="NOUN"></g><g v="inan"></g><g v="masc"></g><g v="sing"></g><g v="accs"></g></l></v></tfr></token><token id="155091" text="почтового"><tfr rev_id="3472414" t="почтового"><v><l id="265020" t="почтовый"><g v="ADJF"></g><g v="Qual"></g><g v="masc"></g><g v="sing"></g><g v="gent"></g></l></v><v><l id="265020" t="почтовый"><g v="ADJF"></g><g v="Qual"></g><g v="anim"></g><g v="masc"></g><g v="sing"></g><g v="accs"></g></l></v></tfr></token><token id="155092" text="сервиса"><tfr rev_id="989909" t="сервиса"><v><l id="319025" t="сервис"><g v="NOUN"></g><g v="inan"></g><g v="masc"></g><g v="sing"></g><g v="gent"></g></l></v></tfr></token><token id="155093" text="."><tfr rev_id="989910" t="."><v><l id="0" t="."><g v="PNCT"></g></l></v></tfr></token></tokens></sentence></paragraph><paragraph id="2534"><sentence id="8088"><source>«Яндекс» начал постепенно переводить пользователей на новую, в то время бета-версию «Яндекс. Почты» в ноябре 2010 года.</source><tokens><token id="155094" text="«"><tfr rev_id="2427024" t="«"><v><l id="0" t="«"><g v="PNCT"></g></l></v></tfr></token><token id="155095" text="Яндекс"><tfr rev_id="3708210" t="Яндекс"><v><l id="387910" t="яндекс"><g v="NOUN"></g><g v="inan"></g><g v="masc"></g><g v="Orgn"></g><g v="sing"></g><g v="nomn"></g></l></v></tfr></token><token id="155096" text="»"><tfr rev_id="2427025" t="»"><v><l id="0" t="»"><g v="PNCT"></g></l></v></tfr></token><token id="155097" text="начал"><tfr rev_id="1712529" t="начал"><v><l id="178224" t="начал"><g v="VERB"></g><g v="perf"></g><g v="tran"></g><g v="masc"></g><g v="sing"></g><g v="past"></g><g v="indc"></g></l></v></tfr></token><token id="155098" text="постепенно"><tfr rev_id="4239190" t="постепенно"><v><l id="262234" t="постепенно"><g v="ADVB"></g></l></v></tfr></token><token id="155099" text="переводить"><tfr rev_id="989916" t="переводить"><v><l id="227268" t="переводить"><g v="INFN"></g><g v="impf"></g><g v="tran"></g></l></v><v><l id="227275" t="переводить"><g v="INFN"></g><g v="perf"></g><g v="tran"></g></l></v></tfr></token><token id="155100" text="пользователей"><tfr rev_id="3502302" t="пользователей"><v><l id="257079" t="пользователь"><g v="NOUN"></g><g v="anim"></g><g v="masc"></g><g v="plur"></g><g v="accs"></g></l></v></tfr></token><token id="155101" text="на"><tfr rev_id="2905759" t="на"><v><l id="166264" t="на"><g v="PREP"></g></l></v><v><l id="388676" t="на"><g v="INTJ"></g></l></v></tfr></token><token id="155102" text="новую"><tfr rev_id="989919" t="новую"><v><l id="191918" t="новый"><g v="ADJF"></g><g v="Qual"></g><g v="femn"></g><g v="sing"></g><g v="accs"></g></l></v></tfr></token><token id="155103" text=","><tfr rev_id="989920" t=","><v><l id="0" t=","><g v="PNCT"></g></l></v></tfr></token><token id="155104" text="в"><tfr rev_id="989921" t="в"><v><l id="37409" t="в"><g v="PREP"></g></l></v></tfr></token><token id="155105" text="то"><tfr rev_id="3776440" t="то"><v><l id="346835" t="то"><g v="CONJ"></g></l></v><v><l id="346836" t="то"><g v="PRCL"></g></l></v><v><l id="348430" t="тот"><g v="ADJF"></g><g v="Subx"></g><g v="Apro"></g><g v="Anph"></g><g v="neut"></g><g v="sing"></g><g v="nomn"></g></l></v><v><l id="348430" t="тот"><g v="ADJF"></g><g v="Subx"></g><g v="Apro"></g><g v="Anph"></g><g v="neut"></g><g v="sing"></g><g v="accs"></g></l></v></tfr></token><token id="155106" text="время"><tfr rev_id="2782528" t="время"><v><l id="53149" t="время"><g v="NOUN"></g><g v="inan"></g><g v="neut"></g><g v="sing"></g><g v="accs"></g></l></v></tfr></token><token id="155107" text="бета-версию"><tfr rev_id="989924" t="бета-версию"><v><l id="29136" t="бета-версия"><g v="NOUN"></g><g v="inan"></g><g v="femn"></g><g v="sing"></g><g v="accs"></g></l></v></tfr></token><token id="155108" text="«"><tfr rev_id="2427026" t="«"><v><l id="0" t="«"><g v="PNCT"></g></l></v></tfr></token><token id="155109" text="Яндекс"><tfr rev_id="3511460" t="Яндекс"><v><l id="387910" t="яндекс"><g v="NOUN"></g><g v="inan"></g><g v="masc"></g><g v="Orgn"></g><g v="sing"></g><g v="nomn"></g></l></v><v><l id="387910" t="яндекс"><g v="NOUN"></g><g v="inan"></g><g v="masc"></g><g v="Orgn"></g><g v="sing"></g><g v="accs"></g></l></v></tfr></token><token id="291919" text="."><tfr rev_id="1125505" t="."><v><l id="0" t="."><g v="PNCT"></g></l></v></tfr></token><token id="291920" text="Почты"><tfr rev_id="3506851" t="Почты"><v><l id="264988" t="почта"><g v="NOUN"></g><g v="inan"></g><g v="femn"></g><g v="sing"></g><g v="gent"></g></l></v></tfr></token><token id="155112" text="»"><tfr rev_id="2427027" t="»"><v><l id="0" t="»"><g v="PNCT"></g></l></v></tfr></token><token id="155113" text="в"><tfr rev_id="989928" t="в"><v><l id="37409" t="в"><g v="PREP"></g></l></v></tfr></token><token id="155114" text="ноябре"><tfr rev_id="989929" t="ноябре"><v><l id="192482" t="ноябрь"><g v="NOUN"></g><g v="inan"></g><g v="masc"></g><g v="sing"></g><g v="loct"></g></l></v></tfr></token><token id="155115" text="2010"><tfr rev_id="2456140" t="2010"><v><l id="0" t="2010"><g v="NUMB"></g></l></v></tfr></token><token id="155116" text="года"><tfr rev_id="3414632" t="года"><v><l id="72149" t="год"><g v="NOUN"></g><g v="inan"></g><g v="masc"></g><g v="sing"></g><g v="gen1"></g></l></v></tfr></token><token id="155117" text="."><tfr rev_id="989932" t="."><v><l id="0" t="."><g v="PNCT"></g></l></v></tfr></token></tokens></sentence></paragraph></paragraphs></text>