<?xml version="1.0" encoding="utf-8"?><text id="1141" parent="226" name="14350 &quot;The Ведомости&quot;"><tags><tag>url:http://www.chaskor.ru/news/the_vedomosti_14350</tag><tag>Год:2010</tag><tag>Дата:19/01</tag><tag>Тема:ЧасКор:Медиа</tag><tag>Тема:ЧасКор:Медиа/Печать</tag></tags><paragraphs><paragraph id="10821"><sentence id="33828"><source>«The Ведомости»</source><tokens><token id="605785" text="«"><tfr rev_id="2443681" t="«"><v><l id="0" t="«"><g v="PNCT"></g></l></v></tfr></token><token id="605786" text="The"><tfr rev_id="2474717" t="The"><v><l id="0" t="The"><g v="LATN"></g></l></v></tfr></token><token id="605787" text="Ведомости"><tfr rev_id="3795738" t="Ведомости"><v><l id="40348" t="ведомость"><g v="NOUN"></g><g v="inan"></g><g v="femn"></g><g v="plur"></g><g v="nomn"></g></l></v></tfr></token><token id="605788" text="»"><tfr rev_id="2443682" t="»"><v><l id="0" t="»"><g v="PNCT"></g></l></v></tfr></token></tokens></sentence><sentence id="33829"><source>Деловая газета обрела англоязычный дайджест.</source><tokens><token id="605789" text="Деловая"><tfr rev_id="1438210" t="Деловая"><v><l id="80633" t="деловой"><g v="ADJF"></g><g v="femn"></g><g v="sing"></g><g v="nomn"></g></l></v></tfr></token><token id="605790" text="газета"><tfr rev_id="1438211" t="газета"><v><l id="65825" t="газета"><g v="NOUN"></g><g v="inan"></g><g v="femn"></g><g v="sing"></g><g v="nomn"></g></l></v></tfr></token><token id="605791" text="обрела"><tfr rev_id="1438212" t="обрела"><v><l id="199080" t="обрёл"><g v="VERB"></g><g v="perf"></g><g v="tran"></g><g v="femn"></g><g v="sing"></g><g v="past"></g><g v="indc"></g></l></v></tfr></token><token id="605792" text="англоязычный"><tfr rev_id="1438213" t="англоязычный"><v><l id="12789" t="англоязычный"><g v="ADJF"></g><g v="masc"></g><g v="sing"></g><g v="nomn"></g></l></v><v><l id="12789" t="англоязычный"><g v="ADJF"></g><g v="inan"></g><g v="masc"></g><g v="sing"></g><g v="accs"></g></l></v></tfr></token><token id="605793" text="дайджест"><tfr rev_id="3689111" t="дайджест"><v><l id="77877" t="дайджест"><g v="NOUN"></g><g v="inan"></g><g v="masc"></g><g v="sing"></g><g v="accs"></g></l></v></tfr></token><token id="605794" text="."><tfr rev_id="1438215" t="."><v><l id="0" t="."><g v="PNCT"></g></l></v></tfr></token></tokens></sentence></paragraph><paragraph id="10822"><sentence id="33830"><source>Российский англоязычный ежедневник The Moscow Times начал публикацию дайджеста деловой газеты «Ведомости».</source><tokens><token id="605795" text="Российский"><tfr rev_id="1438216" t="Российский"><v><l id="309319" t="российский"><g v="ADJF"></g><g v="masc"></g><g v="sing"></g><g v="nomn"></g></l></v><v><l id="309319" t="российский"><g v="ADJF"></g><g v="inan"></g><g v="masc"></g><g v="sing"></g><g v="accs"></g></l></v></tfr></token><token id="605796" text="англоязычный"><tfr rev_id="1438217" t="англоязычный"><v><l id="12789" t="англоязычный"><g v="ADJF"></g><g v="masc"></g><g v="sing"></g><g v="nomn"></g></l></v><v><l id="12789" t="англоязычный"><g v="ADJF"></g><g v="inan"></g><g v="masc"></g><g v="sing"></g><g v="accs"></g></l></v></tfr></token><token id="605797" text="ежедневник"><tfr rev_id="4101051" t="ежедневник"><v><l id="94452" t="ежедневник"><g v="NOUN"></g><g v="inan"></g><g v="masc"></g><g v="sing"></g><g v="nomn"></g></l></v></tfr></token><token id="605798" text="The"><tfr rev_id="2474718" t="The"><v><l id="0" t="The"><g v="LATN"></g></l></v></tfr></token><token id="605799" text="Moscow"><tfr rev_id="2474719" t="Moscow"><v><l id="0" t="Moscow"><g v="LATN"></g></l></v></tfr></token><token id="605800" text="Times"><tfr rev_id="2474720" t="Times"><v><l id="0" t="Times"><g v="LATN"></g></l></v></tfr></token><token id="605801" text="начал"><tfr rev_id="1715803" t="начал"><v><l id="178224" t="начал"><g v="VERB"></g><g v="perf"></g><g v="tran"></g><g v="masc"></g><g v="sing"></g><g v="past"></g><g v="indc"></g></l></v></tfr></token><token id="605802" text="публикацию"><tfr rev_id="1438223" t="публикацию"><v><l id="288828" t="публикация"><g v="NOUN"></g><g v="inan"></g><g v="femn"></g><g v="sing"></g><g v="accs"></g></l></v></tfr></token><token id="605803" text="дайджеста"><tfr rev_id="1438224" t="дайджеста"><v><l id="77877" t="дайджест"><g v="NOUN"></g><g v="inan"></g><g v="masc"></g><g v="sing"></g><g v="gent"></g></l></v></tfr></token><token id="605804" text="деловой"><tfr rev_id="4316718" t="деловой"><v><l id="80633" t="деловой"><g v="ADJF"></g><g v="femn"></g><g v="sing"></g><g v="gent"></g></l></v></tfr></token><token id="605805" text="газеты"><tfr rev_id="3489926" t="газеты"><v><l id="65825" t="газета"><g v="NOUN"></g><g v="inan"></g><g v="femn"></g><g v="sing"></g><g v="gent"></g></l></v></tfr></token><token id="605806" text="«"><tfr rev_id="2443683" t="«"><v><l id="0" t="«"><g v="PNCT"></g></l></v></tfr></token><token id="605807" text="Ведомости"><tfr rev_id="3796716" t="Ведомости"><v><l id="40348" t="ведомость"><g v="NOUN"></g><g v="inan"></g><g v="femn"></g><g v="plur"></g><g v="nomn"></g></l></v></tfr></token><token id="605808" text="»"><tfr rev_id="2443684" t="»"><v><l id="0" t="»"><g v="PNCT"></g></l></v></tfr></token><token id="605809" text="."><tfr rev_id="1438230" t="."><v><l id="0" t="."><g v="PNCT"></g></l></v></tfr></token></tokens></sentence><sentence id="33831"><source>По замыслу создателей он должен включать новости о наиболее важных экономических, финансовых, корпоративных и политических событиях, а также анализ и прогнозы.</source><tokens><token id="605810" text="По"><tfr rev_id="1438231" t="По"><v><l id="241240" t="по"><g v="PREP"></g></l></v></tfr></token><token id="605811" text="замыслу"><tfr rev_id="1438232" t="замыслу"><v><l id="106180" t="замысел"><g v="NOUN"></g><g v="inan"></g><g v="masc"></g><g v="sing"></g><g v="datv"></g></l></v></tfr></token><token id="605812" text="создателей"><tfr rev_id="4383070" t="создателей"><v><l id="328583" t="создатель"><g v="NOUN"></g><g v="anim"></g><g v="masc"></g><g v="plur"></g><g v="gent"></g></l></v></tfr></token><token id="605813" text="он"><tfr rev_id="3575566" t="он"><v><l id="206541" t="он"><g v="NPRO"></g><g v="masc"></g><g v="3per"></g><g v="Anph"></g><g v="sing"></g><g v="nomn"></g></l></v></tfr></token><token id="605814" text="должен"><tfr rev_id="2558768" t="должен"><v><l id="87975" t="должен"><g v="ADJS"></g><g v="masc"></g><g v="sing"></g></l></v></tfr></token><token id="605815" text="включать"><tfr rev_id="1438236" t="включать"><v><l id="46195" t="включать"><g v="INFN"></g><g v="impf"></g><g v="tran"></g></l></v></tfr></token><token id="605816" text="новости"><tfr rev_id="3743627" t="новости"><v><l id="191855" t="новость"><g v="NOUN"></g><g v="inan"></g><g v="femn"></g><g v="plur"></g><g v="accs"></g></l></v></tfr></token><token id="605817" text="о"><tfr rev_id="3302068" t="о"><v><l id="192977" t="о"><g v="PREP"></g></l></v></tfr></token><token id="605818" text="наиболее"><tfr rev_id="1438239" t="наиболее"><v><l id="170502" t="наиболее"><g v="ADVB"></g></l></v></tfr></token><token id="605819" text="важных"><tfr rev_id="4357394" t="важных"><v><l id="37722" t="важный"><g v="ADJF"></g><g v="Qual"></g><g v="plur"></g><g v="loct"></g></l></v></tfr></token><token id="605820" text="экономических"><tfr rev_id="4357579" t="экономических"><v><l id="383364" t="экономический"><g v="ADJF"></g><g v="plur"></g><g v="loct"></g></l></v></tfr></token><token id="605821" text=","><tfr rev_id="1438242" t=","><v><l id="0" t=","><g v="PNCT"></g></l></v></tfr></token><token id="605822" text="финансовых"><tfr rev_id="4361160" t="финансовых"><v><l id="366103" t="финансовый"><g v="ADJF"></g><g v="plur"></g><g v="loct"></g></l></v></tfr></token><token id="605823" text=","><tfr rev_id="1438244" t=","><v><l id="0" t=","><g v="PNCT"></g></l></v></tfr></token><token id="605824" text="корпоративных"><tfr rev_id="4394095" t="корпоративных"><v><l id="140145" t="корпоративный"><g v="ADJF"></g><g v="plur"></g><g v="loct"></g></l></v></tfr></token><token id="605825" text="и"><tfr rev_id="1438246" t="и"><v><l id="116949" t="и"><g v="CONJ"></g></l></v><v><l id="116950" t="и"><g v="INTJ"></g></l></v></tfr></token><token id="605826" text="политических"><tfr rev_id="3884839" t="политических"><v><l id="255870" t="политический"><g v="ADJF"></g><g v="plur"></g><g v="loct"></g></l></v></tfr></token><token id="605827" text="событиях"><tfr rev_id="1438248" t="событиях"><v><l id="327850" t="событие"><g v="NOUN"></g><g v="inan"></g><g v="neut"></g><g v="plur"></g><g v="loct"></g></l></v></tfr></token><token id="605828" text=","><tfr rev_id="1438249" t=","><v><l id="0" t=","><g v="PNCT"></g></l></v></tfr></token><token id="605829" text="а"><tfr rev_id="3539698" t="а"><v><l id="51" t="а"><g v="CONJ"></g></l></v></tfr></token><token id="605830" text="также"><tfr rev_id="4267725" t="также"><v><l id="342482" t="также"><g v="PRCL"></g></l></v></tfr></token><token id="605831" text="анализ"><tfr rev_id="4106340" t="анализ"><v><l id="12202" t="анализ"><g v="NOUN"></g><g v="inan"></g><g v="masc"></g><g v="sing"></g><g v="accs"></g></l></v></tfr></token><token id="605832" text="и"><tfr rev_id="1438253" t="и"><v><l id="116949" t="и"><g v="CONJ"></g></l></v><v><l id="116950" t="и"><g v="INTJ"></g></l></v></tfr></token><token id="605833" text="прогнозы"><tfr rev_id="3756686" t="прогнозы"><v><l id="278534" t="прогноз"><g v="NOUN"></g><g v="inan"></g><g v="masc"></g><g v="plur"></g><g v="accs"></g></l></v></tfr></token><token id="605834" text="."><tfr rev_id="1438255" t="."><v><l id="0" t="."><g v="PNCT"></g></l></v></tfr></token></tokens></sentence><sentence id="33832"><source>Над содержанием рубрики редакции двух изданий будут работать общими силами.</source><tokens><token id="605835" text="Над"><tfr rev_id="1438256" t="Над"><v><l id="168356" t="над"><g v="PREP"></g></l></v></tfr></token><token id="605836" text="содержанием"><tfr rev_id="1438257" t="содержанием"><v><l id="328404" t="содержание"><g v="NOUN"></g><g v="inan"></g><g v="neut"></g><g v="sing"></g><g v="ablt"></g></l></v></tfr></token><token id="605837" text="рубрики"><tfr rev_id="3433188" t="рубрики"><v><l id="309750" t="рубрика"><g v="NOUN"></g><g v="inan"></g><g v="femn"></g><g v="sing"></g><g v="gent"></g></l></v></tfr></token><token id="605838" text="редакции"><tfr rev_id="3796088" t="редакции"><v><l id="304989" t="редакция"><g v="NOUN"></g><g v="inan"></g><g v="femn"></g><g v="plur"></g><g v="nomn"></g></l></v></tfr></token><token id="605839" text="двух"><tfr rev_id="4449686" t="двух"><v><l id="78668" t="два"><g v="NUMR"></g><g v="anim"></g><g v="accs"></g></l></v><v><l id="78668" t="два"><g v="NUMR"></g><g v="gent"></g></l></v><v><l id="78668" t="два"><g v="NUMR"></g><g v="loct"></g></l></v></tfr></token><token id="605840" text="изданий"><tfr rev_id="1438261" t="изданий"><v><l id="118742" t="издание"><g v="NOUN"></g><g v="inan"></g><g v="neut"></g><g v="plur"></g><g v="gent"></g></l></v></tfr></token><token id="605841" text="будут"><tfr rev_id="1438262" t="будут"><v><l id="37265" t="есть"><g v="VERB"></g><g v="impf"></g><g v="intr"></g><g v="plur"></g><g v="3per"></g><g v="futr"></g><g v="indc"></g></l></v></tfr></token><token id="605842" text="работать"><tfr rev_id="1438263" t="работать"><v><l id="290503" t="работать"><g v="INFN"></g><g v="impf"></g><g v="intr"></g></l></v></tfr></token><token id="605843" text="общими"><tfr rev_id="1438264" t="общими"><v><l id="201663" t="общий"><g v="ADJF"></g><g v="plur"></g><g v="ablt"></g></l></v></tfr></token><token id="605844" text="силами"><tfr rev_id="1438265" t="силами"><v><l id="320333" t="сила"><g v="NOUN"></g><g v="inan"></g><g v="femn"></g><g v="plur"></g><g v="ablt"></g></l></v></tfr></token><token id="605845" text="."><tfr rev_id="1438266" t="."><v><l id="0" t="."><g v="PNCT"></g></l></v></tfr></token></tokens></sentence></paragraph><paragraph id="10823"><sentence id="33833"><source>Газета The Moscow Times выходит с 1992 года, сейчас, наряду с «Ведомостями» и рядом других изданий, она входит в деловой блок издательского дома Independent Media Sanoma Magazines.</source><tokens><token id="605846" text="Газета"><tfr rev_id="1438267" t="Газета"><v><l id="65825" t="газета"><g v="NOUN"></g><g v="inan"></g><g v="femn"></g><g v="sing"></g><g v="nomn"></g></l></v></tfr></token><token id="605847" text="The"><tfr rev_id="2474721" t="The"><v><l id="0" t="The"><g v="LATN"></g></l></v></tfr></token><token id="605848" text="Moscow"><tfr rev_id="2474722" t="Moscow"><v><l id="0" t="Moscow"><g v="LATN"></g></l></v></tfr></token><token id="605849" text="Times"><tfr rev_id="2474723" t="Times"><v><l id="0" t="Times"><g v="LATN"></g></l></v></tfr></token><token id="605850" text="выходит"><tfr rev_id="1438271" t="выходит"><v><l id="63962" t="выхожу"><g v="VERB"></g><g v="impf"></g><g v="intr"></g><g v="sing"></g><g v="3per"></g><g v="pres"></g><g v="indc"></g></l></v><v><l id="63967" t="выходил"><g v="VERB"></g><g v="perf"></g><g v="tran"></g><g v="sing"></g><g v="3per"></g><g v="futr"></g><g v="indc"></g></l></v></tfr></token><token id="605851" text="с"><tfr rev_id="1438272" t="с"><v><l id="311151" t="с"><g v="PREP"></g></l></v></tfr></token><token id="605852" text="1992"><tfr rev_id="2461739" t="1992"><v><l id="0" t="1992"><g v="NUMB"></g></l></v></tfr></token><token id="605853" text="года"><tfr rev_id="3469955" t="года"><v><l id="72149" t="год"><g v="NOUN"></g><g v="inan"></g><g v="masc"></g><g v="sing"></g><g v="gen1"></g></l></v></tfr></token><token id="605854" text=","><tfr rev_id="1438275" t=","><v><l id="0" t=","><g v="PNCT"></g></l></v></tfr></token><token id="605855" text="сейчас"><tfr rev_id="1438276" t="сейчас"><v><l id="317975" t="сейчас"><g v="ADVB"></g></l></v></tfr></token><token id="605856" text=","><tfr rev_id="1438277" t=","><v><l id="0" t=","><g v="PNCT"></g></l></v></tfr></token><token id="605857" text="наряду"><tfr rev_id="4264657" t="наряду"><v><l id="174968" t="наряду"><g v="ADVB"></g></l></v></tfr></token><token id="605858" text="с"><tfr rev_id="1438279" t="с"><v><l id="311151" t="с"><g v="PREP"></g></l></v></tfr></token><token id="605859" text="«"><tfr rev_id="2443685" t="«"><v><l id="0" t="«"><g v="PNCT"></g></l></v></tfr></token><token id="605860" text="Ведомостями"><tfr rev_id="1438281" t="Ведомостями"><v><l id="40348" t="ведомость"><g v="NOUN"></g><g v="inan"></g><g v="femn"></g><g v="plur"></g><g v="ablt"></g></l></v></tfr></token><token id="605861" text="»"><tfr rev_id="2443686" t="»"><v><l id="0" t="»"><g v="PNCT"></g></l></v></tfr></token><token id="605862" text="и"><tfr rev_id="1438283" t="и"><v><l id="116949" t="и"><g v="CONJ"></g></l></v><v><l id="116950" t="и"><g v="INTJ"></g></l></v></tfr></token><token id="605863" text="рядом"><tfr rev_id="4264106" t="рядом"><v><l id="311045" t="ряд"><g v="NOUN"></g><g v="inan"></g><g v="masc"></g><g v="sing"></g><g v="ablt"></g></l></v></tfr></token><token id="605864" text="других"><tfr rev_id="4394151" t="других"><v><l id="92342" t="другой"><g v="ADJF"></g><g v="Apro"></g><g v="Subx"></g><g v="plur"></g><g v="gent"></g></l></v></tfr></token><token id="605865" text="изданий"><tfr rev_id="1438286" t="изданий"><v><l id="118742" t="издание"><g v="NOUN"></g><g v="inan"></g><g v="neut"></g><g v="plur"></g><g v="gent"></g></l></v></tfr></token><token id="605866" text=","><tfr rev_id="1438287" t=","><v><l id="0" t=","><g v="PNCT"></g></l></v></tfr></token><token id="605867" text="она"><tfr rev_id="3586458" t="она"><v><l id="206544" t="она"><g v="NPRO"></g><g v="femn"></g><g v="3per"></g><g v="Anph"></g><g v="sing"></g><g v="nomn"></g></l></v></tfr></token><token id="605868" text="входит"><tfr rev_id="1438289" t="входит"><v><l id="55354" t="вхожу"><g v="VERB"></g><g v="impf"></g><g v="intr"></g><g v="sing"></g><g v="3per"></g><g v="pres"></g><g v="indc"></g></l></v></tfr></token><token id="605869" text="в"><tfr rev_id="1438290" t="в"><v><l id="37409" t="в"><g v="PREP"></g></l></v></tfr></token><token id="605870" text="деловой"><tfr rev_id="2782785" t="деловой"><v><l id="80633" t="деловой"><g v="ADJF"></g><g v="inan"></g><g v="masc"></g><g v="sing"></g><g v="accs"></g></l></v></tfr></token><token id="605871" text="блок"><tfr rev_id="3465318" t="блок"><v><l id="30975" t="блок"><g v="NOUN"></g><g v="inan"></g><g v="masc"></g><g v="sing"></g><g v="accs"></g></l></v></tfr></token><token id="605872" text="издательского"><tfr rev_id="4415067" t="издательского"><v><l id="118746" t="издательский"><g v="ADJF"></g><g v="masc"></g><g v="sing"></g><g v="gent"></g></l></v></tfr></token><token id="605873" text="дома"><tfr rev_id="4330653" t="дома"><v><l id="88152" t="дом"><g v="NOUN"></g><g v="inan"></g><g v="masc"></g><g v="sing"></g><g v="gen1"></g></l></v></tfr></token><token id="605874" text="Independent"><tfr rev_id="2474724" t="Independent"><v><l id="0" t="Independent"><g v="LATN"></g></l></v></tfr></token><token id="605875" text="Media"><tfr rev_id="2474725" t="Media"><v><l id="0" t="Media"><g v="LATN"></g></l></v></tfr></token><token id="605876" text="Sanoma"><tfr rev_id="2474726" t="Sanoma"><v><l id="0" t="Sanoma"><g v="LATN"></g></l></v></tfr></token><token id="605877" text="Magazines"><tfr rev_id="2474727" t="Magazines"><v><l id="0" t="Magazines"><g v="LATN"></g></l></v></tfr></token><token id="605878" text="."><tfr rev_id="1438299" t="."><v><l id="0" t="."><g v="PNCT"></g></l></v></tfr></token></tokens></sentence><sentence id="33834"><source>С 2006-го The Moscow Times является аффилированным изданием международной газеты International Herald Tribune, напоминает Lenta.ru.</source><tokens><token id="605879" text="С"><tfr rev_id="1438300" t="С"><v><l id="311151" t="с"><g v="PREP"></g></l></v></tfr></token><token id="605880" text="2006-го"><tfr rev_id="1438301" t="2006-го"><v><l id="0" t="2006-го"><g v="UNKN"></g></l></v></tfr></token><token id="605881" text="The"><tfr rev_id="2474728" t="The"><v><l id="0" t="The"><g v="LATN"></g></l></v></tfr></token><token id="605882" text="Moscow"><tfr rev_id="2474729" t="Moscow"><v><l id="0" t="Moscow"><g v="LATN"></g></l></v></tfr></token><token id="605883" text="Times"><tfr rev_id="2474730" t="Times"><v><l id="0" t="Times"><g v="LATN"></g></l></v></tfr></token><token id="605884" text="является"><tfr rev_id="1438305" t="является"><v><l id="387385" t="являюсь"><g v="VERB"></g><g v="impf"></g><g v="intr"></g><g v="sing"></g><g v="3per"></g><g v="pres"></g><g v="indc"></g></l></v></tfr></token><token id="605885" text="аффилированным"><tfr rev_id="3683699" t="аффилированным"><v><l id="20440" t="аффилированный"><g v="PRTF"></g><g v="perf"></g><g v="tran"></g><g v="past"></g><g v="pssv"></g><g v="Adjx"></g><g v="neut"></g><g v="sing"></g><g v="ablt"></g></l></v><v><l id="20441" t="аффилированный"><g v="PRTF"></g><g v="impf"></g><g v="tran"></g><g v="past"></g><g v="pssv"></g><g v="Adjx"></g><g v="neut"></g><g v="sing"></g><g v="ablt"></g></l></v></tfr></token><token id="605886" text="изданием"><tfr rev_id="1438307" t="изданием"><v><l id="118742" t="издание"><g v="NOUN"></g><g v="inan"></g><g v="neut"></g><g v="sing"></g><g v="ablt"></g></l></v></tfr></token><token id="605887" text="международной"><tfr rev_id="4173034" t="международной"><v><l id="157346" t="международный"><g v="ADJF"></g><g v="femn"></g><g v="sing"></g><g v="gent"></g></l></v></tfr></token><token id="605888" text="газеты"><tfr rev_id="3431567" t="газеты"><v><l id="65825" t="газета"><g v="NOUN"></g><g v="inan"></g><g v="femn"></g><g v="sing"></g><g v="gent"></g></l></v></tfr></token><token id="605889" text="International"><tfr rev_id="2474731" t="International"><v><l id="0" t="International"><g v="LATN"></g></l></v></tfr></token><token id="605890" text="Herald"><tfr rev_id="2474732" t="Herald"><v><l id="0" t="Herald"><g v="LATN"></g></l></v></tfr></token><token id="605891" text="Tribune"><tfr rev_id="2474733" t="Tribune"><v><l id="0" t="Tribune"><g v="LATN"></g></l></v></tfr></token><token id="605892" text=","><tfr rev_id="1438313" t=","><v><l id="0" t=","><g v="PNCT"></g></l></v></tfr></token><token id="605893" text="напоминает"><tfr rev_id="1438314" t="напоминает"><v><l id="173880" t="напоминаю"><g v="VERB"></g><g v="impf"></g><g v="tran"></g><g v="sing"></g><g v="3per"></g><g v="pres"></g><g v="indc"></g></l></v></tfr></token><token id="605894" text="Lenta.ru"><tfr rev_id="2474734" t="Lenta.ru"><v><l id="0" t="Lenta.ru"><g v="LATN"></g></l></v></tfr></token><token id="605895" text="."><tfr rev_id="1438316" t="."><v><l id="0" t="."><g v="PNCT"></g></l></v></tfr></token></tokens></sentence></paragraph><paragraph id="10824"><sentence id="33835"><source>О развитии других качественных СМИ читайте в статье Частного корреспондента «Кошелёк или жизнь»</source><tokens><token id="605896" text="О"><tfr rev_id="2781362" t="О"><v><l id="192977" t="о"><g v="PREP"></g></l></v></tfr></token><token id="605897" text="развитии"><tfr rev_id="1438318" t="развитии"><v><l id="292545" t="развитие"><g v="NOUN"></g><g v="inan"></g><g v="neut"></g><g v="sing"></g><g v="loct"></g></l></v></tfr></token><token id="605898" text="других"><tfr rev_id="4095783" t="других"><v><l id="92342" t="другой"><g v="ADJF"></g><g v="Apro"></g><g v="Subx"></g><g v="plur"></g><g v="gent"></g></l></v></tfr></token><token id="605899" text="качественных"><tfr rev_id="4197979" t="качественных"><v><l id="131634" t="качественный"><g v="ADJF"></g><g v="Qual"></g><g v="plur"></g><g v="gent"></g></l></v></tfr></token><token id="605900" text="СМИ"><tfr rev_id="4489527" t="СМИ"><v><l id="326341" t="сми"><g v="NOUN"></g><g v="inan"></g><g v="GNdr"></g><g v="Pltm"></g><g v="Fixd"></g><g v="Abbr"></g><g v="plur"></g><g v="gent"></g></l></v></tfr></token><token id="605901" text="читайте"><tfr rev_id="1438322" t="читайте"><v><l id="376719" t="читаю"><g v="VERB"></g><g v="impf"></g><g v="tran"></g><g v="plur"></g><g v="impr"></g><g v="excl"></g></l></v></tfr></token><token id="605902" text="в"><tfr rev_id="1438323" t="в"><v><l id="37409" t="в"><g v="PREP"></g></l></v></tfr></token><token id="605903" text="статье"><tfr rev_id="3556200" t="статье"><v><l id="335173" t="статья"><g v="NOUN"></g><g v="inan"></g><g v="femn"></g><g v="sing"></g><g v="loct"></g></l></v></tfr></token><token id="605904" text="Частного"><tfr rev_id="4462415" t="Частного"><v><l id="374795" t="частный"><g v="ADJF"></g><g v="Qual"></g><g v="masc"></g><g v="sing"></g><g v="gent"></g></l></v><v><l id="374795" t="частный"><g v="ADJF"></g><g v="Qual"></g><g v="anim"></g><g v="masc"></g><g v="sing"></g><g v="accs"></g></l></v></tfr></token><token id="605905" text="корреспондента"><tfr rev_id="4215463" t="корреспондента"><v><l id="140239" t="корреспондент"><g v="NOUN"></g><g v="anim"></g><g v="masc"></g><g v="sing"></g><g v="gent"></g></l></v></tfr></token><token id="605906" text="«"><tfr rev_id="2443687" t="«"><v><l id="0" t="«"><g v="PNCT"></g></l></v></tfr></token><token id="605907" text="Кошелёк"><tfr rev_id="1438328" t="Кошелёк"><v><l id="141359" t="кошелёк"><g v="NOUN"></g><g v="inan"></g><g v="masc"></g><g v="sing"></g><g v="nomn"></g></l></v><v><l id="141359" t="кошелёк"><g v="NOUN"></g><g v="inan"></g><g v="masc"></g><g v="sing"></g><g v="accs"></g></l></v></tfr></token><token id="605908" text="или"><tfr rev_id="3787192" t="или"><v><l id="121146" t="или"><g v="CONJ"></g></l></v></tfr></token><token id="605909" text="жизнь"><tfr rev_id="4212121" t="жизнь"><v><l id="97314" t="жизнь"><g v="NOUN"></g><g v="inan"></g><g v="femn"></g><g v="sing"></g><g v="nomn"></g></l></v></tfr></token><token id="605910" text="»"><tfr rev_id="2443688" t="»"><v><l id="0" t="»"><g v="PNCT"></g></l></v></tfr></token></tokens></sentence></paragraph></paragraphs></text>