<?xml version="1.0" encoding="utf-8"?><text id="1143" parent="226" name="23201 Правительство Москвы создаст медиахолдинг"><tags><tag>url:http://www.chaskor.ru/news/pravitelstvo_moskvy_sozdast_mediaholding_23201</tag><tag>Год:2011</tag><tag>Дата:26/04</tag><tag>Тема:ЧасКор:Медиа</tag><tag>Тема:ЧасКор:Медиа/Медиа</tag></tags><paragraphs><paragraph id="10863"><sentence id="33994"><source>Правительство Москвы создаст медиахолдинг</source><tokens><token id="608492" text="Правительство"><tfr rev_id="1440913" t="Правительство"><v><l id="265638" t="правительство"><g v="NOUN"></g><g v="inan"></g><g v="neut"></g><g v="sing"></g><g v="nomn"></g></l></v><v><l id="265638" t="правительство"><g v="NOUN"></g><g v="inan"></g><g v="neut"></g><g v="sing"></g><g v="accs"></g></l></v></tfr></token><token id="608493" text="Москвы"><tfr rev_id="1440914" t="Москвы"><v><l id="163901" t="москва"><g v="NOUN"></g><g v="inan"></g><g v="femn"></g><g v="Sgtm"></g><g v="Geox"></g><g v="sing"></g><g v="gent"></g></l></v></tfr></token><token id="608494" text="создаст"><tfr rev_id="1440915" t="создаст"><v><l id="328585" t="создал"><g v="VERB"></g><g v="perf"></g><g v="tran"></g><g v="sing"></g><g v="3per"></g><g v="futr"></g><g v="indc"></g></l></v></tfr></token><token id="608495" text="медиахолдинг"><tfr rev_id="4566749" t="медиахолдинг"><v><l id="393857" t="медиахолдинг"><g v="NOUN"></g><g v="inan"></g><g v="masc"></g><g v="sing"></g><g v="accs"></g></l></v><v><l id="393857" t="медиахолдинг"><g v="NOUN"></g><g v="inan"></g><g v="masc"></g><g v="sing"></g><g v="nomn"></g></l></v></tfr></token></tokens></sentence><sentence id="33995"><source>Столичные власти планируют объединить близкие к правительству издания.</source><tokens><token id="608496" text="Столичные"><tfr rev_id="3808773" t="Столичные"><v><l id="336589" t="столичный"><g v="ADJF"></g><g v="Qual"></g><g v="plur"></g><g v="nomn"></g></l></v></tfr></token><token id="608497" text="власти"><tfr rev_id="3768632" t="власти"><v><l id="46816" t="власть"><g v="NOUN"></g><g v="inan"></g><g v="femn"></g><g v="plur"></g><g v="nomn"></g></l></v></tfr></token><token id="608498" text="планируют"><tfr rev_id="1440919" t="планируют"><v><l id="239713" t="планирую"><g v="VERB"></g><g v="impf"></g><g v="tran"></g><g v="plur"></g><g v="3per"></g><g v="pres"></g><g v="indc"></g></l></v></tfr></token><token id="608499" text="объединить"><tfr rev_id="1440920" t="объединить"><v><l id="201757" t="объединить"><g v="INFN"></g><g v="perf"></g><g v="tran"></g></l></v></tfr></token><token id="608500" text="близкие"><tfr rev_id="4160921" t="близкие"><v><l id="30856" t="близкий"><g v="ADJF"></g><g v="Qual"></g><g v="plur"></g><g v="nomn"></g></l></v><v><l id="30856" t="близкий"><g v="ADJF"></g><g v="Qual"></g><g v="inan"></g><g v="plur"></g><g v="accs"></g></l></v></tfr></token><token id="608501" text="к"><tfr rev_id="1440922" t="к"><v><l id="127460" t="к"><g v="PREP"></g></l></v></tfr></token><token id="608502" text="правительству"><tfr rev_id="1440923" t="правительству"><v><l id="265638" t="правительство"><g v="NOUN"></g><g v="inan"></g><g v="neut"></g><g v="sing"></g><g v="datv"></g></l></v></tfr></token><token id="608503" text="издания"><tfr rev_id="3793837" t="издания"><v><l id="118742" t="издание"><g v="NOUN"></g><g v="inan"></g><g v="neut"></g><g v="plur"></g><g v="accs"></g></l></v></tfr></token><token id="608504" text="."><tfr rev_id="1440925" t="."><v><l id="0" t="."><g v="PNCT"></g></l></v></tfr></token></tokens></sentence></paragraph><paragraph id="10864"><sentence id="33996"><source>Основой холдинга станут ОАО «Объединённая редакция изданий мэра и правительства Москвы», ОАО «Концерн «Вечерняя Москва» и газета правительства Москвы «Тверская, 13».</source><tokens><token id="608505" text="Основой"><tfr rev_id="1440926" t="Основой"><v><l id="210574" t="основа"><g v="NOUN"></g><g v="inan"></g><g v="femn"></g><g v="sing"></g><g v="ablt"></g></l></v></tfr></token><token id="608506" text="холдинга"><tfr rev_id="1440927" t="холдинга"><v><l id="371226" t="холдинг"><g v="NOUN"></g><g v="inan"></g><g v="masc"></g><g v="sing"></g><g v="gent"></g></l></v></tfr></token><token id="608507" text="станут"><tfr rev_id="1440928" t="станут"><v><l id="335164" t="стал"><g v="VERB"></g><g v="perf"></g><g v="intr"></g><g v="plur"></g><g v="3per"></g><g v="futr"></g><g v="indc"></g></l></v></tfr></token><token id="608508" text="ОАО"><tfr rev_id="4178783" t="ОАО"><v><l id="192983" t="оао"><g v="NOUN"></g><g v="inan"></g><g v="neut"></g><g v="Fixd"></g><g v="Abbr"></g><g v="sing"></g><g v="nomn"></g></l></v></tfr></token><token id="608509" text="«"><tfr rev_id="2443766" t="«"><v><l id="0" t="«"><g v="PNCT"></g></l></v></tfr></token><token id="608510" text="Объединённая"><tfr rev_id="1440931" t="Объединённая"><v><l id="201759" t="объединённый"><g v="PRTF"></g><g v="perf"></g><g v="tran"></g><g v="past"></g><g v="pssv"></g><g v="femn"></g><g v="sing"></g><g v="nomn"></g></l></v></tfr></token><token id="608511" text="редакция"><tfr rev_id="1440932" t="редакция"><v><l id="304989" t="редакция"><g v="NOUN"></g><g v="inan"></g><g v="femn"></g><g v="sing"></g><g v="nomn"></g></l></v></tfr></token><token id="608512" text="изданий"><tfr rev_id="1440933" t="изданий"><v><l id="118742" t="издание"><g v="NOUN"></g><g v="inan"></g><g v="neut"></g><g v="plur"></g><g v="gent"></g></l></v></tfr></token><token id="608513" text="мэра"><tfr rev_id="2827033" t="мэра"><v><l id="165997" t="мэр"><g v="NOUN"></g><g v="anim"></g><g v="masc"></g><g v="sing"></g><g v="gent"></g></l></v></tfr></token><token id="608514" text="и"><tfr rev_id="3462696" t="и"><v><l id="116949" t="и"><g v="CONJ"></g></l></v></tfr></token><token id="608515" text="правительства"><tfr rev_id="3501252" t="правительства"><v><l id="265638" t="правительство"><g v="NOUN"></g><g v="inan"></g><g v="neut"></g><g v="sing"></g><g v="gent"></g></l></v></tfr></token><token id="608516" text="Москвы"><tfr rev_id="1440937" t="Москвы"><v><l id="163901" t="москва"><g v="NOUN"></g><g v="inan"></g><g v="femn"></g><g v="Sgtm"></g><g v="Geox"></g><g v="sing"></g><g v="gent"></g></l></v></tfr></token><token id="608517" text="»"><tfr rev_id="2443767" t="»"><v><l id="0" t="»"><g v="PNCT"></g></l></v></tfr></token><token id="608518" text=","><tfr rev_id="1440939" t=","><v><l id="0" t=","><g v="PNCT"></g></l></v></tfr></token><token id="608519" text="ОАО"><tfr rev_id="4154806" t="ОАО"><v><l id="192983" t="оао"><g v="NOUN"></g><g v="inan"></g><g v="neut"></g><g v="Fixd"></g><g v="Abbr"></g><g v="sing"></g><g v="nomn"></g></l></v></tfr></token><token id="608520" text="«"><tfr rev_id="2443768" t="«"><v><l id="0" t="«"><g v="PNCT"></g></l></v></tfr></token><token id="608521" text="Концерн"><tfr rev_id="4101607" t="Концерн"><v><l id="138953" t="концерн"><g v="NOUN"></g><g v="inan"></g><g v="masc"></g><g v="sing"></g><g v="nomn"></g></l></v></tfr></token><token id="608522" text="«"><tfr rev_id="2443769" t="«"><v><l id="0" t="«"><g v="PNCT"></g></l></v></tfr></token><token id="608523" text="Вечерняя"><tfr rev_id="1440944" t="Вечерняя"><v><l id="42384" t="вечерний"><g v="ADJF"></g><g v="femn"></g><g v="sing"></g><g v="nomn"></g></l></v></tfr></token><token id="608524" text="Москва"><tfr rev_id="1440945" t="Москва"><v><l id="163901" t="москва"><g v="NOUN"></g><g v="inan"></g><g v="femn"></g><g v="Sgtm"></g><g v="Geox"></g><g v="sing"></g><g v="nomn"></g></l></v></tfr></token><token id="608525" text="»"><tfr rev_id="2443770" t="»"><v><l id="0" t="»"><g v="PNCT"></g></l></v></tfr></token><token id="608526" text="и"><tfr rev_id="1440947" t="и"><v><l id="116949" t="и"><g v="CONJ"></g></l></v><v><l id="116950" t="и"><g v="INTJ"></g></l></v></tfr></token><token id="608527" text="газета"><tfr rev_id="1440948" t="газета"><v><l id="65825" t="газета"><g v="NOUN"></g><g v="inan"></g><g v="femn"></g><g v="sing"></g><g v="nomn"></g></l></v></tfr></token><token id="608528" text="правительства"><tfr rev_id="3448089" t="правительства"><v><l id="265638" t="правительство"><g v="NOUN"></g><g v="inan"></g><g v="neut"></g><g v="sing"></g><g v="gent"></g></l></v></tfr></token><token id="608529" text="Москвы"><tfr rev_id="1440950" t="Москвы"><v><l id="163901" t="москва"><g v="NOUN"></g><g v="inan"></g><g v="femn"></g><g v="Sgtm"></g><g v="Geox"></g><g v="sing"></g><g v="gent"></g></l></v></tfr></token><token id="608530" text="«"><tfr rev_id="2443771" t="«"><v><l id="0" t="«"><g v="PNCT"></g></l></v></tfr></token><token id="608531" text="Тверская"><tfr rev_id="3947643" t="Тверская"><v><l id="343767" t="тверская"><g v="NOUN"></g><g v="inan"></g><g v="femn"></g><g v="Sgtm"></g><g v="Geox"></g><g v="sing"></g><g v="nomn"></g></l></v></tfr></token><token id="608532" text=","><tfr rev_id="1440953" t=","><v><l id="0" t=","><g v="PNCT"></g></l></v></tfr></token><token id="608533" text="13"><tfr rev_id="2461747" t="13"><v><l id="0" t="13"><g v="NUMB"></g></l></v></tfr></token><token id="608534" text="»"><tfr rev_id="2443772" t="»"><v><l id="0" t="»"><g v="PNCT"></g></l></v></tfr></token><token id="608535" text="."><tfr rev_id="1440956" t="."><v><l id="0" t="."><g v="PNCT"></g></l></v></tfr></token></tokens></sentence><sentence id="33997"><source>Как сообщает «Газета.Ru», в изданиях будущего холдинга планируются кадровые перестановки.</source><tokens><token id="608536" text="Как"><tfr rev_id="1440957" t="Как"><v><l id="128190" t="как"><g v="CONJ"></g></l></v><v><l id="128191" t="как"><g v="PRCL"></g></l></v><v><l id="128192" t="как"><g v="ADVB"></g><g v="Ques"></g></l></v></tfr></token><token id="608537" text="сообщает"><tfr rev_id="1440958" t="сообщает"><v><l id="329538" t="сообщаю"><g v="VERB"></g><g v="impf"></g><g v="tran"></g><g v="sing"></g><g v="3per"></g><g v="pres"></g><g v="indc"></g></l></v></tfr></token><token id="608538" text="«"><tfr rev_id="2443773" t="«"><v><l id="0" t="«"><g v="PNCT"></g></l></v></tfr></token><token id="608539" text="Газета.Ru"><tfr rev_id="1440960" t="Газета.Ru"><v><l id="0" t="Газета.Ru"><g v="UNKN"></g></l></v></tfr></token><token id="608540" text="»"><tfr rev_id="2443774" t="»"><v><l id="0" t="»"><g v="PNCT"></g></l></v></tfr></token><token id="608541" text=","><tfr rev_id="1440962" t=","><v><l id="0" t=","><g v="PNCT"></g></l></v></tfr></token><token id="608542" text="в"><tfr rev_id="1440963" t="в"><v><l id="37409" t="в"><g v="PREP"></g></l></v></tfr></token><token id="608543" text="изданиях"><tfr rev_id="1440964" t="изданиях"><v><l id="118742" t="издание"><g v="NOUN"></g><g v="inan"></g><g v="neut"></g><g v="plur"></g><g v="loct"></g></l></v></tfr></token><token id="608544" text="будущего"><tfr rev_id="4349818" t="будущего"><v><l id="35164" t="будущий"><g v="ADJF"></g><g v="masc"></g><g v="sing"></g><g v="gent"></g></l></v><v><l id="35164" t="будущий"><g v="ADJF"></g><g v="anim"></g><g v="masc"></g><g v="sing"></g><g v="accs"></g></l></v></tfr></token><token id="608545" text="холдинга"><tfr rev_id="1440966" t="холдинга"><v><l id="371226" t="холдинг"><g v="NOUN"></g><g v="inan"></g><g v="masc"></g><g v="sing"></g><g v="gent"></g></l></v></tfr></token><token id="608546" text="планируются"><tfr rev_id="1440967" t="планируются"><v><l id="239722" t="планируюсь"><g v="VERB"></g><g v="impf"></g><g v="intr"></g><g v="plur"></g><g v="3per"></g><g v="pres"></g><g v="indc"></g></l></v></tfr></token><token id="608547" text="кадровые"><tfr rev_id="3860126" t="кадровые"><v><l id="127837" t="кадровый"><g v="ADJF"></g><g v="plur"></g><g v="nomn"></g></l></v></tfr></token><token id="608548" text="перестановки"><tfr rev_id="3805762" t="перестановки"><v><l id="234662" t="перестановка"><g v="NOUN"></g><g v="inan"></g><g v="femn"></g><g v="plur"></g><g v="nomn"></g></l></v></tfr></token><token id="608549" text="."><tfr rev_id="1440970" t="."><v><l id="0" t="."><g v="PNCT"></g></l></v></tfr></token></tokens></sentence><sentence id="33998"><source>На пост главного редактора «Тверской, 13» приглашают Виталия Абрамова, который 21 апреля покинул место главреда «Известий».</source><tokens><token id="608550" text="На"><tfr rev_id="3395639" t="На"><v><l id="166264" t="на"><g v="PREP"></g></l></v></tfr></token><token id="608551" text="пост"><tfr rev_id="1440972" t="пост"><v><l id="262073" t="пост"><g v="NOUN"></g><g v="inan"></g><g v="masc"></g><g v="sing"></g><g v="nomn"></g></l></v><v><l id="262073" t="пост"><g v="NOUN"></g><g v="inan"></g><g v="masc"></g><g v="sing"></g><g v="accs"></g></l></v></tfr></token><token id="608552" text="главного"><tfr rev_id="4349727" t="главного"><v><l id="70842" t="главный"><g v="ADJF"></g><g v="Qual"></g><g v="masc"></g><g v="sing"></g><g v="gent"></g></l></v><v><l id="70842" t="главный"><g v="ADJF"></g><g v="Qual"></g><g v="anim"></g><g v="masc"></g><g v="sing"></g><g v="accs"></g></l></v></tfr></token><token id="608553" text="редактора"><tfr rev_id="4389547" t="редактора"><v><l id="304972" t="редактор"><g v="NOUN"></g><g v="anim"></g><g v="masc"></g><g v="sing"></g><g v="gent"></g></l></v></tfr></token><token id="608554" text="«"><tfr rev_id="2443775" t="«"><v><l id="0" t="«"><g v="PNCT"></g></l></v></tfr></token><token id="608555" text="Тверской"><tfr rev_id="4354239" t="Тверской"><v><l id="343767" t="тверская"><g v="NOUN"></g><g v="inan"></g><g v="femn"></g><g v="Sgtm"></g><g v="Geox"></g><g v="sing"></g><g v="gent"></g></l></v></tfr></token><token id="608556" text=","><tfr rev_id="1440977" t=","><v><l id="0" t=","><g v="PNCT"></g></l></v></tfr></token><token id="608557" text="13"><tfr rev_id="2461748" t="13"><v><l id="0" t="13"><g v="NUMB"></g></l></v></tfr></token><token id="608558" text="»"><tfr rev_id="2443776" t="»"><v><l id="0" t="»"><g v="PNCT"></g></l></v></tfr></token><token id="608559" text="приглашают"><tfr rev_id="1440980" t="приглашают"><v><l id="269731" t="приглашаю"><g v="VERB"></g><g v="impf"></g><g v="tran"></g><g v="plur"></g><g v="3per"></g><g v="pres"></g><g v="indc"></g></l></v></tfr></token><token id="608560" text="Виталия"><tfr rev_id="4175977" t="Виталия"><v><l id="45637" t="виталий"><g v="NOUN"></g><g v="anim"></g><g v="masc"></g><g v="Name"></g><g v="sing"></g><g v="gent"></g></l></v><v><l id="45637" t="виталий"><g v="NOUN"></g><g v="anim"></g><g v="masc"></g><g v="Name"></g><g v="sing"></g><g v="accs"></g></l></v></tfr></token><token id="608561" text="Абрамова"><tfr rev_id="4356508" t="Абрамова"><v><l id="1686" t="абрамов"><g v="NOUN"></g><g v="anim"></g><g v="masc"></g><g v="Sgtm"></g><g v="Surn"></g><g v="sing"></g><g v="accs"></g></l></v></tfr></token><token id="608562" text=","><tfr rev_id="1440983" t=","><v><l id="0" t=","><g v="PNCT"></g></l></v></tfr></token><token id="608563" text="который"><tfr rev_id="3637405" t="который"><v><l id="141203" t="который"><g v="ADJF"></g><g v="Apro"></g><g v="Subx"></g><g v="Anph"></g><g v="masc"></g><g v="sing"></g><g v="nomn"></g></l></v><v><l id="141203" t="который"><g v="ADJF"></g><g v="Apro"></g><g v="Subx"></g><g v="Anph"></g><g v="inan"></g><g v="masc"></g><g v="sing"></g><g v="accs"></g></l></v></tfr></token><token id="608564" text="21"><tfr rev_id="2461749" t="21"><v><l id="0" t="21"><g v="NUMB"></g></l></v></tfr></token><token id="608565" text="апреля"><tfr rev_id="1440986" t="апреля"><v><l id="15509" t="апрель"><g v="NOUN"></g><g v="inan"></g><g v="masc"></g><g v="sing"></g><g v="gent"></g></l></v></tfr></token><token id="608566" text="покинул"><tfr rev_id="1440987" t="покинул"><v><l id="254301" t="покинул"><g v="VERB"></g><g v="perf"></g><g v="tran"></g><g v="masc"></g><g v="sing"></g><g v="past"></g><g v="indc"></g></l></v></tfr></token><token id="608567" text="место"><tfr rev_id="3708112" t="место"><v><l id="158822" t="место"><g v="NOUN"></g><g v="inan"></g><g v="neut"></g><g v="sing"></g><g v="accs"></g></l></v></tfr></token><token id="608568" text="главреда"><tfr rev_id="4389430" t="главреда"><v><l id="388947" t="главред"><g v="NOUN"></g><g v="anim"></g><g v="masc"></g><g v="sing"></g><g v="gent"></g></l></v></tfr></token><token id="608569" text="«"><tfr rev_id="2443777" t="«"><v><l id="0" t="«"><g v="PNCT"></g></l></v></tfr></token><token id="608570" text="Известий"><tfr rev_id="1440991" t="Известий"><v><l id="118103" t="известие"><g v="NOUN"></g><g v="inan"></g><g v="neut"></g><g v="plur"></g><g v="gent"></g></l></v></tfr></token><token id="608571" text="»"><tfr rev_id="2443778" t="»"><v><l id="0" t="»"><g v="PNCT"></g></l></v></tfr></token><token id="608572" text="."><tfr rev_id="1440993" t="."><v><l id="0" t="."><g v="PNCT"></g></l></v></tfr></token></tokens></sentence><sentence id="33999"><source>«Вечернюю Москву» вместо нынешнего руководителя Юрия Ряжского должен возглавить главред радио «Комсомольская правда» и создатель «Экспресс-газеты» Александр Куприянов.</source><tokens><token id="608573" text="«"><tfr rev_id="2443779" t="«"><v><l id="0" t="«"><g v="PNCT"></g></l></v></tfr></token><token id="608574" text="Вечернюю"><tfr rev_id="1440995" t="Вечернюю"><v><l id="42384" t="вечерний"><g v="ADJF"></g><g v="femn"></g><g v="sing"></g><g v="accs"></g></l></v></tfr></token><token id="608575" text="Москву"><tfr rev_id="1440996" t="Москву"><v><l id="163901" t="москва"><g v="NOUN"></g><g v="inan"></g><g v="femn"></g><g v="Sgtm"></g><g v="Geox"></g><g v="sing"></g><g v="accs"></g></l></v></tfr></token><token id="608576" text="»"><tfr rev_id="2443780" t="»"><v><l id="0" t="»"><g v="PNCT"></g></l></v></tfr></token><token id="608577" text="вместо"><tfr rev_id="1440998" t="вместо"><v><l id="47145" t="вместо"><g v="PREP"></g></l></v></tfr></token><token id="608578" text="нынешнего"><tfr rev_id="3408173" t="нынешнего"><v><l id="192793" t="нынешний"><g v="ADJF"></g><g v="masc"></g><g v="sing"></g><g v="gent"></g></l></v><v><l id="192793" t="нынешний"><g v="ADJF"></g><g v="anim"></g><g v="masc"></g><g v="sing"></g><g v="accs"></g></l></v></tfr></token><token id="608579" text="руководителя"><tfr rev_id="4461086" t="руководителя"><v><l id="309980" t="руководитель"><g v="NOUN"></g><g v="anim"></g><g v="masc"></g><g v="sing"></g><g v="gent"></g></l></v></tfr></token><token id="608580" text="Юрия"><tfr rev_id="3676094" t="Юрия"><v><l id="387110" t="юрий"><g v="NOUN"></g><g v="anim"></g><g v="masc"></g><g v="Name"></g><g v="sing"></g><g v="gent"></g></l></v></tfr></token><token id="608581" text="Ряжского"><tfr rev_id="4306125" t="Ряжского"><v><l id="390248" t="ряжский"><g v="NOUN"></g><g v="anim"></g><g v="masc"></g><g v="Sgtm"></g><g v="Surn"></g><g v="sing"></g><g v="accs"></g></l></v><v><l id="390248" t="ряжский"><g v="NOUN"></g><g v="anim"></g><g v="masc"></g><g v="Sgtm"></g><g v="Surn"></g><g v="sing"></g><g v="gent"></g></l></v></tfr></token><token id="608582" text="должен"><tfr rev_id="2558772" t="должен"><v><l id="87975" t="должен"><g v="ADJS"></g><g v="masc"></g><g v="sing"></g></l></v></tfr></token><token id="608583" text="возглавить"><tfr rev_id="1441004" t="возглавить"><v><l id="48878" t="возглавить"><g v="INFN"></g><g v="perf"></g><g v="tran"></g></l></v></tfr></token><token id="608584" text="главред"><tfr rev_id="3420510" t="главред"><v><l id="388947" t="главред"><g v="NOUN"></g><g v="anim"></g><g v="masc"></g><g v="sing"></g><g v="nomn"></g></l></v></tfr></token><token id="608585" text="радио"><tfr rev_id="4173481" t="радио"><v><l id="290919" t="радио"><g v="NOUN"></g><g v="inan"></g><g v="neut"></g><g v="Fixd"></g><g v="sing"></g><g v="gent"></g></l></v></tfr></token><token id="608586" text="«"><tfr rev_id="2443781" t="«"><v><l id="0" t="«"><g v="PNCT"></g></l></v></tfr></token><token id="608587" text="Комсомольская"><tfr rev_id="1441008" t="Комсомольская"><v><l id="137462" t="комсомольский"><g v="ADJF"></g><g v="femn"></g><g v="sing"></g><g v="nomn"></g></l></v></tfr></token><token id="608588" text="правда"><tfr rev_id="2625133" t="правда"><v><l id="265572" t="правда"><g v="NOUN"></g><g v="inan"></g><g v="femn"></g><g v="sing"></g><g v="nomn"></g></l></v><v><l id="265574" t="правда"><g v="PRCL"></g></l></v><v><l id="265575" t="правда"><g v="CONJ"></g><g v="Prnt"></g></l></v></tfr></token><token id="608589" text="»"><tfr rev_id="2443782" t="»"><v><l id="0" t="»"><g v="PNCT"></g></l></v></tfr></token><token id="608590" text="и"><tfr rev_id="1441011" t="и"><v><l id="116949" t="и"><g v="CONJ"></g></l></v><v><l id="116950" t="и"><g v="INTJ"></g></l></v></tfr></token><token id="608591" text="создатель"><tfr rev_id="1441012" t="создатель"><v><l id="328583" t="создатель"><g v="NOUN"></g><g v="anim"></g><g v="masc"></g><g v="sing"></g><g v="nomn"></g></l></v></tfr></token><token id="608592" text="«"><tfr rev_id="2443783" t="«"><v><l id="0" t="«"><g v="PNCT"></g></l></v></tfr></token><token id="608593" text="Экспресс-газеты"><tfr rev_id="4541557" t="Экспресс-газеты"><v><l id="393115" t="экспресс-газета"><g v="NOUN"></g><g v="inan"></g><g v="femn"></g><g v="Orgn"></g><g v="plur"></g><g v="accs"></g></l></v><v><l id="393115" t="экспресс-газета"><g v="NOUN"></g><g v="inan"></g><g v="femn"></g><g v="Orgn"></g><g v="plur"></g><g v="nomn"></g></l></v><v><l id="393115" t="экспресс-газета"><g v="NOUN"></g><g v="inan"></g><g v="femn"></g><g v="Orgn"></g><g v="sing"></g><g v="gent"></g></l></v></tfr></token><token id="608594" text="»"><tfr rev_id="2443784" t="»"><v><l id="0" t="»"><g v="PNCT"></g></l></v></tfr></token><token id="608595" text="Александр"><tfr rev_id="3497824" t="Александр"><v><l id="8527" t="александр"><g v="NOUN"></g><g v="anim"></g><g v="masc"></g><g v="Name"></g><g v="sing"></g><g v="nomn"></g></l></v></tfr></token><token id="608596" text="Куприянов"><tfr rev_id="3433609" t="Куприянов"><v><l id="145141" t="куприянов"><g v="NOUN"></g><g v="anim"></g><g v="masc"></g><g v="Sgtm"></g><g v="Surn"></g><g v="sing"></g><g v="nomn"></g></l></v></tfr></token><token id="608597" text="."><tfr rev_id="1441018" t="."><v><l id="0" t="."><g v="PNCT"></g></l></v></tfr></token></tokens></sentence><sentence id="34000"><source>Кандидаты в главные редакторы и сами издания пока отказываются от комментариев.</source><tokens><token id="608598" text="Кандидаты"><tfr rev_id="1441019" t="Кандидаты"><v><l id="129326" t="кандидат"><g v="NOUN"></g><g v="anim"></g><g v="masc"></g><g v="plur"></g><g v="nomn"></g></l></v></tfr></token><token id="608599" text="в"><tfr rev_id="1441020" t="в"><v><l id="37409" t="в"><g v="PREP"></g></l></v></tfr></token><token id="608600" text="главные"><tfr rev_id="4374616" t="главные"><v><l id="70842" t="главный"><g v="ADJF"></g><g v="Qual"></g><g v="inan"></g><g v="plur"></g><g v="accs"></g></l></v></tfr></token><token id="608601" text="редакторы"><tfr rev_id="1441022" t="редакторы"><v><l id="304972" t="редактор"><g v="NOUN"></g><g v="anim"></g><g v="masc"></g><g v="plur"></g><g v="nomn"></g></l></v></tfr></token><token id="608602" text="и"><tfr rev_id="1441023" t="и"><v><l id="116949" t="и"><g v="CONJ"></g></l></v><v><l id="116950" t="и"><g v="INTJ"></g></l></v></tfr></token><token id="608603" text="сами"><tfr rev_id="3820547" t="сами"><v><l id="312034" t="сам"><g v="ADJF"></g><g v="Apro"></g><g v="plur"></g><g v="nomn"></g></l></v></tfr></token><token id="608604" text="издания"><tfr rev_id="3793695" t="издания"><v><l id="118742" t="издание"><g v="NOUN"></g><g v="inan"></g><g v="neut"></g><g v="plur"></g><g v="nomn"></g></l></v></tfr></token><token id="608605" text="пока"><tfr rev_id="4210891" t="пока"><v><l id="253968" t="пока"><g v="ADVB"></g></l></v></tfr></token><token id="608606" text="отказываются"><tfr rev_id="1441027" t="отказываются"><v><l id="213964" t="отказываюсь"><g v="VERB"></g><g v="impf"></g><g v="intr"></g><g v="plur"></g><g v="3per"></g><g v="pres"></g><g v="indc"></g></l></v></tfr></token><token id="608607" text="от"><tfr rev_id="1441028" t="от"><v><l id="211644" t="от"><g v="PREP"></g></l></v></tfr></token><token id="608608" text="комментариев"><tfr rev_id="1441029" t="комментариев"><v><l id="136972" t="комментарий"><g v="NOUN"></g><g v="inan"></g><g v="masc"></g><g v="plur"></g><g v="gent"></g></l></v></tfr></token><token id="608609" text="."><tfr rev_id="1441030" t="."><v><l id="0" t="."><g v="PNCT"></g></l></v></tfr></token></tokens></sentence></paragraph><paragraph id="10865"><sentence id="34001"><source>Вопрос о новом руководстве газет, связанных с правительством Москвы, возник в октябре 2010 года.</source><tokens><token id="608610" text="Вопрос"><tfr rev_id="4106276" t="Вопрос"><v><l id="50830" t="вопрос"><g v="NOUN"></g><g v="inan"></g><g v="masc"></g><g v="sing"></g><g v="nomn"></g></l></v></tfr></token><token id="608611" text="о"><tfr rev_id="3332403" t="о"><v><l id="192977" t="о"><g v="PREP"></g></l></v></tfr></token><token id="608612" text="новом"><tfr rev_id="4298357" t="новом"><v><l id="191918" t="новый"><g v="ADJF"></g><g v="Qual"></g><g v="neut"></g><g v="sing"></g><g v="loct"></g></l></v></tfr></token><token id="608613" text="руководстве"><tfr rev_id="1441034" t="руководстве"><v><l id="310004" t="руководство"><g v="NOUN"></g><g v="inan"></g><g v="neut"></g><g v="sing"></g><g v="loct"></g></l></v></tfr></token><token id="608614" text="газет"><tfr rev_id="1441035" t="газет"><v><l id="65825" t="газета"><g v="NOUN"></g><g v="inan"></g><g v="femn"></g><g v="plur"></g><g v="gent"></g></l></v></tfr></token><token id="608615" text=","><tfr rev_id="1441036" t=","><v><l id="0" t=","><g v="PNCT"></g></l></v></tfr></token><token id="608616" text="связанных"><tfr rev_id="1441037" t="связанных"><v><l id="316527" t="связанный"><g v="ADJF"></g><g v="Qual"></g><g v="plur"></g><g v="gent"></g></l></v><v><l id="316527" t="связанный"><g v="ADJF"></g><g v="Qual"></g><g v="anim"></g><g v="plur"></g><g v="accs"></g></l></v><v><l id="316527" t="связанный"><g v="ADJF"></g><g v="Qual"></g><g v="plur"></g><g v="loct"></g></l></v><v><l id="316533" t="связанный"><g v="PRTF"></g><g v="perf"></g><g v="tran"></g><g v="past"></g><g v="pssv"></g><g v="plur"></g><g v="gent"></g></l></v><v><l id="316533" t="связанный"><g v="PRTF"></g><g v="perf"></g><g v="tran"></g><g v="past"></g><g v="pssv"></g><g v="anim"></g><g v="plur"></g><g v="accs"></g></l></v><v><l id="316533" t="связанный"><g v="PRTF"></g><g v="perf"></g><g v="tran"></g><g v="past"></g><g v="pssv"></g><g v="plur"></g><g v="loct"></g></l></v></tfr></token><token id="608617" text="с"><tfr rev_id="1441038" t="с"><v><l id="311151" t="с"><g v="PREP"></g></l></v></tfr></token><token id="608618" text="правительством"><tfr rev_id="1441039" t="правительством"><v><l id="265638" t="правительство"><g v="NOUN"></g><g v="inan"></g><g v="neut"></g><g v="sing"></g><g v="ablt"></g></l></v></tfr></token><token id="608619" text="Москвы"><tfr rev_id="1441040" t="Москвы"><v><l id="163901" t="москва"><g v="NOUN"></g><g v="inan"></g><g v="femn"></g><g v="Sgtm"></g><g v="Geox"></g><g v="sing"></g><g v="gent"></g></l></v></tfr></token><token id="608620" text=","><tfr rev_id="1441041" t=","><v><l id="0" t=","><g v="PNCT"></g></l></v></tfr></token><token id="608621" text="возник"><tfr rev_id="1441042" t="возник"><v><l id="49521" t="возник"><g v="VERB"></g><g v="perf"></g><g v="intr"></g><g v="masc"></g><g v="sing"></g><g v="past"></g><g v="indc"></g></l></v></tfr></token><token id="608622" text="в"><tfr rev_id="1441043" t="в"><v><l id="37409" t="в"><g v="PREP"></g></l></v></tfr></token><token id="608623" text="октябре"><tfr rev_id="1441044" t="октябре"><v><l id="205725" t="октябрь"><g v="NOUN"></g><g v="inan"></g><g v="masc"></g><g v="sing"></g><g v="loct"></g></l></v></tfr></token><token id="608624" text="2010"><tfr rev_id="2461750" t="2010"><v><l id="0" t="2010"><g v="NUMB"></g></l></v></tfr></token><token id="608625" text="года"><tfr rev_id="3482518" t="года"><v><l id="72149" t="год"><g v="NOUN"></g><g v="inan"></g><g v="masc"></g><g v="sing"></g><g v="gen1"></g></l></v></tfr></token><token id="608626" text="."><tfr rev_id="1441047" t="."><v><l id="0" t="."><g v="PNCT"></g></l></v></tfr></token></tokens></sentence><sentence id="34002"><source>Это произошло сразу после вступления в должность заместителя мэра по СМИ, спорту и туризму Александра Горбенко, бывшего генерального директора ИД «Российская газета».</source><tokens><token id="608627" text="Это"><tfr rev_id="4441559" t="Это"><v><l id="386574" t="это"><g v="PRCL"></g></l></v><v><l id="386575" t="это"><g v="NPRO"></g><g v="neut"></g><g v="sing"></g><g v="nomn"></g></l></v><v><l id="386575" t="это"><g v="NPRO"></g><g v="neut"></g><g v="sing"></g><g v="accs"></g></l></v><v><l id="386581" t="этот"><g v="ADJF"></g><g v="Subx"></g><g v="Apro"></g><g v="Anph"></g><g v="neut"></g><g v="sing"></g><g v="nomn"></g></l></v><v><l id="386581" t="этот"><g v="ADJF"></g><g v="Subx"></g><g v="Apro"></g><g v="Anph"></g><g v="neut"></g><g v="sing"></g><g v="accs"></g></l></v></tfr></token><token id="608628" text="произошло"><tfr rev_id="1441049" t="произошло"><v><l id="280162" t="произошёл"><g v="VERB"></g><g v="perf"></g><g v="intr"></g><g v="neut"></g><g v="sing"></g><g v="past"></g><g v="indc"></g></l></v></tfr></token><token id="608629" text="сразу"><tfr rev_id="1441050" t="сразу"><v><l id="333375" t="сразу"><g v="ADVB"></g></l></v></tfr></token><token id="608630" text="после"><tfr rev_id="4405883" t="после"><v><l id="261542" t="после"><g v="PREP"></g></l></v></tfr></token><token id="608631" text="вступления"><tfr rev_id="3501006" t="вступления"><v><l id="54607" t="вступление"><g v="NOUN"></g><g v="inan"></g><g v="neut"></g><g v="sing"></g><g v="gent"></g></l></v></tfr></token><token id="608632" text="в"><tfr rev_id="1441053" t="в"><v><l id="37409" t="в"><g v="PREP"></g></l></v></tfr></token><token id="608633" text="должность"><tfr rev_id="1441054" t="должность"><v><l id="87973" t="должность"><g v="NOUN"></g><g v="inan"></g><g v="femn"></g><g v="sing"></g><g v="nomn"></g></l></v><v><l id="87973" t="должность"><g v="NOUN"></g><g v="inan"></g><g v="femn"></g><g v="sing"></g><g v="accs"></g></l></v></tfr></token><token id="608634" text="заместителя"><tfr rev_id="4389669" t="заместителя"><v><l id="105492" t="заместитель"><g v="NOUN"></g><g v="anim"></g><g v="masc"></g><g v="sing"></g><g v="gent"></g></l></v></tfr></token><token id="608635" text="мэра"><tfr rev_id="3542925" t="мэра"><v><l id="165997" t="мэр"><g v="NOUN"></g><g v="anim"></g><g v="masc"></g><g v="sing"></g><g v="gent"></g></l></v></tfr></token><token id="608636" text="по"><tfr rev_id="1441057" t="по"><v><l id="241240" t="по"><g v="PREP"></g></l></v></tfr></token><token id="608637" text="СМИ"><tfr rev_id="4489528" t="СМИ"><v><l id="326341" t="сми"><g v="NOUN"></g><g v="inan"></g><g v="GNdr"></g><g v="Pltm"></g><g v="Fixd"></g><g v="Abbr"></g><g v="plur"></g><g v="datv"></g></l></v></tfr></token><token id="608638" text=","><tfr rev_id="1441059" t=","><v><l id="0" t=","><g v="PNCT"></g></l></v></tfr></token><token id="608639" text="спорту"><tfr rev_id="1441060" t="спорту"><v><l id="332791" t="спорт"><g v="NOUN"></g><g v="inan"></g><g v="masc"></g><g v="sing"></g><g v="datv"></g></l></v></tfr></token><token id="608640" text="и"><tfr rev_id="1441061" t="и"><v><l id="116949" t="и"><g v="CONJ"></g></l></v><v><l id="116950" t="и"><g v="INTJ"></g></l></v></tfr></token><token id="608641" text="туризму"><tfr rev_id="1441062" t="туризму"><v><l id="351765" t="туризм"><g v="NOUN"></g><g v="inan"></g><g v="masc"></g><g v="sing"></g><g v="datv"></g></l></v></tfr></token><token id="608642" text="Александра"><tfr rev_id="4398321" t="Александра"><v><l id="8527" t="александр"><g v="NOUN"></g><g v="anim"></g><g v="masc"></g><g v="Name"></g><g v="sing"></g><g v="gent"></g></l></v></tfr></token><token id="608643" text="Горбенко"><tfr rev_id="4326926" t="Горбенко"><v><l id="73111" t="горбенко"><g v="NOUN"></g><g v="anim"></g><g v="ms-f"></g><g v="Fixd"></g><g v="Surn"></g><g v="sing"></g><g v="gent"></g></l></v></tfr></token><token id="608644" text=","><tfr rev_id="1441065" t=","><v><l id="0" t=","><g v="PNCT"></g></l></v></tfr></token><token id="608645" text="бывшего"><tfr rev_id="1441066" t="бывшего"><v><l id="37002" t="бывший"><g v="ADJF"></g><g v="masc"></g><g v="sing"></g><g v="gent"></g></l></v><v><l id="37002" t="бывший"><g v="ADJF"></g><g v="anim"></g><g v="masc"></g><g v="sing"></g><g v="accs"></g></l></v><v><l id="37002" t="бывший"><g v="ADJF"></g><g v="neut"></g><g v="sing"></g><g v="gent"></g></l></v><v><l id="37267" t="бывший"><g v="PRTF"></g><g v="impf"></g><g v="intr"></g><g v="past"></g><g v="actv"></g><g v="masc"></g><g v="sing"></g><g v="gent"></g></l></v><v><l id="37267" t="бывший"><g v="PRTF"></g><g v="impf"></g><g v="intr"></g><g v="past"></g><g v="actv"></g><g v="anim"></g><g v="masc"></g><g v="sing"></g><g v="accs"></g></l></v><v><l id="37267" t="бывший"><g v="PRTF"></g><g v="impf"></g><g v="intr"></g><g v="past"></g><g v="actv"></g><g v="neut"></g><g v="sing"></g><g v="gent"></g></l></v></tfr></token><token id="608646" text="генерального"><tfr rev_id="4414794" t="генерального"><v><l id="68532" t="генеральный"><g v="ADJF"></g><g v="masc"></g><g v="sing"></g><g v="gent"></g></l></v></tfr></token><token id="608647" text="директора"><tfr rev_id="4389980" t="директора"><v><l id="84214" t="директор"><g v="NOUN"></g><g v="anim"></g><g v="masc"></g><g v="sing"></g><g v="gent"></g></l></v></tfr></token><token id="608648" text="ИД"><tfr rev_id="2866495" t="ИД"><v><l id="0" t="ИД"><g v="UNKN"></g></l></v></tfr></token><token id="608649" text="«"><tfr rev_id="2443785" t="«"><v><l id="0" t="«"><g v="PNCT"></g></l></v></tfr></token><token id="608650" text="Российская"><tfr rev_id="1441071" t="Российская"><v><l id="309319" t="российский"><g v="ADJF"></g><g v="femn"></g><g v="sing"></g><g v="nomn"></g></l></v></tfr></token><token id="608651" text="газета"><tfr rev_id="1441072" t="газета"><v><l id="65825" t="газета"><g v="NOUN"></g><g v="inan"></g><g v="femn"></g><g v="sing"></g><g v="nomn"></g></l></v></tfr></token><token id="608652" text="»"><tfr rev_id="2443786" t="»"><v><l id="0" t="»"><g v="PNCT"></g></l></v></tfr></token><token id="608653" text="."><tfr rev_id="1441074" t="."><v><l id="0" t="."><g v="PNCT"></g></l></v></tfr></token></tokens></sentence><sentence id="34003"><source>В «Объединённую редакцию изданий мэра и правительства Москвы» входят такие журналы, как «Вестник мэра и правительства Москвы», «Московские торги», «Бюллетень оперативной информации», «Счастливая свадьба» и «Первоклассные родители».</source><tokens><token id="608654" text="В"><tfr rev_id="1441075" t="В"><v><l id="37409" t="в"><g v="PREP"></g></l></v></tfr></token><token id="608655" text="«"><tfr rev_id="2443787" t="«"><v><l id="0" t="«"><g v="PNCT"></g></l></v></tfr></token><token id="608656" text="Объединённую"><tfr rev_id="1441077" t="Объединённую"><v><l id="201759" t="объединённый"><g v="PRTF"></g><g v="perf"></g><g v="tran"></g><g v="past"></g><g v="pssv"></g><g v="femn"></g><g v="sing"></g><g v="accs"></g></l></v></tfr></token><token id="608657" text="редакцию"><tfr rev_id="1441078" t="редакцию"><v><l id="304989" t="редакция"><g v="NOUN"></g><g v="inan"></g><g v="femn"></g><g v="sing"></g><g v="accs"></g></l></v></tfr></token><token id="608658" text="изданий"><tfr rev_id="1441079" t="изданий"><v><l id="118742" t="издание"><g v="NOUN"></g><g v="inan"></g><g v="neut"></g><g v="plur"></g><g v="gent"></g></l></v></tfr></token><token id="608659" text="мэра"><tfr rev_id="4390084" t="мэра"><v><l id="165997" t="мэр"><g v="NOUN"></g><g v="anim"></g><g v="masc"></g><g v="sing"></g><g v="gent"></g></l></v></tfr></token><token id="608660" text="и"><tfr rev_id="1441081" t="и"><v><l id="116949" t="и"><g v="CONJ"></g></l></v><v><l id="116950" t="и"><g v="INTJ"></g></l></v></tfr></token><token id="608661" text="правительства"><tfr rev_id="3456653" t="правительства"><v><l id="265638" t="правительство"><g v="NOUN"></g><g v="inan"></g><g v="neut"></g><g v="sing"></g><g v="gent"></g></l></v></tfr></token><token id="608662" text="Москвы"><tfr rev_id="1441083" t="Москвы"><v><l id="163901" t="москва"><g v="NOUN"></g><g v="inan"></g><g v="femn"></g><g v="Sgtm"></g><g v="Geox"></g><g v="sing"></g><g v="gent"></g></l></v></tfr></token><token id="608663" text="»"><tfr rev_id="2443788" t="»"><v><l id="0" t="»"><g v="PNCT"></g></l></v></tfr></token><token id="608664" text="входят"><tfr rev_id="1441085" t="входят"><v><l id="55354" t="вхожу"><g v="VERB"></g><g v="impf"></g><g v="intr"></g><g v="plur"></g><g v="3per"></g><g v="pres"></g><g v="indc"></g></l></v></tfr></token><token id="608665" text="такие"><tfr rev_id="3764041" t="такие"><v><l id="342491" t="такой"><g v="ADJF"></g><g v="Apro"></g><g v="plur"></g><g v="nomn"></g></l></v></tfr></token><token id="608666" text="журналы"><tfr rev_id="3727806" t="журналы"><v><l id="97972" t="журнал"><g v="NOUN"></g><g v="inan"></g><g v="masc"></g><g v="plur"></g><g v="nomn"></g></l></v></tfr></token><token id="608667" text=","><tfr rev_id="1441088" t=","><v><l id="0" t=","><g v="PNCT"></g></l></v></tfr></token><token id="608668" text="как"><tfr rev_id="1441089" t="как"><v><l id="128190" t="как"><g v="CONJ"></g></l></v><v><l id="128191" t="как"><g v="PRCL"></g></l></v><v><l id="128192" t="как"><g v="ADVB"></g><g v="Ques"></g></l></v></tfr></token><token id="608669" text="«"><tfr rev_id="2443789" t="«"><v><l id="0" t="«"><g v="PNCT"></g></l></v></tfr></token><token id="608670" text="Вестник"><tfr rev_id="4404049" t="Вестник"><v><l id="42140" t="вестник"><g v="NOUN"></g><g v="inan"></g><g v="masc"></g><g v="sing"></g><g v="nomn"></g></l></v></tfr></token><token id="608671" text="мэра"><tfr rev_id="3689676" t="мэра"><v><l id="165997" t="мэр"><g v="NOUN"></g><g v="anim"></g><g v="masc"></g><g v="sing"></g><g v="gent"></g></l></v></tfr></token><token id="608672" text="и"><tfr rev_id="1441093" t="и"><v><l id="116949" t="и"><g v="CONJ"></g></l></v><v><l id="116950" t="и"><g v="INTJ"></g></l></v></tfr></token><token id="608673" text="правительства"><tfr rev_id="3439117" t="правительства"><v><l id="265638" t="правительство"><g v="NOUN"></g><g v="inan"></g><g v="neut"></g><g v="sing"></g><g v="gent"></g></l></v></tfr></token><token id="608674" text="Москвы"><tfr rev_id="1441095" t="Москвы"><v><l id="163901" t="москва"><g v="NOUN"></g><g v="inan"></g><g v="femn"></g><g v="Sgtm"></g><g v="Geox"></g><g v="sing"></g><g v="gent"></g></l></v></tfr></token><token id="608675" text="»"><tfr rev_id="2443790" t="»"><v><l id="0" t="»"><g v="PNCT"></g></l></v></tfr></token><token id="608676" text=","><tfr rev_id="1441097" t=","><v><l id="0" t=","><g v="PNCT"></g></l></v></tfr></token><token id="608677" text="«"><tfr rev_id="2443791" t="«"><v><l id="0" t="«"><g v="PNCT"></g></l></v></tfr></token><token id="608678" text="Московские"><tfr rev_id="4174993" t="Московские"><v><l id="163933" t="московский"><g v="ADJF"></g><g v="plur"></g><g v="nomn"></g></l></v><v><l id="163933" t="московский"><g v="ADJF"></g><g v="inan"></g><g v="plur"></g><g v="accs"></g></l></v></tfr></token><token id="608679" text="торги"><tfr rev_id="3727664" t="торги"><v><l id="348008" t="торг"><g v="NOUN"></g><g v="inan"></g><g v="masc"></g><g v="plur"></g><g v="nomn"></g></l></v></tfr></token><token id="608680" text="»"><tfr rev_id="2443792" t="»"><v><l id="0" t="»"><g v="PNCT"></g></l></v></tfr></token><token id="608681" text=","><tfr rev_id="1441102" t=","><v><l id="0" t=","><g v="PNCT"></g></l></v></tfr></token><token id="608682" text="«"><tfr rev_id="2443793" t="«"><v><l id="0" t="«"><g v="PNCT"></g></l></v></tfr></token><token id="608683" text="Бюллетень"><tfr rev_id="1716013" t="Бюллетень"><v><l id="37338" t="бюллетень"><g v="NOUN"></g><g v="inan"></g><g v="masc"></g><g v="sing"></g><g v="nomn"></g></l></v><v><l id="37338" t="бюллетень"><g v="NOUN"></g><g v="inan"></g><g v="masc"></g><g v="sing"></g><g v="accs"></g></l></v></tfr></token><token id="608684" text="оперативной"><tfr rev_id="4378596" t="оперативной"><v><l id="206941" t="оперативный"><g v="ADJF"></g><g v="Qual"></g><g v="femn"></g><g v="sing"></g><g v="gent"></g></l></v></tfr></token><token id="608685" text="информации"><tfr rev_id="4288182" t="информации"><v><l id="123576" t="информация"><g v="NOUN"></g><g v="inan"></g><g v="femn"></g><g v="sing"></g><g v="gent"></g></l></v></tfr></token><token id="608686" text="»"><tfr rev_id="2443794" t="»"><v><l id="0" t="»"><g v="PNCT"></g></l></v></tfr></token><token id="608687" text=","><tfr rev_id="1441108" t=","><v><l id="0" t=","><g v="PNCT"></g></l></v></tfr></token><token id="608688" text="«"><tfr rev_id="2443795" t="«"><v><l id="0" t="«"><g v="PNCT"></g></l></v></tfr></token><token id="608689" text="Счастливая"><tfr rev_id="1441110" t="Счастливая"><v><l id="341182" t="счастливый"><g v="ADJF"></g><g v="Qual"></g><g v="femn"></g><g v="sing"></g><g v="nomn"></g></l></v></tfr></token><token id="608690" text="свадьба"><tfr rev_id="1441111" t="свадьба"><v><l id="314610" t="свадьба"><g v="NOUN"></g><g v="inan"></g><g v="femn"></g><g v="sing"></g><g v="nomn"></g></l></v></tfr></token><token id="608691" text="»"><tfr rev_id="2443796" t="»"><v><l id="0" t="»"><g v="PNCT"></g></l></v></tfr></token><token id="608692" text="и"><tfr rev_id="1441113" t="и"><v><l id="116949" t="и"><g v="CONJ"></g></l></v><v><l id="116950" t="и"><g v="INTJ"></g></l></v></tfr></token><token id="608693" text="«"><tfr rev_id="2443797" t="«"><v><l id="0" t="«"><g v="PNCT"></g></l></v></tfr></token><token id="608694" text="Первоклассные"><tfr rev_id="3817220" t="Первоклассные"><v><l id="226241" t="первоклассный"><g v="ADJF"></g><g v="Qual"></g><g v="plur"></g><g v="nomn"></g></l></v></tfr></token><token id="608695" text="родители"><tfr rev_id="1441116" t="родители"><v><l id="308303" t="родитель"><g v="NOUN"></g><g v="anim"></g><g v="masc"></g><g v="plur"></g><g v="nomn"></g></l></v></tfr></token><token id="608696" text="»"><tfr rev_id="2443798" t="»"><v><l id="0" t="»"><g v="PNCT"></g></l></v></tfr></token><token id="608697" text="."><tfr rev_id="1441118" t="."><v><l id="0" t="."><g v="PNCT"></g></l></v></tfr></token></tokens></sentence><sentence id="34004"><source>Совладельцами и основными акционерами концерна «Вечерняя Москва» являются Банк Москвы и столичное правительство.</source><tokens><token id="608698" text="Совладельцами"><tfr rev_id="1441119" t="Совладельцами"><v><l id="328055" t="совладелец"><g v="NOUN"></g><g v="anim"></g><g v="masc"></g><g v="plur"></g><g v="ablt"></g></l></v></tfr></token><token id="608699" text="и"><tfr rev_id="1441120" t="и"><v><l id="116949" t="и"><g v="CONJ"></g></l></v><v><l id="116950" t="и"><g v="INTJ"></g></l></v></tfr></token><token id="608700" text="основными"><tfr rev_id="1441121" t="основными"><v><l id="210595" t="основной"><g v="ADJF"></g><g v="plur"></g><g v="ablt"></g></l></v><v><l id="210598" t="основный"><g v="ADJF"></g><g v="Qual"></g><g v="plur"></g><g v="ablt"></g></l></v></tfr></token><token id="608701" text="акционерами"><tfr rev_id="1441122" t="акционерами"><v><l id="7940" t="акционер"><g v="NOUN"></g><g v="anim"></g><g v="masc"></g><g v="plur"></g><g v="ablt"></g></l></v></tfr></token><token id="608702" text="концерна"><tfr rev_id="1441123" t="концерна"><v><l id="138953" t="концерн"><g v="NOUN"></g><g v="inan"></g><g v="masc"></g><g v="sing"></g><g v="gent"></g></l></v></tfr></token><token id="608703" text="«"><tfr rev_id="2443799" t="«"><v><l id="0" t="«"><g v="PNCT"></g></l></v></tfr></token><token id="608704" text="Вечерняя"><tfr rev_id="1441125" t="Вечерняя"><v><l id="42384" t="вечерний"><g v="ADJF"></g><g v="femn"></g><g v="sing"></g><g v="nomn"></g></l></v></tfr></token><token id="608705" text="Москва"><tfr rev_id="1441126" t="Москва"><v><l id="163901" t="москва"><g v="NOUN"></g><g v="inan"></g><g v="femn"></g><g v="Sgtm"></g><g v="Geox"></g><g v="sing"></g><g v="nomn"></g></l></v></tfr></token><token id="608706" text="»"><tfr rev_id="2443800" t="»"><v><l id="0" t="»"><g v="PNCT"></g></l></v></tfr></token><token id="608707" text="являются"><tfr rev_id="1441128" t="являются"><v><l id="387385" t="являюсь"><g v="VERB"></g><g v="impf"></g><g v="intr"></g><g v="plur"></g><g v="3per"></g><g v="pres"></g><g v="indc"></g></l></v></tfr></token><token id="608708" text="Банк"><tfr rev_id="1441129" t="Банк"><v><l id="23569" t="банк"><g v="NOUN"></g><g v="inan"></g><g v="masc"></g><g v="sing"></g><g v="nomn"></g></l></v><v><l id="23569" t="банк"><g v="NOUN"></g><g v="inan"></g><g v="masc"></g><g v="sing"></g><g v="accs"></g></l></v></tfr></token><token id="608709" text="Москвы"><tfr rev_id="1441130" t="Москвы"><v><l id="163901" t="москва"><g v="NOUN"></g><g v="inan"></g><g v="femn"></g><g v="Sgtm"></g><g v="Geox"></g><g v="sing"></g><g v="gent"></g></l></v></tfr></token><token id="608710" text="и"><tfr rev_id="4164455" t="и"><v><l id="116949" t="и"><g v="CONJ"></g></l></v></tfr></token><token id="608711" text="столичное"><tfr rev_id="1441132" t="столичное"><v><l id="336589" t="столичный"><g v="ADJF"></g><g v="Qual"></g><g v="neut"></g><g v="sing"></g><g v="nomn"></g></l></v><v><l id="336589" t="столичный"><g v="ADJF"></g><g v="Qual"></g><g v="neut"></g><g v="sing"></g><g v="accs"></g></l></v></tfr></token><token id="608712" text="правительство"><tfr rev_id="1441133" t="правительство"><v><l id="265638" t="правительство"><g v="NOUN"></g><g v="inan"></g><g v="neut"></g><g v="sing"></g><g v="nomn"></g></l></v><v><l id="265638" t="правительство"><g v="NOUN"></g><g v="inan"></g><g v="neut"></g><g v="sing"></g><g v="accs"></g></l></v></tfr></token><token id="608713" text="."><tfr rev_id="1441134" t="."><v><l id="0" t="."><g v="PNCT"></g></l></v></tfr></token></tokens></sentence><sentence id="34005"><source>В концерн входит одноимённая газета с аудиторией одного выпуска 140 тыс. человек.</source><tokens><token id="608714" text="В"><tfr rev_id="1441135" t="В"><v><l id="37409" t="в"><g v="PREP"></g></l></v></tfr></token><token id="608715" text="концерн"><tfr rev_id="1441136" t="концерн"><v><l id="138953" t="концерн"><g v="NOUN"></g><g v="inan"></g><g v="masc"></g><g v="sing"></g><g v="nomn"></g></l></v><v><l id="138953" t="концерн"><g v="NOUN"></g><g v="inan"></g><g v="masc"></g><g v="sing"></g><g v="accs"></g></l></v></tfr></token><token id="608716" text="входит"><tfr rev_id="1441137" t="входит"><v><l id="55354" t="вхожу"><g v="VERB"></g><g v="impf"></g><g v="intr"></g><g v="sing"></g><g v="3per"></g><g v="pres"></g><g v="indc"></g></l></v></tfr></token><token id="608717" text="одноимённая"><tfr rev_id="1441138" t="одноимённая"><v><l id="203423" t="одноимённый"><g v="ADJF"></g><g v="femn"></g><g v="sing"></g><g v="nomn"></g></l></v></tfr></token><token id="608718" text="газета"><tfr rev_id="1441139" t="газета"><v><l id="65825" t="газета"><g v="NOUN"></g><g v="inan"></g><g v="femn"></g><g v="sing"></g><g v="nomn"></g></l></v></tfr></token><token id="608719" text="с"><tfr rev_id="1441140" t="с"><v><l id="311151" t="с"><g v="PREP"></g></l></v></tfr></token><token id="608720" text="аудиторией"><tfr rev_id="1441141" t="аудиторией"><v><l id="19864" t="аудитория"><g v="NOUN"></g><g v="inan"></g><g v="femn"></g><g v="sing"></g><g v="ablt"></g></l></v></tfr></token><token id="608721" text="одного"><tfr rev_id="4300605" t="одного"><v><l id="203319" t="один"><g v="ADJF"></g><g v="Apro"></g><g v="Anum"></g><g v="masc"></g><g v="sing"></g><g v="gent"></g></l></v><v><l id="203319" t="один"><g v="ADJF"></g><g v="Apro"></g><g v="Anum"></g><g v="anim"></g><g v="masc"></g><g v="sing"></g><g v="accs"></g></l></v></tfr></token><token id="608722" text="выпуска"><tfr rev_id="1441143" t="выпуска"><v><l id="60996" t="выпуск"><g v="NOUN"></g><g v="inan"></g><g v="masc"></g><g v="sing"></g><g v="gent"></g></l></v></tfr></token><token id="608723" text="140"><tfr rev_id="2461751" t="140"><v><l id="0" t="140"><g v="NUMB"></g></l></v></tfr></token><token id="608724" text="тыс"><tfr rev_id="4165463" t="тыс"><v><l id="389041" t="тыс"><g v="NOUN"></g><g v="inan"></g><g v="femn"></g><g v="Fixd"></g><g v="Abbr"></g><g v="plur"></g><g v="nomn"></g></l></v><v><l id="389041" t="тыс"><g v="NOUN"></g><g v="inan"></g><g v="femn"></g><g v="Fixd"></g><g v="Abbr"></g><g v="plur"></g><g v="gent"></g></l></v><v><l id="389041" t="тыс"><g v="NOUN"></g><g v="inan"></g><g v="femn"></g><g v="Fixd"></g><g v="Abbr"></g><g v="plur"></g><g v="datv"></g></l></v><v><l id="389041" t="тыс"><g v="NOUN"></g><g v="inan"></g><g v="femn"></g><g v="Fixd"></g><g v="Abbr"></g><g v="plur"></g><g v="accs"></g></l></v><v><l id="389041" t="тыс"><g v="NOUN"></g><g v="inan"></g><g v="femn"></g><g v="Fixd"></g><g v="Abbr"></g><g v="plur"></g><g v="ablt"></g></l></v><v><l id="389041" t="тыс"><g v="NOUN"></g><g v="inan"></g><g v="femn"></g><g v="Fixd"></g><g v="Abbr"></g><g v="plur"></g><g v="loct"></g></l></v></tfr></token><token id="608725" text="."><tfr rev_id="1441146" t="."><v><l id="0" t="."><g v="PNCT"></g></l></v></tfr></token><token id="608726" text="человек"><tfr rev_id="3471676" t="человек"><v><l id="375073" t="человек"><g v="NOUN"></g><g v="anim"></g><g v="masc"></g><g v="plur"></g><g v="gent"></g></l></v></tfr></token><token id="608727" text="."><tfr rev_id="1441148" t="."><v><l id="0" t="."><g v="PNCT"></g></l></v></tfr></token></tokens></sentence><sentence id="34006"><source>Кроме газеты, концерн выпускает журналы «Наташа», «Семейная медицина», «Самая разная еда» и другие.</source><tokens><token id="608728" text="Кроме"><tfr rev_id="1441149" t="Кроме"><v><l id="143259" t="кроме"><g v="PREP"></g></l></v></tfr></token><token id="608729" text="газеты"><tfr rev_id="3487870" t="газеты"><v><l id="65825" t="газета"><g v="NOUN"></g><g v="inan"></g><g v="femn"></g><g v="sing"></g><g v="gent"></g></l></v></tfr></token><token id="608730" text=","><tfr rev_id="1441151" t=","><v><l id="0" t=","><g v="PNCT"></g></l></v></tfr></token><token id="608731" text="концерн"><tfr rev_id="4101197" t="концерн"><v><l id="138953" t="концерн"><g v="NOUN"></g><g v="inan"></g><g v="masc"></g><g v="sing"></g><g v="nomn"></g></l></v></tfr></token><token id="608732" text="выпускает"><tfr rev_id="1441153" t="выпускает"><v><l id="60998" t="выпускаю"><g v="VERB"></g><g v="impf"></g><g v="tran"></g><g v="sing"></g><g v="3per"></g><g v="pres"></g><g v="indc"></g></l></v></tfr></token><token id="608733" text="журналы"><tfr rev_id="3756524" t="журналы"><v><l id="97972" t="журнал"><g v="NOUN"></g><g v="inan"></g><g v="masc"></g><g v="plur"></g><g v="accs"></g></l></v></tfr></token><token id="608734" text="«"><tfr rev_id="2443801" t="«"><v><l id="0" t="«"><g v="PNCT"></g></l></v></tfr></token><token id="608735" text="Наташа"><tfr rev_id="1441156" t="Наташа"><v><l id="176829" t="наташа"><g v="NOUN"></g><g v="anim"></g><g v="femn"></g><g v="Name"></g><g v="sing"></g><g v="nomn"></g></l></v></tfr></token><token id="608736" text="»"><tfr rev_id="2443802" t="»"><v><l id="0" t="»"><g v="PNCT"></g></l></v></tfr></token><token id="608737" text=","><tfr rev_id="1441158" t=","><v><l id="0" t=","><g v="PNCT"></g></l></v></tfr></token><token id="608738" text="«"><tfr rev_id="2443803" t="«"><v><l id="0" t="«"><g v="PNCT"></g></l></v></tfr></token><token id="608739" text="Семейная"><tfr rev_id="1441160" t="Семейная"><v><l id="318495" t="семейный"><g v="ADJF"></g><g v="Qual"></g><g v="femn"></g><g v="sing"></g><g v="nomn"></g></l></v></tfr></token><token id="608740" text="медицина"><tfr rev_id="1441161" t="медицина"><v><l id="157066" t="медицина"><g v="NOUN"></g><g v="inan"></g><g v="femn"></g><g v="sing"></g><g v="nomn"></g></l></v></tfr></token><token id="608741" text="»"><tfr rev_id="2443804" t="»"><v><l id="0" t="»"><g v="PNCT"></g></l></v></tfr></token><token id="608742" text=","><tfr rev_id="1441163" t=","><v><l id="0" t=","><g v="PNCT"></g></l></v></tfr></token><token id="608743" text="«"><tfr rev_id="2443805" t="«"><v><l id="0" t="«"><g v="PNCT"></g></l></v></tfr></token><token id="608744" text="Самая"><tfr rev_id="1441165" t="Самая"><v><l id="313174" t="самый"><g v="ADJF"></g><g v="Apro"></g><g v="femn"></g><g v="sing"></g><g v="nomn"></g></l></v></tfr></token><token id="608745" text="разная"><tfr rev_id="1441166" t="разная"><v><l id="296007" t="разный"><g v="ADJF"></g><g v="Qual"></g><g v="femn"></g><g v="sing"></g><g v="nomn"></g></l></v></tfr></token><token id="608746" text="еда"><tfr rev_id="1441167" t="еда"><v><l id="94259" t="еда"><g v="NOUN"></g><g v="inan"></g><g v="femn"></g><g v="Sgtm"></g><g v="sing"></g><g v="nomn"></g></l></v></tfr></token><token id="608747" text="»"><tfr rev_id="2443806" t="»"><v><l id="0" t="»"><g v="PNCT"></g></l></v></tfr></token><token id="608748" text="и"><tfr rev_id="1441169" t="и"><v><l id="116949" t="и"><g v="CONJ"></g></l></v><v><l id="116950" t="и"><g v="INTJ"></g></l></v></tfr></token><token id="608749" text="другие"><tfr rev_id="3746835" t="другие"><v><l id="92342" t="другой"><g v="ADJF"></g><g v="Apro"></g><g v="Subx"></g><g v="inan"></g><g v="plur"></g><g v="accs"></g></l></v></tfr></token><token id="608750" text="."><tfr rev_id="1441171" t="."><v><l id="0" t="."><g v="PNCT"></g></l></v></tfr></token></tokens></sentence><sentence id="34007"><source>Официальная газета правительства Москвы «Тверская, 13» выходит три раза в неделю тиражом 100 тыс. экземпляров в Москве, Подмосковье и ещё 27 регионах России.</source><tokens><token id="608751" text="Официальная"><tfr rev_id="1441172" t="Официальная"><v><l id="220939" t="официальный"><g v="ADJF"></g><g v="femn"></g><g v="sing"></g><g v="nomn"></g></l></v></tfr></token><token id="608752" text="газета"><tfr rev_id="1441173" t="газета"><v><l id="65825" t="газета"><g v="NOUN"></g><g v="inan"></g><g v="femn"></g><g v="sing"></g><g v="nomn"></g></l></v></tfr></token><token id="608753" text="правительства"><tfr rev_id="3492555" t="правительства"><v><l id="265638" t="правительство"><g v="NOUN"></g><g v="inan"></g><g v="neut"></g><g v="sing"></g><g v="gent"></g></l></v></tfr></token><token id="608754" text="Москвы"><tfr rev_id="1441175" t="Москвы"><v><l id="163901" t="москва"><g v="NOUN"></g><g v="inan"></g><g v="femn"></g><g v="Sgtm"></g><g v="Geox"></g><g v="sing"></g><g v="gent"></g></l></v></tfr></token><token id="608755" text="«"><tfr rev_id="2443807" t="«"><v><l id="0" t="«"><g v="PNCT"></g></l></v></tfr></token><token id="608756" text="Тверская"><tfr rev_id="3416873" t="Тверская"><v><l id="343767" t="тверская"><g v="NOUN"></g><g v="inan"></g><g v="femn"></g><g v="Sgtm"></g><g v="Geox"></g><g v="sing"></g><g v="nomn"></g></l></v></tfr></token><token id="608757" text=","><tfr rev_id="1441178" t=","><v><l id="0" t=","><g v="PNCT"></g></l></v></tfr></token><token id="608758" text="13"><tfr rev_id="2461752" t="13"><v><l id="0" t="13"><g v="NUMB"></g></l></v></tfr></token><token id="608759" text="»"><tfr rev_id="2443808" t="»"><v><l id="0" t="»"><g v="PNCT"></g></l></v></tfr></token><token id="608760" text="выходит"><tfr rev_id="1441181" t="выходит"><v><l id="63962" t="выхожу"><g v="VERB"></g><g v="impf"></g><g v="intr"></g><g v="sing"></g><g v="3per"></g><g v="pres"></g><g v="indc"></g></l></v><v><l id="63967" t="выходил"><g v="VERB"></g><g v="perf"></g><g v="tran"></g><g v="sing"></g><g v="3per"></g><g v="futr"></g><g v="indc"></g></l></v></tfr></token><token id="608761" text="три"><tfr rev_id="2635523" t="три"><v><l id="349973" t="три"><g v="NUMR"></g><g v="nomn"></g></l></v><v><l id="349973" t="три"><g v="NUMR"></g><g v="inan"></g><g v="accs"></g></l></v></tfr></token><token id="608762" text="раза"><tfr rev_id="3421615" t="раза"><v><l id="291500" t="раз"><g v="NOUN"></g><g v="inan"></g><g v="masc"></g><g v="sing"></g><g v="gen1"></g></l></v></tfr></token><token id="608763" text="в"><tfr rev_id="1441184" t="в"><v><l id="37409" t="в"><g v="PREP"></g></l></v></tfr></token><token id="608764" text="неделю"><tfr rev_id="1441185" t="неделю"><v><l id="180718" t="неделя"><g v="NOUN"></g><g v="inan"></g><g v="femn"></g><g v="sing"></g><g v="accs"></g></l></v></tfr></token><token id="608765" text="тиражом"><tfr rev_id="1441186" t="тиражом"><v><l id="346359" t="тираж"><g v="NOUN"></g><g v="inan"></g><g v="masc"></g><g v="sing"></g><g v="ablt"></g></l></v></tfr></token><token id="608766" text="100"><tfr rev_id="2461753" t="100"><v><l id="0" t="100"><g v="NUMB"></g></l></v></tfr></token><token id="608767" text="тыс"><tfr rev_id="4154891" t="тыс"><v><l id="389041" t="тыс"><g v="NOUN"></g><g v="inan"></g><g v="femn"></g><g v="Fixd"></g><g v="Abbr"></g><g v="plur"></g><g v="gent"></g></l></v></tfr></token><token id="608768" text="."><tfr rev_id="1441189" t="."><v><l id="0" t="."><g v="PNCT"></g></l></v></tfr></token><token id="608769" text="экземпляров"><tfr rev_id="1441190" t="экземпляров"><v><l id="383192" t="экземпляр"><g v="NOUN"></g><g v="inan"></g><g v="masc"></g><g v="plur"></g><g v="gent"></g></l></v></tfr></token><token id="608770" text="в"><tfr rev_id="1441191" t="в"><v><l id="37409" t="в"><g v="PREP"></g></l></v></tfr></token><token id="608771" text="Москве"><tfr rev_id="3500284" t="Москве"><v><l id="163901" t="москва"><g v="NOUN"></g><g v="inan"></g><g v="femn"></g><g v="Sgtm"></g><g v="Geox"></g><g v="sing"></g><g v="loct"></g></l></v></tfr></token><token id="608772" text=","><tfr rev_id="1441193" t=","><v><l id="0" t=","><g v="PNCT"></g></l></v></tfr></token><token id="608773" text="Подмосковье"><tfr rev_id="4485980" t="Подмосковье"><v><l id="247776" t="подмосковье"><g v="NOUN"></g><g v="inan"></g><g v="neut"></g><g v="Sgtm"></g><g v="Geox"></g><g v="sing"></g><g v="loct"></g></l></v></tfr></token><token id="608774" text="и"><tfr rev_id="3557684" t="и"><v><l id="116949" t="и"><g v="CONJ"></g></l></v></tfr></token><token id="608775" text="ещё"><tfr rev_id="1441196" t="ещё"><v><l id="95551" t="ещё"><g v="PRCL"></g></l></v><v><l id="95552" t="ещё"><g v="ADVB"></g></l></v></tfr></token><token id="608776" text="27"><tfr rev_id="2461754" t="27"><v><l id="0" t="27"><g v="NUMB"></g></l></v></tfr></token><token id="608777" text="регионах"><tfr rev_id="1441198" t="регионах"><v><l id="304808" t="регион"><g v="NOUN"></g><g v="inan"></g><g v="masc"></g><g v="plur"></g><g v="loct"></g></l></v></tfr></token><token id="608778" text="России"><tfr rev_id="3325552" t="России"><v><l id="309322" t="россия"><g v="NOUN"></g><g v="inan"></g><g v="femn"></g><g v="Sgtm"></g><g v="Geox"></g><g v="sing"></g><g v="gent"></g></l></v></tfr></token><token id="608779" text="."><tfr rev_id="1441200" t="."><v><l id="0" t="."><g v="PNCT"></g></l></v></tfr></token></tokens></sentence></paragraph><paragraph id="10866"><sentence id="34008"><source>О сделках на российском медиарынке читайте в статье Частного корреспондента «Кто – кого»</source><tokens><token id="608780" text="О"><tfr rev_id="3230706" t="О"><v><l id="192977" t="о"><g v="PREP"></g></l></v></tfr></token><token id="608781" text="сделках"><tfr rev_id="1441202" t="сделках"><v><l id="317256" t="сделка"><g v="NOUN"></g><g v="inan"></g><g v="femn"></g><g v="plur"></g><g v="loct"></g></l></v></tfr></token><token id="608782" text="на"><tfr rev_id="3394072" t="на"><v><l id="166264" t="на"><g v="PREP"></g></l></v></tfr></token><token id="608783" text="российском"><tfr rev_id="4162113" t="российском"><v><l id="309319" t="российский"><g v="ADJF"></g><g v="masc"></g><g v="sing"></g><g v="loct"></g></l></v></tfr></token><token id="608784" text="медиарынке"><tfr rev_id="1441205" t="медиарынке"><v><l id="0" t="медиарынке"><g v="UNKN"></g></l></v></tfr></token><token id="608785" text="читайте"><tfr rev_id="1441206" t="читайте"><v><l id="376719" t="читаю"><g v="VERB"></g><g v="impf"></g><g v="tran"></g><g v="plur"></g><g v="impr"></g><g v="excl"></g></l></v></tfr></token><token id="608786" text="в"><tfr rev_id="1441207" t="в"><v><l id="37409" t="в"><g v="PREP"></g></l></v></tfr></token><token id="608787" text="статье"><tfr rev_id="3557145" t="статье"><v><l id="335173" t="статья"><g v="NOUN"></g><g v="inan"></g><g v="femn"></g><g v="sing"></g><g v="loct"></g></l></v></tfr></token><token id="608788" text="Частного"><tfr rev_id="4306721" t="Частного"><v><l id="374795" t="частный"><g v="ADJF"></g><g v="Qual"></g><g v="masc"></g><g v="sing"></g><g v="gent"></g></l></v><v><l id="374795" t="частный"><g v="ADJF"></g><g v="Qual"></g><g v="anim"></g><g v="masc"></g><g v="sing"></g><g v="accs"></g></l></v></tfr></token><token id="608789" text="корреспондента"><tfr rev_id="3886758" t="корреспондента"><v><l id="140239" t="корреспондент"><g v="NOUN"></g><g v="anim"></g><g v="masc"></g><g v="sing"></g><g v="gent"></g></l></v></tfr></token><token id="608790" text="«"><tfr rev_id="2443809" t="«"><v><l id="0" t="«"><g v="PNCT"></g></l></v></tfr></token><token id="608791" text="Кто"><tfr rev_id="1441212" t="Кто"><v><l id="144216" t="кто"><g v="NPRO"></g><g v="masc"></g><g v="sing"></g><g v="nomn"></g></l></v></tfr></token><token id="608792" text="–"><tfr rev_id="2443810" t="–"><v><l id="0" t="–"><g v="PNCT"></g></l></v></tfr></token><token id="608793" text="кого"><tfr rev_id="2928240" t="кого"><v><l id="144216" t="кто"><g v="NPRO"></g><g v="masc"></g><g v="sing"></g><g v="accs"></g></l></v></tfr></token><token id="608794" text="»"><tfr rev_id="2443811" t="»"><v><l id="0" t="»"><g v="PNCT"></g></l></v></tfr></token></tokens></sentence></paragraph></paragraphs></text>