<?xml version="1.0" encoding="utf-8"?><text id="1144" parent="56" name="На Камчатке рождается вторая «Долина гейзеров»"><tags><tag>Автор:http://ru.wikinews.org/wiki/Участник:Potupin</tag><tag>Дата:20/09</tag><tag>Год:2008</tag><tag>Тема:ВикиКатегория:Геоинформация</tag><tag>url:http://ru.wikinews.org/w/index.php?title=На_Камчатке_рождается_вторая_«Долина_гейзеров»&amp;oldid=17725</tag></tags><paragraphs><paragraph id="10867"><sentence id="34009"><source>Уже сейчас она имеет название"Малая долина".</source><tokens><token id="608795" text="Уже"><tfr rev_id="2692726" t="Уже"><v><l id="355422" t="уж"><g v="NOUN"></g><g v="anim"></g><g v="masc"></g><g v="sing"></g><g v="loct"></g></l></v><v><l id="355498" t="уже"><g v="ADVB"></g></l></v><v><l id="355674" t="уже"><g v="COMP"></g><g v="Qual"></g></l></v><v><l id="388673" t="уже"><g v="PRCL"></g></l></v></tfr></token><token id="608796" text="сейчас"><tfr rev_id="1441217" t="сейчас"><v><l id="317975" t="сейчас"><g v="ADVB"></g></l></v></tfr></token><token id="608797" text="она"><tfr rev_id="3586472" t="она"><v><l id="206544" t="она"><g v="NPRO"></g><g v="femn"></g><g v="3per"></g><g v="Anph"></g><g v="sing"></g><g v="nomn"></g></l></v></tfr></token><token id="608798" text="имеет"><tfr rev_id="1441219" t="имеет"><v><l id="121610" t="имею"><g v="VERB"></g><g v="impf"></g><g v="tran"></g><g v="sing"></g><g v="3per"></g><g v="pres"></g><g v="indc"></g></l></v></tfr></token><token id="608799" text="название"><tfr rev_id="4105334" t="название"><v><l id="170336" t="название"><g v="NOUN"></g><g v="inan"></g><g v="neut"></g><g v="sing"></g><g v="accs"></g></l></v></tfr></token><token id="608800" text="&quot;"><tfr rev_id="1441221" t="&quot;"><v><l id="0" t="&quot;"><g v="PNCT"></g></l></v></tfr></token><token id="608801" text="Малая"><tfr rev_id="1441222" t="Малая"><v><l id="154377" t="малый"><g v="ADJF"></g><g v="Qual"></g><g v="femn"></g><g v="sing"></g><g v="nomn"></g></l></v></tfr></token><token id="608802" text="долина"><tfr rev_id="1441223" t="долина"><v><l id="88015" t="долина"><g v="NOUN"></g><g v="inan"></g><g v="femn"></g><g v="sing"></g><g v="nomn"></g></l></v></tfr></token><token id="608803" text="&quot;"><tfr rev_id="1441224" t="&quot;"><v><l id="0" t="&quot;"><g v="PNCT"></g></l></v></tfr></token><token id="608804" text="."><tfr rev_id="1441225" t="."><v><l id="0" t="."><g v="PNCT"></g></l></v></tfr></token></tokens></sentence><sentence id="34010"><source>И вероятнее всего рукотворное происхождение.</source><tokens><token id="608805" text="И"><tfr rev_id="1441226" t="И"><v><l id="116949" t="и"><g v="CONJ"></g></l></v><v><l id="116950" t="и"><g v="INTJ"></g></l></v></tfr></token><token id="608806" text="вероятнее"><tfr rev_id="1441227" t="вероятнее"><v><l id="41554" t="вероятнее"><g v="COMP"></g><g v="Qual"></g></l></v></tfr></token><token id="608807" text="всего"><tfr rev_id="4515453" t="всего"><v><l id="42156" t="весь"><g v="ADJF"></g><g v="Subx"></g><g v="Apro"></g><g v="neut"></g><g v="sing"></g><g v="gent"></g></l></v></tfr></token><token id="608808" text="рукотворное"><tfr rev_id="1441229" t="рукотворное"><v><l id="310083" t="рукотворный"><g v="ADJF"></g><g v="Qual"></g><g v="neut"></g><g v="sing"></g><g v="nomn"></g></l></v><v><l id="310083" t="рукотворный"><g v="ADJF"></g><g v="Qual"></g><g v="neut"></g><g v="sing"></g><g v="accs"></g></l></v></tfr></token><token id="608809" text="происхождение"><tfr rev_id="3547652" t="происхождение"><v><l id="280291" t="происхождение"><g v="NOUN"></g><g v="inan"></g><g v="neut"></g><g v="sing"></g><g v="accs"></g></l></v></tfr></token><token id="608810" text="."><tfr rev_id="1441231" t="."><v><l id="0" t="."><g v="PNCT"></g></l></v></tfr></token></tokens></sentence></paragraph><paragraph id="10868"><sentence id="34011"><source>Дело в том, что на Камчатке уже много лет работает Мутновская геотермальная станция.</source><tokens><token id="608811" text="Дело"><tfr rev_id="1714461" t="Дело"><v><l id="80628" t="дело"><g v="NOUN"></g><g v="inan"></g><g v="neut"></g><g v="sing"></g><g v="nomn"></g></l></v><v><l id="80628" t="дело"><g v="NOUN"></g><g v="inan"></g><g v="neut"></g><g v="sing"></g><g v="accs"></g></l></v></tfr></token><token id="608812" text="в"><tfr rev_id="1441233" t="в"><v><l id="37409" t="в"><g v="PREP"></g></l></v></tfr></token><token id="608813" text="том"><tfr rev_id="4308679" t="том"><v><l id="348430" t="тот"><g v="ADJF"></g><g v="Subx"></g><g v="Apro"></g><g v="Anph"></g><g v="neut"></g><g v="sing"></g><g v="loct"></g></l></v></tfr></token><token id="608814" text=","><tfr rev_id="1441235" t=","><v><l id="0" t=","><g v="PNCT"></g></l></v></tfr></token><token id="608815" text="что"><tfr rev_id="3196854" t="что"><v><l id="377004" t="что"><g v="CONJ"></g></l></v><v><l id="377005" t="что"><g v="NPRO"></g><g v="neut"></g><g v="sing"></g><g v="nomn"></g></l></v><v><l id="377005" t="что"><g v="NPRO"></g><g v="neut"></g><g v="sing"></g><g v="accs"></g></l></v><v><l id="377006" t="что"><g v="ADVB"></g><g v="Ques"></g></l></v><v><l id="388695" t="что"><g v="PRCL"></g></l></v></tfr></token><token id="608816" text="на"><tfr rev_id="3345045" t="на"><v><l id="166264" t="на"><g v="PREP"></g></l></v></tfr></token><token id="608817" text="Камчатке"><tfr rev_id="4506253" t="Камчатке"><v><l id="129130" t="камчатка"><g v="NOUN"></g><g v="inan"></g><g v="femn"></g><g v="Sgtm"></g><g v="Geox"></g><g v="sing"></g><g v="loct"></g></l></v></tfr></token><token id="608818" text="уже"><tfr rev_id="2692727" t="уже"><v><l id="355422" t="уж"><g v="NOUN"></g><g v="anim"></g><g v="masc"></g><g v="sing"></g><g v="loct"></g></l></v><v><l id="355498" t="уже"><g v="ADVB"></g></l></v><v><l id="355674" t="уже"><g v="COMP"></g><g v="Qual"></g></l></v><v><l id="388673" t="уже"><g v="PRCL"></g></l></v></tfr></token><token id="608819" text="много"><tfr rev_id="4179182" t="много"><v><l id="389079" t="много"><g v="NUMR"></g><g v="nomn"></g></l></v><v><l id="389079" t="много"><g v="NUMR"></g><g v="accs"></g></l></v></tfr></token><token id="608820" text="лет"><tfr rev_id="3453563" t="лет"><v><l id="72149" t="год"><g v="NOUN"></g><g v="inan"></g><g v="masc"></g><g v="plur"></g><g v="gent"></g></l></v></tfr></token><token id="608821" text="работает"><tfr rev_id="1441242" t="работает"><v><l id="290502" t="работаю"><g v="VERB"></g><g v="impf"></g><g v="intr"></g><g v="sing"></g><g v="3per"></g><g v="pres"></g><g v="indc"></g></l></v></tfr></token><token id="608822" text="Мутновская"><tfr rev_id="1441243" t="Мутновская"><v><l id="0" t="мутновская"><g v="UNKN"></g></l></v></tfr></token><token id="608823" text="геотермальная"><tfr rev_id="1441244" t="геотермальная"><v><l id="68830" t="геотермальный"><g v="ADJF"></g><g v="femn"></g><g v="sing"></g><g v="nomn"></g></l></v></tfr></token><token id="608824" text="станция"><tfr rev_id="1441245" t="станция"><v><l id="334704" t="станция"><g v="NOUN"></g><g v="inan"></g><g v="femn"></g><g v="sing"></g><g v="nomn"></g></l></v></tfr></token><token id="608825" text="."><tfr rev_id="1441246" t="."><v><l id="0" t="."><g v="PNCT"></g></l></v></tfr></token></tokens></sentence><sentence id="34012"><source>Несколько лет назад, в процессе разработки уникального источника энергии произошёл взрыв, активизировавший процессы.</source><tokens><token id="608826" text="Несколько"><tfr rev_id="4177802" t="Несколько"><v><l id="188126" t="несколько"><g v="NUMR"></g><g v="nomn"></g></l></v><v><l id="188126" t="несколько"><g v="NUMR"></g><g v="inan"></g><g v="accs"></g></l></v></tfr></token><token id="608827" text="лет"><tfr rev_id="2757016" t="лет"><v><l id="72149" t="год"><g v="NOUN"></g><g v="inan"></g><g v="masc"></g><g v="plur"></g><g v="gent"></g></l></v></tfr></token><token id="608828" text="назад"><tfr rev_id="1441249" t="назад"><v><l id="170252" t="назад"><g v="ADVB"></g></l></v></tfr></token><token id="608829" text=","><tfr rev_id="1441250" t=","><v><l id="0" t=","><g v="PNCT"></g></l></v></tfr></token><token id="608830" text="в"><tfr rev_id="1441251" t="в"><v><l id="37409" t="в"><g v="PREP"></g></l></v></tfr></token><token id="608831" text="процессе"><tfr rev_id="1441252" t="процессе"><v><l id="287363" t="процесс"><g v="NOUN"></g><g v="inan"></g><g v="masc"></g><g v="sing"></g><g v="loct"></g></l></v></tfr></token><token id="608832" text="разработки"><tfr rev_id="3489523" t="разработки"><v><l id="296485" t="разработка"><g v="NOUN"></g><g v="inan"></g><g v="femn"></g><g v="sing"></g><g v="gent"></g></l></v></tfr></token><token id="608833" text="уникального"><tfr rev_id="4166910" t="уникального"><v><l id="358340" t="уникальный"><g v="ADJF"></g><g v="Qual"></g><g v="masc"></g><g v="sing"></g><g v="gent"></g></l></v><v><l id="358340" t="уникальный"><g v="ADJF"></g><g v="Qual"></g><g v="anim"></g><g v="masc"></g><g v="sing"></g><g v="accs"></g></l></v></tfr></token><token id="608834" text="источника"><tfr rev_id="1441255" t="источника"><v><l id="126464" t="источник"><g v="NOUN"></g><g v="inan"></g><g v="masc"></g><g v="sing"></g><g v="gent"></g></l></v></tfr></token><token id="608835" text="энергии"><tfr rev_id="4179423" t="энергии"><v><l id="385504" t="энергия"><g v="NOUN"></g><g v="inan"></g><g v="femn"></g><g v="sing"></g><g v="gent"></g></l></v></tfr></token><token id="608836" text="произошёл"><tfr rev_id="1441257" t="произошёл"><v><l id="280162" t="произошёл"><g v="VERB"></g><g v="perf"></g><g v="intr"></g><g v="masc"></g><g v="sing"></g><g v="past"></g><g v="indc"></g></l></v></tfr></token><token id="608837" text="взрыв"><tfr rev_id="2634521" t="взрыв"><v><l id="44102" t="взрыв"><g v="NOUN"></g><g v="inan"></g><g v="masc"></g><g v="sing"></g><g v="nomn"></g></l></v><v><l id="44102" t="взрыв"><g v="NOUN"></g><g v="inan"></g><g v="masc"></g><g v="sing"></g><g v="accs"></g></l></v></tfr></token><token id="608838" text=","><tfr rev_id="1441259" t=","><v><l id="0" t=","><g v="PNCT"></g></l></v></tfr></token><token id="608839" text="активизировавший"><tfr rev_id="1441260" t="активизировавший"><v><l id="7616" t="активизировавший"><g v="PRTF"></g><g v="perf"></g><g v="tran"></g><g v="past"></g><g v="actv"></g><g v="masc"></g><g v="sing"></g><g v="nomn"></g></l></v><v><l id="7616" t="активизировавший"><g v="PRTF"></g><g v="perf"></g><g v="tran"></g><g v="past"></g><g v="actv"></g><g v="inan"></g><g v="masc"></g><g v="sing"></g><g v="accs"></g></l></v><v><l id="7617" t="активизировавший"><g v="PRTF"></g><g v="impf"></g><g v="tran"></g><g v="past"></g><g v="actv"></g><g v="masc"></g><g v="sing"></g><g v="nomn"></g></l></v><v><l id="7617" t="активизировавший"><g v="PRTF"></g><g v="impf"></g><g v="tran"></g><g v="past"></g><g v="actv"></g><g v="inan"></g><g v="masc"></g><g v="sing"></g><g v="accs"></g></l></v></tfr></token><token id="608840" text="процессы"><tfr rev_id="3749650" t="процессы"><v><l id="287363" t="процесс"><g v="NOUN"></g><g v="inan"></g><g v="masc"></g><g v="plur"></g><g v="accs"></g></l></v></tfr></token><token id="608841" text="."><tfr rev_id="1441262" t="."><v><l id="0" t="."><g v="PNCT"></g></l></v></tfr></token></tokens></sentence><sentence id="34013"><source>Горячие источники как бы родились заново и процесс пошёл...</source><tokens><token id="608842" text="Горячие"><tfr rev_id="4154031" t="Горячие"><v><l id="73872" t="горячий"><g v="ADJF"></g><g v="Qual"></g><g v="plur"></g><g v="nomn"></g></l></v><v><l id="73872" t="горячий"><g v="ADJF"></g><g v="Qual"></g><g v="inan"></g><g v="plur"></g><g v="accs"></g></l></v></tfr></token><token id="608843" text="источники"><tfr rev_id="3748173" t="источники"><v><l id="126464" t="источник"><g v="NOUN"></g><g v="inan"></g><g v="masc"></g><g v="plur"></g><g v="nomn"></g></l></v></tfr></token><token id="608844" text="как"><tfr rev_id="1441265" t="как"><v><l id="128190" t="как"><g v="CONJ"></g></l></v><v><l id="128191" t="как"><g v="PRCL"></g></l></v><v><l id="128192" t="как"><g v="ADVB"></g><g v="Ques"></g></l></v></tfr></token><token id="608845" text="бы"><tfr rev_id="1441266" t="бы"><v><l id="36985" t="бы"><g v="PRCL"></g></l></v></tfr></token><token id="608846" text="родились"><tfr rev_id="1441267" t="родились"><v><l id="308324" t="родился"><g v="VERB"></g><g v="perf"></g><g v="intr"></g><g v="plur"></g><g v="past"></g><g v="indc"></g></l></v><v><l id="308325" t="рожусь"><g v="VERB"></g><g v="impf"></g><g v="intr"></g><g v="plur"></g><g v="past"></g><g v="indc"></g></l></v></tfr></token><token id="608847" text="заново"><tfr rev_id="1441268" t="заново"><v><l id="106424" t="заново"><g v="ADVB"></g></l></v></tfr></token><token id="608848" text="и"><tfr rev_id="1441269" t="и"><v><l id="116949" t="и"><g v="CONJ"></g></l></v><v><l id="116950" t="и"><g v="INTJ"></g></l></v></tfr></token><token id="608849" text="процесс"><tfr rev_id="3551578" t="процесс"><v><l id="287363" t="процесс"><g v="NOUN"></g><g v="inan"></g><g v="masc"></g><g v="sing"></g><g v="nomn"></g></l></v></tfr></token><token id="608850" text="пошёл"><tfr rev_id="1441271" t="пошёл"><v><l id="253964" t="пошёл"><g v="VERB"></g><g v="perf"></g><g v="intr"></g><g v="masc"></g><g v="sing"></g><g v="past"></g><g v="indc"></g></l></v></tfr></token><token id="608851" text="..."><tfr rev_id="1441272" t="..."><v><l id="0" t="..."><g v="PNCT"></g></l></v></tfr></token></tokens></sentence></paragraph><paragraph id="10869"><sentence id="34014"><source>Пока учёные рассчитывают будущее района повышенной геотермальной активности, туристы вовсю осваювают его, благо что этот район находится всего в 100 километрах от Петропавловска-Камчатского и не имеет заповедного режима.</source><tokens><token id="608852" text="Пока"><tfr rev_id="4455559" t="Пока"><v><l id="253969" t="пока"><g v="CONJ"></g></l></v></tfr></token><token id="608853" text="учёные"><tfr rev_id="2780555" t="учёные"><v><l id="363100" t="учёный"><g v="NOUN"></g><g v="anim"></g><g v="masc"></g><g v="plur"></g><g v="nomn"></g></l></v></tfr></token><token id="608854" text="рассчитывают"><tfr rev_id="1441275" t="рассчитывают"><v><l id="301690" t="рассчитываю"><g v="VERB"></g><g v="impf"></g><g v="tran"></g><g v="plur"></g><g v="3per"></g><g v="pres"></g><g v="indc"></g></l></v><v><l id="301697" t="рассчитываю"><g v="VERB"></g><g v="impf"></g><g v="intr"></g><g v="plur"></g><g v="3per"></g><g v="pres"></g><g v="indc"></g></l></v></tfr></token><token id="608855" text="будущее"><tfr rev_id="4278933" t="будущее"><v><l id="35163" t="будущее"><g v="NOUN"></g><g v="inan"></g><g v="neut"></g><g v="sing"></g><g v="nomn"></g></l></v><v><l id="35163" t="будущее"><g v="NOUN"></g><g v="inan"></g><g v="neut"></g><g v="sing"></g><g v="accs"></g></l></v></tfr></token><token id="608856" text="района"><tfr rev_id="1441277" t="района"><v><l id="297595" t="район"><g v="NOUN"></g><g v="inan"></g><g v="masc"></g><g v="sing"></g><g v="gent"></g></l></v></tfr></token><token id="608857" text="повышенной"><tfr rev_id="1441278" t="повышенной"><v><l id="242986" t="повышенный"><g v="PRTF"></g><g v="perf"></g><g v="tran"></g><g v="past"></g><g v="pssv"></g><g v="femn"></g><g v="sing"></g><g v="gent"></g></l></v><v><l id="242986" t="повышенный"><g v="PRTF"></g><g v="perf"></g><g v="tran"></g><g v="past"></g><g v="pssv"></g><g v="femn"></g><g v="sing"></g><g v="datv"></g></l></v><v><l id="242986" t="повышенный"><g v="PRTF"></g><g v="perf"></g><g v="tran"></g><g v="past"></g><g v="pssv"></g><g v="femn"></g><g v="sing"></g><g v="ablt"></g></l></v><v><l id="242986" t="повышенный"><g v="PRTF"></g><g v="perf"></g><g v="tran"></g><g v="past"></g><g v="pssv"></g><g v="femn"></g><g v="sing"></g><g v="loct"></g></l></v><v><l id="243067" t="повышенный"><g v="ADJF"></g><g v="Qual"></g><g v="femn"></g><g v="sing"></g><g v="gent"></g></l></v><v><l id="243067" t="повышенный"><g v="ADJF"></g><g v="Qual"></g><g v="femn"></g><g v="sing"></g><g v="datv"></g></l></v><v><l id="243067" t="повышенный"><g v="ADJF"></g><g v="Qual"></g><g v="femn"></g><g v="sing"></g><g v="ablt"></g></l></v><v><l id="243067" t="повышенный"><g v="ADJF"></g><g v="Qual"></g><g v="femn"></g><g v="sing"></g><g v="loct"></g></l></v></tfr></token><token id="608858" text="геотермальной"><tfr rev_id="1441279" t="геотермальной"><v><l id="68830" t="геотермальный"><g v="ADJF"></g><g v="femn"></g><g v="sing"></g><g v="gent"></g></l></v><v><l id="68830" t="геотермальный"><g v="ADJF"></g><g v="femn"></g><g v="sing"></g><g v="datv"></g></l></v><v><l id="68830" t="геотермальный"><g v="ADJF"></g><g v="femn"></g><g v="sing"></g><g v="ablt"></g></l></v><v><l id="68830" t="геотермальный"><g v="ADJF"></g><g v="femn"></g><g v="sing"></g><g v="loct"></g></l></v></tfr></token><token id="608859" text="активности"><tfr rev_id="4177423" t="активности"><v><l id="7664" t="активность"><g v="NOUN"></g><g v="inan"></g><g v="femn"></g><g v="sing"></g><g v="gent"></g></l></v></tfr></token><token id="608860" text=","><tfr rev_id="1441281" t=","><v><l id="0" t=","><g v="PNCT"></g></l></v></tfr></token><token id="608861" text="туристы"><tfr rev_id="1441282" t="туристы"><v><l id="351774" t="турист"><g v="NOUN"></g><g v="anim"></g><g v="masc"></g><g v="plur"></g><g v="nomn"></g></l></v></tfr></token><token id="608862" text="вовсю"><tfr rev_id="1441283" t="вовсю"><v><l id="47983" t="вовсю"><g v="ADVB"></g></l></v></tfr></token><token id="608863" text="осваювают"><tfr rev_id="1441284" t="осваювают"><v><l id="0" t="осваювают"><g v="UNKN"></g></l></v></tfr></token><token id="608864" text="его"><tfr rev_id="4527841" t="его"><v><l id="206541" t="он"><g v="NPRO"></g><g v="masc"></g><g v="3per"></g><g v="Anph"></g><g v="sing"></g><g v="gent"></g></l></v><v><l id="206541" t="он"><g v="NPRO"></g><g v="masc"></g><g v="3per"></g><g v="Anph"></g><g v="sing"></g><g v="accs"></g></l></v><v><l id="206649" t="оно"><g v="NPRO"></g><g v="neut"></g><g v="3per"></g><g v="Anph"></g><g v="sing"></g><g v="gent"></g></l></v><v><l id="206649" t="оно"><g v="NPRO"></g><g v="neut"></g><g v="3per"></g><g v="Anph"></g><g v="sing"></g><g v="accs"></g></l></v></tfr></token><token id="608865" text=","><tfr rev_id="1441286" t=","><v><l id="0" t=","><g v="PNCT"></g></l></v></tfr></token><token id="608866" text="благо"><tfr rev_id="4396543" t="благо"><v><l id="30281" t="благо"><g v="CONJ"></g></l></v></tfr></token><token id="608867" text="что"><tfr rev_id="3196855" t="что"><v><l id="377004" t="что"><g v="CONJ"></g></l></v><v><l id="377005" t="что"><g v="NPRO"></g><g v="neut"></g><g v="sing"></g><g v="nomn"></g></l></v><v><l id="377005" t="что"><g v="NPRO"></g><g v="neut"></g><g v="sing"></g><g v="accs"></g></l></v><v><l id="377006" t="что"><g v="ADVB"></g><g v="Ques"></g></l></v><v><l id="388695" t="что"><g v="PRCL"></g></l></v></tfr></token><token id="608868" text="этот"><tfr rev_id="4432087" t="этот"><v><l id="386581" t="этот"><g v="ADJF"></g><g v="Subx"></g><g v="Apro"></g><g v="Anph"></g><g v="masc"></g><g v="sing"></g><g v="nomn"></g></l></v><v><l id="386581" t="этот"><g v="ADJF"></g><g v="Subx"></g><g v="Apro"></g><g v="Anph"></g><g v="inan"></g><g v="masc"></g><g v="sing"></g><g v="accs"></g></l></v></tfr></token><token id="608869" text="район"><tfr rev_id="2560743" t="район"><v><l id="297595" t="район"><g v="NOUN"></g><g v="inan"></g><g v="masc"></g><g v="sing"></g><g v="nomn"></g></l></v></tfr></token><token id="608870" text="находится"><tfr rev_id="1441291" t="находится"><v><l id="177898" t="нахожусь"><g v="VERB"></g><g v="impf"></g><g v="intr"></g><g v="sing"></g><g v="3per"></g><g v="pres"></g><g v="indc"></g></l></v><v><l id="177903" t="находился"><g v="VERB"></g><g v="perf"></g><g v="intr"></g><g v="sing"></g><g v="3per"></g><g v="futr"></g><g v="indc"></g></l></v></tfr></token><token id="608871" text="всего"><tfr rev_id="4499166" t="всего"><v><l id="53374" t="всего"><g v="PRCL"></g></l></v></tfr></token><token id="608872" text="в"><tfr rev_id="1441293" t="в"><v><l id="37409" t="в"><g v="PREP"></g></l></v></tfr></token><token id="608873" text="100"><tfr rev_id="2461755" t="100"><v><l id="0" t="100"><g v="NUMB"></g></l></v></tfr></token><token id="608874" text="километрах"><tfr rev_id="1441295" t="километрах"><v><l id="132850" t="километр"><g v="NOUN"></g><g v="inan"></g><g v="masc"></g><g v="plur"></g><g v="loct"></g></l></v></tfr></token><token id="608875" text="от"><tfr rev_id="1441296" t="от"><v><l id="211644" t="от"><g v="PREP"></g></l></v></tfr></token><token id="608876" text="Петропавловска-Камчатского"><tfr rev_id="1441297" t="Петропавловска-Камчатского"><v><l id="238051" t="петропавловск-камчатский"><g v="NOUN"></g><g v="inan"></g><g v="masc"></g><g v="Sgtm"></g><g v="Geox"></g><g v="sing"></g><g v="gent"></g></l></v></tfr></token><token id="608877" text="и"><tfr rev_id="1441298" t="и"><v><l id="116949" t="и"><g v="CONJ"></g></l></v><v><l id="116950" t="и"><g v="INTJ"></g></l></v></tfr></token><token id="608878" text="не"><tfr rev_id="1441299" t="не"><v><l id="178876" t="не"><g v="PRCL"></g></l></v></tfr></token><token id="608879" text="имеет"><tfr rev_id="1441300" t="имеет"><v><l id="121610" t="имею"><g v="VERB"></g><g v="impf"></g><g v="tran"></g><g v="sing"></g><g v="3per"></g><g v="pres"></g><g v="indc"></g></l></v></tfr></token><token id="608880" text="заповедного"><tfr rev_id="4448598" t="заповедного"><v><l id="107514" t="заповедный"><g v="ADJF"></g><g v="Qual"></g><g v="masc"></g><g v="sing"></g><g v="gent"></g></l></v></tfr></token><token id="608881" text="режима"><tfr rev_id="1441302" t="режима"><v><l id="305124" t="режим"><g v="NOUN"></g><g v="inan"></g><g v="masc"></g><g v="sing"></g><g v="gent"></g></l></v></tfr></token><token id="608882" text="."><tfr rev_id="1441303" t="."><v><l id="0" t="."><g v="PNCT"></g></l></v></tfr></token></tokens></sentence></paragraph></paragraphs></text>