<?xml version="1.0" encoding="utf-8"?><text id="1156" parent="56" name="Преступление и наказание в Нигерии"><tags><tag>Автор:http://ru.wikinews.org/wiki/Участник:Ygrek</tag><tag>Дата:21/07</tag><tag>Год:2006</tag><tag>Тема:ВикиКатегория:Криминал</tag><tag>Гео:ВикиКатегория:Нигерия</tag><tag>url:http://ru.wikinews.org/w/index.php?title=Преступление_и_наказание_в_Нигерии&amp;oldid=56866</tag></tags><paragraphs><paragraph id="10912"><sentence id="34140"><source>Исламский суд в Нигерии приговорил вора к отрубанию правой руки.</source><tokens><token id="611183" text="Исламский"><tfr rev_id="1443604" t="Исламский"><v><l id="124941" t="исламский"><g v="ADJF"></g><g v="masc"></g><g v="sing"></g><g v="nomn"></g></l></v><v><l id="124941" t="исламский"><g v="ADJF"></g><g v="inan"></g><g v="masc"></g><g v="sing"></g><g v="accs"></g></l></v></tfr></token><token id="611184" text="суд"><tfr rev_id="4098726" t="суд"><v><l id="338918" t="суд"><g v="NOUN"></g><g v="inan"></g><g v="masc"></g><g v="sing"></g><g v="nomn"></g></l></v></tfr></token><token id="611185" text="в"><tfr rev_id="1443606" t="в"><v><l id="37409" t="в"><g v="PREP"></g></l></v></tfr></token><token id="611186" text="Нигерии"><tfr rev_id="2922482" t="Нигерии"><v><l id="190366" t="нигерия"><g v="NOUN"></g><g v="inan"></g><g v="femn"></g><g v="Sgtm"></g><g v="Geox"></g><g v="sing"></g><g v="loct"></g></l></v></tfr></token><token id="611187" text="приговорил"><tfr rev_id="1443608" t="приговорил"><v><l id="269844" t="приговорил"><g v="VERB"></g><g v="perf"></g><g v="tran"></g><g v="masc"></g><g v="sing"></g><g v="past"></g><g v="indc"></g></l></v></tfr></token><token id="611188" text="вора"><tfr rev_id="4397351" t="вора"><v><l id="50862" t="вор"><g v="NOUN"></g><g v="anim"></g><g v="masc"></g><g v="sing"></g><g v="accs"></g></l></v></tfr></token><token id="611189" text="к"><tfr rev_id="1443610" t="к"><v><l id="127460" t="к"><g v="PREP"></g></l></v></tfr></token><token id="611190" text="отрубанию"><tfr rev_id="1443611" t="отрубанию"><v><l id="217623" t="отрубание"><g v="NOUN"></g><g v="inan"></g><g v="neut"></g><g v="sing"></g><g v="datv"></g></l></v></tfr></token><token id="611191" text="правой"><tfr rev_id="1443612" t="правой"><v><l id="265796" t="правый"><g v="ADJF"></g><g v="Qual"></g><g v="femn"></g><g v="sing"></g><g v="gent"></g></l></v><v><l id="265796" t="правый"><g v="ADJF"></g><g v="Qual"></g><g v="femn"></g><g v="sing"></g><g v="datv"></g></l></v><v><l id="265796" t="правый"><g v="ADJF"></g><g v="Qual"></g><g v="femn"></g><g v="sing"></g><g v="ablt"></g></l></v><v><l id="265796" t="правый"><g v="ADJF"></g><g v="Qual"></g><g v="femn"></g><g v="sing"></g><g v="loct"></g></l></v></tfr></token><token id="611192" text="руки"><tfr rev_id="3327675" t="руки"><v><l id="309953" t="рука"><g v="NOUN"></g><g v="inan"></g><g v="femn"></g><g v="sing"></g><g v="gent"></g></l></v></tfr></token><token id="611193" text="."><tfr rev_id="1443614" t="."><v><l id="0" t="."><g v="PNCT"></g></l></v></tfr></token></tokens></sentence><sentence id="34141"><source>Обвиняемый признался, что он пробрался в один магазин и украл, среди прочего, телевизор, множество Ди-Ви-Ди дисков и один мобильный телефон.</source><tokens><token id="611194" text="Обвиняемый"><tfr rev_id="1443615" t="Обвиняемый"><v><l id="193426" t="обвиняемый"><g v="PRTF"></g><g v="Subx"></g><g v="impf"></g><g v="tran"></g><g v="pres"></g><g v="pssv"></g><g v="masc"></g><g v="sing"></g><g v="nomn"></g></l></v><v><l id="193426" t="обвиняемый"><g v="PRTF"></g><g v="Subx"></g><g v="impf"></g><g v="tran"></g><g v="pres"></g><g v="pssv"></g><g v="inan"></g><g v="masc"></g><g v="sing"></g><g v="accs"></g></l></v></tfr></token><token id="611195" text="признался"><tfr rev_id="1443616" t="признался"><v><l id="270653" t="признался"><g v="VERB"></g><g v="perf"></g><g v="intr"></g><g v="masc"></g><g v="sing"></g><g v="past"></g><g v="indc"></g></l></v></tfr></token><token id="611196" text=","><tfr rev_id="1443617" t=","><v><l id="0" t=","><g v="PNCT"></g></l></v></tfr></token><token id="611197" text="что"><tfr rev_id="3196880" t="что"><v><l id="377004" t="что"><g v="CONJ"></g></l></v><v><l id="377005" t="что"><g v="NPRO"></g><g v="neut"></g><g v="sing"></g><g v="nomn"></g></l></v><v><l id="377005" t="что"><g v="NPRO"></g><g v="neut"></g><g v="sing"></g><g v="accs"></g></l></v><v><l id="377006" t="что"><g v="ADVB"></g><g v="Ques"></g></l></v><v><l id="388695" t="что"><g v="PRCL"></g></l></v></tfr></token><token id="611198" text="он"><tfr rev_id="3575579" t="он"><v><l id="206541" t="он"><g v="NPRO"></g><g v="masc"></g><g v="3per"></g><g v="Anph"></g><g v="sing"></g><g v="nomn"></g></l></v></tfr></token><token id="611199" text="пробрался"><tfr rev_id="1443620" t="пробрался"><v><l id="277423" t="пробрался"><g v="VERB"></g><g v="perf"></g><g v="intr"></g><g v="masc"></g><g v="sing"></g><g v="past"></g><g v="indc"></g></l></v></tfr></token><token id="611200" text="в"><tfr rev_id="1443621" t="в"><v><l id="37409" t="в"><g v="PREP"></g></l></v></tfr></token><token id="611201" text="один"><tfr rev_id="4299655" t="один"><v><l id="203319" t="один"><g v="ADJF"></g><g v="Apro"></g><g v="Anum"></g><g v="masc"></g><g v="sing"></g><g v="nomn"></g></l></v><v><l id="203319" t="один"><g v="ADJF"></g><g v="Apro"></g><g v="Anum"></g><g v="inan"></g><g v="masc"></g><g v="sing"></g><g v="accs"></g></l></v></tfr></token><token id="611202" text="магазин"><tfr rev_id="1443623" t="магазин"><v><l id="152545" t="магазин"><g v="NOUN"></g><g v="inan"></g><g v="masc"></g><g v="sing"></g><g v="nomn"></g></l></v><v><l id="152545" t="магазин"><g v="NOUN"></g><g v="inan"></g><g v="masc"></g><g v="sing"></g><g v="accs"></g></l></v></tfr></token><token id="611203" text="и"><tfr rev_id="3446020" t="и"><v><l id="116949" t="и"><g v="CONJ"></g></l></v></tfr></token><token id="611204" text="украл"><tfr rev_id="1443625" t="украл"><v><l id="356407" t="украл"><g v="VERB"></g><g v="perf"></g><g v="tran"></g><g v="masc"></g><g v="sing"></g><g v="past"></g><g v="indc"></g></l></v></tfr></token><token id="611205" text=","><tfr rev_id="1443626" t=","><v><l id="0" t=","><g v="PNCT"></g></l></v></tfr></token><token id="611206" text="среди"><tfr rev_id="1443627" t="среди"><v><l id="333473" t="среди"><g v="PREP"></g></l></v></tfr></token><token id="611207" text="прочего"><tfr rev_id="3310573" t="прочего"><v><l id="287417" t="прочее"><g v="NPRO"></g><g v="neut"></g><g v="sing"></g><g v="gent"></g></l></v></tfr></token><token id="611208" text=","><tfr rev_id="1443629" t=","><v><l id="0" t=","><g v="PNCT"></g></l></v></tfr></token><token id="611209" text="телевизор"><tfr rev_id="4099584" t="телевизор"><v><l id="344101" t="телевизор"><g v="NOUN"></g><g v="inan"></g><g v="masc"></g><g v="sing"></g><g v="accs"></g></l></v></tfr></token><token id="611210" text=","><tfr rev_id="1443631" t=","><v><l id="0" t=","><g v="PNCT"></g></l></v></tfr></token><token id="611211" text="множество"><tfr rev_id="1443632" t="множество"><v><l id="162121" t="множество"><g v="NOUN"></g><g v="inan"></g><g v="neut"></g><g v="sing"></g><g v="nomn"></g></l></v><v><l id="162121" t="множество"><g v="NOUN"></g><g v="inan"></g><g v="neut"></g><g v="sing"></g><g v="accs"></g></l></v></tfr></token><token id="611212" text="Ди-Ви-Ди"><tfr rev_id="1443633" t="Ди-Ви-Ди"><v><l id="0" t="ди-ви-ди"><g v="UNKN"></g></l></v></tfr></token><token id="611213" text="дисков"><tfr rev_id="2948398" t="дисков"><v><l id="84267" t="диск"><g v="NOUN"></g><g v="inan"></g><g v="masc"></g><g v="plur"></g><g v="gent"></g></l></v></tfr></token><token id="611214" text="и"><tfr rev_id="1443635" t="и"><v><l id="116949" t="и"><g v="CONJ"></g></l></v><v><l id="116950" t="и"><g v="INTJ"></g></l></v></tfr></token><token id="611215" text="один"><tfr rev_id="4299656" t="один"><v><l id="203319" t="один"><g v="ADJF"></g><g v="Apro"></g><g v="Anum"></g><g v="masc"></g><g v="sing"></g><g v="nomn"></g></l></v><v><l id="203319" t="один"><g v="ADJF"></g><g v="Apro"></g><g v="Anum"></g><g v="inan"></g><g v="masc"></g><g v="sing"></g><g v="accs"></g></l></v></tfr></token><token id="611216" text="мобильный"><tfr rev_id="1443637" t="мобильный"><v><l id="162202" t="мобильный"><g v="ADJF"></g><g v="Qual"></g><g v="masc"></g><g v="sing"></g><g v="nomn"></g></l></v><v><l id="162202" t="мобильный"><g v="ADJF"></g><g v="Qual"></g><g v="inan"></g><g v="masc"></g><g v="sing"></g><g v="accs"></g></l></v></tfr></token><token id="611217" text="телефон"><tfr rev_id="4083559" t="телефон"><v><l id="344325" t="телефон"><g v="NOUN"></g><g v="inan"></g><g v="masc"></g><g v="sing"></g><g v="accs"></g></l></v></tfr></token><token id="611218" text="."><tfr rev_id="1443639" t="."><v><l id="0" t="."><g v="PNCT"></g></l></v></tfr></token></tokens></sentence></paragraph><paragraph id="10913"><sentence id="34142"><source>В штате Баучи на северо-востоке Нигерии, за воровство ценностей свыше 12 евро, провинившийся может лишиться рук.</source><tokens><token id="611219" text="В"><tfr rev_id="1443640" t="В"><v><l id="37409" t="в"><g v="PREP"></g></l></v></tfr></token><token id="611220" text="штате"><tfr rev_id="1443641" t="штате"><v><l id="381334" t="штат"><g v="NOUN"></g><g v="inan"></g><g v="masc"></g><g v="sing"></g><g v="loct"></g></l></v></tfr></token><token id="611221" text="Баучи"><tfr rev_id="1443642" t="Баучи"><v><l id="0" t="баучи"><g v="UNKN"></g></l></v></tfr></token><token id="611222" text="на"><tfr rev_id="3340657" t="на"><v><l id="166264" t="на"><g v="PREP"></g></l></v></tfr></token><token id="611223" text="северо-востоке"><tfr rev_id="1443644" t="северо-востоке"><v><l id="317523" t="северо-восток"><g v="NOUN"></g><g v="inan"></g><g v="masc"></g><g v="sing"></g><g v="loct"></g></l></v></tfr></token><token id="611224" text="Нигерии"><tfr rev_id="2922470" t="Нигерии"><v><l id="190366" t="нигерия"><g v="NOUN"></g><g v="inan"></g><g v="femn"></g><g v="Sgtm"></g><g v="Geox"></g><g v="sing"></g><g v="gent"></g></l></v></tfr></token><token id="611225" text=","><tfr rev_id="1443646" t=","><v><l id="0" t=","><g v="PNCT"></g></l></v></tfr></token><token id="611226" text="за"><tfr rev_id="1443647" t="за"><v><l id="98043" t="за"><g v="PREP"></g></l></v></tfr></token><token id="611227" text="воровство"><tfr rev_id="3487938" t="воровство"><v><l id="50951" t="воровство"><g v="NOUN"></g><g v="inan"></g><g v="neut"></g><g v="Sgtm"></g><g v="sing"></g><g v="accs"></g></l></v></tfr></token><token id="611228" text="ценностей"><tfr rev_id="1443649" t="ценностей"><v><l id="373345" t="ценность"><g v="NOUN"></g><g v="inan"></g><g v="femn"></g><g v="plur"></g><g v="gent"></g></l></v></tfr></token><token id="611229" text="свыше"><tfr rev_id="4231586" t="свыше"><v><l id="316524" t="свыше"><g v="PREP"></g></l></v></tfr></token><token id="611230" text="12"><tfr rev_id="2461801" t="12"><v><l id="0" t="12"><g v="NUMB"></g></l></v></tfr></token><token id="611231" text="евро"><tfr rev_id="4174251" t="евро"><v><l id="94004" t="евро"><g v="NOUN"></g><g v="inan"></g><g v="neut"></g><g v="Fixd"></g><g v="plur"></g><g v="gent"></g></l></v></tfr></token><token id="611232" text=","><tfr rev_id="1443653" t=","><v><l id="0" t=","><g v="PNCT"></g></l></v></tfr></token><token id="611233" text="провинившийся"><tfr rev_id="1443654" t="провинившийся"><v><l id="277936" t="провинившийся"><g v="PRTF"></g><g v="perf"></g><g v="intr"></g><g v="past"></g><g v="actv"></g><g v="masc"></g><g v="sing"></g><g v="nomn"></g></l></v><v><l id="277936" t="провинившийся"><g v="PRTF"></g><g v="perf"></g><g v="intr"></g><g v="past"></g><g v="actv"></g><g v="inan"></g><g v="masc"></g><g v="sing"></g><g v="accs"></g></l></v></tfr></token><token id="611234" text="может"><tfr rev_id="4213094" t="может"><v><l id="164485" t="могу"><g v="VERB"></g><g v="impf"></g><g v="intr"></g><g v="sing"></g><g v="3per"></g><g v="pres"></g><g v="indc"></g></l></v></tfr></token><token id="611235" text="лишиться"><tfr rev_id="1443656" t="лишиться"><v><l id="150253" t="лишиться"><g v="INFN"></g><g v="perf"></g><g v="intr"></g></l></v></tfr></token><token id="611236" text="рук"><tfr rev_id="1443657" t="рук"><v><l id="309953" t="рука"><g v="NOUN"></g><g v="inan"></g><g v="femn"></g><g v="plur"></g><g v="gent"></g></l></v></tfr></token><token id="611237" text="."><tfr rev_id="1443658" t="."><v><l id="0" t="."><g v="PNCT"></g></l></v></tfr></token></tokens></sentence><sentence id="34143"><source>Исламское правосудие действует в 14 северных штатов Нигерии, в которых преобладает мусульманское население.</source><tokens><token id="611238" text="Исламское"><tfr rev_id="1443659" t="Исламское"><v><l id="124941" t="исламский"><g v="ADJF"></g><g v="neut"></g><g v="sing"></g><g v="nomn"></g></l></v><v><l id="124941" t="исламский"><g v="ADJF"></g><g v="neut"></g><g v="sing"></g><g v="accs"></g></l></v></tfr></token><token id="611239" text="правосудие"><tfr rev_id="3547598" t="правосудие"><v><l id="265771" t="правосудие"><g v="NOUN"></g><g v="inan"></g><g v="neut"></g><g v="sing"></g><g v="nomn"></g></l></v></tfr></token><token id="611240" text="действует"><tfr rev_id="1443661" t="действует"><v><l id="80103" t="действую"><g v="VERB"></g><g v="impf"></g><g v="intr"></g><g v="sing"></g><g v="3per"></g><g v="pres"></g><g v="indc"></g></l></v></tfr></token><token id="611241" text="в"><tfr rev_id="1443662" t="в"><v><l id="37409" t="в"><g v="PREP"></g></l></v></tfr></token><token id="611242" text="14"><tfr rev_id="2461802" t="14"><v><l id="0" t="14"><g v="NUMB"></g></l></v></tfr></token><token id="611243" text="северных"><tfr rev_id="4356143" t="северных"><v><l id="317517" t="северный"><g v="ADJF"></g><g v="Qual"></g><g v="plur"></g><g v="loct"></g></l></v></tfr></token><token id="611244" text="штатов"><tfr rev_id="1443665" t="штатов"><v><l id="381334" t="штат"><g v="NOUN"></g><g v="inan"></g><g v="masc"></g><g v="plur"></g><g v="gent"></g></l></v></tfr></token><token id="611245" text="Нигерии"><tfr rev_id="2922552" t="Нигерии"><v><l id="190366" t="нигерия"><g v="NOUN"></g><g v="inan"></g><g v="femn"></g><g v="Sgtm"></g><g v="Geox"></g><g v="sing"></g><g v="gent"></g></l></v></tfr></token><token id="611246" text=","><tfr rev_id="1443667" t=","><v><l id="0" t=","><g v="PNCT"></g></l></v></tfr></token><token id="611247" text="в"><tfr rev_id="1443668" t="в"><v><l id="37409" t="в"><g v="PREP"></g></l></v></tfr></token><token id="611248" text="которых"><tfr rev_id="3666653" t="которых"><v><l id="141203" t="который"><g v="ADJF"></g><g v="Apro"></g><g v="Subx"></g><g v="Anph"></g><g v="plur"></g><g v="loct"></g></l></v></tfr></token><token id="611249" text="преобладает"><tfr rev_id="1443670" t="преобладает"><v><l id="267811" t="преобладаю"><g v="VERB"></g><g v="impf"></g><g v="intr"></g><g v="sing"></g><g v="3per"></g><g v="pres"></g><g v="indc"></g></l></v></tfr></token><token id="611250" text="мусульманское"><tfr rev_id="3806640" t="мусульманское"><v><l id="165447" t="мусульманский"><g v="ADJF"></g><g v="neut"></g><g v="sing"></g><g v="nomn"></g></l></v></tfr></token><token id="611251" text="население"><tfr rev_id="3430787" t="население"><v><l id="175227" t="население"><g v="NOUN"></g><g v="inan"></g><g v="neut"></g><g v="sing"></g><g v="nomn"></g></l></v></tfr></token><token id="611252" text="."><tfr rev_id="1443673" t="."><v><l id="0" t="."><g v="PNCT"></g></l></v></tfr></token></tokens></sentence><sentence id="34144"><source>Всего в Нигерии 19 штатов.</source><tokens><token id="611253" text="Всего"><tfr rev_id="4496286" t="Всего"><v><l id="53373" t="всего"><g v="ADVB"></g></l></v></tfr></token><token id="611254" text="в"><tfr rev_id="1443675" t="в"><v><l id="37409" t="в"><g v="PREP"></g></l></v></tfr></token><token id="611255" text="Нигерии"><tfr rev_id="3455040" t="Нигерии"><v><l id="190366" t="нигерия"><g v="NOUN"></g><g v="inan"></g><g v="femn"></g><g v="Sgtm"></g><g v="Geox"></g><g v="sing"></g><g v="loct"></g></l></v></tfr></token><token id="611256" text="19"><tfr rev_id="2461803" t="19"><v><l id="0" t="19"><g v="NUMB"></g></l></v></tfr></token><token id="611257" text="штатов"><tfr rev_id="1443678" t="штатов"><v><l id="381334" t="штат"><g v="NOUN"></g><g v="inan"></g><g v="masc"></g><g v="plur"></g><g v="gent"></g></l></v></tfr></token><token id="611258" text="."><tfr rev_id="1443679" t="."><v><l id="0" t="."><g v="PNCT"></g></l></v></tfr></token></tokens></sentence></paragraph><paragraph id="10914"><sentence id="34145"><source>Три года назад в Нигерии, из-за разрыва со своим мужем, была приговорена к забрасыванию камнями молодая мать Амина Лаваль.</source><tokens><token id="611259" text="Три"><tfr rev_id="2635524" t="Три"><v><l id="349973" t="три"><g v="NUMR"></g><g v="nomn"></g></l></v><v><l id="349973" t="три"><g v="NUMR"></g><g v="inan"></g><g v="accs"></g></l></v></tfr></token><token id="611260" text="года"><tfr rev_id="3476117" t="года"><v><l id="72149" t="год"><g v="NOUN"></g><g v="inan"></g><g v="masc"></g><g v="sing"></g><g v="gen1"></g></l></v></tfr></token><token id="611261" text="назад"><tfr rev_id="1443682" t="назад"><v><l id="170252" t="назад"><g v="ADVB"></g></l></v></tfr></token><token id="611262" text="в"><tfr rev_id="1443683" t="в"><v><l id="37409" t="в"><g v="PREP"></g></l></v></tfr></token><token id="611263" text="Нигерии"><tfr rev_id="2782138" t="Нигерии"><v><l id="190366" t="нигерия"><g v="NOUN"></g><g v="inan"></g><g v="femn"></g><g v="Sgtm"></g><g v="Geox"></g><g v="sing"></g><g v="loct"></g></l></v></tfr></token><token id="611264" text=","><tfr rev_id="1443685" t=","><v><l id="0" t=","><g v="PNCT"></g></l></v></tfr></token><token id="611265" text="из-за"><tfr rev_id="1443686" t="из-за"><v><l id="117678" t="из-за"><g v="PREP"></g></l></v></tfr></token><token id="611266" text="разрыва"><tfr rev_id="1443687" t="разрыва"><v><l id="296828" t="разрыв"><g v="NOUN"></g><g v="inan"></g><g v="masc"></g><g v="sing"></g><g v="gent"></g></l></v></tfr></token><token id="611267" text="со"><tfr rev_id="2919206" t="со"><v><l id="311151" t="с"><g v="PREP"></g><g v="Vpre"></g></l></v></tfr></token><token id="611268" text="своим"><tfr rev_id="4308540" t="своим"><v><l id="316379" t="свой"><g v="ADJF"></g><g v="Apro"></g><g v="Anph"></g><g v="masc"></g><g v="sing"></g><g v="ablt"></g></l></v></tfr></token><token id="611269" text="мужем"><tfr rev_id="4280462" t="мужем"><v><l id="164704" t="муж"><g v="NOUN"></g><g v="anim"></g><g v="masc"></g><g v="sing"></g><g v="ablt"></g></l></v></tfr></token><token id="611270" text=","><tfr rev_id="1443691" t=","><v><l id="0" t=","><g v="PNCT"></g></l></v></tfr></token><token id="611271" text="была"><tfr rev_id="1443692" t="была"><v><l id="37265" t="есть"><g v="VERB"></g><g v="impf"></g><g v="intr"></g><g v="femn"></g><g v="sing"></g><g v="past"></g><g v="indc"></g></l></v></tfr></token><token id="611272" text="приговорена"><tfr rev_id="1443693" t="приговорена"><v><l id="269848" t="приговорён"><g v="PRTS"></g><g v="perf"></g><g v="past"></g><g v="pssv"></g><g v="femn"></g><g v="sing"></g></l></v></tfr></token><token id="611273" text="к"><tfr rev_id="1443694" t="к"><v><l id="127460" t="к"><g v="PREP"></g></l></v></tfr></token><token id="611274" text="забрасыванию"><tfr rev_id="1443695" t="забрасыванию"><v><l id="98861" t="забрасывание"><g v="NOUN"></g><g v="inan"></g><g v="neut"></g><g v="Sgtm"></g><g v="sing"></g><g v="datv"></g></l></v></tfr></token><token id="611275" text="камнями"><tfr rev_id="1443696" t="камнями"><v><l id="128937" t="камень"><g v="NOUN"></g><g v="inan"></g><g v="masc"></g><g v="plur"></g><g v="ablt"></g></l></v></tfr></token><token id="611276" text="молодая"><tfr rev_id="4154053" t="молодая"><v><l id="162846" t="молодой"><g v="ADJF"></g><g v="Qual"></g><g v="femn"></g><g v="sing"></g><g v="nomn"></g></l></v></tfr></token><token id="611277" text="мать"><tfr rev_id="3537982" t="мать"><v><l id="156447" t="мать"><g v="NOUN"></g><g v="anim"></g><g v="femn"></g><g v="sing"></g><g v="nomn"></g></l></v></tfr></token><token id="611278" text="Амина"><tfr rev_id="4216626" t="Амина"><v><l id="0" t="Амина"><g v="UNKN"></g></l></v></tfr></token><token id="611279" text="Лаваль"><tfr rev_id="1443700" t="Лаваль"><v><l id="0" t="лаваль"><g v="UNKN"></g></l></v></tfr></token><token id="611280" text="."><tfr rev_id="1443701" t="."><v><l id="0" t="."><g v="PNCT"></g></l></v></tfr></token></tokens></sentence><sentence id="34146"><source>Этот приговор вызвал протесты во всём мире.</source><tokens><token id="611281" text="Этот"><tfr rev_id="4432090" t="Этот"><v><l id="386581" t="этот"><g v="ADJF"></g><g v="Subx"></g><g v="Apro"></g><g v="Anph"></g><g v="masc"></g><g v="sing"></g><g v="nomn"></g></l></v><v><l id="386581" t="этот"><g v="ADJF"></g><g v="Subx"></g><g v="Apro"></g><g v="Anph"></g><g v="inan"></g><g v="masc"></g><g v="sing"></g><g v="accs"></g></l></v></tfr></token><token id="611282" text="приговор"><tfr rev_id="1443703" t="приговор"><v><l id="269843" t="приговор"><g v="NOUN"></g><g v="inan"></g><g v="masc"></g><g v="sing"></g><g v="nomn"></g></l></v><v><l id="269843" t="приговор"><g v="NOUN"></g><g v="inan"></g><g v="masc"></g><g v="sing"></g><g v="accs"></g></l></v></tfr></token><token id="611283" text="вызвал"><tfr rev_id="1443704" t="вызвал"><v><l id="57525" t="вызвал"><g v="VERB"></g><g v="perf"></g><g v="tran"></g><g v="masc"></g><g v="sing"></g><g v="past"></g><g v="indc"></g></l></v></tfr></token><token id="611284" text="протесты"><tfr rev_id="3757406" t="протесты"><v><l id="285757" t="протест"><g v="NOUN"></g><g v="inan"></g><g v="masc"></g><g v="plur"></g><g v="accs"></g></l></v></tfr></token><token id="611285" text="во"><tfr rev_id="2920243" t="во"><v><l id="37409" t="в"><g v="PREP"></g><g v="Vpre"></g></l></v></tfr></token><token id="611286" text="всём"><tfr rev_id="4573289" t="всём"><v><l id="42156" t="весь"><g v="ADJF"></g><g v="Subx"></g><g v="Apro"></g><g v="masc"></g><g v="sing"></g><g v="loct"></g></l></v></tfr></token><token id="611287" text="мире"><tfr rev_id="3717442" t="мире"><v><l id="160807" t="мир"><g v="NOUN"></g><g v="inan"></g><g v="masc"></g><g v="sing"></g><g v="loc1"></g></l></v></tfr></token><token id="611288" text="."><tfr rev_id="1443709" t="."><v><l id="0" t="."><g v="PNCT"></g></l></v></tfr></token></tokens></sentence><sentence id="34147"><source>Позже Лаваль была освобождена от наказания.</source><tokens><token id="611289" text="Позже"><tfr rev_id="1443710" t="Позже"><v><l id="253491" t="позднее"><g v="COMP"></g><g v="Qual"></g></l></v></tfr></token><token id="611290" text="Лаваль"><tfr rev_id="1443711" t="Лаваль"><v><l id="0" t="лаваль"><g v="UNKN"></g></l></v></tfr></token><token id="611291" text="была"><tfr rev_id="1443712" t="была"><v><l id="37265" t="есть"><g v="VERB"></g><g v="impf"></g><g v="intr"></g><g v="femn"></g><g v="sing"></g><g v="past"></g><g v="indc"></g></l></v></tfr></token><token id="611292" text="освобождена"><tfr rev_id="1443713" t="освобождена"><v><l id="209699" t="освобождён"><g v="PRTS"></g><g v="perf"></g><g v="past"></g><g v="pssv"></g><g v="femn"></g><g v="sing"></g></l></v></tfr></token><token id="611293" text="от"><tfr rev_id="1443714" t="от"><v><l id="211644" t="от"><g v="PREP"></g></l></v></tfr></token><token id="611294" text="наказания"><tfr rev_id="3471600" t="наказания"><v><l id="170649" t="наказание"><g v="NOUN"></g><g v="inan"></g><g v="neut"></g><g v="sing"></g><g v="gent"></g></l></v></tfr></token><token id="611295" text="."><tfr rev_id="1443716" t="."><v><l id="0" t="."><g v="PNCT"></g></l></v></tfr></token></tokens></sentence></paragraph></paragraphs></text>