<?xml version="1.0" encoding="utf-8"?><text id="1170" parent="226" name="Из коридора — no pasaran"><tags><tag>url:http://www.chaskor.ru/news/iz_koridora_-_no_pasaran</tag><tag>Год:2008</tag><tag>Дата:26/11</tag><tag>Тема:ЧасКор:Экономика</tag><tag>Тема:ЧасКор:Экономика/Экономика</tag></tags><paragraphs><paragraph id="11024"><sentence id="34572"><source>Из коридора — no pasaran</source><tokens><token id="617653" text="Из"><tfr rev_id="2602920" t="Из"><v><l id="117677" t="из"><g v="PREP"></g></l></v></tfr></token><token id="617654" text="коридора"><tfr rev_id="1449901" t="коридора"><v><l id="139616" t="коридор"><g v="NOUN"></g><g v="inan"></g><g v="masc"></g><g v="sing"></g><g v="gent"></g></l></v></tfr></token><token id="617655" text="—"><tfr rev_id="2444194" t="—"><v><l id="0" t="—"><g v="PNCT"></g></l></v></tfr></token><token id="617656" text="no"><tfr rev_id="2474820" t="no"><v><l id="0" t="no"><g v="LATN"></g></l></v></tfr></token><token id="617657" text="pasaran"><tfr rev_id="2474821" t="pasaran"><v><l id="0" t="pasaran"><g v="LATN"></g></l></v></tfr></token></tokens></sentence><sentence id="34573"><source>Уго Чавес призвал сделать нефтяные цены «справедливыми».</source><tokens><token id="617658" text="Уго"><tfr rev_id="3509126" t="Уго"><v><l id="354245" t="уго"><g v="NOUN"></g><g v="anim"></g><g v="masc"></g><g v="Sgtm"></g><g v="Fixd"></g><g v="Name"></g><g v="sing"></g><g v="nomn"></g></l></v></tfr></token><token id="617659" text="Чавес"><tfr rev_id="2559678" t="Чавес"><v><l id="388630" t="чавес"><g v="NOUN"></g><g v="anim"></g><g v="masc"></g><g v="Sgtm"></g><g v="Surn"></g><g v="sing"></g><g v="nomn"></g></l></v></tfr></token><token id="617660" text="призвал"><tfr rev_id="1449907" t="призвал"><v><l id="270564" t="призвал"><g v="VERB"></g><g v="perf"></g><g v="tran"></g><g v="masc"></g><g v="sing"></g><g v="past"></g><g v="indc"></g></l></v></tfr></token><token id="617661" text="сделать"><tfr rev_id="1449908" t="сделать"><v><l id="317247" t="сделать"><g v="INFN"></g><g v="perf"></g><g v="tran"></g></l></v></tfr></token><token id="617662" text="нефтяные"><tfr rev_id="3794397" t="нефтяные"><v><l id="189860" t="нефтяной"><g v="ADJF"></g><g v="inan"></g><g v="plur"></g><g v="accs"></g></l></v></tfr></token><token id="617663" text="цены"><tfr rev_id="3807598" t="цены"><v><l id="373297" t="цена"><g v="NOUN"></g><g v="inan"></g><g v="femn"></g><g v="plur"></g><g v="accs"></g></l></v></tfr></token><token id="617664" text="«"><tfr rev_id="2444195" t="«"><v><l id="0" t="«"><g v="PNCT"></g></l></v></tfr></token><token id="617665" text="справедливыми"><tfr rev_id="1449912" t="справедливыми"><v><l id="332889" t="справедливый"><g v="ADJF"></g><g v="Qual"></g><g v="plur"></g><g v="ablt"></g></l></v></tfr></token><token id="617666" text="»"><tfr rev_id="2444196" t="»"><v><l id="0" t="»"><g v="PNCT"></g></l></v></tfr></token><token id="617667" text="."><tfr rev_id="1449914" t="."><v><l id="0" t="."><g v="PNCT"></g></l></v></tfr></token></tokens></sentence></paragraph><paragraph id="11025"><sentence id="34574"><source>Президент Венесуэлы Уго Чавес призвал Организацию стран — экспортеров нефти (ОПЕК) вернуться к системе установления коридора цен на нефть, чтобы гарантировать стабильность на мировых рынках, сообщает newsru.com со ссылкой на «Интерфакс».</source><tokens><token id="617668" text="Президент"><tfr rev_id="1449915" t="Президент"><v><l id="267449" t="президент"><g v="NOUN"></g><g v="anim"></g><g v="masc"></g><g v="sing"></g><g v="nomn"></g></l></v></tfr></token><token id="617669" text="Венесуэлы"><tfr rev_id="1449916" t="Венесуэлы"><v><l id="40957" t="венесуэла"><g v="NOUN"></g><g v="inan"></g><g v="femn"></g><g v="Sgtm"></g><g v="Geox"></g><g v="sing"></g><g v="gent"></g></l></v></tfr></token><token id="617670" text="Уго"><tfr rev_id="3491258" t="Уго"><v><l id="354245" t="уго"><g v="NOUN"></g><g v="anim"></g><g v="masc"></g><g v="Sgtm"></g><g v="Fixd"></g><g v="Name"></g><g v="sing"></g><g v="nomn"></g></l></v></tfr></token><token id="617671" text="Чавес"><tfr rev_id="2559679" t="Чавес"><v><l id="388630" t="чавес"><g v="NOUN"></g><g v="anim"></g><g v="masc"></g><g v="Sgtm"></g><g v="Surn"></g><g v="sing"></g><g v="nomn"></g></l></v></tfr></token><token id="617672" text="призвал"><tfr rev_id="1449919" t="призвал"><v><l id="270564" t="призвал"><g v="VERB"></g><g v="perf"></g><g v="tran"></g><g v="masc"></g><g v="sing"></g><g v="past"></g><g v="indc"></g></l></v></tfr></token><token id="617673" text="Организацию"><tfr rev_id="1449920" t="Организацию"><v><l id="208750" t="организация"><g v="NOUN"></g><g v="inan"></g><g v="femn"></g><g v="sing"></g><g v="accs"></g></l></v></tfr></token><token id="617674" text="стран"><tfr rev_id="1449921" t="стран"><v><l id="337100" t="страна"><g v="NOUN"></g><g v="inan"></g><g v="femn"></g><g v="plur"></g><g v="gent"></g></l></v></tfr></token><token id="617675" text="—"><tfr rev_id="2444197" t="—"><v><l id="0" t="—"><g v="PNCT"></g></l></v></tfr></token><token id="617676" text="экспортеров"><tfr rev_id="3310123" t="экспортеров"><v><l id="383688" t="экспортёр"><g v="NOUN"></g><g v="anim"></g><g v="masc"></g><g v="plur"></g><g v="gent"></g></l></v></tfr></token><token id="617677" text="нефти"><tfr rev_id="3491082" t="нефти"><v><l id="189857" t="нефть"><g v="NOUN"></g><g v="inan"></g><g v="femn"></g><g v="sing"></g><g v="gent"></g></l></v><v><l id="189857" t="нефть"><g v="NOUN"></g><g v="inan"></g><g v="femn"></g><g v="sing"></g><g v="datv"></g></l></v><v><l id="189857" t="нефть"><g v="NOUN"></g><g v="inan"></g><g v="femn"></g><g v="sing"></g><g v="loct"></g></l></v></tfr></token><token id="617678" text="("><tfr rev_id="1449925" t="("><v><l id="0" t="("><g v="PNCT"></g></l></v></tfr></token><token id="617679" text="ОПЕК"><tfr rev_id="4571981" t="ОПЕК"><v><l id="206904" t="опек"><g v="NOUN"></g><g v="inan"></g><g v="femn"></g><g v="Sgtm"></g><g v="Fixd"></g><g v="Abbr"></g><g v="Orgn"></g><g v="sing"></g><g v="accs"></g></l></v></tfr></token><token id="617680" text=")"><tfr rev_id="1449927" t=")"><v><l id="0" t=")"><g v="PNCT"></g></l></v></tfr></token><token id="617681" text="вернуться"><tfr rev_id="1449928" t="вернуться"><v><l id="41484" t="вернуться"><g v="INFN"></g><g v="perf"></g><g v="intr"></g></l></v></tfr></token><token id="617682" text="к"><tfr rev_id="1449929" t="к"><v><l id="127460" t="к"><g v="PREP"></g></l></v></tfr></token><token id="617683" text="системе"><tfr rev_id="3556293" t="системе"><v><l id="321350" t="система"><g v="NOUN"></g><g v="inan"></g><g v="femn"></g><g v="sing"></g><g v="datv"></g></l></v></tfr></token><token id="617684" text="установления"><tfr rev_id="3434567" t="установления"><v><l id="360992" t="установление"><g v="NOUN"></g><g v="inan"></g><g v="neut"></g><g v="sing"></g><g v="gent"></g></l></v></tfr></token><token id="617685" text="коридора"><tfr rev_id="1449932" t="коридора"><v><l id="139616" t="коридор"><g v="NOUN"></g><g v="inan"></g><g v="masc"></g><g v="sing"></g><g v="gent"></g></l></v></tfr></token><token id="617686" text="цен"><tfr rev_id="1449933" t="цен"><v><l id="373297" t="цена"><g v="NOUN"></g><g v="inan"></g><g v="femn"></g><g v="plur"></g><g v="gent"></g></l></v></tfr></token><token id="617687" text="на"><tfr rev_id="3396025" t="на"><v><l id="166264" t="на"><g v="PREP"></g></l></v></tfr></token><token id="617688" text="нефть"><tfr rev_id="4105655" t="нефть"><v><l id="189857" t="нефть"><g v="NOUN"></g><g v="inan"></g><g v="femn"></g><g v="sing"></g><g v="accs"></g></l></v></tfr></token><token id="617689" text=","><tfr rev_id="1449936" t=","><v><l id="0" t=","><g v="PNCT"></g></l></v></tfr></token><token id="617690" text="чтобы"><tfr rev_id="1449937" t="чтобы"><v><l id="377013" t="чтобы"><g v="CONJ"></g></l></v><v><l id="377014" t="чтобы"><g v="PRCL"></g></l></v></tfr></token><token id="617691" text="гарантировать"><tfr rev_id="1449938" t="гарантировать"><v><l id="67212" t="гарантировать"><g v="INFN"></g><g v="perf"></g><g v="tran"></g></l></v><v><l id="67213" t="гарантировать"><g v="INFN"></g><g v="impf"></g><g v="tran"></g></l></v></tfr></token><token id="617692" text="стабильность"><tfr rev_id="3272655" t="стабильность"><v><l id="334296" t="стабильность"><g v="NOUN"></g><g v="inan"></g><g v="femn"></g><g v="sing"></g><g v="accs"></g></l></v></tfr></token><token id="617693" text="на"><tfr rev_id="3342114" t="на"><v><l id="166264" t="на"><g v="PREP"></g></l></v></tfr></token><token id="617694" text="мировых"><tfr rev_id="4390401" t="мировых"><v><l id="160894" t="мировой"><g v="ADJF"></g><g v="plur"></g><g v="loct"></g></l></v></tfr></token><token id="617695" text="рынках"><tfr rev_id="1449942" t="рынках"><v><l id="310781" t="рынок"><g v="NOUN"></g><g v="inan"></g><g v="masc"></g><g v="plur"></g><g v="loct"></g></l></v></tfr></token><token id="617696" text=","><tfr rev_id="1449943" t=","><v><l id="0" t=","><g v="PNCT"></g></l></v></tfr></token><token id="617697" text="сообщает"><tfr rev_id="1449944" t="сообщает"><v><l id="329538" t="сообщаю"><g v="VERB"></g><g v="impf"></g><g v="tran"></g><g v="sing"></g><g v="3per"></g><g v="pres"></g><g v="indc"></g></l></v></tfr></token><token id="617698" text="newsru.com"><tfr rev_id="2474822" t="newsru.com"><v><l id="0" t="newsru.com"><g v="LATN"></g></l></v></tfr></token><token id="617699" text="со"><tfr rev_id="2919210" t="со"><v><l id="311151" t="с"><g v="PREP"></g><g v="Vpre"></g></l></v></tfr></token><token id="617700" text="ссылкой"><tfr rev_id="4155311" t="ссылкой"><v><l id="334180" t="ссылка"><g v="NOUN"></g><g v="inan"></g><g v="femn"></g><g v="sing"></g><g v="ablt"></g></l></v></tfr></token><token id="617701" text="на"><tfr rev_id="3335198" t="на"><v><l id="166264" t="на"><g v="PREP"></g></l></v></tfr></token><token id="617702" text="«"><tfr rev_id="2444198" t="«"><v><l id="0" t="«"><g v="PNCT"></g></l></v></tfr></token><token id="617703" text="Интерфакс"><tfr rev_id="4506123" t="Интерфакс"><v><l id="123339" t="интерфакс"><g v="NOUN"></g><g v="inan"></g><g v="masc"></g><g v="Orgn"></g><g v="sing"></g><g v="nomn"></g></l></v><v><l id="123339" t="интерфакс"><g v="NOUN"></g><g v="inan"></g><g v="masc"></g><g v="Orgn"></g><g v="sing"></g><g v="accs"></g></l></v></tfr></token><token id="617704" text="»"><tfr rev_id="2444199" t="»"><v><l id="0" t="»"><g v="PNCT"></g></l></v></tfr></token><token id="617705" text="."><tfr rev_id="1449952" t="."><v><l id="0" t="."><g v="PNCT"></g></l></v></tfr></token></tokens></sentence></paragraph><paragraph id="11026"><sentence id="34575"><source>Венесуэла считает справедливой ценой нефти 80—100 долларов за баррель, отметил Чавес.</source><tokens><token id="617706" text="Венесуэла"><tfr rev_id="1449953" t="Венесуэла"><v><l id="40957" t="венесуэла"><g v="NOUN"></g><g v="inan"></g><g v="femn"></g><g v="Sgtm"></g><g v="Geox"></g><g v="sing"></g><g v="nomn"></g></l></v></tfr></token><token id="617707" text="считает"><tfr rev_id="1449954" t="считает"><v><l id="341320" t="считаю"><g v="VERB"></g><g v="impf"></g><g v="tran"></g><g v="sing"></g><g v="3per"></g><g v="pres"></g><g v="indc"></g></l></v><v><l id="341329" t="считал"><g v="VERB"></g><g v="perf"></g><g v="tran"></g><g v="sing"></g><g v="3per"></g><g v="futr"></g><g v="indc"></g></l></v></tfr></token><token id="617708" text="справедливой"><tfr rev_id="4161816" t="справедливой"><v><l id="332889" t="справедливый"><g v="ADJF"></g><g v="Qual"></g><g v="femn"></g><g v="sing"></g><g v="ablt"></g></l></v></tfr></token><token id="617709" text="ценой"><tfr rev_id="1449956" t="ценой"><v><l id="373297" t="цена"><g v="NOUN"></g><g v="inan"></g><g v="femn"></g><g v="sing"></g><g v="ablt"></g></l></v></tfr></token><token id="617710" text="нефти"><tfr rev_id="3498769" t="нефти"><v><l id="189857" t="нефть"><g v="NOUN"></g><g v="inan"></g><g v="femn"></g><g v="sing"></g><g v="gent"></g></l></v><v><l id="189857" t="нефть"><g v="NOUN"></g><g v="inan"></g><g v="femn"></g><g v="sing"></g><g v="datv"></g></l></v><v><l id="189857" t="нефть"><g v="NOUN"></g><g v="inan"></g><g v="femn"></g><g v="sing"></g><g v="loct"></g></l></v></tfr></token><token id="617711" text="80"><tfr rev_id="2461880" t="80"><v><l id="0" t="80"><g v="NUMB"></g></l></v></tfr></token><token id="617712" text="—"><tfr rev_id="2444200" t="—"><v><l id="0" t="—"><g v="PNCT"></g></l></v></tfr></token><token id="617713" text="100"><tfr rev_id="2461881" t="100"><v><l id="0" t="100"><g v="NUMB"></g></l></v></tfr></token><token id="617714" text="долларов"><tfr rev_id="3450891" t="долларов"><v><l id="88047" t="доллар"><g v="NOUN"></g><g v="inan"></g><g v="masc"></g><g v="plur"></g><g v="gent"></g></l></v></tfr></token><token id="617715" text="за"><tfr rev_id="1449962" t="за"><v><l id="98043" t="за"><g v="PREP"></g></l></v></tfr></token><token id="617716" text="баррель"><tfr rev_id="4106906" t="баррель"><v><l id="24084" t="баррель"><g v="NOUN"></g><g v="inan"></g><g v="masc"></g><g v="sing"></g><g v="accs"></g></l></v></tfr></token><token id="617717" text=","><tfr rev_id="1449964" t=","><v><l id="0" t=","><g v="PNCT"></g></l></v></tfr></token><token id="617718" text="отметил"><tfr rev_id="1449965" t="отметил"><v><l id="215584" t="отметил"><g v="VERB"></g><g v="perf"></g><g v="tran"></g><g v="masc"></g><g v="sing"></g><g v="past"></g><g v="indc"></g></l></v></tfr></token><token id="617719" text="Чавес"><tfr rev_id="2559680" t="Чавес"><v><l id="388630" t="чавес"><g v="NOUN"></g><g v="anim"></g><g v="masc"></g><g v="Sgtm"></g><g v="Surn"></g><g v="sing"></g><g v="nomn"></g></l></v></tfr></token><token id="617720" text="."><tfr rev_id="1449967" t="."><v><l id="0" t="."><g v="PNCT"></g></l></v></tfr></token></tokens></sentence><sentence id="34576"><source>В конце 90-х ОПЕК устанавливала ценовой коридор, чтобы удержать стоимость нефти в пределах от 22 до 29 долларов за баррель.</source><tokens><token id="617721" text="В"><tfr rev_id="1449968" t="В"><v><l id="37409" t="в"><g v="PREP"></g></l></v></tfr></token><token id="617722" text="конце"><tfr rev_id="1449969" t="конце"><v><l id="137815" t="конец"><g v="NOUN"></g><g v="inan"></g><g v="masc"></g><g v="sing"></g><g v="loct"></g></l></v></tfr></token><token id="617723" text="90-х"><tfr rev_id="4578823" t="90-х"><v><l id="393249" t="90-й"><g v="ADJF"></g><g v="Abbr"></g><g v="Anum"></g><g v="anim"></g><g v="plur"></g><g v="accs"></g></l></v><v><l id="393249" t="90-й"><g v="ADJF"></g><g v="Abbr"></g><g v="Anum"></g><g v="plur"></g><g v="gent"></g></l></v><v><l id="393249" t="90-й"><g v="ADJF"></g><g v="Abbr"></g><g v="Anum"></g><g v="plur"></g><g v="loct"></g></l></v></tfr></token><token id="617724" text="ОПЕК"><tfr rev_id="4573800" t="ОПЕК"><v><l id="206904" t="опек"><g v="NOUN"></g><g v="inan"></g><g v="femn"></g><g v="Sgtm"></g><g v="Fixd"></g><g v="Abbr"></g><g v="Orgn"></g><g v="sing"></g><g v="nomn"></g></l></v></tfr></token><token id="617725" text="устанавливала"><tfr rev_id="1449972" t="устанавливала"><v><l id="360967" t="устанавливаю"><g v="VERB"></g><g v="impf"></g><g v="tran"></g><g v="femn"></g><g v="sing"></g><g v="past"></g><g v="indc"></g></l></v></tfr></token><token id="617726" text="ценовой"><tfr rev_id="2635542" t="ценовой"><v><l id="373351" t="ценовой"><g v="ADJF"></g><g v="masc"></g><g v="sing"></g><g v="nomn"></g></l></v><v><l id="373351" t="ценовой"><g v="ADJF"></g><g v="inan"></g><g v="masc"></g><g v="sing"></g><g v="accs"></g></l></v></tfr></token><token id="617727" text="коридор"><tfr rev_id="1449974" t="коридор"><v><l id="139616" t="коридор"><g v="NOUN"></g><g v="inan"></g><g v="masc"></g><g v="sing"></g><g v="nomn"></g></l></v><v><l id="139616" t="коридор"><g v="NOUN"></g><g v="inan"></g><g v="masc"></g><g v="sing"></g><g v="accs"></g></l></v></tfr></token><token id="617728" text=","><tfr rev_id="1449975" t=","><v><l id="0" t=","><g v="PNCT"></g></l></v></tfr></token><token id="617729" text="чтобы"><tfr rev_id="1449976" t="чтобы"><v><l id="377013" t="чтобы"><g v="CONJ"></g></l></v><v><l id="377014" t="чтобы"><g v="PRCL"></g></l></v></tfr></token><token id="617730" text="удержать"><tfr rev_id="1449977" t="удержать"><v><l id="354829" t="удержать"><g v="INFN"></g><g v="perf"></g><g v="tran"></g></l></v></tfr></token><token id="617731" text="стоимость"><tfr rev_id="1449978" t="стоимость"><v><l id="336463" t="стоимость"><g v="NOUN"></g><g v="inan"></g><g v="femn"></g><g v="sing"></g><g v="nomn"></g></l></v><v><l id="336463" t="стоимость"><g v="NOUN"></g><g v="inan"></g><g v="femn"></g><g v="sing"></g><g v="accs"></g></l></v></tfr></token><token id="617732" text="нефти"><tfr rev_id="4238846" t="нефти"><v><l id="189857" t="нефть"><g v="NOUN"></g><g v="inan"></g><g v="femn"></g><g v="sing"></g><g v="gent"></g></l></v></tfr></token><token id="617733" text="в"><tfr rev_id="1449980" t="в"><v><l id="37409" t="в"><g v="PREP"></g></l></v></tfr></token><token id="617734" text="пределах"><tfr rev_id="1449981" t="пределах"><v><l id="266447" t="предел"><g v="NOUN"></g><g v="inan"></g><g v="masc"></g><g v="plur"></g><g v="loct"></g></l></v></tfr></token><token id="617735" text="от"><tfr rev_id="1449982" t="от"><v><l id="211644" t="от"><g v="PREP"></g></l></v></tfr></token><token id="617736" text="22"><tfr rev_id="2461882" t="22"><v><l id="0" t="22"><g v="NUMB"></g></l></v></tfr></token><token id="617737" text="до"><tfr rev_id="1449984" t="до"><v><l id="85153" t="до"><g v="PREP"></g></l></v></tfr></token><token id="617738" text="29"><tfr rev_id="2461883" t="29"><v><l id="0" t="29"><g v="NUMB"></g></l></v></tfr></token><token id="617739" text="долларов"><tfr rev_id="2700657" t="долларов"><v><l id="88047" t="доллар"><g v="NOUN"></g><g v="inan"></g><g v="masc"></g><g v="plur"></g><g v="gent"></g></l></v></tfr></token><token id="617740" text="за"><tfr rev_id="1449987" t="за"><v><l id="98043" t="за"><g v="PREP"></g></l></v></tfr></token><token id="617741" text="баррель"><tfr rev_id="4209634" t="баррель"><v><l id="24084" t="баррель"><g v="NOUN"></g><g v="inan"></g><g v="masc"></g><g v="sing"></g><g v="accs"></g></l></v></tfr></token><token id="617742" text="."><tfr rev_id="1449989" t="."><v><l id="0" t="."><g v="PNCT"></g></l></v></tfr></token></tokens></sentence></paragraph><paragraph id="11027"><sentence id="34577"><source>Госбюджет Венесуэлы на 2009 год основан на цене нефти 60 долларов за баррель.</source><tokens><token id="617743" text="Госбюджет"><tfr rev_id="1449990" t="Госбюджет"><v><l id="73911" t="госбюджет"><g v="NOUN"></g><g v="inan"></g><g v="masc"></g><g v="sing"></g><g v="nomn"></g></l></v><v><l id="73911" t="госбюджет"><g v="NOUN"></g><g v="inan"></g><g v="masc"></g><g v="sing"></g><g v="accs"></g></l></v></tfr></token><token id="617744" text="Венесуэлы"><tfr rev_id="1449991" t="Венесуэлы"><v><l id="40957" t="венесуэла"><g v="NOUN"></g><g v="inan"></g><g v="femn"></g><g v="Sgtm"></g><g v="Geox"></g><g v="sing"></g><g v="gent"></g></l></v></tfr></token><token id="617745" text="на"><tfr rev_id="3339016" t="на"><v><l id="166264" t="на"><g v="PREP"></g></l></v></tfr></token><token id="617746" text="2009"><tfr rev_id="2461884" t="2009"><v><l id="0" t="2009"><g v="NUMB"></g></l></v></tfr></token><token id="617747" text="год"><tfr rev_id="1449994" t="год"><v><l id="72149" t="год"><g v="NOUN"></g><g v="inan"></g><g v="masc"></g><g v="sing"></g><g v="nomn"></g></l></v><v><l id="72149" t="год"><g v="NOUN"></g><g v="inan"></g><g v="masc"></g><g v="sing"></g><g v="accs"></g></l></v></tfr></token><token id="617748" text="основан"><tfr rev_id="1449995" t="основан"><v><l id="210588" t="основан"><g v="PRTS"></g><g v="perf"></g><g v="past"></g><g v="pssv"></g><g v="masc"></g><g v="sing"></g></l></v></tfr></token><token id="617749" text="на"><tfr rev_id="3394909" t="на"><v><l id="166264" t="на"><g v="PREP"></g></l></v></tfr></token><token id="617750" text="цене"><tfr rev_id="2931098" t="цене"><v><l id="373297" t="цена"><g v="NOUN"></g><g v="inan"></g><g v="femn"></g><g v="sing"></g><g v="loct"></g></l></v></tfr></token><token id="617751" text="нефти"><tfr rev_id="3556633" t="нефти"><v><l id="189857" t="нефть"><g v="NOUN"></g><g v="inan"></g><g v="femn"></g><g v="sing"></g><g v="gent"></g></l></v></tfr></token><token id="617752" text="60"><tfr rev_id="2461885" t="60"><v><l id="0" t="60"><g v="NUMB"></g></l></v></tfr></token><token id="617753" text="долларов"><tfr rev_id="2700658" t="долларов"><v><l id="88047" t="доллар"><g v="NOUN"></g><g v="inan"></g><g v="masc"></g><g v="plur"></g><g v="gent"></g></l></v></tfr></token><token id="617754" text="за"><tfr rev_id="1450001" t="за"><v><l id="98043" t="за"><g v="PREP"></g></l></v></tfr></token><token id="617755" text="баррель"><tfr rev_id="3531377" t="баррель"><v><l id="24084" t="баррель"><g v="NOUN"></g><g v="inan"></g><g v="masc"></g><g v="sing"></g><g v="accs"></g></l></v></tfr></token><token id="617756" text="."><tfr rev_id="1450003" t="."><v><l id="0" t="."><g v="PNCT"></g></l></v></tfr></token></tokens></sentence><sentence id="34578"><source>Стране хватит ресурсов и воли выдержать следующий год с ценами на уровне прошлого десятилетия, однако дальнейшее снижение стоимости нефти приведет к сокращению инвестиций в нефтегазовую отрасль, что негативно отразится на будущих объемах добычи, заявил президент Венесуэлы.</source><tokens><token id="617757" text="Стране"><tfr rev_id="3447318" t="Стране"><v><l id="337100" t="страна"><g v="NOUN"></g><g v="inan"></g><g v="femn"></g><g v="sing"></g><g v="datv"></g></l></v></tfr></token><token id="617758" text="хватит"><tfr rev_id="1450005" t="хватит"><v><l id="369822" t="хватил"><g v="VERB"></g><g v="perf"></g><g v="tran"></g><g v="sing"></g><g v="3per"></g><g v="futr"></g><g v="indc"></g></l></v><v><l id="369826" t="хватит"><g v="VERB"></g><g v="perf"></g><g v="intr"></g><g v="Impe"></g><g v="sing"></g><g v="futr"></g><g v="indc"></g></l></v></tfr></token><token id="617759" text="ресурсов"><tfr rev_id="1450006" t="ресурсов"><v><l id="306872" t="ресурс"><g v="NOUN"></g><g v="inan"></g><g v="masc"></g><g v="plur"></g><g v="gent"></g></l></v></tfr></token><token id="617760" text="и"><tfr rev_id="1450007" t="и"><v><l id="116949" t="и"><g v="CONJ"></g></l></v><v><l id="116950" t="и"><g v="INTJ"></g></l></v></tfr></token><token id="617761" text="воли"><tfr rev_id="3457528" t="воли"><v><l id="50646" t="воля"><g v="NOUN"></g><g v="inan"></g><g v="femn"></g><g v="sing"></g><g v="gent"></g></l></v></tfr></token><token id="617762" text="выдержать"><tfr rev_id="1450009" t="выдержать"><v><l id="57075" t="выдержать"><g v="INFN"></g><g v="perf"></g><g v="tran"></g></l></v></tfr></token><token id="617763" text="следующий"><tfr rev_id="1450010" t="следующий"><v><l id="324749" t="следующий"><g v="PRTF"></g><g v="impf"></g><g v="intr"></g><g v="pres"></g><g v="actv"></g><g v="masc"></g><g v="sing"></g><g v="nomn"></g></l></v><v><l id="324749" t="следующий"><g v="PRTF"></g><g v="impf"></g><g v="intr"></g><g v="pres"></g><g v="actv"></g><g v="inan"></g><g v="masc"></g><g v="sing"></g><g v="accs"></g></l></v><v><l id="324769" t="следующий"><g v="ADJF"></g><g v="masc"></g><g v="sing"></g><g v="nomn"></g></l></v><v><l id="324769" t="следующий"><g v="ADJF"></g><g v="inan"></g><g v="masc"></g><g v="sing"></g><g v="accs"></g></l></v></tfr></token><token id="617764" text="год"><tfr rev_id="1450011" t="год"><v><l id="72149" t="год"><g v="NOUN"></g><g v="inan"></g><g v="masc"></g><g v="sing"></g><g v="nomn"></g></l></v><v><l id="72149" t="год"><g v="NOUN"></g><g v="inan"></g><g v="masc"></g><g v="sing"></g><g v="accs"></g></l></v></tfr></token><token id="617765" text="с"><tfr rev_id="1450012" t="с"><v><l id="311151" t="с"><g v="PREP"></g></l></v></tfr></token><token id="617766" text="ценами"><tfr rev_id="1450013" t="ценами"><v><l id="373297" t="цена"><g v="NOUN"></g><g v="inan"></g><g v="femn"></g><g v="plur"></g><g v="ablt"></g></l></v></tfr></token><token id="617767" text="на"><tfr rev_id="3345353" t="на"><v><l id="166264" t="на"><g v="PREP"></g></l></v></tfr></token><token id="617768" text="уровне"><tfr rev_id="1450015" t="уровне"><v><l id="359953" t="уровень"><g v="NOUN"></g><g v="inan"></g><g v="masc"></g><g v="sing"></g><g v="loct"></g></l></v></tfr></token><token id="617769" text="прошлого"><tfr rev_id="4297454" t="прошлого"><v><l id="287715" t="прошлый"><g v="ADJF"></g><g v="neut"></g><g v="sing"></g><g v="gent"></g></l></v></tfr></token><token id="617770" text="десятилетия"><tfr rev_id="3469993" t="десятилетия"><v><l id="82084" t="десятилетие"><g v="NOUN"></g><g v="inan"></g><g v="neut"></g><g v="sing"></g><g v="gent"></g></l></v></tfr></token><token id="617771" text=","><tfr rev_id="1450018" t=","><v><l id="0" t=","><g v="PNCT"></g></l></v></tfr></token><token id="617772" text="однако"><tfr rev_id="2624542" t="однако"><v><l id="203386" t="однако"><g v="INTJ"></g></l></v><v><l id="203387" t="однако"><g v="CONJ"></g><g v="Prnt"></g></l></v></tfr></token><token id="617773" text="дальнейшее"><tfr rev_id="1450020" t="дальнейшее"><v><l id="77996" t="дальнейший"><g v="ADJF"></g><g v="neut"></g><g v="sing"></g><g v="nomn"></g></l></v><v><l id="77996" t="дальнейший"><g v="ADJF"></g><g v="neut"></g><g v="sing"></g><g v="accs"></g></l></v></tfr></token><token id="617774" text="снижение"><tfr rev_id="1450021" t="снижение"><v><l id="327355" t="снижение"><g v="NOUN"></g><g v="inan"></g><g v="neut"></g><g v="sing"></g><g v="nomn"></g></l></v><v><l id="327355" t="снижение"><g v="NOUN"></g><g v="inan"></g><g v="neut"></g><g v="sing"></g><g v="accs"></g></l></v></tfr></token><token id="617775" text="стоимости"><tfr rev_id="4178093" t="стоимости"><v><l id="336463" t="стоимость"><g v="NOUN"></g><g v="inan"></g><g v="femn"></g><g v="sing"></g><g v="gent"></g></l></v></tfr></token><token id="617776" text="нефти"><tfr rev_id="3557545" t="нефти"><v><l id="189857" t="нефть"><g v="NOUN"></g><g v="inan"></g><g v="femn"></g><g v="sing"></g><g v="gent"></g></l></v></tfr></token><token id="617777" text="приведет"><tfr rev_id="1450024" t="приведет"><v><l id="269205" t="привёл"><g v="VERB"></g><g v="perf"></g><g v="tran"></g><g v="sing"></g><g v="3per"></g><g v="futr"></g><g v="indc"></g></l></v></tfr></token><token id="617778" text="к"><tfr rev_id="1450025" t="к"><v><l id="127460" t="к"><g v="PREP"></g></l></v></tfr></token><token id="617779" text="сокращению"><tfr rev_id="1450026" t="сокращению"><v><l id="328844" t="сокращение"><g v="NOUN"></g><g v="inan"></g><g v="neut"></g><g v="sing"></g><g v="datv"></g></l></v></tfr></token><token id="617780" text="инвестиций"><tfr rev_id="1450027" t="инвестиций"><v><l id="122089" t="инвестиция"><g v="NOUN"></g><g v="inan"></g><g v="femn"></g><g v="plur"></g><g v="gent"></g></l></v></tfr></token><token id="617781" text="в"><tfr rev_id="1450028" t="в"><v><l id="37409" t="в"><g v="PREP"></g></l></v></tfr></token><token id="617782" text="нефтегазовую"><tfr rev_id="1450029" t="нефтегазовую"><v><l id="189735" t="нефтегазовый"><g v="ADJF"></g><g v="femn"></g><g v="sing"></g><g v="accs"></g></l></v></tfr></token><token id="617783" text="отрасль"><tfr rev_id="1450030" t="отрасль"><v><l id="217330" t="отрасль"><g v="NOUN"></g><g v="inan"></g><g v="femn"></g><g v="sing"></g><g v="nomn"></g></l></v><v><l id="217330" t="отрасль"><g v="NOUN"></g><g v="inan"></g><g v="femn"></g><g v="sing"></g><g v="accs"></g></l></v></tfr></token><token id="617784" text=","><tfr rev_id="1450031" t=","><v><l id="0" t=","><g v="PNCT"></g></l></v></tfr></token><token id="617785" text="что"><tfr rev_id="3196955" t="что"><v><l id="377004" t="что"><g v="CONJ"></g></l></v><v><l id="377005" t="что"><g v="NPRO"></g><g v="neut"></g><g v="sing"></g><g v="nomn"></g></l></v><v><l id="377005" t="что"><g v="NPRO"></g><g v="neut"></g><g v="sing"></g><g v="accs"></g></l></v><v><l id="377006" t="что"><g v="ADVB"></g><g v="Ques"></g></l></v><v><l id="388695" t="что"><g v="PRCL"></g></l></v></tfr></token><token id="617786" text="негативно"><tfr rev_id="1450033" t="негативно"><v><l id="180349" t="негативно"><g v="ADVB"></g></l></v><v><l id="180351" t="негативен"><g v="ADJS"></g><g v="Qual"></g><g v="neut"></g><g v="sing"></g></l></v></tfr></token><token id="617787" text="отразится"><tfr rev_id="1450034" t="отразится"><v><l id="217316" t="отразился"><g v="VERB"></g><g v="perf"></g><g v="intr"></g><g v="sing"></g><g v="3per"></g><g v="futr"></g><g v="indc"></g></l></v></tfr></token><token id="617788" text="на"><tfr rev_id="3334660" t="на"><v><l id="166264" t="на"><g v="PREP"></g></l></v></tfr></token><token id="617789" text="будущих"><tfr rev_id="4390450" t="будущих"><v><l id="35164" t="будущий"><g v="ADJF"></g><g v="plur"></g><g v="loct"></g></l></v></tfr></token><token id="617790" text="объемах"><tfr rev_id="1450037" t="объемах"><v><l id="201701" t="объём"><g v="NOUN"></g><g v="inan"></g><g v="masc"></g><g v="plur"></g><g v="loct"></g></l></v></tfr></token><token id="617791" text="добычи"><tfr rev_id="3439556" t="добычи"><v><l id="85611" t="добыча"><g v="NOUN"></g><g v="inan"></g><g v="femn"></g><g v="sing"></g><g v="gent"></g></l></v></tfr></token><token id="617792" text=","><tfr rev_id="1450039" t=","><v><l id="0" t=","><g v="PNCT"></g></l></v></tfr></token><token id="617793" text="заявил"><tfr rev_id="1450040" t="заявил"><v><l id="114300" t="заявил"><g v="VERB"></g><g v="perf"></g><g v="tran"></g><g v="masc"></g><g v="sing"></g><g v="past"></g><g v="indc"></g></l></v></tfr></token><token id="617794" text="президент"><tfr rev_id="1450041" t="президент"><v><l id="267449" t="президент"><g v="NOUN"></g><g v="anim"></g><g v="masc"></g><g v="sing"></g><g v="nomn"></g></l></v></tfr></token><token id="617795" text="Венесуэлы"><tfr rev_id="1450042" t="Венесуэлы"><v><l id="40957" t="венесуэла"><g v="NOUN"></g><g v="inan"></g><g v="femn"></g><g v="Sgtm"></g><g v="Geox"></g><g v="sing"></g><g v="gent"></g></l></v></tfr></token><token id="617796" text="."><tfr rev_id="1450043" t="."><v><l id="0" t="."><g v="PNCT"></g></l></v></tfr></token></tokens></sentence></paragraph><paragraph id="11028"><sentence id="34579"><source>Цена фьючерсного контракта на нефть марки WTI на январь в электронной системе Нью-Йоркской товарной биржи (NYMEX) во вторник утром снизилась на 0,94 доллара относительно уровня закрытия торгов 24 ноября и составляет 53,56 доллара за баррель.</source><tokens><token id="617797" text="Цена"><tfr rev_id="1450044" t="Цена"><v><l id="373297" t="цена"><g v="NOUN"></g><g v="inan"></g><g v="femn"></g><g v="sing"></g><g v="nomn"></g></l></v></tfr></token><token id="617798" text="фьючерсного"><tfr rev_id="4205246" t="фьючерсного"><v><l id="368865" t="фьючерсный"><g v="ADJF"></g><g v="masc"></g><g v="sing"></g><g v="gent"></g></l></v><v><l id="368865" t="фьючерсный"><g v="ADJF"></g><g v="anim"></g><g v="masc"></g><g v="sing"></g><g v="accs"></g></l></v></tfr></token><token id="617799" text="контракта"><tfr rev_id="1450046" t="контракта"><v><l id="138412" t="контракт"><g v="NOUN"></g><g v="inan"></g><g v="masc"></g><g v="sing"></g><g v="gent"></g></l></v></tfr></token><token id="617800" text="на"><tfr rev_id="3343844" t="на"><v><l id="166264" t="на"><g v="PREP"></g></l></v></tfr></token><token id="617801" text="нефть"><tfr rev_id="4106939" t="нефть"><v><l id="189857" t="нефть"><g v="NOUN"></g><g v="inan"></g><g v="femn"></g><g v="sing"></g><g v="accs"></g></l></v></tfr></token><token id="617802" text="марки"><tfr rev_id="3543199" t="марки"><v><l id="155271" t="марка"><g v="NOUN"></g><g v="inan"></g><g v="femn"></g><g v="sing"></g><g v="gent"></g></l></v></tfr></token><token id="617803" text="WTI"><tfr rev_id="2474823" t="WTI"><v><l id="0" t="WTI"><g v="LATN"></g></l></v></tfr></token><token id="617804" text="на"><tfr rev_id="3341132" t="на"><v><l id="166264" t="на"><g v="PREP"></g></l></v></tfr></token><token id="617805" text="январь"><tfr rev_id="4103335" t="январь"><v><l id="387905" t="январь"><g v="NOUN"></g><g v="inan"></g><g v="masc"></g><g v="sing"></g><g v="accs"></g></l></v></tfr></token><token id="617806" text="в"><tfr rev_id="1450053" t="в"><v><l id="37409" t="в"><g v="PREP"></g></l></v></tfr></token><token id="617807" text="электронной"><tfr rev_id="3862061" t="электронной"><v><l id="384368" t="электронный"><g v="ADJF"></g><g v="femn"></g><g v="sing"></g><g v="loct"></g></l></v></tfr></token><token id="617808" text="системе"><tfr rev_id="3550078" t="системе"><v><l id="321350" t="система"><g v="NOUN"></g><g v="inan"></g><g v="femn"></g><g v="sing"></g><g v="loct"></g></l></v></tfr></token><token id="617809" text="Нью-Йоркской"><tfr rev_id="3824052" t="Нью-Йоркской"><v><l id="192834" t="нью-йоркский"><g v="ADJF"></g><g v="femn"></g><g v="sing"></g><g v="gent"></g></l></v></tfr></token><token id="617810" text="товарной"><tfr rev_id="3692093" t="товарной"><v><l id="346879" t="товарный"><g v="ADJF"></g><g v="Qual"></g><g v="femn"></g><g v="sing"></g><g v="gent"></g></l></v></tfr></token><token id="617811" text="биржи"><tfr rev_id="3490086" t="биржи"><v><l id="29955" t="биржа"><g v="NOUN"></g><g v="inan"></g><g v="femn"></g><g v="sing"></g><g v="gent"></g></l></v></tfr></token><token id="617812" text="("><tfr rev_id="1450059" t="("><v><l id="0" t="("><g v="PNCT"></g></l></v></tfr></token><token id="617813" text="NYMEX"><tfr rev_id="2474824" t="NYMEX"><v><l id="0" t="NYMEX"><g v="LATN"></g></l></v></tfr></token><token id="617814" text=")"><tfr rev_id="1450061" t=")"><v><l id="0" t=")"><g v="PNCT"></g></l></v></tfr></token><token id="617815" text="во"><tfr rev_id="2920252" t="во"><v><l id="37409" t="в"><g v="PREP"></g><g v="Vpre"></g></l></v></tfr></token><token id="617816" text="вторник"><tfr rev_id="1450063" t="вторник"><v><l id="55031" t="вторник"><g v="NOUN"></g><g v="inan"></g><g v="masc"></g><g v="sing"></g><g v="nomn"></g></l></v><v><l id="55031" t="вторник"><g v="NOUN"></g><g v="inan"></g><g v="masc"></g><g v="sing"></g><g v="accs"></g></l></v></tfr></token><token id="617817" text="утром"><tfr rev_id="4150645" t="утром"><v><l id="362492" t="утром"><g v="ADVB"></g></l></v></tfr></token><token id="617818" text="снизилась"><tfr rev_id="1450065" t="снизилась"><v><l id="327368" t="снизился"><g v="VERB"></g><g v="perf"></g><g v="intr"></g><g v="femn"></g><g v="sing"></g><g v="past"></g><g v="indc"></g></l></v></tfr></token><token id="617819" text="на"><tfr rev_id="3343592" t="на"><v><l id="166264" t="на"><g v="PREP"></g></l></v></tfr></token><token id="617820" text="0,94"><tfr rev_id="2461886" t="0,94"><v><l id="0" t="0,94"><g v="NUMB"></g></l></v></tfr></token><token id="617822" text="доллара"><tfr rev_id="1450068" t="доллара"><v><l id="88047" t="доллар"><g v="NOUN"></g><g v="inan"></g><g v="masc"></g><g v="sing"></g><g v="gent"></g></l></v></tfr></token><token id="617823" text="относительно"><tfr rev_id="4404955" t="относительно"><v><l id="215910" t="относительно"><g v="PREP"></g></l></v></tfr></token><token id="617824" text="уровня"><tfr rev_id="1450070" t="уровня"><v><l id="359953" t="уровень"><g v="NOUN"></g><g v="inan"></g><g v="masc"></g><g v="sing"></g><g v="gent"></g></l></v></tfr></token><token id="617825" text="закрытия"><tfr rev_id="2628435" t="закрытия"><v><l id="104242" t="закрытие"><g v="NOUN"></g><g v="inan"></g><g v="neut"></g><g v="sing"></g><g v="gent"></g></l></v></tfr></token><token id="617826" text="торгов"><tfr rev_id="3705573" t="торгов"><v><l id="348008" t="торг"><g v="NOUN"></g><g v="inan"></g><g v="masc"></g><g v="plur"></g><g v="gent"></g></l></v></tfr></token><token id="617827" text="24"><tfr rev_id="2461887" t="24"><v><l id="0" t="24"><g v="NUMB"></g></l></v></tfr></token><token id="617828" text="ноября"><tfr rev_id="1450074" t="ноября"><v><l id="192482" t="ноябрь"><g v="NOUN"></g><g v="inan"></g><g v="masc"></g><g v="sing"></g><g v="gent"></g></l></v></tfr></token><token id="617829" text="и"><tfr rev_id="1450075" t="и"><v><l id="116949" t="и"><g v="CONJ"></g></l></v><v><l id="116950" t="и"><g v="INTJ"></g></l></v></tfr></token><token id="617830" text="составляет"><tfr rev_id="1450076" t="составляет"><v><l id="330494" t="составляю"><g v="VERB"></g><g v="impf"></g><g v="tran"></g><g v="sing"></g><g v="3per"></g><g v="pres"></g><g v="indc"></g></l></v></tfr></token><token id="617831" text="53,56"><tfr rev_id="2461888" t="53,56"><v><l id="0" t="53,56"><g v="NUMB"></g></l></v></tfr></token><token id="617832" text="доллара"><tfr rev_id="1450078" t="доллара"><v><l id="88047" t="доллар"><g v="NOUN"></g><g v="inan"></g><g v="masc"></g><g v="sing"></g><g v="gent"></g></l></v></tfr></token><token id="617833" text="за"><tfr rev_id="1450079" t="за"><v><l id="98043" t="за"><g v="PREP"></g></l></v></tfr></token><token id="617834" text="баррель"><tfr rev_id="4083422" t="баррель"><v><l id="24084" t="баррель"><g v="NOUN"></g><g v="inan"></g><g v="masc"></g><g v="sing"></g><g v="accs"></g></l></v></tfr></token><token id="617835" text="."><tfr rev_id="1450081" t="."><v><l id="0" t="."><g v="PNCT"></g></l></v></tfr></token></tokens></sentence></paragraph><paragraph id="11029"><sentence id="34580"><source>Напомним, 24 октября ОПЕК приняла решение о сокращении добычи нефти на 1,5 млн баррелей в сутки — впервые почти за два года, однако это не смогло сдержать дальнейшего падения цены нефти.</source><tokens><token id="617836" text="Напомним"><tfr rev_id="1450082" t="Напомним"><v><l id="173892" t="напомнил"><g v="VERB"></g><g v="perf"></g><g v="tran"></g><g v="plur"></g><g v="1per"></g><g v="futr"></g><g v="indc"></g></l></v><v><l id="173892" t="напомнил"><g v="VERB"></g><g v="perf"></g><g v="tran"></g><g v="sing"></g><g v="impr"></g><g v="incl"></g></l></v></tfr></token><token id="617837" text=","><tfr rev_id="1450083" t=","><v><l id="0" t=","><g v="PNCT"></g></l></v></tfr></token><token id="617838" text="24"><tfr rev_id="2461889" t="24"><v><l id="0" t="24"><g v="NUMB"></g></l></v></tfr></token><token id="617839" text="октября"><tfr rev_id="1450085" t="октября"><v><l id="205725" t="октябрь"><g v="NOUN"></g><g v="inan"></g><g v="masc"></g><g v="sing"></g><g v="gent"></g></l></v></tfr></token><token id="617840" text="ОПЕК"><tfr rev_id="4573681" t="ОПЕК"><v><l id="206904" t="опек"><g v="NOUN"></g><g v="inan"></g><g v="femn"></g><g v="Sgtm"></g><g v="Fixd"></g><g v="Abbr"></g><g v="Orgn"></g><g v="sing"></g><g v="nomn"></g></l></v></tfr></token><token id="617841" text="приняла"><tfr rev_id="1450087" t="приняла"><v><l id="272700" t="принял"><g v="VERB"></g><g v="perf"></g><g v="tran"></g><g v="femn"></g><g v="sing"></g><g v="past"></g><g v="indc"></g></l></v></tfr></token><token id="617842" text="решение"><tfr rev_id="1450088" t="решение"><v><l id="307350" t="решение"><g v="NOUN"></g><g v="inan"></g><g v="neut"></g><g v="sing"></g><g v="nomn"></g></l></v><v><l id="307350" t="решение"><g v="NOUN"></g><g v="inan"></g><g v="neut"></g><g v="sing"></g><g v="accs"></g></l></v></tfr></token><token id="617843" text="о"><tfr rev_id="3328059" t="о"><v><l id="192977" t="о"><g v="PREP"></g></l></v></tfr></token><token id="617844" text="сокращении"><tfr rev_id="1450090" t="сокращении"><v><l id="328844" t="сокращение"><g v="NOUN"></g><g v="inan"></g><g v="neut"></g><g v="sing"></g><g v="loct"></g></l></v></tfr></token><token id="617845" text="добычи"><tfr rev_id="3452401" t="добычи"><v><l id="85611" t="добыча"><g v="NOUN"></g><g v="inan"></g><g v="femn"></g><g v="sing"></g><g v="gent"></g></l></v></tfr></token><token id="617846" text="нефти"><tfr rev_id="3494157" t="нефти"><v><l id="189857" t="нефть"><g v="NOUN"></g><g v="inan"></g><g v="femn"></g><g v="sing"></g><g v="gent"></g></l></v><v><l id="189857" t="нефть"><g v="NOUN"></g><g v="inan"></g><g v="femn"></g><g v="sing"></g><g v="datv"></g></l></v><v><l id="189857" t="нефть"><g v="NOUN"></g><g v="inan"></g><g v="femn"></g><g v="sing"></g><g v="loct"></g></l></v></tfr></token><token id="617847" text="на"><tfr rev_id="3334596" t="на"><v><l id="166264" t="на"><g v="PREP"></g></l></v></tfr></token><token id="617848" text="1,5"><tfr rev_id="2461890" t="1,5"><v><l id="0" t="1,5"><g v="NUMB"></g></l></v></tfr></token><token id="617849" text="млн"><tfr rev_id="4161501" t="млн"><v><l id="389040" t="млн"><g v="NOUN"></g><g v="inan"></g><g v="masc"></g><g v="Fixd"></g><g v="Abbr"></g><g v="sing"></g><g v="gent"></g></l></v></tfr></token><token id="617850" text="баррелей"><tfr rev_id="1450096" t="баррелей"><v><l id="24084" t="баррель"><g v="NOUN"></g><g v="inan"></g><g v="masc"></g><g v="plur"></g><g v="gent"></g></l></v></tfr></token><token id="617851" text="в"><tfr rev_id="1450097" t="в"><v><l id="37409" t="в"><g v="PREP"></g></l></v></tfr></token><token id="617852" text="сутки"><tfr rev_id="3716333" t="сутки"><v><l id="340123" t="сутки"><g v="NOUN"></g><g v="inan"></g><g v="GNdr"></g><g v="Pltm"></g><g v="plur"></g><g v="accs"></g></l></v></tfr></token><token id="617853" text="—"><tfr rev_id="2444201" t="—"><v><l id="0" t="—"><g v="PNCT"></g></l></v></tfr></token><token id="617854" text="впервые"><tfr rev_id="1450100" t="впервые"><v><l id="52345" t="впервые"><g v="ADVB"></g></l></v></tfr></token><token id="617855" text="почти"><tfr rev_id="2691482" t="почти"><v><l id="264793" t="почёл"><g v="VERB"></g><g v="perf"></g><g v="tran"></g><g v="sing"></g><g v="impr"></g><g v="excl"></g></l></v><v><l id="265002" t="почти"><g v="ADVB"></g></l></v><v><l id="265008" t="почтил"><g v="VERB"></g><g v="perf"></g><g v="tran"></g><g v="sing"></g><g v="impr"></g><g v="excl"></g></l></v><v><l id="388672" t="почти"><g v="PRCL"></g></l></v></tfr></token><token id="617856" text="за"><tfr rev_id="1450102" t="за"><v><l id="98043" t="за"><g v="PREP"></g></l></v></tfr></token><token id="617857" text="два"><tfr rev_id="4450426" t="два"><v><l id="78668" t="два"><g v="NUMR"></g><g v="masc"></g><g v="nomn"></g></l></v><v><l id="78668" t="два"><g v="NUMR"></g><g v="inan"></g><g v="masc"></g><g v="accs"></g></l></v><v><l id="78668" t="два"><g v="NUMR"></g><g v="neut"></g><g v="nomn"></g></l></v><v><l id="78668" t="два"><g v="NUMR"></g><g v="inan"></g><g v="neut"></g><g v="accs"></g></l></v></tfr></token><token id="617858" text="года"><tfr rev_id="3490629" t="года"><v><l id="72149" t="год"><g v="NOUN"></g><g v="inan"></g><g v="masc"></g><g v="sing"></g><g v="gen1"></g></l></v></tfr></token><token id="617859" text=","><tfr rev_id="1450105" t=","><v><l id="0" t=","><g v="PNCT"></g></l></v></tfr></token><token id="617860" text="однако"><tfr rev_id="2624543" t="однако"><v><l id="203386" t="однако"><g v="INTJ"></g></l></v><v><l id="203387" t="однако"><g v="CONJ"></g><g v="Prnt"></g></l></v></tfr></token><token id="617861" text="это"><tfr rev_id="4441581" t="это"><v><l id="386574" t="это"><g v="PRCL"></g></l></v><v><l id="386575" t="это"><g v="NPRO"></g><g v="neut"></g><g v="sing"></g><g v="nomn"></g></l></v><v><l id="386575" t="это"><g v="NPRO"></g><g v="neut"></g><g v="sing"></g><g v="accs"></g></l></v><v><l id="386581" t="этот"><g v="ADJF"></g><g v="Subx"></g><g v="Apro"></g><g v="Anph"></g><g v="neut"></g><g v="sing"></g><g v="nomn"></g></l></v><v><l id="386581" t="этот"><g v="ADJF"></g><g v="Subx"></g><g v="Apro"></g><g v="Anph"></g><g v="neut"></g><g v="sing"></g><g v="accs"></g></l></v></tfr></token><token id="617862" text="не"><tfr rev_id="1450108" t="не"><v><l id="178876" t="не"><g v="PRCL"></g></l></v></tfr></token><token id="617863" text="смогло"><tfr rev_id="1450109" t="смогло"><v><l id="326830" t="смог"><g v="VERB"></g><g v="perf"></g><g v="intr"></g><g v="neut"></g><g v="sing"></g><g v="past"></g><g v="indc"></g></l></v></tfr></token><token id="617864" text="сдержать"><tfr rev_id="1450110" t="сдержать"><v><l id="317276" t="сдержать"><g v="INFN"></g><g v="perf"></g><g v="tran"></g></l></v></tfr></token><token id="617865" text="дальнейшего"><tfr rev_id="3673681" t="дальнейшего"><v><l id="77996" t="дальнейший"><g v="ADJF"></g><g v="neut"></g><g v="sing"></g><g v="gent"></g></l></v></tfr></token><token id="617866" text="падения"><tfr rev_id="3489963" t="падения"><v><l id="222518" t="падение"><g v="NOUN"></g><g v="inan"></g><g v="neut"></g><g v="sing"></g><g v="gent"></g></l></v></tfr></token><token id="617867" text="цены"><tfr rev_id="3483776" t="цены"><v><l id="373297" t="цена"><g v="NOUN"></g><g v="inan"></g><g v="femn"></g><g v="sing"></g><g v="gent"></g></l></v></tfr></token><token id="617868" text="нефти"><tfr rev_id="4313996" t="нефти"><v><l id="189857" t="нефть"><g v="NOUN"></g><g v="inan"></g><g v="femn"></g><g v="sing"></g><g v="gent"></g></l></v></tfr></token><token id="617869" text="."><tfr rev_id="1450115" t="."><v><l id="0" t="."><g v="PNCT"></g></l></v></tfr></token></tokens></sentence></paragraph><paragraph id="11030"><sentence id="34581"><source>Следующее заседание ОПЕК состоится в Каире 29 ноября, затем 17 декабря в Алжире.</source><tokens><token id="617870" text="Следующее"><tfr rev_id="3810322" t="Следующее"><v><l id="324749" t="следующий"><g v="PRTF"></g><g v="impf"></g><g v="intr"></g><g v="pres"></g><g v="actv"></g><g v="neut"></g><g v="sing"></g><g v="nomn"></g></l></v><v><l id="324749" t="следующий"><g v="PRTF"></g><g v="impf"></g><g v="intr"></g><g v="pres"></g><g v="actv"></g><g v="neut"></g><g v="sing"></g><g v="accs"></g></l></v><v><l id="324769" t="следующий"><g v="ADJF"></g><g v="neut"></g><g v="sing"></g><g v="nomn"></g></l></v><v><l id="324769" t="следующий"><g v="ADJF"></g><g v="neut"></g><g v="sing"></g><g v="accs"></g></l></v></tfr></token><token id="617871" text="заседание"><tfr rev_id="1450117" t="заседание"><v><l id="109402" t="заседание"><g v="NOUN"></g><g v="inan"></g><g v="neut"></g><g v="sing"></g><g v="nomn"></g></l></v><v><l id="109402" t="заседание"><g v="NOUN"></g><g v="inan"></g><g v="neut"></g><g v="sing"></g><g v="accs"></g></l></v></tfr></token><token id="617872" text="ОПЕК"><tfr rev_id="4573908" t="ОПЕК"><v><l id="206904" t="опек"><g v="NOUN"></g><g v="inan"></g><g v="femn"></g><g v="Sgtm"></g><g v="Fixd"></g><g v="Abbr"></g><g v="Orgn"></g><g v="sing"></g><g v="gent"></g></l></v></tfr></token><token id="617873" text="состоится"><tfr rev_id="1450119" t="состоится"><v><l id="330568" t="состоялся"><g v="VERB"></g><g v="perf"></g><g v="intr"></g><g v="sing"></g><g v="3per"></g><g v="futr"></g><g v="indc"></g></l></v></tfr></token><token id="617874" text="в"><tfr rev_id="1450120" t="в"><v><l id="37409" t="в"><g v="PREP"></g></l></v></tfr></token><token id="617875" text="Каире"><tfr rev_id="1450121" t="Каире"><v><l id="128103" t="каир"><g v="NOUN"></g><g v="inan"></g><g v="masc"></g><g v="Geox"></g><g v="sing"></g><g v="loct"></g></l></v></tfr></token><token id="617876" text="29"><tfr rev_id="2461891" t="29"><v><l id="0" t="29"><g v="NUMB"></g></l></v></tfr></token><token id="617877" text="ноября"><tfr rev_id="1450123" t="ноября"><v><l id="192482" t="ноябрь"><g v="NOUN"></g><g v="inan"></g><g v="masc"></g><g v="sing"></g><g v="gent"></g></l></v></tfr></token><token id="617878" text=","><tfr rev_id="1450124" t=","><v><l id="0" t=","><g v="PNCT"></g></l></v></tfr></token><token id="617879" text="затем"><tfr rev_id="1450125" t="затем"><v><l id="111250" t="затем"><g v="ADVB"></g><g v="Dmns"></g></l></v></tfr></token><token id="617880" text="17"><tfr rev_id="2461892" t="17"><v><l id="0" t="17"><g v="NUMB"></g></l></v></tfr></token><token id="617881" text="декабря"><tfr rev_id="1450127" t="декабря"><v><l id="80133" t="декабрь"><g v="NOUN"></g><g v="inan"></g><g v="masc"></g><g v="sing"></g><g v="gent"></g></l></v></tfr></token><token id="617882" text="в"><tfr rev_id="1450128" t="в"><v><l id="37409" t="в"><g v="PREP"></g></l></v></tfr></token><token id="617883" text="Алжире"><tfr rev_id="1450129" t="Алжире"><v><l id="8876" t="алжир"><g v="NOUN"></g><g v="inan"></g><g v="masc"></g><g v="Geox"></g><g v="sing"></g><g v="loct"></g></l></v></tfr></token><token id="617884" text="."><tfr rev_id="1450130" t="."><v><l id="0" t="."><g v="PNCT"></g></l></v></tfr></token></tokens></sentence><sentence id="34582"><source>На заседаниях может быть принято решение о дальнейшем снижении объемов добычи.</source><tokens><token id="617885" text="На"><tfr rev_id="3334895" t="На"><v><l id="166264" t="на"><g v="PREP"></g></l></v></tfr></token><token id="617886" text="заседаниях"><tfr rev_id="1450132" t="заседаниях"><v><l id="109402" t="заседание"><g v="NOUN"></g><g v="inan"></g><g v="neut"></g><g v="plur"></g><g v="loct"></g></l></v></tfr></token><token id="617887" text="может"><tfr rev_id="3797224" t="может"><v><l id="164485" t="могу"><g v="VERB"></g><g v="impf"></g><g v="intr"></g><g v="sing"></g><g v="3per"></g><g v="pres"></g><g v="indc"></g></l></v></tfr></token><token id="617888" text="быть"><tfr rev_id="1450134" t="быть"><v><l id="37266" t="быть"><g v="INFN"></g><g v="impf"></g><g v="intr"></g></l></v></tfr></token><token id="617889" text="принято"><tfr rev_id="1450135" t="принято"><v><l id="272699" t="принят"><g v="ADJS"></g><g v="neut"></g><g v="sing"></g></l></v><v><l id="272704" t="принят"><g v="PRTS"></g><g v="perf"></g><g v="past"></g><g v="pssv"></g><g v="neut"></g><g v="sing"></g></l></v></tfr></token><token id="617890" text="решение"><tfr rev_id="3230414" t="решение"><v><l id="307350" t="решение"><g v="NOUN"></g><g v="inan"></g><g v="neut"></g><g v="sing"></g><g v="nomn"></g></l></v></tfr></token><token id="617891" text="о"><tfr rev_id="3332329" t="о"><v><l id="192977" t="о"><g v="PREP"></g></l></v></tfr></token><token id="617892" text="дальнейшем"><tfr rev_id="4103391" t="дальнейшем"><v><l id="77996" t="дальнейший"><g v="ADJF"></g><g v="neut"></g><g v="sing"></g><g v="loct"></g></l></v></tfr></token><token id="617893" text="снижении"><tfr rev_id="1450139" t="снижении"><v><l id="327355" t="снижение"><g v="NOUN"></g><g v="inan"></g><g v="neut"></g><g v="sing"></g><g v="loct"></g></l></v></tfr></token><token id="617894" text="объемов"><tfr rev_id="1450140" t="объемов"><v><l id="201701" t="объём"><g v="NOUN"></g><g v="inan"></g><g v="masc"></g><g v="plur"></g><g v="gent"></g></l></v></tfr></token><token id="617895" text="добычи"><tfr rev_id="2761358" t="добычи"><v><l id="85611" t="добыча"><g v="NOUN"></g><g v="inan"></g><g v="femn"></g><g v="sing"></g><g v="gent"></g></l></v></tfr></token><token id="617896" text="."><tfr rev_id="1450142" t="."><v><l id="0" t="."><g v="PNCT"></g></l></v></tfr></token></tokens></sentence></paragraph><paragraph id="11031"><sentence id="34583"><source>В расчеты федерального бюджета России на 2009 год заложена цена нефти на уровне 78 долларов за баррель, а в прогноз – 95 (читайте об этом на нашем сайте в статье «Бюджетный оптимизм»).</source><tokens><token id="617897" text="В"><tfr rev_id="1450143" t="В"><v><l id="37409" t="в"><g v="PREP"></g></l></v></tfr></token><token id="617898" text="расчеты"><tfr rev_id="3728100" t="расчеты"><v><l id="303277" t="расчёт"><g v="NOUN"></g><g v="inan"></g><g v="masc"></g><g v="plur"></g><g v="accs"></g></l></v></tfr></token><token id="617899" text="федерального"><tfr rev_id="3477394" t="федерального"><v><l id="364933" t="федеральный"><g v="ADJF"></g><g v="masc"></g><g v="sing"></g><g v="gent"></g></l></v><v><l id="364933" t="федеральный"><g v="ADJF"></g><g v="anim"></g><g v="masc"></g><g v="sing"></g><g v="accs"></g></l></v></tfr></token><token id="617900" text="бюджета"><tfr rev_id="1450146" t="бюджета"><v><l id="37326" t="бюджет"><g v="NOUN"></g><g v="inan"></g><g v="masc"></g><g v="sing"></g><g v="gent"></g></l></v></tfr></token><token id="617901" text="России"><tfr rev_id="2602187" t="России"><v><l id="309322" t="россия"><g v="NOUN"></g><g v="inan"></g><g v="femn"></g><g v="Sgtm"></g><g v="Geox"></g><g v="sing"></g><g v="gent"></g></l></v></tfr></token><token id="617902" text="на"><tfr rev_id="3337575" t="на"><v><l id="166264" t="на"><g v="PREP"></g></l></v></tfr></token><token id="617903" text="2009"><tfr rev_id="2461893" t="2009"><v><l id="0" t="2009"><g v="NUMB"></g></l></v></tfr></token><token id="617904" text="год"><tfr rev_id="3949346" t="год"><v><l id="72149" t="год"><g v="NOUN"></g><g v="inan"></g><g v="masc"></g><g v="sing"></g><g v="accs"></g></l></v></tfr></token><token id="617905" text="заложена"><tfr rev_id="1450151" t="заложена"><v><l id="104848" t="заложен"><g v="PRTS"></g><g v="perf"></g><g v="past"></g><g v="pssv"></g><g v="femn"></g><g v="sing"></g></l></v></tfr></token><token id="617906" text="цена"><tfr rev_id="1450152" t="цена"><v><l id="373297" t="цена"><g v="NOUN"></g><g v="inan"></g><g v="femn"></g><g v="sing"></g><g v="nomn"></g></l></v></tfr></token><token id="617907" text="нефти"><tfr rev_id="4179511" t="нефти"><v><l id="189857" t="нефть"><g v="NOUN"></g><g v="inan"></g><g v="femn"></g><g v="sing"></g><g v="gent"></g></l></v></tfr></token><token id="617908" text="на"><tfr rev_id="3345707" t="на"><v><l id="166264" t="на"><g v="PREP"></g></l></v></tfr></token><token id="617909" text="уровне"><tfr rev_id="1450155" t="уровне"><v><l id="359953" t="уровень"><g v="NOUN"></g><g v="inan"></g><g v="masc"></g><g v="sing"></g><g v="loct"></g></l></v></tfr></token><token id="617910" text="78"><tfr rev_id="2461894" t="78"><v><l id="0" t="78"><g v="NUMB"></g></l></v></tfr></token><token id="617911" text="долларов"><tfr rev_id="2700659" t="долларов"><v><l id="88047" t="доллар"><g v="NOUN"></g><g v="inan"></g><g v="masc"></g><g v="plur"></g><g v="gent"></g></l></v></tfr></token><token id="617912" text="за"><tfr rev_id="1450158" t="за"><v><l id="98043" t="за"><g v="PREP"></g></l></v></tfr></token><token id="617913" text="баррель"><tfr rev_id="3465882" t="баррель"><v><l id="24084" t="баррель"><g v="NOUN"></g><g v="inan"></g><g v="masc"></g><g v="sing"></g><g v="accs"></g></l></v></tfr></token><token id="617914" text=","><tfr rev_id="1450160" t=","><v><l id="0" t=","><g v="PNCT"></g></l></v></tfr></token><token id="617915" text="а"><tfr rev_id="1450161" t="а"><v><l id="51" t="а"><g v="CONJ"></g></l></v><v><l id="52" t="а"><g v="INTJ"></g></l></v><v><l id="53" t="а"><g v="PRCL"></g></l></v></tfr></token><token id="617916" text="в"><tfr rev_id="1450162" t="в"><v><l id="37409" t="в"><g v="PREP"></g></l></v></tfr></token><token id="617917" text="прогноз"><tfr rev_id="3710577" t="прогноз"><v><l id="278534" t="прогноз"><g v="NOUN"></g><g v="inan"></g><g v="masc"></g><g v="sing"></g><g v="accs"></g></l></v></tfr></token><token id="617918" text="–"><tfr rev_id="2444202" t="–"><v><l id="0" t="–"><g v="PNCT"></g></l></v></tfr></token><token id="617919" text="95"><tfr rev_id="2461895" t="95"><v><l id="0" t="95"><g v="NUMB"></g></l></v></tfr></token><token id="617920" text="("><tfr rev_id="1450166" t="("><v><l id="0" t="("><g v="PNCT"></g></l></v></tfr></token><token id="617921" text="читайте"><tfr rev_id="1450167" t="читайте"><v><l id="376719" t="читаю"><g v="VERB"></g><g v="impf"></g><g v="tran"></g><g v="plur"></g><g v="impr"></g><g v="excl"></g></l></v></tfr></token><token id="617922" text="об"><tfr rev_id="2921233" t="об"><v><l id="192977" t="о"><g v="PREP"></g><g v="Vpre"></g></l></v></tfr></token><token id="617923" text="этом"><tfr rev_id="4472501" t="этом"><v><l id="386575" t="это"><g v="NPRO"></g><g v="neut"></g><g v="sing"></g><g v="loct"></g></l></v></tfr></token><token id="617924" text="на"><tfr rev_id="3340871" t="на"><v><l id="166264" t="на"><g v="PREP"></g></l></v></tfr></token><token id="617925" text="нашем"><tfr rev_id="3431121" t="нашем"><v><l id="178492" t="наш"><g v="ADJF"></g><g v="Apro"></g><g v="masc"></g><g v="sing"></g><g v="loct"></g></l></v></tfr></token><token id="617926" text="сайте"><tfr rev_id="1450172" t="сайте"><v><l id="311674" t="сайт"><g v="NOUN"></g><g v="inan"></g><g v="masc"></g><g v="sing"></g><g v="loct"></g></l></v></tfr></token><token id="617927" text="в"><tfr rev_id="1450173" t="в"><v><l id="37409" t="в"><g v="PREP"></g></l></v></tfr></token><token id="617928" text="статье"><tfr rev_id="3551209" t="статье"><v><l id="335173" t="статья"><g v="NOUN"></g><g v="inan"></g><g v="femn"></g><g v="sing"></g><g v="loct"></g></l></v></tfr></token><token id="617929" text="«"><tfr rev_id="2444203" t="«"><v><l id="0" t="«"><g v="PNCT"></g></l></v></tfr></token><token id="617930" text="Бюджетный"><tfr rev_id="4159903" t="Бюджетный"><v><l id="37329" t="бюджетный"><g v="ADJF"></g><g v="Qual"></g><g v="masc"></g><g v="sing"></g><g v="nomn"></g></l></v></tfr></token><token id="617931" text="оптимизм"><tfr rev_id="4100681" t="оптимизм"><v><l id="208313" t="оптимизм"><g v="NOUN"></g><g v="inan"></g><g v="masc"></g><g v="sing"></g><g v="nomn"></g></l></v></tfr></token><token id="617932" text="»"><tfr rev_id="2444204" t="»"><v><l id="0" t="»"><g v="PNCT"></g></l></v></tfr></token><token id="617933" text=")"><tfr rev_id="1450179" t=")"><v><l id="0" t=")"><g v="PNCT"></g></l></v></tfr></token><token id="617934" text="."><tfr rev_id="1450180" t="."><v><l id="0" t="."><g v="PNCT"></g></l></v></tfr></token></tokens></sentence></paragraph></paragraphs></text>