<?xml version="1.0" encoding="utf-8"?><text id="1175" parent="226" name="18106 Арнольд Шварценеггер верит в успех Сколково"><tags><tag>url:http://www.chaskor.ru/news/arnold_shvartsenegger_verit_v_uspeh_skolkovo_18106</tag><tag>Дата:22/06</tag><tag>Год:2010</tag><tag>Тема:ЧасКор:Экономика</tag><tag>Тема:ЧасКор:Экономика/Сколково</tag></tags><paragraphs><paragraph id="11050"><sentence id="34638"><source>Арнольд Шварценеггер верит в успех Сколково</source><tokens><token id="618838" text="Арнольд"><tfr rev_id="1451084" t="Арнольд"><v><l id="17002" t="арнольд"><g v="NOUN"></g><g v="anim"></g><g v="masc"></g><g v="Name"></g><g v="sing"></g><g v="nomn"></g></l></v></tfr></token><token id="618839" text="Шварценеггер"><tfr rev_id="4503121" t="Шварценеггер"><v><l id="390829" t="шварценеггер"><g v="NOUN"></g><g v="anim"></g><g v="masc"></g><g v="Sgtm"></g><g v="Surn"></g><g v="sing"></g><g v="nomn"></g></l></v></tfr></token><token id="618840" text="верит"><tfr rev_id="1451086" t="верит"><v><l id="41405" t="верю"><g v="VERB"></g><g v="impf"></g><g v="intr"></g><g v="sing"></g><g v="3per"></g><g v="pres"></g><g v="indc"></g></l></v></tfr></token><token id="618841" text="в"><tfr rev_id="1451087" t="в"><v><l id="37409" t="в"><g v="PREP"></g></l></v></tfr></token><token id="618842" text="успех"><tfr rev_id="4108116" t="успех"><v><l id="360840" t="успех"><g v="NOUN"></g><g v="inan"></g><g v="masc"></g><g v="sing"></g><g v="accs"></g></l></v></tfr></token><token id="618843" text="Сколково"><tfr rev_id="4303669" t="Сколково"><v><l id="388903" t="сколково"><g v="NOUN"></g><g v="inan"></g><g v="neut"></g><g v="Sgtm"></g><g v="Geox"></g><g v="sing"></g><g v="gent"></g><g v="Infr"></g></l></v></tfr></token></tokens></sentence><sentence id="34639"><source>В преддверии визита Дмитрия Медведева губернатор Калифорнии пообещал помощь «выдающемуся и образованному президенту».</source><tokens><token id="618844" text="В"><tfr rev_id="1451090" t="В"><v><l id="37409" t="в"><g v="PREP"></g></l></v></tfr></token><token id="618845" text="преддверии"><tfr rev_id="1451091" t="преддверии"><v><l id="266434" t="преддверие"><g v="NOUN"></g><g v="inan"></g><g v="neut"></g><g v="sing"></g><g v="loct"></g></l></v></tfr></token><token id="618846" text="визита"><tfr rev_id="1451092" t="визита"><v><l id="44737" t="визит"><g v="NOUN"></g><g v="inan"></g><g v="masc"></g><g v="sing"></g><g v="gent"></g></l></v></tfr></token><token id="618847" text="Дмитрия"><tfr rev_id="4374063" t="Дмитрия"><v><l id="85055" t="дмитрий"><g v="NOUN"></g><g v="anim"></g><g v="masc"></g><g v="Name"></g><g v="sing"></g><g v="gent"></g></l></v></tfr></token><token id="618848" text="Медведева"><tfr rev_id="4425949" t="Медведева"><v><l id="156959" t="медведев"><g v="NOUN"></g><g v="anim"></g><g v="masc"></g><g v="Sgtm"></g><g v="Surn"></g><g v="sing"></g><g v="gent"></g></l></v></tfr></token><token id="618849" text="губернатор"><tfr rev_id="1451095" t="губернатор"><v><l id="76396" t="губернатор"><g v="NOUN"></g><g v="anim"></g><g v="masc"></g><g v="sing"></g><g v="nomn"></g></l></v></tfr></token><token id="618850" text="Калифорнии"><tfr rev_id="4025748" t="Калифорнии"><v><l id="128581" t="калифорния"><g v="NOUN"></g><g v="inan"></g><g v="femn"></g><g v="Sgtm"></g><g v="Geox"></g><g v="sing"></g><g v="gent"></g></l></v></tfr></token><token id="618851" text="пообещал"><tfr rev_id="1451097" t="пообещал"><v><l id="258747" t="пообещал"><g v="VERB"></g><g v="perf"></g><g v="tran"></g><g v="masc"></g><g v="sing"></g><g v="past"></g><g v="indc"></g></l></v></tfr></token><token id="618852" text="помощь"><tfr rev_id="1451098" t="помощь"><v><l id="257960" t="помощь"><g v="NOUN"></g><g v="inan"></g><g v="femn"></g><g v="sing"></g><g v="nomn"></g></l></v><v><l id="257960" t="помощь"><g v="NOUN"></g><g v="inan"></g><g v="femn"></g><g v="sing"></g><g v="accs"></g></l></v></tfr></token><token id="618853" text="«"><tfr rev_id="2444219" t="«"><v><l id="0" t="«"><g v="PNCT"></g></l></v></tfr></token><token id="618854" text="выдающемуся"><tfr rev_id="1451100" t="выдающемуся"><v><l id="56904" t="выдающийся"><g v="PRTF"></g><g v="impf"></g><g v="intr"></g><g v="pres"></g><g v="actv"></g><g v="masc"></g><g v="sing"></g><g v="datv"></g></l></v><v><l id="56904" t="выдающийся"><g v="PRTF"></g><g v="impf"></g><g v="intr"></g><g v="pres"></g><g v="actv"></g><g v="neut"></g><g v="sing"></g><g v="datv"></g></l></v><v><l id="56968" t="выдающийся"><g v="ADJF"></g><g v="masc"></g><g v="sing"></g><g v="datv"></g></l></v><v><l id="56968" t="выдающийся"><g v="ADJF"></g><g v="neut"></g><g v="sing"></g><g v="datv"></g></l></v></tfr></token><token id="618855" text="и"><tfr rev_id="3486647" t="и"><v><l id="116949" t="и"><g v="CONJ"></g></l></v></tfr></token><token id="618856" text="образованному"><tfr rev_id="1451102" t="образованному"><v><l id="198802" t="образованный"><g v="ADJF"></g><g v="Qual"></g><g v="masc"></g><g v="sing"></g><g v="datv"></g></l></v><v><l id="198802" t="образованный"><g v="ADJF"></g><g v="Qual"></g><g v="neut"></g><g v="sing"></g><g v="datv"></g></l></v><v><l id="198818" t="образованный"><g v="PRTF"></g><g v="perf"></g><g v="tran"></g><g v="past"></g><g v="pssv"></g><g v="masc"></g><g v="sing"></g><g v="datv"></g></l></v><v><l id="198818" t="образованный"><g v="PRTF"></g><g v="perf"></g><g v="tran"></g><g v="past"></g><g v="pssv"></g><g v="neut"></g><g v="sing"></g><g v="datv"></g></l></v><v><l id="198819" t="образованный"><g v="PRTF"></g><g v="impf"></g><g v="tran"></g><g v="past"></g><g v="pssv"></g><g v="masc"></g><g v="sing"></g><g v="datv"></g></l></v><v><l id="198819" t="образованный"><g v="PRTF"></g><g v="impf"></g><g v="tran"></g><g v="past"></g><g v="pssv"></g><g v="neut"></g><g v="sing"></g><g v="datv"></g></l></v></tfr></token><token id="618857" text="президенту"><tfr rev_id="1451103" t="президенту"><v><l id="267449" t="президент"><g v="NOUN"></g><g v="anim"></g><g v="masc"></g><g v="sing"></g><g v="datv"></g></l></v></tfr></token><token id="618858" text="»"><tfr rev_id="2444220" t="»"><v><l id="0" t="»"><g v="PNCT"></g></l></v></tfr></token><token id="618859" text="."><tfr rev_id="1451105" t="."><v><l id="0" t="."><g v="PNCT"></g></l></v></tfr></token></tokens></sentence></paragraph><paragraph id="11051"><sentence id="34640"><source>Визит российского лидера в США, в рамках которого Дмитрий Медведев собирается посетить Кремниевую долину в Калифорнии, очень заинтересовал губернатора этого штата Арнольда Шварценеггера.</source><tokens><token id="618860" text="Визит"><tfr rev_id="4094951" t="Визит"><v><l id="44737" t="визит"><g v="NOUN"></g><g v="inan"></g><g v="masc"></g><g v="sing"></g><g v="nomn"></g></l></v></tfr></token><token id="618861" text="российского"><tfr rev_id="3530913" t="российского"><v><l id="309319" t="российский"><g v="ADJF"></g><g v="masc"></g><g v="sing"></g><g v="gent"></g></l></v><v><l id="309319" t="российский"><g v="ADJF"></g><g v="anim"></g><g v="masc"></g><g v="sing"></g><g v="accs"></g></l></v></tfr></token><token id="618862" text="лидера"><tfr rev_id="3302571" t="лидера"><v><l id="149007" t="лидер"><g v="NOUN"></g><g v="anim"></g><g v="masc"></g><g v="sing"></g><g v="gent"></g></l></v></tfr></token><token id="618863" text="в"><tfr rev_id="1451109" t="в"><v><l id="37409" t="в"><g v="PREP"></g></l></v></tfr></token><token id="618864" text="США"><tfr rev_id="3811382" t="США"><v><l id="341371" t="сша"><g v="NOUN"></g><g v="inan"></g><g v="GNdr"></g><g v="Pltm"></g><g v="Fixd"></g><g v="Abbr"></g><g v="Geox"></g><g v="plur"></g><g v="accs"></g></l></v></tfr></token><token id="618865" text=","><tfr rev_id="1451111" t=","><v><l id="0" t=","><g v="PNCT"></g></l></v></tfr></token><token id="618866" text="в"><tfr rev_id="1451112" t="в"><v><l id="37409" t="в"><g v="PREP"></g></l></v></tfr></token><token id="618867" text="рамках"><tfr rev_id="1451113" t="рамках"><v><l id="297819" t="рамка"><g v="NOUN"></g><g v="inan"></g><g v="femn"></g><g v="plur"></g><g v="loct"></g></l></v></tfr></token><token id="618868" text="которого"><tfr rev_id="3638358" t="которого"><v><l id="141203" t="который"><g v="ADJF"></g><g v="Apro"></g><g v="Subx"></g><g v="Anph"></g><g v="masc"></g><g v="sing"></g><g v="gent"></g></l></v><v><l id="141203" t="который"><g v="ADJF"></g><g v="Apro"></g><g v="Subx"></g><g v="Anph"></g><g v="anim"></g><g v="masc"></g><g v="sing"></g><g v="accs"></g></l></v></tfr></token><token id="618869" text="Дмитрий"><tfr rev_id="2699426" t="Дмитрий"><v><l id="85055" t="дмитрий"><g v="NOUN"></g><g v="anim"></g><g v="masc"></g><g v="Name"></g><g v="sing"></g><g v="nomn"></g></l></v></tfr></token><token id="618870" text="Медведев"><tfr rev_id="1451116" t="Медведев"><v><l id="156959" t="медведев"><g v="NOUN"></g><g v="anim"></g><g v="masc"></g><g v="Sgtm"></g><g v="Surn"></g><g v="sing"></g><g v="nomn"></g></l></v></tfr></token><token id="618871" text="собирается"><tfr rev_id="1451117" t="собирается"><v><l id="327680" t="собираюсь"><g v="VERB"></g><g v="impf"></g><g v="intr"></g><g v="sing"></g><g v="3per"></g><g v="pres"></g><g v="indc"></g></l></v></tfr></token><token id="618872" text="посетить"><tfr rev_id="1451118" t="посетить"><v><l id="261301" t="посетить"><g v="INFN"></g><g v="perf"></g><g v="tran"></g></l></v></tfr></token><token id="618873" text="Кремниевую"><tfr rev_id="1451119" t="Кремниевую"><v><l id="142304" t="кремниевый"><g v="ADJF"></g><g v="Qual"></g><g v="femn"></g><g v="sing"></g><g v="accs"></g></l></v></tfr></token><token id="618874" text="долину"><tfr rev_id="1451120" t="долину"><v><l id="88015" t="долина"><g v="NOUN"></g><g v="inan"></g><g v="femn"></g><g v="sing"></g><g v="accs"></g></l></v></tfr></token><token id="618875" text="в"><tfr rev_id="1451121" t="в"><v><l id="37409" t="в"><g v="PREP"></g></l></v></tfr></token><token id="618876" text="Калифорнии"><tfr rev_id="4292176" t="Калифорнии"><v><l id="128581" t="калифорния"><g v="NOUN"></g><g v="inan"></g><g v="femn"></g><g v="Sgtm"></g><g v="Geox"></g><g v="sing"></g><g v="loct"></g></l></v></tfr></token><token id="618877" text=","><tfr rev_id="1451123" t=","><v><l id="0" t=","><g v="PNCT"></g></l></v></tfr></token><token id="618878" text="очень"><tfr rev_id="1451124" t="очень"><v><l id="221681" t="очень"><g v="ADVB"></g></l></v></tfr></token><token id="618879" text="заинтересовал"><tfr rev_id="1451125" t="заинтересовал"><v><l id="102712" t="заинтересовал"><g v="VERB"></g><g v="perf"></g><g v="tran"></g><g v="masc"></g><g v="sing"></g><g v="past"></g><g v="indc"></g></l></v></tfr></token><token id="618880" text="губернатора"><tfr rev_id="4389573" t="губернатора"><v><l id="76396" t="губернатор"><g v="NOUN"></g><g v="anim"></g><g v="masc"></g><g v="sing"></g><g v="accs"></g></l></v></tfr></token><token id="618881" text="этого"><tfr rev_id="4433349" t="этого"><v><l id="386581" t="этот"><g v="ADJF"></g><g v="Subx"></g><g v="Apro"></g><g v="Anph"></g><g v="masc"></g><g v="sing"></g><g v="gent"></g></l></v><v><l id="386581" t="этот"><g v="ADJF"></g><g v="Subx"></g><g v="Apro"></g><g v="Anph"></g><g v="anim"></g><g v="masc"></g><g v="sing"></g><g v="accs"></g></l></v></tfr></token><token id="618882" text="штата"><tfr rev_id="1451128" t="штата"><v><l id="381334" t="штат"><g v="NOUN"></g><g v="inan"></g><g v="masc"></g><g v="sing"></g><g v="gent"></g></l></v></tfr></token><token id="618883" text="Арнольда"><tfr rev_id="2922303" t="Арнольда"><v><l id="17002" t="арнольд"><g v="NOUN"></g><g v="anim"></g><g v="masc"></g><g v="Name"></g><g v="sing"></g><g v="accs"></g></l></v></tfr></token><token id="618884" text="Шварценеггера"><tfr rev_id="4503124" t="Шварценеггера"><v><l id="390829" t="шварценеггер"><g v="NOUN"></g><g v="anim"></g><g v="masc"></g><g v="Sgtm"></g><g v="Surn"></g><g v="sing"></g><g v="accs"></g></l></v><v><l id="390829" t="шварценеггер"><g v="NOUN"></g><g v="anim"></g><g v="masc"></g><g v="Sgtm"></g><g v="Surn"></g><g v="sing"></g><g v="gent"></g></l></v></tfr></token><token id="618885" text="."><tfr rev_id="1451131" t="."><v><l id="0" t="."><g v="PNCT"></g></l></v></tfr></token></tokens></sentence><sentence id="34641"><source>Звезда Голливуда, сделавшая головокружительную политическую карьеру, уверен, что партнёрство России и США в рамках проекта инновационного центра Сколково будет выгодно обеим сторонам.</source><tokens><token id="618886" text="Звезда"><tfr rev_id="3492720" t="Звезда"><v><l id="114379" t="звезда"><g v="NOUN"></g><g v="anim"></g><g v="femn"></g><g v="sing"></g><g v="nomn"></g></l></v></tfr></token><token id="618887" text="Голливуда"><tfr rev_id="1451133" t="Голливуда"><v><l id="72289" t="голливуд"><g v="NOUN"></g><g v="inan"></g><g v="masc"></g><g v="sing"></g><g v="gent"></g></l></v></tfr></token><token id="618888" text=","><tfr rev_id="1451134" t=","><v><l id="0" t=","><g v="PNCT"></g></l></v></tfr></token><token id="618889" text="сделавшая"><tfr rev_id="1451135" t="сделавшая"><v><l id="317248" t="сделавший"><g v="PRTF"></g><g v="perf"></g><g v="tran"></g><g v="past"></g><g v="actv"></g><g v="femn"></g><g v="sing"></g><g v="nomn"></g></l></v></tfr></token><token id="618890" text="головокружительную"><tfr rev_id="1451136" t="головокружительную"><v><l id="72364" t="головокружительный"><g v="ADJF"></g><g v="femn"></g><g v="sing"></g><g v="accs"></g></l></v></tfr></token><token id="618891" text="политическую"><tfr rev_id="1451137" t="политическую"><v><l id="255870" t="политический"><g v="ADJF"></g><g v="femn"></g><g v="sing"></g><g v="accs"></g></l></v></tfr></token><token id="618892" text="карьеру"><tfr rev_id="4198448" t="карьеру"><v><l id="130914" t="карьера"><g v="NOUN"></g><g v="inan"></g><g v="femn"></g><g v="sing"></g><g v="accs"></g></l></v></tfr></token><token id="618893" text=","><tfr rev_id="1451139" t=","><v><l id="0" t=","><g v="PNCT"></g></l></v></tfr></token><token id="618894" text="уверен"><tfr rev_id="1451140" t="уверен"><v><l id="353438" t="уверен"><g v="ADJS"></g><g v="Qual"></g><g v="masc"></g><g v="sing"></g></l></v><v><l id="353446" t="уверен"><g v="PRTS"></g><g v="perf"></g><g v="past"></g><g v="pssv"></g><g v="masc"></g><g v="sing"></g></l></v></tfr></token><token id="618895" text=","><tfr rev_id="1451141" t=","><v><l id="0" t=","><g v="PNCT"></g></l></v></tfr></token><token id="618896" text="что"><tfr rev_id="3196962" t="что"><v><l id="377004" t="что"><g v="CONJ"></g></l></v><v><l id="377005" t="что"><g v="NPRO"></g><g v="neut"></g><g v="sing"></g><g v="nomn"></g></l></v><v><l id="377005" t="что"><g v="NPRO"></g><g v="neut"></g><g v="sing"></g><g v="accs"></g></l></v><v><l id="377006" t="что"><g v="ADVB"></g><g v="Ques"></g></l></v><v><l id="388695" t="что"><g v="PRCL"></g></l></v></tfr></token><token id="618897" text="партнёрство"><tfr rev_id="3722718" t="партнёрство"><v><l id="224442" t="партнёрство"><g v="NOUN"></g><g v="inan"></g><g v="neut"></g><g v="sing"></g><g v="nomn"></g></l></v><v><l id="224442" t="партнёрство"><g v="NOUN"></g><g v="inan"></g><g v="neut"></g><g v="sing"></g><g v="accs"></g></l></v></tfr></token><token id="618898" text="России"><tfr rev_id="3455284" t="России"><v><l id="309322" t="россия"><g v="NOUN"></g><g v="inan"></g><g v="femn"></g><g v="Sgtm"></g><g v="Geox"></g><g v="sing"></g><g v="gent"></g></l></v></tfr></token><token id="618899" text="и"><tfr rev_id="1451145" t="и"><v><l id="116949" t="и"><g v="CONJ"></g></l></v><v><l id="116950" t="и"><g v="INTJ"></g></l></v></tfr></token><token id="618900" text="США"><tfr rev_id="3811383" t="США"><v><l id="341371" t="сша"><g v="NOUN"></g><g v="inan"></g><g v="GNdr"></g><g v="Pltm"></g><g v="Fixd"></g><g v="Abbr"></g><g v="Geox"></g><g v="plur"></g><g v="gent"></g></l></v></tfr></token><token id="618901" text="в"><tfr rev_id="1451147" t="в"><v><l id="37409" t="в"><g v="PREP"></g></l></v></tfr></token><token id="618902" text="рамках"><tfr rev_id="1451148" t="рамках"><v><l id="297819" t="рамка"><g v="NOUN"></g><g v="inan"></g><g v="femn"></g><g v="plur"></g><g v="loct"></g></l></v></tfr></token><token id="618903" text="проекта"><tfr rev_id="1451149" t="проекта"><v><l id="279545" t="проект"><g v="NOUN"></g><g v="inan"></g><g v="masc"></g><g v="sing"></g><g v="gent"></g></l></v></tfr></token><token id="618904" text="инновационного"><tfr rev_id="4405737" t="инновационного"><v><l id="122683" t="инновационный"><g v="ADJF"></g><g v="masc"></g><g v="sing"></g><g v="gent"></g></l></v></tfr></token><token id="618905" text="центра"><tfr rev_id="1451151" t="центра"><v><l id="373369" t="центр"><g v="NOUN"></g><g v="inan"></g><g v="masc"></g><g v="sing"></g><g v="gent"></g></l></v></tfr></token><token id="618906" text="Сколково"><tfr rev_id="4306218" t="Сколково"><v><l id="388903" t="сколково"><g v="NOUN"></g><g v="inan"></g><g v="neut"></g><g v="Sgtm"></g><g v="Geox"></g><g v="sing"></g><g v="gent"></g><g v="Infr"></g></l></v><v><l id="388903" t="сколково"><g v="NOUN"></g><g v="inan"></g><g v="neut"></g><g v="Sgtm"></g><g v="Geox"></g><g v="sing"></g><g v="nomn"></g></l></v></tfr></token><token id="618907" text="будет"><tfr rev_id="1451153" t="будет"><v><l id="37265" t="есть"><g v="VERB"></g><g v="impf"></g><g v="intr"></g><g v="sing"></g><g v="3per"></g><g v="futr"></g><g v="indc"></g></l></v></tfr></token><token id="618908" text="выгодно"><tfr rev_id="3526526" t="выгодно"><v><l id="56675" t="выгоден"><g v="ADJS"></g><g v="Qual"></g><g v="neut"></g><g v="sing"></g></l></v></tfr></token><token id="618909" text="обеим"><tfr rev_id="1451155" t="обеим"><v><l id="193002" t="оба"><g v="NUMR"></g><g v="femn"></g><g v="datv"></g></l></v></tfr></token><token id="618910" text="сторонам"><tfr rev_id="1451156" t="сторонам"><v><l id="336894" t="сторона"><g v="NOUN"></g><g v="inan"></g><g v="femn"></g><g v="plur"></g><g v="datv"></g></l></v></tfr></token><token id="618911" text="."><tfr rev_id="1451157" t="."><v><l id="0" t="."><g v="PNCT"></g></l></v></tfr></token></tokens></sentence><sentence id="34642"><source>Более того, американский политик уверен, что подмосковный инноград ждёт успех, поскольку у российского президента есть видение строительства российской Кремниевой долины.</source><tokens><token id="618912" text="Более"><tfr rev_id="1451158" t="Более"><v><l id="32065" t="более"><g v="ADVB"></g></l></v></tfr></token><token id="618913" text="того"><tfr rev_id="4536602" t="того"><v><l id="348430" t="тот"><g v="ADJF"></g><g v="Subx"></g><g v="Apro"></g><g v="Anph"></g><g v="masc"></g><g v="sing"></g><g v="gent"></g></l></v><v><l id="348430" t="тот"><g v="ADJF"></g><g v="Subx"></g><g v="Apro"></g><g v="Anph"></g><g v="neut"></g><g v="sing"></g><g v="gent"></g></l></v></tfr></token><token id="618914" text=","><tfr rev_id="1451160" t=","><v><l id="0" t=","><g v="PNCT"></g></l></v></tfr></token><token id="618915" text="американский"><tfr rev_id="1451161" t="американский"><v><l id="11429" t="американский"><g v="ADJF"></g><g v="masc"></g><g v="sing"></g><g v="nomn"></g></l></v><v><l id="11429" t="американский"><g v="ADJF"></g><g v="inan"></g><g v="masc"></g><g v="sing"></g><g v="accs"></g></l></v></tfr></token><token id="618916" text="политик"><tfr rev_id="3468926" t="политик"><v><l id="255852" t="политик"><g v="NOUN"></g><g v="anim"></g><g v="masc"></g><g v="sing"></g><g v="nomn"></g></l></v></tfr></token><token id="618917" text="уверен"><tfr rev_id="1451163" t="уверен"><v><l id="353438" t="уверен"><g v="ADJS"></g><g v="Qual"></g><g v="masc"></g><g v="sing"></g></l></v><v><l id="353446" t="уверен"><g v="PRTS"></g><g v="perf"></g><g v="past"></g><g v="pssv"></g><g v="masc"></g><g v="sing"></g></l></v></tfr></token><token id="618918" text=","><tfr rev_id="1451164" t=","><v><l id="0" t=","><g v="PNCT"></g></l></v></tfr></token><token id="618919" text="что"><tfr rev_id="3196963" t="что"><v><l id="377004" t="что"><g v="CONJ"></g></l></v><v><l id="377005" t="что"><g v="NPRO"></g><g v="neut"></g><g v="sing"></g><g v="nomn"></g></l></v><v><l id="377005" t="что"><g v="NPRO"></g><g v="neut"></g><g v="sing"></g><g v="accs"></g></l></v><v><l id="377006" t="что"><g v="ADVB"></g><g v="Ques"></g></l></v><v><l id="388695" t="что"><g v="PRCL"></g></l></v></tfr></token><token id="618920" text="подмосковный"><tfr rev_id="1451166" t="подмосковный"><v><l id="247773" t="подмосковный"><g v="ADJF"></g><g v="masc"></g><g v="sing"></g><g v="nomn"></g></l></v><v><l id="247773" t="подмосковный"><g v="ADJF"></g><g v="inan"></g><g v="masc"></g><g v="sing"></g><g v="accs"></g></l></v></tfr></token><token id="618921" text="инноград"><tfr rev_id="2585408" t="инноград"><v><l id="388649" t="инноград"><g v="NOUN"></g><g v="inan"></g><g v="masc"></g><g v="sing"></g><g v="nomn"></g></l></v><v><l id="388649" t="инноград"><g v="NOUN"></g><g v="inan"></g><g v="masc"></g><g v="sing"></g><g v="accs"></g></l></v></tfr></token><token id="618922" text="ждёт"><tfr rev_id="1451168" t="ждёт"><v><l id="96195" t="жду"><g v="VERB"></g><g v="impf"></g><g v="tran"></g><g v="sing"></g><g v="3per"></g><g v="pres"></g><g v="indc"></g></l></v></tfr></token><token id="618923" text="успех"><tfr rev_id="4099953" t="успех"><v><l id="360840" t="успех"><g v="NOUN"></g><g v="inan"></g><g v="masc"></g><g v="sing"></g><g v="nomn"></g></l></v></tfr></token><token id="618924" text=","><tfr rev_id="1451170" t=","><v><l id="0" t=","><g v="PNCT"></g></l></v></tfr></token><token id="618925" text="поскольку"><tfr rev_id="1451171" t="поскольку"><v><l id="261429" t="поскольку"><g v="CONJ"></g></l></v></tfr></token><token id="618926" text="у"><tfr rev_id="3284029" t="у"><v><l id="352818" t="у"><g v="PREP"></g></l></v></tfr></token><token id="618927" text="российского"><tfr rev_id="3408119" t="российского"><v><l id="309319" t="российский"><g v="ADJF"></g><g v="masc"></g><g v="sing"></g><g v="gent"></g></l></v><v><l id="309319" t="российский"><g v="ADJF"></g><g v="anim"></g><g v="masc"></g><g v="sing"></g><g v="accs"></g></l></v></tfr></token><token id="618928" text="президента"><tfr rev_id="3417595" t="президента"><v><l id="267449" t="президент"><g v="NOUN"></g><g v="anim"></g><g v="masc"></g><g v="sing"></g><g v="gent"></g></l></v></tfr></token><token id="618929" text="есть"><tfr rev_id="4393936" t="есть"><v><l id="37265" t="есть"><g v="VERB"></g><g v="impf"></g><g v="intr"></g><g v="sing"></g><g v="3per"></g><g v="pres"></g><g v="indc"></g></l></v><v><l id="37265" t="есть"><g v="VERB"></g><g v="impf"></g><g v="intr"></g><g v="plur"></g><g v="3per"></g><g v="pres"></g><g v="indc"></g></l></v></tfr></token><token id="618930" text="видение"><tfr rev_id="4209662" t="видение"><v><l id="44464" t="видение"><g v="NOUN"></g><g v="inan"></g><g v="neut"></g><g v="sing"></g><g v="nomn"></g></l></v></tfr></token><token id="618931" text="строительства"><tfr rev_id="3432372" t="строительства"><v><l id="337671" t="строительство"><g v="NOUN"></g><g v="inan"></g><g v="neut"></g><g v="sing"></g><g v="gent"></g></l></v></tfr></token><token id="618932" text="российской"><tfr rev_id="4315392" t="российской"><v><l id="309319" t="российский"><g v="ADJF"></g><g v="femn"></g><g v="sing"></g><g v="gent"></g></l></v></tfr></token><token id="618933" text="Кремниевой"><tfr rev_id="1451179" t="Кремниевой"><v><l id="142304" t="кремниевый"><g v="ADJF"></g><g v="Qual"></g><g v="femn"></g><g v="sing"></g><g v="gent"></g></l></v><v><l id="142304" t="кремниевый"><g v="ADJF"></g><g v="Qual"></g><g v="femn"></g><g v="sing"></g><g v="datv"></g></l></v><v><l id="142304" t="кремниевый"><g v="ADJF"></g><g v="Qual"></g><g v="femn"></g><g v="sing"></g><g v="ablt"></g></l></v><v><l id="142304" t="кремниевый"><g v="ADJF"></g><g v="Qual"></g><g v="femn"></g><g v="sing"></g><g v="loct"></g></l></v></tfr></token><token id="618934" text="долины"><tfr rev_id="1451180" t="долины"><v><l id="88015" t="долина"><g v="NOUN"></g><g v="inan"></g><g v="femn"></g><g v="sing"></g><g v="gent"></g></l></v><v><l id="88015" t="долина"><g v="NOUN"></g><g v="inan"></g><g v="femn"></g><g v="plur"></g><g v="nomn"></g></l></v><v><l id="88015" t="долина"><g v="NOUN"></g><g v="inan"></g><g v="femn"></g><g v="plur"></g><g v="accs"></g></l></v></tfr></token><token id="618935" text="."><tfr rev_id="1451181" t="."><v><l id="0" t="."><g v="PNCT"></g></l></v></tfr></token></tokens></sentence><sentence id="34643"><source>«Я буду рад встретиться с Дмитрием Медведевым.</source><tokens><token id="618936" text="«"><tfr rev_id="2444221" t="«"><v><l id="0" t="«"><g v="PNCT"></g></l></v></tfr></token><token id="618937" text="Я"><tfr rev_id="1451183" t="Я"><v><l id="387317" t="я"><g v="NPRO"></g><g v="1per"></g><g v="sing"></g><g v="nomn"></g></l></v></tfr></token><token id="618938" text="буду"><tfr rev_id="1451184" t="буду"><v><l id="37265" t="есть"><g v="VERB"></g><g v="impf"></g><g v="intr"></g><g v="sing"></g><g v="1per"></g><g v="futr"></g><g v="indc"></g></l></v></tfr></token><token id="618939" text="рад"><tfr rev_id="2702984" t="рад"><v><l id="290789" t="рад"><g v="ADJS"></g><g v="masc"></g><g v="sing"></g></l></v></tfr></token><token id="618940" text="встретиться"><tfr rev_id="1451186" t="встретиться"><v><l id="54527" t="встретиться"><g v="INFN"></g><g v="perf"></g><g v="intr"></g></l></v></tfr></token><token id="618941" text="с"><tfr rev_id="1451187" t="с"><v><l id="311151" t="с"><g v="PREP"></g></l></v></tfr></token><token id="618942" text="Дмитрием"><tfr rev_id="1451188" t="Дмитрием"><v><l id="85055" t="дмитрий"><g v="NOUN"></g><g v="anim"></g><g v="masc"></g><g v="Name"></g><g v="sing"></g><g v="ablt"></g></l></v></tfr></token><token id="618943" text="Медведевым"><tfr rev_id="3473450" t="Медведевым"><v><l id="156959" t="медведев"><g v="NOUN"></g><g v="anim"></g><g v="masc"></g><g v="Sgtm"></g><g v="Surn"></g><g v="sing"></g><g v="ablt"></g></l></v></tfr></token><token id="618944" text="."><tfr rev_id="1451190" t="."><v><l id="0" t="."><g v="PNCT"></g></l></v></tfr></token></tokens></sentence><sentence id="34644"><source>Он выдающийся президент и очень образованный политик.</source><tokens><token id="618945" text="Он"><tfr rev_id="3575615" t="Он"><v><l id="206541" t="он"><g v="NPRO"></g><g v="masc"></g><g v="3per"></g><g v="Anph"></g><g v="sing"></g><g v="nomn"></g></l></v></tfr></token><token id="618946" text="выдающийся"><tfr rev_id="1451192" t="выдающийся"><v><l id="56904" t="выдающийся"><g v="PRTF"></g><g v="impf"></g><g v="intr"></g><g v="pres"></g><g v="actv"></g><g v="masc"></g><g v="sing"></g><g v="nomn"></g></l></v><v><l id="56904" t="выдающийся"><g v="PRTF"></g><g v="impf"></g><g v="intr"></g><g v="pres"></g><g v="actv"></g><g v="inan"></g><g v="masc"></g><g v="sing"></g><g v="accs"></g></l></v><v><l id="56968" t="выдающийся"><g v="ADJF"></g><g v="masc"></g><g v="sing"></g><g v="nomn"></g></l></v><v><l id="56968" t="выдающийся"><g v="ADJF"></g><g v="inan"></g><g v="masc"></g><g v="sing"></g><g v="accs"></g></l></v></tfr></token><token id="618947" text="президент"><tfr rev_id="1451193" t="президент"><v><l id="267449" t="президент"><g v="NOUN"></g><g v="anim"></g><g v="masc"></g><g v="sing"></g><g v="nomn"></g></l></v></tfr></token><token id="618948" text="и"><tfr rev_id="1451194" t="и"><v><l id="116949" t="и"><g v="CONJ"></g></l></v><v><l id="116950" t="и"><g v="INTJ"></g></l></v></tfr></token><token id="618949" text="очень"><tfr rev_id="1451195" t="очень"><v><l id="221681" t="очень"><g v="ADVB"></g></l></v></tfr></token><token id="618950" text="образованный"><tfr rev_id="1451196" t="образованный"><v><l id="198802" t="образованный"><g v="ADJF"></g><g v="Qual"></g><g v="masc"></g><g v="sing"></g><g v="nomn"></g></l></v><v><l id="198802" t="образованный"><g v="ADJF"></g><g v="Qual"></g><g v="inan"></g><g v="masc"></g><g v="sing"></g><g v="accs"></g></l></v><v><l id="198818" t="образованный"><g v="PRTF"></g><g v="perf"></g><g v="tran"></g><g v="past"></g><g v="pssv"></g><g v="masc"></g><g v="sing"></g><g v="nomn"></g></l></v><v><l id="198818" t="образованный"><g v="PRTF"></g><g v="perf"></g><g v="tran"></g><g v="past"></g><g v="pssv"></g><g v="inan"></g><g v="masc"></g><g v="sing"></g><g v="accs"></g></l></v><v><l id="198819" t="образованный"><g v="PRTF"></g><g v="impf"></g><g v="tran"></g><g v="past"></g><g v="pssv"></g><g v="masc"></g><g v="sing"></g><g v="nomn"></g></l></v><v><l id="198819" t="образованный"><g v="PRTF"></g><g v="impf"></g><g v="tran"></g><g v="past"></g><g v="pssv"></g><g v="inan"></g><g v="masc"></g><g v="sing"></g><g v="accs"></g></l></v></tfr></token><token id="618951" text="политик"><tfr rev_id="3490230" t="политик"><v><l id="255852" t="политик"><g v="NOUN"></g><g v="anim"></g><g v="masc"></g><g v="sing"></g><g v="nomn"></g></l></v></tfr></token><token id="618952" text="."><tfr rev_id="1451198" t="."><v><l id="0" t="."><g v="PNCT"></g></l></v></tfr></token></tokens></sentence><sentence id="34645"><source>Он успешно проводит модернизацию и стимулирование российской экономики.</source><tokens><token id="618953" text="Он"><tfr rev_id="3575616" t="Он"><v><l id="206541" t="он"><g v="NPRO"></g><g v="masc"></g><g v="3per"></g><g v="Anph"></g><g v="sing"></g><g v="nomn"></g></l></v></tfr></token><token id="618954" text="успешно"><tfr rev_id="3526451" t="успешно"><v><l id="360841" t="успешно"><g v="ADVB"></g></l></v></tfr></token><token id="618955" text="проводит"><tfr rev_id="1451201" t="проводит"><v><l id="278002" t="провожу"><g v="VERB"></g><g v="impf"></g><g v="tran"></g><g v="sing"></g><g v="3per"></g><g v="pres"></g><g v="indc"></g></l></v><v><l id="278009" t="проводил"><g v="VERB"></g><g v="perf"></g><g v="tran"></g><g v="sing"></g><g v="3per"></g><g v="futr"></g><g v="indc"></g></l></v></tfr></token><token id="618956" text="модернизацию"><tfr rev_id="1451202" t="модернизацию"><v><l id="162310" t="модернизация"><g v="NOUN"></g><g v="inan"></g><g v="femn"></g><g v="sing"></g><g v="accs"></g></l></v></tfr></token><token id="618957" text="и"><tfr rev_id="3675242" t="и"><v><l id="116949" t="и"><g v="CONJ"></g></l></v></tfr></token><token id="618958" text="стимулирование"><tfr rev_id="3486480" t="стимулирование"><v><l id="336208" t="стимулирование"><g v="NOUN"></g><g v="inan"></g><g v="neut"></g><g v="sing"></g><g v="accs"></g></l></v></tfr></token><token id="618959" text="российской"><tfr rev_id="4159541" t="российской"><v><l id="309319" t="российский"><g v="ADJF"></g><g v="femn"></g><g v="sing"></g><g v="gent"></g></l></v></tfr></token><token id="618960" text="экономики"><tfr rev_id="3496139" t="экономики"><v><l id="383340" t="экономика"><g v="NOUN"></g><g v="inan"></g><g v="femn"></g><g v="sing"></g><g v="gent"></g></l></v></tfr></token><token id="618961" text="."><tfr rev_id="1451207" t="."><v><l id="0" t="."><g v="PNCT"></g></l></v></tfr></token></tokens></sentence><sentence id="34646"><source>Американские компании могут помочь российским партнёрам в строительстве российской Кремниевой долины в Сколково.</source><tokens><token id="618962" text="Американские"><tfr rev_id="3742211" t="Американские"><v><l id="11429" t="американский"><g v="ADJF"></g><g v="plur"></g><g v="nomn"></g></l></v></tfr></token><token id="618963" text="компании"><tfr rev_id="3807151" t="компании"><v><l id="137146" t="компания"><g v="NOUN"></g><g v="inan"></g><g v="femn"></g><g v="plur"></g><g v="nomn"></g></l></v></tfr></token><token id="618964" text="могут"><tfr rev_id="1451210" t="могут"><v><l id="164485" t="могу"><g v="VERB"></g><g v="impf"></g><g v="intr"></g><g v="plur"></g><g v="3per"></g><g v="pres"></g><g v="indc"></g></l></v></tfr></token><token id="618965" text="помочь"><tfr rev_id="1712951" t="помочь"><v><l id="257949" t="помочь"><g v="INFN"></g><g v="perf"></g><g v="intr"></g></l></v></tfr></token><token id="618966" text="российским"><tfr rev_id="3472738" t="российским"><v><l id="309319" t="российский"><g v="ADJF"></g><g v="plur"></g><g v="datv"></g></l></v></tfr></token><token id="618967" text="партнёрам"><tfr rev_id="1451213" t="партнёрам"><v><l id="224438" t="партнёр"><g v="NOUN"></g><g v="anim"></g><g v="masc"></g><g v="plur"></g><g v="datv"></g></l></v></tfr></token><token id="618968" text="в"><tfr rev_id="1451214" t="в"><v><l id="37409" t="в"><g v="PREP"></g></l></v></tfr></token><token id="618969" text="строительстве"><tfr rev_id="1451215" t="строительстве"><v><l id="337671" t="строительство"><g v="NOUN"></g><g v="inan"></g><g v="neut"></g><g v="sing"></g><g v="loct"></g></l></v></tfr></token><token id="618970" text="российской"><tfr rev_id="4159593" t="российской"><v><l id="309319" t="российский"><g v="ADJF"></g><g v="femn"></g><g v="sing"></g><g v="gent"></g></l></v></tfr></token><token id="618971" text="Кремниевой"><tfr rev_id="3946668" t="Кремниевой"><v><l id="142304" t="кремниевый"><g v="ADJF"></g><g v="Qual"></g><g v="femn"></g><g v="sing"></g><g v="gent"></g></l></v></tfr></token><token id="618972" text="долины"><tfr rev_id="3097841" t="долины"><v><l id="88015" t="долина"><g v="NOUN"></g><g v="inan"></g><g v="femn"></g><g v="sing"></g><g v="gent"></g></l></v></tfr></token><token id="618973" text="в"><tfr rev_id="1451219" t="в"><v><l id="37409" t="в"><g v="PREP"></g></l></v></tfr></token><token id="618974" text="Сколково"><tfr rev_id="4146923" t="Сколково"><v><l id="388903" t="сколково"><g v="NOUN"></g><g v="inan"></g><g v="neut"></g><g v="Sgtm"></g><g v="Geox"></g><g v="sing"></g><g v="loct"></g><g v="Infr"></g></l></v></tfr></token><token id="618975" text="."><tfr rev_id="1451221" t="."><v><l id="0" t="."><g v="PNCT"></g></l></v></tfr></token></tokens></sentence><sentence id="34647"><source>Такое сотрудничество будет крайне плодотворным и принесёт прибыль обеим сторонам.</source><tokens><token id="618976" text="Такое"><tfr rev_id="1451222" t="Такое"><v><l id="342491" t="такой"><g v="ADJF"></g><g v="Apro"></g><g v="neut"></g><g v="sing"></g><g v="nomn"></g></l></v><v><l id="342491" t="такой"><g v="ADJF"></g><g v="Apro"></g><g v="neut"></g><g v="sing"></g><g v="accs"></g></l></v></tfr></token><token id="618977" text="сотрудничество"><tfr rev_id="1451223" t="сотрудничество"><v><l id="330875" t="сотрудничество"><g v="NOUN"></g><g v="inan"></g><g v="neut"></g><g v="sing"></g><g v="nomn"></g></l></v><v><l id="330875" t="сотрудничество"><g v="NOUN"></g><g v="inan"></g><g v="neut"></g><g v="sing"></g><g v="accs"></g></l></v></tfr></token><token id="618978" text="будет"><tfr rev_id="1451224" t="будет"><v><l id="37265" t="есть"><g v="VERB"></g><g v="impf"></g><g v="intr"></g><g v="sing"></g><g v="3per"></g><g v="futr"></g><g v="indc"></g></l></v></tfr></token><token id="618979" text="крайне"><tfr rev_id="1451225" t="крайне"><v><l id="141513" t="крайне"><g v="ADVB"></g></l></v><v><l id="141515" t="крайня"><g v="ADJS"></g><g v="neut"></g><g v="sing"></g></l></v></tfr></token><token id="618980" text="плодотворным"><tfr rev_id="4420788" t="плодотворным"><v><l id="240647" t="плодотворный"><g v="ADJF"></g><g v="Qual"></g><g v="neut"></g><g v="sing"></g><g v="ablt"></g></l></v></tfr></token><token id="618981" text="и"><tfr rev_id="1451227" t="и"><v><l id="116949" t="и"><g v="CONJ"></g></l></v><v><l id="116950" t="и"><g v="INTJ"></g></l></v></tfr></token><token id="618982" text="принесёт"><tfr rev_id="1451228" t="принесёт"><v><l id="272525" t="принёс"><g v="VERB"></g><g v="perf"></g><g v="tran"></g><g v="sing"></g><g v="3per"></g><g v="futr"></g><g v="indc"></g></l></v></tfr></token><token id="618983" text="прибыль"><tfr rev_id="3506421" t="прибыль"><v><l id="268952" t="прибыль"><g v="NOUN"></g><g v="inan"></g><g v="femn"></g><g v="sing"></g><g v="accs"></g></l></v></tfr></token><token id="618984" text="обеим"><tfr rev_id="1451230" t="обеим"><v><l id="193002" t="оба"><g v="NUMR"></g><g v="femn"></g><g v="datv"></g></l></v></tfr></token><token id="618985" text="сторонам"><tfr rev_id="1451231" t="сторонам"><v><l id="336894" t="сторона"><g v="NOUN"></g><g v="inan"></g><g v="femn"></g><g v="plur"></g><g v="datv"></g></l></v></tfr></token><token id="618986" text="."><tfr rev_id="1451232" t="."><v><l id="0" t="."><g v="PNCT"></g></l></v></tfr></token></tokens></sentence><sentence id="34648"><source>Россия по праву должна занять одно из лидирующих мест в списке технологически развитых стран.</source><tokens><token id="618987" text="Россия"><tfr rev_id="1451233" t="Россия"><v><l id="309322" t="россия"><g v="NOUN"></g><g v="inan"></g><g v="femn"></g><g v="Sgtm"></g><g v="Geox"></g><g v="sing"></g><g v="nomn"></g></l></v></tfr></token><token id="618988" text="по"><tfr rev_id="1451234" t="по"><v><l id="241240" t="по"><g v="PREP"></g></l></v></tfr></token><token id="618989" text="праву"><tfr rev_id="1451235" t="праву"><v><l id="265680" t="право"><g v="NOUN"></g><g v="inan"></g><g v="neut"></g><g v="sing"></g><g v="datv"></g></l></v></tfr></token><token id="618990" text="должна"><tfr rev_id="2558938" t="должна"><v><l id="87975" t="должен"><g v="ADJS"></g><g v="femn"></g><g v="sing"></g></l></v></tfr></token><token id="618991" text="занять"><tfr rev_id="1451237" t="занять"><v><l id="106584" t="занять"><g v="INFN"></g><g v="perf"></g><g v="tran"></g></l></v></tfr></token><token id="618992" text="одно"><tfr rev_id="4303077" t="одно"><v><l id="203319" t="один"><g v="ADJF"></g><g v="Apro"></g><g v="Anum"></g><g v="neut"></g><g v="sing"></g><g v="nomn"></g></l></v><v><l id="203319" t="один"><g v="ADJF"></g><g v="Apro"></g><g v="Anum"></g><g v="neut"></g><g v="sing"></g><g v="accs"></g></l></v></tfr></token><token id="618993" text="из"><tfr rev_id="2602513" t="из"><v><l id="117677" t="из"><g v="PREP"></g></l></v></tfr></token><token id="618994" text="лидирующих"><tfr rev_id="3944127" t="лидирующих"><v><l id="149021" t="лидирующий"><g v="PRTF"></g><g v="impf"></g><g v="intr"></g><g v="pres"></g><g v="actv"></g><g v="plur"></g><g v="gent"></g></l></v></tfr></token><token id="618995" text="мест"><tfr rev_id="1451241" t="мест"><v><l id="158822" t="место"><g v="NOUN"></g><g v="inan"></g><g v="neut"></g><g v="plur"></g><g v="gent"></g></l></v></tfr></token><token id="618996" text="в"><tfr rev_id="1451242" t="в"><v><l id="37409" t="в"><g v="PREP"></g></l></v></tfr></token><token id="618997" text="списке"><tfr rev_id="1451243" t="списке"><v><l id="332279" t="список"><g v="NOUN"></g><g v="inan"></g><g v="masc"></g><g v="sing"></g><g v="loct"></g></l></v></tfr></token><token id="618998" text="технологически"><tfr rev_id="1451244" t="технологически"><v><l id="345964" t="технологически"><g v="ADVB"></g></l></v></tfr></token><token id="618999" text="развитых"><tfr rev_id="1451245" t="развитых"><v><l id="292546" t="развитой"><g v="ADJF"></g><g v="Qual"></g><g v="plur"></g><g v="gent"></g></l></v><v><l id="292546" t="развитой"><g v="ADJF"></g><g v="Qual"></g><g v="anim"></g><g v="plur"></g><g v="accs"></g></l></v><v><l id="292546" t="развитой"><g v="ADJF"></g><g v="Qual"></g><g v="plur"></g><g v="loct"></g></l></v><v><l id="292550" t="развитый"><g v="ADJF"></g><g v="Qual"></g><g v="plur"></g><g v="gent"></g></l></v><v><l id="292550" t="развитый"><g v="ADJF"></g><g v="Qual"></g><g v="anim"></g><g v="plur"></g><g v="accs"></g></l></v><v><l id="292550" t="развитый"><g v="ADJF"></g><g v="Qual"></g><g v="plur"></g><g v="loct"></g></l></v><v><l id="292556" t="развитый"><g v="PRTF"></g><g v="perf"></g><g v="tran"></g><g v="past"></g><g v="pssv"></g><g v="plur"></g><g v="gent"></g></l></v><v><l id="292556" t="развитый"><g v="PRTF"></g><g v="perf"></g><g v="tran"></g><g v="past"></g><g v="pssv"></g><g v="anim"></g><g v="plur"></g><g v="accs"></g></l></v><v><l id="292556" t="развитый"><g v="PRTF"></g><g v="perf"></g><g v="tran"></g><g v="past"></g><g v="pssv"></g><g v="plur"></g><g v="loct"></g></l></v></tfr></token><token id="619000" text="стран"><tfr rev_id="1451246" t="стран"><v><l id="337100" t="страна"><g v="NOUN"></g><g v="inan"></g><g v="femn"></g><g v="plur"></g><g v="gent"></g></l></v></tfr></token><token id="619001" text="."><tfr rev_id="1451247" t="."><v><l id="0" t="."><g v="PNCT"></g></l></v></tfr></token></tokens></sentence><sentence id="34649"><source>Здесь живут очень талантливые и работоспособные люди»,</source><tokens><token id="619002" text="Здесь"><tfr rev_id="1451248" t="Здесь"><v><l id="114703" t="здесь"><g v="ADVB"></g><g v="Prdx"></g></l></v></tfr></token><token id="619003" text="живут"><tfr rev_id="1451249" t="живут"><v><l id="97603" t="живу"><g v="VERB"></g><g v="impf"></g><g v="intr"></g><g v="plur"></g><g v="3per"></g><g v="pres"></g><g v="indc"></g></l></v></tfr></token><token id="619004" text="очень"><tfr rev_id="1451250" t="очень"><v><l id="221681" t="очень"><g v="ADVB"></g></l></v></tfr></token><token id="619005" text="талантливые"><tfr rev_id="3793125" t="талантливые"><v><l id="342611" t="талантливый"><g v="ADJF"></g><g v="Qual"></g><g v="plur"></g><g v="nomn"></g></l></v></tfr></token><token id="619006" text="и"><tfr rev_id="3462678" t="и"><v><l id="116949" t="и"><g v="CONJ"></g></l></v></tfr></token><token id="619007" text="работоспособные"><tfr rev_id="3746262" t="работоспособные"><v><l id="290522" t="работоспособный"><g v="ADJF"></g><g v="Qual"></g><g v="plur"></g><g v="nomn"></g></l></v></tfr></token><token id="619008" text="люди"><tfr rev_id="1451254" t="люди"><v><l id="375073" t="человек"><g v="NOUN"></g><g v="anim"></g><g v="masc"></g><g v="plur"></g><g v="nomn"></g></l></v></tfr></token><token id="619009" text="»"><tfr rev_id="2444222" t="»"><v><l id="0" t="»"><g v="PNCT"></g></l></v></tfr></token><token id="619010" text=","><tfr rev_id="1451256" t=","><v><l id="0" t=","><g v="PNCT"></g></l></v></tfr></token></tokens></sentence><sentence id="34650"><source>— цитирует NEWSru.com Арнольда Шварценеггера.</source><tokens><token id="619011" text="—"><tfr rev_id="2444223" t="—"><v><l id="0" t="—"><g v="PNCT"></g></l></v></tfr></token><token id="619012" text="цитирует"><tfr rev_id="1451258" t="цитирует"><v><l id="374102" t="цитирую"><g v="VERB"></g><g v="impf"></g><g v="tran"></g><g v="sing"></g><g v="3per"></g><g v="pres"></g><g v="indc"></g></l></v></tfr></token><token id="619013" text="NEWSru.com"><tfr rev_id="2474847" t="NEWSru.com"><v><l id="0" t="NEWSru.com"><g v="LATN"></g></l></v></tfr></token><token id="619014" text="Арнольда"><tfr rev_id="3721586" t="Арнольда"><v><l id="17002" t="арнольд"><g v="NOUN"></g><g v="anim"></g><g v="masc"></g><g v="Name"></g><g v="sing"></g><g v="accs"></g></l></v></tfr></token><token id="619015" text="Шварценеггера"><tfr rev_id="4503125" t="Шварценеггера"><v><l id="390829" t="шварценеггер"><g v="NOUN"></g><g v="anim"></g><g v="masc"></g><g v="Sgtm"></g><g v="Surn"></g><g v="sing"></g><g v="accs"></g></l></v><v><l id="390829" t="шварценеггер"><g v="NOUN"></g><g v="anim"></g><g v="masc"></g><g v="Sgtm"></g><g v="Surn"></g><g v="sing"></g><g v="gent"></g></l></v></tfr></token><token id="619016" text="."><tfr rev_id="1451262" t="."><v><l id="0" t="."><g v="PNCT"></g></l></v></tfr></token></tokens></sentence></paragraph><paragraph id="11052"><sentence id="34651"><source>Предполагается, что Дмитрий Медведев, который ещё ни разу не был в Калифорнии, прибудет в Сан-Франциско уже во второй половине дня.</source><tokens><token id="619017" text="Предполагается"><tfr rev_id="1451263" t="Предполагается"><v><l id="266820" t="предполагаюсь"><g v="VERB"></g><g v="impf"></g><g v="intr"></g><g v="sing"></g><g v="3per"></g><g v="pres"></g><g v="indc"></g></l></v></tfr></token><token id="619018" text=","><tfr rev_id="1451264" t=","><v><l id="0" t=","><g v="PNCT"></g></l></v></tfr></token><token id="619019" text="что"><tfr rev_id="3196964" t="что"><v><l id="377004" t="что"><g v="CONJ"></g></l></v><v><l id="377005" t="что"><g v="NPRO"></g><g v="neut"></g><g v="sing"></g><g v="nomn"></g></l></v><v><l id="377005" t="что"><g v="NPRO"></g><g v="neut"></g><g v="sing"></g><g v="accs"></g></l></v><v><l id="377006" t="что"><g v="ADVB"></g><g v="Ques"></g></l></v><v><l id="388695" t="что"><g v="PRCL"></g></l></v></tfr></token><token id="619020" text="Дмитрий"><tfr rev_id="3455793" t="Дмитрий"><v><l id="85055" t="дмитрий"><g v="NOUN"></g><g v="anim"></g><g v="masc"></g><g v="Name"></g><g v="sing"></g><g v="nomn"></g></l></v></tfr></token><token id="619021" text="Медведев"><tfr rev_id="1451267" t="Медведев"><v><l id="156959" t="медведев"><g v="NOUN"></g><g v="anim"></g><g v="masc"></g><g v="Sgtm"></g><g v="Surn"></g><g v="sing"></g><g v="nomn"></g></l></v></tfr></token><token id="619022" text=","><tfr rev_id="1451268" t=","><v><l id="0" t=","><g v="PNCT"></g></l></v></tfr></token><token id="619023" text="который"><tfr rev_id="3637418" t="который"><v><l id="141203" t="который"><g v="ADJF"></g><g v="Apro"></g><g v="Subx"></g><g v="Anph"></g><g v="masc"></g><g v="sing"></g><g v="nomn"></g></l></v><v><l id="141203" t="который"><g v="ADJF"></g><g v="Apro"></g><g v="Subx"></g><g v="Anph"></g><g v="inan"></g><g v="masc"></g><g v="sing"></g><g v="accs"></g></l></v></tfr></token><token id="619024" text="ещё"><tfr rev_id="1451270" t="ещё"><v><l id="95551" t="ещё"><g v="PRCL"></g></l></v><v><l id="95552" t="ещё"><g v="ADVB"></g></l></v></tfr></token><token id="619025" text="ни"><tfr rev_id="1451271" t="ни"><v><l id="190307" t="ни"><g v="CONJ"></g></l></v><v><l id="190308" t="ни"><g v="PRCL"></g></l></v></tfr></token><token id="619026" text="разу"><tfr rev_id="4393651" t="разу"><v><l id="291500" t="раз"><g v="NOUN"></g><g v="inan"></g><g v="masc"></g><g v="sing"></g><g v="gen2"></g></l></v></tfr></token><token id="619027" text="не"><tfr rev_id="1451273" t="не"><v><l id="178876" t="не"><g v="PRCL"></g></l></v></tfr></token><token id="619028" text="был"><tfr rev_id="1451274" t="был"><v><l id="37265" t="есть"><g v="VERB"></g><g v="impf"></g><g v="intr"></g><g v="masc"></g><g v="sing"></g><g v="past"></g><g v="indc"></g></l></v></tfr></token><token id="619029" text="в"><tfr rev_id="1451275" t="в"><v><l id="37409" t="в"><g v="PREP"></g></l></v></tfr></token><token id="619030" text="Калифорнии"><tfr rev_id="4291721" t="Калифорнии"><v><l id="128581" t="калифорния"><g v="NOUN"></g><g v="inan"></g><g v="femn"></g><g v="Sgtm"></g><g v="Geox"></g><g v="sing"></g><g v="loct"></g></l></v></tfr></token><token id="619031" text=","><tfr rev_id="1451277" t=","><v><l id="0" t=","><g v="PNCT"></g></l></v></tfr></token><token id="619032" text="прибудет"><tfr rev_id="1451278" t="прибудет"><v><l id="268969" t="прибыл"><g v="VERB"></g><g v="perf"></g><g v="intr"></g><g v="sing"></g><g v="3per"></g><g v="futr"></g><g v="indc"></g></l></v></tfr></token><token id="619033" text="в"><tfr rev_id="1451279" t="в"><v><l id="37409" t="в"><g v="PREP"></g></l></v></tfr></token><token id="619034" text="Сан-Франциско"><tfr rev_id="4396409" t="Сан-Франциско"><v><l id="313189" t="сан-франциско"><g v="NOUN"></g><g v="inan"></g><g v="masc"></g><g v="Sgtm"></g><g v="Fixd"></g><g v="Geox"></g><g v="sing"></g><g v="accs"></g></l></v></tfr></token><token id="619035" text="уже"><tfr rev_id="2692746" t="уже"><v><l id="355422" t="уж"><g v="NOUN"></g><g v="anim"></g><g v="masc"></g><g v="sing"></g><g v="loct"></g></l></v><v><l id="355498" t="уже"><g v="ADVB"></g></l></v><v><l id="355674" t="уже"><g v="COMP"></g><g v="Qual"></g></l></v><v><l id="388673" t="уже"><g v="PRCL"></g></l></v></tfr></token><token id="619036" text="во"><tfr rev_id="2920255" t="во"><v><l id="37409" t="в"><g v="PREP"></g><g v="Vpre"></g></l></v></tfr></token><token id="619037" text="второй"><tfr rev_id="4403484" t="второй"><v><l id="55043" t="второй"><g v="ADJF"></g><g v="Anum"></g><g v="femn"></g><g v="sing"></g><g v="loct"></g></l></v></tfr></token><token id="619038" text="половине"><tfr rev_id="4334063" t="половине"><v><l id="256181" t="половина"><g v="NOUN"></g><g v="inan"></g><g v="femn"></g><g v="sing"></g><g v="loct"></g></l></v></tfr></token><token id="619039" text="дня"><tfr rev_id="1451285" t="дня"><v><l id="81427" t="день"><g v="NOUN"></g><g v="inan"></g><g v="masc"></g><g v="sing"></g><g v="gent"></g></l></v></tfr></token><token id="619040" text="."><tfr rev_id="1451286" t="."><v><l id="0" t="."><g v="PNCT"></g></l></v></tfr></token></tokens></sentence><sentence id="34652"><source>Глава российского государства встретится с губернатором штата Арнольдом Шварценеггером, после чего оба политика отправятся на церемонию подписания меморандума о сотрудничестве между властями Калифорнии и российской группой компаний «Ренова» в подготовке к празднованию 200-летия бывшего русского поселения Форт-Росс — места, символизирующего вклад России в освоении Северной Америки.</source><tokens><token id="619041" text="Глава"><tfr rev_id="4572276" t="Глава"><v><l id="70790" t="глава"><g v="NOUN"></g><g v="anim"></g><g v="ms-f"></g><g v="sing"></g><g v="nomn"></g></l></v></tfr></token><token id="619042" text="российского"><tfr rev_id="4076781" t="российского"><v><l id="309319" t="российский"><g v="ADJF"></g><g v="neut"></g><g v="sing"></g><g v="gent"></g></l></v></tfr></token><token id="619043" text="государства"><tfr rev_id="3436477" t="государства"><v><l id="74164" t="государство"><g v="NOUN"></g><g v="inan"></g><g v="neut"></g><g v="sing"></g><g v="gent"></g></l></v></tfr></token><token id="619044" text="встретится"><tfr rev_id="1451290" t="встретится"><v><l id="54526" t="встретился"><g v="VERB"></g><g v="perf"></g><g v="intr"></g><g v="sing"></g><g v="3per"></g><g v="futr"></g><g v="indc"></g></l></v></tfr></token><token id="619045" text="с"><tfr rev_id="1451291" t="с"><v><l id="311151" t="с"><g v="PREP"></g></l></v></tfr></token><token id="619046" text="губернатором"><tfr rev_id="1451292" t="губернатором"><v><l id="76396" t="губернатор"><g v="NOUN"></g><g v="anim"></g><g v="masc"></g><g v="sing"></g><g v="ablt"></g></l></v></tfr></token><token id="619047" text="штата"><tfr rev_id="1451293" t="штата"><v><l id="381334" t="штат"><g v="NOUN"></g><g v="inan"></g><g v="masc"></g><g v="sing"></g><g v="gent"></g></l></v></tfr></token><token id="619048" text="Арнольдом"><tfr rev_id="1451294" t="Арнольдом"><v><l id="17002" t="арнольд"><g v="NOUN"></g><g v="anim"></g><g v="masc"></g><g v="Name"></g><g v="sing"></g><g v="ablt"></g></l></v></tfr></token><token id="619049" text="Шварценеггером"><tfr rev_id="4503127" t="Шварценеггером"><v><l id="390829" t="шварценеггер"><g v="NOUN"></g><g v="anim"></g><g v="masc"></g><g v="Sgtm"></g><g v="Surn"></g><g v="sing"></g><g v="ablt"></g></l></v></tfr></token><token id="619050" text=","><tfr rev_id="1451296" t=","><v><l id="0" t=","><g v="PNCT"></g></l></v></tfr></token><token id="619051" text="после"><tfr rev_id="4406852" t="после"><v><l id="261542" t="после"><g v="PREP"></g></l></v></tfr></token><token id="619052" text="чего"><tfr rev_id="1451298" t="чего"><v><l id="374963" t="чего"><g v="ADVB"></g><g v="Ques"></g></l></v><v><l id="377005" t="что"><g v="NPRO"></g><g v="neut"></g><g v="sing"></g><g v="gent"></g></l></v></tfr></token><token id="619053" text="оба"><tfr rev_id="1451299" t="оба"><v><l id="193002" t="оба"><g v="NUMR"></g><g v="masc"></g><g v="nomn"></g></l></v><v><l id="193002" t="оба"><g v="NUMR"></g><g v="inan"></g><g v="masc"></g><g v="accs"></g></l></v><v><l id="193002" t="оба"><g v="NUMR"></g><g v="neut"></g><g v="nomn"></g></l></v><v><l id="193002" t="оба"><g v="NUMR"></g><g v="inan"></g><g v="neut"></g><g v="accs"></g></l></v></tfr></token><token id="619054" text="политика"><tfr rev_id="4470738" t="политика"><v><l id="255852" t="политик"><g v="NOUN"></g><g v="anim"></g><g v="masc"></g><g v="sing"></g><g v="gent"></g></l></v></tfr></token><token id="619055" text="отправятся"><tfr rev_id="1451301" t="отправятся"><v><l id="216944" t="отправился"><g v="VERB"></g><g v="perf"></g><g v="intr"></g><g v="plur"></g><g v="3per"></g><g v="futr"></g><g v="indc"></g></l></v></tfr></token><token id="619056" text="на"><tfr rev_id="3330774" t="на"><v><l id="166264" t="на"><g v="PREP"></g></l></v></tfr></token><token id="619057" text="церемонию"><tfr rev_id="1451303" t="церемонию"><v><l id="373652" t="церемония"><g v="NOUN"></g><g v="inan"></g><g v="femn"></g><g v="sing"></g><g v="accs"></g></l></v></tfr></token><token id="619058" text="подписания"><tfr rev_id="2636910" t="подписания"><v><l id="248882" t="подписание"><g v="NOUN"></g><g v="inan"></g><g v="neut"></g><g v="sing"></g><g v="gent"></g></l></v></tfr></token><token id="619059" text="меморандума"><tfr rev_id="1451305" t="меморандума"><v><l id="158286" t="меморандум"><g v="NOUN"></g><g v="inan"></g><g v="masc"></g><g v="sing"></g><g v="gent"></g></l></v></tfr></token><token id="619060" text="о"><tfr rev_id="3328401" t="о"><v><l id="192977" t="о"><g v="PREP"></g></l></v></tfr></token><token id="619061" text="сотрудничестве"><tfr rev_id="1451307" t="сотрудничестве"><v><l id="330875" t="сотрудничество"><g v="NOUN"></g><g v="inan"></g><g v="neut"></g><g v="sing"></g><g v="loct"></g></l></v></tfr></token><token id="619062" text="между"><tfr rev_id="1451308" t="между"><v><l id="157306" t="между"><g v="PREP"></g></l></v></tfr></token><token id="619063" text="властями"><tfr rev_id="1451309" t="властями"><v><l id="46816" t="власть"><g v="NOUN"></g><g v="inan"></g><g v="femn"></g><g v="plur"></g><g v="ablt"></g></l></v></tfr></token><token id="619064" text="Калифорнии"><tfr rev_id="4280957" t="Калифорнии"><v><l id="128581" t="калифорния"><g v="NOUN"></g><g v="inan"></g><g v="femn"></g><g v="Sgtm"></g><g v="Geox"></g><g v="sing"></g><g v="gent"></g></l></v></tfr></token><token id="619065" text="и"><tfr rev_id="1451311" t="и"><v><l id="116949" t="и"><g v="CONJ"></g></l></v><v><l id="116950" t="и"><g v="INTJ"></g></l></v></tfr></token><token id="619066" text="российской"><tfr rev_id="2633975" t="российской"><v><l id="309319" t="российский"><g v="ADJF"></g><g v="femn"></g><g v="sing"></g><g v="ablt"></g></l></v></tfr></token><token id="619067" text="группой"><tfr rev_id="1451313" t="группой"><v><l id="76092" t="группа"><g v="NOUN"></g><g v="inan"></g><g v="femn"></g><g v="sing"></g><g v="ablt"></g></l></v></tfr></token><token id="619068" text="компаний"><tfr rev_id="1451314" t="компаний"><v><l id="137146" t="компания"><g v="NOUN"></g><g v="inan"></g><g v="femn"></g><g v="plur"></g><g v="gent"></g></l></v></tfr></token><token id="619069" text="«"><tfr rev_id="2444224" t="«"><v><l id="0" t="«"><g v="PNCT"></g></l></v></tfr></token><token id="619070" text="Ренова"><tfr rev_id="1451316" t="Ренова"><v><l id="0" t="ренова"><g v="UNKN"></g></l></v></tfr></token><token id="619071" text="»"><tfr rev_id="2444225" t="»"><v><l id="0" t="»"><g v="PNCT"></g></l></v></tfr></token><token id="619072" text="в"><tfr rev_id="1451318" t="в"><v><l id="37409" t="в"><g v="PREP"></g></l></v></tfr></token><token id="619073" text="подготовке"><tfr rev_id="3551888" t="подготовке"><v><l id="245114" t="подготовка"><g v="NOUN"></g><g v="inan"></g><g v="femn"></g><g v="sing"></g><g v="loct"></g></l></v></tfr></token><token id="619074" text="к"><tfr rev_id="1451320" t="к"><v><l id="127460" t="к"><g v="PREP"></g></l></v></tfr></token><token id="619075" text="празднованию"><tfr rev_id="1451321" t="празднованию"><v><l id="265835" t="празднование"><g v="NOUN"></g><g v="inan"></g><g v="neut"></g><g v="sing"></g><g v="datv"></g></l></v></tfr></token><token id="619076" text="200-летия"><tfr rev_id="1451322" t="200-летия"><v><l id="0" t="200-летия"><g v="UNKN"></g></l></v></tfr></token><token id="619077" text="бывшего"><tfr rev_id="1451323" t="бывшего"><v><l id="37002" t="бывший"><g v="ADJF"></g><g v="masc"></g><g v="sing"></g><g v="gent"></g></l></v><v><l id="37002" t="бывший"><g v="ADJF"></g><g v="anim"></g><g v="masc"></g><g v="sing"></g><g v="accs"></g></l></v><v><l id="37002" t="бывший"><g v="ADJF"></g><g v="neut"></g><g v="sing"></g><g v="gent"></g></l></v><v><l id="37267" t="бывший"><g v="PRTF"></g><g v="impf"></g><g v="intr"></g><g v="past"></g><g v="actv"></g><g v="masc"></g><g v="sing"></g><g v="gent"></g></l></v><v><l id="37267" t="бывший"><g v="PRTF"></g><g v="impf"></g><g v="intr"></g><g v="past"></g><g v="actv"></g><g v="anim"></g><g v="masc"></g><g v="sing"></g><g v="accs"></g></l></v><v><l id="37267" t="бывший"><g v="PRTF"></g><g v="impf"></g><g v="intr"></g><g v="past"></g><g v="actv"></g><g v="neut"></g><g v="sing"></g><g v="gent"></g></l></v></tfr></token><token id="619078" text="русского"><tfr rev_id="4166487" t="русского"><v><l id="310321" t="русский"><g v="ADJF"></g><g v="Subx"></g><g v="neut"></g><g v="sing"></g><g v="gent"></g></l></v></tfr></token><token id="619079" text="поселения"><tfr rev_id="3439576" t="поселения"><v><l id="261205" t="поселение"><g v="NOUN"></g><g v="inan"></g><g v="neut"></g><g v="sing"></g><g v="gent"></g></l></v></tfr></token><token id="619080" text="Форт-Росс"><tfr rev_id="1451326" t="Форт-Росс"><v><l id="0" t="форт-росс"><g v="UNKN"></g></l></v></tfr></token><token id="619081" text="—"><tfr rev_id="2444226" t="—"><v><l id="0" t="—"><g v="PNCT"></g></l></v></tfr></token><token id="619082" text="места"><tfr rev_id="3437909" t="места"><v><l id="158822" t="место"><g v="NOUN"></g><g v="inan"></g><g v="neut"></g><g v="sing"></g><g v="gent"></g></l></v></tfr></token><token id="619083" text=","><tfr rev_id="1451329" t=","><v><l id="0" t=","><g v="PNCT"></g></l></v></tfr></token><token id="619084" text="символизирующего"><tfr rev_id="3443174" t="символизирующего"><v><l id="320641" t="символизирующий"><g v="PRTF"></g><g v="impf"></g><g v="tran"></g><g v="pres"></g><g v="actv"></g><g v="neut"></g><g v="sing"></g><g v="gent"></g></l></v></tfr></token><token id="619085" text="вклад"><tfr rev_id="1451331" t="вклад"><v><l id="46109" t="вклад"><g v="NOUN"></g><g v="inan"></g><g v="masc"></g><g v="sing"></g><g v="nomn"></g></l></v><v><l id="46109" t="вклад"><g v="NOUN"></g><g v="inan"></g><g v="masc"></g><g v="sing"></g><g v="accs"></g></l></v></tfr></token><token id="619086" text="России"><tfr rev_id="3455264" t="России"><v><l id="309322" t="россия"><g v="NOUN"></g><g v="inan"></g><g v="femn"></g><g v="Sgtm"></g><g v="Geox"></g><g v="sing"></g><g v="gent"></g></l></v></tfr></token><token id="619087" text="в"><tfr rev_id="1451333" t="в"><v><l id="37409" t="в"><g v="PREP"></g></l></v></tfr></token><token id="619088" text="освоении"><tfr rev_id="1451334" t="освоении"><v><l id="209721" t="освоение"><g v="NOUN"></g><g v="inan"></g><g v="neut"></g><g v="sing"></g><g v="loct"></g></l></v></tfr></token><token id="619089" text="Северной"><tfr rev_id="4425543" t="Северной"><v><l id="317517" t="северный"><g v="ADJF"></g><g v="Qual"></g><g v="femn"></g><g v="sing"></g><g v="gent"></g></l></v></tfr></token><token id="619090" text="Америки"><tfr rev_id="1451336" t="Америки"><v><l id="11393" t="америка"><g v="NOUN"></g><g v="inan"></g><g v="femn"></g><g v="Sgtm"></g><g v="Geox"></g><g v="sing"></g><g v="gent"></g></l></v></tfr></token><token id="619091" text="."><tfr rev_id="1451337" t="."><v><l id="0" t="."><g v="PNCT"></g></l></v></tfr></token></tokens></sentence></paragraph></paragraphs></text>