<?xml version="1.0" encoding="utf-8"?><text id="1176" parent="226" name="21742 Большое спортивное шоу пало жертвой природной стихии"><tags><tag>url:http://www.chaskor.ru/news/bolshoe_sportivnoe_shou_palo_zhertvoj_prirodnoj_stihii_21742</tag><tag>Дата:26/12</tag><tag>Год:2010</tag><tag>Тема:ЧасКор:Общество</tag><tag>Тема:ЧасКор:Общество/Спорт</tag></tags><paragraphs><paragraph id="11053"><sentence id="34653"><source>Большое спортивное шоу пало жертвой природной стихии</source><tokens><token id="619092" text="Большое"><tfr rev_id="1451338" t="Большое"><v><l id="32445" t="большой"><g v="ADJF"></g><g v="Qual"></g><g v="neut"></g><g v="sing"></g><g v="nomn"></g></l></v><v><l id="32445" t="большой"><g v="ADJF"></g><g v="Qual"></g><g v="neut"></g><g v="sing"></g><g v="accs"></g></l></v></tfr></token><token id="619093" text="спортивное"><tfr rev_id="1451339" t="спортивное"><v><l id="332798" t="спортивный"><g v="ADJF"></g><g v="Qual"></g><g v="neut"></g><g v="sing"></g><g v="nomn"></g></l></v><v><l id="332798" t="спортивный"><g v="ADJF"></g><g v="Qual"></g><g v="neut"></g><g v="sing"></g><g v="accs"></g></l></v></tfr></token><token id="619094" text="шоу"><tfr rev_id="4138278" t="шоу"><v><l id="380838" t="шоу"><g v="NOUN"></g><g v="inan"></g><g v="neut"></g><g v="Fixd"></g><g v="sing"></g><g v="nomn"></g></l></v></tfr></token><token id="619095" text="пало"><tfr rev_id="4360975" t="пало"><v><l id="224923" t="пал"><g v="VERB"></g><g v="perf"></g><g v="intr"></g><g v="neut"></g><g v="sing"></g><g v="past"></g><g v="indc"></g></l></v></tfr></token><token id="619096" text="жертвой"><tfr rev_id="4323384" t="жертвой"><v><l id="96850" t="жертва"><g v="NOUN"></g><g v="inan"></g><g v="femn"></g><g v="sing"></g><g v="ablt"></g></l></v></tfr></token><token id="619097" text="природной"><tfr rev_id="4417621" t="природной"><v><l id="273927" t="природный"><g v="ADJF"></g><g v="Qual"></g><g v="femn"></g><g v="sing"></g><g v="gent"></g></l></v></tfr></token><token id="619098" text="стихии"><tfr rev_id="4277556" t="стихии"><v><l id="336325" t="стихия"><g v="NOUN"></g><g v="inan"></g><g v="femn"></g><g v="sing"></g><g v="gent"></g></l></v></tfr></token></tokens></sentence><sentence id="34654"><source>В Германии отменили биатлонную Рождественскую гонку, ежегодно проводящуюся на «Фелтинс-арене».</source><tokens><token id="619099" text="В"><tfr rev_id="1451345" t="В"><v><l id="37409" t="в"><g v="PREP"></g></l></v></tfr></token><token id="619100" text="Германии"><tfr rev_id="4329262" t="Германии"><v><l id="69099" t="германия"><g v="NOUN"></g><g v="inan"></g><g v="femn"></g><g v="Sgtm"></g><g v="Geox"></g><g v="sing"></g><g v="loct"></g></l></v></tfr></token><token id="619101" text="отменили"><tfr rev_id="1451347" t="отменили"><v><l id="215483" t="отменил"><g v="VERB"></g><g v="perf"></g><g v="tran"></g><g v="plur"></g><g v="past"></g><g v="indc"></g></l></v></tfr></token><token id="619102" text="биатлонную"><tfr rev_id="4579193" t="биатлонную"><v><l id="394411" t="биатлонный"><g v="ADJF"></g><g v="sing"></g><g v="femn"></g><g v="accs"></g></l></v></tfr></token><token id="619103" text="Рождественскую"><tfr rev_id="3190577" t="Рождественскую"><v><l id="308463" t="рождественский"><g v="ADJF"></g><g v="femn"></g><g v="sing"></g><g v="accs"></g></l></v></tfr></token><token id="619104" text="гонку"><tfr rev_id="1451350" t="гонку"><v><l id="72927" t="гонка"><g v="NOUN"></g><g v="inan"></g><g v="femn"></g><g v="sing"></g><g v="accs"></g></l></v></tfr></token><token id="619105" text=","><tfr rev_id="1451351" t=","><v><l id="0" t=","><g v="PNCT"></g></l></v></tfr></token><token id="619106" text="ежегодно"><tfr rev_id="4101006" t="ежегодно"><v><l id="94443" t="ежегодно"><g v="ADVB"></g></l></v></tfr></token><token id="619107" text="проводящуюся"><tfr rev_id="1451353" t="проводящуюся"><v><l id="278017" t="проводящийся"><g v="PRTF"></g><g v="impf"></g><g v="intr"></g><g v="pres"></g><g v="actv"></g><g v="femn"></g><g v="sing"></g><g v="accs"></g></l></v></tfr></token><token id="619108" text="на"><tfr rev_id="3340404" t="на"><v><l id="166264" t="на"><g v="PREP"></g></l></v></tfr></token><token id="619109" text="«"><tfr rev_id="2444227" t="«"><v><l id="0" t="«"><g v="PNCT"></g></l></v></tfr></token><token id="619110" text="Фелтинс-арене"><tfr rev_id="1451356" t="Фелтинс-арене"><v><l id="0" t="фелтинс-арене"><g v="UNKN"></g></l></v></tfr></token><token id="619111" text="»"><tfr rev_id="2444228" t="»"><v><l id="0" t="»"><g v="PNCT"></g></l></v></tfr></token><token id="619112" text="."><tfr rev_id="1451358" t="."><v><l id="0" t="."><g v="PNCT"></g></l></v></tfr></token></tokens></sentence></paragraph><paragraph id="11054"><sentence id="34655"><source>Традиционная Рождественская гонка в немецком городе Гельзенкирхен на знаменитой «Фелтинс-арене», домашнем стадионе футбольного клуба «Шальке-04», отменена организаторами.</source><tokens><token id="619113" text="Традиционная"><tfr rev_id="1451359" t="Традиционная"><v><l id="348768" t="традиционный"><g v="ADJF"></g><g v="femn"></g><g v="sing"></g><g v="nomn"></g></l></v></tfr></token><token id="619114" text="Рождественская"><tfr rev_id="3334337" t="Рождественская"><v><l id="308463" t="рождественский"><g v="ADJF"></g><g v="femn"></g><g v="sing"></g><g v="nomn"></g></l></v></tfr></token><token id="619115" text="гонка"><tfr rev_id="3450703" t="гонка"><v><l id="72927" t="гонка"><g v="NOUN"></g><g v="inan"></g><g v="femn"></g><g v="sing"></g><g v="nomn"></g></l></v></tfr></token><token id="619116" text="в"><tfr rev_id="1451362" t="в"><v><l id="37409" t="в"><g v="PREP"></g></l></v></tfr></token><token id="619117" text="немецком"><tfr rev_id="3673715" t="немецком"><v><l id="184078" t="немецкий"><g v="ADJF"></g><g v="masc"></g><g v="sing"></g><g v="loct"></g></l></v></tfr></token><token id="619118" text="городе"><tfr rev_id="1451364" t="городе"><v><l id="73547" t="город"><g v="NOUN"></g><g v="inan"></g><g v="masc"></g><g v="sing"></g><g v="loct"></g></l></v></tfr></token><token id="619119" text="Гельзенкирхен"><tfr rev_id="1451365" t="Гельзенкирхен"><v><l id="0" t="гельзенкирхен"><g v="UNKN"></g></l></v></tfr></token><token id="619120" text="на"><tfr rev_id="3344930" t="на"><v><l id="166264" t="на"><g v="PREP"></g></l></v></tfr></token><token id="619121" text="знаменитой"><tfr rev_id="2369637" t="знаменитой"><v><l id="115944" t="знаменитый"><g v="ADJF"></g><g v="Qual"></g><g v="femn"></g><g v="sing"></g><g v="loct"></g></l></v></tfr></token><token id="619122" text="«"><tfr rev_id="2444229" t="«"><v><l id="0" t="«"><g v="PNCT"></g></l></v></tfr></token><token id="619123" text="Фелтинс-арене"><tfr rev_id="1451369" t="Фелтинс-арене"><v><l id="0" t="фелтинс-арене"><g v="UNKN"></g></l></v></tfr></token><token id="619124" text="»"><tfr rev_id="2444230" t="»"><v><l id="0" t="»"><g v="PNCT"></g></l></v></tfr></token><token id="619125" text=","><tfr rev_id="1451371" t=","><v><l id="0" t=","><g v="PNCT"></g></l></v></tfr></token><token id="619126" text="домашнем"><tfr rev_id="4161320" t="домашнем"><v><l id="88216" t="домашний"><g v="ADJF"></g><g v="masc"></g><g v="sing"></g><g v="loct"></g></l></v></tfr></token><token id="619127" text="стадионе"><tfr rev_id="1451373" t="стадионе"><v><l id="334413" t="стадион"><g v="NOUN"></g><g v="inan"></g><g v="masc"></g><g v="sing"></g><g v="loct"></g></l></v></tfr></token><token id="619128" text="футбольного"><tfr rev_id="4578309" t="футбольного"><v><l id="368776" t="футбольный"><g v="ADJF"></g><g v="masc"></g><g v="sing"></g><g v="gent"></g></l></v><v><l id="368776" t="футбольный"><g v="ADJF"></g><g v="anim"></g><g v="masc"></g><g v="sing"></g><g v="accs"></g></l></v></tfr></token><token id="619129" text="клуба"><tfr rev_id="1451375" t="клуба"><v><l id="134630" t="клуб"><g v="NOUN"></g><g v="inan"></g><g v="masc"></g><g v="sing"></g><g v="gent"></g></l></v></tfr></token><token id="619130" text="«"><tfr rev_id="2444231" t="«"><v><l id="0" t="«"><g v="PNCT"></g></l></v></tfr></token><token id="619131" text="Шальке-04"><tfr rev_id="1451377" t="Шальке-04"><v><l id="0" t="Шальке-04"><g v="UNKN"></g></l></v></tfr></token><token id="619132" text="»"><tfr rev_id="2444232" t="»"><v><l id="0" t="»"><g v="PNCT"></g></l></v></tfr></token><token id="619133" text=","><tfr rev_id="1451379" t=","><v><l id="0" t=","><g v="PNCT"></g></l></v></tfr></token><token id="619134" text="отменена"><tfr rev_id="1451380" t="отменена"><v><l id="215487" t="отменён"><g v="PRTS"></g><g v="perf"></g><g v="past"></g><g v="pssv"></g><g v="femn"></g><g v="sing"></g></l></v></tfr></token><token id="619135" text="организаторами"><tfr rev_id="1451381" t="организаторами"><v><l id="208741" t="организатор"><g v="NOUN"></g><g v="anim"></g><g v="masc"></g><g v="plur"></g><g v="ablt"></g></l></v></tfr></token><token id="619136" text="."><tfr rev_id="1451382" t="."><v><l id="0" t="."><g v="PNCT"></g></l></v></tfr></token></tokens></sentence><sentence id="34656"><source>Решение об отмене намеченного на 30 декабря соревнования было принято организаторами 25 декабря.</source><tokens><token id="619137" text="Решение"><tfr rev_id="1451383" t="Решение"><v><l id="307350" t="решение"><g v="NOUN"></g><g v="inan"></g><g v="neut"></g><g v="sing"></g><g v="nomn"></g></l></v><v><l id="307350" t="решение"><g v="NOUN"></g><g v="inan"></g><g v="neut"></g><g v="sing"></g><g v="accs"></g></l></v></tfr></token><token id="619138" text="об"><tfr rev_id="2921236" t="об"><v><l id="192977" t="о"><g v="PREP"></g><g v="Vpre"></g></l></v></tfr></token><token id="619139" text="отмене"><tfr rev_id="3447409" t="отмене"><v><l id="215480" t="отмена"><g v="NOUN"></g><g v="inan"></g><g v="femn"></g><g v="sing"></g><g v="loct"></g></l></v></tfr></token><token id="619140" text="намеченного"><tfr rev_id="3443175" t="намеченного"><v><l id="172526" t="намеченный"><g v="PRTF"></g><g v="perf"></g><g v="tran"></g><g v="past"></g><g v="pssv"></g><g v="neut"></g><g v="sing"></g><g v="gent"></g></l></v></tfr></token><token id="619141" text="на"><tfr rev_id="3343368" t="на"><v><l id="166264" t="на"><g v="PREP"></g></l></v></tfr></token><token id="619142" text="30"><tfr rev_id="2461911" t="30"><v><l id="0" t="30"><g v="NUMB"></g></l></v></tfr></token><token id="619143" text="декабря"><tfr rev_id="1451389" t="декабря"><v><l id="80133" t="декабрь"><g v="NOUN"></g><g v="inan"></g><g v="masc"></g><g v="sing"></g><g v="gent"></g></l></v></tfr></token><token id="619144" text="соревнования"><tfr rev_id="3502215" t="соревнования"><v><l id="330012" t="соревнование"><g v="NOUN"></g><g v="inan"></g><g v="neut"></g><g v="sing"></g><g v="gent"></g></l></v></tfr></token><token id="619145" text="было"><tfr rev_id="3124303" t="было"><v><l id="37265" t="есть"><g v="VERB"></g><g v="impf"></g><g v="intr"></g><g v="neut"></g><g v="sing"></g><g v="past"></g><g v="indc"></g></l></v></tfr></token><token id="619146" text="принято"><tfr rev_id="1451392" t="принято"><v><l id="272699" t="принят"><g v="ADJS"></g><g v="neut"></g><g v="sing"></g></l></v><v><l id="272704" t="принят"><g v="PRTS"></g><g v="perf"></g><g v="past"></g><g v="pssv"></g><g v="neut"></g><g v="sing"></g></l></v></tfr></token><token id="619147" text="организаторами"><tfr rev_id="1451393" t="организаторами"><v><l id="208741" t="организатор"><g v="NOUN"></g><g v="anim"></g><g v="masc"></g><g v="plur"></g><g v="ablt"></g></l></v></tfr></token><token id="619148" text="25"><tfr rev_id="2461912" t="25"><v><l id="0" t="25"><g v="NUMB"></g></l></v></tfr></token><token id="619149" text="декабря"><tfr rev_id="1451395" t="декабря"><v><l id="80133" t="декабрь"><g v="NOUN"></g><g v="inan"></g><g v="masc"></g><g v="sing"></g><g v="gent"></g></l></v></tfr></token><token id="619150" text="."><tfr rev_id="1451396" t="."><v><l id="0" t="."><g v="PNCT"></g></l></v></tfr></token></tokens></sentence><sentence id="34657"><source>Причиной стало обрушение части крыши стадиона, вызванное обильными снегопадами в Германии.</source><tokens><token id="619151" text="Причиной"><tfr rev_id="1451397" t="Причиной"><v><l id="276522" t="причина"><g v="NOUN"></g><g v="inan"></g><g v="femn"></g><g v="sing"></g><g v="ablt"></g></l></v></tfr></token><token id="619152" text="стало"><tfr rev_id="1451398" t="стало"><v><l id="335164" t="стал"><g v="VERB"></g><g v="perf"></g><g v="intr"></g><g v="neut"></g><g v="sing"></g><g v="past"></g><g v="indc"></g></l></v></tfr></token><token id="619153" text="обрушение"><tfr rev_id="4213472" t="обрушение"><v><l id="199310" t="обрушение"><g v="NOUN"></g><g v="inan"></g><g v="neut"></g><g v="sing"></g><g v="nomn"></g></l></v></tfr></token><token id="619154" text="части"><tfr rev_id="3545729" t="части"><v><l id="374820" t="часть"><g v="NOUN"></g><g v="inan"></g><g v="femn"></g><g v="sing"></g><g v="gent"></g></l></v><v><l id="374820" t="часть"><g v="NOUN"></g><g v="inan"></g><g v="femn"></g><g v="sing"></g><g v="datv"></g></l></v><v><l id="374820" t="часть"><g v="NOUN"></g><g v="inan"></g><g v="femn"></g><g v="sing"></g><g v="loct"></g></l></v></tfr></token><token id="619155" text="крыши"><tfr rev_id="3500521" t="крыши"><v><l id="144000" t="крыша"><g v="NOUN"></g><g v="inan"></g><g v="femn"></g><g v="sing"></g><g v="gent"></g></l></v></tfr></token><token id="619156" text="стадиона"><tfr rev_id="1451402" t="стадиона"><v><l id="334413" t="стадион"><g v="NOUN"></g><g v="inan"></g><g v="masc"></g><g v="sing"></g><g v="gent"></g></l></v></tfr></token><token id="619157" text=","><tfr rev_id="1451403" t=","><v><l id="0" t=","><g v="PNCT"></g></l></v></tfr></token><token id="619158" text="вызванное"><tfr rev_id="1451404" t="вызванное"><v><l id="57528" t="вызванный"><g v="PRTF"></g><g v="perf"></g><g v="tran"></g><g v="past"></g><g v="pssv"></g><g v="neut"></g><g v="sing"></g><g v="nomn"></g></l></v><v><l id="57528" t="вызванный"><g v="PRTF"></g><g v="perf"></g><g v="tran"></g><g v="past"></g><g v="pssv"></g><g v="neut"></g><g v="sing"></g><g v="accs"></g></l></v></tfr></token><token id="619159" text="обильными"><tfr rev_id="1451405" t="обильными"><v><l id="195449" t="обильный"><g v="ADJF"></g><g v="Qual"></g><g v="plur"></g><g v="ablt"></g></l></v></tfr></token><token id="619160" text="снегопадами"><tfr rev_id="1451406" t="снегопадами"><v><l id="327244" t="снегопад"><g v="NOUN"></g><g v="inan"></g><g v="masc"></g><g v="plur"></g><g v="ablt"></g></l></v></tfr></token><token id="619161" text="в"><tfr rev_id="1451407" t="в"><v><l id="37409" t="в"><g v="PREP"></g></l></v></tfr></token><token id="619162" text="Германии"><tfr rev_id="4385678" t="Германии"><v><l id="69099" t="германия"><g v="NOUN"></g><g v="inan"></g><g v="femn"></g><g v="Sgtm"></g><g v="Geox"></g><g v="sing"></g><g v="loct"></g></l></v></tfr></token><token id="619163" text="."><tfr rev_id="1451409" t="."><v><l id="0" t="."><g v="PNCT"></g></l></v></tfr></token></tokens></sentence><sentence id="34658"><source>На крыше арены все последние дни дежурили скалолазы, пытаясь контролировать ситуацию, постоянно убирая снег.</source><tokens><token id="619164" text="На"><tfr rev_id="3346035" t="На"><v><l id="166264" t="на"><g v="PREP"></g></l></v></tfr></token><token id="619165" text="крыше"><tfr rev_id="3472017" t="крыше"><v><l id="144000" t="крыша"><g v="NOUN"></g><g v="inan"></g><g v="femn"></g><g v="sing"></g><g v="loct"></g></l></v></tfr></token><token id="619166" text="арены"><tfr rev_id="3496094" t="арены"><v><l id="16192" t="арена"><g v="NOUN"></g><g v="inan"></g><g v="femn"></g><g v="sing"></g><g v="gent"></g></l></v></tfr></token><token id="619167" text="все"><tfr rev_id="4537115" t="все"><v><l id="42156" t="весь"><g v="ADJF"></g><g v="Subx"></g><g v="Apro"></g><g v="inan"></g><g v="plur"></g><g v="accs"></g></l></v><v><l id="42156" t="весь"><g v="ADJF"></g><g v="Subx"></g><g v="Apro"></g><g v="neut"></g><g v="sing"></g><g v="accs"></g></l></v><v><l id="42156" t="весь"><g v="ADJF"></g><g v="Subx"></g><g v="Apro"></g><g v="neut"></g><g v="sing"></g><g v="nomn"></g></l></v><v><l id="42156" t="весь"><g v="ADJF"></g><g v="Subx"></g><g v="Apro"></g><g v="plur"></g><g v="nomn"></g></l></v></tfr></token><token id="619168" text="последние"><tfr rev_id="4082796" t="последние"><v><l id="261565" t="последний"><g v="ADJF"></g><g v="inan"></g><g v="plur"></g><g v="accs"></g></l></v></tfr></token><token id="619169" text="дни"><tfr rev_id="3749927" t="дни"><v><l id="81427" t="день"><g v="NOUN"></g><g v="inan"></g><g v="masc"></g><g v="plur"></g><g v="accs"></g></l></v></tfr></token><token id="619170" text="дежурили"><tfr rev_id="1451416" t="дежурили"><v><l id="79805" t="дежурю"><g v="VERB"></g><g v="impf"></g><g v="intr"></g><g v="plur"></g><g v="past"></g><g v="indc"></g></l></v></tfr></token><token id="619171" text="скалолазы"><tfr rev_id="1451417" t="скалолазы"><v><l id="321648" t="скалолаз"><g v="NOUN"></g><g v="anim"></g><g v="masc"></g><g v="plur"></g><g v="nomn"></g></l></v></tfr></token><token id="619172" text=","><tfr rev_id="1451418" t=","><v><l id="0" t=","><g v="PNCT"></g></l></v></tfr></token><token id="619173" text="пытаясь"><tfr rev_id="1451419" t="пытаясь"><v><l id="290090" t="пытаясь"><g v="GRND"></g><g v="impf"></g><g v="intr"></g><g v="pres"></g></l></v></tfr></token><token id="619174" text="контролировать"><tfr rev_id="1451420" t="контролировать"><v><l id="138596" t="контролировать"><g v="INFN"></g><g v="impf"></g><g v="tran"></g></l></v></tfr></token><token id="619175" text="ситуацию"><tfr rev_id="1451421" t="ситуацию"><v><l id="321441" t="ситуация"><g v="NOUN"></g><g v="inan"></g><g v="femn"></g><g v="sing"></g><g v="accs"></g></l></v></tfr></token><token id="619176" text=","><tfr rev_id="1451422" t=","><v><l id="0" t=","><g v="PNCT"></g></l></v></tfr></token><token id="619177" text="постоянно"><tfr rev_id="1451423" t="постоянно"><v><l id="262401" t="постоянно"><g v="ADVB"></g></l></v><v><l id="262410" t="постоянен"><g v="ADJS"></g><g v="Qual"></g><g v="neut"></g><g v="sing"></g></l></v></tfr></token><token id="619178" text="убирая"><tfr rev_id="1451424" t="убирая"><v><l id="353009" t="убирая"><g v="GRND"></g><g v="impf"></g><g v="tran"></g><g v="pres"></g></l></v></tfr></token><token id="619179" text="снег"><tfr rev_id="3300614" t="снег"><v><l id="327215" t="снег"><g v="NOUN"></g><g v="inan"></g><g v="masc"></g><g v="sing"></g><g v="accs"></g></l></v></tfr></token><token id="619180" text="."><tfr rev_id="1451426" t="."><v><l id="0" t="."><g v="PNCT"></g></l></v></tfr></token></tokens></sentence><sentence id="34659"><source>Однако 24 декабря из-за новых снегопадов и очень сильного ветра работы пришлось прекратить.</source><tokens><token id="619181" text="Однако"><tfr rev_id="2624547" t="Однако"><v><l id="203386" t="однако"><g v="INTJ"></g></l></v><v><l id="203387" t="однако"><g v="CONJ"></g><g v="Prnt"></g></l></v></tfr></token><token id="619182" text="24"><tfr rev_id="2461913" t="24"><v><l id="0" t="24"><g v="NUMB"></g></l></v></tfr></token><token id="619183" text="декабря"><tfr rev_id="1451429" t="декабря"><v><l id="80133" t="декабрь"><g v="NOUN"></g><g v="inan"></g><g v="masc"></g><g v="sing"></g><g v="gent"></g></l></v></tfr></token><token id="619184" text="из-за"><tfr rev_id="1451430" t="из-за"><v><l id="117678" t="из-за"><g v="PREP"></g></l></v></tfr></token><token id="619185" text="новых"><tfr rev_id="4421116" t="новых"><v><l id="191918" t="новый"><g v="ADJF"></g><g v="Qual"></g><g v="plur"></g><g v="gent"></g></l></v></tfr></token><token id="619186" text="снегопадов"><tfr rev_id="1451432" t="снегопадов"><v><l id="327244" t="снегопад"><g v="NOUN"></g><g v="inan"></g><g v="masc"></g><g v="plur"></g><g v="gent"></g></l></v></tfr></token><token id="619187" text="и"><tfr rev_id="1451433" t="и"><v><l id="116949" t="и"><g v="CONJ"></g></l></v><v><l id="116950" t="и"><g v="INTJ"></g></l></v></tfr></token><token id="619188" text="очень"><tfr rev_id="1451434" t="очень"><v><l id="221681" t="очень"><g v="ADVB"></g></l></v></tfr></token><token id="619189" text="сильного"><tfr rev_id="3453780" t="сильного"><v><l id="320610" t="сильный"><g v="ADJF"></g><g v="Qual"></g><g v="masc"></g><g v="sing"></g><g v="gent"></g></l></v><v><l id="320610" t="сильный"><g v="ADJF"></g><g v="Qual"></g><g v="anim"></g><g v="masc"></g><g v="sing"></g><g v="accs"></g></l></v></tfr></token><token id="619190" text="ветра"><tfr rev_id="3511038" t="ветра"><v><l id="42185" t="ветер"><g v="NOUN"></g><g v="inan"></g><g v="masc"></g><g v="sing"></g><g v="gen1"></g></l></v></tfr></token><token id="619191" text="работы"><tfr rev_id="3794229" t="работы"><v><l id="290501" t="работа"><g v="NOUN"></g><g v="inan"></g><g v="femn"></g><g v="plur"></g><g v="accs"></g></l></v></tfr></token><token id="619192" text="пришлось"><tfr rev_id="1451438" t="пришлось"><v><l id="270741" t="пришёлся"><g v="VERB"></g><g v="perf"></g><g v="intr"></g><g v="neut"></g><g v="sing"></g><g v="past"></g><g v="indc"></g></l></v></tfr></token><token id="619193" text="прекратить"><tfr rev_id="1451439" t="прекратить"><v><l id="267594" t="прекратить"><g v="INFN"></g><g v="perf"></g><g v="tran"></g></l></v></tfr></token><token id="619194" text="."><tfr rev_id="1451440" t="."><v><l id="0" t="."><g v="PNCT"></g></l></v></tfr></token></tokens></sentence></paragraph><paragraph id="11055"><sentence id="34660"><source>Как сообщил Ульрих Дагель, технический директор «Фелтинс-арены», 24 декабря в 17:30 на кровле появилась трещина, а спустя два часа фрагмент крыши обрушился под тяжестью снега.</source><tokens><token id="619195" text="Как"><tfr rev_id="1451441" t="Как"><v><l id="128190" t="как"><g v="CONJ"></g></l></v><v><l id="128191" t="как"><g v="PRCL"></g></l></v><v><l id="128192" t="как"><g v="ADVB"></g><g v="Ques"></g></l></v></tfr></token><token id="619196" text="сообщил"><tfr rev_id="1451442" t="сообщил"><v><l id="329556" t="сообщил"><g v="VERB"></g><g v="perf"></g><g v="tran"></g><g v="masc"></g><g v="sing"></g><g v="past"></g><g v="indc"></g></l></v></tfr></token><token id="619197" text="Ульрих"><tfr rev_id="1451443" t="Ульрих"><v><l id="357077" t="ульрих"><g v="NOUN"></g><g v="anim"></g><g v="masc"></g><g v="Name"></g><g v="sing"></g><g v="nomn"></g></l></v></tfr></token><token id="619198" text="Дагель"><tfr rev_id="1451444" t="Дагель"><v><l id="0" t="дагель"><g v="UNKN"></g></l></v></tfr></token><token id="619199" text=","><tfr rev_id="1451445" t=","><v><l id="0" t=","><g v="PNCT"></g></l></v></tfr></token><token id="619200" text="технический"><tfr rev_id="1451446" t="технический"><v><l id="345946" t="технический"><g v="ADJF"></g><g v="masc"></g><g v="sing"></g><g v="nomn"></g></l></v><v><l id="345946" t="технический"><g v="ADJF"></g><g v="inan"></g><g v="masc"></g><g v="sing"></g><g v="accs"></g></l></v></tfr></token><token id="619201" text="директор"><tfr rev_id="1451447" t="директор"><v><l id="84214" t="директор"><g v="NOUN"></g><g v="anim"></g><g v="masc"></g><g v="sing"></g><g v="nomn"></g></l></v></tfr></token><token id="619202" text="«"><tfr rev_id="2444233" t="«"><v><l id="0" t="«"><g v="PNCT"></g></l></v></tfr></token><token id="619203" text="Фелтинс-арены"><tfr rev_id="1451449" t="Фелтинс-арены"><v><l id="0" t="фелтинс-арены"><g v="UNKN"></g></l></v></tfr></token><token id="619204" text="»"><tfr rev_id="2444234" t="»"><v><l id="0" t="»"><g v="PNCT"></g></l></v></tfr></token><token id="619205" text=","><tfr rev_id="1451451" t=","><v><l id="0" t=","><g v="PNCT"></g></l></v></tfr></token><token id="619206" text="24"><tfr rev_id="2461914" t="24"><v><l id="0" t="24"><g v="NUMB"></g></l></v></tfr></token><token id="619207" text="декабря"><tfr rev_id="1451453" t="декабря"><v><l id="80133" t="декабрь"><g v="NOUN"></g><g v="inan"></g><g v="masc"></g><g v="sing"></g><g v="gent"></g></l></v></tfr></token><token id="619208" text="в"><tfr rev_id="1451454" t="в"><v><l id="37409" t="в"><g v="PREP"></g></l></v></tfr></token><token id="619209" text="17:30"><tfr rev_id="4567440" t="17:30"><v><l id="0" t="17:30"><g v="TIME"></g></l></v></tfr></token><token id="619210" text="на"><tfr rev_id="3334746" t="на"><v><l id="166264" t="на"><g v="PREP"></g></l></v></tfr></token><token id="619211" text="кровле"><tfr rev_id="3549953" t="кровле"><v><l id="143093" t="кровля"><g v="NOUN"></g><g v="inan"></g><g v="femn"></g><g v="sing"></g><g v="loct"></g></l></v></tfr></token><token id="619212" text="появилась"><tfr rev_id="1451458" t="появилась"><v><l id="265507" t="появился"><g v="VERB"></g><g v="perf"></g><g v="intr"></g><g v="femn"></g><g v="sing"></g><g v="past"></g><g v="indc"></g></l></v></tfr></token><token id="619213" text="трещина"><tfr rev_id="1451459" t="трещина"><v><l id="349960" t="трещина"><g v="NOUN"></g><g v="inan"></g><g v="femn"></g><g v="sing"></g><g v="nomn"></g></l></v></tfr></token><token id="619214" text=","><tfr rev_id="1451460" t=","><v><l id="0" t=","><g v="PNCT"></g></l></v></tfr></token><token id="619215" text="а"><tfr rev_id="1451461" t="а"><v><l id="51" t="а"><g v="CONJ"></g></l></v><v><l id="52" t="а"><g v="INTJ"></g></l></v><v><l id="53" t="а"><g v="PRCL"></g></l></v></tfr></token><token id="619216" text="спустя"><tfr rev_id="3458520" t="спустя"><v><l id="333221" t="спустя"><g v="PREP"></g></l></v></tfr></token><token id="619217" text="два"><tfr rev_id="4450429" t="два"><v><l id="78668" t="два"><g v="NUMR"></g><g v="masc"></g><g v="nomn"></g></l></v><v><l id="78668" t="два"><g v="NUMR"></g><g v="inan"></g><g v="masc"></g><g v="accs"></g></l></v><v><l id="78668" t="два"><g v="NUMR"></g><g v="neut"></g><g v="nomn"></g></l></v><v><l id="78668" t="два"><g v="NUMR"></g><g v="inan"></g><g v="neut"></g><g v="accs"></g></l></v></tfr></token><token id="619218" text="часа"><tfr rev_id="1451464" t="часа"><v><l id="374736" t="час"><g v="NOUN"></g><g v="inan"></g><g v="masc"></g><g v="sing"></g><g v="gen1"></g></l></v></tfr></token><token id="619219" text="фрагмент"><tfr rev_id="1451465" t="фрагмент"><v><l id="367827" t="фрагмент"><g v="NOUN"></g><g v="inan"></g><g v="masc"></g><g v="sing"></g><g v="nomn"></g></l></v><v><l id="367827" t="фрагмент"><g v="NOUN"></g><g v="inan"></g><g v="masc"></g><g v="sing"></g><g v="accs"></g></l></v></tfr></token><token id="619220" text="крыши"><tfr rev_id="3468929" t="крыши"><v><l id="144000" t="крыша"><g v="NOUN"></g><g v="inan"></g><g v="femn"></g><g v="sing"></g><g v="gent"></g></l></v></tfr></token><token id="619221" text="обрушился"><tfr rev_id="1451467" t="обрушился"><v><l id="199330" t="обрушился"><g v="VERB"></g><g v="perf"></g><g v="intr"></g><g v="masc"></g><g v="sing"></g><g v="past"></g><g v="indc"></g></l></v></tfr></token><token id="619222" text="под"><tfr rev_id="2603785" t="под"><v><l id="243755" t="под"><g v="PREP"></g></l></v></tfr></token><token id="619223" text="тяжестью"><tfr rev_id="1451469" t="тяжестью"><v><l id="352737" t="тяжесть"><g v="NOUN"></g><g v="inan"></g><g v="femn"></g><g v="sing"></g><g v="ablt"></g></l></v></tfr></token><token id="619224" text="снега"><tfr rev_id="3495943" t="снега"><v><l id="327215" t="снег"><g v="NOUN"></g><g v="inan"></g><g v="masc"></g><g v="sing"></g><g v="gen1"></g></l></v></tfr></token><token id="619225" text="."><tfr rev_id="1451471" t="."><v><l id="0" t="."><g v="PNCT"></g></l></v></tfr></token></tokens></sentence><sentence id="34661"><source>Затем 25 декабря менеджмент стадиона совместно с независимыми экспертами принял решение об отмене шоу 30 декабря.</source><tokens><token id="619226" text="Затем"><tfr rev_id="1451472" t="Затем"><v><l id="111250" t="затем"><g v="ADVB"></g><g v="Dmns"></g></l></v></tfr></token><token id="619227" text="25"><tfr rev_id="2461916" t="25"><v><l id="0" t="25"><g v="NUMB"></g></l></v></tfr></token><token id="619228" text="декабря"><tfr rev_id="1451474" t="декабря"><v><l id="80133" t="декабрь"><g v="NOUN"></g><g v="inan"></g><g v="masc"></g><g v="sing"></g><g v="gent"></g></l></v></tfr></token><token id="619229" text="менеджмент"><tfr rev_id="4105866" t="менеджмент"><v><l id="158342" t="менеджмент"><g v="NOUN"></g><g v="inan"></g><g v="masc"></g><g v="sing"></g><g v="nomn"></g></l></v></tfr></token><token id="619230" text="стадиона"><tfr rev_id="1451476" t="стадиона"><v><l id="334413" t="стадион"><g v="NOUN"></g><g v="inan"></g><g v="masc"></g><g v="sing"></g><g v="gent"></g></l></v></tfr></token><token id="619231" text="совместно"><tfr rev_id="1451477" t="совместно"><v><l id="328111" t="совместно"><g v="ADVB"></g><g v="Prdx"></g></l></v><v><l id="328116" t="совместен"><g v="ADJS"></g><g v="Qual"></g><g v="neut"></g><g v="sing"></g></l></v></tfr></token><token id="619232" text="с"><tfr rev_id="1451478" t="с"><v><l id="311151" t="с"><g v="PREP"></g></l></v></tfr></token><token id="619233" text="независимыми"><tfr rev_id="1451479" t="независимыми"><v><l id="182131" t="независимый"><g v="ADJF"></g><g v="Qual"></g><g v="plur"></g><g v="ablt"></g></l></v></tfr></token><token id="619234" text="экспертами"><tfr rev_id="1451480" t="экспертами"><v><l id="383582" t="эксперт"><g v="NOUN"></g><g v="anim"></g><g v="masc"></g><g v="plur"></g><g v="ablt"></g></l></v></tfr></token><token id="619235" text="принял"><tfr rev_id="1451481" t="принял"><v><l id="272700" t="принял"><g v="VERB"></g><g v="perf"></g><g v="tran"></g><g v="masc"></g><g v="sing"></g><g v="past"></g><g v="indc"></g></l></v></tfr></token><token id="619236" text="решение"><tfr rev_id="3300927" t="решение"><v><l id="307350" t="решение"><g v="NOUN"></g><g v="inan"></g><g v="neut"></g><g v="sing"></g><g v="accs"></g></l></v></tfr></token><token id="619237" text="об"><tfr rev_id="2921237" t="об"><v><l id="192977" t="о"><g v="PREP"></g><g v="Vpre"></g></l></v></tfr></token><token id="619238" text="отмене"><tfr rev_id="3500280" t="отмене"><v><l id="215480" t="отмена"><g v="NOUN"></g><g v="inan"></g><g v="femn"></g><g v="sing"></g><g v="loct"></g></l></v></tfr></token><token id="619239" text="шоу"><tfr rev_id="4151762" t="шоу"><v><l id="380838" t="шоу"><g v="NOUN"></g><g v="inan"></g><g v="neut"></g><g v="Fixd"></g><g v="sing"></g><g v="gent"></g></l></v></tfr></token><token id="619240" text="30"><tfr rev_id="2461917" t="30"><v><l id="0" t="30"><g v="NUMB"></g></l></v></tfr></token><token id="619241" text="декабря"><tfr rev_id="1451487" t="декабря"><v><l id="80133" t="декабрь"><g v="NOUN"></g><g v="inan"></g><g v="masc"></g><g v="sing"></g><g v="gent"></g></l></v></tfr></token><token id="619242" text="."><tfr rev_id="1451488" t="."><v><l id="0" t="."><g v="PNCT"></g></l></v></tfr></token></tokens></sentence></paragraph><paragraph id="11056"><sentence id="34662"><source>«Приоритетом для нас является безопасность зрителей и спортсменов.</source><tokens><token id="619243" text="«"><tfr rev_id="2444235" t="«"><v><l id="0" t="«"><g v="PNCT"></g></l></v></tfr></token><token id="619244" text="Приоритетом"><tfr rev_id="1451490" t="Приоритетом"><v><l id="272826" t="приоритет"><g v="NOUN"></g><g v="inan"></g><g v="masc"></g><g v="sing"></g><g v="ablt"></g></l></v></tfr></token><token id="619245" text="для"><tfr rev_id="3442360" t="для"><v><l id="85032" t="для"><g v="PREP"></g></l></v></tfr></token><token id="619246" text="нас"><tfr rev_id="3703282" t="нас"><v><l id="165750" t="мы"><g v="NPRO"></g><g v="1per"></g><g v="plur"></g><g v="gent"></g></l></v></tfr></token><token id="619247" text="является"><tfr rev_id="1451493" t="является"><v><l id="387385" t="являюсь"><g v="VERB"></g><g v="impf"></g><g v="intr"></g><g v="sing"></g><g v="3per"></g><g v="pres"></g><g v="indc"></g></l></v></tfr></token><token id="619248" text="безопасность"><tfr rev_id="4097934" t="безопасность"><v><l id="26215" t="безопасность"><g v="NOUN"></g><g v="inan"></g><g v="femn"></g><g v="sing"></g><g v="nomn"></g></l></v></tfr></token><token id="619249" text="зрителей"><tfr rev_id="3713499" t="зрителей"><v><l id="116577" t="зритель"><g v="NOUN"></g><g v="anim"></g><g v="masc"></g><g v="plur"></g><g v="gent"></g></l></v></tfr></token><token id="619250" text="и"><tfr rev_id="3480637" t="и"><v><l id="116949" t="и"><g v="CONJ"></g></l></v></tfr></token><token id="619251" text="спортсменов"><tfr rev_id="2367457" t="спортсменов"><v><l id="332816" t="спортсмен"><g v="NOUN"></g><g v="anim"></g><g v="masc"></g><g v="plur"></g><g v="gent"></g></l></v></tfr></token><token id="619252" text="."><tfr rev_id="1451498" t="."><v><l id="0" t="."><g v="PNCT"></g></l></v></tfr></token></tokens></sentence><sentence id="34663"><source>Поэтому в данной ситуации возможно лишь одно решение: отмена гонки»,</source><tokens><token id="619253" text="Поэтому"><tfr rev_id="1451499" t="Поэтому"><v><l id="265490" t="поэтому"><g v="ADVB"></g></l></v></tfr></token><token id="619254" text="в"><tfr rev_id="1451500" t="в"><v><l id="37409" t="в"><g v="PREP"></g></l></v></tfr></token><token id="619255" text="данной"><tfr rev_id="4470115" t="данной"><v><l id="78303" t="данный"><g v="ADJF"></g><g v="Apro"></g><g v="femn"></g><g v="sing"></g><g v="gent"></g></l></v><v><l id="78303" t="данный"><g v="ADJF"></g><g v="Apro"></g><g v="femn"></g><g v="sing"></g><g v="datv"></g></l></v><v><l id="78303" t="данный"><g v="ADJF"></g><g v="Apro"></g><g v="femn"></g><g v="sing"></g><g v="ablt"></g></l></v><v><l id="78303" t="данный"><g v="ADJF"></g><g v="Apro"></g><g v="femn"></g><g v="sing"></g><g v="loct"></g></l></v><v><l id="78549" t="данный"><g v="PRTF"></g><g v="perf"></g><g v="tran"></g><g v="past"></g><g v="pssv"></g><g v="femn"></g><g v="sing"></g><g v="gent"></g></l></v><v><l id="78549" t="данный"><g v="PRTF"></g><g v="perf"></g><g v="tran"></g><g v="past"></g><g v="pssv"></g><g v="femn"></g><g v="sing"></g><g v="datv"></g></l></v><v><l id="78549" t="данный"><g v="PRTF"></g><g v="perf"></g><g v="tran"></g><g v="past"></g><g v="pssv"></g><g v="femn"></g><g v="sing"></g><g v="ablt"></g></l></v><v><l id="78549" t="данный"><g v="PRTF"></g><g v="perf"></g><g v="tran"></g><g v="past"></g><g v="pssv"></g><g v="femn"></g><g v="sing"></g><g v="loct"></g></l></v></tfr></token><token id="619256" text="ситуации"><tfr rev_id="4343749" t="ситуации"><v><l id="321441" t="ситуация"><g v="NOUN"></g><g v="inan"></g><g v="femn"></g><g v="sing"></g><g v="loct"></g></l></v></tfr></token><token id="619257" text="возможно"><tfr rev_id="1451503" t="возможно"><v><l id="49408" t="возможно"><g v="ADVB"></g><g v="Prdx"></g></l></v><v><l id="49409" t="возможно"><g v="CONJ"></g><g v="Prnt"></g></l></v><v><l id="49413" t="возможен"><g v="ADJS"></g><g v="Qual"></g><g v="neut"></g><g v="sing"></g></l></v></tfr></token><token id="619258" text="лишь"><tfr rev_id="1451504" t="лишь"><v><l id="150259" t="лишь"><g v="CONJ"></g></l></v><v><l id="150260" t="лишь"><g v="PRCL"></g></l></v></tfr></token><token id="619259" text="одно"><tfr rev_id="4303078" t="одно"><v><l id="203319" t="один"><g v="ADJF"></g><g v="Apro"></g><g v="Anum"></g><g v="neut"></g><g v="sing"></g><g v="nomn"></g></l></v><v><l id="203319" t="один"><g v="ADJF"></g><g v="Apro"></g><g v="Anum"></g><g v="neut"></g><g v="sing"></g><g v="accs"></g></l></v></tfr></token><token id="619260" text="решение"><tfr rev_id="3506532" t="решение"><v><l id="307350" t="решение"><g v="NOUN"></g><g v="inan"></g><g v="neut"></g><g v="sing"></g><g v="nomn"></g></l></v></tfr></token><token id="619261" text=":"><tfr rev_id="1451507" t=":"><v><l id="0" t=":"><g v="PNCT"></g></l></v></tfr></token><token id="619262" text="отмена"><tfr rev_id="1451508" t="отмена"><v><l id="215480" t="отмена"><g v="NOUN"></g><g v="inan"></g><g v="femn"></g><g v="sing"></g><g v="nomn"></g></l></v></tfr></token><token id="619263" text="гонки"><tfr rev_id="3524193" t="гонки"><v><l id="72927" t="гонка"><g v="NOUN"></g><g v="inan"></g><g v="femn"></g><g v="sing"></g><g v="gent"></g></l></v></tfr></token><token id="619264" text="»"><tfr rev_id="2444236" t="»"><v><l id="0" t="»"><g v="PNCT"></g></l></v></tfr></token><token id="619265" text=","><tfr rev_id="1451511" t=","><v><l id="0" t=","><g v="PNCT"></g></l></v></tfr></token></tokens></sentence><sentence id="34664"><source>— сказал управляющий директор стадиона Рюдигер Мендеге.</source><tokens><token id="619266" text="—"><tfr rev_id="2444237" t="—"><v><l id="0" t="—"><g v="PNCT"></g></l></v></tfr></token><token id="619267" text="сказал"><tfr rev_id="1451513" t="сказал"><v><l id="321532" t="сказал"><g v="VERB"></g><g v="perf"></g><g v="tran"></g><g v="masc"></g><g v="sing"></g><g v="past"></g><g v="indc"></g></l></v></tfr></token><token id="619268" text="управляющий"><tfr rev_id="4505908" t="управляющий"><v><l id="359220" t="управляющий"><g v="PRTF"></g><g v="Subx"></g><g v="impf"></g><g v="intr"></g><g v="pres"></g><g v="actv"></g><g v="masc"></g><g v="sing"></g><g v="nomn"></g></l></v><v><l id="359220" t="управляющий"><g v="PRTF"></g><g v="Subx"></g><g v="impf"></g><g v="intr"></g><g v="pres"></g><g v="actv"></g><g v="inan"></g><g v="masc"></g><g v="sing"></g><g v="accs"></g></l></v></tfr></token><token id="619269" text="директор"><tfr rev_id="1451515" t="директор"><v><l id="84214" t="директор"><g v="NOUN"></g><g v="anim"></g><g v="masc"></g><g v="sing"></g><g v="nomn"></g></l></v></tfr></token><token id="619270" text="стадиона"><tfr rev_id="1451516" t="стадиона"><v><l id="334413" t="стадион"><g v="NOUN"></g><g v="inan"></g><g v="masc"></g><g v="sing"></g><g v="gent"></g></l></v></tfr></token><token id="619271" text="Рюдигер"><tfr rev_id="1451517" t="Рюдигер"><v><l id="0" t="рюдигер"><g v="UNKN"></g></l></v></tfr></token><token id="619272" text="Мендеге"><tfr rev_id="1451518" t="Мендеге"><v><l id="0" t="мендеге"><g v="UNKN"></g></l></v></tfr></token><token id="619273" text="."><tfr rev_id="1451519" t="."><v><l id="0" t="."><g v="PNCT"></g></l></v></tfr></token></tokens></sentence></paragraph><paragraph id="11057"><sentence id="34665"><source>Однако организаторы обещают всё же провести гонку в первом квартале 2011 года.</source><tokens><token id="619274" text="Однако"><tfr rev_id="3671963" t="Однако"><v><l id="203387" t="однако"><g v="CONJ"></g><g v="Prnt"></g></l></v></tfr></token><token id="619275" text="организаторы"><tfr rev_id="1451521" t="организаторы"><v><l id="208741" t="организатор"><g v="NOUN"></g><g v="anim"></g><g v="masc"></g><g v="plur"></g><g v="nomn"></g></l></v></tfr></token><token id="619276" text="обещают"><tfr rev_id="1451522" t="обещают"><v><l id="195055" t="обещал"><g v="VERB"></g><g v="perf"></g><g v="tran"></g><g v="plur"></g><g v="3per"></g><g v="futr"></g><g v="indc"></g></l></v><v><l id="195056" t="обещаю"><g v="VERB"></g><g v="impf"></g><g v="tran"></g><g v="plur"></g><g v="3per"></g><g v="pres"></g><g v="indc"></g></l></v></tfr></token><token id="619277" text="всё"><tfr rev_id="4504879" t="всё"><v><l id="390209" t="всё"><g v="PRCL"></g></l></v></tfr></token><token id="619278" text="же"><tfr rev_id="1451524" t="же"><v><l id="96208" t="же"><g v="CONJ"></g></l></v><v><l id="96209" t="же"><g v="PRCL"></g></l></v></tfr></token><token id="619279" text="провести"><tfr rev_id="1451525" t="провести"><v><l id="277831" t="провести"><g v="INFN"></g><g v="perf"></g><g v="tran"></g></l></v></tfr></token><token id="619280" text="гонку"><tfr rev_id="1451526" t="гонку"><v><l id="72927" t="гонка"><g v="NOUN"></g><g v="inan"></g><g v="femn"></g><g v="sing"></g><g v="accs"></g></l></v></tfr></token><token id="619281" text="в"><tfr rev_id="1451527" t="в"><v><l id="37409" t="в"><g v="PREP"></g></l></v></tfr></token><token id="619282" text="первом"><tfr rev_id="4306792" t="первом"><v><l id="226359" t="первый"><g v="ADJF"></g><g v="Anum"></g><g v="masc"></g><g v="sing"></g><g v="loct"></g></l></v></tfr></token><token id="619283" text="квартале"><tfr rev_id="1451529" t="квартале"><v><l id="132007" t="квартал"><g v="NOUN"></g><g v="inan"></g><g v="masc"></g><g v="sing"></g><g v="loct"></g></l></v></tfr></token><token id="619284" text="2011"><tfr rev_id="2461918" t="2011"><v><l id="0" t="2011"><g v="NUMB"></g></l></v></tfr></token><token id="619285" text="года"><tfr rev_id="3451241" t="года"><v><l id="72149" t="год"><g v="NOUN"></g><g v="inan"></g><g v="masc"></g><g v="sing"></g><g v="gen1"></g></l></v></tfr></token><token id="619286" text="."><tfr rev_id="1451532" t="."><v><l id="0" t="."><g v="PNCT"></g></l></v></tfr></token></tokens></sentence></paragraph><paragraph id="11058"><sentence id="34666"><source>Напомним, в этом году от России в коммерческом соревновании должны были выступить Евгений Устюгов и Светлана Слепцова.</source><tokens><token id="619287" text="Напомним"><tfr rev_id="1451533" t="Напомним"><v><l id="173892" t="напомнил"><g v="VERB"></g><g v="perf"></g><g v="tran"></g><g v="plur"></g><g v="1per"></g><g v="futr"></g><g v="indc"></g></l></v><v><l id="173892" t="напомнил"><g v="VERB"></g><g v="perf"></g><g v="tran"></g><g v="sing"></g><g v="impr"></g><g v="incl"></g></l></v></tfr></token><token id="619288" text=","><tfr rev_id="1451534" t=","><v><l id="0" t=","><g v="PNCT"></g></l></v></tfr></token><token id="619289" text="в"><tfr rev_id="1451535" t="в"><v><l id="37409" t="в"><g v="PREP"></g></l></v></tfr></token><token id="619290" text="этом"><tfr rev_id="4435744" t="этом"><v><l id="386581" t="этот"><g v="ADJF"></g><g v="Subx"></g><g v="Apro"></g><g v="Anph"></g><g v="masc"></g><g v="sing"></g><g v="loct"></g></l></v><v><l id="386581" t="этот"><g v="ADJF"></g><g v="Subx"></g><g v="Apro"></g><g v="Anph"></g><g v="neut"></g><g v="sing"></g><g v="loct"></g></l></v></tfr></token><token id="619291" text="году"><tfr rev_id="2964016" t="году"><v><l id="72149" t="год"><g v="NOUN"></g><g v="inan"></g><g v="masc"></g><g v="sing"></g><g v="loc2"></g></l></v></tfr></token><token id="619292" text="от"><tfr rev_id="1451538" t="от"><v><l id="211644" t="от"><g v="PREP"></g></l></v></tfr></token><token id="619293" text="России"><tfr rev_id="3454789" t="России"><v><l id="309322" t="россия"><g v="NOUN"></g><g v="inan"></g><g v="femn"></g><g v="Sgtm"></g><g v="Geox"></g><g v="sing"></g><g v="gent"></g></l></v></tfr></token><token id="619294" text="в"><tfr rev_id="1451540" t="в"><v><l id="37409" t="в"><g v="PREP"></g></l></v></tfr></token><token id="619295" text="коммерческом"><tfr rev_id="3285082" t="коммерческом"><v><l id="137021" t="коммерческий"><g v="ADJF"></g><g v="neut"></g><g v="sing"></g><g v="loct"></g></l></v></tfr></token><token id="619296" text="соревновании"><tfr rev_id="1451542" t="соревновании"><v><l id="330012" t="соревнование"><g v="NOUN"></g><g v="inan"></g><g v="neut"></g><g v="sing"></g><g v="loct"></g></l></v></tfr></token><token id="619297" text="должны"><tfr rev_id="2559312" t="должны"><v><l id="87975" t="должен"><g v="ADJS"></g><g v="plur"></g></l></v></tfr></token><token id="619298" text="были"><tfr rev_id="1714608" t="были"><v><l id="37265" t="есть"><g v="VERB"></g><g v="impf"></g><g v="intr"></g><g v="plur"></g><g v="past"></g><g v="indc"></g></l></v></tfr></token><token id="619299" text="выступить"><tfr rev_id="1451545" t="выступить"><v><l id="62886" t="выступить"><g v="INFN"></g><g v="perf"></g><g v="intr"></g></l></v></tfr></token><token id="619300" text="Евгений"><tfr rev_id="3483860" t="Евгений"><v><l id="93848" t="евгений"><g v="NOUN"></g><g v="anim"></g><g v="masc"></g><g v="Name"></g><g v="sing"></g><g v="nomn"></g></l></v></tfr></token><token id="619301" text="Устюгов"><tfr rev_id="3440448" t="Устюгов"><v><l id="361402" t="устюгов"><g v="NOUN"></g><g v="anim"></g><g v="masc"></g><g v="Sgtm"></g><g v="Surn"></g><g v="sing"></g><g v="nomn"></g></l></v></tfr></token><token id="619302" text="и"><tfr rev_id="1451548" t="и"><v><l id="116949" t="и"><g v="CONJ"></g></l></v><v><l id="116950" t="и"><g v="INTJ"></g></l></v></tfr></token><token id="619303" text="Светлана"><tfr rev_id="1451549" t="Светлана"><v><l id="315513" t="светлана"><g v="NOUN"></g><g v="anim"></g><g v="femn"></g><g v="Name"></g><g v="sing"></g><g v="nomn"></g></l></v></tfr></token><token id="619304" text="Слепцова"><tfr rev_id="1451550" t="Слепцова"><v><l id="0" t="слепцова"><g v="UNKN"></g></l></v></tfr></token><token id="619305" text="."><tfr rev_id="1451551" t="."><v><l id="0" t="."><g v="PNCT"></g></l></v></tfr></token></tokens></sentence><sentence id="34667"><source>Организаторы планировали в программе шоу гонку звёзд биатлона прошлых лет, таких как Уши Дизель, Рико Гросс и многих других.</source><tokens><token id="619306" text="Организаторы"><tfr rev_id="1451552" t="Организаторы"><v><l id="208741" t="организатор"><g v="NOUN"></g><g v="anim"></g><g v="masc"></g><g v="plur"></g><g v="nomn"></g></l></v></tfr></token><token id="619307" text="планировали"><tfr rev_id="1451553" t="планировали"><v><l id="239713" t="планирую"><g v="VERB"></g><g v="impf"></g><g v="tran"></g><g v="plur"></g><g v="past"></g><g v="indc"></g></l></v></tfr></token><token id="619308" text="в"><tfr rev_id="1451554" t="в"><v><l id="37409" t="в"><g v="PREP"></g></l></v></tfr></token><token id="619309" text="программе"><tfr rev_id="3557082" t="программе"><v><l id="278686" t="программа"><g v="NOUN"></g><g v="inan"></g><g v="femn"></g><g v="sing"></g><g v="loct"></g></l></v></tfr></token><token id="619310" text="шоу"><tfr rev_id="3648206" t="шоу"><v><l id="380838" t="шоу"><g v="NOUN"></g><g v="inan"></g><g v="neut"></g><g v="Fixd"></g><g v="sing"></g><g v="gent"></g></l></v></tfr></token><token id="619311" text="гонку"><tfr rev_id="1451557" t="гонку"><v><l id="72927" t="гонка"><g v="NOUN"></g><g v="inan"></g><g v="femn"></g><g v="sing"></g><g v="accs"></g></l></v></tfr></token><token id="619312" text="звёзд"><tfr rev_id="4341787" t="звёзд"><v><l id="114379" t="звезда"><g v="NOUN"></g><g v="anim"></g><g v="femn"></g><g v="plur"></g><g v="gent"></g></l></v></tfr></token><token id="619313" text="биатлона"><tfr rev_id="1451559" t="биатлона"><v><l id="29278" t="биатлон"><g v="NOUN"></g><g v="inan"></g><g v="masc"></g><g v="sing"></g><g v="gent"></g></l></v></tfr></token><token id="619314" text="прошлых"><tfr rev_id="4427100" t="прошлых"><v><l id="287715" t="прошлый"><g v="ADJF"></g><g v="plur"></g><g v="gent"></g></l></v></tfr></token><token id="619315" text="лет"><tfr rev_id="3496267" t="лет"><v><l id="72149" t="год"><g v="NOUN"></g><g v="inan"></g><g v="masc"></g><g v="plur"></g><g v="gent"></g></l></v></tfr></token><token id="619316" text=","><tfr rev_id="1451562" t=","><v><l id="0" t=","><g v="PNCT"></g></l></v></tfr></token><token id="619317" text="таких"><tfr rev_id="3285425" t="таких"><v><l id="342491" t="такой"><g v="ADJF"></g><g v="Apro"></g><g v="plur"></g><g v="gent"></g></l></v></tfr></token><token id="619318" text="как"><tfr rev_id="1451564" t="как"><v><l id="128190" t="как"><g v="CONJ"></g></l></v><v><l id="128191" t="как"><g v="PRCL"></g></l></v><v><l id="128192" t="как"><g v="ADVB"></g><g v="Ques"></g></l></v></tfr></token><token id="619319" text="Уши"><tfr rev_id="3409728" t="Уши"><v><l id="0" t="Уши"><g v="UNKN"></g></l></v></tfr></token><token id="619320" text="Дизель"><tfr rev_id="2782596" t="Дизель"><v><l id="0" t="Дизель"><g v="UNKN"></g></l></v></tfr></token><token id="619321" text=","><tfr rev_id="1451567" t=","><v><l id="0" t=","><g v="PNCT"></g></l></v></tfr></token><token id="619322" text="Рико"><tfr rev_id="3126330" t="Рико"><v><l id="307652" t="рико"><g v="NOUN"></g><g v="anim"></g><g v="masc"></g><g v="Sgtm"></g><g v="Fixd"></g><g v="Name"></g><g v="sing"></g><g v="nomn"></g></l></v></tfr></token><token id="619323" text="Гросс"><tfr rev_id="4102771" t="Гросс"><v><l id="0" t="Гросс"><g v="UNKN"></g></l></v></tfr></token><token id="619324" text="и"><tfr rev_id="1451570" t="и"><v><l id="116949" t="и"><g v="CONJ"></g></l></v><v><l id="116950" t="и"><g v="INTJ"></g></l></v></tfr></token><token id="619325" text="многих"><tfr rev_id="3272899" t="многих"><v><l id="161427" t="многий"><g v="ADJF"></g><g v="Apro"></g><g v="plur"></g><g v="gent"></g></l></v><v><l id="161427" t="многий"><g v="ADJF"></g><g v="Apro"></g><g v="anim"></g><g v="plur"></g><g v="accs"></g></l></v><v><l id="161427" t="многий"><g v="ADJF"></g><g v="Apro"></g><g v="plur"></g><g v="loct"></g></l></v></tfr></token><token id="619326" text="других"><tfr rev_id="3562117" t="других"><v><l id="92342" t="другой"><g v="ADJF"></g><g v="Apro"></g><g v="Subx"></g><g v="plur"></g><g v="gent"></g></l></v><v><l id="92342" t="другой"><g v="ADJF"></g><g v="Apro"></g><g v="Subx"></g><g v="anim"></g><g v="plur"></g><g v="accs"></g></l></v><v><l id="92342" t="другой"><g v="ADJF"></g><g v="Apro"></g><g v="Subx"></g><g v="plur"></g><g v="loct"></g></l></v></tfr></token><token id="619327" text="."><tfr rev_id="1451573" t="."><v><l id="0" t="."><g v="PNCT"></g></l></v></tfr></token></tokens></sentence></paragraph><paragraph id="11059"><sentence id="34668"><source>Кроме того, в этот раз впервые планировалось применить в соревнованиях лазерные винтовки.</source><tokens><token id="619328" text="Кроме"><tfr rev_id="1451574" t="Кроме"><v><l id="143259" t="кроме"><g v="PREP"></g></l></v></tfr></token><token id="619329" text="того"><tfr rev_id="4400148" t="того"><v><l id="348430" t="тот"><g v="ADJF"></g><g v="Subx"></g><g v="Apro"></g><g v="Anph"></g><g v="neut"></g><g v="sing"></g><g v="gent"></g></l></v></tfr></token><token id="619330" text=","><tfr rev_id="1451576" t=","><v><l id="0" t=","><g v="PNCT"></g></l></v></tfr></token><token id="619331" text="в"><tfr rev_id="1451577" t="в"><v><l id="37409" t="в"><g v="PREP"></g></l></v></tfr></token><token id="619332" text="этот"><tfr rev_id="4432099" t="этот"><v><l id="386581" t="этот"><g v="ADJF"></g><g v="Subx"></g><g v="Apro"></g><g v="Anph"></g><g v="masc"></g><g v="sing"></g><g v="nomn"></g></l></v><v><l id="386581" t="этот"><g v="ADJF"></g><g v="Subx"></g><g v="Apro"></g><g v="Anph"></g><g v="inan"></g><g v="masc"></g><g v="sing"></g><g v="accs"></g></l></v></tfr></token><token id="619333" text="раз"><tfr rev_id="4510756" t="раз"><v><l id="291500" t="раз"><g v="NOUN"></g><g v="inan"></g><g v="masc"></g><g v="sing"></g><g v="nomn"></g></l></v><v><l id="291500" t="раз"><g v="NOUN"></g><g v="inan"></g><g v="masc"></g><g v="sing"></g><g v="accs"></g></l></v></tfr></token><token id="619334" text="впервые"><tfr rev_id="1451580" t="впервые"><v><l id="52345" t="впервые"><g v="ADVB"></g></l></v></tfr></token><token id="619335" text="планировалось"><tfr rev_id="1451581" t="планировалось"><v><l id="239722" t="планируюсь"><g v="VERB"></g><g v="impf"></g><g v="intr"></g><g v="neut"></g><g v="sing"></g><g v="past"></g><g v="indc"></g></l></v></tfr></token><token id="619336" text="применить"><tfr rev_id="1451582" t="применить"><v><l id="271953" t="применить"><g v="INFN"></g><g v="perf"></g><g v="tran"></g></l></v></tfr></token><token id="619337" text="в"><tfr rev_id="1451583" t="в"><v><l id="37409" t="в"><g v="PREP"></g></l></v></tfr></token><token id="619338" text="соревнованиях"><tfr rev_id="1451584" t="соревнованиях"><v><l id="330012" t="соревнование"><g v="NOUN"></g><g v="inan"></g><g v="neut"></g><g v="plur"></g><g v="loct"></g></l></v></tfr></token><token id="619339" text="лазерные"><tfr rev_id="3758146" t="лазерные"><v><l id="146410" t="лазерный"><g v="ADJF"></g><g v="inan"></g><g v="plur"></g><g v="accs"></g></l></v></tfr></token><token id="619340" text="винтовки"><tfr rev_id="3757981" t="винтовки"><v><l id="45347" t="винтовка"><g v="NOUN"></g><g v="inan"></g><g v="femn"></g><g v="plur"></g><g v="accs"></g></l></v></tfr></token><token id="619341" text="."><tfr rev_id="1451587" t="."><v><l id="0" t="."><g v="PNCT"></g></l></v></tfr></token></tokens></sentence><sentence id="34669"><source>Помимо особой зрелищности, такое решение должно было обеспечить полное задействование трибун стадиона.</source><tokens><token id="619342" text="Помимо"><tfr rev_id="1451588" t="Помимо"><v><l id="257727" t="помимо"><g v="PREP"></g></l></v></tfr></token><token id="619343" text="особой"><tfr rev_id="4393155" t="особой"><v><l id="210653" t="особый"><g v="ADJF"></g><g v="femn"></g><g v="sing"></g><g v="gent"></g></l></v></tfr></token><token id="619344" text="зрелищности"><tfr rev_id="4343750" t="зрелищности"><v><l id="116544" t="зрелищность"><g v="NOUN"></g><g v="inan"></g><g v="femn"></g><g v="sing"></g><g v="gent"></g></l></v></tfr></token><token id="619345" text=","><tfr rev_id="1451591" t=","><v><l id="0" t=","><g v="PNCT"></g></l></v></tfr></token><token id="619346" text="такое"><tfr rev_id="1451592" t="такое"><v><l id="342491" t="такой"><g v="ADJF"></g><g v="Apro"></g><g v="neut"></g><g v="sing"></g><g v="nomn"></g></l></v><v><l id="342491" t="такой"><g v="ADJF"></g><g v="Apro"></g><g v="neut"></g><g v="sing"></g><g v="accs"></g></l></v></tfr></token><token id="619347" text="решение"><tfr rev_id="3708213" t="решение"><v><l id="307350" t="решение"><g v="NOUN"></g><g v="inan"></g><g v="neut"></g><g v="sing"></g><g v="nomn"></g></l></v></tfr></token><token id="619348" text="должно"><tfr rev_id="2559057" t="должно"><v><l id="87969" t="должно"><g v="PRED"></g><g v="pres"></g></l></v><v><l id="87975" t="должен"><g v="ADJS"></g><g v="neut"></g><g v="sing"></g></l></v></tfr></token><token id="619349" text="было"><tfr rev_id="2781016" t="было"><v><l id="37265" t="есть"><g v="VERB"></g><g v="impf"></g><g v="intr"></g><g v="neut"></g><g v="sing"></g><g v="past"></g><g v="indc"></g></l></v></tfr></token><token id="619350" text="обеспечить"><tfr rev_id="1451596" t="обеспечить"><v><l id="194763" t="обеспечить"><g v="INFN"></g><g v="perf"></g><g v="tran"></g></l></v></tfr></token><token id="619351" text="полное"><tfr rev_id="1451597" t="полное"><v><l id="256169" t="полный"><g v="ADJF"></g><g v="Qual"></g><g v="neut"></g><g v="sing"></g><g v="nomn"></g></l></v><v><l id="256169" t="полный"><g v="ADJF"></g><g v="Qual"></g><g v="neut"></g><g v="sing"></g><g v="accs"></g></l></v></tfr></token><token id="619352" text="задействование"><tfr rev_id="4360129" t="задействование"><v><l id="101516" t="задействование"><g v="NOUN"></g><g v="inan"></g><g v="neut"></g><g v="Sgtm"></g><g v="sing"></g><g v="accs"></g></l></v></tfr></token><token id="619353" text="трибун"><tfr rev_id="3483583" t="трибун"><v><l id="350010" t="трибуна"><g v="NOUN"></g><g v="inan"></g><g v="femn"></g><g v="plur"></g><g v="gent"></g></l></v></tfr></token><token id="619354" text="стадиона"><tfr rev_id="1451600" t="стадиона"><v><l id="334413" t="стадион"><g v="NOUN"></g><g v="inan"></g><g v="masc"></g><g v="sing"></g><g v="gent"></g></l></v></tfr></token><token id="619355" text="."><tfr rev_id="1451601" t="."><v><l id="0" t="."><g v="PNCT"></g></l></v></tfr></token></tokens></sentence><sentence id="34670"><source>Ранее одна из трибун, находящаяся позади стрельбища, оставлялась пустой из соображений безопасности.</source><tokens><token id="619356" text="Ранее"><tfr rev_id="1451602" t="Ранее"><v><l id="297884" t="ранее"><g v="ADVB"></g></l></v></tfr></token><token id="619357" text="одна"><tfr rev_id="4301869" t="одна"><v><l id="203319" t="один"><g v="ADJF"></g><g v="Apro"></g><g v="Anum"></g><g v="femn"></g><g v="sing"></g><g v="nomn"></g></l></v></tfr></token><token id="619358" text="из"><tfr rev_id="2603038" t="из"><v><l id="117677" t="из"><g v="PREP"></g></l></v></tfr></token><token id="619359" text="трибун"><tfr rev_id="3264448" t="трибун"><v><l id="350010" t="трибуна"><g v="NOUN"></g><g v="inan"></g><g v="femn"></g><g v="plur"></g><g v="gent"></g></l></v></tfr></token><token id="619360" text=","><tfr rev_id="1451606" t=","><v><l id="0" t=","><g v="PNCT"></g></l></v></tfr></token><token id="619361" text="находящаяся"><tfr rev_id="1451607" t="находящаяся"><v><l id="177900" t="находящийся"><g v="PRTF"></g><g v="impf"></g><g v="intr"></g><g v="pres"></g><g v="actv"></g><g v="femn"></g><g v="sing"></g><g v="nomn"></g></l></v></tfr></token><token id="619362" text="позади"><tfr rev_id="4231454" t="позади"><v><l id="253360" t="позади"><g v="PREP"></g></l></v></tfr></token><token id="619363" text="стрельбища"><tfr rev_id="3433191" t="стрельбища"><v><l id="337405" t="стрельбище"><g v="NOUN"></g><g v="inan"></g><g v="neut"></g><g v="sing"></g><g v="gent"></g></l></v></tfr></token><token id="619364" text=","><tfr rev_id="1451610" t=","><v><l id="0" t=","><g v="PNCT"></g></l></v></tfr></token><token id="619365" text="оставлялась"><tfr rev_id="1451611" t="оставлялась"><v><l id="210831" t="оставляюсь"><g v="VERB"></g><g v="impf"></g><g v="intr"></g><g v="femn"></g><g v="sing"></g><g v="past"></g><g v="indc"></g></l></v></tfr></token><token id="619366" text="пустой"><tfr rev_id="4316815" t="пустой"><v><l id="289404" t="пустой"><g v="ADJF"></g><g v="Qual"></g><g v="femn"></g><g v="sing"></g><g v="ablt"></g></l></v></tfr></token><token id="619367" text="из"><tfr rev_id="2602584" t="из"><v><l id="117677" t="из"><g v="PREP"></g></l></v></tfr></token><token id="619368" text="соображений"><tfr rev_id="1451614" t="соображений"><v><l id="329484" t="соображение"><g v="NOUN"></g><g v="inan"></g><g v="neut"></g><g v="plur"></g><g v="gent"></g></l></v></tfr></token><token id="619369" text="безопасности"><tfr rev_id="4343751" t="безопасности"><v><l id="26215" t="безопасность"><g v="NOUN"></g><g v="inan"></g><g v="femn"></g><g v="sing"></g><g v="gent"></g></l></v></tfr></token><token id="619370" text="."><tfr rev_id="1451616" t="."><v><l id="0" t="."><g v="PNCT"></g></l></v></tfr></token></tokens></sentence></paragraph></paragraphs></text>