<?xml version="1.0" encoding="utf-8"?><text id="118" parent="56" name="Финансирование Теватрона будет остановлено"><tags><tag>Автор:http://ru.wikinews.org/wiki/Участник:Artem Korzhimanov</tag><tag>url:http://ru.wikinews.org/w/index.php?title=Финансирование_Теватрона_будет_остановлено&amp;oldid=60725</tag><tag>Дата:11/01</tag><tag>Год:2011</tag><tag>Тема:ВикиКатегория:Наука и технологии/Физика</tag><tag>Гео:ВикиКатегория:США</tag></tags><paragraphs><paragraph id="2589"><sentence id="8188"><source>По всей видимости, протон-антипротонный коллайдер Теватрон, расположенный в Фермилаб в Чикаго будет закрыт в октябре 2011 года.</source><tokens><token id="156849" text="По"><tfr rev_id="991664" t="По"><v><l id="241240" t="по"><g v="PREP"></g></l></v></tfr></token><token id="156850" text="всей"><tfr rev_id="4399516" t="всей"><v><l id="42156" t="весь"><g v="ADJF"></g><g v="Subx"></g><g v="Apro"></g><g v="femn"></g><g v="sing"></g><g v="datv"></g></l></v></tfr></token><token id="156851" text="видимости"><tfr rev_id="4289045" t="видимости"><v><l id="44587" t="видимость"><g v="NOUN"></g><g v="inan"></g><g v="femn"></g><g v="sing"></g><g v="datv"></g></l></v></tfr></token><token id="156852" text=","><tfr rev_id="991667" t=","><v><l id="0" t=","><g v="PNCT"></g></l></v></tfr></token><token id="156853" text="протон-антипротонный"><tfr rev_id="991668" t="протон-антипротонный"><v><l id="0" t="протон-антипротонный"><g v="UNKN"></g></l></v></tfr></token><token id="156854" text="коллайдер"><tfr rev_id="991669" t="коллайдер"><v><l id="136001" t="коллайдер"><g v="NOUN"></g><g v="inan"></g><g v="masc"></g><g v="sing"></g><g v="nomn"></g></l></v><v><l id="136001" t="коллайдер"><g v="NOUN"></g><g v="inan"></g><g v="masc"></g><g v="sing"></g><g v="accs"></g></l></v></tfr></token><token id="156855" text="Теватрон"><tfr rev_id="4215158" t="Теватрон"><v><l id="388975" t="теватрон"><g v="NOUN"></g><g v="inan"></g><g v="masc"></g><g v="sing"></g><g v="nomn"></g></l></v></tfr></token><token id="156856" text=","><tfr rev_id="991671" t=","><v><l id="0" t=","><g v="PNCT"></g></l></v></tfr></token><token id="156857" text="расположенный"><tfr rev_id="991672" t="расположенный"><v><l id="300105" t="расположенный"><g v="PRTF"></g><g v="perf"></g><g v="tran"></g><g v="past"></g><g v="pssv"></g><g v="masc"></g><g v="sing"></g><g v="nomn"></g></l></v><v><l id="300105" t="расположенный"><g v="PRTF"></g><g v="perf"></g><g v="tran"></g><g v="past"></g><g v="pssv"></g><g v="inan"></g><g v="masc"></g><g v="sing"></g><g v="accs"></g></l></v></tfr></token><token id="156858" text="в"><tfr rev_id="991673" t="в"><v><l id="37409" t="в"><g v="PREP"></g></l></v></tfr></token><token id="156859" text="Фермилаб"><tfr rev_id="991674" t="Фермилаб"><v><l id="0" t="фермилаб"><g v="UNKN"></g></l></v></tfr></token><token id="156860" text="в"><tfr rev_id="991675" t="в"><v><l id="37409" t="в"><g v="PREP"></g></l></v></tfr></token><token id="156861" text="Чикаго"><tfr rev_id="3490555" t="Чикаго"><v><l id="376373" t="чикаго"><g v="NOUN"></g><g v="inan"></g><g v="masc"></g><g v="Sgtm"></g><g v="Fixd"></g><g v="Geox"></g><g v="sing"></g><g v="loct"></g></l></v></tfr></token><token id="156862" text="будет"><tfr rev_id="991677" t="будет"><v><l id="37265" t="есть"><g v="VERB"></g><g v="impf"></g><g v="intr"></g><g v="sing"></g><g v="3per"></g><g v="futr"></g><g v="indc"></g></l></v></tfr></token><token id="156863" text="закрыт"><tfr rev_id="991678" t="закрыт"><v><l id="104246" t="закрыт"><g v="ADJS"></g><g v="Qual"></g><g v="masc"></g><g v="sing"></g></l></v><v><l id="104252" t="закрыт"><g v="PRTS"></g><g v="perf"></g><g v="past"></g><g v="pssv"></g><g v="masc"></g><g v="sing"></g></l></v></tfr></token><token id="156864" text="в"><tfr rev_id="991679" t="в"><v><l id="37409" t="в"><g v="PREP"></g></l></v></tfr></token><token id="156865" text="октябре"><tfr rev_id="991680" t="октябре"><v><l id="205725" t="октябрь"><g v="NOUN"></g><g v="inan"></g><g v="masc"></g><g v="sing"></g><g v="loct"></g></l></v></tfr></token><token id="156866" text="2011"><tfr rev_id="2456144" t="2011"><v><l id="0" t="2011"><g v="NUMB"></g></l></v></tfr></token><token id="156867" text="года"><tfr rev_id="3449755" t="года"><v><l id="72149" t="год"><g v="NOUN"></g><g v="inan"></g><g v="masc"></g><g v="sing"></g><g v="gen1"></g></l></v></tfr></token><token id="156868" text="."><tfr rev_id="991683" t="."><v><l id="0" t="."><g v="PNCT"></g></l></v></tfr></token></tokens></sentence><sentence id="8189"><source>Несмотря на то, что научные консультанты рекомендовали продлить его финансирование ещё на три года, Министерству энергетики США не удалось отыскать необходимые для этого средства.</source><tokens><token id="156869" text="Несмотря"><tfr rev_id="991684" t="Несмотря"><v><l id="188286" t="несмотря"><g v="PREP"></g></l></v></tfr></token><token id="156870" text="на"><tfr rev_id="3334876" t="на"><v><l id="166264" t="на"><g v="PREP"></g></l></v></tfr></token><token id="156871" text="то"><tfr rev_id="4347492" t="то"><v><l id="348430" t="тот"><g v="ADJF"></g><g v="Subx"></g><g v="Apro"></g><g v="Anph"></g><g v="neut"></g><g v="sing"></g><g v="nomn"></g></l></v><v><l id="348430" t="тот"><g v="ADJF"></g><g v="Subx"></g><g v="Apro"></g><g v="Anph"></g><g v="neut"></g><g v="sing"></g><g v="accs"></g></l></v></tfr></token><token id="156872" text=","><tfr rev_id="991687" t=","><v><l id="0" t=","><g v="PNCT"></g></l></v></tfr></token><token id="156873" text="что"><tfr rev_id="3192440" t="что"><v><l id="377004" t="что"><g v="CONJ"></g></l></v><v><l id="377005" t="что"><g v="NPRO"></g><g v="neut"></g><g v="sing"></g><g v="nomn"></g></l></v><v><l id="377005" t="что"><g v="NPRO"></g><g v="neut"></g><g v="sing"></g><g v="accs"></g></l></v><v><l id="377006" t="что"><g v="ADVB"></g><g v="Ques"></g></l></v><v><l id="388695" t="что"><g v="PRCL"></g></l></v></tfr></token><token id="156874" text="научные"><tfr rev_id="3814098" t="научные"><v><l id="177544" t="научный"><g v="ADJF"></g><g v="Qual"></g><g v="plur"></g><g v="nomn"></g></l></v></tfr></token><token id="156875" text="консультанты"><tfr rev_id="991690" t="консультанты"><v><l id="138287" t="консультант"><g v="NOUN"></g><g v="anim"></g><g v="masc"></g><g v="plur"></g><g v="nomn"></g></l></v></tfr></token><token id="156876" text="рекомендовали"><tfr rev_id="991691" t="рекомендовали"><v><l id="305730" t="рекомендовал"><g v="VERB"></g><g v="perf"></g><g v="tran"></g><g v="plur"></g><g v="past"></g><g v="indc"></g></l></v><v><l id="305731" t="рекомендую"><g v="VERB"></g><g v="impf"></g><g v="tran"></g><g v="plur"></g><g v="past"></g><g v="indc"></g></l></v></tfr></token><token id="156877" text="продлить"><tfr rev_id="991692" t="продлить"><v><l id="279161" t="продлить"><g v="INFN"></g><g v="perf"></g><g v="tran"></g></l></v></tfr></token><token id="156878" text="его"><tfr rev_id="4456425" t="его"><v><l id="94208" t="его"><g v="ADJF"></g><g v="Fixd"></g><g v="Apro"></g><g v="Anph"></g><g v="neut"></g><g v="sing"></g><g v="nomn"></g></l></v><v><l id="94208" t="его"><g v="ADJF"></g><g v="Fixd"></g><g v="Apro"></g><g v="Anph"></g><g v="neut"></g><g v="sing"></g><g v="gent"></g></l></v><v><l id="94208" t="его"><g v="ADJF"></g><g v="Fixd"></g><g v="Apro"></g><g v="Anph"></g><g v="neut"></g><g v="sing"></g><g v="datv"></g></l></v><v><l id="94208" t="его"><g v="ADJF"></g><g v="Fixd"></g><g v="Apro"></g><g v="Anph"></g><g v="neut"></g><g v="sing"></g><g v="accs"></g></l></v><v><l id="94208" t="его"><g v="ADJF"></g><g v="Fixd"></g><g v="Apro"></g><g v="Anph"></g><g v="neut"></g><g v="sing"></g><g v="ablt"></g></l></v><v><l id="94208" t="его"><g v="ADJF"></g><g v="Fixd"></g><g v="Apro"></g><g v="Anph"></g><g v="neut"></g><g v="sing"></g><g v="loct"></g></l></v></tfr></token><token id="156879" text="финансирование"><tfr rev_id="4348557" t="финансирование"><v><l id="366074" t="финансирование"><g v="NOUN"></g><g v="inan"></g><g v="neut"></g><g v="sing"></g><g v="accs"></g></l></v></tfr></token><token id="156880" text="ещё"><tfr rev_id="991695" t="ещё"><v><l id="95551" t="ещё"><g v="PRCL"></g></l></v><v><l id="95552" t="ещё"><g v="ADVB"></g></l></v></tfr></token><token id="156881" text="на"><tfr rev_id="3337546" t="на"><v><l id="166264" t="на"><g v="PREP"></g></l></v></tfr></token><token id="156882" text="три"><tfr rev_id="2635370" t="три"><v><l id="349973" t="три"><g v="NUMR"></g><g v="nomn"></g></l></v><v><l id="349973" t="три"><g v="NUMR"></g><g v="inan"></g><g v="accs"></g></l></v></tfr></token><token id="156883" text="года"><tfr rev_id="3444101" t="года"><v><l id="72149" t="год"><g v="NOUN"></g><g v="inan"></g><g v="masc"></g><g v="sing"></g><g v="gen1"></g></l></v></tfr></token><token id="156884" text=","><tfr rev_id="991699" t=","><v><l id="0" t=","><g v="PNCT"></g></l></v></tfr></token><token id="156885" text="Министерству"><tfr rev_id="991700" t="Министерству"><v><l id="160612" t="министерство"><g v="NOUN"></g><g v="inan"></g><g v="neut"></g><g v="sing"></g><g v="datv"></g></l></v></tfr></token><token id="156886" text="энергетики"><tfr rev_id="3443550" t="энергетики"><v><l id="385493" t="энергетика"><g v="NOUN"></g><g v="inan"></g><g v="femn"></g><g v="sing"></g><g v="gent"></g></l></v></tfr></token><token id="156887" text="США"><tfr rev_id="4285551" t="США"><v><l id="341371" t="сша"><g v="NOUN"></g><g v="inan"></g><g v="GNdr"></g><g v="Pltm"></g><g v="Fixd"></g><g v="Abbr"></g><g v="Geox"></g><g v="plur"></g><g v="gent"></g></l></v></tfr></token><token id="156888" text="не"><tfr rev_id="991703" t="не"><v><l id="178876" t="не"><g v="PRCL"></g></l></v></tfr></token><token id="156889" text="удалось"><tfr rev_id="991704" t="удалось"><v><l id="354717" t="удался"><g v="VERB"></g><g v="perf"></g><g v="intr"></g><g v="neut"></g><g v="sing"></g><g v="past"></g><g v="indc"></g></l></v></tfr></token><token id="156890" text="отыскать"><tfr rev_id="991705" t="отыскать"><v><l id="220779" t="отыскать"><g v="INFN"></g><g v="perf"></g><g v="tran"></g></l></v></tfr></token><token id="156891" text="необходимые"><tfr rev_id="3812884" t="необходимые"><v><l id="184808" t="необходимый"><g v="ADJF"></g><g v="Qual"></g><g v="inan"></g><g v="plur"></g><g v="accs"></g></l></v></tfr></token><token id="156892" text="для"><tfr rev_id="2922586" t="для"><v><l id="85032" t="для"><g v="PREP"></g></l></v></tfr></token><token id="156893" text="этого"><tfr rev_id="3501928" t="этого"><v><l id="386575" t="это"><g v="NPRO"></g><g v="neut"></g><g v="sing"></g><g v="gent"></g></l></v></tfr></token><token id="156894" text="средства"><tfr rev_id="3762115" t="средства"><v><l id="333716" t="средство"><g v="NOUN"></g><g v="inan"></g><g v="neut"></g><g v="plur"></g><g v="accs"></g></l></v></tfr></token><token id="156895" text="."><tfr rev_id="991710" t="."><v><l id="0" t="."><g v="PNCT"></g></l></v></tfr></token></tokens></sentence></paragraph><paragraph id="2590"><sentence id="8190"><source>Теватрон обладает долгой и яркой историей.</source><tokens><token id="156896" text="Теватрон"><tfr rev_id="3421234" t="Теватрон"><v><l id="388975" t="теватрон"><g v="NOUN"></g><g v="inan"></g><g v="masc"></g><g v="sing"></g><g v="nomn"></g></l></v><v><l id="388975" t="теватрон"><g v="NOUN"></g><g v="inan"></g><g v="masc"></g><g v="sing"></g><g v="accs"></g></l></v></tfr></token><token id="156897" text="обладает"><tfr rev_id="991712" t="обладает"><v><l id="196101" t="обладаю"><g v="VERB"></g><g v="impf"></g><g v="intr"></g><g v="sing"></g><g v="3per"></g><g v="pres"></g><g v="indc"></g></l></v></tfr></token><token id="156898" text="долгой"><tfr rev_id="4170967" t="долгой"><v><l id="87736" t="долгий"><g v="ADJF"></g><g v="Qual"></g><g v="femn"></g><g v="sing"></g><g v="ablt"></g></l></v></tfr></token><token id="156899" text="и"><tfr rev_id="991714" t="и"><v><l id="116949" t="и"><g v="CONJ"></g></l></v><v><l id="116950" t="и"><g v="INTJ"></g></l></v></tfr></token><token id="156900" text="яркой"><tfr rev_id="4428368" t="яркой"><v><l id="388042" t="яркий"><g v="ADJF"></g><g v="Qual"></g><g v="femn"></g><g v="sing"></g><g v="ablt"></g></l></v></tfr></token><token id="156901" text="историей"><tfr rev_id="991716" t="историей"><v><l id="126437" t="история"><g v="NOUN"></g><g v="inan"></g><g v="femn"></g><g v="sing"></g><g v="ablt"></g></l></v></tfr></token><token id="156902" text="."><tfr rev_id="991717" t="."><v><l id="0" t="."><g v="PNCT"></g></l></v></tfr></token></tokens></sentence><sentence id="8191"><source>За 25 лет работы на нём было сделано немало больших открытий.</source><tokens><token id="156903" text="За"><tfr rev_id="991718" t="За"><v><l id="98043" t="за"><g v="PREP"></g></l></v></tfr></token><token id="156904" text="25"><tfr rev_id="2456145" t="25"><v><l id="0" t="25"><g v="NUMB"></g></l></v></tfr></token><token id="156905" text="лет"><tfr rev_id="3439660" t="лет"><v><l id="72149" t="год"><g v="NOUN"></g><g v="inan"></g><g v="masc"></g><g v="plur"></g><g v="gent"></g></l></v></tfr></token><token id="156906" text="работы"><tfr rev_id="1717213" t="работы"><v><l id="290501" t="работа"><g v="NOUN"></g><g v="inan"></g><g v="femn"></g><g v="sing"></g><g v="gent"></g></l></v></tfr></token><token id="156907" text="на"><tfr rev_id="2905779" t="на"><v><l id="166264" t="на"><g v="PREP"></g></l></v><v><l id="388676" t="на"><g v="INTJ"></g></l></v></tfr></token><token id="156908" text="нём"><tfr rev_id="4529712" t="нём"><v><l id="206541" t="он"><g v="NPRO"></g><g v="masc"></g><g v="3per"></g><g v="Anph"></g><g v="sing"></g><g v="loct"></g><g v="Af-p"></g></l></v><v><l id="206649" t="оно"><g v="NPRO"></g><g v="neut"></g><g v="3per"></g><g v="Anph"></g><g v="sing"></g><g v="loct"></g><g v="Af-p"></g></l></v></tfr></token><token id="156909" text="было"><tfr rev_id="3124160" t="было"><v><l id="37265" t="есть"><g v="VERB"></g><g v="impf"></g><g v="intr"></g><g v="neut"></g><g v="sing"></g><g v="past"></g><g v="indc"></g></l></v></tfr></token><token id="156910" text="сделано"><tfr rev_id="991725" t="сделано"><v><l id="317250" t="сделан"><g v="PRTS"></g><g v="perf"></g><g v="past"></g><g v="pssv"></g><g v="neut"></g><g v="sing"></g></l></v></tfr></token><token id="156911" text="немало"><tfr rev_id="3653768" t="немало"><v><l id="183942" t="немало"><g v="ADVB"></g></l></v><v><l id="183948" t="немал"><g v="ADJS"></g><g v="neut"></g><g v="sing"></g></l></v><v><l id="389078" t="немало"><g v="NUMR"></g><g v="nomn"></g></l></v><v><l id="389078" t="немало"><g v="NUMR"></g><g v="accs"></g></l></v></tfr></token><token id="156912" text="больших"><tfr rev_id="4534694" t="больших"><v><l id="32439" t="больший"><g v="ADJF"></g><g v="Qual"></g><g v="plur"></g><g v="gent"></g></l></v><v><l id="32445" t="большой"><g v="ADJF"></g><g v="Qual"></g><g v="plur"></g><g v="gent"></g></l></v></tfr></token><token id="156913" text="открытий"><tfr rev_id="991728" t="открытий"><v><l id="214745" t="открытие"><g v="NOUN"></g><g v="inan"></g><g v="neut"></g><g v="plur"></g><g v="gent"></g></l></v></tfr></token><token id="156914" text="."><tfr rev_id="991729" t="."><v><l id="0" t="."><g v="PNCT"></g></l></v></tfr></token></tokens></sentence><sentence id="8192"><source>Так, именно на Теватроне был впервые получен T-кварк — самая тяжёлая из известных фундаментальных частиц.</source><tokens><token id="156915" text="Так"><tfr rev_id="991730" t="Так"><v><l id="342451" t="так"><g v="CONJ"></g></l></v><v><l id="342452" t="так"><g v="PRCL"></g></l></v><v><l id="342453" t="так"><g v="ADVB"></g><g v="Dmns"></g></l></v></tfr></token><token id="156916" text=","><tfr rev_id="991731" t=","><v><l id="0" t=","><g v="PNCT"></g></l></v></tfr></token><token id="156917" text="именно"><tfr rev_id="991732" t="именно"><v><l id="121584" t="именно"><g v="PRCL"></g></l></v></tfr></token><token id="156918" text="на"><tfr rev_id="3394816" t="на"><v><l id="166264" t="на"><g v="PREP"></g></l></v></tfr></token><token id="156919" text="Теватроне"><tfr rev_id="3421235" t="Теватроне"><v><l id="388975" t="теватрон"><g v="NOUN"></g><g v="inan"></g><g v="masc"></g><g v="sing"></g><g v="loct"></g></l></v></tfr></token><token id="156920" text="был"><tfr rev_id="991735" t="был"><v><l id="37265" t="есть"><g v="VERB"></g><g v="impf"></g><g v="intr"></g><g v="masc"></g><g v="sing"></g><g v="past"></g><g v="indc"></g></l></v></tfr></token><token id="156921" text="впервые"><tfr rev_id="991736" t="впервые"><v><l id="52345" t="впервые"><g v="ADVB"></g></l></v></tfr></token><token id="156922" text="получен"><tfr rev_id="991737" t="получен"><v><l id="256963" t="получен"><g v="PRTS"></g><g v="perf"></g><g v="past"></g><g v="pssv"></g><g v="masc"></g><g v="sing"></g></l></v></tfr></token><token id="156923" text="T-кварк"><tfr rev_id="991738" t="T-кварк"><v><l id="0" t="T-кварк"><g v="UNKN"></g></l></v></tfr></token><token id="156924" text="—"><tfr rev_id="2427064" t="—"><v><l id="0" t="—"><g v="PNCT"></g></l></v></tfr></token><token id="156925" text="самая"><tfr rev_id="991740" t="самая"><v><l id="313174" t="самый"><g v="ADJF"></g><g v="Apro"></g><g v="femn"></g><g v="sing"></g><g v="nomn"></g></l></v></tfr></token><token id="156926" text="тяжёлая"><tfr rev_id="991741" t="тяжёлая"><v><l id="352656" t="тяжёлый"><g v="ADJF"></g><g v="Qual"></g><g v="femn"></g><g v="sing"></g><g v="nomn"></g></l></v></tfr></token><token id="156927" text="из"><tfr rev_id="2603133" t="из"><v><l id="117677" t="из"><g v="PREP"></g></l></v></tfr></token><token id="156928" text="известных"><tfr rev_id="3703521" t="известных"><v><l id="118144" t="известный"><g v="ADJF"></g><g v="Qual"></g><g v="plur"></g><g v="gent"></g></l></v></tfr></token><token id="156929" text="фундаментальных"><tfr rev_id="3945662" t="фундаментальных"><v><l id="368633" t="фундаментальный"><g v="ADJF"></g><g v="Qual"></g><g v="plur"></g><g v="gent"></g></l></v></tfr></token><token id="156930" text="частиц"><tfr rev_id="991745" t="частиц"><v><l id="374766" t="частица"><g v="NOUN"></g><g v="inan"></g><g v="femn"></g><g v="plur"></g><g v="gent"></g></l></v></tfr></token><token id="156931" text="."><tfr rev_id="991746" t="."><v><l id="0" t="."><g v="PNCT"></g></l></v></tfr></token></tokens></sentence><sentence id="8193"><source>На Теватроне была измерена асимметрия материи и антиматерии в процессах, в которых она никогда ранее не наблюдалась.</source><tokens><token id="156932" text="На"><tfr rev_id="2905781" t="На"><v><l id="166264" t="на"><g v="PREP"></g></l></v><v><l id="388676" t="на"><g v="INTJ"></g></l></v></tfr></token><token id="156933" text="Теватроне"><tfr rev_id="3421236" t="Теватроне"><v><l id="388975" t="теватрон"><g v="NOUN"></g><g v="inan"></g><g v="masc"></g><g v="sing"></g><g v="loct"></g></l></v></tfr></token><token id="156934" text="была"><tfr rev_id="991749" t="была"><v><l id="37265" t="есть"><g v="VERB"></g><g v="impf"></g><g v="intr"></g><g v="femn"></g><g v="sing"></g><g v="past"></g><g v="indc"></g></l></v></tfr></token><token id="156935" text="измерена"><tfr rev_id="991750" t="измерена"><v><l id="119547" t="измерен"><g v="PRTS"></g><g v="perf"></g><g v="past"></g><g v="pssv"></g><g v="femn"></g><g v="sing"></g></l></v></tfr></token><token id="156936" text="асимметрия"><tfr rev_id="991751" t="асимметрия"><v><l id="18338" t="асимметрия"><g v="NOUN"></g><g v="inan"></g><g v="femn"></g><g v="sing"></g><g v="nomn"></g></l></v></tfr></token><token id="156937" text="материи"><tfr rev_id="4177989" t="материи"><v><l id="156277" t="материя"><g v="NOUN"></g><g v="inan"></g><g v="femn"></g><g v="sing"></g><g v="gent"></g></l></v></tfr></token><token id="156938" text="и"><tfr rev_id="991753" t="и"><v><l id="116949" t="и"><g v="CONJ"></g></l></v><v><l id="116950" t="и"><g v="INTJ"></g></l></v></tfr></token><token id="156939" text="антиматерии"><tfr rev_id="4289046" t="антиматерии"><v><l id="14297" t="антиматерия"><g v="NOUN"></g><g v="inan"></g><g v="femn"></g><g v="sing"></g><g v="gent"></g></l></v></tfr></token><token id="156940" text="в"><tfr rev_id="991755" t="в"><v><l id="37409" t="в"><g v="PREP"></g></l></v></tfr></token><token id="156941" text="процессах"><tfr rev_id="991756" t="процессах"><v><l id="287363" t="процесс"><g v="NOUN"></g><g v="inan"></g><g v="masc"></g><g v="plur"></g><g v="loct"></g></l></v></tfr></token><token id="156942" text=","><tfr rev_id="991757" t=","><v><l id="0" t=","><g v="PNCT"></g></l></v></tfr></token><token id="156943" text="в"><tfr rev_id="991758" t="в"><v><l id="37409" t="в"><g v="PREP"></g></l></v></tfr></token><token id="156944" text="которых"><tfr rev_id="3643590" t="которых"><v><l id="141203" t="который"><g v="ADJF"></g><g v="Apro"></g><g v="Subx"></g><g v="Anph"></g><g v="plur"></g><g v="loct"></g></l></v></tfr></token><token id="156945" text="она"><tfr rev_id="3586064" t="она"><v><l id="206544" t="она"><g v="NPRO"></g><g v="femn"></g><g v="3per"></g><g v="Anph"></g><g v="sing"></g><g v="nomn"></g></l></v></tfr></token><token id="156946" text="никогда"><tfr rev_id="991761" t="никогда"><v><l id="190941" t="никогда"><g v="ADVB"></g></l></v></tfr></token><token id="156947" text="ранее"><tfr rev_id="991762" t="ранее"><v><l id="297884" t="ранее"><g v="ADVB"></g></l></v></tfr></token><token id="156948" text="не"><tfr rev_id="991763" t="не"><v><l id="178876" t="не"><g v="PRCL"></g></l></v></tfr></token><token id="156949" text="наблюдалась"><tfr rev_id="991764" t="наблюдалась"><v><l id="166539" t="наблюдаюсь"><g v="VERB"></g><g v="impf"></g><g v="intr"></g><g v="femn"></g><g v="sing"></g><g v="past"></g><g v="indc"></g></l></v></tfr></token><token id="156950" text="."><tfr rev_id="991765" t="."><v><l id="0" t="."><g v="PNCT"></g></l></v></tfr></token></tokens></sentence><sentence id="8194"><source>На нём же были проведены самые точные на сегодняшний день измерения массы W-бозона, являющегося переносчиком слабого взаимодействия.</source><tokens><token id="156951" text="На"><tfr rev_id="3341313" t="На"><v><l id="166264" t="на"><g v="PREP"></g></l></v></tfr></token><token id="156952" text="нём"><tfr rev_id="4529713" t="нём"><v><l id="206541" t="он"><g v="NPRO"></g><g v="masc"></g><g v="3per"></g><g v="Anph"></g><g v="sing"></g><g v="loct"></g><g v="Af-p"></g></l></v><v><l id="206649" t="оно"><g v="NPRO"></g><g v="neut"></g><g v="3per"></g><g v="Anph"></g><g v="sing"></g><g v="loct"></g><g v="Af-p"></g></l></v></tfr></token><token id="156953" text="же"><tfr rev_id="991768" t="же"><v><l id="96208" t="же"><g v="CONJ"></g></l></v><v><l id="96209" t="же"><g v="PRCL"></g></l></v></tfr></token><token id="156954" text="были"><tfr rev_id="1712536" t="были"><v><l id="37265" t="есть"><g v="VERB"></g><g v="impf"></g><g v="intr"></g><g v="plur"></g><g v="past"></g><g v="indc"></g></l></v></tfr></token><token id="156955" text="проведены"><tfr rev_id="991770" t="проведены"><v><l id="277834" t="проведён"><g v="PRTS"></g><g v="perf"></g><g v="past"></g><g v="pssv"></g><g v="plur"></g></l></v></tfr></token><token id="156956" text="самые"><tfr rev_id="3808588" t="самые"><v><l id="313174" t="самый"><g v="ADJF"></g><g v="Apro"></g><g v="plur"></g><g v="nomn"></g></l></v></tfr></token><token id="156957" text="точные"><tfr rev_id="4082766" t="точные"><v><l id="348518" t="точный"><g v="ADJF"></g><g v="Qual"></g><g v="plur"></g><g v="nomn"></g></l></v></tfr></token><token id="156958" text="на"><tfr rev_id="3345843" t="на"><v><l id="166264" t="на"><g v="PREP"></g></l></v></tfr></token><token id="156959" text="сегодняшний"><tfr rev_id="991774" t="сегодняшний"><v><l id="317731" t="сегодняшний"><g v="ADJF"></g><g v="masc"></g><g v="sing"></g><g v="nomn"></g></l></v><v><l id="317731" t="сегодняшний"><g v="ADJF"></g><g v="inan"></g><g v="masc"></g><g v="sing"></g><g v="accs"></g></l></v></tfr></token><token id="156960" text="день"><tfr rev_id="1712537" t="день"><v><l id="81427" t="день"><g v="NOUN"></g><g v="inan"></g><g v="masc"></g><g v="sing"></g><g v="nomn"></g></l></v><v><l id="81427" t="день"><g v="NOUN"></g><g v="inan"></g><g v="masc"></g><g v="sing"></g><g v="accs"></g></l></v></tfr></token><token id="156961" text="измерения"><tfr rev_id="3793406" t="измерения"><v><l id="119533" t="измерение"><g v="NOUN"></g><g v="inan"></g><g v="neut"></g><g v="plur"></g><g v="nomn"></g></l></v></tfr></token><token id="156962" text="массы"><tfr rev_id="3467147" t="массы"><v><l id="155977" t="масса"><g v="NOUN"></g><g v="inan"></g><g v="femn"></g><g v="sing"></g><g v="gent"></g></l></v></tfr></token><token id="156963" text="W-бозона"><tfr rev_id="991778" t="W-бозона"><v><l id="0" t="W-бозона"><g v="UNKN"></g></l></v></tfr></token><token id="156964" text=","><tfr rev_id="991779" t=","><v><l id="0" t=","><g v="PNCT"></g></l></v></tfr></token><token id="156965" text="являющегося"><tfr rev_id="3442636" t="являющегося"><v><l id="387387" t="являющийся"><g v="PRTF"></g><g v="impf"></g><g v="intr"></g><g v="pres"></g><g v="actv"></g><g v="masc"></g><g v="sing"></g><g v="gent"></g></l></v><v><l id="387387" t="являющийся"><g v="PRTF"></g><g v="impf"></g><g v="intr"></g><g v="pres"></g><g v="actv"></g><g v="anim"></g><g v="masc"></g><g v="sing"></g><g v="accs"></g></l></v></tfr></token><token id="156966" text="переносчиком"><tfr rev_id="991781" t="переносчиком"><v><l id="231900" t="переносчик"><g v="NOUN"></g><g v="anim"></g><g v="masc"></g><g v="sing"></g><g v="ablt"></g></l></v></tfr></token><token id="156967" text="слабого"><tfr rev_id="3431002" t="слабого"><v><l id="324382" t="слабый"><g v="ADJF"></g><g v="Qual"></g><g v="neut"></g><g v="sing"></g><g v="gent"></g></l></v></tfr></token><token id="156968" text="взаимодействия"><tfr rev_id="3490876" t="взаимодействия"><v><l id="42617" t="взаимодействие"><g v="NOUN"></g><g v="inan"></g><g v="neut"></g><g v="sing"></g><g v="gent"></g></l></v></tfr></token><token id="156969" text="."><tfr rev_id="991784" t="."><v><l id="0" t="."><g v="PNCT"></g></l></v></tfr></token></tokens></sentence></paragraph><paragraph id="2591"><sentence id="8195"><source>Строительство Теватрона было закончено в 1983 году, однако источник антипротонов был установлен только в 1985 году, а в 1986 году были произведены первые столкновения частиц.</source><tokens><token id="156970" text="Строительство"><tfr rev_id="991785" t="Строительство"><v><l id="337671" t="строительство"><g v="NOUN"></g><g v="inan"></g><g v="neut"></g><g v="sing"></g><g v="nomn"></g></l></v><v><l id="337671" t="строительство"><g v="NOUN"></g><g v="inan"></g><g v="neut"></g><g v="sing"></g><g v="accs"></g></l></v></tfr></token><token id="156971" text="Теватрона"><tfr rev_id="3421237" t="Теватрона"><v><l id="388975" t="теватрон"><g v="NOUN"></g><g v="inan"></g><g v="masc"></g><g v="sing"></g><g v="gent"></g></l></v></tfr></token><token id="156972" text="было"><tfr rev_id="3124491" t="было"><v><l id="37265" t="есть"><g v="VERB"></g><g v="impf"></g><g v="intr"></g><g v="neut"></g><g v="sing"></g><g v="past"></g><g v="indc"></g></l></v></tfr></token><token id="156973" text="закончено"><tfr rev_id="991788" t="закончено"><v><l id="103835" t="закончен"><g v="PRTS"></g><g v="perf"></g><g v="past"></g><g v="pssv"></g><g v="neut"></g><g v="sing"></g></l></v></tfr></token><token id="156974" text="в"><tfr rev_id="991789" t="в"><v><l id="37409" t="в"><g v="PREP"></g></l></v></tfr></token><token id="156975" text="1983"><tfr rev_id="2456146" t="1983"><v><l id="0" t="1983"><g v="NUMB"></g></l></v></tfr></token><token id="156976" text="году"><tfr rev_id="2850398" t="году"><v><l id="72149" t="год"><g v="NOUN"></g><g v="inan"></g><g v="masc"></g><g v="sing"></g><g v="loc2"></g></l></v></tfr></token><token id="156977" text=","><tfr rev_id="991792" t=","><v><l id="0" t=","><g v="PNCT"></g></l></v></tfr></token><token id="156978" text="однако"><tfr rev_id="2624140" t="однако"><v><l id="203386" t="однако"><g v="INTJ"></g></l></v><v><l id="203387" t="однако"><g v="CONJ"></g><g v="Prnt"></g></l></v></tfr></token><token id="156979" text="источник"><tfr rev_id="991794" t="источник"><v><l id="126464" t="источник"><g v="NOUN"></g><g v="inan"></g><g v="masc"></g><g v="sing"></g><g v="nomn"></g></l></v><v><l id="126464" t="источник"><g v="NOUN"></g><g v="inan"></g><g v="masc"></g><g v="sing"></g><g v="accs"></g></l></v></tfr></token><token id="156980" text="антипротонов"><tfr rev_id="991795" t="антипротонов"><v><l id="14431" t="антипротон"><g v="NOUN"></g><g v="inan"></g><g v="masc"></g><g v="plur"></g><g v="gent"></g></l></v></tfr></token><token id="156981" text="был"><tfr rev_id="991796" t="был"><v><l id="37265" t="есть"><g v="VERB"></g><g v="impf"></g><g v="intr"></g><g v="masc"></g><g v="sing"></g><g v="past"></g><g v="indc"></g></l></v></tfr></token><token id="156982" text="установлен"><tfr rev_id="4348325" t="установлен"><v><l id="360985" t="установлен"><g v="PRTS"></g><g v="perf"></g><g v="past"></g><g v="pssv"></g><g v="masc"></g><g v="sing"></g></l></v></tfr></token><token id="156983" text="только"><tfr rev_id="3783251" t="только"><v><l id="347395" t="только"><g v="CONJ"></g></l></v><v><l id="347396" t="только"><g v="PRCL"></g></l></v><v><l id="390053" t="только"><g v="ADVB"></g></l></v></tfr></token><token id="156984" text="в"><tfr rev_id="991799" t="в"><v><l id="37409" t="в"><g v="PREP"></g></l></v></tfr></token><token id="156985" text="1985"><tfr rev_id="2456147" t="1985"><v><l id="0" t="1985"><g v="NUMB"></g></l></v></tfr></token><token id="156986" text="году"><tfr rev_id="2850383" t="году"><v><l id="72149" t="год"><g v="NOUN"></g><g v="inan"></g><g v="masc"></g><g v="sing"></g><g v="loc2"></g></l></v></tfr></token><token id="156987" text=","><tfr rev_id="991802" t=","><v><l id="0" t=","><g v="PNCT"></g></l></v></tfr></token><token id="156988" text="а"><tfr rev_id="991803" t="а"><v><l id="51" t="а"><g v="CONJ"></g></l></v><v><l id="52" t="а"><g v="INTJ"></g></l></v><v><l id="53" t="а"><g v="PRCL"></g></l></v></tfr></token><token id="156989" text="в"><tfr rev_id="991804" t="в"><v><l id="37409" t="в"><g v="PREP"></g></l></v></tfr></token><token id="156990" text="1986"><tfr rev_id="2456148" t="1986"><v><l id="0" t="1986"><g v="NUMB"></g></l></v></tfr></token><token id="156991" text="году"><tfr rev_id="2927982" t="году"><v><l id="72149" t="год"><g v="NOUN"></g><g v="inan"></g><g v="masc"></g><g v="sing"></g><g v="loc2"></g></l></v></tfr></token><token id="156992" text="были"><tfr rev_id="1712538" t="были"><v><l id="37265" t="есть"><g v="VERB"></g><g v="impf"></g><g v="intr"></g><g v="plur"></g><g v="past"></g><g v="indc"></g></l></v></tfr></token><token id="156993" text="произведены"><tfr rev_id="991808" t="произведены"><v><l id="280089" t="произведён"><g v="PRTS"></g><g v="perf"></g><g v="past"></g><g v="pssv"></g><g v="plur"></g></l></v></tfr></token><token id="156994" text="первые"><tfr rev_id="4218816" t="первые"><v><l id="226359" t="первый"><g v="ADJF"></g><g v="Anum"></g><g v="plur"></g><g v="nomn"></g></l></v><v><l id="226359" t="первый"><g v="ADJF"></g><g v="Anum"></g><g v="inan"></g><g v="plur"></g><g v="accs"></g></l></v></tfr></token><token id="156995" text="столкновения"><tfr rev_id="3796896" t="столкновения"><v><l id="336593" t="столкновение"><g v="NOUN"></g><g v="inan"></g><g v="neut"></g><g v="plur"></g><g v="nomn"></g></l></v></tfr></token><token id="156996" text="частиц"><tfr rev_id="991811" t="частиц"><v><l id="374766" t="частица"><g v="NOUN"></g><g v="inan"></g><g v="femn"></g><g v="plur"></g><g v="gent"></g></l></v></tfr></token><token id="156997" text="."><tfr rev_id="991812" t="."><v><l id="0" t="."><g v="PNCT"></g></l></v></tfr></token></tokens></sentence><sentence id="8196"><source>Своё название коллайдер получил от сокращения ТэВ — тераэлектронвольт (триллион электрон-вольт), поскольку именно такую энергию протонов (1 ТэВ) планировалось получить на ускорителе.</source><tokens><token id="156998" text="Своё"><tfr rev_id="3632678" t="Своё"><v><l id="316379" t="свой"><g v="ADJF"></g><g v="Apro"></g><g v="Anph"></g><g v="neut"></g><g v="sing"></g><g v="nomn"></g></l></v><v><l id="316379" t="свой"><g v="ADJF"></g><g v="Apro"></g><g v="Anph"></g><g v="neut"></g><g v="sing"></g><g v="accs"></g></l></v></tfr></token><token id="156999" text="название"><tfr rev_id="991814" t="название"><v><l id="170336" t="название"><g v="NOUN"></g><g v="inan"></g><g v="neut"></g><g v="sing"></g><g v="nomn"></g></l></v><v><l id="170336" t="название"><g v="NOUN"></g><g v="inan"></g><g v="neut"></g><g v="sing"></g><g v="accs"></g></l></v></tfr></token><token id="157000" text="коллайдер"><tfr rev_id="4096801" t="коллайдер"><v><l id="136001" t="коллайдер"><g v="NOUN"></g><g v="inan"></g><g v="masc"></g><g v="sing"></g><g v="nomn"></g></l></v></tfr></token><token id="157001" text="получил"><tfr rev_id="991816" t="получил"><v><l id="256959" t="получил"><g v="VERB"></g><g v="perf"></g><g v="tran"></g><g v="masc"></g><g v="sing"></g><g v="past"></g><g v="indc"></g></l></v></tfr></token><token id="157002" text="от"><tfr rev_id="991817" t="от"><v><l id="211644" t="от"><g v="PREP"></g></l></v></tfr></token><token id="157003" text="сокращения"><tfr rev_id="3436230" t="сокращения"><v><l id="328844" t="сокращение"><g v="NOUN"></g><g v="inan"></g><g v="neut"></g><g v="sing"></g><g v="gent"></g></l></v></tfr></token><token id="157004" text="ТэВ"><tfr rev_id="991819" t="ТэВ"><v><l id="0" t="тэв"><g v="UNKN"></g></l></v></tfr></token><token id="157005" text="—"><tfr rev_id="2427065" t="—"><v><l id="0" t="—"><g v="PNCT"></g></l></v></tfr></token><token id="157006" text="тераэлектронвольт"><tfr rev_id="991821" t="тераэлектронвольт"><v><l id="0" t="тераэлектронвольт"><g v="UNKN"></g></l></v></tfr></token><token id="157007" text="("><tfr rev_id="991822" t="("><v><l id="0" t="("><g v="PNCT"></g></l></v></tfr></token><token id="157008" text="триллион"><tfr rev_id="3531571" t="триллион"><v><l id="350115" t="триллион"><g v="NOUN"></g><g v="inan"></g><g v="masc"></g><g v="sing"></g><g v="nomn"></g></l></v></tfr></token><token id="157009" text="электрон-вольт"><tfr rev_id="3440002" t="электрон-вольт"><v><l id="384340" t="электрон-вольт"><g v="NOUN"></g><g v="inan"></g><g v="masc"></g><g v="plur"></g><g v="gent"></g></l></v></tfr></token><token id="157010" text=")"><tfr rev_id="991825" t=")"><v><l id="0" t=")"><g v="PNCT"></g></l></v></tfr></token><token id="157011" text=","><tfr rev_id="991826" t=","><v><l id="0" t=","><g v="PNCT"></g></l></v></tfr></token><token id="157012" text="поскольку"><tfr rev_id="991827" t="поскольку"><v><l id="261429" t="поскольку"><g v="CONJ"></g></l></v></tfr></token><token id="157013" text="именно"><tfr rev_id="991828" t="именно"><v><l id="121584" t="именно"><g v="PRCL"></g></l></v></tfr></token><token id="157014" text="такую"><tfr rev_id="991829" t="такую"><v><l id="342491" t="такой"><g v="ADJF"></g><g v="Apro"></g><g v="femn"></g><g v="sing"></g><g v="accs"></g></l></v></tfr></token><token id="157015" text="энергию"><tfr rev_id="991830" t="энергию"><v><l id="385504" t="энергия"><g v="NOUN"></g><g v="inan"></g><g v="femn"></g><g v="sing"></g><g v="accs"></g></l></v></tfr></token><token id="157016" text="протонов"><tfr rev_id="991831" t="протонов"><v><l id="286407" t="протон"><g v="NOUN"></g><g v="inan"></g><g v="masc"></g><g v="plur"></g><g v="gent"></g></l></v></tfr></token><token id="157017" text="("><tfr rev_id="991832" t="("><v><l id="0" t="("><g v="PNCT"></g></l></v></tfr></token><token id="157018" text="1"><tfr rev_id="2456149" t="1"><v><l id="0" t="1"><g v="NUMB"></g></l></v></tfr></token><token id="157019" text="ТэВ"><tfr rev_id="991834" t="ТэВ"><v><l id="0" t="тэв"><g v="UNKN"></g></l></v></tfr></token><token id="157020" text=")"><tfr rev_id="991835" t=")"><v><l id="0" t=")"><g v="PNCT"></g></l></v></tfr></token><token id="157021" text="планировалось"><tfr rev_id="991836" t="планировалось"><v><l id="239722" t="планируюсь"><g v="VERB"></g><g v="impf"></g><g v="intr"></g><g v="neut"></g><g v="sing"></g><g v="past"></g><g v="indc"></g></l></v></tfr></token><token id="157022" text="получить"><tfr rev_id="991837" t="получить"><v><l id="256960" t="получить"><g v="INFN"></g><g v="perf"></g><g v="tran"></g></l></v></tfr></token><token id="157023" text="на"><tfr rev_id="3342074" t="на"><v><l id="166264" t="на"><g v="PREP"></g></l></v></tfr></token><token id="157024" text="ускорителе"><tfr rev_id="991839" t="ускорителе"><v><l id="360454" t="ускоритель"><g v="NOUN"></g><g v="inan"></g><g v="masc"></g><g v="sing"></g><g v="loct"></g></l></v></tfr></token><token id="157025" text="."><tfr rev_id="991840" t="."><v><l id="0" t="."><g v="PNCT"></g></l></v></tfr></token></tokens></sentence><sentence id="8197"><source>Однако эта цель была достигнута только в конце 90-х.</source><tokens><token id="157026" text="Однако"><tfr rev_id="3724344" t="Однако"><v><l id="203387" t="однако"><g v="CONJ"></g><g v="Prnt"></g></l></v></tfr></token><token id="157027" text="эта"><tfr rev_id="4437020" t="эта"><v><l id="386581" t="этот"><g v="ADJF"></g><g v="Subx"></g><g v="Apro"></g><g v="Anph"></g><g v="femn"></g><g v="sing"></g><g v="nomn"></g></l></v></tfr></token><token id="157028" text="цель"><tfr rev_id="1712539" t="цель"><v><l id="373216" t="цель"><g v="NOUN"></g><g v="inan"></g><g v="femn"></g><g v="sing"></g><g v="nomn"></g></l></v><v><l id="373216" t="цель"><g v="NOUN"></g><g v="inan"></g><g v="femn"></g><g v="sing"></g><g v="accs"></g></l></v></tfr></token><token id="157029" text="была"><tfr rev_id="991844" t="была"><v><l id="37265" t="есть"><g v="VERB"></g><g v="impf"></g><g v="intr"></g><g v="femn"></g><g v="sing"></g><g v="past"></g><g v="indc"></g></l></v></tfr></token><token id="157030" text="достигнута"><tfr rev_id="991845" t="достигнута"><v><l id="90523" t="достигнут"><g v="PRTS"></g><g v="perf"></g><g v="past"></g><g v="pssv"></g><g v="femn"></g><g v="sing"></g></l></v></tfr></token><token id="157031" text="только"><tfr rev_id="3783252" t="только"><v><l id="347395" t="только"><g v="CONJ"></g></l></v><v><l id="347396" t="только"><g v="PRCL"></g></l></v><v><l id="390053" t="только"><g v="ADVB"></g></l></v></tfr></token><token id="157032" text="в"><tfr rev_id="991847" t="в"><v><l id="37409" t="в"><g v="PREP"></g></l></v></tfr></token><token id="157033" text="конце"><tfr rev_id="991848" t="конце"><v><l id="137815" t="конец"><g v="NOUN"></g><g v="inan"></g><g v="masc"></g><g v="sing"></g><g v="loct"></g></l></v></tfr></token><token id="157034" text="90-х"><tfr rev_id="4578797" t="90-х"><v><l id="393249" t="90-й"><g v="ADJF"></g><g v="Abbr"></g><g v="Anum"></g><g v="anim"></g><g v="plur"></g><g v="accs"></g></l></v><v><l id="393249" t="90-й"><g v="ADJF"></g><g v="Abbr"></g><g v="Anum"></g><g v="plur"></g><g v="gent"></g></l></v><v><l id="393249" t="90-й"><g v="ADJF"></g><g v="Abbr"></g><g v="Anum"></g><g v="plur"></g><g v="loct"></g></l></v></tfr></token><token id="157035" text="."><tfr rev_id="991850" t="."><v><l id="0" t="."><g v="PNCT"></g></l></v></tfr></token></tokens></sentence></paragraph><paragraph id="2592"><sentence id="8198"><source>Планировалось, что Теватрон параллельно с Большим адронным коллайдером (БАК) займётся поиском бозона Хиггса.</source><tokens><token id="157036" text="Планировалось"><tfr rev_id="991851" t="Планировалось"><v><l id="239722" t="планируюсь"><g v="VERB"></g><g v="impf"></g><g v="intr"></g><g v="neut"></g><g v="sing"></g><g v="past"></g><g v="indc"></g></l></v></tfr></token><token id="157037" text=","><tfr rev_id="991852" t=","><v><l id="0" t=","><g v="PNCT"></g></l></v></tfr></token><token id="157038" text="что"><tfr rev_id="3192441" t="что"><v><l id="377004" t="что"><g v="CONJ"></g></l></v><v><l id="377005" t="что"><g v="NPRO"></g><g v="neut"></g><g v="sing"></g><g v="nomn"></g></l></v><v><l id="377005" t="что"><g v="NPRO"></g><g v="neut"></g><g v="sing"></g><g v="accs"></g></l></v><v><l id="377006" t="что"><g v="ADVB"></g><g v="Ques"></g></l></v><v><l id="388695" t="что"><g v="PRCL"></g></l></v></tfr></token><token id="157039" text="Теватрон"><tfr rev_id="3421238" t="Теватрон"><v><l id="388975" t="теватрон"><g v="NOUN"></g><g v="inan"></g><g v="masc"></g><g v="sing"></g><g v="nomn"></g></l></v><v><l id="388975" t="теватрон"><g v="NOUN"></g><g v="inan"></g><g v="masc"></g><g v="sing"></g><g v="accs"></g></l></v></tfr></token><token id="157040" text="параллельно"><tfr rev_id="991855" t="параллельно"><v><l id="223765" t="параллельно"><g v="ADVB"></g></l></v><v><l id="223769" t="параллелен"><g v="ADJS"></g><g v="neut"></g><g v="sing"></g></l></v></tfr></token><token id="157041" text="с"><tfr rev_id="991856" t="с"><v><l id="311151" t="с"><g v="PREP"></g></l></v></tfr></token><token id="157042" text="Большим"><tfr rev_id="4534043" t="Большим"><v><l id="32439" t="больший"><g v="ADJF"></g><g v="Qual"></g><g v="masc"></g><g v="sing"></g><g v="ablt"></g></l></v><v><l id="32445" t="большой"><g v="ADJF"></g><g v="Qual"></g><g v="masc"></g><g v="sing"></g><g v="ablt"></g></l></v></tfr></token><token id="157043" text="адронным"><tfr rev_id="4310032" t="адронным"><v><l id="388911" t="адронный"><g v="ADJF"></g><g v="masc"></g><g v="sing"></g><g v="ablt"></g></l></v></tfr></token><token id="157044" text="коллайдером"><tfr rev_id="991859" t="коллайдером"><v><l id="136001" t="коллайдер"><g v="NOUN"></g><g v="inan"></g><g v="masc"></g><g v="sing"></g><g v="ablt"></g></l></v></tfr></token><token id="157045" text="("><tfr rev_id="991860" t="("><v><l id="0" t="("><g v="PNCT"></g></l></v></tfr></token><token id="157046" text="БАК"><tfr rev_id="3765235" t="БАК"><v><l id="389992" t="бак"><g v="NOUN"></g><g v="inan"></g><g v="masc"></g><g v="Sgtm"></g><g v="Fixd"></g><g v="Abbr"></g><g v="sing"></g><g v="nomn"></g></l></v><v><l id="389992" t="бак"><g v="NOUN"></g><g v="inan"></g><g v="masc"></g><g v="Sgtm"></g><g v="Fixd"></g><g v="Abbr"></g><g v="sing"></g><g v="ablt"></g></l></v></tfr></token><token id="157047" text=")"><tfr rev_id="991862" t=")"><v><l id="0" t=")"><g v="PNCT"></g></l></v></tfr></token><token id="157048" text="займётся"><tfr rev_id="991863" t="займётся"><v><l id="106590" t="занялся"><g v="VERB"></g><g v="perf"></g><g v="intr"></g><g v="sing"></g><g v="3per"></g><g v="futr"></g><g v="indc"></g></l></v></tfr></token><token id="157049" text="поиском"><tfr rev_id="991864" t="поиском"><v><l id="253880" t="поиск"><g v="NOUN"></g><g v="inan"></g><g v="masc"></g><g v="sing"></g><g v="ablt"></g></l></v></tfr></token><token id="157050" text="бозона"><tfr rev_id="991865" t="бозона"><v><l id="31900" t="бозон"><g v="NOUN"></g><g v="inan"></g><g v="masc"></g><g v="sing"></g><g v="gent"></g></l></v></tfr></token><token id="157051" text="Хиггса"><tfr rev_id="991866" t="Хиггса"><v><l id="0" t="хиггса"><g v="UNKN"></g></l></v></tfr></token><token id="157052" text="."><tfr rev_id="991867" t="."><v><l id="0" t="."><g v="PNCT"></g></l></v></tfr></token></tokens></sentence><sentence id="8199"><source>Бозон Хиггса является важной составляющей так называемой Стандартной модели — общепринятой наиболее фундаментальной теории всех частиц, известных современной физике.</source><tokens><token id="157053" text="Бозон"><tfr rev_id="4107951" t="Бозон"><v><l id="31900" t="бозон"><g v="NOUN"></g><g v="inan"></g><g v="masc"></g><g v="sing"></g><g v="nomn"></g></l></v></tfr></token><token id="157054" text="Хиггса"><tfr rev_id="991869" t="Хиггса"><v><l id="0" t="хиггса"><g v="UNKN"></g></l></v></tfr></token><token id="157055" text="является"><tfr rev_id="991870" t="является"><v><l id="387385" t="являюсь"><g v="VERB"></g><g v="impf"></g><g v="intr"></g><g v="sing"></g><g v="3per"></g><g v="pres"></g><g v="indc"></g></l></v></tfr></token><token id="157056" text="важной"><tfr rev_id="4170189" t="важной"><v><l id="37722" t="важный"><g v="ADJF"></g><g v="Qual"></g><g v="femn"></g><g v="sing"></g><g v="ablt"></g></l></v></tfr></token><token id="157057" text="составляющей"><tfr rev_id="2560896" t="составляющей"><v><l id="330496" t="составляющий"><g v="PRTF"></g><g v="impf"></g><g v="tran"></g><g v="pres"></g><g v="actv"></g><g v="femn"></g><g v="sing"></g><g v="ablt"></g></l></v></tfr></token><token id="157058" text="так"><tfr rev_id="991873" t="так"><v><l id="342451" t="так"><g v="CONJ"></g></l></v><v><l id="342452" t="так"><g v="PRCL"></g></l></v><v><l id="342453" t="так"><g v="ADVB"></g><g v="Dmns"></g></l></v></tfr></token><token id="157059" text="называемой"><tfr rev_id="2560903" t="называемой"><v><l id="170477" t="называемый"><g v="PRTF"></g><g v="impf"></g><g v="tran"></g><g v="pres"></g><g v="pssv"></g><g v="femn"></g><g v="sing"></g><g v="gent"></g></l></v></tfr></token><token id="157060" text="Стандартной"><tfr rev_id="4425568" t="Стандартной"><v><l id="334613" t="стандартный"><g v="ADJF"></g><g v="Qual"></g><g v="femn"></g><g v="sing"></g><g v="gent"></g></l></v></tfr></token><token id="157061" text="модели"><tfr rev_id="4456748" t="модели"><v><l id="162273" t="модель"><g v="NOUN"></g><g v="inan"></g><g v="femn"></g><g v="sing"></g><g v="gent"></g></l></v></tfr></token><token id="157062" text="—"><tfr rev_id="2427066" t="—"><v><l id="0" t="—"><g v="PNCT"></g></l></v></tfr></token><token id="157063" text="общепринятой"><tfr rev_id="4170244" t="общепринятой"><v><l id="201558" t="общепринятый"><g v="ADJF"></g><g v="femn"></g><g v="sing"></g><g v="gent"></g></l></v></tfr></token><token id="157064" text="наиболее"><tfr rev_id="991879" t="наиболее"><v><l id="170502" t="наиболее"><g v="ADVB"></g></l></v></tfr></token><token id="157065" text="фундаментальной"><tfr rev_id="4423859" t="фундаментальной"><v><l id="368633" t="фундаментальный"><g v="ADJF"></g><g v="Qual"></g><g v="femn"></g><g v="sing"></g><g v="gent"></g></l></v></tfr></token><token id="157066" text="теории"><tfr rev_id="3545527" t="теории"><v><l id="344847" t="теория"><g v="NOUN"></g><g v="inan"></g><g v="femn"></g><g v="sing"></g><g v="gent"></g></l></v></tfr></token><token id="157067" text="всех"><tfr rev_id="4360535" t="всех"><v><l id="42156" t="весь"><g v="ADJF"></g><g v="Subx"></g><g v="Apro"></g><g v="plur"></g><g v="gent"></g></l></v></tfr></token><token id="157068" text="частиц"><tfr rev_id="991883" t="частиц"><v><l id="374766" t="частица"><g v="NOUN"></g><g v="inan"></g><g v="femn"></g><g v="plur"></g><g v="gent"></g></l></v></tfr></token><token id="157069" text=","><tfr rev_id="991884" t=","><v><l id="0" t=","><g v="PNCT"></g></l></v></tfr></token><token id="157070" text="известных"><tfr rev_id="991885" t="известных"><v><l id="118144" t="известный"><g v="ADJF"></g><g v="Qual"></g><g v="plur"></g><g v="gent"></g></l></v><v><l id="118144" t="известный"><g v="ADJF"></g><g v="Qual"></g><g v="anim"></g><g v="plur"></g><g v="accs"></g></l></v><v><l id="118144" t="известный"><g v="ADJF"></g><g v="Qual"></g><g v="plur"></g><g v="loct"></g></l></v></tfr></token><token id="157071" text="современной"><tfr rev_id="3711053" t="современной"><v><l id="328217" t="современный"><g v="ADJF"></g><g v="Qual"></g><g v="femn"></g><g v="sing"></g><g v="datv"></g></l></v></tfr></token><token id="157072" text="физике"><tfr rev_id="1718659" t="физике"><v><l id="365704" t="физика"><g v="NOUN"></g><g v="inan"></g><g v="femn"></g><g v="sing"></g><g v="datv"></g></l></v></tfr></token><token id="157073" text="."><tfr rev_id="991888" t="."><v><l id="0" t="."><g v="PNCT"></g></l></v></tfr></token></tokens></sentence><sentence id="8200"><source>Бозон Хиггса отвечает в этой модели за массу всех частиц, однако несмотря на упорные попытки, до сих пор не удаётся зафиксировать его в эксперименте.</source><tokens><token id="157074" text="Бозон"><tfr rev_id="4108054" t="Бозон"><v><l id="31900" t="бозон"><g v="NOUN"></g><g v="inan"></g><g v="masc"></g><g v="sing"></g><g v="nomn"></g></l></v></tfr></token><token id="157075" text="Хиггса"><tfr rev_id="991890" t="Хиггса"><v><l id="0" t="хиггса"><g v="UNKN"></g></l></v></tfr></token><token id="157076" text="отвечает"><tfr rev_id="991891" t="отвечает"><v><l id="212454" t="отвечаю"><g v="VERB"></g><g v="impf"></g><g v="intr"></g><g v="sing"></g><g v="3per"></g><g v="pres"></g><g v="indc"></g></l></v></tfr></token><token id="157077" text="в"><tfr rev_id="991892" t="в"><v><l id="37409" t="в"><g v="PREP"></g></l></v></tfr></token><token id="157078" text="этой"><tfr rev_id="4437725" t="этой"><v><l id="386581" t="этот"><g v="ADJF"></g><g v="Subx"></g><g v="Apro"></g><g v="Anph"></g><g v="femn"></g><g v="sing"></g><g v="loct"></g></l></v></tfr></token><token id="157079" text="модели"><tfr rev_id="4456456" t="модели"><v><l id="162273" t="модель"><g v="NOUN"></g><g v="inan"></g><g v="femn"></g><g v="sing"></g><g v="loct"></g></l></v></tfr></token><token id="157080" text="за"><tfr rev_id="991895" t="за"><v><l id="98043" t="за"><g v="PREP"></g></l></v></tfr></token><token id="157081" text="массу"><tfr rev_id="991896" t="массу"><v><l id="155977" t="масса"><g v="NOUN"></g><g v="inan"></g><g v="femn"></g><g v="sing"></g><g v="accs"></g></l></v></tfr></token><token id="157082" text="всех"><tfr rev_id="4357501" t="всех"><v><l id="42156" t="весь"><g v="ADJF"></g><g v="Subx"></g><g v="Apro"></g><g v="plur"></g><g v="gent"></g></l></v></tfr></token><token id="157083" text="частиц"><tfr rev_id="991898" t="частиц"><v><l id="374766" t="частица"><g v="NOUN"></g><g v="inan"></g><g v="femn"></g><g v="plur"></g><g v="gent"></g></l></v></tfr></token><token id="157084" text=","><tfr rev_id="991899" t=","><v><l id="0" t=","><g v="PNCT"></g></l></v></tfr></token><token id="157085" text="однако"><tfr rev_id="2624142" t="однако"><v><l id="203386" t="однако"><g v="INTJ"></g></l></v><v><l id="203387" t="однако"><g v="CONJ"></g><g v="Prnt"></g></l></v></tfr></token><token id="157086" text="несмотря"><tfr rev_id="991901" t="несмотря"><v><l id="188286" t="несмотря"><g v="PREP"></g></l></v></tfr></token><token id="157087" text="на"><tfr rev_id="3345068" t="на"><v><l id="166264" t="на"><g v="PREP"></g></l></v></tfr></token><token id="157088" text="упорные"><tfr rev_id="3814147" t="упорные"><v><l id="359115" t="упорный"><g v="ADJF"></g><g v="Qual"></g><g v="inan"></g><g v="plur"></g><g v="accs"></g></l></v></tfr></token><token id="157089" text="попытки"><tfr rev_id="3796142" t="попытки"><v><l id="259844" t="попытка"><g v="NOUN"></g><g v="inan"></g><g v="femn"></g><g v="plur"></g><g v="accs"></g></l></v></tfr></token><token id="157090" text=","><tfr rev_id="991905" t=","><v><l id="0" t=","><g v="PNCT"></g></l></v></tfr></token><token id="157091" text="до"><tfr rev_id="991906" t="до"><v><l id="85153" t="до"><g v="PREP"></g></l></v></tfr></token><token id="157092" text="сих"><tfr rev_id="4420548" t="сих"><v><l id="317879" t="сей"><g v="ADJF"></g><g v="Apro"></g><g v="Subx"></g><g v="plur"></g><g v="gent"></g></l></v></tfr></token><token id="157093" text="пор"><tfr rev_id="991908" t="пор"><v><l id="259871" t="пора"><g v="NOUN"></g><g v="inan"></g><g v="femn"></g><g v="plur"></g><g v="gent"></g></l></v></tfr></token><token id="157094" text="не"><tfr rev_id="991909" t="не"><v><l id="178876" t="не"><g v="PRCL"></g></l></v></tfr></token><token id="157095" text="удаётся"><tfr rev_id="991910" t="удаётся"><v><l id="354599" t="удаюсь"><g v="VERB"></g><g v="impf"></g><g v="intr"></g><g v="sing"></g><g v="3per"></g><g v="pres"></g><g v="indc"></g></l></v></tfr></token><token id="157096" text="зафиксировать"><tfr rev_id="991911" t="зафиксировать"><v><l id="112493" t="зафиксировать"><g v="INFN"></g><g v="perf"></g><g v="tran"></g></l></v></tfr></token><token id="157097" text="его"><tfr rev_id="4531412" t="его"><v><l id="206541" t="он"><g v="NPRO"></g><g v="masc"></g><g v="3per"></g><g v="Anph"></g><g v="sing"></g><g v="gent"></g></l></v><v><l id="206541" t="он"><g v="NPRO"></g><g v="masc"></g><g v="3per"></g><g v="Anph"></g><g v="sing"></g><g v="accs"></g></l></v><v><l id="206649" t="оно"><g v="NPRO"></g><g v="neut"></g><g v="3per"></g><g v="Anph"></g><g v="sing"></g><g v="gent"></g></l></v><v><l id="206649" t="оно"><g v="NPRO"></g><g v="neut"></g><g v="3per"></g><g v="Anph"></g><g v="sing"></g><g v="accs"></g></l></v></tfr></token><token id="157098" text="в"><tfr rev_id="991913" t="в"><v><l id="37409" t="в"><g v="PREP"></g></l></v></tfr></token><token id="157099" text="эксперименте"><tfr rev_id="991914" t="эксперименте"><v><l id="383569" t="эксперимент"><g v="NOUN"></g><g v="inan"></g><g v="masc"></g><g v="sing"></g><g v="loct"></g></l></v></tfr></token><token id="157100" text="."><tfr rev_id="991915" t="."><v><l id="0" t="."><g v="PNCT"></g></l></v></tfr></token></tokens></sentence><sentence id="8201"><source>На данный момент только Теватрон и БАК имеют шансы поймать-таки неуловимую частицу.</source><tokens><token id="157101" text="На"><tfr rev_id="3395170" t="На"><v><l id="166264" t="на"><g v="PREP"></g></l></v></tfr></token><token id="157102" text="данный"><tfr rev_id="3662479" t="данный"><v><l id="78303" t="данный"><g v="ADJF"></g><g v="Apro"></g><g v="masc"></g><g v="sing"></g><g v="nomn"></g></l></v><v><l id="78303" t="данный"><g v="ADJF"></g><g v="Apro"></g><g v="inan"></g><g v="masc"></g><g v="sing"></g><g v="accs"></g></l></v><v><l id="78549" t="данный"><g v="PRTF"></g><g v="perf"></g><g v="tran"></g><g v="past"></g><g v="pssv"></g><g v="masc"></g><g v="sing"></g><g v="nomn"></g></l></v><v><l id="78549" t="данный"><g v="PRTF"></g><g v="perf"></g><g v="tran"></g><g v="past"></g><g v="pssv"></g><g v="inan"></g><g v="masc"></g><g v="sing"></g><g v="accs"></g></l></v></tfr></token><token id="157103" text="момент"><tfr rev_id="3467369" t="момент"><v><l id="163050" t="момент"><g v="NOUN"></g><g v="inan"></g><g v="masc"></g><g v="sing"></g><g v="accs"></g></l></v></tfr></token><token id="157104" text="только"><tfr rev_id="3783253" t="только"><v><l id="347395" t="только"><g v="CONJ"></g></l></v><v><l id="347396" t="только"><g v="PRCL"></g></l></v><v><l id="390053" t="только"><g v="ADVB"></g></l></v></tfr></token><token id="157105" text="Теватрон"><tfr rev_id="4215138" t="Теватрон"><v><l id="388975" t="теватрон"><g v="NOUN"></g><g v="inan"></g><g v="masc"></g><g v="sing"></g><g v="nomn"></g></l></v></tfr></token><token id="157106" text="и"><tfr rev_id="991921" t="и"><v><l id="116949" t="и"><g v="CONJ"></g></l></v><v><l id="116950" t="и"><g v="INTJ"></g></l></v></tfr></token><token id="157107" text="БАК"><tfr rev_id="3765236" t="БАК"><v><l id="389992" t="бак"><g v="NOUN"></g><g v="inan"></g><g v="masc"></g><g v="Sgtm"></g><g v="Fixd"></g><g v="Abbr"></g><g v="sing"></g><g v="nomn"></g></l></v></tfr></token><token id="157108" text="имеют"><tfr rev_id="991923" t="имеют"><v><l id="121610" t="имею"><g v="VERB"></g><g v="impf"></g><g v="tran"></g><g v="plur"></g><g v="3per"></g><g v="pres"></g><g v="indc"></g></l></v></tfr></token><token id="157109" text="шансы"><tfr rev_id="3749079" t="шансы"><v><l id="378026" t="шанс"><g v="NOUN"></g><g v="inan"></g><g v="masc"></g><g v="plur"></g><g v="accs"></g></l></v></tfr></token><token id="157110" text="поймать"><tfr rev_id="991925" t="поймать"><v><l id="253954" t="поймать"><g v="INFN"></g><g v="perf"></g><g v="tran"></g></l></v></tfr></token><token id="157111" text="-"><tfr rev_id="991926" t="-"><v><l id="0" t="-"><g v="PNCT"></g></l></v></tfr></token><token id="157112" text="таки"><tfr rev_id="991927" t="таки"><v><l id="342483" t="таки"><g v="PRCL"></g></l></v></tfr></token><token id="157113" text="неуловимую"><tfr rev_id="991928" t="неуловимую"><v><l id="189314" t="неуловимый"><g v="ADJF"></g><g v="Qual"></g><g v="femn"></g><g v="sing"></g><g v="accs"></g></l></v></tfr></token><token id="157114" text="частицу"><tfr rev_id="991929" t="частицу"><v><l id="374766" t="частица"><g v="NOUN"></g><g v="inan"></g><g v="femn"></g><g v="sing"></g><g v="accs"></g></l></v></tfr></token><token id="157115" text="."><tfr rev_id="991930" t="."><v><l id="0" t="."><g v="PNCT"></g></l></v></tfr></token></tokens></sentence></paragraph><paragraph id="2593"><sentence id="8202"><source>Для продолжения работы коллайдера по оценкам специалистов требовалось финансирование на уровне 35 млн долларов США в год, однако из-за сложной финансовой ситуации даже такие деньги оказались неподъёмными для правительства США.</source><tokens><token id="157116" text="Для"><tfr rev_id="3445415" t="Для"><v><l id="85032" t="для"><g v="PREP"></g></l></v></tfr></token><token id="157117" text="продолжения"><tfr rev_id="3461425" t="продолжения"><v><l id="279227" t="продолжение"><g v="NOUN"></g><g v="inan"></g><g v="neut"></g><g v="sing"></g><g v="gent"></g></l></v></tfr></token><token id="157118" text="работы"><tfr rev_id="3476817" t="работы"><v><l id="290501" t="работа"><g v="NOUN"></g><g v="inan"></g><g v="femn"></g><g v="sing"></g><g v="gent"></g></l></v></tfr></token><token id="157119" text="коллайдера"><tfr rev_id="991934" t="коллайдера"><v><l id="136001" t="коллайдер"><g v="NOUN"></g><g v="inan"></g><g v="masc"></g><g v="sing"></g><g v="gent"></g></l></v></tfr></token><token id="157120" text="по"><tfr rev_id="991935" t="по"><v><l id="241240" t="по"><g v="PREP"></g></l></v></tfr></token><token id="157121" text="оценкам"><tfr rev_id="991936" t="оценкам"><v><l id="221498" t="оценка"><g v="NOUN"></g><g v="inan"></g><g v="femn"></g><g v="plur"></g><g v="datv"></g></l></v></tfr></token><token id="157122" text="специалистов"><tfr rev_id="4458922" t="специалистов"><v><l id="331871" t="специалист"><g v="NOUN"></g><g v="anim"></g><g v="masc"></g><g v="plur"></g><g v="gent"></g></l></v></tfr></token><token id="157123" text="требовалось"><tfr rev_id="991938" t="требовалось"><v><l id="349476" t="требуюсь"><g v="VERB"></g><g v="impf"></g><g v="intr"></g><g v="neut"></g><g v="sing"></g><g v="past"></g><g v="indc"></g></l></v></tfr></token><token id="157124" text="финансирование"><tfr rev_id="4106010" t="финансирование"><v><l id="366074" t="финансирование"><g v="NOUN"></g><g v="inan"></g><g v="neut"></g><g v="sing"></g><g v="nomn"></g></l></v></tfr></token><token id="157125" text="на"><tfr rev_id="3339217" t="на"><v><l id="166264" t="на"><g v="PREP"></g></l></v></tfr></token><token id="157126" text="уровне"><tfr rev_id="991941" t="уровне"><v><l id="359953" t="уровень"><g v="NOUN"></g><g v="inan"></g><g v="masc"></g><g v="sing"></g><g v="loct"></g></l></v></tfr></token><token id="157127" text="35"><tfr rev_id="2456150" t="35"><v><l id="0" t="35"><g v="NUMB"></g></l></v></tfr></token><token id="157128" text="млн"><tfr rev_id="4174150" t="млн"><v><l id="389040" t="млн"><g v="NOUN"></g><g v="inan"></g><g v="masc"></g><g v="Fixd"></g><g v="Abbr"></g><g v="plur"></g><g v="gent"></g></l></v></tfr></token><token id="157129" text="долларов"><tfr rev_id="2700418" t="долларов"><v><l id="88047" t="доллар"><g v="NOUN"></g><g v="inan"></g><g v="masc"></g><g v="plur"></g><g v="gent"></g></l></v></tfr></token><token id="157130" text="США"><tfr rev_id="3811045" t="США"><v><l id="341371" t="сша"><g v="NOUN"></g><g v="inan"></g><g v="GNdr"></g><g v="Pltm"></g><g v="Fixd"></g><g v="Abbr"></g><g v="Geox"></g><g v="plur"></g><g v="gent"></g></l></v></tfr></token><token id="157131" text="в"><tfr rev_id="991946" t="в"><v><l id="37409" t="в"><g v="PREP"></g></l></v></tfr></token><token id="157132" text="год"><tfr rev_id="991947" t="год"><v><l id="72149" t="год"><g v="NOUN"></g><g v="inan"></g><g v="masc"></g><g v="sing"></g><g v="nomn"></g></l></v><v><l id="72149" t="год"><g v="NOUN"></g><g v="inan"></g><g v="masc"></g><g v="sing"></g><g v="accs"></g></l></v></tfr></token><token id="157133" text=","><tfr rev_id="991948" t=","><v><l id="0" t=","><g v="PNCT"></g></l></v></tfr></token><token id="157134" text="однако"><tfr rev_id="2624143" t="однако"><v><l id="203386" t="однако"><g v="INTJ"></g></l></v><v><l id="203387" t="однако"><g v="CONJ"></g><g v="Prnt"></g></l></v></tfr></token><token id="157135" text="из-за"><tfr rev_id="991950" t="из-за"><v><l id="117678" t="из-за"><g v="PREP"></g></l></v></tfr></token><token id="157136" text="сложной"><tfr rev_id="3431315" t="сложной"><v><l id="325278" t="сложный"><g v="ADJF"></g><g v="Qual"></g><g v="femn"></g><g v="sing"></g><g v="gent"></g></l></v></tfr></token><token id="157137" text="финансовой"><tfr rev_id="3348568" t="финансовой"><v><l id="366103" t="финансовый"><g v="ADJF"></g><g v="femn"></g><g v="sing"></g><g v="gent"></g></l></v></tfr></token><token id="157138" text="ситуации"><tfr rev_id="4289048" t="ситуации"><v><l id="321441" t="ситуация"><g v="NOUN"></g><g v="inan"></g><g v="femn"></g><g v="sing"></g><g v="gent"></g></l></v></tfr></token><token id="157139" text="даже"><tfr rev_id="4078653" t="даже"><v><l id="77849" t="даже"><g v="PRCL"></g></l></v></tfr></token><token id="157140" text="такие"><tfr rev_id="3821452" t="такие"><v><l id="342491" t="такой"><g v="ADJF"></g><g v="Apro"></g><g v="plur"></g><g v="nomn"></g></l></v></tfr></token><token id="157141" text="деньги"><tfr rev_id="4324978" t="деньги"><v><l id="81429" t="деньги"><g v="NOUN"></g><g v="inan"></g><g v="femn"></g><g v="plur"></g><g v="nomn"></g></l></v></tfr></token><token id="157142" text="оказались"><tfr rev_id="991957" t="оказались"><v><l id="204462" t="оказался"><g v="VERB"></g><g v="perf"></g><g v="intr"></g><g v="plur"></g><g v="past"></g><g v="indc"></g></l></v></tfr></token><token id="157143" text="неподъёмными"><tfr rev_id="991958" t="неподъёмными"><v><l id="185995" t="неподъемный"><g v="ADJF"></g><g v="plur"></g><g v="ablt"></g></l></v></tfr></token><token id="157144" text="для"><tfr rev_id="3442304" t="для"><v><l id="85032" t="для"><g v="PREP"></g></l></v></tfr></token><token id="157145" text="правительства"><tfr rev_id="3503575" t="правительства"><v><l id="265638" t="правительство"><g v="NOUN"></g><g v="inan"></g><g v="neut"></g><g v="sing"></g><g v="gent"></g></l></v></tfr></token><token id="157146" text="США"><tfr rev_id="3811046" t="США"><v><l id="341371" t="сша"><g v="NOUN"></g><g v="inan"></g><g v="GNdr"></g><g v="Pltm"></g><g v="Fixd"></g><g v="Abbr"></g><g v="Geox"></g><g v="plur"></g><g v="gent"></g></l></v></tfr></token><token id="157147" text="."><tfr rev_id="991962" t="."><v><l id="0" t="."><g v="PNCT"></g></l></v></tfr></token></tokens></sentence></paragraph></paragraphs></text>