<?xml version="1.0" encoding="utf-8"?><text id="1180" parent="226" name="22727 Российские школьники предпочитают взрослые социальные сети"><tags><tag>url:http://www.chaskor.ru/news/rossijskie_shkolniki_predpochitayut_vzroslye_sotsialnye_seti_22727</tag><tag>Год:2011</tag><tag>Дата:23/03</tag><tag>Тема:ЧасКор:Технологии</tag><tag>Тема:ЧасКор:Технологии/Сеть</tag></tags><paragraphs><paragraph id="11063"><sentence id="34685"><source>Российские школьники предпочитают взрослые социальные сети</source><tokens><token id="619579" text="Российские"><tfr rev_id="3821541" t="Российские"><v><l id="309319" t="российский"><g v="ADJF"></g><g v="plur"></g><g v="nomn"></g></l></v></tfr></token><token id="619580" text="школьники"><tfr rev_id="1451826" t="школьники"><v><l id="380237" t="школьник"><g v="NOUN"></g><g v="anim"></g><g v="masc"></g><g v="plur"></g><g v="nomn"></g></l></v></tfr></token><token id="619581" text="предпочитают"><tfr rev_id="1451827" t="предпочитают"><v><l id="266871" t="предпочитаю"><g v="VERB"></g><g v="impf"></g><g v="tran"></g><g v="plur"></g><g v="3per"></g><g v="pres"></g><g v="indc"></g></l></v></tfr></token><token id="619582" text="взрослые"><tfr rev_id="4151414" t="взрослые"><v><l id="44098" t="взрослый"><g v="ADJF"></g><g v="Qual"></g><g v="plur"></g><g v="nomn"></g></l></v><v><l id="44098" t="взрослый"><g v="ADJF"></g><g v="Qual"></g><g v="inan"></g><g v="plur"></g><g v="accs"></g></l></v></tfr></token><token id="619583" text="социальные"><tfr rev_id="3794429" t="социальные"><v><l id="331060" t="социальный"><g v="ADJF"></g><g v="Qual"></g><g v="inan"></g><g v="plur"></g><g v="accs"></g></l></v></tfr></token><token id="619584" text="сети"><tfr rev_id="3797060" t="сети"><v><l id="319643" t="сеть"><g v="NOUN"></g><g v="inan"></g><g v="femn"></g><g v="plur"></g><g v="accs"></g></l></v></tfr></token></tokens></sentence><sentence id="34686"><source>Наибольшей популярностью у юных россиян пользуется сервис «Вконтакте».</source><tokens><token id="619585" text="Наибольшей"><tfr rev_id="4173198" t="Наибольшей"><v><l id="32448" t="наибольший"><g v="ADJF"></g><g v="Supr"></g><g v="Qual"></g><g v="femn"></g><g v="sing"></g><g v="ablt"></g></l></v></tfr></token><token id="619586" text="популярностью"><tfr rev_id="1451832" t="популярностью"><v><l id="259761" t="популярность"><g v="NOUN"></g><g v="inan"></g><g v="femn"></g><g v="sing"></g><g v="ablt"></g></l></v></tfr></token><token id="619587" text="у"><tfr rev_id="3226776" t="у"><v><l id="352818" t="у"><g v="PREP"></g></l></v></tfr></token><token id="619588" text="юных"><tfr rev_id="3556386" t="юных"><v><l id="387076" t="юный"><g v="ADJF"></g><g v="Qual"></g><g v="plur"></g><g v="gent"></g></l></v></tfr></token><token id="619589" text="россиян"><tfr rev_id="4098158" t="россиян"><v><l id="309323" t="россиянин"><g v="NOUN"></g><g v="anim"></g><g v="masc"></g><g v="plur"></g><g v="gent"></g></l></v></tfr></token><token id="619590" text="пользуется"><tfr rev_id="1451836" t="пользуется"><v><l id="257090" t="пользуюсь"><g v="VERB"></g><g v="impf"></g><g v="intr"></g><g v="sing"></g><g v="3per"></g><g v="pres"></g><g v="indc"></g></l></v></tfr></token><token id="619591" text="сервис"><tfr rev_id="1451837" t="сервис"><v><l id="319025" t="сервис"><g v="NOUN"></g><g v="inan"></g><g v="masc"></g><g v="sing"></g><g v="nomn"></g></l></v><v><l id="319025" t="сервис"><g v="NOUN"></g><g v="inan"></g><g v="masc"></g><g v="sing"></g><g v="accs"></g></l></v></tfr></token><token id="619592" text="«"><tfr rev_id="2444254" t="«"><v><l id="0" t="«"><g v="PNCT"></g></l></v></tfr></token><token id="619593" text="Вконтакте"><tfr rev_id="4168119" t="Вконтакте"><v><l id="388963" t="вконтакте"><g v="NOUN"></g><g v="inan"></g><g v="masc"></g><g v="Sgtm"></g><g v="Fixd"></g><g v="sing"></g><g v="nomn"></g></l></v></tfr></token><token id="619594" text="»"><tfr rev_id="2444255" t="»"><v><l id="0" t="»"><g v="PNCT"></g></l></v></tfr></token><token id="619595" text="."><tfr rev_id="1451841" t="."><v><l id="0" t="."><g v="PNCT"></g></l></v></tfr></token></tokens></sentence></paragraph><paragraph id="11064"><sentence id="34687"><source>Фонд развития интернета обнародовал данные, в соответствии с которыми 80% российских детей являются постоянными пользователями социальных сетей.</source><tokens><token id="619596" text="Фонд"><tfr rev_id="4101172" t="Фонд"><v><l id="366948" t="фонд"><g v="NOUN"></g><g v="inan"></g><g v="masc"></g><g v="sing"></g><g v="nomn"></g></l></v></tfr></token><token id="619597" text="развития"><tfr rev_id="3435966" t="развития"><v><l id="292545" t="развитие"><g v="NOUN"></g><g v="inan"></g><g v="neut"></g><g v="sing"></g><g v="gent"></g></l></v></tfr></token><token id="619598" text="интернета"><tfr rev_id="1451844" t="интернета"><v><l id="123255" t="интернет"><g v="NOUN"></g><g v="inan"></g><g v="masc"></g><g v="sing"></g><g v="gent"></g></l></v></tfr></token><token id="619599" text="обнародовал"><tfr rev_id="1451845" t="обнародовал"><v><l id="197753" t="обнародовал"><g v="VERB"></g><g v="perf"></g><g v="tran"></g><g v="masc"></g><g v="sing"></g><g v="past"></g><g v="indc"></g></l></v></tfr></token><token id="619600" text="данные"><tfr rev_id="4535710" t="данные"><v><l id="78302" t="данные"><g v="NOUN"></g><g v="inan"></g><g v="GNdr"></g><g v="Pltm"></g><g v="plur"></g><g v="nomn"></g></l></v><v><l id="78302" t="данные"><g v="NOUN"></g><g v="inan"></g><g v="GNdr"></g><g v="Pltm"></g><g v="plur"></g><g v="accs"></g></l></v></tfr></token><token id="619601" text=","><tfr rev_id="1451847" t=","><v><l id="0" t=","><g v="PNCT"></g></l></v></tfr></token><token id="619602" text="в"><tfr rev_id="1451848" t="в"><v><l id="37409" t="в"><g v="PREP"></g></l></v></tfr></token><token id="619603" text="соответствии"><tfr rev_id="1451849" t="соответствии"><v><l id="329623" t="соответствие"><g v="NOUN"></g><g v="inan"></g><g v="neut"></g><g v="sing"></g><g v="loct"></g></l></v></tfr></token><token id="619604" text="с"><tfr rev_id="1451850" t="с"><v><l id="311151" t="с"><g v="PREP"></g></l></v></tfr></token><token id="619605" text="которыми"><tfr rev_id="3644518" t="которыми"><v><l id="141203" t="который"><g v="ADJF"></g><g v="Apro"></g><g v="Subx"></g><g v="Anph"></g><g v="plur"></g><g v="ablt"></g></l></v></tfr></token><token id="619606" text="80"><tfr rev_id="2461923" t="80"><v><l id="0" t="80"><g v="NUMB"></g></l></v></tfr></token><token id="619607" text="%"><tfr rev_id="2444256" t="%"><v><l id="0" t="%"><g v="PNCT"></g></l></v></tfr></token><token id="619608" text="российских"><tfr rev_id="3709372" t="российских"><v><l id="309319" t="российский"><g v="ADJF"></g><g v="plur"></g><g v="gent"></g></l></v></tfr></token><token id="619609" text="детей"><tfr rev_id="2866515" t="детей"><v><l id="304488" t="ребёнок"><g v="NOUN"></g><g v="anim"></g><g v="masc"></g><g v="plur"></g><g v="gent"></g></l></v></tfr></token><token id="619610" text="являются"><tfr rev_id="1451856" t="являются"><v><l id="387385" t="являюсь"><g v="VERB"></g><g v="impf"></g><g v="intr"></g><g v="plur"></g><g v="3per"></g><g v="pres"></g><g v="indc"></g></l></v></tfr></token><token id="619611" text="постоянными"><tfr rev_id="1451857" t="постоянными"><v><l id="262409" t="постоянный"><g v="ADJF"></g><g v="Qual"></g><g v="plur"></g><g v="ablt"></g></l></v></tfr></token><token id="619612" text="пользователями"><tfr rev_id="1451858" t="пользователями"><v><l id="257079" t="пользователь"><g v="NOUN"></g><g v="anim"></g><g v="masc"></g><g v="plur"></g><g v="ablt"></g></l></v></tfr></token><token id="619613" text="социальных"><tfr rev_id="4196786" t="социальных"><v><l id="331060" t="социальный"><g v="ADJF"></g><g v="Qual"></g><g v="plur"></g><g v="gent"></g></l></v></tfr></token><token id="619614" text="сетей"><tfr rev_id="1451860" t="сетей"><v><l id="319643" t="сеть"><g v="NOUN"></g><g v="inan"></g><g v="femn"></g><g v="plur"></g><g v="gent"></g></l></v></tfr></token><token id="619615" text="."><tfr rev_id="1451861" t="."><v><l id="0" t="."><g v="PNCT"></g></l></v></tfr></token></tokens></sentence><sentence id="34688"><source>При этом большинство школьников выбирают для общения те же сервисы, что и взрослые, сообщает NEWSru.com.</source><tokens><token id="619616" text="При"><tfr rev_id="2604547" t="При"><v><l id="268625" t="при"><g v="PREP"></g></l></v></tfr></token><token id="619617" text="этом"><tfr rev_id="4471269" t="этом"><v><l id="386575" t="это"><g v="NPRO"></g><g v="neut"></g><g v="sing"></g><g v="loct"></g></l></v></tfr></token><token id="619618" text="большинство"><tfr rev_id="4233298" t="большинство"><v><l id="32441" t="большинство"><g v="NOUN"></g><g v="inan"></g><g v="neut"></g><g v="Sgtm"></g><g v="sing"></g><g v="nomn"></g></l></v></tfr></token><token id="619619" text="школьников"><tfr rev_id="4384685" t="школьников"><v><l id="380237" t="школьник"><g v="NOUN"></g><g v="anim"></g><g v="masc"></g><g v="plur"></g><g v="gent"></g></l></v></tfr></token><token id="619620" text="выбирают"><tfr rev_id="1451866" t="выбирают"><v><l id="55639" t="выбираю"><g v="VERB"></g><g v="impf"></g><g v="tran"></g><g v="plur"></g><g v="3per"></g><g v="pres"></g><g v="indc"></g></l></v></tfr></token><token id="619621" text="для"><tfr rev_id="3418337" t="для"><v><l id="85032" t="для"><g v="PREP"></g></l></v></tfr></token><token id="619622" text="общения"><tfr rev_id="3441325" t="общения"><v><l id="201514" t="общение"><g v="NOUN"></g><g v="inan"></g><g v="neut"></g><g v="sing"></g><g v="gent"></g></l></v></tfr></token><token id="619623" text="те"><tfr rev_id="3780027" t="те"><v><l id="348430" t="тот"><g v="ADJF"></g><g v="Subx"></g><g v="Apro"></g><g v="Anph"></g><g v="inan"></g><g v="plur"></g><g v="accs"></g></l></v></tfr></token><token id="619624" text="же"><tfr rev_id="1451870" t="же"><v><l id="96208" t="же"><g v="CONJ"></g></l></v><v><l id="96209" t="же"><g v="PRCL"></g></l></v></tfr></token><token id="619625" text="сервисы"><tfr rev_id="3751662" t="сервисы"><v><l id="319025" t="сервис"><g v="NOUN"></g><g v="inan"></g><g v="masc"></g><g v="plur"></g><g v="accs"></g></l></v></tfr></token><token id="619626" text=","><tfr rev_id="1451872" t=","><v><l id="0" t=","><g v="PNCT"></g></l></v></tfr></token><token id="619627" text="что"><tfr rev_id="3196968" t="что"><v><l id="377004" t="что"><g v="CONJ"></g></l></v><v><l id="377005" t="что"><g v="NPRO"></g><g v="neut"></g><g v="sing"></g><g v="nomn"></g></l></v><v><l id="377005" t="что"><g v="NPRO"></g><g v="neut"></g><g v="sing"></g><g v="accs"></g></l></v><v><l id="377006" t="что"><g v="ADVB"></g><g v="Ques"></g></l></v><v><l id="388695" t="что"><g v="PRCL"></g></l></v></tfr></token><token id="619628" text="и"><tfr rev_id="1451874" t="и"><v><l id="116949" t="и"><g v="CONJ"></g></l></v><v><l id="116950" t="и"><g v="INTJ"></g></l></v></tfr></token><token id="619629" text="взрослые"><tfr rev_id="3411918" t="взрослые"><v><l id="44097" t="взрослый"><g v="NOUN"></g><g v="anim"></g><g v="masc"></g><g v="plur"></g><g v="nomn"></g></l></v></tfr></token><token id="619630" text=","><tfr rev_id="1451876" t=","><v><l id="0" t=","><g v="PNCT"></g></l></v></tfr></token><token id="619631" text="сообщает"><tfr rev_id="1451877" t="сообщает"><v><l id="329538" t="сообщаю"><g v="VERB"></g><g v="impf"></g><g v="tran"></g><g v="sing"></g><g v="3per"></g><g v="pres"></g><g v="indc"></g></l></v></tfr></token><token id="619632" text="NEWSru.com"><tfr rev_id="2474848" t="NEWSru.com"><v><l id="0" t="NEWSru.com"><g v="LATN"></g></l></v></tfr></token><token id="619633" text="."><tfr rev_id="1451879" t="."><v><l id="0" t="."><g v="PNCT"></g></l></v></tfr></token></tokens></sentence><sentence id="34689"><source>Из числа юных поклонников соцсетей в России 86% предпочитают сервис «Вконтакте», 16% — «Одноклассники».</source><tokens><token id="619634" text="Из"><tfr rev_id="2557394" t="Из"><v><l id="117677" t="из"><g v="PREP"></g></l></v></tfr></token><token id="619635" text="числа"><tfr rev_id="3433707" t="числа"><v><l id="376585" t="число"><g v="NOUN"></g><g v="inan"></g><g v="neut"></g><g v="sing"></g><g v="gent"></g></l></v></tfr></token><token id="619636" text="юных"><tfr rev_id="3646500" t="юных"><v><l id="387076" t="юный"><g v="ADJF"></g><g v="Qual"></g><g v="plur"></g><g v="gent"></g></l></v></tfr></token><token id="619637" text="поклонников"><tfr rev_id="4383011" t="поклонников"><v><l id="254382" t="поклонник"><g v="NOUN"></g><g v="anim"></g><g v="masc"></g><g v="plur"></g><g v="gent"></g></l></v></tfr></token><token id="619638" text="соцсетей"><tfr rev_id="2559952" t="соцсетей"><v><l id="388636" t="соцсеть"><g v="NOUN"></g><g v="inan"></g><g v="femn"></g><g v="plur"></g><g v="gent"></g></l></v></tfr></token><token id="619639" text="в"><tfr rev_id="1451885" t="в"><v><l id="37409" t="в"><g v="PREP"></g></l></v></tfr></token><token id="619640" text="России"><tfr rev_id="3456830" t="России"><v><l id="309322" t="россия"><g v="NOUN"></g><g v="inan"></g><g v="femn"></g><g v="Sgtm"></g><g v="Geox"></g><g v="sing"></g><g v="loct"></g></l></v></tfr></token><token id="619641" text="86"><tfr rev_id="2461924" t="86"><v><l id="0" t="86"><g v="NUMB"></g></l></v></tfr></token><token id="619642" text="%"><tfr rev_id="2444257" t="%"><v><l id="0" t="%"><g v="PNCT"></g></l></v></tfr></token><token id="619643" text="предпочитают"><tfr rev_id="1451889" t="предпочитают"><v><l id="266871" t="предпочитаю"><g v="VERB"></g><g v="impf"></g><g v="tran"></g><g v="plur"></g><g v="3per"></g><g v="pres"></g><g v="indc"></g></l></v></tfr></token><token id="619644" text="сервис"><tfr rev_id="1451890" t="сервис"><v><l id="319025" t="сервис"><g v="NOUN"></g><g v="inan"></g><g v="masc"></g><g v="sing"></g><g v="nomn"></g></l></v><v><l id="319025" t="сервис"><g v="NOUN"></g><g v="inan"></g><g v="masc"></g><g v="sing"></g><g v="accs"></g></l></v></tfr></token><token id="619645" text="«"><tfr rev_id="2444258" t="«"><v><l id="0" t="«"><g v="PNCT"></g></l></v></tfr></token><token id="619646" text="Вконтакте"><tfr rev_id="4180801" t="Вконтакте"><v><l id="388963" t="вконтакте"><g v="NOUN"></g><g v="inan"></g><g v="masc"></g><g v="Sgtm"></g><g v="Fixd"></g><g v="sing"></g><g v="nomn"></g></l></v></tfr></token><token id="619647" text="»"><tfr rev_id="2444259" t="»"><v><l id="0" t="»"><g v="PNCT"></g></l></v></tfr></token><token id="619648" text=","><tfr rev_id="1451894" t=","><v><l id="0" t=","><g v="PNCT"></g></l></v></tfr></token><token id="619649" text="16"><tfr rev_id="2461925" t="16"><v><l id="0" t="16"><g v="NUMB"></g></l></v></tfr></token><token id="619650" text="%"><tfr rev_id="2444260" t="%"><v><l id="0" t="%"><g v="PNCT"></g></l></v></tfr></token><token id="619651" text="—"><tfr rev_id="2444261" t="—"><v><l id="0" t="—"><g v="PNCT"></g></l></v></tfr></token><token id="619652" text="«"><tfr rev_id="2444262" t="«"><v><l id="0" t="«"><g v="PNCT"></g></l></v></tfr></token><token id="619653" text="Одноклассники"><tfr rev_id="1451899" t="Одноклассники"><v><l id="203427" t="одноклассник"><g v="NOUN"></g><g v="anim"></g><g v="masc"></g><g v="plur"></g><g v="nomn"></g></l></v></tfr></token><token id="619654" text="»"><tfr rev_id="2444263" t="»"><v><l id="0" t="»"><g v="PNCT"></g></l></v></tfr></token><token id="619655" text="."><tfr rev_id="1451901" t="."><v><l id="0" t="."><g v="PNCT"></g></l></v></tfr></token></tokens></sentence><sentence id="34690"><source>А вот крупнейшая мировая сеть Facebook заинтересовала только 4% школьников.</source><tokens><token id="619656" text="А"><tfr rev_id="1451902" t="А"><v><l id="51" t="а"><g v="CONJ"></g></l></v><v><l id="52" t="а"><g v="INTJ"></g></l></v><v><l id="53" t="а"><g v="PRCL"></g></l></v></tfr></token><token id="619657" text="вот"><tfr rev_id="3363343" t="вот"><v><l id="52157" t="вот"><g v="PRCL"></g></l></v></tfr></token><token id="619658" text="крупнейшая"><tfr rev_id="1451904" t="крупнейшая"><v><l id="143764" t="крупнейший"><g v="ADJF"></g><g v="Supr"></g><g v="Qual"></g><g v="femn"></g><g v="sing"></g><g v="nomn"></g></l></v></tfr></token><token id="619659" text="мировая"><tfr rev_id="1451905" t="мировая"><v><l id="160894" t="мировой"><g v="ADJF"></g><g v="femn"></g><g v="sing"></g><g v="nomn"></g></l></v></tfr></token><token id="619660" text="сеть"><tfr rev_id="3300767" t="сеть"><v><l id="319643" t="сеть"><g v="NOUN"></g><g v="inan"></g><g v="femn"></g><g v="sing"></g><g v="nomn"></g></l></v></tfr></token><token id="619661" text="Facebook"><tfr rev_id="2474849" t="Facebook"><v><l id="0" t="Facebook"><g v="LATN"></g></l></v></tfr></token><token id="619662" text="заинтересовала"><tfr rev_id="1451908" t="заинтересовала"><v><l id="102712" t="заинтересовал"><g v="VERB"></g><g v="perf"></g><g v="tran"></g><g v="femn"></g><g v="sing"></g><g v="past"></g><g v="indc"></g></l></v></tfr></token><token id="619663" text="только"><tfr rev_id="3784090" t="только"><v><l id="347395" t="только"><g v="CONJ"></g></l></v><v><l id="347396" t="только"><g v="PRCL"></g></l></v><v><l id="390053" t="только"><g v="ADVB"></g></l></v></tfr></token><token id="619664" text="4"><tfr rev_id="2461926" t="4"><v><l id="0" t="4"><g v="NUMB"></g></l></v></tfr></token><token id="619665" text="%"><tfr rev_id="2444264" t="%"><v><l id="0" t="%"><g v="PNCT"></g></l></v></tfr></token><token id="619666" text="школьников"><tfr rev_id="4384750" t="школьников"><v><l id="380237" t="школьник"><g v="NOUN"></g><g v="anim"></g><g v="masc"></g><g v="plur"></g><g v="gent"></g></l></v></tfr></token><token id="619667" text="."><tfr rev_id="1451913" t="."><v><l id="0" t="."><g v="PNCT"></g></l></v></tfr></token></tokens></sentence><sentence id="34691"><source>Зарегистрировавшихся детей и подростков на сервисе микроблогов Twitter и того меньше — всего 2%.</source><tokens><token id="619668" text="Зарегистрировавшихся"><tfr rev_id="1451914" t="Зарегистрировавшихся"><v><l id="108635" t="зарегистрировавшийся"><g v="PRTF"></g><g v="perf"></g><g v="intr"></g><g v="past"></g><g v="actv"></g><g v="plur"></g><g v="gent"></g></l></v><v><l id="108635" t="зарегистрировавшийся"><g v="PRTF"></g><g v="perf"></g><g v="intr"></g><g v="past"></g><g v="actv"></g><g v="anim"></g><g v="plur"></g><g v="accs"></g></l></v><v><l id="108635" t="зарегистрировавшийся"><g v="PRTF"></g><g v="perf"></g><g v="intr"></g><g v="past"></g><g v="actv"></g><g v="plur"></g><g v="loct"></g></l></v></tfr></token><token id="619669" text="детей"><tfr rev_id="3704481" t="детей"><v><l id="304488" t="ребёнок"><g v="NOUN"></g><g v="anim"></g><g v="masc"></g><g v="plur"></g><g v="gent"></g></l></v></tfr></token><token id="619670" text="и"><tfr rev_id="1451916" t="и"><v><l id="116949" t="и"><g v="CONJ"></g></l></v><v><l id="116950" t="и"><g v="INTJ"></g></l></v></tfr></token><token id="619671" text="подростков"><tfr rev_id="4384628" t="подростков"><v><l id="249822" t="подросток"><g v="NOUN"></g><g v="anim"></g><g v="masc"></g><g v="plur"></g><g v="gent"></g></l></v></tfr></token><token id="619672" text="на"><tfr rev_id="3335083" t="на"><v><l id="166264" t="на"><g v="PREP"></g></l></v></tfr></token><token id="619673" text="сервисе"><tfr rev_id="1451919" t="сервисе"><v><l id="319025" t="сервис"><g v="NOUN"></g><g v="inan"></g><g v="masc"></g><g v="sing"></g><g v="loct"></g></l></v></tfr></token><token id="619674" text="микроблогов"><tfr rev_id="2922149" t="микроблогов"><v><l id="388679" t="микроблог"><g v="NOUN"></g><g v="inan"></g><g v="masc"></g><g v="plur"></g><g v="gent"></g></l></v></tfr></token><token id="619675" text="Twitter"><tfr rev_id="2474850" t="Twitter"><v><l id="0" t="Twitter"><g v="LATN"></g></l></v></tfr></token><token id="619676" text="и"><tfr rev_id="3410442" t="и"><v><l id="0" t="и"><g v="UNKN"></g></l></v></tfr></token><token id="619677" text="того"><tfr rev_id="4537784" t="того"><v><l id="348430" t="тот"><g v="ADJF"></g><g v="Subx"></g><g v="Apro"></g><g v="Anph"></g><g v="masc"></g><g v="sing"></g><g v="gent"></g></l></v><v><l id="348430" t="тот"><g v="ADJF"></g><g v="Subx"></g><g v="Apro"></g><g v="Anph"></g><g v="neut"></g><g v="sing"></g><g v="gent"></g></l></v></tfr></token><token id="619678" text="меньше"><tfr rev_id="4266749" t="меньше"><v><l id="153697" t="меньше"><g v="COMP"></g><g v="Qual"></g></l></v></tfr></token><token id="619679" text="—"><tfr rev_id="2444265" t="—"><v><l id="0" t="—"><g v="PNCT"></g></l></v></tfr></token><token id="619680" text="всего"><tfr rev_id="4492959" t="всего"><v><l id="53374" t="всего"><g v="PRCL"></g></l></v></tfr></token><token id="619681" text="2"><tfr rev_id="2461927" t="2"><v><l id="0" t="2"><g v="NUMB"></g></l></v></tfr></token><token id="619682" text="%"><tfr rev_id="2444266" t="%"><v><l id="0" t="%"><g v="PNCT"></g></l></v></tfr></token><token id="619683" text="."><tfr rev_id="1451929" t="."><v><l id="0" t="."><g v="PNCT"></g></l></v></tfr></token></tokens></sentence></paragraph><paragraph id="11065"><sentence id="34692"><source>Зарегистрировать аккаунт в соцсети по правилам российских сервисов разрешается детям от шести лет.</source><tokens><token id="619684" text="Зарегистрировать"><tfr rev_id="1451930" t="Зарегистрировать"><v><l id="108628" t="зарегистрировать"><g v="INFN"></g><g v="perf"></g><g v="tran"></g></l></v></tfr></token><token id="619685" text="аккаунт"><tfr rev_id="3301207" t="аккаунт"><v><l id="7070" t="аккаунт"><g v="NOUN"></g><g v="inan"></g><g v="masc"></g><g v="sing"></g><g v="accs"></g></l></v></tfr></token><token id="619686" text="в"><tfr rev_id="1451932" t="в"><v><l id="37409" t="в"><g v="PREP"></g></l></v></tfr></token><token id="619687" text="соцсети"><tfr rev_id="4343752" t="соцсети"><v><l id="388636" t="соцсеть"><g v="NOUN"></g><g v="inan"></g><g v="femn"></g><g v="sing"></g><g v="loct"></g></l></v></tfr></token><token id="619688" text="по"><tfr rev_id="1451934" t="по"><v><l id="241240" t="по"><g v="PREP"></g></l></v></tfr></token><token id="619689" text="правилам"><tfr rev_id="1451935" t="правилам"><v><l id="265619" t="правило"><g v="NOUN"></g><g v="inan"></g><g v="neut"></g><g v="plur"></g><g v="datv"></g></l></v></tfr></token><token id="619690" text="российских"><tfr rev_id="4197079" t="российских"><v><l id="309319" t="российский"><g v="ADJF"></g><g v="plur"></g><g v="gent"></g></l></v></tfr></token><token id="619691" text="сервисов"><tfr rev_id="1451937" t="сервисов"><v><l id="319025" t="сервис"><g v="NOUN"></g><g v="inan"></g><g v="masc"></g><g v="plur"></g><g v="gent"></g></l></v></tfr></token><token id="619692" text="разрешается"><tfr rev_id="1451938" t="разрешается"><v><l id="296647" t="разрешаюсь"><g v="VERB"></g><g v="impf"></g><g v="intr"></g><g v="sing"></g><g v="3per"></g><g v="pres"></g><g v="indc"></g></l></v></tfr></token><token id="619693" text="детям"><tfr rev_id="1451939" t="детям"><v><l id="304488" t="ребёнок"><g v="NOUN"></g><g v="anim"></g><g v="masc"></g><g v="plur"></g><g v="datv"></g></l></v></tfr></token><token id="619694" text="от"><tfr rev_id="1451940" t="от"><v><l id="211644" t="от"><g v="PREP"></g></l></v></tfr></token><token id="619695" text="шести"><tfr rev_id="4353028" t="шести"><v><l id="379421" t="шесть"><g v="NUMR"></g><g v="gent"></g></l></v></tfr></token><token id="619696" text="лет"><tfr rev_id="3097730" t="лет"><v><l id="72149" t="год"><g v="NOUN"></g><g v="inan"></g><g v="masc"></g><g v="plur"></g><g v="gent"></g></l></v></tfr></token><token id="619697" text="."><tfr rev_id="1451943" t="."><v><l id="0" t="."><g v="PNCT"></g></l></v></tfr></token></tokens></sentence><sentence id="34693"><source>В международной сети Facebook — от 13 лет.</source><tokens><token id="619698" text="В"><tfr rev_id="1451944" t="В"><v><l id="37409" t="в"><g v="PREP"></g></l></v></tfr></token><token id="619699" text="международной"><tfr rev_id="4095154" t="международной"><v><l id="157346" t="международный"><g v="ADJF"></g><g v="femn"></g><g v="sing"></g><g v="loct"></g></l></v></tfr></token><token id="619700" text="сети"><tfr rev_id="4392909" t="сети"><v><l id="319643" t="сеть"><g v="NOUN"></g><g v="inan"></g><g v="femn"></g><g v="sing"></g><g v="loc1"></g></l></v><v><l id="319643" t="сеть"><g v="NOUN"></g><g v="inan"></g><g v="femn"></g><g v="sing"></g><g v="loc2"></g></l></v></tfr></token><token id="619701" text="Facebook"><tfr rev_id="2474851" t="Facebook"><v><l id="0" t="Facebook"><g v="LATN"></g></l></v></tfr></token><token id="619702" text="—"><tfr rev_id="2444267" t="—"><v><l id="0" t="—"><g v="PNCT"></g></l></v></tfr></token><token id="619703" text="от"><tfr rev_id="1451949" t="от"><v><l id="211644" t="от"><g v="PREP"></g></l></v></tfr></token><token id="619704" text="13"><tfr rev_id="2461928" t="13"><v><l id="0" t="13"><g v="NUMB"></g></l></v></tfr></token><token id="619705" text="лет"><tfr rev_id="3469738" t="лет"><v><l id="72149" t="год"><g v="NOUN"></g><g v="inan"></g><g v="masc"></g><g v="plur"></g><g v="gent"></g></l></v></tfr></token><token id="619706" text="."><tfr rev_id="1451952" t="."><v><l id="0" t="."><g v="PNCT"></g></l></v></tfr></token></tokens></sentence><sentence id="34694"><source>Однако проверить, верно ли указан возраст пользователя, практически невозможно.</source><tokens><token id="619707" text="Однако"><tfr rev_id="4572758" t="Однако"><v><l id="203387" t="однако"><g v="CONJ"></g><g v="Prnt"></g></l></v></tfr></token><token id="619708" text="проверить"><tfr rev_id="1451954" t="проверить"><v><l id="277754" t="проверить"><g v="INFN"></g><g v="perf"></g><g v="tran"></g></l></v></tfr></token><token id="619709" text=","><tfr rev_id="1451955" t=","><v><l id="0" t=","><g v="PNCT"></g></l></v></tfr></token><token id="619710" text="верно"><tfr rev_id="1451956" t="верно"><v><l id="41470" t="верно"><g v="ADVB"></g><g v="Prdx"></g></l></v><v><l id="41471" t="верно"><g v="CONJ"></g><g v="Prnt"></g></l></v><v><l id="41490" t="верен"><g v="ADJS"></g><g v="Qual"></g><g v="neut"></g><g v="sing"></g></l></v></tfr></token><token id="619711" text="ли"><tfr rev_id="4467083" t="ли"><v><l id="148847" t="ли"><g v="CONJ"></g></l></v><v><l id="148848" t="ли"><g v="PRCL"></g></l></v></tfr></token><token id="619712" text="указан"><tfr rev_id="4348314" t="указан"><v><l id="355928" t="указан"><g v="PRTS"></g><g v="perf"></g><g v="past"></g><g v="pssv"></g><g v="masc"></g><g v="sing"></g></l></v></tfr></token><token id="619713" text="возраст"><tfr rev_id="1451959" t="возраст"><v><l id="49611" t="возраст"><g v="NOUN"></g><g v="inan"></g><g v="masc"></g><g v="sing"></g><g v="nomn"></g></l></v><v><l id="49611" t="возраст"><g v="NOUN"></g><g v="inan"></g><g v="masc"></g><g v="sing"></g><g v="accs"></g></l></v></tfr></token><token id="619714" text="пользователя"><tfr rev_id="2931311" t="пользователя"><v><l id="257079" t="пользователь"><g v="NOUN"></g><g v="anim"></g><g v="masc"></g><g v="sing"></g><g v="gent"></g></l></v></tfr></token><token id="619715" text=","><tfr rev_id="1451961" t=","><v><l id="0" t=","><g v="PNCT"></g></l></v></tfr></token><token id="619716" text="практически"><tfr rev_id="1451962" t="практически"><v><l id="265904" t="практически"><g v="ADVB"></g></l></v></tfr></token><token id="619717" text="невозможно"><tfr rev_id="3709834" t="невозможно"><v><l id="179947" t="невозможно"><g v="ADVB"></g><g v="Prdx"></g></l></v></tfr></token><token id="619718" text="."><tfr rev_id="1451964" t="."><v><l id="0" t="."><g v="PNCT"></g></l></v></tfr></token></tokens></sentence><sentence id="34695"><source>Впрочем, если те или иные признаки всё же указывают на слишком юный возраст пользователя соцсети, администрация сервиса блокирует аккаунт нарушителя.</source><tokens><token id="619719" text="Впрочем"><tfr rev_id="3423260" t="Впрочем"><v><l id="52738" t="впрочем"><g v="CONJ"></g><g v="Prnt"></g></l></v></tfr></token><token id="619720" text=","><tfr rev_id="1451966" t=","><v><l id="0" t=","><g v="PNCT"></g></l></v></tfr></token><token id="619721" text="если"><tfr rev_id="1451967" t="если"><v><l id="95365" t="если"><g v="CONJ"></g></l></v></tfr></token><token id="619722" text="те"><tfr rev_id="3794419" t="те"><v><l id="348430" t="тот"><g v="ADJF"></g><g v="Subx"></g><g v="Apro"></g><g v="Anph"></g><g v="plur"></g><g v="nomn"></g></l></v></tfr></token><token id="619723" text="или"><tfr rev_id="3787214" t="или"><v><l id="121146" t="или"><g v="CONJ"></g></l></v></tfr></token><token id="619724" text="иные"><tfr rev_id="3804203" t="иные"><v><l id="122715" t="иной"><g v="ADJF"></g><g v="Subx"></g><g v="Apro"></g><g v="plur"></g><g v="nomn"></g></l></v></tfr></token><token id="619725" text="признаки"><tfr rev_id="3750032" t="признаки"><v><l id="270637" t="признак"><g v="NOUN"></g><g v="inan"></g><g v="masc"></g><g v="plur"></g><g v="nomn"></g></l></v></tfr></token><token id="619726" text="всё"><tfr rev_id="4458792" t="всё"><v><l id="390209" t="всё"><g v="PRCL"></g></l></v></tfr></token><token id="619727" text="же"><tfr rev_id="1451973" t="же"><v><l id="96208" t="же"><g v="CONJ"></g></l></v><v><l id="96209" t="же"><g v="PRCL"></g></l></v></tfr></token><token id="619728" text="указывают"><tfr rev_id="1451974" t="указывают"><v><l id="355940" t="указываю"><g v="VERB"></g><g v="impf"></g><g v="tran"></g><g v="plur"></g><g v="3per"></g><g v="pres"></g><g v="indc"></g></l></v></tfr></token><token id="619729" text="на"><tfr rev_id="3337848" t="на"><v><l id="166264" t="на"><g v="PREP"></g></l></v></tfr></token><token id="619730" text="слишком"><tfr rev_id="1451976" t="слишком"><v><l id="325109" t="слишком"><g v="ADVB"></g></l></v></tfr></token><token id="619731" text="юный"><tfr rev_id="4097782" t="юный"><v><l id="387076" t="юный"><g v="ADJF"></g><g v="Qual"></g><g v="inan"></g><g v="masc"></g><g v="sing"></g><g v="accs"></g></l></v></tfr></token><token id="619732" text="возраст"><tfr rev_id="1451978" t="возраст"><v><l id="49611" t="возраст"><g v="NOUN"></g><g v="inan"></g><g v="masc"></g><g v="sing"></g><g v="nomn"></g></l></v><v><l id="49611" t="возраст"><g v="NOUN"></g><g v="inan"></g><g v="masc"></g><g v="sing"></g><g v="accs"></g></l></v></tfr></token><token id="619733" text="пользователя"><tfr rev_id="3886689" t="пользователя"><v><l id="257079" t="пользователь"><g v="NOUN"></g><g v="anim"></g><g v="masc"></g><g v="sing"></g><g v="gent"></g></l></v></tfr></token><token id="619734" text="соцсети"><tfr rev_id="4343753" t="соцсети"><v><l id="388636" t="соцсеть"><g v="NOUN"></g><g v="inan"></g><g v="femn"></g><g v="sing"></g><g v="gent"></g></l></v></tfr></token><token id="619735" text=","><tfr rev_id="1451981" t=","><v><l id="0" t=","><g v="PNCT"></g></l></v></tfr></token><token id="619736" text="администрация"><tfr rev_id="1451982" t="администрация"><v><l id="5057" t="администрация"><g v="NOUN"></g><g v="inan"></g><g v="femn"></g><g v="sing"></g><g v="nomn"></g></l></v></tfr></token><token id="619737" text="сервиса"><tfr rev_id="1451983" t="сервиса"><v><l id="319025" t="сервис"><g v="NOUN"></g><g v="inan"></g><g v="masc"></g><g v="sing"></g><g v="gent"></g></l></v></tfr></token><token id="619738" text="блокирует"><tfr rev_id="1451984" t="блокирует"><v><l id="30998" t="блокировал"><g v="VERB"></g><g v="perf"></g><g v="tran"></g><g v="sing"></g><g v="3per"></g><g v="futr"></g><g v="indc"></g></l></v><v><l id="30999" t="блокирую"><g v="VERB"></g><g v="impf"></g><g v="tran"></g><g v="sing"></g><g v="3per"></g><g v="pres"></g><g v="indc"></g></l></v></tfr></token><token id="619739" text="аккаунт"><tfr rev_id="4094858" t="аккаунт"><v><l id="7070" t="аккаунт"><g v="NOUN"></g><g v="inan"></g><g v="masc"></g><g v="sing"></g><g v="accs"></g></l></v></tfr></token><token id="619740" text="нарушителя"><tfr rev_id="3676000" t="нарушителя"><v><l id="174885" t="нарушитель"><g v="NOUN"></g><g v="anim"></g><g v="masc"></g><g v="sing"></g><g v="gent"></g></l></v></tfr></token><token id="619741" text="."><tfr rev_id="1451987" t="."><v><l id="0" t="."><g v="PNCT"></g></l></v></tfr></token></tokens></sentence></paragraph><paragraph id="11066"><sentence id="34696"><source>По информации, предоставленной администрацией соцсети «Вконтакте», дети в возрасте от 6 до 14 лет составляют около 5% их аудитории.</source><tokens><token id="619742" text="По"><tfr rev_id="1451988" t="По"><v><l id="241240" t="по"><g v="PREP"></g></l></v></tfr></token><token id="619743" text="информации"><tfr rev_id="4101755" t="информации"><v><l id="123576" t="информация"><g v="NOUN"></g><g v="inan"></g><g v="femn"></g><g v="sing"></g><g v="datv"></g></l></v></tfr></token><token id="619744" text=","><tfr rev_id="1451990" t=","><v><l id="0" t=","><g v="PNCT"></g></l></v></tfr></token><token id="619745" text="предоставленной"><tfr rev_id="3445719" t="предоставленной"><v><l id="266667" t="предоставленный"><g v="PRTF"></g><g v="perf"></g><g v="tran"></g><g v="past"></g><g v="pssv"></g><g v="femn"></g><g v="sing"></g><g v="datv"></g></l></v></tfr></token><token id="619746" text="администрацией"><tfr rev_id="1451992" t="администрацией"><v><l id="5057" t="администрация"><g v="NOUN"></g><g v="inan"></g><g v="femn"></g><g v="sing"></g><g v="ablt"></g></l></v></tfr></token><token id="619747" text="соцсети"><tfr rev_id="4343754" t="соцсети"><v><l id="388636" t="соцсеть"><g v="NOUN"></g><g v="inan"></g><g v="femn"></g><g v="sing"></g><g v="gent"></g></l></v></tfr></token><token id="619748" text="«"><tfr rev_id="2444268" t="«"><v><l id="0" t="«"><g v="PNCT"></g></l></v></tfr></token><token id="619749" text="Вконтакте"><tfr rev_id="4152408" t="Вконтакте"><v><l id="388963" t="вконтакте"><g v="NOUN"></g><g v="inan"></g><g v="masc"></g><g v="Sgtm"></g><g v="Fixd"></g><g v="sing"></g><g v="nomn"></g></l></v></tfr></token><token id="619750" text="»"><tfr rev_id="2444269" t="»"><v><l id="0" t="»"><g v="PNCT"></g></l></v></tfr></token><token id="619751" text=","><tfr rev_id="1451997" t=","><v><l id="0" t=","><g v="PNCT"></g></l></v></tfr></token><token id="619752" text="дети"><tfr rev_id="1451998" t="дети"><v><l id="304488" t="ребёнок"><g v="NOUN"></g><g v="anim"></g><g v="masc"></g><g v="plur"></g><g v="nomn"></g></l></v></tfr></token><token id="619753" text="в"><tfr rev_id="1451999" t="в"><v><l id="37409" t="в"><g v="PREP"></g></l></v></tfr></token><token id="619754" text="возрасте"><tfr rev_id="1452000" t="возрасте"><v><l id="49611" t="возраст"><g v="NOUN"></g><g v="inan"></g><g v="masc"></g><g v="sing"></g><g v="loct"></g></l></v></tfr></token><token id="619755" text="от"><tfr rev_id="1452001" t="от"><v><l id="211644" t="от"><g v="PREP"></g></l></v></tfr></token><token id="619756" text="6"><tfr rev_id="2461929" t="6"><v><l id="0" t="6"><g v="NUMB"></g></l></v></tfr></token><token id="619757" text="до"><tfr rev_id="1452003" t="до"><v><l id="85153" t="до"><g v="PREP"></g></l></v></tfr></token><token id="619758" text="14"><tfr rev_id="2461930" t="14"><v><l id="0" t="14"><g v="NUMB"></g></l></v></tfr></token><token id="619759" text="лет"><tfr rev_id="3432472" t="лет"><v><l id="72149" t="год"><g v="NOUN"></g><g v="inan"></g><g v="masc"></g><g v="plur"></g><g v="gent"></g></l></v></tfr></token><token id="619760" text="составляют"><tfr rev_id="1452006" t="составляют"><v><l id="330494" t="составляю"><g v="VERB"></g><g v="impf"></g><g v="tran"></g><g v="plur"></g><g v="3per"></g><g v="pres"></g><g v="indc"></g></l></v></tfr></token><token id="619761" text="около"><tfr rev_id="4231597" t="около"><v><l id="205005" t="около"><g v="PREP"></g></l></v></tfr></token><token id="619762" text="5"><tfr rev_id="2461931" t="5"><v><l id="0" t="5"><g v="NUMB"></g></l></v></tfr></token><token id="619763" text="%"><tfr rev_id="2444270" t="%"><v><l id="0" t="%"><g v="PNCT"></g></l></v></tfr></token><token id="619764" text="их"><tfr rev_id="4472873" t="их"><v><l id="127205" t="их"><g v="ADJF"></g><g v="Fixd"></g><g v="Apro"></g><g v="Anph"></g><g v="masc"></g><g v="sing"></g><g v="nomn"></g></l></v><v><l id="127205" t="их"><g v="ADJF"></g><g v="Fixd"></g><g v="Apro"></g><g v="Anph"></g><g v="masc"></g><g v="sing"></g><g v="gent"></g></l></v><v><l id="127205" t="их"><g v="ADJF"></g><g v="Fixd"></g><g v="Apro"></g><g v="Anph"></g><g v="masc"></g><g v="sing"></g><g v="datv"></g></l></v><v><l id="127205" t="их"><g v="ADJF"></g><g v="Fixd"></g><g v="Apro"></g><g v="Anph"></g><g v="masc"></g><g v="sing"></g><g v="accs"></g></l></v><v><l id="127205" t="их"><g v="ADJF"></g><g v="Fixd"></g><g v="Apro"></g><g v="Anph"></g><g v="masc"></g><g v="sing"></g><g v="ablt"></g></l></v><v><l id="127205" t="их"><g v="ADJF"></g><g v="Fixd"></g><g v="Apro"></g><g v="Anph"></g><g v="masc"></g><g v="sing"></g><g v="loct"></g></l></v><v><l id="127205" t="их"><g v="ADJF"></g><g v="Fixd"></g><g v="Apro"></g><g v="Anph"></g><g v="femn"></g><g v="sing"></g><g v="nomn"></g></l></v><v><l id="127205" t="их"><g v="ADJF"></g><g v="Fixd"></g><g v="Apro"></g><g v="Anph"></g><g v="femn"></g><g v="sing"></g><g v="gent"></g></l></v><v><l id="127205" t="их"><g v="ADJF"></g><g v="Fixd"></g><g v="Apro"></g><g v="Anph"></g><g v="femn"></g><g v="sing"></g><g v="datv"></g></l></v><v><l id="127205" t="их"><g v="ADJF"></g><g v="Fixd"></g><g v="Apro"></g><g v="Anph"></g><g v="femn"></g><g v="sing"></g><g v="accs"></g></l></v><v><l id="127205" t="их"><g v="ADJF"></g><g v="Fixd"></g><g v="Apro"></g><g v="Anph"></g><g v="femn"></g><g v="sing"></g><g v="ablt"></g></l></v><v><l id="127205" t="их"><g v="ADJF"></g><g v="Fixd"></g><g v="Apro"></g><g v="Anph"></g><g v="femn"></g><g v="sing"></g><g v="loct"></g></l></v><v><l id="127205" t="их"><g v="ADJF"></g><g v="Fixd"></g><g v="Apro"></g><g v="Anph"></g><g v="neut"></g><g v="sing"></g><g v="nomn"></g></l></v><v><l id="127205" t="их"><g v="ADJF"></g><g v="Fixd"></g><g v="Apro"></g><g v="Anph"></g><g v="neut"></g><g v="sing"></g><g v="gent"></g></l></v><v><l id="127205" t="их"><g v="ADJF"></g><g v="Fixd"></g><g v="Apro"></g><g v="Anph"></g><g v="neut"></g><g v="sing"></g><g v="datv"></g></l></v><v><l id="127205" t="их"><g v="ADJF"></g><g v="Fixd"></g><g v="Apro"></g><g v="Anph"></g><g v="neut"></g><g v="sing"></g><g v="accs"></g></l></v><v><l id="127205" t="их"><g v="ADJF"></g><g v="Fixd"></g><g v="Apro"></g><g v="Anph"></g><g v="neut"></g><g v="sing"></g><g v="ablt"></g></l></v><v><l id="127205" t="их"><g v="ADJF"></g><g v="Fixd"></g><g v="Apro"></g><g v="Anph"></g><g v="neut"></g><g v="sing"></g><g v="loct"></g></l></v></tfr></token><token id="619765" text="аудитории"><tfr rev_id="4271670" t="аудитории"><v><l id="19864" t="аудитория"><g v="NOUN"></g><g v="inan"></g><g v="femn"></g><g v="sing"></g><g v="gent"></g></l></v></tfr></token><token id="619766" text="."><tfr rev_id="1452012" t="."><v><l id="0" t="."><g v="PNCT"></g></l></v></tfr></token></tokens></sentence><sentence id="34697"><source>Это около 4,5 млн человек.</source><tokens><token id="619767" text="Это"><tfr rev_id="4441585" t="Это"><v><l id="386574" t="это"><g v="PRCL"></g></l></v><v><l id="386575" t="это"><g v="NPRO"></g><g v="neut"></g><g v="sing"></g><g v="nomn"></g></l></v><v><l id="386575" t="это"><g v="NPRO"></g><g v="neut"></g><g v="sing"></g><g v="accs"></g></l></v><v><l id="386581" t="этот"><g v="ADJF"></g><g v="Subx"></g><g v="Apro"></g><g v="Anph"></g><g v="neut"></g><g v="sing"></g><g v="nomn"></g></l></v><v><l id="386581" t="этот"><g v="ADJF"></g><g v="Subx"></g><g v="Apro"></g><g v="Anph"></g><g v="neut"></g><g v="sing"></g><g v="accs"></g></l></v></tfr></token><token id="619768" text="около"><tfr rev_id="4464840" t="около"><v><l id="205005" t="около"><g v="PREP"></g></l></v></tfr></token><token id="619769" text="4,5"><tfr rev_id="2461932" t="4,5"><v><l id="0" t="4,5"><g v="NUMB"></g></l></v></tfr></token><token id="619770" text="млн"><tfr rev_id="4230522" t="млн"><v><l id="389040" t="млн"><g v="NOUN"></g><g v="inan"></g><g v="masc"></g><g v="Fixd"></g><g v="Abbr"></g><g v="plur"></g><g v="nomn"></g></l></v><v><l id="389040" t="млн"><g v="NOUN"></g><g v="inan"></g><g v="masc"></g><g v="Fixd"></g><g v="Abbr"></g><g v="plur"></g><g v="gent"></g></l></v><v><l id="389040" t="млн"><g v="NOUN"></g><g v="inan"></g><g v="masc"></g><g v="Fixd"></g><g v="Abbr"></g><g v="plur"></g><g v="datv"></g></l></v><v><l id="389040" t="млн"><g v="NOUN"></g><g v="inan"></g><g v="masc"></g><g v="Fixd"></g><g v="Abbr"></g><g v="plur"></g><g v="accs"></g></l></v><v><l id="389040" t="млн"><g v="NOUN"></g><g v="inan"></g><g v="masc"></g><g v="Fixd"></g><g v="Abbr"></g><g v="plur"></g><g v="ablt"></g></l></v><v><l id="389040" t="млн"><g v="NOUN"></g><g v="inan"></g><g v="masc"></g><g v="Fixd"></g><g v="Abbr"></g><g v="plur"></g><g v="loct"></g></l></v></tfr></token><token id="619771" text="человек"><tfr rev_id="3500831" t="человек"><v><l id="375073" t="человек"><g v="NOUN"></g><g v="anim"></g><g v="masc"></g><g v="plur"></g><g v="gent"></g></l></v></tfr></token><token id="619772" text="."><tfr rev_id="1452018" t="."><v><l id="0" t="."><g v="PNCT"></g></l></v></tfr></token></tokens></sentence><sentence id="34698"><source>Представители «Одноклассников» подобные данные не раскрывают.</source><tokens><token id="619773" text="Представители"><tfr rev_id="1452019" t="Представители"><v><l id="267083" t="представитель"><g v="NOUN"></g><g v="anim"></g><g v="masc"></g><g v="plur"></g><g v="nomn"></g></l></v></tfr></token><token id="619774" text="«"><tfr rev_id="2444271" t="«"><v><l id="0" t="«"><g v="PNCT"></g></l></v></tfr></token><token id="619775" text="Одноклассников"><tfr rev_id="4096621" t="Одноклассников"><v><l id="203427" t="одноклассник"><g v="NOUN"></g><g v="anim"></g><g v="masc"></g><g v="plur"></g><g v="gent"></g></l></v></tfr></token><token id="619776" text="»"><tfr rev_id="2444272" t="»"><v><l id="0" t="»"><g v="PNCT"></g></l></v></tfr></token><token id="619777" text="подобные"><tfr rev_id="4086656" t="подобные"><v><l id="248293" t="подобный"><g v="ADJF"></g><g v="Subx"></g><g v="Qual"></g><g v="inan"></g><g v="plur"></g><g v="accs"></g></l></v></tfr></token><token id="619778" text="данные"><tfr rev_id="4535795" t="данные"><v><l id="78302" t="данные"><g v="NOUN"></g><g v="inan"></g><g v="GNdr"></g><g v="Pltm"></g><g v="plur"></g><g v="nomn"></g></l></v><v><l id="78302" t="данные"><g v="NOUN"></g><g v="inan"></g><g v="GNdr"></g><g v="Pltm"></g><g v="plur"></g><g v="accs"></g></l></v></tfr></token><token id="619779" text="не"><tfr rev_id="1452025" t="не"><v><l id="178876" t="не"><g v="PRCL"></g></l></v></tfr></token><token id="619780" text="раскрывают"><tfr rev_id="1452026" t="раскрывают"><v><l id="299087" t="раскрываю"><g v="VERB"></g><g v="impf"></g><g v="tran"></g><g v="plur"></g><g v="3per"></g><g v="pres"></g><g v="indc"></g></l></v></tfr></token><token id="619781" text="."><tfr rev_id="1452027" t="."><v><l id="0" t="."><g v="PNCT"></g></l></v></tfr></token></tokens></sentence></paragraph><paragraph id="11067"><sentence id="34699"><source>Интересно, что специально рассчитанная на детей в возрасте 8—14 лет социальная сеть Tvidi (РБК), пользующаяся меньшей популярностью у подростков, с момента запуска в 2008 году до сегодняшнего дня собрала в свои ряды уже миллион юных россиян.</source><tokens><token id="619782" text="Интересно"><tfr rev_id="1452028" t="Интересно"><v><l id="123170" t="интересно"><g v="ADVB"></g><g v="Prdx"></g></l></v><v><l id="123174" t="интересен"><g v="ADJS"></g><g v="Qual"></g><g v="neut"></g><g v="sing"></g></l></v></tfr></token><token id="619783" text=","><tfr rev_id="1452029" t=","><v><l id="0" t=","><g v="PNCT"></g></l></v></tfr></token><token id="619784" text="что"><tfr rev_id="3196969" t="что"><v><l id="377004" t="что"><g v="CONJ"></g></l></v><v><l id="377005" t="что"><g v="NPRO"></g><g v="neut"></g><g v="sing"></g><g v="nomn"></g></l></v><v><l id="377005" t="что"><g v="NPRO"></g><g v="neut"></g><g v="sing"></g><g v="accs"></g></l></v><v><l id="377006" t="что"><g v="ADVB"></g><g v="Ques"></g></l></v><v><l id="388695" t="что"><g v="PRCL"></g></l></v></tfr></token><token id="619785" text="специально"><tfr rev_id="1452031" t="специально"><v><l id="331873" t="специально"><g v="ADVB"></g></l></v><v><l id="331877" t="специален"><g v="ADJS"></g><g v="neut"></g><g v="sing"></g></l></v></tfr></token><token id="619786" text="рассчитанная"><tfr rev_id="1452032" t="рассчитанная"><v><l id="301683" t="рассчитанный"><g v="PRTF"></g><g v="perf"></g><g v="tran"></g><g v="past"></g><g v="pssv"></g><g v="femn"></g><g v="sing"></g><g v="nomn"></g></l></v></tfr></token><token id="619787" text="на"><tfr rev_id="3335314" t="на"><v><l id="166264" t="на"><g v="PREP"></g></l></v></tfr></token><token id="619788" text="детей"><tfr rev_id="4096667" t="детей"><v><l id="304488" t="ребёнок"><g v="NOUN"></g><g v="anim"></g><g v="masc"></g><g v="plur"></g><g v="accs"></g></l></v></tfr></token><token id="619789" text="в"><tfr rev_id="1452035" t="в"><v><l id="37409" t="в"><g v="PREP"></g></l></v></tfr></token><token id="619790" text="возрасте"><tfr rev_id="1452036" t="возрасте"><v><l id="49611" t="возраст"><g v="NOUN"></g><g v="inan"></g><g v="masc"></g><g v="sing"></g><g v="loct"></g></l></v></tfr></token><token id="619791" text="8"><tfr rev_id="2461933" t="8"><v><l id="0" t="8"><g v="NUMB"></g></l></v></tfr></token><token id="619792" text="—"><tfr rev_id="2444273" t="—"><v><l id="0" t="—"><g v="PNCT"></g></l></v></tfr></token><token id="619793" text="14"><tfr rev_id="2461934" t="14"><v><l id="0" t="14"><g v="NUMB"></g></l></v></tfr></token><token id="619794" text="лет"><tfr rev_id="2721974" t="лет"><v><l id="72149" t="год"><g v="NOUN"></g><g v="inan"></g><g v="masc"></g><g v="plur"></g><g v="gent"></g></l></v></tfr></token><token id="619795" text="социальная"><tfr rev_id="1452041" t="социальная"><v><l id="331060" t="социальный"><g v="ADJF"></g><g v="Qual"></g><g v="femn"></g><g v="sing"></g><g v="nomn"></g></l></v></tfr></token><token id="619796" text="сеть"><tfr rev_id="3465840" t="сеть"><v><l id="319643" t="сеть"><g v="NOUN"></g><g v="inan"></g><g v="femn"></g><g v="sing"></g><g v="nomn"></g></l></v></tfr></token><token id="619797" text="Tvidi"><tfr rev_id="2474852" t="Tvidi"><v><l id="0" t="Tvidi"><g v="LATN"></g></l></v></tfr></token><token id="619798" text="("><tfr rev_id="1452044" t="("><v><l id="0" t="("><g v="PNCT"></g></l></v></tfr></token><token id="619799" text="РБК"><tfr rev_id="4573792" t="РБК"><v><l id="389058" t="рбк"><g v="NOUN"></g><g v="inan"></g><g v="femn"></g><g v="Sgtm"></g><g v="Fixd"></g><g v="Abbr"></g><g v="Orgn"></g><g v="sing"></g><g v="nomn"></g></l></v></tfr></token><token id="619800" text=")"><tfr rev_id="1452046" t=")"><v><l id="0" t=")"><g v="PNCT"></g></l></v></tfr></token><token id="619801" text=","><tfr rev_id="1452047" t=","><v><l id="0" t=","><g v="PNCT"></g></l></v></tfr></token><token id="619802" text="пользующаяся"><tfr rev_id="1452048" t="пользующаяся"><v><l id="257092" t="пользующийся"><g v="PRTF"></g><g v="impf"></g><g v="intr"></g><g v="pres"></g><g v="actv"></g><g v="femn"></g><g v="sing"></g><g v="nomn"></g></l></v></tfr></token><token id="619803" text="меньшей"><tfr rev_id="4570822" t="меньшей"><v><l id="158428" t="меньший"><g v="ADJF"></g><g v="Supr"></g><g v="Qual"></g><g v="femn"></g><g v="sing"></g><g v="gent"></g></l></v><v><l id="158428" t="меньший"><g v="ADJF"></g><g v="Supr"></g><g v="Qual"></g><g v="femn"></g><g v="sing"></g><g v="datv"></g></l></v><v><l id="158428" t="меньший"><g v="ADJF"></g><g v="Supr"></g><g v="Qual"></g><g v="femn"></g><g v="sing"></g><g v="ablt"></g></l></v><v><l id="158428" t="меньший"><g v="ADJF"></g><g v="Supr"></g><g v="Qual"></g><g v="femn"></g><g v="sing"></g><g v="loct"></g></l></v><v><l id="158429" t="меньшее"><g v="COMP"></g><g v="V-ej"></g></l></v></tfr></token><token id="619804" text="популярностью"><tfr rev_id="1452050" t="популярностью"><v><l id="259761" t="популярность"><g v="NOUN"></g><g v="inan"></g><g v="femn"></g><g v="sing"></g><g v="ablt"></g></l></v></tfr></token><token id="619805" text="у"><tfr rev_id="3328213" t="у"><v><l id="352818" t="у"><g v="PREP"></g></l></v></tfr></token><token id="619806" text="подростков"><tfr rev_id="4384213" t="подростков"><v><l id="249822" t="подросток"><g v="NOUN"></g><g v="anim"></g><g v="masc"></g><g v="plur"></g><g v="gent"></g></l></v></tfr></token><token id="619807" text=","><tfr rev_id="1452053" t=","><v><l id="0" t=","><g v="PNCT"></g></l></v></tfr></token><token id="619808" text="с"><tfr rev_id="1452054" t="с"><v><l id="311151" t="с"><g v="PREP"></g></l></v></tfr></token><token id="619809" text="момента"><tfr rev_id="1452055" t="момента"><v><l id="163050" t="момент"><g v="NOUN"></g><g v="inan"></g><g v="masc"></g><g v="sing"></g><g v="gent"></g></l></v></tfr></token><token id="619810" text="запуска"><tfr rev_id="1452056" t="запуска"><v><l id="108302" t="запуск"><g v="NOUN"></g><g v="inan"></g><g v="masc"></g><g v="sing"></g><g v="gent"></g></l></v></tfr></token><token id="619811" text="в"><tfr rev_id="1452057" t="в"><v><l id="37409" t="в"><g v="PREP"></g></l></v></tfr></token><token id="619812" text="2008"><tfr rev_id="2461935" t="2008"><v><l id="0" t="2008"><g v="NUMB"></g></l></v></tfr></token><token id="619813" text="году"><tfr rev_id="2928008" t="году"><v><l id="72149" t="год"><g v="NOUN"></g><g v="inan"></g><g v="masc"></g><g v="sing"></g><g v="loc2"></g></l></v></tfr></token><token id="619814" text="до"><tfr rev_id="1452060" t="до"><v><l id="85153" t="до"><g v="PREP"></g></l></v></tfr></token><token id="619815" text="сегодняшнего"><tfr rev_id="4448704" t="сегодняшнего"><v><l id="317731" t="сегодняшний"><g v="ADJF"></g><g v="masc"></g><g v="sing"></g><g v="gent"></g></l></v></tfr></token><token id="619816" text="дня"><tfr rev_id="1452062" t="дня"><v><l id="81427" t="день"><g v="NOUN"></g><g v="inan"></g><g v="masc"></g><g v="sing"></g><g v="gent"></g></l></v></tfr></token><token id="619817" text="собрала"><tfr rev_id="1452063" t="собрала"><v><l id="327817" t="собрал"><g v="VERB"></g><g v="perf"></g><g v="tran"></g><g v="femn"></g><g v="sing"></g><g v="past"></g><g v="indc"></g></l></v></tfr></token><token id="619818" text="в"><tfr rev_id="1452064" t="в"><v><l id="37409" t="в"><g v="PREP"></g></l></v></tfr></token><token id="619819" text="свои"><tfr rev_id="3750354" t="свои"><v><l id="316379" t="свой"><g v="ADJF"></g><g v="Apro"></g><g v="Anph"></g><g v="inan"></g><g v="plur"></g><g v="accs"></g></l></v></tfr></token><token id="619820" text="ряды"><tfr rev_id="3751297" t="ряды"><v><l id="311045" t="ряд"><g v="NOUN"></g><g v="inan"></g><g v="masc"></g><g v="plur"></g><g v="accs"></g></l></v></tfr></token><token id="619821" text="уже"><tfr rev_id="2692749" t="уже"><v><l id="355422" t="уж"><g v="NOUN"></g><g v="anim"></g><g v="masc"></g><g v="sing"></g><g v="loct"></g></l></v><v><l id="355498" t="уже"><g v="ADVB"></g></l></v><v><l id="355674" t="уже"><g v="COMP"></g><g v="Qual"></g></l></v><v><l id="388673" t="уже"><g v="PRCL"></g></l></v></tfr></token><token id="619822" text="миллион"><tfr rev_id="4105268" t="миллион"><v><l id="160260" t="миллион"><g v="NOUN"></g><g v="inan"></g><g v="masc"></g><g v="sing"></g><g v="accs"></g></l></v></tfr></token><token id="619823" text="юных"><tfr rev_id="4361216" t="юных"><v><l id="387076" t="юный"><g v="ADJF"></g><g v="Qual"></g><g v="plur"></g><g v="gent"></g></l></v></tfr></token><token id="619824" text="россиян"><tfr rev_id="4383114" t="россиян"><v><l id="309323" t="россиянин"><g v="NOUN"></g><g v="anim"></g><g v="masc"></g><g v="plur"></g><g v="gent"></g></l></v></tfr></token><token id="619825" text="."><tfr rev_id="1452071" t="."><v><l id="0" t="."><g v="PNCT"></g></l></v></tfr></token></tokens></sentence><sentence id="34700"><source>Другая российская детская социальная сеть, «Мир Бибигона» (ВГТРК), за то же время привлекла 270 тыс. пользователей.</source><tokens><token id="619826" text="Другая"><tfr rev_id="3560934" t="Другая"><v><l id="92342" t="другой"><g v="ADJF"></g><g v="Apro"></g><g v="Subx"></g><g v="femn"></g><g v="sing"></g><g v="nomn"></g></l></v></tfr></token><token id="619827" text="российская"><tfr rev_id="1452073" t="российская"><v><l id="309319" t="российский"><g v="ADJF"></g><g v="femn"></g><g v="sing"></g><g v="nomn"></g></l></v></tfr></token><token id="619828" text="детская"><tfr rev_id="4151415" t="детская"><v><l id="82258" t="детский"><g v="ADJF"></g><g v="femn"></g><g v="sing"></g><g v="nomn"></g></l></v></tfr></token><token id="619829" text="социальная"><tfr rev_id="1452075" t="социальная"><v><l id="331060" t="социальный"><g v="ADJF"></g><g v="Qual"></g><g v="femn"></g><g v="sing"></g><g v="nomn"></g></l></v></tfr></token><token id="619830" text="сеть"><tfr rev_id="4105793" t="сеть"><v><l id="319643" t="сеть"><g v="NOUN"></g><g v="inan"></g><g v="femn"></g><g v="sing"></g><g v="nomn"></g></l></v></tfr></token><token id="619831" text=","><tfr rev_id="1452077" t=","><v><l id="0" t=","><g v="PNCT"></g></l></v></tfr></token><token id="619832" text="«"><tfr rev_id="2444274" t="«"><v><l id="0" t="«"><g v="PNCT"></g></l></v></tfr></token><token id="619833" text="Мир"><tfr rev_id="4098482" t="Мир"><v><l id="160807" t="мир"><g v="NOUN"></g><g v="inan"></g><g v="masc"></g><g v="sing"></g><g v="nomn"></g></l></v><v><l id="160807" t="мир"><g v="NOUN"></g><g v="inan"></g><g v="masc"></g><g v="sing"></g><g v="accs"></g></l></v></tfr></token><token id="619834" text="Бибигона"><tfr rev_id="1452080" t="Бибигона"><v><l id="0" t="бибигона"><g v="UNKN"></g></l></v></tfr></token><token id="619835" text="»"><tfr rev_id="2444275" t="»"><v><l id="0" t="»"><g v="PNCT"></g></l></v></tfr></token><token id="619836" text="("><tfr rev_id="1452082" t="("><v><l id="0" t="("><g v="PNCT"></g></l></v></tfr></token><token id="619837" text="ВГТРК"><tfr rev_id="3676562" t="ВГТРК"><v><l id="39937" t="вгтрк"><g v="NOUN"></g><g v="inan"></g><g v="femn"></g><g v="Sgtm"></g><g v="Fixd"></g><g v="Abbr"></g><g v="Orgn"></g><g v="sing"></g><g v="nomn"></g></l></v></tfr></token><token id="619838" text=")"><tfr rev_id="1452084" t=")"><v><l id="0" t=")"><g v="PNCT"></g></l></v></tfr></token><token id="619839" text=","><tfr rev_id="1452085" t=","><v><l id="0" t=","><g v="PNCT"></g></l></v></tfr></token><token id="619840" text="за"><tfr rev_id="1452086" t="за"><v><l id="98043" t="за"><g v="PREP"></g></l></v></tfr></token><token id="619841" text="то"><tfr rev_id="3777547" t="то"><v><l id="346835" t="то"><g v="CONJ"></g></l></v><v><l id="346836" t="то"><g v="PRCL"></g></l></v><v><l id="348430" t="тот"><g v="ADJF"></g><g v="Subx"></g><g v="Apro"></g><g v="Anph"></g><g v="neut"></g><g v="sing"></g><g v="nomn"></g></l></v><v><l id="348430" t="тот"><g v="ADJF"></g><g v="Subx"></g><g v="Apro"></g><g v="Anph"></g><g v="neut"></g><g v="sing"></g><g v="accs"></g></l></v></tfr></token><token id="619842" text="же"><tfr rev_id="1452088" t="же"><v><l id="96208" t="же"><g v="CONJ"></g></l></v><v><l id="96209" t="же"><g v="PRCL"></g></l></v></tfr></token><token id="619843" text="время"><tfr rev_id="1452089" t="время"><v><l id="53149" t="время"><g v="NOUN"></g><g v="inan"></g><g v="neut"></g><g v="sing"></g><g v="nomn"></g></l></v><v><l id="53149" t="время"><g v="NOUN"></g><g v="inan"></g><g v="neut"></g><g v="sing"></g><g v="accs"></g></l></v></tfr></token><token id="619844" text="привлекла"><tfr rev_id="1452090" t="привлекла"><v><l id="269378" t="привлёк"><g v="VERB"></g><g v="perf"></g><g v="tran"></g><g v="femn"></g><g v="sing"></g><g v="past"></g><g v="indc"></g></l></v></tfr></token><token id="619845" text="270"><tfr rev_id="2461936" t="270"><v><l id="0" t="270"><g v="NUMB"></g></l></v></tfr></token><token id="619846" text="тыс"><tfr rev_id="4164963" t="тыс"><v><l id="389041" t="тыс"><g v="NOUN"></g><g v="inan"></g><g v="femn"></g><g v="Fixd"></g><g v="Abbr"></g><g v="plur"></g><g v="gent"></g></l></v></tfr></token><token id="619847" text="."><tfr rev_id="1452093" t="."><v><l id="0" t="."><g v="PNCT"></g></l></v></tfr></token><token id="619848" text="пользователей"><tfr rev_id="3645307" t="пользователей"><v><l id="257079" t="пользователь"><g v="NOUN"></g><g v="anim"></g><g v="masc"></g><g v="plur"></g><g v="gent"></g></l></v></tfr></token><token id="619849" text="."><tfr rev_id="1452095" t="."><v><l id="0" t="."><g v="PNCT"></g></l></v></tfr></token></tokens></sentence></paragraph><paragraph id="11068"><sentence id="34701"><source>По оценке Tvidi, домашним широкополосным интернетом пользуются около 4 млн российских детей в возрасте от 8 до 14 лет, что составляет почти половину от общего количества проживающих в стране граждан такого возраста.</source><tokens><token id="619850" text="По"><tfr rev_id="1452096" t="По"><v><l id="241240" t="по"><g v="PREP"></g></l></v></tfr></token><token id="619851" text="оценке"><tfr rev_id="3226451" t="оценке"><v><l id="221498" t="оценка"><g v="NOUN"></g><g v="inan"></g><g v="femn"></g><g v="sing"></g><g v="datv"></g></l></v></tfr></token><token id="619852" text="Tvidi"><tfr rev_id="2474853" t="Tvidi"><v><l id="0" t="Tvidi"><g v="LATN"></g></l></v></tfr></token><token id="619853" text=","><tfr rev_id="1452099" t=","><v><l id="0" t=","><g v="PNCT"></g></l></v></tfr></token><token id="619854" text="домашним"><tfr rev_id="4349226" t="домашним"><v><l id="88216" t="домашний"><g v="ADJF"></g><g v="masc"></g><g v="sing"></g><g v="ablt"></g></l></v></tfr></token><token id="619855" text="широкополосным"><tfr rev_id="4352367" t="широкополосным"><v><l id="379906" t="широкополосный"><g v="ADJF"></g><g v="masc"></g><g v="sing"></g><g v="ablt"></g></l></v></tfr></token><token id="619856" text="интернетом"><tfr rev_id="1452102" t="интернетом"><v><l id="123255" t="интернет"><g v="NOUN"></g><g v="inan"></g><g v="masc"></g><g v="sing"></g><g v="ablt"></g></l></v></tfr></token><token id="619857" text="пользуются"><tfr rev_id="1452103" t="пользуются"><v><l id="257090" t="пользуюсь"><g v="VERB"></g><g v="impf"></g><g v="intr"></g><g v="plur"></g><g v="3per"></g><g v="pres"></g><g v="indc"></g></l></v></tfr></token><token id="619858" text="около"><tfr rev_id="4421660" t="около"><v><l id="205005" t="около"><g v="PREP"></g></l></v></tfr></token><token id="619859" text="4"><tfr rev_id="2461937" t="4"><v><l id="0" t="4"><g v="NUMB"></g></l></v></tfr></token><token id="619860" text="млн"><tfr rev_id="4230385" t="млн"><v><l id="389040" t="млн"><g v="NOUN"></g><g v="inan"></g><g v="masc"></g><g v="Fixd"></g><g v="Abbr"></g><g v="plur"></g><g v="nomn"></g></l></v><v><l id="389040" t="млн"><g v="NOUN"></g><g v="inan"></g><g v="masc"></g><g v="Fixd"></g><g v="Abbr"></g><g v="plur"></g><g v="gent"></g></l></v><v><l id="389040" t="млн"><g v="NOUN"></g><g v="inan"></g><g v="masc"></g><g v="Fixd"></g><g v="Abbr"></g><g v="plur"></g><g v="datv"></g></l></v><v><l id="389040" t="млн"><g v="NOUN"></g><g v="inan"></g><g v="masc"></g><g v="Fixd"></g><g v="Abbr"></g><g v="plur"></g><g v="accs"></g></l></v><v><l id="389040" t="млн"><g v="NOUN"></g><g v="inan"></g><g v="masc"></g><g v="Fixd"></g><g v="Abbr"></g><g v="plur"></g><g v="ablt"></g></l></v><v><l id="389040" t="млн"><g v="NOUN"></g><g v="inan"></g><g v="masc"></g><g v="Fixd"></g><g v="Abbr"></g><g v="plur"></g><g v="loct"></g></l></v></tfr></token><token id="619861" text="российских"><tfr rev_id="3285313" t="российских"><v><l id="309319" t="российский"><g v="ADJF"></g><g v="plur"></g><g v="gent"></g></l></v></tfr></token><token id="619862" text="детей"><tfr rev_id="4357786" t="детей"><v><l id="304488" t="ребёнок"><g v="NOUN"></g><g v="anim"></g><g v="masc"></g><g v="plur"></g><g v="gent"></g></l></v></tfr></token><token id="619863" text="в"><tfr rev_id="1452109" t="в"><v><l id="37409" t="в"><g v="PREP"></g></l></v></tfr></token><token id="619864" text="возрасте"><tfr rev_id="1452110" t="возрасте"><v><l id="49611" t="возраст"><g v="NOUN"></g><g v="inan"></g><g v="masc"></g><g v="sing"></g><g v="loct"></g></l></v></tfr></token><token id="619865" text="от"><tfr rev_id="1452111" t="от"><v><l id="211644" t="от"><g v="PREP"></g></l></v></tfr></token><token id="619866" text="8"><tfr rev_id="2461938" t="8"><v><l id="0" t="8"><g v="NUMB"></g></l></v></tfr></token><token id="619867" text="до"><tfr rev_id="1452113" t="до"><v><l id="85153" t="до"><g v="PREP"></g></l></v></tfr></token><token id="619868" text="14"><tfr rev_id="2461939" t="14"><v><l id="0" t="14"><g v="NUMB"></g></l></v></tfr></token><token id="619869" text="лет"><tfr rev_id="3439225" t="лет"><v><l id="72149" t="год"><g v="NOUN"></g><g v="inan"></g><g v="masc"></g><g v="plur"></g><g v="gent"></g></l></v></tfr></token><token id="619870" text=","><tfr rev_id="1452116" t=","><v><l id="0" t=","><g v="PNCT"></g></l></v></tfr></token><token id="619871" text="что"><tfr rev_id="3196970" t="что"><v><l id="377004" t="что"><g v="CONJ"></g></l></v><v><l id="377005" t="что"><g v="NPRO"></g><g v="neut"></g><g v="sing"></g><g v="nomn"></g></l></v><v><l id="377005" t="что"><g v="NPRO"></g><g v="neut"></g><g v="sing"></g><g v="accs"></g></l></v><v><l id="377006" t="что"><g v="ADVB"></g><g v="Ques"></g></l></v><v><l id="388695" t="что"><g v="PRCL"></g></l></v></tfr></token><token id="619872" text="составляет"><tfr rev_id="1452118" t="составляет"><v><l id="330494" t="составляю"><g v="VERB"></g><g v="impf"></g><g v="tran"></g><g v="sing"></g><g v="3per"></g><g v="pres"></g><g v="indc"></g></l></v></tfr></token><token id="619873" text="почти"><tfr rev_id="2691483" t="почти"><v><l id="264793" t="почёл"><g v="VERB"></g><g v="perf"></g><g v="tran"></g><g v="sing"></g><g v="impr"></g><g v="excl"></g></l></v><v><l id="265002" t="почти"><g v="ADVB"></g></l></v><v><l id="265008" t="почтил"><g v="VERB"></g><g v="perf"></g><g v="tran"></g><g v="sing"></g><g v="impr"></g><g v="excl"></g></l></v><v><l id="388672" t="почти"><g v="PRCL"></g></l></v></tfr></token><token id="619874" text="половину"><tfr rev_id="4163095" t="половину"><v><l id="256181" t="половина"><g v="NOUN"></g><g v="inan"></g><g v="femn"></g><g v="sing"></g><g v="accs"></g></l></v></tfr></token><token id="619875" text="от"><tfr rev_id="1452121" t="от"><v><l id="211644" t="от"><g v="PREP"></g></l></v></tfr></token><token id="619876" text="общего"><tfr rev_id="3408391" t="общего"><v><l id="201663" t="общий"><g v="ADJF"></g><g v="neut"></g><g v="sing"></g><g v="gent"></g></l></v></tfr></token><token id="619877" text="количества"><tfr rev_id="3452020" t="количества"><v><l id="135983" t="количество"><g v="NOUN"></g><g v="inan"></g><g v="neut"></g><g v="sing"></g><g v="gent"></g></l></v></tfr></token><token id="619878" text="проживающих"><tfr rev_id="3944191" t="проживающих"><v><l id="279720" t="проживающий"><g v="PRTF"></g><g v="impf"></g><g v="tran"></g><g v="pres"></g><g v="actv"></g><g v="plur"></g><g v="gent"></g></l></v><v><l id="279727" t="проживающий"><g v="PRTF"></g><g v="impf"></g><g v="intr"></g><g v="pres"></g><g v="actv"></g><g v="plur"></g><g v="gent"></g></l></v></tfr></token><token id="619879" text="в"><tfr rev_id="1452125" t="в"><v><l id="37409" t="в"><g v="PREP"></g></l></v></tfr></token><token id="619880" text="стране"><tfr rev_id="3550081" t="стране"><v><l id="337100" t="страна"><g v="NOUN"></g><g v="inan"></g><g v="femn"></g><g v="sing"></g><g v="loct"></g></l></v></tfr></token><token id="619881" text="граждан"><tfr rev_id="4200231" t="граждан"><v><l id="74521" t="гражданин"><g v="NOUN"></g><g v="anim"></g><g v="masc"></g><g v="plur"></g><g v="gent"></g></l></v></tfr></token><token id="619882" text="такого"><tfr rev_id="3477524" t="такого"><v><l id="342491" t="такой"><g v="ADJF"></g><g v="Apro"></g><g v="masc"></g><g v="sing"></g><g v="gent"></g></l></v><v><l id="342491" t="такой"><g v="ADJF"></g><g v="Apro"></g><g v="anim"></g><g v="masc"></g><g v="sing"></g><g v="accs"></g></l></v></tfr></token><token id="619883" text="возраста"><tfr rev_id="1452129" t="возраста"><v><l id="49611" t="возраст"><g v="NOUN"></g><g v="inan"></g><g v="masc"></g><g v="sing"></g><g v="gent"></g></l></v></tfr></token><token id="619884" text="."><tfr rev_id="1452130" t="."><v><l id="0" t="."><g v="PNCT"></g></l></v></tfr></token></tokens></sentence></paragraph><paragraph id="11069"><sentence id="34702"><source>О социальной сети «Вконтакте» читайте в статье Частного корреспондента ««Вконтакте» останется независимой»</source><tokens><token id="619885" text="О"><tfr rev_id="3326357" t="О"><v><l id="192977" t="о"><g v="PREP"></g></l></v></tfr></token><token id="619886" text="социальной"><tfr rev_id="4423647" t="социальной"><v><l id="331060" t="социальный"><g v="ADJF"></g><g v="Qual"></g><g v="femn"></g><g v="sing"></g><g v="loct"></g></l></v></tfr></token><token id="619887" text="сети"><tfr rev_id="4565703" t="сети"><v><l id="319643" t="сеть"><g v="NOUN"></g><g v="inan"></g><g v="femn"></g><g v="sing"></g><g v="loc1"></g></l></v><v><l id="319643" t="сеть"><g v="NOUN"></g><g v="inan"></g><g v="femn"></g><g v="sing"></g><g v="loc2"></g></l></v></tfr></token><token id="619888" text="«"><tfr rev_id="2444276" t="«"><v><l id="0" t="«"><g v="PNCT"></g></l></v></tfr></token><token id="619889" text="Вконтакте"><tfr rev_id="4169782" t="Вконтакте"><v><l id="388963" t="вконтакте"><g v="NOUN"></g><g v="inan"></g><g v="masc"></g><g v="Sgtm"></g><g v="Fixd"></g><g v="sing"></g><g v="nomn"></g></l></v></tfr></token><token id="619890" text="»"><tfr rev_id="2444277" t="»"><v><l id="0" t="»"><g v="PNCT"></g></l></v></tfr></token><token id="619891" text="читайте"><tfr rev_id="1452137" t="читайте"><v><l id="376719" t="читаю"><g v="VERB"></g><g v="impf"></g><g v="tran"></g><g v="plur"></g><g v="impr"></g><g v="excl"></g></l></v></tfr></token><token id="619892" text="в"><tfr rev_id="1452138" t="в"><v><l id="37409" t="в"><g v="PREP"></g></l></v></tfr></token><token id="619893" text="статье"><tfr rev_id="3537360" t="статье"><v><l id="335173" t="статья"><g v="NOUN"></g><g v="inan"></g><g v="femn"></g><g v="sing"></g><g v="loct"></g></l></v></tfr></token><token id="619894" text="Частного"><tfr rev_id="4309144" t="Частного"><v><l id="374795" t="частный"><g v="ADJF"></g><g v="Qual"></g><g v="masc"></g><g v="sing"></g><g v="gent"></g></l></v><v><l id="374795" t="частный"><g v="ADJF"></g><g v="Qual"></g><g v="anim"></g><g v="masc"></g><g v="sing"></g><g v="accs"></g></l></v></tfr></token><token id="619895" text="корреспондента"><tfr rev_id="4390180" t="корреспондента"><v><l id="140239" t="корреспондент"><g v="NOUN"></g><g v="anim"></g><g v="masc"></g><g v="sing"></g><g v="gent"></g></l></v></tfr></token><token id="619896" text="«"><tfr rev_id="2444278" t="«"><v><l id="0" t="«"><g v="PNCT"></g></l></v></tfr></token><token id="619897" text="«"><tfr rev_id="2444279" t="«"><v><l id="0" t="«"><g v="PNCT"></g></l></v></tfr></token><token id="619898" text="Вконтакте"><tfr rev_id="4167366" t="Вконтакте"><v><l id="388963" t="вконтакте"><g v="NOUN"></g><g v="inan"></g><g v="masc"></g><g v="Sgtm"></g><g v="Fixd"></g><g v="sing"></g><g v="nomn"></g></l></v></tfr></token><token id="619899" text="»"><tfr rev_id="2444280" t="»"><v><l id="0" t="»"><g v="PNCT"></g></l></v></tfr></token><token id="619900" text="останется"><tfr rev_id="1452146" t="останется"><v><l id="210896" t="остался"><g v="VERB"></g><g v="perf"></g><g v="intr"></g><g v="sing"></g><g v="3per"></g><g v="futr"></g><g v="indc"></g></l></v></tfr></token><token id="619901" text="независимой"><tfr rev_id="2948812" t="независимой"><v><l id="182131" t="независимый"><g v="ADJF"></g><g v="Qual"></g><g v="femn"></g><g v="sing"></g><g v="ablt"></g></l></v></tfr></token><token id="619902" text="»"><tfr rev_id="2444281" t="»"><v><l id="0" t="»"><g v="PNCT"></g></l></v></tfr></token></tokens></sentence></paragraph></paragraphs></text>