<?xml version="1.0" encoding="utf-8"?><text id="1181" parent="226" name="23574 Грузинские власти нашли виновника беспорядков в Тбилиси"><tags><tag>url:http://www.chaskor.ru/news/gruzinskie_vlasti_nashli_vinovnika_besporyadkov_v_tbilisi_23574</tag><tag>Год:2011</tag><tag>Дата:31/05</tag><tag>Тема:ЧасКор:В мире</tag><tag>Тема:ЧасКор:В мире/Экс-СССР</tag></tags><paragraphs><paragraph id="11070"><sentence id="34703"><source>Грузинские власти нашли виновника беспорядков в Тбилиси</source><tokens><token id="619903" text="Грузинские"><tfr rev_id="3764187" t="Грузинские"><v><l id="75963" t="грузинский"><g v="ADJF"></g><g v="plur"></g><g v="nomn"></g></l></v></tfr></token><token id="619904" text="власти"><tfr rev_id="3798255" t="власти"><v><l id="46816" t="власть"><g v="NOUN"></g><g v="inan"></g><g v="femn"></g><g v="plur"></g><g v="nomn"></g></l></v></tfr></token><token id="619905" text="нашли"><tfr rev_id="1452151" t="нашли"><v><l id="170611" t="нашёл"><g v="VERB"></g><g v="perf"></g><g v="tran"></g><g v="plur"></g><g v="past"></g><g v="indc"></g></l></v><v><l id="175518" t="наслал"><g v="VERB"></g><g v="perf"></g><g v="tran"></g><g v="sing"></g><g v="impr"></g><g v="excl"></g></l></v></tfr></token><token id="619906" text="виновника"><tfr rev_id="3721729" t="виновника"><v><l id="45241" t="виновник"><g v="NOUN"></g><g v="anim"></g><g v="masc"></g><g v="sing"></g><g v="accs"></g></l></v></tfr></token><token id="619907" text="беспорядков"><tfr rev_id="1452153" t="беспорядков"><v><l id="28482" t="беспорядок"><g v="NOUN"></g><g v="inan"></g><g v="masc"></g><g v="plur"></g><g v="gent"></g></l></v></tfr></token><token id="619908" text="в"><tfr rev_id="1452154" t="в"><v><l id="37409" t="в"><g v="PREP"></g></l></v></tfr></token><token id="619909" text="Тбилиси"><tfr rev_id="3491261" t="Тбилиси"><v><l id="343676" t="тбилиси"><g v="NOUN"></g><g v="inan"></g><g v="masc"></g><g v="Sgtm"></g><g v="Fixd"></g><g v="Geox"></g><g v="sing"></g><g v="loct"></g></l></v></tfr></token></tokens></sentence><sentence id="34704"><source>Обвинения предъявлены Бадри Бицадзе — бывшему начальнику пограничной полиции, мужу Нино Бурджанадзе.</source><tokens><token id="619910" text="Обвинения"><tfr rev_id="3802243" t="Обвинения"><v><l id="193410" t="обвинение"><g v="NOUN"></g><g v="inan"></g><g v="neut"></g><g v="plur"></g><g v="nomn"></g></l></v></tfr></token><token id="619911" text="предъявлены"><tfr rev_id="1452157" t="предъявлены"><v><l id="267368" t="предъявлен"><g v="PRTS"></g><g v="perf"></g><g v="past"></g><g v="pssv"></g><g v="plur"></g></l></v></tfr></token><token id="619912" text="Бадри"><tfr rev_id="3489359" t="Бадри"><v><l id="22078" t="бадри"><g v="NOUN"></g><g v="anim"></g><g v="masc"></g><g v="Sgtm"></g><g v="Fixd"></g><g v="Name"></g><g v="sing"></g><g v="datv"></g></l></v></tfr></token><token id="619913" text="Бицадзе"><tfr rev_id="1452159" t="Бицадзе"><v><l id="0" t="бицадзе"><g v="UNKN"></g></l></v></tfr></token><token id="619914" text="—"><tfr rev_id="2444282" t="—"><v><l id="0" t="—"><g v="PNCT"></g></l></v></tfr></token><token id="619915" text="бывшему"><tfr rev_id="1452161" t="бывшему"><v><l id="37002" t="бывший"><g v="ADJF"></g><g v="masc"></g><g v="sing"></g><g v="datv"></g></l></v><v><l id="37002" t="бывший"><g v="ADJF"></g><g v="neut"></g><g v="sing"></g><g v="datv"></g></l></v><v><l id="37267" t="бывший"><g v="PRTF"></g><g v="impf"></g><g v="intr"></g><g v="past"></g><g v="actv"></g><g v="masc"></g><g v="sing"></g><g v="datv"></g></l></v><v><l id="37267" t="бывший"><g v="PRTF"></g><g v="impf"></g><g v="intr"></g><g v="past"></g><g v="actv"></g><g v="neut"></g><g v="sing"></g><g v="datv"></g></l></v></tfr></token><token id="619916" text="начальнику"><tfr rev_id="1452162" t="начальнику"><v><l id="178197" t="начальник"><g v="NOUN"></g><g v="anim"></g><g v="masc"></g><g v="sing"></g><g v="datv"></g></l></v></tfr></token><token id="619917" text="пограничной"><tfr rev_id="4173209" t="пограничной"><v><l id="243524" t="пограничный"><g v="ADJF"></g><g v="femn"></g><g v="sing"></g><g v="gent"></g></l></v></tfr></token><token id="619918" text="полиции"><tfr rev_id="4178267" t="полиции"><v><l id="255975" t="полиция"><g v="NOUN"></g><g v="inan"></g><g v="femn"></g><g v="sing"></g><g v="gent"></g></l></v></tfr></token><token id="619919" text=","><tfr rev_id="1452165" t=","><v><l id="0" t=","><g v="PNCT"></g></l></v></tfr></token><token id="619920" text="мужу"><tfr rev_id="4280440" t="мужу"><v><l id="164704" t="муж"><g v="NOUN"></g><g v="anim"></g><g v="masc"></g><g v="sing"></g><g v="datv"></g></l></v></tfr></token><token id="619921" text="Нино"><tfr rev_id="4409273" t="Нино"><v><l id="191091" t="нино"><g v="NOUN"></g><g v="anim"></g><g v="femn"></g><g v="Sgtm"></g><g v="Fixd"></g><g v="Name"></g><g v="sing"></g><g v="gent"></g></l></v></tfr></token><token id="619922" text="Бурджанадзе"><tfr rev_id="4327421" t="Бурджанадзе"><v><l id="389015" t="бурджанадзе"><g v="NOUN"></g><g v="anim"></g><g v="ms-f"></g><g v="Fixd"></g><g v="Surn"></g><g v="sing"></g><g v="gent"></g></l></v></tfr></token><token id="619923" text="."><tfr rev_id="1452169" t="."><v><l id="0" t="."><g v="PNCT"></g></l></v></tfr></token></tokens></sentence></paragraph><paragraph id="11071"><sentence id="34705"><source>Бадри Бицадзе, экс-глава пограничной полиции, супруг лидера грузинской оппозиции Нино Бурджанадзе, официально обвиняется в подготовке вооружённого сопротивления, организации массовых беспорядков и нападении на полицейских организованной группой.</source><tokens><token id="619924" text="Бадри"><tfr rev_id="3657418" t="Бадри"><v><l id="22078" t="бадри"><g v="NOUN"></g><g v="anim"></g><g v="masc"></g><g v="Sgtm"></g><g v="Fixd"></g><g v="Name"></g><g v="sing"></g><g v="nomn"></g></l></v></tfr></token><token id="619925" text="Бицадзе"><tfr rev_id="1452171" t="Бицадзе"><v><l id="0" t="бицадзе"><g v="UNKN"></g></l></v></tfr></token><token id="619926" text=","><tfr rev_id="1452172" t=","><v><l id="0" t=","><g v="PNCT"></g></l></v></tfr></token><token id="619927" text="экс-глава"><tfr rev_id="4540718" t="экс-глава"><v><l id="392960" t="экс-глава"><g v="NOUN"></g><g v="anim"></g><g v="ms-f"></g><g v="sing"></g><g v="nomn"></g></l></v></tfr></token><token id="619928" text="пограничной"><tfr rev_id="2925046" t="пограничной"><v><l id="243524" t="пограничный"><g v="ADJF"></g><g v="femn"></g><g v="sing"></g><g v="gent"></g></l></v></tfr></token><token id="619929" text="полиции"><tfr rev_id="4313920" t="полиции"><v><l id="255975" t="полиция"><g v="NOUN"></g><g v="inan"></g><g v="femn"></g><g v="sing"></g><g v="gent"></g></l></v></tfr></token><token id="619930" text=","><tfr rev_id="1452176" t=","><v><l id="0" t=","><g v="PNCT"></g></l></v></tfr></token><token id="619931" text="супруг"><tfr rev_id="4098527" t="супруг"><v><l id="339818" t="супруг"><g v="NOUN"></g><g v="anim"></g><g v="masc"></g><g v="sing"></g><g v="nomn"></g></l></v></tfr></token><token id="619932" text="лидера"><tfr rev_id="4386025" t="лидера"><v><l id="149007" t="лидер"><g v="NOUN"></g><g v="anim"></g><g v="masc"></g><g v="sing"></g><g v="gent"></g></l></v></tfr></token><token id="619933" text="грузинской"><tfr rev_id="4172949" t="грузинской"><v><l id="75963" t="грузинский"><g v="ADJF"></g><g v="femn"></g><g v="sing"></g><g v="gent"></g></l></v></tfr></token><token id="619934" text="оппозиции"><tfr rev_id="3645862" t="оппозиции"><v><l id="207895" t="оппозиция"><g v="NOUN"></g><g v="inan"></g><g v="femn"></g><g v="sing"></g><g v="gent"></g></l></v></tfr></token><token id="619935" text="Нино"><tfr rev_id="4409292" t="Нино"><v><l id="191091" t="нино"><g v="NOUN"></g><g v="anim"></g><g v="femn"></g><g v="Sgtm"></g><g v="Fixd"></g><g v="Name"></g><g v="sing"></g><g v="gent"></g></l></v></tfr></token><token id="619936" text="Бурджанадзе"><tfr rev_id="4327422" t="Бурджанадзе"><v><l id="389015" t="бурджанадзе"><g v="NOUN"></g><g v="anim"></g><g v="ms-f"></g><g v="Fixd"></g><g v="Surn"></g><g v="sing"></g><g v="gent"></g></l></v></tfr></token><token id="619937" text=","><tfr rev_id="1452183" t=","><v><l id="0" t=","><g v="PNCT"></g></l></v></tfr></token><token id="619938" text="официально"><tfr rev_id="1452184" t="официально"><v><l id="220937" t="официально"><g v="ADVB"></g></l></v><v><l id="220941" t="официален"><g v="ADJS"></g><g v="neut"></g><g v="sing"></g></l></v></tfr></token><token id="619939" text="обвиняется"><tfr rev_id="1452185" t="обвиняется"><v><l id="193429" t="обвиняюсь"><g v="VERB"></g><g v="impf"></g><g v="intr"></g><g v="sing"></g><g v="3per"></g><g v="pres"></g><g v="indc"></g></l></v></tfr></token><token id="619940" text="в"><tfr rev_id="1452186" t="в"><v><l id="37409" t="в"><g v="PREP"></g></l></v></tfr></token><token id="619941" text="подготовке"><tfr rev_id="3447408" t="подготовке"><v><l id="245114" t="подготовка"><g v="NOUN"></g><g v="inan"></g><g v="femn"></g><g v="sing"></g><g v="loct"></g></l></v></tfr></token><token id="619942" text="вооружённого"><tfr rev_id="1452188" t="вооружённого"><v><l id="50763" t="вооружённый"><g v="ADJF"></g><g v="masc"></g><g v="sing"></g><g v="gent"></g></l></v><v><l id="50763" t="вооружённый"><g v="ADJF"></g><g v="anim"></g><g v="masc"></g><g v="sing"></g><g v="accs"></g></l></v><v><l id="50763" t="вооружённый"><g v="ADJF"></g><g v="neut"></g><g v="sing"></g><g v="gent"></g></l></v><v><l id="50781" t="вооружённый"><g v="PRTF"></g><g v="perf"></g><g v="tran"></g><g v="past"></g><g v="pssv"></g><g v="masc"></g><g v="sing"></g><g v="gent"></g></l></v><v><l id="50781" t="вооружённый"><g v="PRTF"></g><g v="perf"></g><g v="tran"></g><g v="past"></g><g v="pssv"></g><g v="anim"></g><g v="masc"></g><g v="sing"></g><g v="accs"></g></l></v><v><l id="50781" t="вооружённый"><g v="PRTF"></g><g v="perf"></g><g v="tran"></g><g v="past"></g><g v="pssv"></g><g v="neut"></g><g v="sing"></g><g v="gent"></g></l></v></tfr></token><token id="619943" text="сопротивления"><tfr rev_id="3452166" t="сопротивления"><v><l id="329897" t="сопротивление"><g v="NOUN"></g><g v="inan"></g><g v="neut"></g><g v="sing"></g><g v="gent"></g></l></v></tfr></token><token id="619944" text=","><tfr rev_id="1452190" t=","><v><l id="0" t=","><g v="PNCT"></g></l></v></tfr></token><token id="619945" text="организации"><tfr rev_id="3549487" t="организации"><v><l id="208750" t="организация"><g v="NOUN"></g><g v="inan"></g><g v="femn"></g><g v="sing"></g><g v="loct"></g></l></v></tfr></token><token id="619946" text="массовых"><tfr rev_id="4198063" t="массовых"><v><l id="156047" t="массовый"><g v="ADJF"></g><g v="plur"></g><g v="gent"></g></l></v></tfr></token><token id="619947" text="беспорядков"><tfr rev_id="1452193" t="беспорядков"><v><l id="28482" t="беспорядок"><g v="NOUN"></g><g v="inan"></g><g v="masc"></g><g v="plur"></g><g v="gent"></g></l></v></tfr></token><token id="619948" text="и"><tfr rev_id="1452194" t="и"><v><l id="116949" t="и"><g v="CONJ"></g></l></v><v><l id="116950" t="и"><g v="INTJ"></g></l></v></tfr></token><token id="619949" text="нападении"><tfr rev_id="1452195" t="нападении"><v><l id="173117" t="нападение"><g v="NOUN"></g><g v="inan"></g><g v="neut"></g><g v="sing"></g><g v="loct"></g></l></v></tfr></token><token id="619950" text="на"><tfr rev_id="3338106" t="на"><v><l id="166264" t="на"><g v="PREP"></g></l></v></tfr></token><token id="619951" text="полицейских"><tfr rev_id="4472946" t="полицейских"><v><l id="255964" t="полицейский"><g v="NOUN"></g><g v="anim"></g><g v="masc"></g><g v="plur"></g><g v="accs"></g></l></v></tfr></token><token id="619952" text="организованной"><tfr rev_id="1452198" t="организованной"><v><l id="208755" t="организованный"><g v="ADJF"></g><g v="femn"></g><g v="sing"></g><g v="gent"></g></l></v><v><l id="208755" t="организованный"><g v="ADJF"></g><g v="femn"></g><g v="sing"></g><g v="datv"></g></l></v><v><l id="208755" t="организованный"><g v="ADJF"></g><g v="femn"></g><g v="sing"></g><g v="ablt"></g></l></v><v><l id="208755" t="организованный"><g v="ADJF"></g><g v="femn"></g><g v="sing"></g><g v="loct"></g></l></v><v><l id="208765" t="организованный"><g v="PRTF"></g><g v="perf"></g><g v="tran"></g><g v="past"></g><g v="pssv"></g><g v="femn"></g><g v="sing"></g><g v="gent"></g></l></v><v><l id="208765" t="организованный"><g v="PRTF"></g><g v="perf"></g><g v="tran"></g><g v="past"></g><g v="pssv"></g><g v="femn"></g><g v="sing"></g><g v="datv"></g></l></v><v><l id="208765" t="организованный"><g v="PRTF"></g><g v="perf"></g><g v="tran"></g><g v="past"></g><g v="pssv"></g><g v="femn"></g><g v="sing"></g><g v="ablt"></g></l></v><v><l id="208765" t="организованный"><g v="PRTF"></g><g v="perf"></g><g v="tran"></g><g v="past"></g><g v="pssv"></g><g v="femn"></g><g v="sing"></g><g v="loct"></g></l></v><v><l id="208766" t="организованный"><g v="PRTF"></g><g v="impf"></g><g v="tran"></g><g v="past"></g><g v="pssv"></g><g v="femn"></g><g v="sing"></g><g v="gent"></g></l></v><v><l id="208766" t="организованный"><g v="PRTF"></g><g v="impf"></g><g v="tran"></g><g v="past"></g><g v="pssv"></g><g v="femn"></g><g v="sing"></g><g v="datv"></g></l></v><v><l id="208766" t="организованный"><g v="PRTF"></g><g v="impf"></g><g v="tran"></g><g v="past"></g><g v="pssv"></g><g v="femn"></g><g v="sing"></g><g v="ablt"></g></l></v><v><l id="208766" t="организованный"><g v="PRTF"></g><g v="impf"></g><g v="tran"></g><g v="past"></g><g v="pssv"></g><g v="femn"></g><g v="sing"></g><g v="loct"></g></l></v></tfr></token><token id="619953" text="группой"><tfr rev_id="1452199" t="группой"><v><l id="76092" t="группа"><g v="NOUN"></g><g v="inan"></g><g v="femn"></g><g v="sing"></g><g v="ablt"></g></l></v></tfr></token><token id="619954" text="."><tfr rev_id="1452200" t="."><v><l id="0" t="."><g v="PNCT"></g></l></v></tfr></token></tokens></sentence><sentence id="34706"><source>Другими словами, на Бицадзе возлагается ответственность за акцию, проведённую 26 мая в Тбилиси на проспекте Руставели.</source><tokens><token id="619955" text="Другими"><tfr rev_id="3562721" t="Другими"><v><l id="92342" t="другой"><g v="ADJF"></g><g v="Apro"></g><g v="Subx"></g><g v="plur"></g><g v="ablt"></g></l></v></tfr></token><token id="619956" text="словами"><tfr rev_id="1452202" t="словами"><v><l id="325168" t="слово"><g v="NOUN"></g><g v="inan"></g><g v="neut"></g><g v="plur"></g><g v="ablt"></g></l></v></tfr></token><token id="619957" text=","><tfr rev_id="1452203" t=","><v><l id="0" t=","><g v="PNCT"></g></l></v></tfr></token><token id="619958" text="на"><tfr rev_id="3335030" t="на"><v><l id="166264" t="на"><g v="PREP"></g></l></v></tfr></token><token id="619959" text="Бицадзе"><tfr rev_id="1452205" t="Бицадзе"><v><l id="0" t="бицадзе"><g v="UNKN"></g></l></v></tfr></token><token id="619960" text="возлагается"><tfr rev_id="1452206" t="возлагается"><v><l id="49314" t="возлагаюсь"><g v="VERB"></g><g v="impf"></g><g v="intr"></g><g v="sing"></g><g v="3per"></g><g v="pres"></g><g v="indc"></g></l></v></tfr></token><token id="619961" text="ответственность"><tfr rev_id="3282367" t="ответственность"><v><l id="212442" t="ответственность"><g v="NOUN"></g><g v="inan"></g><g v="femn"></g><g v="sing"></g><g v="nomn"></g></l></v></tfr></token><token id="619962" text="за"><tfr rev_id="1452208" t="за"><v><l id="98043" t="за"><g v="PREP"></g></l></v></tfr></token><token id="619963" text="акцию"><tfr rev_id="1452209" t="акцию"><v><l id="7961" t="акция"><g v="NOUN"></g><g v="inan"></g><g v="femn"></g><g v="sing"></g><g v="accs"></g></l></v></tfr></token><token id="619964" text=","><tfr rev_id="1452210" t=","><v><l id="0" t=","><g v="PNCT"></g></l></v></tfr></token><token id="619965" text="проведённую"><tfr rev_id="1452211" t="проведённую"><v><l id="277833" t="проведённый"><g v="PRTF"></g><g v="perf"></g><g v="tran"></g><g v="past"></g><g v="pssv"></g><g v="femn"></g><g v="sing"></g><g v="accs"></g></l></v></tfr></token><token id="619966" text="26"><tfr rev_id="2461940" t="26"><v><l id="0" t="26"><g v="NUMB"></g></l></v></tfr></token><token id="619967" text="мая"><tfr rev_id="4082925" t="мая"><v><l id="153142" t="май"><g v="NOUN"></g><g v="inan"></g><g v="masc"></g><g v="Sgtm"></g><g v="sing"></g><g v="gent"></g></l></v></tfr></token><token id="619968" text="в"><tfr rev_id="1452214" t="в"><v><l id="37409" t="в"><g v="PREP"></g></l></v></tfr></token><token id="619969" text="Тбилиси"><tfr rev_id="4138208" t="Тбилиси"><v><l id="343676" t="тбилиси"><g v="NOUN"></g><g v="inan"></g><g v="masc"></g><g v="Sgtm"></g><g v="Fixd"></g><g v="Geox"></g><g v="sing"></g><g v="loct"></g></l></v></tfr></token><token id="619970" text="на"><tfr rev_id="3335648" t="на"><v><l id="166264" t="на"><g v="PREP"></g></l></v></tfr></token><token id="619971" text="проспекте"><tfr rev_id="1452217" t="проспекте"><v><l id="284779" t="проспект"><g v="NOUN"></g><g v="inan"></g><g v="masc"></g><g v="sing"></g><g v="loct"></g></l></v></tfr></token><token id="619972" text="Руставели"><tfr rev_id="4503261" t="Руставели"><v><l id="310332" t="руставели"><g v="NOUN"></g><g v="anim"></g><g v="ms-f"></g><g v="Fixd"></g><g v="Surn"></g><g v="sing"></g><g v="gent"></g></l></v></tfr></token><token id="619973" text="."><tfr rev_id="1452219" t="."><v><l id="0" t="."><g v="PNCT"></g></l></v></tfr></token></tokens></sentence><sentence id="34707"><source>Эти деяния караются по статье 353 УК Грузии лишением свободы на срок до семи лет.</source><tokens><token id="619974" text="Эти"><tfr rev_id="4446146" t="Эти"><v><l id="386581" t="этот"><g v="ADJF"></g><g v="Subx"></g><g v="Apro"></g><g v="Anph"></g><g v="plur"></g><g v="nomn"></g></l></v></tfr></token><token id="619975" text="деяния"><tfr rev_id="3766245" t="деяния"><v><l id="82508" t="деяние"><g v="NOUN"></g><g v="inan"></g><g v="neut"></g><g v="plur"></g><g v="nomn"></g></l></v></tfr></token><token id="619976" text="караются"><tfr rev_id="1452222" t="караются"><v><l id="130128" t="караюсь"><g v="VERB"></g><g v="impf"></g><g v="intr"></g><g v="plur"></g><g v="3per"></g><g v="pres"></g><g v="indc"></g></l></v></tfr></token><token id="619977" text="по"><tfr rev_id="1452223" t="по"><v><l id="241240" t="по"><g v="PREP"></g></l></v></tfr></token><token id="619978" text="статье"><tfr rev_id="3551877" t="статье"><v><l id="335173" t="статья"><g v="NOUN"></g><g v="inan"></g><g v="femn"></g><g v="sing"></g><g v="datv"></g></l></v></tfr></token><token id="619979" text="353"><tfr rev_id="2461941" t="353"><v><l id="0" t="353"><g v="NUMB"></g></l></v></tfr></token><token id="619980" text="УК"><tfr rev_id="3650129" t="УК"><v><l id="355914" t="ук"><g v="NOUN"></g><g v="inan"></g><g v="masc"></g><g v="Abbr"></g><g v="Fixd"></g><g v="sing"></g><g v="nomn"></g></l></v><v><l id="355914" t="ук"><g v="NOUN"></g><g v="inan"></g><g v="masc"></g><g v="Abbr"></g><g v="Fixd"></g><g v="sing"></g><g v="gent"></g></l></v><v><l id="355914" t="ук"><g v="NOUN"></g><g v="inan"></g><g v="masc"></g><g v="Abbr"></g><g v="Fixd"></g><g v="sing"></g><g v="datv"></g></l></v><v><l id="355914" t="ук"><g v="NOUN"></g><g v="inan"></g><g v="masc"></g><g v="Abbr"></g><g v="Fixd"></g><g v="sing"></g><g v="accs"></g></l></v><v><l id="355914" t="ук"><g v="NOUN"></g><g v="inan"></g><g v="masc"></g><g v="Abbr"></g><g v="Fixd"></g><g v="sing"></g><g v="ablt"></g></l></v><v><l id="355914" t="ук"><g v="NOUN"></g><g v="inan"></g><g v="masc"></g><g v="Abbr"></g><g v="Fixd"></g><g v="sing"></g><g v="loct"></g></l></v><v><l id="355914" t="ук"><g v="NOUN"></g><g v="inan"></g><g v="masc"></g><g v="Abbr"></g><g v="Fixd"></g><g v="plur"></g><g v="nomn"></g></l></v><v><l id="355914" t="ук"><g v="NOUN"></g><g v="inan"></g><g v="masc"></g><g v="Abbr"></g><g v="Fixd"></g><g v="plur"></g><g v="gent"></g></l></v><v><l id="355914" t="ук"><g v="NOUN"></g><g v="inan"></g><g v="masc"></g><g v="Abbr"></g><g v="Fixd"></g><g v="plur"></g><g v="datv"></g></l></v><v><l id="355914" t="ук"><g v="NOUN"></g><g v="inan"></g><g v="masc"></g><g v="Abbr"></g><g v="Fixd"></g><g v="plur"></g><g v="accs"></g></l></v><v><l id="355914" t="ук"><g v="NOUN"></g><g v="inan"></g><g v="masc"></g><g v="Abbr"></g><g v="Fixd"></g><g v="plur"></g><g v="ablt"></g></l></v><v><l id="355914" t="ук"><g v="NOUN"></g><g v="inan"></g><g v="masc"></g><g v="Abbr"></g><g v="Fixd"></g><g v="plur"></g><g v="loct"></g></l></v><v><l id="389534" t="ук"><g v="NOUN"></g><g v="inan"></g><g v="masc"></g><g v="sing"></g><g v="nomn"></g></l></v><v><l id="389534" t="ук"><g v="NOUN"></g><g v="inan"></g><g v="masc"></g><g v="sing"></g><g v="accs"></g></l></v></tfr></token><token id="619981" text="Грузии"><tfr rev_id="3455197" t="Грузии"><v><l id="75981" t="грузия"><g v="NOUN"></g><g v="inan"></g><g v="femn"></g><g v="Sgtm"></g><g v="Geox"></g><g v="sing"></g><g v="gent"></g></l></v></tfr></token><token id="619982" text="лишением"><tfr rev_id="1452228" t="лишением"><v><l id="150243" t="лишение"><g v="NOUN"></g><g v="inan"></g><g v="neut"></g><g v="sing"></g><g v="ablt"></g></l></v></tfr></token><token id="619983" text="свободы"><tfr rev_id="3503502" t="свободы"><v><l id="316212" t="свобода"><g v="NOUN"></g><g v="inan"></g><g v="femn"></g><g v="sing"></g><g v="gent"></g></l></v></tfr></token><token id="619984" text="на"><tfr rev_id="3475363" t="на"><v><l id="166264" t="на"><g v="PREP"></g></l></v></tfr></token><token id="619985" text="срок"><tfr rev_id="3487999" t="срок"><v><l id="333848" t="срок"><g v="NOUN"></g><g v="inan"></g><g v="masc"></g><g v="sing"></g><g v="accs"></g></l></v></tfr></token><token id="619986" text="до"><tfr rev_id="1452232" t="до"><v><l id="85153" t="до"><g v="PREP"></g></l></v></tfr></token><token id="619987" text="семи"><tfr rev_id="4338154" t="семи"><v><l id="318656" t="семь"><g v="NUMR"></g><g v="gent"></g></l></v></tfr></token><token id="619988" text="лет"><tfr rev_id="3476916" t="лет"><v><l id="72149" t="год"><g v="NOUN"></g><g v="inan"></g><g v="masc"></g><g v="plur"></g><g v="gent"></g></l></v></tfr></token><token id="619989" text="."><tfr rev_id="1452235" t="."><v><l id="0" t="."><g v="PNCT"></g></l></v></tfr></token></tokens></sentence><sentence id="34708"><source>Однако прокуратура не требует задержать обвиняемого, а настаивает на внесении денежного залога.</source><tokens><token id="619990" text="Однако"><tfr rev_id="2624550" t="Однако"><v><l id="203386" t="однако"><g v="INTJ"></g></l></v><v><l id="203387" t="однако"><g v="CONJ"></g><g v="Prnt"></g></l></v></tfr></token><token id="619991" text="прокуратура"><tfr rev_id="1452237" t="прокуратура"><v><l id="281246" t="прокуратура"><g v="NOUN"></g><g v="inan"></g><g v="femn"></g><g v="sing"></g><g v="nomn"></g></l></v></tfr></token><token id="619992" text="не"><tfr rev_id="1452238" t="не"><v><l id="178876" t="не"><g v="PRCL"></g></l></v></tfr></token><token id="619993" text="требует"><tfr rev_id="1452239" t="требует"><v><l id="349467" t="требую"><g v="VERB"></g><g v="impf"></g><g v="tran"></g><g v="sing"></g><g v="3per"></g><g v="pres"></g><g v="indc"></g></l></v></tfr></token><token id="619994" text="задержать"><tfr rev_id="1452240" t="задержать"><v><l id="101570" t="задержать"><g v="INFN"></g><g v="perf"></g><g v="tran"></g></l></v></tfr></token><token id="619995" text="обвиняемого"><tfr rev_id="3443177" t="обвиняемого"><v><l id="193426" t="обвиняемый"><g v="PRTF"></g><g v="Subx"></g><g v="impf"></g><g v="tran"></g><g v="pres"></g><g v="pssv"></g><g v="masc"></g><g v="sing"></g><g v="gent"></g></l></v><v><l id="193426" t="обвиняемый"><g v="PRTF"></g><g v="Subx"></g><g v="impf"></g><g v="tran"></g><g v="pres"></g><g v="pssv"></g><g v="anim"></g><g v="masc"></g><g v="sing"></g><g v="accs"></g></l></v></tfr></token><token id="619996" text=","><tfr rev_id="1452242" t=","><v><l id="0" t=","><g v="PNCT"></g></l></v></tfr></token><token id="619997" text="а"><tfr rev_id="3539632" t="а"><v><l id="51" t="а"><g v="CONJ"></g></l></v></tfr></token><token id="619998" text="настаивает"><tfr rev_id="1452244" t="настаивает"><v><l id="175966" t="настаиваю"><g v="VERB"></g><g v="impf"></g><g v="tran"></g><g v="sing"></g><g v="3per"></g><g v="pres"></g><g v="indc"></g></l></v><v><l id="175973" t="настаиваю"><g v="VERB"></g><g v="impf"></g><g v="intr"></g><g v="sing"></g><g v="3per"></g><g v="pres"></g><g v="indc"></g></l></v></tfr></token><token id="619999" text="на"><tfr rev_id="3338435" t="на"><v><l id="166264" t="на"><g v="PREP"></g></l></v></tfr></token><token id="620000" text="внесении"><tfr rev_id="1452246" t="внесении"><v><l id="47463" t="внесение"><g v="NOUN"></g><g v="inan"></g><g v="neut"></g><g v="sing"></g><g v="loct"></g></l></v></tfr></token><token id="620001" text="денежного"><tfr rev_id="4206037" t="денежного"><v><l id="81269" t="денежный"><g v="ADJF"></g><g v="Qual"></g><g v="masc"></g><g v="sing"></g><g v="gent"></g></l></v><v><l id="81269" t="денежный"><g v="ADJF"></g><g v="Qual"></g><g v="anim"></g><g v="masc"></g><g v="sing"></g><g v="accs"></g></l></v></tfr></token><token id="620002" text="залога"><tfr rev_id="1452248" t="залога"><v><l id="104834" t="залог"><g v="NOUN"></g><g v="inan"></g><g v="masc"></g><g v="sing"></g><g v="gent"></g></l></v></tfr></token><token id="620003" text="."><tfr rev_id="1452249" t="."><v><l id="0" t="."><g v="PNCT"></g></l></v></tfr></token></tokens></sentence></paragraph><paragraph id="11072"><sentence id="34709"><source>Как сообщает NEWSru.com, обвинения Бицадзе выдвинуты на основании показаний одного из лидеров оппозиции, генерала полиции в отставке Гии Учавы, и ещё пяти свидетелей.</source><tokens><token id="620004" text="Как"><tfr rev_id="1452250" t="Как"><v><l id="128190" t="как"><g v="CONJ"></g></l></v><v><l id="128191" t="как"><g v="PRCL"></g></l></v><v><l id="128192" t="как"><g v="ADVB"></g><g v="Ques"></g></l></v></tfr></token><token id="620005" text="сообщает"><tfr rev_id="1452251" t="сообщает"><v><l id="329538" t="сообщаю"><g v="VERB"></g><g v="impf"></g><g v="tran"></g><g v="sing"></g><g v="3per"></g><g v="pres"></g><g v="indc"></g></l></v></tfr></token><token id="620006" text="NEWSru.com"><tfr rev_id="2474854" t="NEWSru.com"><v><l id="0" t="NEWSru.com"><g v="LATN"></g></l></v></tfr></token><token id="620007" text=","><tfr rev_id="1452253" t=","><v><l id="0" t=","><g v="PNCT"></g></l></v></tfr></token><token id="620008" text="обвинения"><tfr rev_id="3796101" t="обвинения"><v><l id="193410" t="обвинение"><g v="NOUN"></g><g v="inan"></g><g v="neut"></g><g v="plur"></g><g v="nomn"></g></l></v></tfr></token><token id="620009" text="Бицадзе"><tfr rev_id="1452255" t="Бицадзе"><v><l id="0" t="бицадзе"><g v="UNKN"></g></l></v></tfr></token><token id="620010" text="выдвинуты"><tfr rev_id="1452256" t="выдвинуты"><v><l id="56994" t="выдвинут"><g v="PRTS"></g><g v="perf"></g><g v="past"></g><g v="pssv"></g><g v="plur"></g></l></v></tfr></token><token id="620011" text="на"><tfr rev_id="3337526" t="на"><v><l id="166264" t="на"><g v="PREP"></g></l></v></tfr></token><token id="620012" text="основании"><tfr rev_id="1452258" t="основании"><v><l id="210575" t="основание"><g v="NOUN"></g><g v="inan"></g><g v="neut"></g><g v="sing"></g><g v="loct"></g></l></v></tfr></token><token id="620013" text="показаний"><tfr rev_id="1452259" t="показаний"><v><l id="253976" t="показание"><g v="NOUN"></g><g v="inan"></g><g v="neut"></g><g v="plur"></g><g v="gent"></g></l></v></tfr></token><token id="620014" text="одного"><tfr rev_id="4414848" t="одного"><v><l id="203319" t="один"><g v="ADJF"></g><g v="Apro"></g><g v="Anum"></g><g v="masc"></g><g v="sing"></g><g v="gent"></g></l></v></tfr></token><token id="620015" text="из"><tfr rev_id="2603747" t="из"><v><l id="117677" t="из"><g v="PREP"></g></l></v></tfr></token><token id="620016" text="лидеров"><tfr rev_id="4382611" t="лидеров"><v><l id="149007" t="лидер"><g v="NOUN"></g><g v="anim"></g><g v="masc"></g><g v="plur"></g><g v="gent"></g></l></v></tfr></token><token id="620017" text="оппозиции"><tfr rev_id="4314101" t="оппозиции"><v><l id="207895" t="оппозиция"><g v="NOUN"></g><g v="inan"></g><g v="femn"></g><g v="sing"></g><g v="gent"></g></l></v></tfr></token><token id="620018" text=","><tfr rev_id="1452264" t=","><v><l id="0" t=","><g v="PNCT"></g></l></v></tfr></token><token id="620019" text="генерала"><tfr rev_id="4215489" t="генерала"><v><l id="68488" t="генерал"><g v="NOUN"></g><g v="anim"></g><g v="masc"></g><g v="sing"></g><g v="gent"></g></l></v></tfr></token><token id="620020" text="полиции"><tfr rev_id="3556738" t="полиции"><v><l id="255975" t="полиция"><g v="NOUN"></g><g v="inan"></g><g v="femn"></g><g v="sing"></g><g v="gent"></g></l></v></tfr></token><token id="620021" text="в"><tfr rev_id="1452267" t="в"><v><l id="37409" t="в"><g v="PREP"></g></l></v></tfr></token><token id="620022" text="отставке"><tfr rev_id="3500367" t="отставке"><v><l id="218332" t="отставка"><g v="NOUN"></g><g v="inan"></g><g v="femn"></g><g v="sing"></g><g v="loct"></g></l></v></tfr></token><token id="620023" text="Гии"><tfr rev_id="1452269" t="Гии"><v><l id="0" t="гии"><g v="UNKN"></g></l></v></tfr></token><token id="620024" text="Учавы"><tfr rev_id="1452270" t="Учавы"><v><l id="0" t="учавы"><g v="UNKN"></g></l></v></tfr></token><token id="620025" text=","><tfr rev_id="1452271" t=","><v><l id="0" t=","><g v="PNCT"></g></l></v></tfr></token><token id="620026" text="и"><tfr rev_id="1452272" t="и"><v><l id="116949" t="и"><g v="CONJ"></g></l></v><v><l id="116950" t="и"><g v="INTJ"></g></l></v></tfr></token><token id="620027" text="ещё"><tfr rev_id="1452273" t="ещё"><v><l id="95551" t="ещё"><g v="PRCL"></g></l></v><v><l id="95552" t="ещё"><g v="ADVB"></g></l></v></tfr></token><token id="620028" text="пяти"><tfr rev_id="4353047" t="пяти"><v><l id="290440" t="пять"><g v="NUMR"></g><g v="gent"></g></l></v></tfr></token><token id="620029" text="свидетелей"><tfr rev_id="4382740" t="свидетелей"><v><l id="315882" t="свидетель"><g v="NOUN"></g><g v="anim"></g><g v="masc"></g><g v="plur"></g><g v="gent"></g></l></v></tfr></token><token id="620030" text="."><tfr rev_id="1452276" t="."><v><l id="0" t="."><g v="PNCT"></g></l></v></tfr></token></tokens></sentence><sentence id="34710"><source>В распоряжении следователей также есть видео, в котором Учава рассказывает о подготовке боевых отрядов для организации провокаций и массовых беспорядков.</source><tokens><token id="620031" text="В"><tfr rev_id="1452277" t="В"><v><l id="37409" t="в"><g v="PREP"></g></l></v></tfr></token><token id="620032" text="распоряжении"><tfr rev_id="1452278" t="распоряжении"><v><l id="300175" t="распоряжение"><g v="NOUN"></g><g v="inan"></g><g v="neut"></g><g v="sing"></g><g v="loct"></g></l></v></tfr></token><token id="620033" text="следователей"><tfr rev_id="4096658" t="следователей"><v><l id="324742" t="следователь"><g v="NOUN"></g><g v="anim"></g><g v="masc"></g><g v="plur"></g><g v="gent"></g></l></v></tfr></token><token id="620034" text="также"><tfr rev_id="4267750" t="также"><v><l id="342482" t="также"><g v="PRCL"></g></l></v></tfr></token><token id="620035" text="есть"><tfr rev_id="4372334" t="есть"><v><l id="37265" t="есть"><g v="VERB"></g><g v="impf"></g><g v="intr"></g><g v="sing"></g><g v="3per"></g><g v="pres"></g><g v="indc"></g></l></v><v><l id="37265" t="есть"><g v="VERB"></g><g v="impf"></g><g v="intr"></g><g v="plur"></g><g v="3per"></g><g v="pres"></g><g v="indc"></g></l></v></tfr></token><token id="620036" text="видео"><tfr rev_id="4322118" t="видео"><v><l id="44466" t="видео"><g v="NOUN"></g><g v="inan"></g><g v="neut"></g><g v="Fixd"></g><g v="sing"></g><g v="nomn"></g></l></v></tfr></token><token id="620037" text=","><tfr rev_id="1452283" t=","><v><l id="0" t=","><g v="PNCT"></g></l></v></tfr></token><token id="620038" text="в"><tfr rev_id="1452284" t="в"><v><l id="37409" t="в"><g v="PREP"></g></l></v></tfr></token><token id="620039" text="котором"><tfr rev_id="4310639" t="котором"><v><l id="141203" t="который"><g v="ADJF"></g><g v="Apro"></g><g v="Subx"></g><g v="Anph"></g><g v="neut"></g><g v="sing"></g><g v="loct"></g></l></v></tfr></token><token id="620040" text="Учава"><tfr rev_id="1452286" t="Учава"><v><l id="0" t="учава"><g v="UNKN"></g></l></v></tfr></token><token id="620041" text="рассказывает"><tfr rev_id="1452287" t="рассказывает"><v><l id="300983" t="рассказываю"><g v="VERB"></g><g v="impf"></g><g v="tran"></g><g v="sing"></g><g v="3per"></g><g v="pres"></g><g v="indc"></g></l></v></tfr></token><token id="620042" text="о"><tfr rev_id="3332849" t="о"><v><l id="192977" t="о"><g v="PREP"></g></l></v></tfr></token><token id="620043" text="подготовке"><tfr rev_id="3447054" t="подготовке"><v><l id="245114" t="подготовка"><g v="NOUN"></g><g v="inan"></g><g v="femn"></g><g v="sing"></g><g v="loct"></g></l></v></tfr></token><token id="620044" text="боевых"><tfr rev_id="4416316" t="боевых"><v><l id="31835" t="боевой"><g v="ADJF"></g><g v="plur"></g><g v="gent"></g></l></v></tfr></token><token id="620045" text="отрядов"><tfr rev_id="1452291" t="отрядов"><v><l id="217760" t="отряд"><g v="NOUN"></g><g v="inan"></g><g v="masc"></g><g v="plur"></g><g v="gent"></g></l></v></tfr></token><token id="620046" text="для"><tfr rev_id="3452781" t="для"><v><l id="85032" t="для"><g v="PREP"></g></l></v></tfr></token><token id="620047" text="организации"><tfr rev_id="4343755" t="организации"><v><l id="208750" t="организация"><g v="NOUN"></g><g v="inan"></g><g v="femn"></g><g v="sing"></g><g v="gent"></g></l></v></tfr></token><token id="620048" text="провокаций"><tfr rev_id="1452294" t="провокаций"><v><l id="278126" t="провокация"><g v="NOUN"></g><g v="inan"></g><g v="femn"></g><g v="plur"></g><g v="gent"></g></l></v></tfr></token><token id="620049" text="и"><tfr rev_id="1452295" t="и"><v><l id="116949" t="и"><g v="CONJ"></g></l></v><v><l id="116950" t="и"><g v="INTJ"></g></l></v></tfr></token><token id="620050" text="массовых"><tfr rev_id="3542591" t="массовых"><v><l id="156047" t="массовый"><g v="ADJF"></g><g v="plur"></g><g v="gent"></g></l></v></tfr></token><token id="620051" text="беспорядков"><tfr rev_id="1452297" t="беспорядков"><v><l id="28482" t="беспорядок"><g v="NOUN"></g><g v="inan"></g><g v="masc"></g><g v="plur"></g><g v="gent"></g></l></v></tfr></token><token id="620052" text="."><tfr rev_id="1452298" t="."><v><l id="0" t="."><g v="PNCT"></g></l></v></tfr></token></tokens></sentence><sentence id="34711"><source>Напомним также, что полиция немногим ранее обнародовала аудиозапись телефонного разговора Нино Бурджанадзе с сыном Анзором Бицадзе, из которого следует, что оппозиционеры готовы жертвовать человеческими жизнями, а в сражении против грузинской армии им поможет ГРУ.</source><tokens><token id="620053" text="Напомним"><tfr rev_id="1452299" t="Напомним"><v><l id="173892" t="напомнил"><g v="VERB"></g><g v="perf"></g><g v="tran"></g><g v="plur"></g><g v="1per"></g><g v="futr"></g><g v="indc"></g></l></v><v><l id="173892" t="напомнил"><g v="VERB"></g><g v="perf"></g><g v="tran"></g><g v="sing"></g><g v="impr"></g><g v="incl"></g></l></v></tfr></token><token id="620054" text="также"><tfr rev_id="4267751" t="также"><v><l id="342482" t="также"><g v="PRCL"></g></l></v></tfr></token><token id="620055" text=","><tfr rev_id="1452301" t=","><v><l id="0" t=","><g v="PNCT"></g></l></v></tfr></token><token id="620056" text="что"><tfr rev_id="3196971" t="что"><v><l id="377004" t="что"><g v="CONJ"></g></l></v><v><l id="377005" t="что"><g v="NPRO"></g><g v="neut"></g><g v="sing"></g><g v="nomn"></g></l></v><v><l id="377005" t="что"><g v="NPRO"></g><g v="neut"></g><g v="sing"></g><g v="accs"></g></l></v><v><l id="377006" t="что"><g v="ADVB"></g><g v="Ques"></g></l></v><v><l id="388695" t="что"><g v="PRCL"></g></l></v></tfr></token><token id="620057" text="полиция"><tfr rev_id="1452303" t="полиция"><v><l id="255975" t="полиция"><g v="NOUN"></g><g v="inan"></g><g v="femn"></g><g v="sing"></g><g v="nomn"></g></l></v></tfr></token><token id="620058" text="немногим"><tfr rev_id="4575734" t="немногим"><v><l id="184143" t="немногое"><g v="NPRO"></g><g v="neut"></g><g v="sing"></g><g v="ablt"></g></l></v></tfr></token><token id="620059" text="ранее"><tfr rev_id="1452305" t="ранее"><v><l id="297884" t="ранее"><g v="ADVB"></g></l></v></tfr></token><token id="620060" text="обнародовала"><tfr rev_id="1452306" t="обнародовала"><v><l id="197753" t="обнародовал"><g v="VERB"></g><g v="perf"></g><g v="tran"></g><g v="femn"></g><g v="sing"></g><g v="past"></g><g v="indc"></g></l></v></tfr></token><token id="620061" text="аудиозапись"><tfr rev_id="4097843" t="аудиозапись"><v><l id="19847" t="аудиозапись"><g v="NOUN"></g><g v="inan"></g><g v="femn"></g><g v="sing"></g><g v="accs"></g></l></v></tfr></token><token id="620062" text="телефонного"><tfr rev_id="4405766" t="телефонного"><v><l id="344362" t="телефонный"><g v="ADJF"></g><g v="Qual"></g><g v="masc"></g><g v="sing"></g><g v="gent"></g></l></v></tfr></token><token id="620063" text="разговора"><tfr rev_id="1452309" t="разговора"><v><l id="293018" t="разговор"><g v="NOUN"></g><g v="inan"></g><g v="masc"></g><g v="sing"></g><g v="gent"></g></l></v></tfr></token><token id="620064" text="Нино"><tfr rev_id="4286672" t="Нино"><v><l id="191091" t="нино"><g v="NOUN"></g><g v="anim"></g><g v="femn"></g><g v="Sgtm"></g><g v="Fixd"></g><g v="Name"></g><g v="sing"></g><g v="gent"></g></l></v></tfr></token><token id="620065" text="Бурджанадзе"><tfr rev_id="4327423" t="Бурджанадзе"><v><l id="389015" t="бурджанадзе"><g v="NOUN"></g><g v="anim"></g><g v="ms-f"></g><g v="Fixd"></g><g v="Surn"></g><g v="sing"></g><g v="gent"></g></l></v></tfr></token><token id="620066" text="с"><tfr rev_id="1452312" t="с"><v><l id="311151" t="с"><g v="PREP"></g></l></v></tfr></token><token id="620067" text="сыном"><tfr rev_id="1452313" t="сыном"><v><l id="341619" t="сын"><g v="NOUN"></g><g v="anim"></g><g v="masc"></g><g v="sing"></g><g v="ablt"></g></l></v></tfr></token><token id="620068" text="Анзором"><tfr rev_id="1452314" t="Анзором"><v><l id="13358" t="анзор"><g v="NOUN"></g><g v="anim"></g><g v="masc"></g><g v="Name"></g><g v="sing"></g><g v="ablt"></g></l></v></tfr></token><token id="620069" text="Бицадзе"><tfr rev_id="1452315" t="Бицадзе"><v><l id="0" t="бицадзе"><g v="UNKN"></g></l></v></tfr></token><token id="620070" text=","><tfr rev_id="1452316" t=","><v><l id="0" t=","><g v="PNCT"></g></l></v></tfr></token><token id="620071" text="из"><tfr rev_id="2604060" t="из"><v><l id="117677" t="из"><g v="PREP"></g></l></v></tfr></token><token id="620072" text="которого"><tfr rev_id="4415380" t="которого"><v><l id="141203" t="который"><g v="ADJF"></g><g v="Apro"></g><g v="Subx"></g><g v="Anph"></g><g v="masc"></g><g v="sing"></g><g v="gent"></g></l></v></tfr></token><token id="620073" text="следует"><tfr rev_id="3665432" t="следует"><v><l id="324747" t="следую"><g v="VERB"></g><g v="impf"></g><g v="intr"></g><g v="sing"></g><g v="3per"></g><g v="pres"></g><g v="indc"></g><g v="Impx"></g></l></v></tfr></token><token id="620074" text=","><tfr rev_id="1452320" t=","><v><l id="0" t=","><g v="PNCT"></g></l></v></tfr></token><token id="620075" text="что"><tfr rev_id="3196972" t="что"><v><l id="377004" t="что"><g v="CONJ"></g></l></v><v><l id="377005" t="что"><g v="NPRO"></g><g v="neut"></g><g v="sing"></g><g v="nomn"></g></l></v><v><l id="377005" t="что"><g v="NPRO"></g><g v="neut"></g><g v="sing"></g><g v="accs"></g></l></v><v><l id="377006" t="что"><g v="ADVB"></g><g v="Ques"></g></l></v><v><l id="388695" t="что"><g v="PRCL"></g></l></v></tfr></token><token id="620076" text="оппозиционеры"><tfr rev_id="1452322" t="оппозиционеры"><v><l id="207889" t="оппозиционер"><g v="NOUN"></g><g v="anim"></g><g v="masc"></g><g v="plur"></g><g v="nomn"></g></l></v></tfr></token><token id="620077" text="готовы"><tfr rev_id="1452323" t="готовы"><v><l id="74227" t="готов"><g v="ADJS"></g><g v="Qual"></g><g v="plur"></g></l></v></tfr></token><token id="620078" text="жертвовать"><tfr rev_id="1452324" t="жертвовать"><v><l id="96861" t="жертвовать"><g v="INFN"></g><g v="impf"></g><g v="tran"></g></l></v></tfr></token><token id="620079" text="человеческими"><tfr rev_id="1452325" t="человеческими"><v><l id="375105" t="человеческий"><g v="ADJF"></g><g v="plur"></g><g v="ablt"></g></l></v></tfr></token><token id="620080" text="жизнями"><tfr rev_id="1452326" t="жизнями"><v><l id="97314" t="жизнь"><g v="NOUN"></g><g v="inan"></g><g v="femn"></g><g v="plur"></g><g v="ablt"></g></l></v></tfr></token><token id="620081" text=","><tfr rev_id="1452327" t=","><v><l id="0" t=","><g v="PNCT"></g></l></v></tfr></token><token id="620082" text="а"><tfr rev_id="1452328" t="а"><v><l id="51" t="а"><g v="CONJ"></g></l></v><v><l id="52" t="а"><g v="INTJ"></g></l></v><v><l id="53" t="а"><g v="PRCL"></g></l></v></tfr></token><token id="620083" text="в"><tfr rev_id="1452329" t="в"><v><l id="37409" t="в"><g v="PREP"></g></l></v></tfr></token><token id="620084" text="сражении"><tfr rev_id="1452330" t="сражении"><v><l id="333363" t="сражение"><g v="NOUN"></g><g v="inan"></g><g v="neut"></g><g v="sing"></g><g v="loct"></g></l></v></tfr></token><token id="620085" text="против"><tfr rev_id="4485040" t="против"><v><l id="285790" t="против"><g v="PREP"></g></l></v></tfr></token><token id="620086" text="грузинской"><tfr rev_id="4161810" t="грузинской"><v><l id="75963" t="грузинский"><g v="ADJF"></g><g v="femn"></g><g v="sing"></g><g v="gent"></g></l></v></tfr></token><token id="620087" text="армии"><tfr rev_id="4343756" t="армии"><v><l id="16905" t="армия"><g v="NOUN"></g><g v="inan"></g><g v="femn"></g><g v="sing"></g><g v="gent"></g></l></v></tfr></token><token id="620088" text="им"><tfr rev_id="4530936" t="им"><v><l id="206619" t="они"><g v="NPRO"></g><g v="3per"></g><g v="Anph"></g><g v="plur"></g><g v="datv"></g></l></v></tfr></token><token id="620089" text="поможет"><tfr rev_id="1452335" t="поможет"><v><l id="257948" t="помог"><g v="VERB"></g><g v="perf"></g><g v="intr"></g><g v="sing"></g><g v="3per"></g><g v="futr"></g><g v="indc"></g></l></v></tfr></token><token id="620090" text="ГРУ"><tfr rev_id="1452336" t="ГРУ"><v><l id="0" t="гру"><g v="UNKN"></g></l></v></tfr></token><token id="620091" text="."><tfr rev_id="1452337" t="."><v><l id="0" t="."><g v="PNCT"></g></l></v></tfr></token></tokens></sentence></paragraph><paragraph id="11073"><sentence id="34712"><source>Нино Бурджанадзе подтвердила подлинность аудиозаписи, но заявила, что фразы были «вырваны из контекста».</source><tokens><token id="620092" text="Нино"><tfr rev_id="4307988" t="Нино"><v><l id="191091" t="нино"><g v="NOUN"></g><g v="anim"></g><g v="femn"></g><g v="Sgtm"></g><g v="Fixd"></g><g v="Name"></g><g v="sing"></g><g v="nomn"></g></l></v></tfr></token><token id="620093" text="Бурджанадзе"><tfr rev_id="4327424" t="Бурджанадзе"><v><l id="389015" t="бурджанадзе"><g v="NOUN"></g><g v="anim"></g><g v="ms-f"></g><g v="Fixd"></g><g v="Surn"></g><g v="sing"></g><g v="nomn"></g></l></v></tfr></token><token id="620094" text="подтвердила"><tfr rev_id="1452340" t="подтвердила"><v><l id="251437" t="подтвердил"><g v="VERB"></g><g v="perf"></g><g v="tran"></g><g v="femn"></g><g v="sing"></g><g v="past"></g><g v="indc"></g></l></v></tfr></token><token id="620095" text="подлинность"><tfr rev_id="4083530" t="подлинность"><v><l id="247184" t="подлинность"><g v="NOUN"></g><g v="inan"></g><g v="femn"></g><g v="sing"></g><g v="accs"></g></l></v></tfr></token><token id="620096" text="аудиозаписи"><tfr rev_id="4271791" t="аудиозаписи"><v><l id="19847" t="аудиозапись"><g v="NOUN"></g><g v="inan"></g><g v="femn"></g><g v="sing"></g><g v="gent"></g></l></v></tfr></token><token id="620097" text=","><tfr rev_id="1452343" t=","><v><l id="0" t=","><g v="PNCT"></g></l></v></tfr></token><token id="620098" text="но"><tfr rev_id="1452344" t="но"><v><l id="191429" t="но"><g v="CONJ"></g></l></v><v><l id="191430" t="но"><g v="INTJ"></g></l></v></tfr></token><token id="620099" text="заявила"><tfr rev_id="1452345" t="заявила"><v><l id="114300" t="заявил"><g v="VERB"></g><g v="perf"></g><g v="tran"></g><g v="femn"></g><g v="sing"></g><g v="past"></g><g v="indc"></g></l></v></tfr></token><token id="620100" text=","><tfr rev_id="1452346" t=","><v><l id="0" t=","><g v="PNCT"></g></l></v></tfr></token><token id="620101" text="что"><tfr rev_id="3196973" t="что"><v><l id="377004" t="что"><g v="CONJ"></g></l></v><v><l id="377005" t="что"><g v="NPRO"></g><g v="neut"></g><g v="sing"></g><g v="nomn"></g></l></v><v><l id="377005" t="что"><g v="NPRO"></g><g v="neut"></g><g v="sing"></g><g v="accs"></g></l></v><v><l id="377006" t="что"><g v="ADVB"></g><g v="Ques"></g></l></v><v><l id="388695" t="что"><g v="PRCL"></g></l></v></tfr></token><token id="620102" text="фразы"><tfr rev_id="3768699" t="фразы"><v><l id="367878" t="фраза"><g v="NOUN"></g><g v="inan"></g><g v="femn"></g><g v="plur"></g><g v="nomn"></g></l></v></tfr></token><token id="620103" text="были"><tfr rev_id="1715996" t="были"><v><l id="37265" t="есть"><g v="VERB"></g><g v="impf"></g><g v="intr"></g><g v="plur"></g><g v="past"></g><g v="indc"></g></l></v></tfr></token><token id="620104" text="«"><tfr rev_id="2444283" t="«"><v><l id="0" t="«"><g v="PNCT"></g></l></v></tfr></token><token id="620105" text="вырваны"><tfr rev_id="1452351" t="вырваны"><v><l id="61254" t="вырван"><g v="PRTS"></g><g v="perf"></g><g v="past"></g><g v="pssv"></g><g v="plur"></g></l></v></tfr></token><token id="620106" text="из"><tfr rev_id="1717777" t="из"><v><l id="117677" t="из"><g v="PREP"></g></l></v></tfr></token><token id="620107" text="контекста"><tfr rev_id="1452353" t="контекста"><v><l id="138342" t="контекст"><g v="NOUN"></g><g v="inan"></g><g v="masc"></g><g v="sing"></g><g v="gent"></g></l></v></tfr></token><token id="620108" text="»"><tfr rev_id="2444284" t="»"><v><l id="0" t="»"><g v="PNCT"></g></l></v></tfr></token><token id="620109" text="."><tfr rev_id="1452355" t="."><v><l id="0" t="."><g v="PNCT"></g></l></v></tfr></token></tokens></sentence><sentence id="34713"><source>Она отвергла обвинения в том, что оппозиция якобы готовилась к гражданской войне.</source><tokens><token id="620110" text="Она"><tfr rev_id="3586496" t="Она"><v><l id="206544" t="она"><g v="NPRO"></g><g v="femn"></g><g v="3per"></g><g v="Anph"></g><g v="sing"></g><g v="nomn"></g></l></v></tfr></token><token id="620111" text="отвергла"><tfr rev_id="1452357" t="отвергла"><v><l id="212293" t="отверг"><g v="VERB"></g><g v="perf"></g><g v="tran"></g><g v="femn"></g><g v="sing"></g><g v="past"></g><g v="indc"></g></l></v></tfr></token><token id="620112" text="обвинения"><tfr rev_id="3747547" t="обвинения"><v><l id="193410" t="обвинение"><g v="NOUN"></g><g v="inan"></g><g v="neut"></g><g v="plur"></g><g v="accs"></g></l></v></tfr></token><token id="620113" text="в"><tfr rev_id="1452359" t="в"><v><l id="37409" t="в"><g v="PREP"></g></l></v></tfr></token><token id="620114" text="том"><tfr rev_id="4318696" t="том"><v><l id="348430" t="тот"><g v="ADJF"></g><g v="Subx"></g><g v="Apro"></g><g v="Anph"></g><g v="neut"></g><g v="sing"></g><g v="loct"></g></l></v></tfr></token><token id="620115" text=","><tfr rev_id="1452361" t=","><v><l id="0" t=","><g v="PNCT"></g></l></v></tfr></token><token id="620116" text="что"><tfr rev_id="3196974" t="что"><v><l id="377004" t="что"><g v="CONJ"></g></l></v><v><l id="377005" t="что"><g v="NPRO"></g><g v="neut"></g><g v="sing"></g><g v="nomn"></g></l></v><v><l id="377005" t="что"><g v="NPRO"></g><g v="neut"></g><g v="sing"></g><g v="accs"></g></l></v><v><l id="377006" t="что"><g v="ADVB"></g><g v="Ques"></g></l></v><v><l id="388695" t="что"><g v="PRCL"></g></l></v></tfr></token><token id="620117" text="оппозиция"><tfr rev_id="1452363" t="оппозиция"><v><l id="207895" t="оппозиция"><g v="NOUN"></g><g v="inan"></g><g v="femn"></g><g v="sing"></g><g v="nomn"></g></l></v></tfr></token><token id="620118" text="якобы"><tfr rev_id="4469813" t="якобы"><v><l id="387706" t="якобы"><g v="CONJ"></g></l></v><v><l id="387707" t="якобы"><g v="PRCL"></g></l></v></tfr></token><token id="620119" text="готовилась"><tfr rev_id="1452365" t="готовилась"><v><l id="74213" t="готовлюсь"><g v="VERB"></g><g v="impf"></g><g v="intr"></g><g v="femn"></g><g v="sing"></g><g v="past"></g><g v="indc"></g></l></v></tfr></token><token id="620120" text="к"><tfr rev_id="1452366" t="к"><v><l id="127460" t="к"><g v="PREP"></g></l></v></tfr></token><token id="620121" text="гражданской"><tfr rev_id="4423762" t="гражданской"><v><l id="74529" t="гражданский"><g v="ADJF"></g><g v="femn"></g><g v="sing"></g><g v="datv"></g></l></v></tfr></token><token id="620122" text="войне"><tfr rev_id="3551213" t="войне"><v><l id="49721" t="война"><g v="NOUN"></g><g v="inan"></g><g v="femn"></g><g v="sing"></g><g v="datv"></g></l></v></tfr></token><token id="620123" text="."><tfr rev_id="1452369" t="."><v><l id="0" t="."><g v="PNCT"></g></l></v></tfr></token></tokens></sentence><sentence id="34714"><source>Лидер оппозиции также назвала обвинения в адрес её мужа сфабрикованными и отметила, что не будет платить за него залог.</source><tokens><token id="620124" text="Лидер"><tfr rev_id="1452370" t="Лидер"><v><l id="149007" t="лидер"><g v="NOUN"></g><g v="anim"></g><g v="masc"></g><g v="sing"></g><g v="nomn"></g></l></v></tfr></token><token id="620125" text="оппозиции"><tfr rev_id="4343757" t="оппозиции"><v><l id="207895" t="оппозиция"><g v="NOUN"></g><g v="inan"></g><g v="femn"></g><g v="sing"></g><g v="gent"></g></l></v></tfr></token><token id="620126" text="также"><tfr rev_id="4267752" t="также"><v><l id="342482" t="также"><g v="PRCL"></g></l></v></tfr></token><token id="620127" text="назвала"><tfr rev_id="1452373" t="назвала"><v><l id="170342" t="назвал"><g v="VERB"></g><g v="perf"></g><g v="tran"></g><g v="femn"></g><g v="sing"></g><g v="past"></g><g v="indc"></g></l></v></tfr></token><token id="620128" text="обвинения"><tfr rev_id="3799975" t="обвинения"><v><l id="193410" t="обвинение"><g v="NOUN"></g><g v="inan"></g><g v="neut"></g><g v="plur"></g><g v="accs"></g></l></v></tfr></token><token id="620129" text="в"><tfr rev_id="1452375" t="в"><v><l id="37409" t="в"><g v="PREP"></g></l></v></tfr></token><token id="620130" text="адрес"><tfr rev_id="3551599" t="адрес"><v><l id="5167" t="адрес"><g v="NOUN"></g><g v="inan"></g><g v="masc"></g><g v="sing"></g><g v="accs"></g></l></v></tfr></token><token id="620131" text="её"><tfr rev_id="4472909" t="её"><v><l id="94433" t="её"><g v="ADJF"></g><g v="Fixd"></g><g v="Apro"></g><g v="Anph"></g><g v="masc"></g><g v="sing"></g><g v="nomn"></g></l></v><v><l id="94433" t="её"><g v="ADJF"></g><g v="Fixd"></g><g v="Apro"></g><g v="Anph"></g><g v="masc"></g><g v="sing"></g><g v="gent"></g></l></v><v><l id="94433" t="её"><g v="ADJF"></g><g v="Fixd"></g><g v="Apro"></g><g v="Anph"></g><g v="masc"></g><g v="sing"></g><g v="datv"></g></l></v><v><l id="94433" t="её"><g v="ADJF"></g><g v="Fixd"></g><g v="Apro"></g><g v="Anph"></g><g v="masc"></g><g v="sing"></g><g v="accs"></g></l></v><v><l id="94433" t="её"><g v="ADJF"></g><g v="Fixd"></g><g v="Apro"></g><g v="Anph"></g><g v="masc"></g><g v="sing"></g><g v="ablt"></g></l></v><v><l id="94433" t="её"><g v="ADJF"></g><g v="Fixd"></g><g v="Apro"></g><g v="Anph"></g><g v="masc"></g><g v="sing"></g><g v="loct"></g></l></v><v><l id="94433" t="её"><g v="ADJF"></g><g v="Fixd"></g><g v="Apro"></g><g v="Anph"></g><g v="femn"></g><g v="sing"></g><g v="nomn"></g></l></v><v><l id="94433" t="её"><g v="ADJF"></g><g v="Fixd"></g><g v="Apro"></g><g v="Anph"></g><g v="femn"></g><g v="sing"></g><g v="gent"></g></l></v><v><l id="94433" t="её"><g v="ADJF"></g><g v="Fixd"></g><g v="Apro"></g><g v="Anph"></g><g v="femn"></g><g v="sing"></g><g v="datv"></g></l></v><v><l id="94433" t="её"><g v="ADJF"></g><g v="Fixd"></g><g v="Apro"></g><g v="Anph"></g><g v="femn"></g><g v="sing"></g><g v="accs"></g></l></v><v><l id="94433" t="её"><g v="ADJF"></g><g v="Fixd"></g><g v="Apro"></g><g v="Anph"></g><g v="femn"></g><g v="sing"></g><g v="ablt"></g></l></v><v><l id="94433" t="её"><g v="ADJF"></g><g v="Fixd"></g><g v="Apro"></g><g v="Anph"></g><g v="femn"></g><g v="sing"></g><g v="loct"></g></l></v><v><l id="94433" t="её"><g v="ADJF"></g><g v="Fixd"></g><g v="Apro"></g><g v="Anph"></g><g v="neut"></g><g v="sing"></g><g v="nomn"></g></l></v><v><l id="94433" t="её"><g v="ADJF"></g><g v="Fixd"></g><g v="Apro"></g><g v="Anph"></g><g v="neut"></g><g v="sing"></g><g v="gent"></g></l></v><v><l id="94433" t="её"><g v="ADJF"></g><g v="Fixd"></g><g v="Apro"></g><g v="Anph"></g><g v="neut"></g><g v="sing"></g><g v="datv"></g></l></v><v><l id="94433" t="её"><g v="ADJF"></g><g v="Fixd"></g><g v="Apro"></g><g v="Anph"></g><g v="neut"></g><g v="sing"></g><g v="accs"></g></l></v><v><l id="94433" t="её"><g v="ADJF"></g><g v="Fixd"></g><g v="Apro"></g><g v="Anph"></g><g v="neut"></g><g v="sing"></g><g v="ablt"></g></l></v><v><l id="94433" t="её"><g v="ADJF"></g><g v="Fixd"></g><g v="Apro"></g><g v="Anph"></g><g v="neut"></g><g v="sing"></g><g v="loct"></g></l></v></tfr></token><token id="620132" text="мужа"><tfr rev_id="4280390" t="мужа"><v><l id="164704" t="муж"><g v="NOUN"></g><g v="anim"></g><g v="masc"></g><g v="sing"></g><g v="gent"></g></l></v></tfr></token><token id="620133" text="сфабрикованными"><tfr rev_id="1452379" t="сфабрикованными"><v><l id="340509" t="сфабрикованный"><g v="PRTF"></g><g v="perf"></g><g v="tran"></g><g v="past"></g><g v="pssv"></g><g v="plur"></g><g v="ablt"></g></l></v></tfr></token><token id="620134" text="и"><tfr rev_id="1452380" t="и"><v><l id="116949" t="и"><g v="CONJ"></g></l></v><v><l id="116950" t="и"><g v="INTJ"></g></l></v></tfr></token><token id="620135" text="отметила"><tfr rev_id="1452381" t="отметила"><v><l id="215584" t="отметил"><g v="VERB"></g><g v="perf"></g><g v="tran"></g><g v="femn"></g><g v="sing"></g><g v="past"></g><g v="indc"></g></l></v></tfr></token><token id="620136" text=","><tfr rev_id="1452382" t=","><v><l id="0" t=","><g v="PNCT"></g></l></v></tfr></token><token id="620137" text="что"><tfr rev_id="3196975" t="что"><v><l id="377004" t="что"><g v="CONJ"></g></l></v><v><l id="377005" t="что"><g v="NPRO"></g><g v="neut"></g><g v="sing"></g><g v="nomn"></g></l></v><v><l id="377005" t="что"><g v="NPRO"></g><g v="neut"></g><g v="sing"></g><g v="accs"></g></l></v><v><l id="377006" t="что"><g v="ADVB"></g><g v="Ques"></g></l></v><v><l id="388695" t="что"><g v="PRCL"></g></l></v></tfr></token><token id="620138" text="не"><tfr rev_id="1452384" t="не"><v><l id="178876" t="не"><g v="PRCL"></g></l></v></tfr></token><token id="620139" text="будет"><tfr rev_id="1452385" t="будет"><v><l id="37265" t="есть"><g v="VERB"></g><g v="impf"></g><g v="intr"></g><g v="sing"></g><g v="3per"></g><g v="futr"></g><g v="indc"></g></l></v></tfr></token><token id="620140" text="платить"><tfr rev_id="1452386" t="платить"><v><l id="240012" t="платить"><g v="INFN"></g><g v="impf"></g><g v="tran"></g></l></v></tfr></token><token id="620141" text="за"><tfr rev_id="1452387" t="за"><v><l id="98043" t="за"><g v="PREP"></g></l></v></tfr></token><token id="620142" text="него"><tfr rev_id="4528184" t="него"><v><l id="206541" t="он"><g v="NPRO"></g><g v="masc"></g><g v="3per"></g><g v="Anph"></g><g v="sing"></g><g v="accs"></g><g v="Af-p"></g></l></v><v><l id="206649" t="оно"><g v="NPRO"></g><g v="neut"></g><g v="3per"></g><g v="Anph"></g><g v="sing"></g><g v="accs"></g><g v="Af-p"></g></l></v></tfr></token><token id="620143" text="залог"><tfr rev_id="3677171" t="залог"><v><l id="104834" t="залог"><g v="NOUN"></g><g v="inan"></g><g v="masc"></g><g v="sing"></g><g v="accs"></g></l></v></tfr></token><token id="620144" text="."><tfr rev_id="1452390" t="."><v><l id="0" t="."><g v="PNCT"></g></l></v></tfr></token></tokens></sentence><sentence id="34715"><source>«Все эти записи ни в одном демократическом государстве не будут считаться аргументом для подтверждения обвинения.</source><tokens><token id="620145" text="«"><tfr rev_id="2444285" t="«"><v><l id="0" t="«"><g v="PNCT"></g></l></v></tfr></token><token id="620146" text="Все"><tfr rev_id="4538579" t="Все"><v><l id="42156" t="весь"><g v="ADJF"></g><g v="Subx"></g><g v="Apro"></g><g v="inan"></g><g v="plur"></g><g v="accs"></g></l></v><v><l id="42156" t="весь"><g v="ADJF"></g><g v="Subx"></g><g v="Apro"></g><g v="plur"></g><g v="nomn"></g></l></v></tfr></token><token id="620147" text="эти"><tfr rev_id="4446147" t="эти"><v><l id="386581" t="этот"><g v="ADJF"></g><g v="Subx"></g><g v="Apro"></g><g v="Anph"></g><g v="plur"></g><g v="nomn"></g></l></v></tfr></token><token id="620148" text="записи"><tfr rev_id="3747461" t="записи"><v><l id="107278" t="запись"><g v="NOUN"></g><g v="inan"></g><g v="femn"></g><g v="plur"></g><g v="nomn"></g></l></v></tfr></token><token id="620149" text="ни"><tfr rev_id="1452395" t="ни"><v><l id="190307" t="ни"><g v="CONJ"></g></l></v><v><l id="190308" t="ни"><g v="PRCL"></g></l></v></tfr></token><token id="620150" text="в"><tfr rev_id="1452396" t="в"><v><l id="37409" t="в"><g v="PREP"></g></l></v></tfr></token><token id="620151" text="одном"><tfr rev_id="4301551" t="одном"><v><l id="203319" t="один"><g v="ADJF"></g><g v="Apro"></g><g v="Anum"></g><g v="neut"></g><g v="sing"></g><g v="loct"></g></l></v></tfr></token><token id="620152" text="демократическом"><tfr rev_id="3472469" t="демократическом"><v><l id="80993" t="демократический"><g v="ADJF"></g><g v="neut"></g><g v="sing"></g><g v="loct"></g></l></v></tfr></token><token id="620153" text="государстве"><tfr rev_id="1452399" t="государстве"><v><l id="74164" t="государство"><g v="NOUN"></g><g v="inan"></g><g v="neut"></g><g v="sing"></g><g v="loct"></g></l></v></tfr></token><token id="620154" text="не"><tfr rev_id="1452400" t="не"><v><l id="178876" t="не"><g v="PRCL"></g></l></v></tfr></token><token id="620155" text="будут"><tfr rev_id="1452401" t="будут"><v><l id="37265" t="есть"><g v="VERB"></g><g v="impf"></g><g v="intr"></g><g v="plur"></g><g v="3per"></g><g v="futr"></g><g v="indc"></g></l></v></tfr></token><token id="620156" text="считаться"><tfr rev_id="1452402" t="считаться"><v><l id="341336" t="считаться"><g v="INFN"></g><g v="impf"></g><g v="intr"></g></l></v></tfr></token><token id="620157" text="аргументом"><tfr rev_id="1452403" t="аргументом"><v><l id="15995" t="аргумент"><g v="NOUN"></g><g v="inan"></g><g v="masc"></g><g v="sing"></g><g v="ablt"></g></l></v></tfr></token><token id="620158" text="для"><tfr rev_id="3408536" t="для"><v><l id="85032" t="для"><g v="PREP"></g></l></v></tfr></token><token id="620159" text="подтверждения"><tfr rev_id="2908610" t="подтверждения"><v><l id="251464" t="подтверждение"><g v="NOUN"></g><g v="inan"></g><g v="neut"></g><g v="sing"></g><g v="gent"></g></l></v></tfr></token><token id="620160" text="обвинения"><tfr rev_id="3459467" t="обвинения"><v><l id="193410" t="обвинение"><g v="NOUN"></g><g v="inan"></g><g v="neut"></g><g v="sing"></g><g v="gent"></g></l></v></tfr></token><token id="620161" text="."><tfr rev_id="1452407" t="."><v><l id="0" t="."><g v="PNCT"></g></l></v></tfr></token></tokens></sentence><sentence id="34716"><source>Кто-то с кем-то говорит обо мне или о моем муже, при чём тут я или мой муж?</source><tokens><token id="620162" text="Кто-то"><tfr rev_id="1452408" t="Кто-то"><v><l id="144219" t="кто-то"><g v="NPRO"></g><g v="masc"></g><g v="sing"></g><g v="nomn"></g></l></v></tfr></token><token id="620163" text="с"><tfr rev_id="1452409" t="с"><v><l id="311151" t="с"><g v="PREP"></g></l></v></tfr></token><token id="620164" text="кем-то"><tfr rev_id="1452410" t="кем-то"><v><l id="144219" t="кто-то"><g v="NPRO"></g><g v="masc"></g><g v="sing"></g><g v="ablt"></g></l></v></tfr></token><token id="620165" text="говорит"><tfr rev_id="1452411" t="говорит"><v><l id="72053" t="говорю"><g v="VERB"></g><g v="impf"></g><g v="tran"></g><g v="sing"></g><g v="3per"></g><g v="pres"></g><g v="indc"></g></l></v></tfr></token><token id="620166" text="обо"><tfr rev_id="2921686" t="обо"><v><l id="192977" t="о"><g v="PREP"></g><g v="Vpre"></g><g v="Infr"></g></l></v></tfr></token><token id="620167" text="мне"><tfr rev_id="4201403" t="мне"><v><l id="387317" t="я"><g v="NPRO"></g><g v="1per"></g><g v="sing"></g><g v="loct"></g></l></v></tfr></token><token id="620168" text="или"><tfr rev_id="3787215" t="или"><v><l id="121146" t="или"><g v="CONJ"></g></l></v></tfr></token><token id="620169" text="о"><tfr rev_id="3327986" t="о"><v><l id="192977" t="о"><g v="PREP"></g></l></v></tfr></token><token id="620170" text="моем"><tfr rev_id="4464333" t="моем"><v><l id="162570" t="мой"><g v="ADJF"></g><g v="Apro"></g><g v="masc"></g><g v="sing"></g><g v="loct"></g></l></v></tfr></token><token id="620171" text="муже"><tfr rev_id="4280485" t="муже"><v><l id="164704" t="муж"><g v="NOUN"></g><g v="anim"></g><g v="masc"></g><g v="sing"></g><g v="loct"></g></l></v></tfr></token><token id="620172" text=","><tfr rev_id="1452418" t=","><v><l id="0" t=","><g v="PNCT"></g></l></v></tfr></token><token id="620173" text="при"><tfr rev_id="2628843" t="при"><v><l id="268625" t="при"><g v="PREP"></g></l></v></tfr></token><token id="620174" text="чём"><tfr rev_id="4307347" t="чём"><v><l id="377005" t="что"><g v="NPRO"></g><g v="neut"></g><g v="sing"></g><g v="loct"></g></l></v></tfr></token><token id="620175" text="тут"><tfr rev_id="4264542" t="тут"><v><l id="351923" t="тут"><g v="ADVB"></g><g v="Dmns"></g></l></v></tfr></token><token id="620176" text="я"><tfr rev_id="1452422" t="я"><v><l id="387317" t="я"><g v="NPRO"></g><g v="1per"></g><g v="sing"></g><g v="nomn"></g></l></v></tfr></token><token id="620177" text="или"><tfr rev_id="3787216" t="или"><v><l id="121146" t="или"><g v="CONJ"></g></l></v></tfr></token><token id="620178" text="мой"><tfr rev_id="4175377" t="мой"><v><l id="162570" t="мой"><g v="ADJF"></g><g v="Apro"></g><g v="masc"></g><g v="sing"></g><g v="nomn"></g></l></v><v><l id="162570" t="мой"><g v="ADJF"></g><g v="Apro"></g><g v="inan"></g><g v="masc"></g><g v="sing"></g><g v="accs"></g></l></v></tfr></token><token id="620179" text="муж"><tfr rev_id="4280319" t="муж"><v><l id="164704" t="муж"><g v="NOUN"></g><g v="anim"></g><g v="masc"></g><g v="sing"></g><g v="nomn"></g></l></v></tfr></token><token id="620180" text="?"><tfr rev_id="1452426" t="?"><v><l id="0" t="?"><g v="PNCT"></g></l></v></tfr></token></tokens></sentence><sentence id="34717"><source>Почему это государство так милосердно по отношению ко мне или моей семье?..</source><tokens><token id="620181" text="Почему"><tfr rev_id="1452427" t="Почему"><v><l id="264705" t="почему"><g v="ADVB"></g><g v="Ques"></g></l></v></tfr></token><token id="620182" text="это"><tfr rev_id="4441586" t="это"><v><l id="386574" t="это"><g v="PRCL"></g></l></v><v><l id="386575" t="это"><g v="NPRO"></g><g v="neut"></g><g v="sing"></g><g v="nomn"></g></l></v><v><l id="386575" t="это"><g v="NPRO"></g><g v="neut"></g><g v="sing"></g><g v="accs"></g></l></v><v><l id="386581" t="этот"><g v="ADJF"></g><g v="Subx"></g><g v="Apro"></g><g v="Anph"></g><g v="neut"></g><g v="sing"></g><g v="nomn"></g></l></v><v><l id="386581" t="этот"><g v="ADJF"></g><g v="Subx"></g><g v="Apro"></g><g v="Anph"></g><g v="neut"></g><g v="sing"></g><g v="accs"></g></l></v></tfr></token><token id="620183" text="государство"><tfr rev_id="3503250" t="государство"><v><l id="74164" t="государство"><g v="NOUN"></g><g v="inan"></g><g v="neut"></g><g v="sing"></g><g v="nomn"></g></l></v></tfr></token><token id="620184" text="так"><tfr rev_id="1452430" t="так"><v><l id="342451" t="так"><g v="CONJ"></g></l></v><v><l id="342452" t="так"><g v="PRCL"></g></l></v><v><l id="342453" t="так"><g v="ADVB"></g><g v="Dmns"></g></l></v></tfr></token><token id="620185" text="милосердно"><tfr rev_id="3647240" t="милосердно"><v><l id="160318" t="милосерден"><g v="ADJS"></g><g v="Qual"></g><g v="neut"></g><g v="sing"></g></l></v><v><l id="389270" t="милосердно"><g v="ADVB"></g></l></v></tfr></token><token id="620186" text="по"><tfr rev_id="1452432" t="по"><v><l id="241240" t="по"><g v="PREP"></g></l></v></tfr></token><token id="620187" text="отношению"><tfr rev_id="1452433" t="отношению"><v><l id="215944" t="отношение"><g v="NOUN"></g><g v="inan"></g><g v="neut"></g><g v="sing"></g><g v="datv"></g></l></v></tfr></token><token id="620188" text="ко"><tfr rev_id="2920762" t="ко"><v><l id="127460" t="к"><g v="PREP"></g><g v="Vpre"></g></l></v></tfr></token><token id="620189" text="мне"><tfr rev_id="4200910" t="мне"><v><l id="387317" t="я"><g v="NPRO"></g><g v="1per"></g><g v="sing"></g><g v="datv"></g></l></v></tfr></token><token id="620190" text="или"><tfr rev_id="3787217" t="или"><v><l id="121146" t="или"><g v="CONJ"></g></l></v></tfr></token><token id="620191" text="моей"><tfr rev_id="4417523" t="моей"><v><l id="162570" t="мой"><g v="ADJF"></g><g v="Apro"></g><g v="femn"></g><g v="sing"></g><g v="datv"></g></l></v></tfr></token><token id="620192" text="семье"><tfr rev_id="3447678" t="семье"><v><l id="318660" t="семья"><g v="NOUN"></g><g v="inan"></g><g v="femn"></g><g v="sing"></g><g v="datv"></g></l></v></tfr></token><token id="620193" text="?"><tfr rev_id="1452439" t="?"><v><l id="0" t="?"><g v="PNCT"></g></l></v></tfr></token><token id="620194" text=".."><tfr rev_id="1452440" t=".."><v><l id="0" t=".."><g v="PNCT"></g></l></v></tfr></token></tokens></sentence><sentence id="34718"><source>У стольких задержанных нет возможности заплатить залог, а мой муж — особое исключение?</source><tokens><token id="620195" text="У"><tfr rev_id="3325803" t="У"><v><l id="352818" t="у"><g v="PREP"></g></l></v></tfr></token><token id="620196" text="стольких"><tfr rev_id="3474243" t="стольких"><v><l id="336671" t="столько"><g v="NUMR"></g><g v="gent"></g></l></v></tfr></token><token id="620197" text="задержанных"><tfr rev_id="4137579" t="задержанных"><v><l id="101572" t="задержанный"><g v="PRTF"></g><g v="Subx"></g><g v="perf"></g><g v="tran"></g><g v="past"></g><g v="pssv"></g><g v="plur"></g><g v="gent"></g></l></v></tfr></token><token id="620198" text="нет"><tfr rev_id="3759245" t="нет"><v><l id="389552" t="нет"><g v="PRED"></g><g v="pres"></g></l></v></tfr></token><token id="620199" text="возможности"><tfr rev_id="4179409" t="возможности"><v><l id="49410" t="возможность"><g v="NOUN"></g><g v="inan"></g><g v="femn"></g><g v="sing"></g><g v="gent"></g></l></v></tfr></token><token id="620200" text="заплатить"><tfr rev_id="1452446" t="заплатить"><v><l id="107380" t="заплатить"><g v="INFN"></g><g v="perf"></g><g v="tran"></g></l></v></tfr></token><token id="620201" text="залог"><tfr rev_id="4102905" t="залог"><v><l id="104834" t="залог"><g v="NOUN"></g><g v="inan"></g><g v="masc"></g><g v="sing"></g><g v="accs"></g></l></v></tfr></token><token id="620202" text=","><tfr rev_id="1452448" t=","><v><l id="0" t=","><g v="PNCT"></g></l></v></tfr></token><token id="620203" text="а"><tfr rev_id="3410752" t="а"><v><l id="51" t="а"><g v="CONJ"></g></l></v></tfr></token><token id="620204" text="мой"><tfr rev_id="4178398" t="мой"><v><l id="162570" t="мой"><g v="ADJF"></g><g v="Apro"></g><g v="masc"></g><g v="sing"></g><g v="nomn"></g></l></v><v><l id="162570" t="мой"><g v="ADJF"></g><g v="Apro"></g><g v="inan"></g><g v="masc"></g><g v="sing"></g><g v="accs"></g></l></v></tfr></token><token id="620205" text="муж"><tfr rev_id="4280320" t="муж"><v><l id="164704" t="муж"><g v="NOUN"></g><g v="anim"></g><g v="masc"></g><g v="sing"></g><g v="nomn"></g></l></v></tfr></token><token id="620206" text="—"><tfr rev_id="2444286" t="—"><v><l id="0" t="—"><g v="PNCT"></g></l></v></tfr></token><token id="620207" text="особое"><tfr rev_id="1452453" t="особое"><v><l id="210653" t="особый"><g v="ADJF"></g><g v="neut"></g><g v="sing"></g><g v="nomn"></g></l></v><v><l id="210653" t="особый"><g v="ADJF"></g><g v="neut"></g><g v="sing"></g><g v="accs"></g></l></v></tfr></token><token id="620208" text="исключение"><tfr rev_id="4102024" t="исключение"><v><l id="124356" t="исключение"><g v="NOUN"></g><g v="inan"></g><g v="neut"></g><g v="sing"></g><g v="nomn"></g></l></v></tfr></token><token id="620209" text="?"><tfr rev_id="1452455" t="?"><v><l id="0" t="?"><g v="PNCT"></g></l></v></tfr></token></tokens></sentence><sentence id="34719"><source>Это не благородство власти...</source><tokens><token id="620210" text="Это"><tfr rev_id="4497462" t="Это"><v><l id="386575" t="это"><g v="NPRO"></g><g v="neut"></g><g v="sing"></g><g v="nomn"></g></l></v><v><l id="386575" t="это"><g v="NPRO"></g><g v="neut"></g><g v="sing"></g><g v="accs"></g></l></v></tfr></token><token id="620211" text="не"><tfr rev_id="1452457" t="не"><v><l id="178876" t="не"><g v="PRCL"></g></l></v></tfr></token><token id="620212" text="благородство"><tfr rev_id="3708180" t="благородство"><v><l id="30550" t="благородство"><g v="NOUN"></g><g v="inan"></g><g v="neut"></g><g v="sing"></g><g v="nomn"></g></l></v></tfr></token><token id="620213" text="власти"><tfr rev_id="3764655" t="власти"><v><l id="46816" t="власть"><g v="NOUN"></g><g v="inan"></g><g v="femn"></g><g v="sing"></g><g v="gent"></g></l></v></tfr></token><token id="620214" text="..."><tfr rev_id="1452460" t="..."><v><l id="0" t="..."><g v="PNCT"></g></l></v></tfr></token></tokens></sentence><sentence id="34720"><source>Я не пойду на такие методы и не заплачу залог ни при каких условиях.</source><tokens><token id="620215" text="Я"><tfr rev_id="1452461" t="Я"><v><l id="387317" t="я"><g v="NPRO"></g><g v="1per"></g><g v="sing"></g><g v="nomn"></g></l></v></tfr></token><token id="620216" text="не"><tfr rev_id="1452462" t="не"><v><l id="178876" t="не"><g v="PRCL"></g></l></v></tfr></token><token id="620217" text="пойду"><tfr rev_id="1452463" t="пойду"><v><l id="253964" t="пошёл"><g v="VERB"></g><g v="perf"></g><g v="intr"></g><g v="sing"></g><g v="1per"></g><g v="futr"></g><g v="indc"></g></l></v></tfr></token><token id="620218" text="на"><tfr rev_id="3335301" t="на"><v><l id="166264" t="на"><g v="PREP"></g></l></v></tfr></token><token id="620219" text="такие"><tfr rev_id="3751435" t="такие"><v><l id="342491" t="такой"><g v="ADJF"></g><g v="Apro"></g><g v="inan"></g><g v="plur"></g><g v="accs"></g></l></v></tfr></token><token id="620220" text="методы"><tfr rev_id="4280811" t="методы"><v><l id="159259" t="метод"><g v="NOUN"></g><g v="inan"></g><g v="masc"></g><g v="plur"></g><g v="accs"></g></l></v></tfr></token><token id="620221" text="и"><tfr rev_id="1452467" t="и"><v><l id="116949" t="и"><g v="CONJ"></g></l></v><v><l id="116950" t="и"><g v="INTJ"></g></l></v></tfr></token><token id="620222" text="не"><tfr rev_id="1452468" t="не"><v><l id="178876" t="не"><g v="PRCL"></g></l></v></tfr></token><token id="620223" text="заплачу"><tfr rev_id="1452469" t="заплачу"><v><l id="107360" t="заплакал"><g v="VERB"></g><g v="perf"></g><g v="tran"></g><g v="sing"></g><g v="1per"></g><g v="futr"></g><g v="indc"></g></l></v><v><l id="107379" t="заплатил"><g v="VERB"></g><g v="perf"></g><g v="tran"></g><g v="sing"></g><g v="1per"></g><g v="futr"></g><g v="indc"></g></l></v></tfr></token><token id="620224" text="залог"><tfr rev_id="3530807" t="залог"><v><l id="104834" t="залог"><g v="NOUN"></g><g v="inan"></g><g v="masc"></g><g v="sing"></g><g v="accs"></g></l></v></tfr></token><token id="620225" text="ни"><tfr rev_id="1452471" t="ни"><v><l id="190307" t="ни"><g v="CONJ"></g></l></v><v><l id="190308" t="ни"><g v="PRCL"></g></l></v></tfr></token><token id="620226" text="при"><tfr rev_id="2699672" t="при"><v><l id="268625" t="при"><g v="PREP"></g></l></v></tfr></token><token id="620227" text="каких"><tfr rev_id="3542559" t="каких"><v><l id="128224" t="какой"><g v="ADJF"></g><g v="Apro"></g><g v="plur"></g><g v="loct"></g></l></v></tfr></token><token id="620228" text="условиях"><tfr rev_id="1452474" t="условиях"><v><l id="360556" t="условие"><g v="NOUN"></g><g v="inan"></g><g v="neut"></g><g v="plur"></g><g v="loct"></g></l></v></tfr></token><token id="620229" text="."><tfr rev_id="1452475" t="."><v><l id="0" t="."><g v="PNCT"></g></l></v></tfr></token></tokens></sentence><sentence id="34721"><source>Что касается его дальнейших действий, он будет решать сам, так как он самостоятельный человек.</source><tokens><token id="620230" text="Что"><tfr rev_id="3196976" t="Что"><v><l id="377004" t="что"><g v="CONJ"></g></l></v><v><l id="377005" t="что"><g v="NPRO"></g><g v="neut"></g><g v="sing"></g><g v="nomn"></g></l></v><v><l id="377005" t="что"><g v="NPRO"></g><g v="neut"></g><g v="sing"></g><g v="accs"></g></l></v><v><l id="377006" t="что"><g v="ADVB"></g><g v="Ques"></g></l></v><v><l id="388695" t="что"><g v="PRCL"></g></l></v></tfr></token><token id="620231" text="касается"><tfr rev_id="1452477" t="касается"><v><l id="130961" t="касаюсь"><g v="VERB"></g><g v="impf"></g><g v="intr"></g><g v="sing"></g><g v="3per"></g><g v="pres"></g><g v="indc"></g></l></v></tfr></token><token id="620232" text="его"><tfr rev_id="4490864" t="его"><v><l id="94208" t="его"><g v="ADJF"></g><g v="Fixd"></g><g v="Apro"></g><g v="Anph"></g><g v="plur"></g><g v="nomn"></g></l></v><v><l id="94208" t="его"><g v="ADJF"></g><g v="Fixd"></g><g v="Apro"></g><g v="Anph"></g><g v="plur"></g><g v="gent"></g></l></v><v><l id="94208" t="его"><g v="ADJF"></g><g v="Fixd"></g><g v="Apro"></g><g v="Anph"></g><g v="plur"></g><g v="datv"></g></l></v><v><l id="94208" t="его"><g v="ADJF"></g><g v="Fixd"></g><g v="Apro"></g><g v="Anph"></g><g v="plur"></g><g v="accs"></g></l></v><v><l id="94208" t="его"><g v="ADJF"></g><g v="Fixd"></g><g v="Apro"></g><g v="Anph"></g><g v="plur"></g><g v="ablt"></g></l></v><v><l id="94208" t="его"><g v="ADJF"></g><g v="Fixd"></g><g v="Apro"></g><g v="Anph"></g><g v="plur"></g><g v="loct"></g></l></v></tfr></token><token id="620233" text="дальнейших"><tfr rev_id="2927799" t="дальнейших"><v><l id="77996" t="дальнейший"><g v="ADJF"></g><g v="plur"></g><g v="gent"></g></l></v></tfr></token><token id="620234" text="действий"><tfr rev_id="1452480" t="действий"><v><l id="80091" t="действие"><g v="NOUN"></g><g v="inan"></g><g v="neut"></g><g v="plur"></g><g v="gent"></g></l></v></tfr></token><token id="620235" text=","><tfr rev_id="1452481" t=","><v><l id="0" t=","><g v="PNCT"></g></l></v></tfr></token><token id="620236" text="он"><tfr rev_id="3575617" t="он"><v><l id="206541" t="он"><g v="NPRO"></g><g v="masc"></g><g v="3per"></g><g v="Anph"></g><g v="sing"></g><g v="nomn"></g></l></v></tfr></token><token id="620237" text="будет"><tfr rev_id="1452483" t="будет"><v><l id="37265" t="есть"><g v="VERB"></g><g v="impf"></g><g v="intr"></g><g v="sing"></g><g v="3per"></g><g v="futr"></g><g v="indc"></g></l></v></tfr></token><token id="620238" text="решать"><tfr rev_id="1452484" t="решать"><v><l id="307336" t="решать"><g v="INFN"></g><g v="impf"></g><g v="tran"></g></l></v></tfr></token><token id="620239" text="сам"><tfr rev_id="4097697" t="сам"><v><l id="312034" t="сам"><g v="ADJF"></g><g v="Apro"></g><g v="masc"></g><g v="sing"></g><g v="nomn"></g></l></v></tfr></token><token id="620240" text=","><tfr rev_id="1452486" t=","><v><l id="0" t=","><g v="PNCT"></g></l></v></tfr></token><token id="620241" text="так"><tfr rev_id="1452487" t="так"><v><l id="342451" t="так"><g v="CONJ"></g></l></v><v><l id="342452" t="так"><g v="PRCL"></g></l></v><v><l id="342453" t="так"><g v="ADVB"></g><g v="Dmns"></g></l></v></tfr></token><token id="620242" text="как"><tfr rev_id="1452488" t="как"><v><l id="128190" t="как"><g v="CONJ"></g></l></v><v><l id="128191" t="как"><g v="PRCL"></g></l></v><v><l id="128192" t="как"><g v="ADVB"></g><g v="Ques"></g></l></v></tfr></token><token id="620243" text="он"><tfr rev_id="3575618" t="он"><v><l id="206541" t="он"><g v="NPRO"></g><g v="masc"></g><g v="3per"></g><g v="Anph"></g><g v="sing"></g><g v="nomn"></g></l></v></tfr></token><token id="620244" text="самостоятельный"><tfr rev_id="1452490" t="самостоятельный"><v><l id="312915" t="самостоятельный"><g v="ADJF"></g><g v="Qual"></g><g v="masc"></g><g v="sing"></g><g v="nomn"></g></l></v><v><l id="312915" t="самостоятельный"><g v="ADJF"></g><g v="Qual"></g><g v="inan"></g><g v="masc"></g><g v="sing"></g><g v="accs"></g></l></v></tfr></token><token id="620245" text="человек"><tfr rev_id="3438427" t="человек"><v><l id="375073" t="человек"><g v="NOUN"></g><g v="anim"></g><g v="masc"></g><g v="sing"></g><g v="nomn"></g></l></v></tfr></token><token id="620246" text="."><tfr rev_id="1452492" t="."><v><l id="0" t="."><g v="PNCT"></g></l></v></tfr></token></tokens></sentence><sentence id="34722"><source>Я буду бороться ещё больше»,</source><tokens><token id="620247" text="Я"><tfr rev_id="1452493" t="Я"><v><l id="387317" t="я"><g v="NPRO"></g><g v="1per"></g><g v="sing"></g><g v="nomn"></g></l></v></tfr></token><token id="620248" text="буду"><tfr rev_id="1452494" t="буду"><v><l id="37265" t="есть"><g v="VERB"></g><g v="impf"></g><g v="intr"></g><g v="sing"></g><g v="1per"></g><g v="futr"></g><g v="indc"></g></l></v></tfr></token><token id="620249" text="бороться"><tfr rev_id="1452495" t="бороться"><v><l id="33026" t="бороться"><g v="INFN"></g><g v="impf"></g><g v="intr"></g></l></v></tfr></token><token id="620250" text="ещё"><tfr rev_id="1452496" t="ещё"><v><l id="95551" t="ещё"><g v="PRCL"></g></l></v><v><l id="95552" t="ещё"><g v="ADVB"></g></l></v></tfr></token><token id="620251" text="больше"><tfr rev_id="2558476" t="больше"><v><l id="32325" t="больше"><g v="ADVB"></g></l></v><v><l id="32447" t="больше"><g v="COMP"></g><g v="Qual"></g></l></v></tfr></token><token id="620252" text="»"><tfr rev_id="2444287" t="»"><v><l id="0" t="»"><g v="PNCT"></g></l></v></tfr></token><token id="620253" text=","><tfr rev_id="1452499" t=","><v><l id="0" t=","><g v="PNCT"></g></l></v></tfr></token></tokens></sentence><sentence id="34723"><source>— пообещала Бурджанадзе.</source><tokens><token id="620254" text="—"><tfr rev_id="2444288" t="—"><v><l id="0" t="—"><g v="PNCT"></g></l></v></tfr></token><token id="620255" text="пообещала"><tfr rev_id="1452501" t="пообещала"><v><l id="258747" t="пообещал"><g v="VERB"></g><g v="perf"></g><g v="tran"></g><g v="femn"></g><g v="sing"></g><g v="past"></g><g v="indc"></g></l></v></tfr></token><token id="620256" text="Бурджанадзе"><tfr rev_id="4327425" t="Бурджанадзе"><v><l id="389015" t="бурджанадзе"><g v="NOUN"></g><g v="anim"></g><g v="ms-f"></g><g v="Fixd"></g><g v="Surn"></g><g v="sing"></g><g v="nomn"></g></l></v></tfr></token><token id="620257" text="."><tfr rev_id="1452503" t="."><v><l id="0" t="."><g v="PNCT"></g></l></v></tfr></token></tokens></sentence></paragraph><paragraph id="11074"><sentence id="34724"><source>О борьбе грузинской оппозиции читайте в статье Частного корреспондента «Правый флюс»</source><tokens><token id="620258" text="О"><tfr rev_id="3326110" t="О"><v><l id="192977" t="о"><g v="PREP"></g></l></v></tfr></token><token id="620259" text="борьбе"><tfr rev_id="3557875" t="борьбе"><v><l id="33103" t="борьба"><g v="NOUN"></g><g v="inan"></g><g v="femn"></g><g v="Sgtm"></g><g v="sing"></g><g v="loct"></g></l></v></tfr></token><token id="620260" text="грузинской"><tfr rev_id="4316232" t="грузинской"><v><l id="75963" t="грузинский"><g v="ADJF"></g><g v="femn"></g><g v="sing"></g><g v="gent"></g></l></v></tfr></token><token id="620261" text="оппозиции"><tfr rev_id="4277455" t="оппозиции"><v><l id="207895" t="оппозиция"><g v="NOUN"></g><g v="inan"></g><g v="femn"></g><g v="sing"></g><g v="gent"></g></l></v></tfr></token><token id="620262" text="читайте"><tfr rev_id="1452508" t="читайте"><v><l id="376719" t="читаю"><g v="VERB"></g><g v="impf"></g><g v="tran"></g><g v="plur"></g><g v="impr"></g><g v="excl"></g></l></v></tfr></token><token id="620263" text="в"><tfr rev_id="1452509" t="в"><v><l id="37409" t="в"><g v="PREP"></g></l></v></tfr></token><token id="620264" text="статье"><tfr rev_id="3447498" t="статье"><v><l id="335173" t="статья"><g v="NOUN"></g><g v="inan"></g><g v="femn"></g><g v="sing"></g><g v="loct"></g></l></v></tfr></token><token id="620265" text="Частного"><tfr rev_id="4306778" t="Частного"><v><l id="374795" t="частный"><g v="ADJF"></g><g v="Qual"></g><g v="masc"></g><g v="sing"></g><g v="gent"></g></l></v><v><l id="374795" t="частный"><g v="ADJF"></g><g v="Qual"></g><g v="anim"></g><g v="masc"></g><g v="sing"></g><g v="accs"></g></l></v></tfr></token><token id="620266" text="корреспондента"><tfr rev_id="4216598" t="корреспондента"><v><l id="140239" t="корреспондент"><g v="NOUN"></g><g v="anim"></g><g v="masc"></g><g v="sing"></g><g v="gent"></g></l></v></tfr></token><token id="620267" text="«"><tfr rev_id="2444289" t="«"><v><l id="0" t="«"><g v="PNCT"></g></l></v></tfr></token><token id="620268" text="Правый"><tfr rev_id="4406902" t="Правый"><v><l id="265796" t="правый"><g v="ADJF"></g><g v="Qual"></g><g v="masc"></g><g v="sing"></g><g v="nomn"></g></l></v></tfr></token><token id="620269" text="флюс"><tfr rev_id="4167946" t="флюс"><v><l id="366740" t="флюс"><g v="NOUN"></g><g v="inan"></g><g v="masc"></g><g v="sing"></g><g v="nomn"></g></l></v></tfr></token><token id="620270" text="»"><tfr rev_id="2444290" t="»"><v><l id="0" t="»"><g v="PNCT"></g></l></v></tfr></token></tokens></sentence></paragraph></paragraphs></text>