<?xml version="1.0" encoding="utf-8"?><text id="1182" parent="226" name="23564 Германия объявила о полном отказе от ядерной энергетики"><tags><tag>url:http://www.chaskor.ru/news/germaniya_obyavila_o_polnom_otkaze_ot_yadernoj_energetiki_23564</tag><tag>Год:2011</tag><tag>Дата:30/05</tag><tag>Тема:ЧасКор:Экономика</tag><tag>Тема:ЧасКор:Экономика/Индустрия</tag></tags><paragraphs><paragraph id="11075"><sentence id="34725"><source>Германия объявила о полном отказе от ядерной энергетики</source><tokens><token id="620271" text="Германия"><tfr rev_id="4257406" t="Германия"><v><l id="69099" t="германия"><g v="NOUN"></g><g v="inan"></g><g v="femn"></g><g v="Sgtm"></g><g v="Geox"></g><g v="sing"></g><g v="nomn"></g></l></v></tfr></token><token id="620272" text="объявила"><tfr rev_id="1452518" t="объявила"><v><l id="201891" t="объявил"><g v="VERB"></g><g v="perf"></g><g v="tran"></g><g v="femn"></g><g v="sing"></g><g v="past"></g><g v="indc"></g></l></v></tfr></token><token id="620273" text="о"><tfr rev_id="1452519" t="о"><v><l id="192977" t="о"><g v="PREP"></g></l></v><v><l id="192978" t="о"><g v="INTJ"></g></l></v></tfr></token><token id="620274" text="полном"><tfr rev_id="3549148" t="полном"><v><l id="256169" t="полный"><g v="ADJF"></g><g v="Qual"></g><g v="masc"></g><g v="sing"></g><g v="loct"></g></l></v></tfr></token><token id="620275" text="отказе"><tfr rev_id="1452521" t="отказе"><v><l id="213927" t="отказ"><g v="NOUN"></g><g v="inan"></g><g v="masc"></g><g v="sing"></g><g v="loct"></g></l></v></tfr></token><token id="620276" text="от"><tfr rev_id="1452522" t="от"><v><l id="211644" t="от"><g v="PREP"></g></l></v></tfr></token><token id="620277" text="ядерной"><tfr rev_id="4315940" t="ядерной"><v><l id="387483" t="ядерный"><g v="ADJF"></g><g v="Qual"></g><g v="femn"></g><g v="sing"></g><g v="gent"></g></l></v></tfr></token><token id="620278" text="энергетики"><tfr rev_id="3438177" t="энергетики"><v><l id="385493" t="энергетика"><g v="NOUN"></g><g v="inan"></g><g v="femn"></g><g v="sing"></g><g v="gent"></g></l></v></tfr></token></tokens></sentence><sentence id="34726"><source>Предполагается, что эксплуатацию всех АЭС страны прекратят к 2022 году.</source><tokens><token id="620279" text="Предполагается"><tfr rev_id="1452525" t="Предполагается"><v><l id="266820" t="предполагаюсь"><g v="VERB"></g><g v="impf"></g><g v="intr"></g><g v="sing"></g><g v="3per"></g><g v="pres"></g><g v="indc"></g></l></v></tfr></token><token id="620280" text=","><tfr rev_id="1452526" t=","><v><l id="0" t=","><g v="PNCT"></g></l></v></tfr></token><token id="620281" text="что"><tfr rev_id="3196977" t="что"><v><l id="377004" t="что"><g v="CONJ"></g></l></v><v><l id="377005" t="что"><g v="NPRO"></g><g v="neut"></g><g v="sing"></g><g v="nomn"></g></l></v><v><l id="377005" t="что"><g v="NPRO"></g><g v="neut"></g><g v="sing"></g><g v="accs"></g></l></v><v><l id="377006" t="что"><g v="ADVB"></g><g v="Ques"></g></l></v><v><l id="388695" t="что"><g v="PRCL"></g></l></v></tfr></token><token id="620282" text="эксплуатацию"><tfr rev_id="1452528" t="эксплуатацию"><v><l id="383628" t="эксплуатация"><g v="NOUN"></g><g v="inan"></g><g v="femn"></g><g v="sing"></g><g v="accs"></g></l></v></tfr></token><token id="620283" text="всех"><tfr rev_id="4400706" t="всех"><v><l id="42156" t="весь"><g v="ADJF"></g><g v="Subx"></g><g v="Apro"></g><g v="plur"></g><g v="gent"></g></l></v></tfr></token><token id="620284" text="АЭС"><tfr rev_id="4173629" t="АЭС"><v><l id="21433" t="аэс"><g v="NOUN"></g><g v="inan"></g><g v="femn"></g><g v="Fixd"></g><g v="Orgn"></g><g v="Abbr"></g><g v="plur"></g><g v="gent"></g></l></v></tfr></token><token id="620285" text="страны"><tfr rev_id="3453214" t="страны"><v><l id="337100" t="страна"><g v="NOUN"></g><g v="inan"></g><g v="femn"></g><g v="sing"></g><g v="gent"></g></l></v></tfr></token><token id="620286" text="прекратят"><tfr rev_id="1452532" t="прекратят"><v><l id="267593" t="прекратил"><g v="VERB"></g><g v="perf"></g><g v="tran"></g><g v="plur"></g><g v="3per"></g><g v="futr"></g><g v="indc"></g></l></v></tfr></token><token id="620287" text="к"><tfr rev_id="1452533" t="к"><v><l id="127460" t="к"><g v="PREP"></g></l></v></tfr></token><token id="620288" text="2022"><tfr rev_id="2461942" t="2022"><v><l id="0" t="2022"><g v="NUMB"></g></l></v></tfr></token><token id="620289" text="году"><tfr rev_id="2927909" t="году"><v><l id="72149" t="год"><g v="NOUN"></g><g v="inan"></g><g v="masc"></g><g v="sing"></g><g v="datv"></g></l></v></tfr></token><token id="620290" text="."><tfr rev_id="1452536" t="."><v><l id="0" t="."><g v="PNCT"></g></l></v></tfr></token></tokens></sentence></paragraph><paragraph id="11076"><sentence id="34727"><source>Руководство Германии официально объявило о скором полном прекращении работы всех АЭС страны.</source><tokens><token id="620291" text="Руководство"><tfr rev_id="3473825" t="Руководство"><v><l id="310004" t="руководство"><g v="NOUN"></g><g v="inan"></g><g v="neut"></g><g v="sing"></g><g v="nomn"></g></l></v></tfr></token><token id="620292" text="Германии"><tfr rev_id="4177306" t="Германии"><v><l id="69099" t="германия"><g v="NOUN"></g><g v="inan"></g><g v="femn"></g><g v="Sgtm"></g><g v="Geox"></g><g v="sing"></g><g v="gent"></g></l></v></tfr></token><token id="620293" text="официально"><tfr rev_id="1452539" t="официально"><v><l id="220937" t="официально"><g v="ADVB"></g></l></v><v><l id="220941" t="официален"><g v="ADJS"></g><g v="neut"></g><g v="sing"></g></l></v></tfr></token><token id="620294" text="объявило"><tfr rev_id="1452540" t="объявило"><v><l id="201891" t="объявил"><g v="VERB"></g><g v="perf"></g><g v="tran"></g><g v="neut"></g><g v="sing"></g><g v="past"></g><g v="indc"></g></l></v></tfr></token><token id="620295" text="о"><tfr rev_id="3301524" t="о"><v><l id="192977" t="о"><g v="PREP"></g></l></v></tfr></token><token id="620296" text="скором"><tfr rev_id="4165007" t="скором"><v><l id="323375" t="скорый"><g v="ADJF"></g><g v="Qual"></g><g v="neut"></g><g v="sing"></g><g v="loct"></g></l></v></tfr></token><token id="620297" text="полном"><tfr rev_id="3454526" t="полном"><v><l id="256169" t="полный"><g v="ADJF"></g><g v="Qual"></g><g v="neut"></g><g v="sing"></g><g v="loct"></g></l></v></tfr></token><token id="620298" text="прекращении"><tfr rev_id="1452544" t="прекращении"><v><l id="267615" t="прекращение"><g v="NOUN"></g><g v="inan"></g><g v="neut"></g><g v="sing"></g><g v="loct"></g></l></v></tfr></token><token id="620299" text="работы"><tfr rev_id="3497191" t="работы"><v><l id="290501" t="работа"><g v="NOUN"></g><g v="inan"></g><g v="femn"></g><g v="sing"></g><g v="gent"></g></l></v></tfr></token><token id="620300" text="всех"><tfr rev_id="4135830" t="всех"><v><l id="42156" t="весь"><g v="ADJF"></g><g v="Subx"></g><g v="Apro"></g><g v="plur"></g><g v="gent"></g></l></v></tfr></token><token id="620301" text="АЭС"><tfr rev_id="3807381" t="АЭС"><v><l id="21433" t="аэс"><g v="NOUN"></g><g v="inan"></g><g v="femn"></g><g v="Fixd"></g><g v="Orgn"></g><g v="Abbr"></g><g v="plur"></g><g v="gent"></g></l></v></tfr></token><token id="620302" text="страны"><tfr rev_id="3409993" t="страны"><v><l id="337100" t="страна"><g v="NOUN"></g><g v="inan"></g><g v="femn"></g><g v="sing"></g><g v="gent"></g></l></v></tfr></token><token id="620303" text="."><tfr rev_id="1452549" t="."><v><l id="0" t="."><g v="PNCT"></g></l></v></tfr></token></tokens></sentence><sentence id="34728"><source>По словам министра окружающей среды Норберта Реттгена, к 2022 году будет существенно расширено использование альтернативных источников энергии.</source><tokens><token id="620304" text="По"><tfr rev_id="1452550" t="По"><v><l id="241240" t="по"><g v="PREP"></g></l></v></tfr></token><token id="620305" text="словам"><tfr rev_id="1452551" t="словам"><v><l id="325168" t="слово"><g v="NOUN"></g><g v="inan"></g><g v="neut"></g><g v="plur"></g><g v="datv"></g></l></v></tfr></token><token id="620306" text="министра"><tfr rev_id="3689870" t="министра"><v><l id="160614" t="министр"><g v="NOUN"></g><g v="anim"></g><g v="masc"></g><g v="sing"></g><g v="gent"></g></l></v></tfr></token><token id="620307" text="окружающей"><tfr rev_id="4331197" t="окружающей"><v><l id="205521" t="окружающий"><g v="PRTF"></g><g v="impf"></g><g v="tran"></g><g v="pres"></g><g v="actv"></g><g v="femn"></g><g v="sing"></g><g v="gent"></g></l></v><v><l id="205521" t="окружающий"><g v="PRTF"></g><g v="impf"></g><g v="tran"></g><g v="pres"></g><g v="actv"></g><g v="femn"></g><g v="sing"></g><g v="datv"></g></l></v><v><l id="205521" t="окружающий"><g v="PRTF"></g><g v="impf"></g><g v="tran"></g><g v="pres"></g><g v="actv"></g><g v="femn"></g><g v="sing"></g><g v="ablt"></g></l></v><v><l id="205521" t="окружающий"><g v="PRTF"></g><g v="impf"></g><g v="tran"></g><g v="pres"></g><g v="actv"></g><g v="femn"></g><g v="sing"></g><g v="loct"></g></l></v><v><l id="205533" t="окружающий"><g v="ADJF"></g><g v="femn"></g><g v="sing"></g><g v="gent"></g></l></v><v><l id="205533" t="окружающий"><g v="ADJF"></g><g v="femn"></g><g v="sing"></g><g v="datv"></g></l></v><v><l id="205533" t="окружающий"><g v="ADJF"></g><g v="femn"></g><g v="sing"></g><g v="ablt"></g></l></v><v><l id="205533" t="окружающий"><g v="ADJF"></g><g v="femn"></g><g v="sing"></g><g v="loct"></g></l></v></tfr></token><token id="620308" text="среды"><tfr rev_id="3433790" t="среды"><v><l id="333471" t="среда"><g v="NOUN"></g><g v="inan"></g><g v="femn"></g><g v="sing"></g><g v="gent"></g></l></v></tfr></token><token id="620309" text="Норберта"><tfr rev_id="3689806" t="Норберта"><v><l id="192130" t="норберт"><g v="NOUN"></g><g v="anim"></g><g v="masc"></g><g v="Name"></g><g v="sing"></g><g v="gent"></g></l></v></tfr></token><token id="620310" text="Реттгена"><tfr rev_id="1452556" t="Реттгена"><v><l id="0" t="реттгена"><g v="UNKN"></g></l></v></tfr></token><token id="620311" text=","><tfr rev_id="1452557" t=","><v><l id="0" t=","><g v="PNCT"></g></l></v></tfr></token><token id="620312" text="к"><tfr rev_id="1452558" t="к"><v><l id="127460" t="к"><g v="PREP"></g></l></v></tfr></token><token id="620313" text="2022"><tfr rev_id="2461943" t="2022"><v><l id="0" t="2022"><g v="NUMB"></g></l></v></tfr></token><token id="620314" text="году"><tfr rev_id="2850301" t="году"><v><l id="72149" t="год"><g v="NOUN"></g><g v="inan"></g><g v="masc"></g><g v="sing"></g><g v="datv"></g></l></v></tfr></token><token id="620315" text="будет"><tfr rev_id="1452561" t="будет"><v><l id="37265" t="есть"><g v="VERB"></g><g v="impf"></g><g v="intr"></g><g v="sing"></g><g v="3per"></g><g v="futr"></g><g v="indc"></g></l></v></tfr></token><token id="620316" text="существенно"><tfr rev_id="3526813" t="существенно"><v><l id="340472" t="существенно"><g v="ADVB"></g></l></v></tfr></token><token id="620317" text="расширено"><tfr rev_id="1452563" t="расширено"><v><l id="303644" t="расширен"><g v="PRTS"></g><g v="perf"></g><g v="past"></g><g v="pssv"></g><g v="neut"></g><g v="sing"></g></l></v></tfr></token><token id="620318" text="использование"><tfr rev_id="4211232" t="использование"><v><l id="125417" t="использование"><g v="NOUN"></g><g v="inan"></g><g v="neut"></g><g v="sing"></g><g v="nomn"></g></l></v></tfr></token><token id="620319" text="альтернативных"><tfr rev_id="2827272" t="альтернативных"><v><l id="10700" t="альтернативный"><g v="ADJF"></g><g v="plur"></g><g v="gent"></g></l></v></tfr></token><token id="620320" text="источников"><tfr rev_id="1452566" t="источников"><v><l id="126464" t="источник"><g v="NOUN"></g><g v="inan"></g><g v="masc"></g><g v="plur"></g><g v="gent"></g></l></v></tfr></token><token id="620321" text="энергии"><tfr rev_id="4277711" t="энергии"><v><l id="385504" t="энергия"><g v="NOUN"></g><g v="inan"></g><g v="femn"></g><g v="sing"></g><g v="gent"></g></l></v></tfr></token><token id="620322" text="."><tfr rev_id="1452568" t="."><v><l id="0" t="."><g v="PNCT"></g></l></v></tfr></token></tokens></sentence><sentence id="34729"><source>Чиновник также пообещал, что отключенные после катастрофы в Японии реакторы уже не возобновят свою работу.</source><tokens><token id="620323" text="Чиновник"><tfr rev_id="1452569" t="Чиновник"><v><l id="376482" t="чиновник"><g v="NOUN"></g><g v="anim"></g><g v="masc"></g><g v="sing"></g><g v="nomn"></g></l></v></tfr></token><token id="620324" text="также"><tfr rev_id="4267753" t="также"><v><l id="342482" t="также"><g v="PRCL"></g></l></v></tfr></token><token id="620325" text="пообещал"><tfr rev_id="1452571" t="пообещал"><v><l id="258747" t="пообещал"><g v="VERB"></g><g v="perf"></g><g v="tran"></g><g v="masc"></g><g v="sing"></g><g v="past"></g><g v="indc"></g></l></v></tfr></token><token id="620326" text=","><tfr rev_id="1452572" t=","><v><l id="0" t=","><g v="PNCT"></g></l></v></tfr></token><token id="620327" text="что"><tfr rev_id="3196978" t="что"><v><l id="377004" t="что"><g v="CONJ"></g></l></v><v><l id="377005" t="что"><g v="NPRO"></g><g v="neut"></g><g v="sing"></g><g v="nomn"></g></l></v><v><l id="377005" t="что"><g v="NPRO"></g><g v="neut"></g><g v="sing"></g><g v="accs"></g></l></v><v><l id="377006" t="что"><g v="ADVB"></g><g v="Ques"></g></l></v><v><l id="388695" t="что"><g v="PRCL"></g></l></v></tfr></token><token id="620328" text="отключенные"><tfr rev_id="1452574" t="отключенные"><v><l id="214317" t="отключённый"><g v="PRTF"></g><g v="perf"></g><g v="tran"></g><g v="past"></g><g v="pssv"></g><g v="plur"></g><g v="nomn"></g></l></v><v><l id="214317" t="отключённый"><g v="PRTF"></g><g v="perf"></g><g v="tran"></g><g v="past"></g><g v="pssv"></g><g v="inan"></g><g v="plur"></g><g v="accs"></g></l></v></tfr></token><token id="620329" text="после"><tfr rev_id="4403733" t="после"><v><l id="261542" t="после"><g v="PREP"></g></l></v></tfr></token><token id="620330" text="катастрофы"><tfr rev_id="3433078" t="катастрофы"><v><l id="131282" t="катастрофа"><g v="NOUN"></g><g v="inan"></g><g v="femn"></g><g v="sing"></g><g v="gent"></g></l></v></tfr></token><token id="620331" text="в"><tfr rev_id="1452577" t="в"><v><l id="37409" t="в"><g v="PREP"></g></l></v></tfr></token><token id="620332" text="Японии"><tfr rev_id="2934924" t="Японии"><v><l id="387993" t="япония"><g v="NOUN"></g><g v="inan"></g><g v="femn"></g><g v="Sgtm"></g><g v="Geox"></g><g v="sing"></g><g v="loct"></g></l></v></tfr></token><token id="620333" text="реакторы"><tfr rev_id="3756620" t="реакторы"><v><l id="304386" t="реактор"><g v="NOUN"></g><g v="inan"></g><g v="masc"></g><g v="plur"></g><g v="nomn"></g></l></v></tfr></token><token id="620334" text="уже"><tfr rev_id="2692750" t="уже"><v><l id="355422" t="уж"><g v="NOUN"></g><g v="anim"></g><g v="masc"></g><g v="sing"></g><g v="loct"></g></l></v><v><l id="355498" t="уже"><g v="ADVB"></g></l></v><v><l id="355674" t="уже"><g v="COMP"></g><g v="Qual"></g></l></v><v><l id="388673" t="уже"><g v="PRCL"></g></l></v></tfr></token><token id="620335" text="не"><tfr rev_id="1452581" t="не"><v><l id="178876" t="не"><g v="PRCL"></g></l></v></tfr></token><token id="620336" text="возобновят"><tfr rev_id="1452582" t="возобновят"><v><l id="49559" t="возобновил"><g v="VERB"></g><g v="perf"></g><g v="tran"></g><g v="plur"></g><g v="3per"></g><g v="futr"></g><g v="indc"></g></l></v></tfr></token><token id="620337" text="свою"><tfr rev_id="3632251" t="свою"><v><l id="316379" t="свой"><g v="ADJF"></g><g v="Apro"></g><g v="Anph"></g><g v="femn"></g><g v="sing"></g><g v="accs"></g></l></v></tfr></token><token id="620338" text="работу"><tfr rev_id="1452584" t="работу"><v><l id="290501" t="работа"><g v="NOUN"></g><g v="inan"></g><g v="femn"></g><g v="sing"></g><g v="accs"></g></l></v></tfr></token><token id="620339" text="."><tfr rev_id="1452585" t="."><v><l id="0" t="."><g v="PNCT"></g></l></v></tfr></token></tokens></sentence><sentence id="34730"><source>Таким образом, Германия стала первой промышленно развитой державой, отказавшейся от атома.</source><tokens><token id="620340" text="Таким"><tfr rev_id="4379093" t="Таким"><v><l id="342491" t="такой"><g v="ADJF"></g><g v="Apro"></g><g v="masc"></g><g v="sing"></g><g v="ablt"></g></l></v></tfr></token><token id="620341" text="образом"><tfr rev_id="1452587" t="образом"><v><l id="198787" t="образ"><g v="NOUN"></g><g v="inan"></g><g v="masc"></g><g v="sing"></g><g v="ablt"></g></l></v></tfr></token><token id="620342" text=","><tfr rev_id="1452588" t=","><v><l id="0" t=","><g v="PNCT"></g></l></v></tfr></token><token id="620343" text="Германия"><tfr rev_id="4281871" t="Германия"><v><l id="69099" t="германия"><g v="NOUN"></g><g v="inan"></g><g v="femn"></g><g v="Sgtm"></g><g v="Geox"></g><g v="sing"></g><g v="nomn"></g></l></v></tfr></token><token id="620344" text="стала"><tfr rev_id="1452590" t="стала"><v><l id="335164" t="стал"><g v="VERB"></g><g v="perf"></g><g v="intr"></g><g v="femn"></g><g v="sing"></g><g v="past"></g><g v="indc"></g></l></v></tfr></token><token id="620345" text="первой"><tfr rev_id="4166060" t="первой"><v><l id="226359" t="первый"><g v="ADJF"></g><g v="Anum"></g><g v="femn"></g><g v="sing"></g><g v="ablt"></g></l></v></tfr></token><token id="620346" text="промышленно"><tfr rev_id="3647751" t="промышленно"><v><l id="282339" t="промышлен"><g v="ADJS"></g><g v="neut"></g><g v="sing"></g></l></v><v><l id="389417" t="промышленно"><g v="ADVB"></g></l></v></tfr></token><token id="620347" text="развитой"><tfr rev_id="1452593" t="развитой"><v><l id="292546" t="развитой"><g v="ADJF"></g><g v="Qual"></g><g v="masc"></g><g v="sing"></g><g v="nomn"></g></l></v><v><l id="292546" t="развитой"><g v="ADJF"></g><g v="Qual"></g><g v="inan"></g><g v="masc"></g><g v="sing"></g><g v="accs"></g></l></v><v><l id="292546" t="развитой"><g v="ADJF"></g><g v="Qual"></g><g v="femn"></g><g v="sing"></g><g v="gent"></g></l></v><v><l id="292546" t="развитой"><g v="ADJF"></g><g v="Qual"></g><g v="femn"></g><g v="sing"></g><g v="datv"></g></l></v><v><l id="292546" t="развитой"><g v="ADJF"></g><g v="Qual"></g><g v="femn"></g><g v="sing"></g><g v="ablt"></g></l></v><v><l id="292546" t="развитой"><g v="ADJF"></g><g v="Qual"></g><g v="femn"></g><g v="sing"></g><g v="loct"></g></l></v><v><l id="292550" t="развитый"><g v="ADJF"></g><g v="Qual"></g><g v="femn"></g><g v="sing"></g><g v="gent"></g></l></v><v><l id="292550" t="развитый"><g v="ADJF"></g><g v="Qual"></g><g v="femn"></g><g v="sing"></g><g v="datv"></g></l></v><v><l id="292550" t="развитый"><g v="ADJF"></g><g v="Qual"></g><g v="femn"></g><g v="sing"></g><g v="ablt"></g></l></v><v><l id="292550" t="развитый"><g v="ADJF"></g><g v="Qual"></g><g v="femn"></g><g v="sing"></g><g v="loct"></g></l></v><v><l id="292556" t="развитый"><g v="PRTF"></g><g v="perf"></g><g v="tran"></g><g v="past"></g><g v="pssv"></g><g v="femn"></g><g v="sing"></g><g v="gent"></g></l></v><v><l id="292556" t="развитый"><g v="PRTF"></g><g v="perf"></g><g v="tran"></g><g v="past"></g><g v="pssv"></g><g v="femn"></g><g v="sing"></g><g v="datv"></g></l></v><v><l id="292556" t="развитый"><g v="PRTF"></g><g v="perf"></g><g v="tran"></g><g v="past"></g><g v="pssv"></g><g v="femn"></g><g v="sing"></g><g v="ablt"></g></l></v><v><l id="292556" t="развитый"><g v="PRTF"></g><g v="perf"></g><g v="tran"></g><g v="past"></g><g v="pssv"></g><g v="femn"></g><g v="sing"></g><g v="loct"></g></l></v></tfr></token><token id="620348" text="державой"><tfr rev_id="1452594" t="державой"><v><l id="81717" t="держава"><g v="NOUN"></g><g v="inan"></g><g v="femn"></g><g v="sing"></g><g v="ablt"></g></l></v></tfr></token><token id="620349" text=","><tfr rev_id="1452595" t=","><v><l id="0" t=","><g v="PNCT"></g></l></v></tfr></token><token id="620350" text="отказавшейся"><tfr rev_id="3445729" t="отказавшейся"><v><l id="213940" t="отказавшийся"><g v="PRTF"></g><g v="perf"></g><g v="intr"></g><g v="past"></g><g v="actv"></g><g v="femn"></g><g v="sing"></g><g v="ablt"></g></l></v></tfr></token><token id="620351" text="от"><tfr rev_id="1452597" t="от"><v><l id="211644" t="от"><g v="PREP"></g></l></v></tfr></token><token id="620352" text="атома"><tfr rev_id="1452598" t="атома"><v><l id="19587" t="атом"><g v="NOUN"></g><g v="inan"></g><g v="masc"></g><g v="sing"></g><g v="gent"></g></l></v></tfr></token><token id="620353" text="."><tfr rev_id="1452599" t="."><v><l id="0" t="."><g v="PNCT"></g></l></v></tfr></token></tokens></sentence></paragraph><paragraph id="11077"><sentence id="34731"><source>Как сообщает NEWSru.com, разговоры о полном отказе от использования атомной энергии начались в ФРГ после разрушительного землетрясения и цунами 11 марта в Японии, которые привели к аварии на АЭС «Фукусима-1».</source><tokens><token id="620354" text="Как"><tfr rev_id="1452600" t="Как"><v><l id="128190" t="как"><g v="CONJ"></g></l></v><v><l id="128191" t="как"><g v="PRCL"></g></l></v><v><l id="128192" t="как"><g v="ADVB"></g><g v="Ques"></g></l></v></tfr></token><token id="620355" text="сообщает"><tfr rev_id="1452601" t="сообщает"><v><l id="329538" t="сообщаю"><g v="VERB"></g><g v="impf"></g><g v="tran"></g><g v="sing"></g><g v="3per"></g><g v="pres"></g><g v="indc"></g></l></v></tfr></token><token id="620356" text="NEWSru.com"><tfr rev_id="2474855" t="NEWSru.com"><v><l id="0" t="NEWSru.com"><g v="LATN"></g></l></v></tfr></token><token id="620357" text=","><tfr rev_id="1452603" t=","><v><l id="0" t=","><g v="PNCT"></g></l></v></tfr></token><token id="620358" text="разговоры"><tfr rev_id="3409758" t="разговоры"><v><l id="293018" t="разговор"><g v="NOUN"></g><g v="inan"></g><g v="masc"></g><g v="plur"></g><g v="nomn"></g></l></v></tfr></token><token id="620359" text="о"><tfr rev_id="3327498" t="о"><v><l id="192977" t="о"><g v="PREP"></g></l></v></tfr></token><token id="620360" text="полном"><tfr rev_id="3342758" t="полном"><v><l id="256169" t="полный"><g v="ADJF"></g><g v="Qual"></g><g v="masc"></g><g v="sing"></g><g v="loct"></g></l></v></tfr></token><token id="620361" text="отказе"><tfr rev_id="1452607" t="отказе"><v><l id="213927" t="отказ"><g v="NOUN"></g><g v="inan"></g><g v="masc"></g><g v="sing"></g><g v="loct"></g></l></v></tfr></token><token id="620362" text="от"><tfr rev_id="1452608" t="от"><v><l id="211644" t="от"><g v="PREP"></g></l></v></tfr></token><token id="620363" text="использования"><tfr rev_id="3484472" t="использования"><v><l id="125417" t="использование"><g v="NOUN"></g><g v="inan"></g><g v="neut"></g><g v="sing"></g><g v="gent"></g></l></v></tfr></token><token id="620364" text="атомной"><tfr rev_id="4343443" t="атомной"><v><l id="19606" t="атомный"><g v="ADJF"></g><g v="Qual"></g><g v="femn"></g><g v="sing"></g><g v="gent"></g></l></v></tfr></token><token id="620365" text="энергии"><tfr rev_id="4343758" t="энергии"><v><l id="385504" t="энергия"><g v="NOUN"></g><g v="inan"></g><g v="femn"></g><g v="sing"></g><g v="gent"></g></l></v></tfr></token><token id="620366" text="начались"><tfr rev_id="1452612" t="начались"><v><l id="178230" t="начался"><g v="VERB"></g><g v="perf"></g><g v="intr"></g><g v="plur"></g><g v="past"></g><g v="indc"></g></l></v></tfr></token><token id="620367" text="в"><tfr rev_id="1452613" t="в"><v><l id="37409" t="в"><g v="PREP"></g></l></v></tfr></token><token id="620368" text="ФРГ"><tfr rev_id="4396045" t="ФРГ"><v><l id="368135" t="фрг"><g v="NOUN"></g><g v="inan"></g><g v="femn"></g><g v="Sgtm"></g><g v="Fixd"></g><g v="Geox"></g><g v="Abbr"></g><g v="sing"></g><g v="loct"></g></l></v></tfr></token><token id="620369" text="после"><tfr rev_id="4403572" t="после"><v><l id="261542" t="после"><g v="PREP"></g></l></v></tfr></token><token id="620370" text="разрушительного"><tfr rev_id="4166867" t="разрушительного"><v><l id="296815" t="разрушительный"><g v="ADJF"></g><g v="Qual"></g><g v="neut"></g><g v="sing"></g><g v="gent"></g></l></v></tfr></token><token id="620371" text="землетрясения"><tfr rev_id="3493659" t="землетрясения"><v><l id="115070" t="землетрясение"><g v="NOUN"></g><g v="inan"></g><g v="neut"></g><g v="sing"></g><g v="gent"></g></l></v></tfr></token><token id="620372" text="и"><tfr rev_id="1452618" t="и"><v><l id="116949" t="и"><g v="CONJ"></g></l></v><v><l id="116950" t="и"><g v="INTJ"></g></l></v></tfr></token><token id="620373" text="цунами"><tfr rev_id="4180756" t="цунами"><v><l id="374286" t="цунами"><g v="NOUN"></g><g v="inan"></g><g v="neut"></g><g v="Fixd"></g><g v="sing"></g><g v="gent"></g></l></v></tfr></token><token id="620374" text="11"><tfr rev_id="2461944" t="11"><v><l id="0" t="11"><g v="NUMB"></g></l></v></tfr></token><token id="620375" text="марта"><tfr rev_id="3680097" t="марта"><v><l id="155465" t="март"><g v="NOUN"></g><g v="inan"></g><g v="masc"></g><g v="sing"></g><g v="gent"></g></l></v></tfr></token><token id="620376" text="в"><tfr rev_id="1452622" t="в"><v><l id="37409" t="в"><g v="PREP"></g></l></v></tfr></token><token id="620377" text="Японии"><tfr rev_id="3455038" t="Японии"><v><l id="387993" t="япония"><g v="NOUN"></g><g v="inan"></g><g v="femn"></g><g v="Sgtm"></g><g v="Geox"></g><g v="sing"></g><g v="loct"></g></l></v></tfr></token><token id="620378" text=","><tfr rev_id="1452624" t=","><v><l id="0" t=","><g v="PNCT"></g></l></v></tfr></token><token id="620379" text="которые"><tfr rev_id="3809062" t="которые"><v><l id="141203" t="который"><g v="ADJF"></g><g v="Apro"></g><g v="Subx"></g><g v="Anph"></g><g v="plur"></g><g v="nomn"></g></l></v></tfr></token><token id="620380" text="привели"><tfr rev_id="1452626" t="привели"><v><l id="269205" t="привёл"><g v="VERB"></g><g v="perf"></g><g v="tran"></g><g v="plur"></g><g v="past"></g><g v="indc"></g></l></v></tfr></token><token id="620381" text="к"><tfr rev_id="1452627" t="к"><v><l id="127460" t="к"><g v="PREP"></g></l></v></tfr></token><token id="620382" text="аварии"><tfr rev_id="4270078" t="аварии"><v><l id="2320" t="авария"><g v="NOUN"></g><g v="inan"></g><g v="femn"></g><g v="sing"></g><g v="datv"></g></l></v></tfr></token><token id="620383" text="на"><tfr rev_id="3395083" t="на"><v><l id="166264" t="на"><g v="PREP"></g></l></v></tfr></token><token id="620384" text="АЭС"><tfr rev_id="4197309" t="АЭС"><v><l id="21433" t="аэс"><g v="NOUN"></g><g v="inan"></g><g v="femn"></g><g v="Fixd"></g><g v="Orgn"></g><g v="Abbr"></g><g v="sing"></g><g v="loct"></g></l></v></tfr></token><token id="620385" text="«"><tfr rev_id="2444291" t="«"><v><l id="0" t="«"><g v="PNCT"></g></l></v></tfr></token><token id="620386" text="Фукусима-1"><tfr rev_id="4539065" t="Фукусима-1"><v><l id="0" t="Фукусима-1"><g v="UNKN"></g></l></v></tfr></token><token id="620389" text="»"><tfr rev_id="2444292" t="»"><v><l id="0" t="»"><g v="PNCT"></g></l></v></tfr></token><token id="620390" text="."><tfr rev_id="1452636" t="."><v><l id="0" t="."><g v="PNCT"></g></l></v></tfr></token></tokens></sentence><sentence id="34732"><source>Предыдущее коалиционное правительство социал-демократов и зелёных в 2002 году законодательно приняло план постепенной остановки всех АЭС, с тем чтобы к 2022 году полностью перейти на безъядерную энергетику.</source><tokens><token id="620391" text="Предыдущее"><tfr rev_id="3810094" t="Предыдущее"><v><l id="267383" t="предыдущий"><g v="ADJF"></g><g v="neut"></g><g v="sing"></g><g v="nomn"></g></l></v><v><l id="267383" t="предыдущий"><g v="ADJF"></g><g v="neut"></g><g v="sing"></g><g v="accs"></g></l></v></tfr></token><token id="620392" text="коалиционное"><tfr rev_id="1452638" t="коалиционное"><v><l id="134960" t="коалиционный"><g v="ADJF"></g><g v="neut"></g><g v="sing"></g><g v="nomn"></g></l></v><v><l id="134960" t="коалиционный"><g v="ADJF"></g><g v="neut"></g><g v="sing"></g><g v="accs"></g></l></v></tfr></token><token id="620393" text="правительство"><tfr rev_id="4093329" t="правительство"><v><l id="265638" t="правительство"><g v="NOUN"></g><g v="inan"></g><g v="neut"></g><g v="sing"></g><g v="nomn"></g></l></v></tfr></token><token id="620394" text="социал-демократов"><tfr rev_id="3669418" t="социал-демократов"><v><l id="331018" t="социал-демократ"><g v="NOUN"></g><g v="anim"></g><g v="masc"></g><g v="plur"></g><g v="gent"></g></l></v></tfr></token><token id="620395" text="и"><tfr rev_id="1452641" t="и"><v><l id="116949" t="и"><g v="CONJ"></g></l></v><v><l id="116950" t="и"><g v="INTJ"></g></l></v></tfr></token><token id="620396" text="зелёных"><tfr rev_id="3466710" t="зелёных"><v><l id="114879" t="зелёный"><g v="ADJF"></g><g v="Qual"></g><g v="plur"></g><g v="gent"></g></l></v></tfr></token><token id="620397" text="в"><tfr rev_id="1452643" t="в"><v><l id="37409" t="в"><g v="PREP"></g></l></v></tfr></token><token id="620398" text="2002"><tfr rev_id="2461946" t="2002"><v><l id="0" t="2002"><g v="NUMB"></g></l></v></tfr></token><token id="620399" text="году"><tfr rev_id="3045869" t="году"><v><l id="72149" t="год"><g v="NOUN"></g><g v="inan"></g><g v="masc"></g><g v="sing"></g><g v="loc2"></g></l></v></tfr></token><token id="620400" text="законодательно"><tfr rev_id="1452646" t="законодательно"><v><l id="103715" t="законодательно"><g v="ADVB"></g></l></v><v><l id="103717" t="законодателен"><g v="ADJS"></g><g v="neut"></g><g v="sing"></g></l></v></tfr></token><token id="620401" text="приняло"><tfr rev_id="1452647" t="приняло"><v><l id="272700" t="принял"><g v="VERB"></g><g v="perf"></g><g v="tran"></g><g v="neut"></g><g v="sing"></g><g v="past"></g><g v="indc"></g></l></v></tfr></token><token id="620402" text="план"><tfr rev_id="3949361" t="план"><v><l id="239677" t="план"><g v="NOUN"></g><g v="inan"></g><g v="masc"></g><g v="sing"></g><g v="accs"></g></l></v></tfr></token><token id="620403" text="постепенной"><tfr rev_id="3692228" t="постепенной"><v><l id="262236" t="постепенный"><g v="ADJF"></g><g v="Qual"></g><g v="femn"></g><g v="sing"></g><g v="gent"></g></l></v></tfr></token><token id="620404" text="остановки"><tfr rev_id="3409915" t="остановки"><v><l id="210869" t="остановка"><g v="NOUN"></g><g v="inan"></g><g v="femn"></g><g v="sing"></g><g v="gent"></g></l></v></tfr></token><token id="620405" text="всех"><tfr rev_id="4135831" t="всех"><v><l id="42156" t="весь"><g v="ADJF"></g><g v="Subx"></g><g v="Apro"></g><g v="plur"></g><g v="gent"></g></l></v></tfr></token><token id="620406" text="АЭС"><tfr rev_id="4178980" t="АЭС"><v><l id="21433" t="аэс"><g v="NOUN"></g><g v="inan"></g><g v="femn"></g><g v="Fixd"></g><g v="Orgn"></g><g v="Abbr"></g><g v="plur"></g><g v="gent"></g></l></v></tfr></token><token id="620407" text=","><tfr rev_id="1452653" t=","><v><l id="0" t=","><g v="PNCT"></g></l></v></tfr></token><token id="620408" text="с"><tfr rev_id="1452654" t="с"><v><l id="311151" t="с"><g v="PREP"></g></l></v></tfr></token><token id="620409" text="тем"><tfr rev_id="4512000" t="тем"><v><l id="348430" t="тот"><g v="ADJF"></g><g v="Subx"></g><g v="Apro"></g><g v="Anph"></g><g v="neut"></g><g v="sing"></g><g v="ablt"></g></l></v></tfr></token><token id="620410" text="чтобы"><tfr rev_id="1452656" t="чтобы"><v><l id="377013" t="чтобы"><g v="CONJ"></g></l></v><v><l id="377014" t="чтобы"><g v="PRCL"></g></l></v></tfr></token><token id="620411" text="к"><tfr rev_id="1452657" t="к"><v><l id="127460" t="к"><g v="PREP"></g></l></v></tfr></token><token id="620412" text="2022"><tfr rev_id="2461947" t="2022"><v><l id="0" t="2022"><g v="NUMB"></g></l></v></tfr></token><token id="620413" text="году"><tfr rev_id="3045977" t="году"><v><l id="72149" t="год"><g v="NOUN"></g><g v="inan"></g><g v="masc"></g><g v="sing"></g><g v="datv"></g></l></v></tfr></token><token id="620414" text="полностью"><tfr rev_id="1452660" t="полностью"><v><l id="256145" t="полностью"><g v="ADVB"></g></l></v></tfr></token><token id="620415" text="перейти"><tfr rev_id="1452661" t="перейти"><v><l id="229217" t="перейти"><g v="INFN"></g><g v="perf"></g><g v="tran"></g></l></v></tfr></token><token id="620416" text="на"><tfr rev_id="3395021" t="на"><v><l id="166264" t="на"><g v="PREP"></g></l></v></tfr></token><token id="620417" text="безъядерную"><tfr rev_id="1452663" t="безъядерную"><v><l id="26495" t="безъядерный"><g v="ADJF"></g><g v="femn"></g><g v="sing"></g><g v="accs"></g></l></v></tfr></token><token id="620418" text="энергетику"><tfr rev_id="4257742" t="энергетику"><v><l id="385493" t="энергетика"><g v="NOUN"></g><g v="inan"></g><g v="femn"></g><g v="sing"></g><g v="accs"></g></l></v></tfr></token><token id="620419" text="."><tfr rev_id="1452665" t="."><v><l id="0" t="."><g v="PNCT"></g></l></v></tfr></token></tokens></sentence><sentence id="34733"><source>Но в сентябре 2010 года федеральное правительство заключило сделку с крупнейшими энергетическими концернами страны.</source><tokens><token id="620420" text="Но"><tfr rev_id="1452666" t="Но"><v><l id="191429" t="но"><g v="CONJ"></g></l></v><v><l id="191430" t="но"><g v="INTJ"></g></l></v></tfr></token><token id="620421" text="в"><tfr rev_id="1452667" t="в"><v><l id="37409" t="в"><g v="PREP"></g></l></v></tfr></token><token id="620422" text="сентябре"><tfr rev_id="1452668" t="сентябре"><v><l id="318866" t="сентябрь"><g v="NOUN"></g><g v="inan"></g><g v="masc"></g><g v="sing"></g><g v="loct"></g></l></v></tfr></token><token id="620423" text="2010"><tfr rev_id="2461948" t="2010"><v><l id="0" t="2010"><g v="NUMB"></g></l></v></tfr></token><token id="620424" text="года"><tfr rev_id="3480238" t="года"><v><l id="72149" t="год"><g v="NOUN"></g><g v="inan"></g><g v="masc"></g><g v="sing"></g><g v="gen1"></g></l></v></tfr></token><token id="620425" text="федеральное"><tfr rev_id="1452671" t="федеральное"><v><l id="364933" t="федеральный"><g v="ADJF"></g><g v="neut"></g><g v="sing"></g><g v="nomn"></g></l></v><v><l id="364933" t="федеральный"><g v="ADJF"></g><g v="neut"></g><g v="sing"></g><g v="accs"></g></l></v></tfr></token><token id="620426" text="правительство"><tfr rev_id="4104035" t="правительство"><v><l id="265638" t="правительство"><g v="NOUN"></g><g v="inan"></g><g v="neut"></g><g v="sing"></g><g v="nomn"></g></l></v></tfr></token><token id="620427" text="заключило"><tfr rev_id="1452673" t="заключило"><v><l id="103485" t="заключил"><g v="VERB"></g><g v="perf"></g><g v="tran"></g><g v="neut"></g><g v="sing"></g><g v="past"></g><g v="indc"></g></l></v></tfr></token><token id="620428" text="сделку"><tfr rev_id="1452674" t="сделку"><v><l id="317256" t="сделка"><g v="NOUN"></g><g v="inan"></g><g v="femn"></g><g v="sing"></g><g v="accs"></g></l></v></tfr></token><token id="620429" text="с"><tfr rev_id="1452675" t="с"><v><l id="311151" t="с"><g v="PREP"></g></l></v></tfr></token><token id="620430" text="крупнейшими"><tfr rev_id="1452676" t="крупнейшими"><v><l id="143764" t="крупнейший"><g v="ADJF"></g><g v="Supr"></g><g v="Qual"></g><g v="plur"></g><g v="ablt"></g></l></v></tfr></token><token id="620431" text="энергетическими"><tfr rev_id="1452677" t="энергетическими"><v><l id="385495" t="энергетический"><g v="ADJF"></g><g v="plur"></g><g v="ablt"></g></l></v></tfr></token><token id="620432" text="концернами"><tfr rev_id="1452678" t="концернами"><v><l id="138953" t="концерн"><g v="NOUN"></g><g v="inan"></g><g v="masc"></g><g v="plur"></g><g v="ablt"></g></l></v></tfr></token><token id="620433" text="страны"><tfr rev_id="3432942" t="страны"><v><l id="337100" t="страна"><g v="NOUN"></g><g v="inan"></g><g v="femn"></g><g v="sing"></g><g v="gent"></g></l></v></tfr></token><token id="620434" text="."><tfr rev_id="1452680" t="."><v><l id="0" t="."><g v="PNCT"></g></l></v></tfr></token></tokens></sentence><sentence id="34734"><source>В стране в настоящее время работает лишь четыре ядерных реактора из 17 — это второй реактор АЭС «Изар», станция «Брокдорф» и по одному реактору на станциях «Неккарвестхайм» и «Гундремминген».</source><tokens><token id="620435" text="В"><tfr rev_id="1452681" t="В"><v><l id="37409" t="в"><g v="PREP"></g></l></v></tfr></token><token id="620436" text="стране"><tfr rev_id="2737700" t="стране"><v><l id="337100" t="страна"><g v="NOUN"></g><g v="inan"></g><g v="femn"></g><g v="sing"></g><g v="loct"></g></l></v></tfr></token><token id="620437" text="в"><tfr rev_id="1452683" t="в"><v><l id="37409" t="в"><g v="PREP"></g></l></v></tfr></token><token id="620438" text="настоящее"><tfr rev_id="4417135" t="настоящее"><v><l id="176151" t="настоящий"><g v="ADJF"></g><g v="neut"></g><g v="sing"></g><g v="accs"></g></l></v></tfr></token><token id="620439" text="время"><tfr rev_id="3497443" t="время"><v><l id="53149" t="время"><g v="NOUN"></g><g v="inan"></g><g v="neut"></g><g v="sing"></g><g v="accs"></g></l></v></tfr></token><token id="620440" text="работает"><tfr rev_id="1452686" t="работает"><v><l id="290502" t="работаю"><g v="VERB"></g><g v="impf"></g><g v="intr"></g><g v="sing"></g><g v="3per"></g><g v="pres"></g><g v="indc"></g></l></v></tfr></token><token id="620441" text="лишь"><tfr rev_id="1452687" t="лишь"><v><l id="150259" t="лишь"><g v="CONJ"></g></l></v><v><l id="150260" t="лишь"><g v="PRCL"></g></l></v></tfr></token><token id="620442" text="четыре"><tfr rev_id="1452688" t="четыре"><v><l id="376181" t="четыре"><g v="NUMR"></g><g v="nomn"></g></l></v><v><l id="376181" t="четыре"><g v="NUMR"></g><g v="inan"></g><g v="accs"></g></l></v></tfr></token><token id="620443" text="ядерных"><tfr rev_id="3532496" t="ядерных"><v><l id="387483" t="ядерный"><g v="ADJF"></g><g v="Qual"></g><g v="plur"></g><g v="gent"></g></l></v></tfr></token><token id="620444" text="реактора"><tfr rev_id="1452690" t="реактора"><v><l id="304386" t="реактор"><g v="NOUN"></g><g v="inan"></g><g v="masc"></g><g v="sing"></g><g v="gent"></g></l></v></tfr></token><token id="620445" text="из"><tfr rev_id="2560477" t="из"><v><l id="117677" t="из"><g v="PREP"></g></l></v></tfr></token><token id="620446" text="17"><tfr rev_id="2461949" t="17"><v><l id="0" t="17"><g v="NUMB"></g></l></v></tfr></token><token id="620447" text="—"><tfr rev_id="2444293" t="—"><v><l id="0" t="—"><g v="PNCT"></g></l></v></tfr></token><token id="620448" text="это"><tfr rev_id="4342841" t="это"><v><l id="386575" t="это"><g v="NPRO"></g><g v="neut"></g><g v="sing"></g><g v="nomn"></g></l></v><v><l id="386575" t="это"><g v="NPRO"></g><g v="neut"></g><g v="sing"></g><g v="accs"></g></l></v></tfr></token><token id="620449" text="второй"><tfr rev_id="4216179" t="второй"><v><l id="55043" t="второй"><g v="ADJF"></g><g v="Anum"></g><g v="masc"></g><g v="sing"></g><g v="nomn"></g></l></v><v><l id="55043" t="второй"><g v="ADJF"></g><g v="Anum"></g><g v="inan"></g><g v="masc"></g><g v="sing"></g><g v="accs"></g></l></v></tfr></token><token id="620450" text="реактор"><tfr rev_id="1452696" t="реактор"><v><l id="304386" t="реактор"><g v="NOUN"></g><g v="inan"></g><g v="masc"></g><g v="sing"></g><g v="nomn"></g></l></v><v><l id="304386" t="реактор"><g v="NOUN"></g><g v="inan"></g><g v="masc"></g><g v="sing"></g><g v="accs"></g></l></v></tfr></token><token id="620451" text="АЭС"><tfr rev_id="4161407" t="АЭС"><v><l id="21433" t="аэс"><g v="NOUN"></g><g v="inan"></g><g v="femn"></g><g v="Fixd"></g><g v="Orgn"></g><g v="Abbr"></g><g v="sing"></g><g v="gent"></g></l></v></tfr></token><token id="620452" text="«"><tfr rev_id="2444294" t="«"><v><l id="0" t="«"><g v="PNCT"></g></l></v></tfr></token><token id="620453" text="Изар"><tfr rev_id="1452699" t="Изар"><v><l id="117693" t="изар"><g v="NOUN"></g><g v="inan"></g><g v="masc"></g><g v="Geox"></g><g v="sing"></g><g v="nomn"></g></l></v><v><l id="117693" t="изар"><g v="NOUN"></g><g v="inan"></g><g v="masc"></g><g v="Geox"></g><g v="sing"></g><g v="accs"></g></l></v></tfr></token><token id="620454" text="»"><tfr rev_id="2444295" t="»"><v><l id="0" t="»"><g v="PNCT"></g></l></v></tfr></token><token id="620455" text=","><tfr rev_id="1452701" t=","><v><l id="0" t=","><g v="PNCT"></g></l></v></tfr></token><token id="620456" text="станция"><tfr rev_id="1452702" t="станция"><v><l id="334704" t="станция"><g v="NOUN"></g><g v="inan"></g><g v="femn"></g><g v="sing"></g><g v="nomn"></g></l></v></tfr></token><token id="620457" text="«"><tfr rev_id="2444296" t="«"><v><l id="0" t="«"><g v="PNCT"></g></l></v></tfr></token><token id="620458" text="Брокдорф"><tfr rev_id="1452704" t="Брокдорф"><v><l id="0" t="брокдорф"><g v="UNKN"></g></l></v></tfr></token><token id="620459" text="»"><tfr rev_id="2444297" t="»"><v><l id="0" t="»"><g v="PNCT"></g></l></v></tfr></token><token id="620460" text="и"><tfr rev_id="1452706" t="и"><v><l id="116949" t="и"><g v="CONJ"></g></l></v><v><l id="116950" t="и"><g v="INTJ"></g></l></v></tfr></token><token id="620461" text="по"><tfr rev_id="1452707" t="по"><v><l id="241240" t="по"><g v="PREP"></g></l></v></tfr></token><token id="620462" text="одному"><tfr rev_id="4301012" t="одному"><v><l id="203319" t="один"><g v="ADJF"></g><g v="Apro"></g><g v="Anum"></g><g v="masc"></g><g v="sing"></g><g v="datv"></g></l></v></tfr></token><token id="620463" text="реактору"><tfr rev_id="1452709" t="реактору"><v><l id="304386" t="реактор"><g v="NOUN"></g><g v="inan"></g><g v="masc"></g><g v="sing"></g><g v="datv"></g></l></v></tfr></token><token id="620464" text="на"><tfr rev_id="3344745" t="на"><v><l id="166264" t="на"><g v="PREP"></g></l></v></tfr></token><token id="620465" text="станциях"><tfr rev_id="1452711" t="станциях"><v><l id="334704" t="станция"><g v="NOUN"></g><g v="inan"></g><g v="femn"></g><g v="plur"></g><g v="loct"></g></l></v></tfr></token><token id="620466" text="«"><tfr rev_id="2444298" t="«"><v><l id="0" t="«"><g v="PNCT"></g></l></v></tfr></token><token id="620467" text="Неккарвестхайм"><tfr rev_id="1452713" t="Неккарвестхайм"><v><l id="0" t="неккарвестхайм"><g v="UNKN"></g></l></v></tfr></token><token id="620468" text="»"><tfr rev_id="2444299" t="»"><v><l id="0" t="»"><g v="PNCT"></g></l></v></tfr></token><token id="620469" text="и"><tfr rev_id="4288900" t="и"><v><l id="116949" t="и"><g v="CONJ"></g></l></v></tfr></token><token id="620470" text="«"><tfr rev_id="2444300" t="«"><v><l id="0" t="«"><g v="PNCT"></g></l></v></tfr></token><token id="620471" text="Гундремминген"><tfr rev_id="1452717" t="Гундремминген"><v><l id="0" t="гундремминген"><g v="UNKN"></g></l></v></tfr></token><token id="620472" text="»"><tfr rev_id="2444301" t="»"><v><l id="0" t="»"><g v="PNCT"></g></l></v></tfr></token><token id="620473" text="."><tfr rev_id="1452719" t="."><v><l id="0" t="."><g v="PNCT"></g></l></v></tfr></token></tokens></sentence><sentence id="34735"><source>Остальные были остановлены на три месяца для проверок безопасности.</source><tokens><token id="620474" text="Остальные"><tfr rev_id="4137137" t="Остальные"><v><l id="210836" t="остальной"><g v="ADJF"></g><g v="Subx"></g><g v="Apro"></g><g v="plur"></g><g v="nomn"></g></l></v></tfr></token><token id="620475" text="были"><tfr rev_id="1716206" t="были"><v><l id="37265" t="есть"><g v="VERB"></g><g v="impf"></g><g v="intr"></g><g v="plur"></g><g v="past"></g><g v="indc"></g></l></v></tfr></token><token id="620476" text="остановлены"><tfr rev_id="1452722" t="остановлены"><v><l id="210863" t="остановлен"><g v="PRTS"></g><g v="perf"></g><g v="past"></g><g v="pssv"></g><g v="plur"></g></l></v></tfr></token><token id="620477" text="на"><tfr rev_id="3337507" t="на"><v><l id="166264" t="на"><g v="PREP"></g></l></v></tfr></token><token id="620478" text="три"><tfr rev_id="2635386" t="три"><v><l id="349973" t="три"><g v="NUMR"></g><g v="nomn"></g></l></v><v><l id="349973" t="три"><g v="NUMR"></g><g v="inan"></g><g v="accs"></g></l></v></tfr></token><token id="620479" text="месяца"><tfr rev_id="1452725" t="месяца"><v><l id="158841" t="месяц"><g v="NOUN"></g><g v="inan"></g><g v="masc"></g><g v="sing"></g><g v="gent"></g></l></v></tfr></token><token id="620480" text="для"><tfr rev_id="3408520" t="для"><v><l id="85032" t="для"><g v="PREP"></g></l></v></tfr></token><token id="620481" text="проверок"><tfr rev_id="1452727" t="проверок"><v><l id="277763" t="проверка"><g v="NOUN"></g><g v="inan"></g><g v="femn"></g><g v="plur"></g><g v="gent"></g></l></v></tfr></token><token id="620482" text="безопасности"><tfr rev_id="3541771" t="безопасности"><v><l id="26215" t="безопасность"><g v="NOUN"></g><g v="inan"></g><g v="femn"></g><g v="sing"></g><g v="gent"></g></l></v></tfr></token><token id="620483" text="."><tfr rev_id="1452729" t="."><v><l id="0" t="."><g v="PNCT"></g></l></v></tfr></token></tokens></sentence></paragraph><paragraph id="11078"><sentence id="34736"><source>Подробнее о катастрофе в Японии читайте в статье Частного корреспондента «О Фукусиме»</source><tokens><token id="620484" text="Подробнее"><tfr rev_id="4496591" t="Подробнее"><v><l id="249806" t="подробнее"><g v="COMP"></g></l></v></tfr></token><token id="620485" text="о"><tfr rev_id="3326557" t="о"><v><l id="192977" t="о"><g v="PREP"></g></l></v></tfr></token><token id="620486" text="катастрофе"><tfr rev_id="2931057" t="катастрофе"><v><l id="131282" t="катастрофа"><g v="NOUN"></g><g v="inan"></g><g v="femn"></g><g v="sing"></g><g v="loct"></g></l></v></tfr></token><token id="620487" text="в"><tfr rev_id="1452733" t="в"><v><l id="37409" t="в"><g v="PREP"></g></l></v></tfr></token><token id="620488" text="Японии"><tfr rev_id="2922460" t="Японии"><v><l id="387993" t="япония"><g v="NOUN"></g><g v="inan"></g><g v="femn"></g><g v="Sgtm"></g><g v="Geox"></g><g v="sing"></g><g v="loct"></g></l></v></tfr></token><token id="620489" text="читайте"><tfr rev_id="1452735" t="читайте"><v><l id="376719" t="читаю"><g v="VERB"></g><g v="impf"></g><g v="tran"></g><g v="plur"></g><g v="impr"></g><g v="excl"></g></l></v></tfr></token><token id="620490" text="в"><tfr rev_id="1452736" t="в"><v><l id="37409" t="в"><g v="PREP"></g></l></v></tfr></token><token id="620491" text="статье"><tfr rev_id="3537341" t="статье"><v><l id="335173" t="статья"><g v="NOUN"></g><g v="inan"></g><g v="femn"></g><g v="sing"></g><g v="loct"></g></l></v></tfr></token><token id="620492" text="Частного"><tfr rev_id="4349804" t="Частного"><v><l id="374795" t="частный"><g v="ADJF"></g><g v="Qual"></g><g v="masc"></g><g v="sing"></g><g v="gent"></g></l></v><v><l id="374795" t="частный"><g v="ADJF"></g><g v="Qual"></g><g v="anim"></g><g v="masc"></g><g v="sing"></g><g v="accs"></g></l></v></tfr></token><token id="620493" text="корреспондента"><tfr rev_id="4215005" t="корреспондента"><v><l id="140239" t="корреспондент"><g v="NOUN"></g><g v="anim"></g><g v="masc"></g><g v="sing"></g><g v="gent"></g></l></v></tfr></token><token id="620494" text="«"><tfr rev_id="2444302" t="«"><v><l id="0" t="«"><g v="PNCT"></g></l></v></tfr></token><token id="620495" text="О"><tfr rev_id="2781359" t="О"><v><l id="192977" t="о"><g v="PREP"></g></l></v></tfr></token><token id="620496" text="Фукусиме"><tfr rev_id="1452742" t="Фукусиме"><v><l id="0" t="фукусиме"><g v="UNKN"></g></l></v></tfr></token><token id="620497" text="»"><tfr rev_id="2444303" t="»"><v><l id="0" t="»"><g v="PNCT"></g></l></v></tfr></token></tokens></sentence></paragraph></paragraphs></text>