<?xml version="1.0" encoding="utf-8"?><text id="1185" parent="56" name="Украинские журналисты протестуют против закрытости суда по «делу Гонгадзе»"><tags><tag>Автор:http://ru.wikinews.org/wiki/Участник:193.239.179.130</tag><tag>Дата:09/01</tag><tag>Год:2006</tag><tag>Гео:ВикиКатегория:Украина</tag><tag>url:http://ru.wikinews.org/w/index.php?title=Украинские_журналисты_протестуют_против_закрытости_суда_по_«делу_Гонгадзе»&amp;oldid=3087</tag></tags><paragraphs><paragraph id="11088"><sentence id="34756"><source>Апелляционный суд города Киева сегодня начал рассмотрение по существу уголовного дела об убийстве журналиста Георгия Гонгадзе.</source><tokens><token id="620886" text="Апелляционный"><tfr rev_id="1453132" t="Апелляционный"><v><l id="15153" t="апелляционный"><g v="ADJF"></g><g v="masc"></g><g v="sing"></g><g v="nomn"></g></l></v><v><l id="15153" t="апелляционный"><g v="ADJF"></g><g v="inan"></g><g v="masc"></g><g v="sing"></g><g v="accs"></g></l></v></tfr></token><token id="620887" text="суд"><tfr rev_id="4099993" t="суд"><v><l id="338918" t="суд"><g v="NOUN"></g><g v="inan"></g><g v="masc"></g><g v="sing"></g><g v="nomn"></g></l></v></tfr></token><token id="620888" text="города"><tfr rev_id="3471532" t="города"><v><l id="73547" t="город"><g v="NOUN"></g><g v="inan"></g><g v="masc"></g><g v="sing"></g><g v="gent"></g></l></v></tfr></token><token id="620889" text="Киева"><tfr rev_id="1453135" t="Киева"><v><l id="132726" t="киев"><g v="NOUN"></g><g v="inan"></g><g v="masc"></g><g v="Geox"></g><g v="sing"></g><g v="gent"></g></l></v></tfr></token><token id="620890" text="сегодня"><tfr rev_id="1453136" t="сегодня"><v><l id="317730" t="сегодня"><g v="ADVB"></g></l></v></tfr></token><token id="620891" text="начал"><tfr rev_id="1715431" t="начал"><v><l id="178224" t="начал"><g v="VERB"></g><g v="perf"></g><g v="tran"></g><g v="masc"></g><g v="sing"></g><g v="past"></g><g v="indc"></g></l></v></tfr></token><token id="620892" text="рассмотрение"><tfr rev_id="4095595" t="рассмотрение"><v><l id="301146" t="рассмотрение"><g v="NOUN"></g><g v="inan"></g><g v="neut"></g><g v="sing"></g><g v="accs"></g></l></v></tfr></token><token id="620893" text="по"><tfr rev_id="1453139" t="по"><v><l id="241240" t="по"><g v="PREP"></g></l></v></tfr></token><token id="620894" text="существу"><tfr rev_id="4331884" t="существу"><v><l id="340481" t="существо"><g v="NOUN"></g><g v="inan"></g><g v="neut"></g><g v="sing"></g><g v="datv"></g></l></v></tfr></token><token id="620895" text="уголовного"><tfr rev_id="4306775" t="уголовного"><v><l id="354323" t="уголовный"><g v="ADJF"></g><g v="Qual"></g><g v="neut"></g><g v="sing"></g><g v="gent"></g></l></v></tfr></token><token id="620896" text="дела"><tfr rev_id="3542141" t="дела"><v><l id="80628" t="дело"><g v="NOUN"></g><g v="inan"></g><g v="neut"></g><g v="sing"></g><g v="gent"></g></l></v></tfr></token><token id="620897" text="об"><tfr rev_id="2921238" t="об"><v><l id="192977" t="о"><g v="PREP"></g><g v="Vpre"></g></l></v></tfr></token><token id="620898" text="убийстве"><tfr rev_id="1453144" t="убийстве"><v><l id="352998" t="убийство"><g v="NOUN"></g><g v="inan"></g><g v="neut"></g><g v="sing"></g><g v="loct"></g></l></v></tfr></token><token id="620899" text="журналиста"><tfr rev_id="4461140" t="журналиста"><v><l id="97974" t="журналист"><g v="NOUN"></g><g v="anim"></g><g v="masc"></g><g v="sing"></g><g v="gent"></g></l></v></tfr></token><token id="620900" text="Георгия"><tfr rev_id="4395736" t="Георгия"><v><l id="68797" t="георгий"><g v="NOUN"></g><g v="anim"></g><g v="masc"></g><g v="Name"></g><g v="sing"></g><g v="gent"></g></l></v></tfr></token><token id="620901" text="Гонгадзе"><tfr rev_id="4326921" t="Гонгадзе"><v><l id="72902" t="гонгадзе"><g v="NOUN"></g><g v="anim"></g><g v="ms-f"></g><g v="Fixd"></g><g v="Surn"></g><g v="sing"></g><g v="gent"></g></l></v></tfr></token><token id="620902" text="."><tfr rev_id="1453148" t="."><v><l id="0" t="."><g v="PNCT"></g></l></v></tfr></token></tokens></sentence><sentence id="34757"><source>Предыдущее слушание дела об убийстве Георгия Гонгадзе проходило 19 декабря в закрытом режиме, что вызвало критику со стороны СМИ.</source><tokens><token id="620903" text="Предыдущее"><tfr rev_id="3810095" t="Предыдущее"><v><l id="267383" t="предыдущий"><g v="ADJF"></g><g v="neut"></g><g v="sing"></g><g v="nomn"></g></l></v><v><l id="267383" t="предыдущий"><g v="ADJF"></g><g v="neut"></g><g v="sing"></g><g v="accs"></g></l></v></tfr></token><token id="620904" text="слушание"><tfr rev_id="1453150" t="слушание"><v><l id="325508" t="слушание"><g v="NOUN"></g><g v="inan"></g><g v="neut"></g><g v="sing"></g><g v="nomn"></g></l></v><v><l id="325508" t="слушание"><g v="NOUN"></g><g v="inan"></g><g v="neut"></g><g v="sing"></g><g v="accs"></g></l></v></tfr></token><token id="620905" text="дела"><tfr rev_id="2371779" t="дела"><v><l id="80628" t="дело"><g v="NOUN"></g><g v="inan"></g><g v="neut"></g><g v="sing"></g><g v="gent"></g></l></v></tfr></token><token id="620906" text="об"><tfr rev_id="2921239" t="об"><v><l id="192977" t="о"><g v="PREP"></g><g v="Vpre"></g></l></v></tfr></token><token id="620907" text="убийстве"><tfr rev_id="1453153" t="убийстве"><v><l id="352998" t="убийство"><g v="NOUN"></g><g v="inan"></g><g v="neut"></g><g v="sing"></g><g v="loct"></g></l></v></tfr></token><token id="620908" text="Георгия"><tfr rev_id="4356512" t="Георгия"><v><l id="68797" t="георгий"><g v="NOUN"></g><g v="anim"></g><g v="masc"></g><g v="Name"></g><g v="sing"></g><g v="gent"></g></l></v></tfr></token><token id="620909" text="Гонгадзе"><tfr rev_id="4326922" t="Гонгадзе"><v><l id="72902" t="гонгадзе"><g v="NOUN"></g><g v="anim"></g><g v="ms-f"></g><g v="Fixd"></g><g v="Surn"></g><g v="sing"></g><g v="gent"></g></l></v></tfr></token><token id="620910" text="проходило"><tfr rev_id="1453156" t="проходило"><v><l id="287183" t="прохожу"><g v="VERB"></g><g v="impf"></g><g v="tran"></g><g v="neut"></g><g v="sing"></g><g v="past"></g><g v="indc"></g></l></v><v><l id="287190" t="проходил"><g v="VERB"></g><g v="perf"></g><g v="intr"></g><g v="neut"></g><g v="sing"></g><g v="past"></g><g v="indc"></g></l></v></tfr></token><token id="620911" text="19"><tfr rev_id="2461956" t="19"><v><l id="0" t="19"><g v="NUMB"></g></l></v></tfr></token><token id="620912" text="декабря"><tfr rev_id="1453158" t="декабря"><v><l id="80133" t="декабрь"><g v="NOUN"></g><g v="inan"></g><g v="masc"></g><g v="sing"></g><g v="gent"></g></l></v></tfr></token><token id="620913" text="в"><tfr rev_id="1453159" t="в"><v><l id="37409" t="в"><g v="PREP"></g></l></v></tfr></token><token id="620914" text="закрытом"><tfr rev_id="1453160" t="закрытом"><v><l id="104245" t="закрытый"><g v="ADJF"></g><g v="Qual"></g><g v="masc"></g><g v="sing"></g><g v="loct"></g></l></v><v><l id="104245" t="закрытый"><g v="ADJF"></g><g v="Qual"></g><g v="neut"></g><g v="sing"></g><g v="loct"></g></l></v><v><l id="104251" t="закрытый"><g v="PRTF"></g><g v="perf"></g><g v="tran"></g><g v="past"></g><g v="pssv"></g><g v="masc"></g><g v="sing"></g><g v="loct"></g></l></v><v><l id="104251" t="закрытый"><g v="PRTF"></g><g v="perf"></g><g v="tran"></g><g v="past"></g><g v="pssv"></g><g v="neut"></g><g v="sing"></g><g v="loct"></g></l></v></tfr></token><token id="620915" text="режиме"><tfr rev_id="1453161" t="режиме"><v><l id="305124" t="режим"><g v="NOUN"></g><g v="inan"></g><g v="masc"></g><g v="sing"></g><g v="loct"></g></l></v></tfr></token><token id="620916" text=","><tfr rev_id="1453162" t=","><v><l id="0" t=","><g v="PNCT"></g></l></v></tfr></token><token id="620917" text="что"><tfr rev_id="3196984" t="что"><v><l id="377004" t="что"><g v="CONJ"></g></l></v><v><l id="377005" t="что"><g v="NPRO"></g><g v="neut"></g><g v="sing"></g><g v="nomn"></g></l></v><v><l id="377005" t="что"><g v="NPRO"></g><g v="neut"></g><g v="sing"></g><g v="accs"></g></l></v><v><l id="377006" t="что"><g v="ADVB"></g><g v="Ques"></g></l></v><v><l id="388695" t="что"><g v="PRCL"></g></l></v></tfr></token><token id="620918" text="вызвало"><tfr rev_id="1453164" t="вызвало"><v><l id="57525" t="вызвал"><g v="VERB"></g><g v="perf"></g><g v="tran"></g><g v="neut"></g><g v="sing"></g><g v="past"></g><g v="indc"></g></l></v></tfr></token><token id="620919" text="критику"><tfr rev_id="4337584" t="критику"><v><l id="142954" t="критика"><g v="NOUN"></g><g v="inan"></g><g v="femn"></g><g v="sing"></g><g v="accs"></g></l></v></tfr></token><token id="620920" text="со"><tfr rev_id="2919213" t="со"><v><l id="311151" t="с"><g v="PREP"></g><g v="Vpre"></g></l></v></tfr></token><token id="620921" text="стороны"><tfr rev_id="2699332" t="стороны"><v><l id="336894" t="сторона"><g v="NOUN"></g><g v="inan"></g><g v="femn"></g><g v="sing"></g><g v="gent"></g></l></v></tfr></token><token id="620922" text="СМИ"><tfr rev_id="4489529" t="СМИ"><v><l id="326341" t="сми"><g v="NOUN"></g><g v="inan"></g><g v="GNdr"></g><g v="Pltm"></g><g v="Fixd"></g><g v="Abbr"></g><g v="plur"></g><g v="gent"></g></l></v></tfr></token><token id="620923" text="."><tfr rev_id="1453169" t="."><v><l id="0" t="."><g v="PNCT"></g></l></v></tfr></token></tokens></sentence><sentence id="34758"><source>Даже президент Украины Виктор Ющенко пообещал тогда, что обратится к суду с просьбой, «чтобы эта процедура проходила открыто, чтобы там были журналисты, чтобы там были камеры».</source><tokens><token id="620924" text="Даже"><tfr rev_id="4079137" t="Даже"><v><l id="77849" t="даже"><g v="PRCL"></g></l></v></tfr></token><token id="620925" text="президент"><tfr rev_id="1453171" t="президент"><v><l id="267449" t="президент"><g v="NOUN"></g><g v="anim"></g><g v="masc"></g><g v="sing"></g><g v="nomn"></g></l></v></tfr></token><token id="620926" text="Украины"><tfr rev_id="1453172" t="Украины"><v><l id="356365" t="украина"><g v="NOUN"></g><g v="inan"></g><g v="femn"></g><g v="Sgtm"></g><g v="Geox"></g><g v="sing"></g><g v="gent"></g></l></v></tfr></token><token id="620927" text="Виктор"><tfr rev_id="1453173" t="Виктор"><v><l id="44808" t="виктор"><g v="NOUN"></g><g v="anim"></g><g v="masc"></g><g v="Name"></g><g v="sing"></g><g v="nomn"></g></l></v></tfr></token><token id="620928" text="Ющенко"><tfr rev_id="4327192" t="Ющенко"><v><l id="387315" t="ющенко"><g v="NOUN"></g><g v="anim"></g><g v="ms-f"></g><g v="Fixd"></g><g v="Surn"></g><g v="sing"></g><g v="nomn"></g></l></v></tfr></token><token id="620929" text="пообещал"><tfr rev_id="1453175" t="пообещал"><v><l id="258747" t="пообещал"><g v="VERB"></g><g v="perf"></g><g v="tran"></g><g v="masc"></g><g v="sing"></g><g v="past"></g><g v="indc"></g></l></v></tfr></token><token id="620930" text="тогда"><tfr rev_id="1453176" t="тогда"><v><l id="346921" t="тогда"><g v="ADVB"></g><g v="Dmns"></g></l></v></tfr></token><token id="620931" text=","><tfr rev_id="1453177" t=","><v><l id="0" t=","><g v="PNCT"></g></l></v></tfr></token><token id="620932" text="что"><tfr rev_id="3196985" t="что"><v><l id="377004" t="что"><g v="CONJ"></g></l></v><v><l id="377005" t="что"><g v="NPRO"></g><g v="neut"></g><g v="sing"></g><g v="nomn"></g></l></v><v><l id="377005" t="что"><g v="NPRO"></g><g v="neut"></g><g v="sing"></g><g v="accs"></g></l></v><v><l id="377006" t="что"><g v="ADVB"></g><g v="Ques"></g></l></v><v><l id="388695" t="что"><g v="PRCL"></g></l></v></tfr></token><token id="620933" text="обратится"><tfr rev_id="1453179" t="обратится"><v><l id="198928" t="обратился"><g v="VERB"></g><g v="perf"></g><g v="intr"></g><g v="sing"></g><g v="3per"></g><g v="futr"></g><g v="indc"></g></l></v></tfr></token><token id="620934" text="к"><tfr rev_id="1453180" t="к"><v><l id="127460" t="к"><g v="PREP"></g></l></v></tfr></token><token id="620935" text="суду"><tfr rev_id="1453181" t="суду"><v><l id="338918" t="суд"><g v="NOUN"></g><g v="inan"></g><g v="masc"></g><g v="sing"></g><g v="datv"></g></l></v></tfr></token><token id="620936" text="с"><tfr rev_id="1453182" t="с"><v><l id="311151" t="с"><g v="PREP"></g></l></v></tfr></token><token id="620937" text="просьбой"><tfr rev_id="1453183" t="просьбой"><v><l id="285462" t="просьба"><g v="NOUN"></g><g v="inan"></g><g v="femn"></g><g v="sing"></g><g v="ablt"></g></l></v></tfr></token><token id="620938" text=","><tfr rev_id="1453184" t=","><v><l id="0" t=","><g v="PNCT"></g></l></v></tfr></token><token id="620939" text="«"><tfr rev_id="2444319" t="«"><v><l id="0" t="«"><g v="PNCT"></g></l></v></tfr></token><token id="620940" text="чтобы"><tfr rev_id="1453186" t="чтобы"><v><l id="377013" t="чтобы"><g v="CONJ"></g></l></v><v><l id="377014" t="чтобы"><g v="PRCL"></g></l></v></tfr></token><token id="620941" text="эта"><tfr rev_id="4437204" t="эта"><v><l id="386581" t="этот"><g v="ADJF"></g><g v="Subx"></g><g v="Apro"></g><g v="Anph"></g><g v="femn"></g><g v="sing"></g><g v="nomn"></g></l></v></tfr></token><token id="620942" text="процедура"><tfr rev_id="1453188" t="процедура"><v><l id="287322" t="процедура"><g v="NOUN"></g><g v="inan"></g><g v="femn"></g><g v="sing"></g><g v="nomn"></g></l></v></tfr></token><token id="620943" text="проходила"><tfr rev_id="1453189" t="проходила"><v><l id="287183" t="прохожу"><g v="VERB"></g><g v="impf"></g><g v="tran"></g><g v="femn"></g><g v="sing"></g><g v="past"></g><g v="indc"></g></l></v><v><l id="287190" t="проходил"><g v="VERB"></g><g v="perf"></g><g v="intr"></g><g v="femn"></g><g v="sing"></g><g v="past"></g><g v="indc"></g></l></v></tfr></token><token id="620944" text="открыто"><tfr rev_id="1453190" t="открыто"><v><l id="214747" t="открыто"><g v="ADVB"></g></l></v><v><l id="214752" t="открыт"><g v="ADJS"></g><g v="Qual"></g><g v="neut"></g><g v="sing"></g></l></v><v><l id="214758" t="открыт"><g v="PRTS"></g><g v="perf"></g><g v="past"></g><g v="pssv"></g><g v="neut"></g><g v="sing"></g></l></v></tfr></token><token id="620945" text=","><tfr rev_id="1453191" t=","><v><l id="0" t=","><g v="PNCT"></g></l></v></tfr></token><token id="620946" text="чтобы"><tfr rev_id="1453192" t="чтобы"><v><l id="377013" t="чтобы"><g v="CONJ"></g></l></v><v><l id="377014" t="чтобы"><g v="PRCL"></g></l></v></tfr></token><token id="620947" text="там"><tfr rev_id="1453193" t="там"><v><l id="342752" t="там"><g v="PRCL"></g></l></v><v><l id="342753" t="там"><g v="ADVB"></g><g v="Dmns"></g></l></v></tfr></token><token id="620948" text="были"><tfr rev_id="1716208" t="были"><v><l id="37265" t="есть"><g v="VERB"></g><g v="impf"></g><g v="intr"></g><g v="plur"></g><g v="past"></g><g v="indc"></g></l></v></tfr></token><token id="620949" text="журналисты"><tfr rev_id="1453195" t="журналисты"><v><l id="97974" t="журналист"><g v="NOUN"></g><g v="anim"></g><g v="masc"></g><g v="plur"></g><g v="nomn"></g></l></v></tfr></token><token id="620950" text=","><tfr rev_id="1453196" t=","><v><l id="0" t=","><g v="PNCT"></g></l></v></tfr></token><token id="620951" text="чтобы"><tfr rev_id="1453197" t="чтобы"><v><l id="377013" t="чтобы"><g v="CONJ"></g></l></v><v><l id="377014" t="чтобы"><g v="PRCL"></g></l></v></tfr></token><token id="620952" text="там"><tfr rev_id="1453198" t="там"><v><l id="342752" t="там"><g v="PRCL"></g></l></v><v><l id="342753" t="там"><g v="ADVB"></g><g v="Dmns"></g></l></v></tfr></token><token id="620953" text="были"><tfr rev_id="1715304" t="были"><v><l id="37265" t="есть"><g v="VERB"></g><g v="impf"></g><g v="intr"></g><g v="plur"></g><g v="past"></g><g v="indc"></g></l></v></tfr></token><token id="620954" text="камеры"><tfr rev_id="3802725" t="камеры"><v><l id="128949" t="камера"><g v="NOUN"></g><g v="inan"></g><g v="femn"></g><g v="plur"></g><g v="nomn"></g></l></v></tfr></token><token id="620955" text="»"><tfr rev_id="2444320" t="»"><v><l id="0" t="»"><g v="PNCT"></g></l></v></tfr></token><token id="620956" text="."><tfr rev_id="1453202" t="."><v><l id="0" t="."><g v="PNCT"></g></l></v></tfr></token></tokens></sentence><sentence id="34759"><source>Поэтому рассмотрение уголовного дела, назначенное на 9 января 2006 года, суд решил проводить в открытом режиме.</source><tokens><token id="620957" text="Поэтому"><tfr rev_id="1453203" t="Поэтому"><v><l id="265490" t="поэтому"><g v="ADVB"></g></l></v></tfr></token><token id="620958" text="рассмотрение"><tfr rev_id="3269683" t="рассмотрение"><v><l id="301146" t="рассмотрение"><g v="NOUN"></g><g v="inan"></g><g v="neut"></g><g v="sing"></g><g v="accs"></g></l></v></tfr></token><token id="620959" text="уголовного"><tfr rev_id="4306774" t="уголовного"><v><l id="354323" t="уголовный"><g v="ADJF"></g><g v="Qual"></g><g v="neut"></g><g v="sing"></g><g v="gent"></g></l></v></tfr></token><token id="620960" text="дела"><tfr rev_id="3548025" t="дела"><v><l id="80628" t="дело"><g v="NOUN"></g><g v="inan"></g><g v="neut"></g><g v="sing"></g><g v="gent"></g></l></v></tfr></token><token id="620961" text=","><tfr rev_id="1453207" t=","><v><l id="0" t=","><g v="PNCT"></g></l></v></tfr></token><token id="620962" text="назначенное"><tfr rev_id="1453208" t="назначенное"><v><l id="170426" t="назначенный"><g v="PRTF"></g><g v="perf"></g><g v="tran"></g><g v="past"></g><g v="pssv"></g><g v="neut"></g><g v="sing"></g><g v="nomn"></g></l></v><v><l id="170426" t="назначенный"><g v="PRTF"></g><g v="perf"></g><g v="tran"></g><g v="past"></g><g v="pssv"></g><g v="neut"></g><g v="sing"></g><g v="accs"></g></l></v></tfr></token><token id="620963" text="на"><tfr rev_id="3335669" t="на"><v><l id="166264" t="на"><g v="PREP"></g></l></v></tfr></token><token id="620964" text="9"><tfr rev_id="2461957" t="9"><v><l id="0" t="9"><g v="NUMB"></g></l></v></tfr></token><token id="620965" text="января"><tfr rev_id="1453211" t="января"><v><l id="387905" t="январь"><g v="NOUN"></g><g v="inan"></g><g v="masc"></g><g v="sing"></g><g v="gent"></g></l></v></tfr></token><token id="620966" text="2006"><tfr rev_id="2461958" t="2006"><v><l id="0" t="2006"><g v="NUMB"></g></l></v></tfr></token><token id="620967" text="года"><tfr rev_id="3495034" t="года"><v><l id="72149" t="год"><g v="NOUN"></g><g v="inan"></g><g v="masc"></g><g v="sing"></g><g v="gen1"></g></l></v></tfr></token><token id="620968" text=","><tfr rev_id="1453214" t=","><v><l id="0" t=","><g v="PNCT"></g></l></v></tfr></token><token id="620969" text="суд"><tfr rev_id="1453215" t="суд"><v><l id="338918" t="суд"><g v="NOUN"></g><g v="inan"></g><g v="masc"></g><g v="sing"></g><g v="nomn"></g></l></v><v><l id="338918" t="суд"><g v="NOUN"></g><g v="inan"></g><g v="masc"></g><g v="sing"></g><g v="accs"></g></l></v></tfr></token><token id="620970" text="решил"><tfr rev_id="1453216" t="решил"><v><l id="307396" t="решил"><g v="VERB"></g><g v="perf"></g><g v="tran"></g><g v="masc"></g><g v="sing"></g><g v="past"></g><g v="indc"></g></l></v></tfr></token><token id="620971" text="проводить"><tfr rev_id="1453217" t="проводить"><v><l id="278003" t="проводить"><g v="INFN"></g><g v="impf"></g><g v="tran"></g></l></v><v><l id="278010" t="проводить"><g v="INFN"></g><g v="perf"></g><g v="tran"></g></l></v></tfr></token><token id="620972" text="в"><tfr rev_id="1453218" t="в"><v><l id="37409" t="в"><g v="PREP"></g></l></v></tfr></token><token id="620973" text="открытом"><tfr rev_id="1453219" t="открытом"><v><l id="214751" t="открытый"><g v="ADJF"></g><g v="Qual"></g><g v="masc"></g><g v="sing"></g><g v="loct"></g></l></v><v><l id="214751" t="открытый"><g v="ADJF"></g><g v="Qual"></g><g v="neut"></g><g v="sing"></g><g v="loct"></g></l></v><v><l id="214757" t="открытый"><g v="PRTF"></g><g v="perf"></g><g v="tran"></g><g v="past"></g><g v="pssv"></g><g v="masc"></g><g v="sing"></g><g v="loct"></g></l></v><v><l id="214757" t="открытый"><g v="PRTF"></g><g v="perf"></g><g v="tran"></g><g v="past"></g><g v="pssv"></g><g v="neut"></g><g v="sing"></g><g v="loct"></g></l></v></tfr></token><token id="620974" text="режиме"><tfr rev_id="1453220" t="режиме"><v><l id="305124" t="режим"><g v="NOUN"></g><g v="inan"></g><g v="masc"></g><g v="sing"></g><g v="loct"></g></l></v></tfr></token><token id="620975" text="."><tfr rev_id="1453221" t="."><v><l id="0" t="."><g v="PNCT"></g></l></v></tfr></token></tokens></sentence><sentence id="34760"><source>Однако и это судебное заседание проходило без присутствия прессы, поскольку зал оказался слишком мал.</source><tokens><token id="620976" text="Однако"><tfr rev_id="2624551" t="Однако"><v><l id="203386" t="однако"><g v="INTJ"></g></l></v><v><l id="203387" t="однако"><g v="CONJ"></g><g v="Prnt"></g></l></v></tfr></token><token id="620977" text="и"><tfr rev_id="3533538" t="и"><v><l id="116949" t="и"><g v="CONJ"></g></l></v></tfr></token><token id="620978" text="это"><tfr rev_id="4441590" t="это"><v><l id="386574" t="это"><g v="PRCL"></g></l></v><v><l id="386575" t="это"><g v="NPRO"></g><g v="neut"></g><g v="sing"></g><g v="nomn"></g></l></v><v><l id="386575" t="это"><g v="NPRO"></g><g v="neut"></g><g v="sing"></g><g v="accs"></g></l></v><v><l id="386581" t="этот"><g v="ADJF"></g><g v="Subx"></g><g v="Apro"></g><g v="Anph"></g><g v="neut"></g><g v="sing"></g><g v="nomn"></g></l></v><v><l id="386581" t="этот"><g v="ADJF"></g><g v="Subx"></g><g v="Apro"></g><g v="Anph"></g><g v="neut"></g><g v="sing"></g><g v="accs"></g></l></v></tfr></token><token id="620979" text="судебное"><tfr rev_id="1453225" t="судебное"><v><l id="338966" t="судебный"><g v="ADJF"></g><g v="Qual"></g><g v="neut"></g><g v="sing"></g><g v="nomn"></g></l></v><v><l id="338966" t="судебный"><g v="ADJF"></g><g v="Qual"></g><g v="neut"></g><g v="sing"></g><g v="accs"></g></l></v></tfr></token><token id="620980" text="заседание"><tfr rev_id="3543973" t="заседание"><v><l id="109402" t="заседание"><g v="NOUN"></g><g v="inan"></g><g v="neut"></g><g v="sing"></g><g v="nomn"></g></l></v></tfr></token><token id="620981" text="проходило"><tfr rev_id="1453227" t="проходило"><v><l id="287183" t="прохожу"><g v="VERB"></g><g v="impf"></g><g v="tran"></g><g v="neut"></g><g v="sing"></g><g v="past"></g><g v="indc"></g></l></v><v><l id="287190" t="проходил"><g v="VERB"></g><g v="perf"></g><g v="intr"></g><g v="neut"></g><g v="sing"></g><g v="past"></g><g v="indc"></g></l></v></tfr></token><token id="620982" text="без"><tfr rev_id="1453228" t="без"><v><l id="25481" t="без"><g v="PREP"></g></l></v></tfr></token><token id="620983" text="присутствия"><tfr rev_id="3492289" t="присутствия"><v><l id="275035" t="присутствие"><g v="NOUN"></g><g v="inan"></g><g v="neut"></g><g v="sing"></g><g v="gent"></g></l></v></tfr></token><token id="620984" text="прессы"><tfr rev_id="3450371" t="прессы"><v><l id="268254" t="пресса"><g v="NOUN"></g><g v="inan"></g><g v="femn"></g><g v="sing"></g><g v="gent"></g></l></v></tfr></token><token id="620985" text=","><tfr rev_id="1453231" t=","><v><l id="0" t=","><g v="PNCT"></g></l></v></tfr></token><token id="620986" text="поскольку"><tfr rev_id="1453232" t="поскольку"><v><l id="261429" t="поскольку"><g v="CONJ"></g></l></v></tfr></token><token id="620987" text="зал"><tfr rev_id="4215264" t="зал"><v><l id="104463" t="зал"><g v="NOUN"></g><g v="inan"></g><g v="masc"></g><g v="sing"></g><g v="nomn"></g></l></v></tfr></token><token id="620988" text="оказался"><tfr rev_id="1453234" t="оказался"><v><l id="204462" t="оказался"><g v="VERB"></g><g v="perf"></g><g v="intr"></g><g v="masc"></g><g v="sing"></g><g v="past"></g><g v="indc"></g></l></v></tfr></token><token id="620989" text="слишком"><tfr rev_id="1453235" t="слишком"><v><l id="325109" t="слишком"><g v="ADVB"></g></l></v></tfr></token><token id="620990" text="мал"><tfr rev_id="3426199" t="мал"><v><l id="153696" t="мал"><g v="ADJS"></g><g v="Qual"></g><g v="masc"></g><g v="sing"></g></l></v></tfr></token><token id="620991" text="."><tfr rev_id="1453237" t="."><v><l id="0" t="."><g v="PNCT"></g></l></v></tfr></token></tokens></sentence><sentence id="34761"><source>Собравшиеся в здании суда журналисты прорвались в зал во время объявленного председательствующей судьей Ириной Григорьевой перерыва.</source><tokens><token id="620992" text="Собравшиеся"><tfr rev_id="1453238" t="Собравшиеся"><v><l id="327825" t="собравшийся"><g v="PRTF"></g><g v="perf"></g><g v="intr"></g><g v="past"></g><g v="actv"></g><g v="plur"></g><g v="nomn"></g></l></v><v><l id="327825" t="собравшийся"><g v="PRTF"></g><g v="perf"></g><g v="intr"></g><g v="past"></g><g v="actv"></g><g v="inan"></g><g v="plur"></g><g v="accs"></g></l></v></tfr></token><token id="620993" text="в"><tfr rev_id="1453239" t="в"><v><l id="37409" t="в"><g v="PREP"></g></l></v></tfr></token><token id="620994" text="здании"><tfr rev_id="1453240" t="здании"><v><l id="114695" t="здание"><g v="NOUN"></g><g v="inan"></g><g v="neut"></g><g v="sing"></g><g v="loct"></g></l></v></tfr></token><token id="620995" text="суда"><tfr rev_id="3444544" t="суда"><v><l id="338918" t="суд"><g v="NOUN"></g><g v="inan"></g><g v="masc"></g><g v="sing"></g><g v="gent"></g></l></v></tfr></token><token id="620996" text="журналисты"><tfr rev_id="1453242" t="журналисты"><v><l id="97974" t="журналист"><g v="NOUN"></g><g v="anim"></g><g v="masc"></g><g v="plur"></g><g v="nomn"></g></l></v></tfr></token><token id="620997" text="прорвались"><tfr rev_id="1453243" t="прорвались"><v><l id="283581" t="прорвался"><g v="VERB"></g><g v="perf"></g><g v="intr"></g><g v="plur"></g><g v="past"></g><g v="indc"></g></l></v></tfr></token><token id="620998" text="в"><tfr rev_id="1453244" t="в"><v><l id="37409" t="в"><g v="PREP"></g></l></v></tfr></token><token id="620999" text="зал"><tfr rev_id="3469122" t="зал"><v><l id="104463" t="зал"><g v="NOUN"></g><g v="inan"></g><g v="masc"></g><g v="sing"></g><g v="nomn"></g></l></v><v><l id="104463" t="зал"><g v="NOUN"></g><g v="inan"></g><g v="masc"></g><g v="sing"></g><g v="accs"></g></l></v></tfr></token><token id="621000" text="во"><tfr rev_id="2920257" t="во"><v><l id="37409" t="в"><g v="PREP"></g><g v="Vpre"></g></l></v></tfr></token><token id="621001" text="время"><tfr rev_id="3537965" t="время"><v><l id="53149" t="время"><g v="NOUN"></g><g v="inan"></g><g v="neut"></g><g v="sing"></g><g v="accs"></g></l></v></tfr></token><token id="621002" text="объявленного"><tfr rev_id="3443178" t="объявленного"><v><l id="201894" t="объявленный"><g v="PRTF"></g><g v="perf"></g><g v="tran"></g><g v="past"></g><g v="pssv"></g><g v="masc"></g><g v="sing"></g><g v="gent"></g></l></v><v><l id="201894" t="объявленный"><g v="PRTF"></g><g v="perf"></g><g v="tran"></g><g v="past"></g><g v="pssv"></g><g v="anim"></g><g v="masc"></g><g v="sing"></g><g v="accs"></g></l></v></tfr></token><token id="621003" text="председательствующей"><tfr rev_id="4577466" t="председательствующей"><v><l id="267022" t="председательствующий"><g v="PRTF"></g><g v="impf"></g><g v="intr"></g><g v="pres"></g><g v="actv"></g><g v="femn"></g><g v="sing"></g><g v="gent"></g></l></v><v><l id="267022" t="председательствующий"><g v="PRTF"></g><g v="impf"></g><g v="intr"></g><g v="pres"></g><g v="actv"></g><g v="femn"></g><g v="sing"></g><g v="datv"></g></l></v><v><l id="267022" t="председательствующий"><g v="PRTF"></g><g v="impf"></g><g v="intr"></g><g v="pres"></g><g v="actv"></g><g v="femn"></g><g v="sing"></g><g v="ablt"></g></l></v><v><l id="267022" t="председательствующий"><g v="PRTF"></g><g v="impf"></g><g v="intr"></g><g v="pres"></g><g v="actv"></g><g v="femn"></g><g v="sing"></g><g v="loct"></g></l></v></tfr></token><token id="621004" text="судьей"><tfr rev_id="4527489" t="судьей"><v><l id="339112" t="судья"><g v="NOUN"></g><g v="anim"></g><g v="ms-f"></g><g v="sing"></g><g v="ablt"></g></l></v></tfr></token><token id="621005" text="Ириной"><tfr rev_id="1453251" t="Ириной"><v><l id="123991" t="ирина"><g v="NOUN"></g><g v="anim"></g><g v="femn"></g><g v="Name"></g><g v="sing"></g><g v="ablt"></g></l></v></tfr></token><token id="621006" text="Григорьевой"><tfr rev_id="4354194" t="Григорьевой"><v><l id="75277" t="григорьева"><g v="NOUN"></g><g v="anim"></g><g v="femn"></g><g v="Sgtm"></g><g v="Surn"></g><g v="sing"></g><g v="ablt"></g></l></v></tfr></token><token id="621007" text="перерыва"><tfr rev_id="1453253" t="перерыва"><v><l id="233764" t="перерыв"><g v="NOUN"></g><g v="inan"></g><g v="masc"></g><g v="sing"></g><g v="gent"></g></l></v></tfr></token><token id="621008" text="."><tfr rev_id="1453254" t="."><v><l id="0" t="."><g v="PNCT"></g></l></v></tfr></token></tokens></sentence><sentence id="34762"><source>Представители СМИ отказались подчиниться требованию конвоя, покинуть зал, заявляя, что процесс открытый, поэтому они имеют полное право присутствовать на слушании.</source><tokens><token id="621009" text="Представители"><tfr rev_id="1453255" t="Представители"><v><l id="267083" t="представитель"><g v="NOUN"></g><g v="anim"></g><g v="masc"></g><g v="plur"></g><g v="nomn"></g></l></v></tfr></token><token id="621010" text="СМИ"><tfr rev_id="4489530" t="СМИ"><v><l id="326341" t="сми"><g v="NOUN"></g><g v="inan"></g><g v="GNdr"></g><g v="Pltm"></g><g v="Fixd"></g><g v="Abbr"></g><g v="plur"></g><g v="gent"></g></l></v></tfr></token><token id="621011" text="отказались"><tfr rev_id="1453257" t="отказались"><v><l id="213938" t="отказался"><g v="VERB"></g><g v="perf"></g><g v="intr"></g><g v="plur"></g><g v="past"></g><g v="indc"></g></l></v></tfr></token><token id="621012" text="подчиниться"><tfr rev_id="1453258" t="подчиниться"><v><l id="252430" t="подчиниться"><g v="INFN"></g><g v="perf"></g><g v="intr"></g></l></v></tfr></token><token id="621013" text="требованию"><tfr rev_id="1453259" t="требованию"><v><l id="349461" t="требование"><g v="NOUN"></g><g v="inan"></g><g v="neut"></g><g v="sing"></g><g v="datv"></g></l></v></tfr></token><token id="621014" text="конвоя"><tfr rev_id="1453260" t="конвоя"><v><l id="137634" t="конвой"><g v="NOUN"></g><g v="inan"></g><g v="masc"></g><g v="sing"></g><g v="gent"></g></l></v></tfr></token><token id="621015" text=","><tfr rev_id="1453261" t=","><v><l id="0" t=","><g v="PNCT"></g></l></v></tfr></token><token id="621016" text="покинуть"><tfr rev_id="1453262" t="покинуть"><v><l id="254302" t="покинуть"><g v="INFN"></g><g v="perf"></g><g v="tran"></g></l></v></tfr></token><token id="621017" text="зал"><tfr rev_id="3446513" t="зал"><v><l id="104463" t="зал"><g v="NOUN"></g><g v="inan"></g><g v="masc"></g><g v="sing"></g><g v="nomn"></g></l></v><v><l id="104463" t="зал"><g v="NOUN"></g><g v="inan"></g><g v="masc"></g><g v="sing"></g><g v="accs"></g></l></v></tfr></token><token id="621018" text=","><tfr rev_id="1453264" t=","><v><l id="0" t=","><g v="PNCT"></g></l></v></tfr></token><token id="621019" text="заявляя"><tfr rev_id="1453265" t="заявляя"><v><l id="114318" t="заявляя"><g v="GRND"></g><g v="impf"></g><g v="tran"></g><g v="pres"></g></l></v></tfr></token><token id="621020" text=","><tfr rev_id="1453266" t=","><v><l id="0" t=","><g v="PNCT"></g></l></v></tfr></token><token id="621021" text="что"><tfr rev_id="3196986" t="что"><v><l id="377004" t="что"><g v="CONJ"></g></l></v><v><l id="377005" t="что"><g v="NPRO"></g><g v="neut"></g><g v="sing"></g><g v="nomn"></g></l></v><v><l id="377005" t="что"><g v="NPRO"></g><g v="neut"></g><g v="sing"></g><g v="accs"></g></l></v><v><l id="377006" t="что"><g v="ADVB"></g><g v="Ques"></g></l></v><v><l id="388695" t="что"><g v="PRCL"></g></l></v></tfr></token><token id="621022" text="процесс"><tfr rev_id="1453268" t="процесс"><v><l id="287363" t="процесс"><g v="NOUN"></g><g v="inan"></g><g v="masc"></g><g v="sing"></g><g v="nomn"></g></l></v><v><l id="287363" t="процесс"><g v="NOUN"></g><g v="inan"></g><g v="masc"></g><g v="sing"></g><g v="accs"></g></l></v></tfr></token><token id="621023" text="открытый"><tfr rev_id="1453269" t="открытый"><v><l id="214751" t="открытый"><g v="ADJF"></g><g v="Qual"></g><g v="masc"></g><g v="sing"></g><g v="nomn"></g></l></v><v><l id="214751" t="открытый"><g v="ADJF"></g><g v="Qual"></g><g v="inan"></g><g v="masc"></g><g v="sing"></g><g v="accs"></g></l></v><v><l id="214757" t="открытый"><g v="PRTF"></g><g v="perf"></g><g v="tran"></g><g v="past"></g><g v="pssv"></g><g v="masc"></g><g v="sing"></g><g v="nomn"></g></l></v><v><l id="214757" t="открытый"><g v="PRTF"></g><g v="perf"></g><g v="tran"></g><g v="past"></g><g v="pssv"></g><g v="inan"></g><g v="masc"></g><g v="sing"></g><g v="accs"></g></l></v></tfr></token><token id="621024" text=","><tfr rev_id="1453270" t=","><v><l id="0" t=","><g v="PNCT"></g></l></v></tfr></token><token id="621025" text="поэтому"><tfr rev_id="1453271" t="поэтому"><v><l id="265490" t="поэтому"><g v="ADVB"></g></l></v></tfr></token><token id="621026" text="они"><tfr rev_id="3599393" t="они"><v><l id="206619" t="они"><g v="NPRO"></g><g v="3per"></g><g v="Anph"></g><g v="plur"></g><g v="nomn"></g></l></v></tfr></token><token id="621027" text="имеют"><tfr rev_id="1453273" t="имеют"><v><l id="121610" t="имею"><g v="VERB"></g><g v="impf"></g><g v="tran"></g><g v="plur"></g><g v="3per"></g><g v="pres"></g><g v="indc"></g></l></v></tfr></token><token id="621028" text="полное"><tfr rev_id="1453274" t="полное"><v><l id="256169" t="полный"><g v="ADJF"></g><g v="Qual"></g><g v="neut"></g><g v="sing"></g><g v="nomn"></g></l></v><v><l id="256169" t="полный"><g v="ADJF"></g><g v="Qual"></g><g v="neut"></g><g v="sing"></g><g v="accs"></g></l></v></tfr></token><token id="621029" text="право"><tfr rev_id="4417337" t="право"><v><l id="265680" t="право"><g v="NOUN"></g><g v="inan"></g><g v="neut"></g><g v="sing"></g><g v="accs"></g></l></v></tfr></token><token id="621030" text="присутствовать"><tfr rev_id="1453276" t="присутствовать"><v><l id="275037" t="присутствовать"><g v="INFN"></g><g v="impf"></g><g v="intr"></g></l></v></tfr></token><token id="621031" text="на"><tfr rev_id="3344946" t="на"><v><l id="166264" t="на"><g v="PREP"></g></l></v></tfr></token><token id="621032" text="слушании"><tfr rev_id="1453278" t="слушании"><v><l id="325508" t="слушание"><g v="NOUN"></g><g v="inan"></g><g v="neut"></g><g v="sing"></g><g v="loct"></g></l></v></tfr></token><token id="621033" text="."><tfr rev_id="1453279" t="."><v><l id="0" t="."><g v="PNCT"></g></l></v></tfr></token></tokens></sentence><sentence id="34763"><source>Конвоиры пытались выдворить журналистов силой, используя резиновые дубинки.</source><tokens><token id="621034" text="Конвоиры"><tfr rev_id="1453280" t="Конвоиры"><v><l id="137618" t="конвоир"><g v="NOUN"></g><g v="anim"></g><g v="masc"></g><g v="plur"></g><g v="nomn"></g></l></v></tfr></token><token id="621035" text="пытались"><tfr rev_id="1453281" t="пытались"><v><l id="290086" t="пытаюсь"><g v="VERB"></g><g v="impf"></g><g v="intr"></g><g v="plur"></g><g v="past"></g><g v="indc"></g></l></v></tfr></token><token id="621036" text="выдворить"><tfr rev_id="1453282" t="выдворить"><v><l id="57002" t="выдворить"><g v="INFN"></g><g v="perf"></g><g v="tran"></g></l></v></tfr></token><token id="621037" text="журналистов"><tfr rev_id="3540883" t="журналистов"><v><l id="97974" t="журналист"><g v="NOUN"></g><g v="anim"></g><g v="masc"></g><g v="plur"></g><g v="accs"></g></l></v></tfr></token><token id="621038" text="силой"><tfr rev_id="4242526" t="силой"><v><l id="320426" t="силой"><g v="ADVB"></g></l></v></tfr></token><token id="621039" text=","><tfr rev_id="1453285" t=","><v><l id="0" t=","><g v="PNCT"></g></l></v></tfr></token><token id="621040" text="используя"><tfr rev_id="1453286" t="используя"><v><l id="125432" t="используя"><g v="GRND"></g><g v="impf"></g><g v="tran"></g><g v="pres"></g></l></v></tfr></token><token id="621041" text="резиновые"><tfr rev_id="3861407" t="резиновые"><v><l id="305294" t="резиновый"><g v="ADJF"></g><g v="Qual"></g><g v="inan"></g><g v="plur"></g><g v="accs"></g></l></v></tfr></token><token id="621042" text="дубинки"><tfr rev_id="3792996" t="дубинки"><v><l id="92608" t="дубинка"><g v="NOUN"></g><g v="inan"></g><g v="femn"></g><g v="plur"></g><g v="accs"></g></l></v></tfr></token><token id="621043" text="."><tfr rev_id="1453289" t="."><v><l id="0" t="."><g v="PNCT"></g></l></v></tfr></token></tokens></sentence></paragraph><paragraph id="11089"><sentence id="34764"><source>Журналисты написали коллективное заявление в милицию с требованием возбудить уголовное дело по факту препятствования журналисткой деятельности (ст.171 УК Украины) со стороны охранявшего подсудимых конвоя, передает УНИАН.</source><tokens><token id="621044" text="Журналисты"><tfr rev_id="1453290" t="Журналисты"><v><l id="97974" t="журналист"><g v="NOUN"></g><g v="anim"></g><g v="masc"></g><g v="plur"></g><g v="nomn"></g></l></v></tfr></token><token id="621045" text="написали"><tfr rev_id="1453291" t="написали"><v><l id="173434" t="написал"><g v="VERB"></g><g v="perf"></g><g v="tran"></g><g v="plur"></g><g v="past"></g><g v="indc"></g></l></v></tfr></token><token id="621046" text="коллективное"><tfr rev_id="3336161" t="коллективное"><v><l id="136048" t="коллективный"><g v="ADJF"></g><g v="neut"></g><g v="sing"></g><g v="accs"></g></l></v></tfr></token><token id="621047" text="заявление"><tfr rev_id="1453293" t="заявление"><v><l id="114311" t="заявление"><g v="NOUN"></g><g v="inan"></g><g v="neut"></g><g v="sing"></g><g v="nomn"></g></l></v><v><l id="114311" t="заявление"><g v="NOUN"></g><g v="inan"></g><g v="neut"></g><g v="sing"></g><g v="accs"></g></l></v></tfr></token><token id="621048" text="в"><tfr rev_id="1453294" t="в"><v><l id="37409" t="в"><g v="PREP"></g></l></v></tfr></token><token id="621049" text="милицию"><tfr rev_id="1453295" t="милицию"><v><l id="160225" t="милиция"><g v="NOUN"></g><g v="inan"></g><g v="femn"></g><g v="sing"></g><g v="accs"></g></l></v></tfr></token><token id="621050" text="с"><tfr rev_id="1453296" t="с"><v><l id="311151" t="с"><g v="PREP"></g></l></v></tfr></token><token id="621051" text="требованием"><tfr rev_id="1453297" t="требованием"><v><l id="349461" t="требование"><g v="NOUN"></g><g v="inan"></g><g v="neut"></g><g v="sing"></g><g v="ablt"></g></l></v></tfr></token><token id="621052" text="возбудить"><tfr rev_id="1453298" t="возбудить"><v><l id="48706" t="возбудить"><g v="INFN"></g><g v="perf"></g><g v="tran"></g></l></v></tfr></token><token id="621053" text="уголовное"><tfr rev_id="1453299" t="уголовное"><v><l id="354323" t="уголовный"><g v="ADJF"></g><g v="Qual"></g><g v="neut"></g><g v="sing"></g><g v="nomn"></g></l></v><v><l id="354323" t="уголовный"><g v="ADJF"></g><g v="Qual"></g><g v="neut"></g><g v="sing"></g><g v="accs"></g></l></v></tfr></token><token id="621054" text="дело"><tfr rev_id="1714736" t="дело"><v><l id="80628" t="дело"><g v="NOUN"></g><g v="inan"></g><g v="neut"></g><g v="sing"></g><g v="nomn"></g></l></v><v><l id="80628" t="дело"><g v="NOUN"></g><g v="inan"></g><g v="neut"></g><g v="sing"></g><g v="accs"></g></l></v></tfr></token><token id="621055" text="по"><tfr rev_id="1453301" t="по"><v><l id="241240" t="по"><g v="PREP"></g></l></v></tfr></token><token id="621056" text="факту"><tfr rev_id="1453302" t="факту"><v><l id="364163" t="факт"><g v="NOUN"></g><g v="inan"></g><g v="masc"></g><g v="sing"></g><g v="datv"></g></l></v></tfr></token><token id="621057" text="препятствования"><tfr rev_id="1453303" t="препятствования"><v><l id="268080" t="препятствование"><g v="NOUN"></g><g v="inan"></g><g v="neut"></g><g v="Sgtm"></g><g v="sing"></g><g v="gent"></g></l></v></tfr></token><token id="621058" text="журналисткой"><tfr rev_id="1453304" t="журналисткой"><v><l id="97976" t="журналистка"><g v="NOUN"></g><g v="anim"></g><g v="femn"></g><g v="sing"></g><g v="ablt"></g></l></v></tfr></token><token id="621059" text="деятельности"><tfr rev_id="4270100" t="деятельности"><v><l id="82512" t="деятельность"><g v="NOUN"></g><g v="inan"></g><g v="femn"></g><g v="sing"></g><g v="datv"></g></l></v></tfr></token><token id="621060" text="("><tfr rev_id="1453306" t="("><v><l id="0" t="("><g v="PNCT"></g></l></v></tfr></token><token id="621061" text="ст"><tfr rev_id="4496869" t="ст"><v><l id="389045" t="ст"><g v="NOUN"></g><g v="inan"></g><g v="femn"></g><g v="Fixd"></g><g v="Abbr"></g><g v="sing"></g><g v="nomn"></g></l></v><v><l id="389045" t="ст"><g v="NOUN"></g><g v="inan"></g><g v="femn"></g><g v="Fixd"></g><g v="Abbr"></g><g v="sing"></g><g v="gent"></g></l></v><v><l id="389045" t="ст"><g v="NOUN"></g><g v="inan"></g><g v="femn"></g><g v="Fixd"></g><g v="Abbr"></g><g v="sing"></g><g v="datv"></g></l></v><v><l id="389045" t="ст"><g v="NOUN"></g><g v="inan"></g><g v="femn"></g><g v="Fixd"></g><g v="Abbr"></g><g v="sing"></g><g v="accs"></g></l></v><v><l id="389045" t="ст"><g v="NOUN"></g><g v="inan"></g><g v="femn"></g><g v="Fixd"></g><g v="Abbr"></g><g v="sing"></g><g v="ablt"></g></l></v><v><l id="389045" t="ст"><g v="NOUN"></g><g v="inan"></g><g v="femn"></g><g v="Fixd"></g><g v="Abbr"></g><g v="sing"></g><g v="loct"></g></l></v></tfr></token><token id="621062" text="."><tfr rev_id="1453308" t="."><v><l id="0" t="."><g v="PNCT"></g></l></v></tfr></token><token id="621063" text="171"><tfr rev_id="2461959" t="171"><v><l id="0" t="171"><g v="NUMB"></g></l></v></tfr></token><token id="621064" text="УК"><tfr rev_id="4497294" t="УК"><v><l id="355914" t="ук"><g v="NOUN"></g><g v="inan"></g><g v="masc"></g><g v="Abbr"></g><g v="Fixd"></g><g v="sing"></g><g v="nomn"></g></l></v><v><l id="355914" t="ук"><g v="NOUN"></g><g v="inan"></g><g v="masc"></g><g v="Abbr"></g><g v="Fixd"></g><g v="sing"></g><g v="gent"></g></l></v><v><l id="355914" t="ук"><g v="NOUN"></g><g v="inan"></g><g v="masc"></g><g v="Abbr"></g><g v="Fixd"></g><g v="sing"></g><g v="datv"></g></l></v><v><l id="355914" t="ук"><g v="NOUN"></g><g v="inan"></g><g v="masc"></g><g v="Abbr"></g><g v="Fixd"></g><g v="sing"></g><g v="accs"></g></l></v><v><l id="355914" t="ук"><g v="NOUN"></g><g v="inan"></g><g v="masc"></g><g v="Abbr"></g><g v="Fixd"></g><g v="sing"></g><g v="ablt"></g></l></v><v><l id="355914" t="ук"><g v="NOUN"></g><g v="inan"></g><g v="masc"></g><g v="Abbr"></g><g v="Fixd"></g><g v="sing"></g><g v="loct"></g></l></v><v><l id="389534" t="ук"><g v="NOUN"></g><g v="inan"></g><g v="masc"></g><g v="sing"></g><g v="nomn"></g></l></v><v><l id="389534" t="ук"><g v="NOUN"></g><g v="inan"></g><g v="masc"></g><g v="sing"></g><g v="accs"></g></l></v></tfr></token><token id="621065" text="Украины"><tfr rev_id="1453311" t="Украины"><v><l id="356365" t="украина"><g v="NOUN"></g><g v="inan"></g><g v="femn"></g><g v="Sgtm"></g><g v="Geox"></g><g v="sing"></g><g v="gent"></g></l></v></tfr></token><token id="621066" text=")"><tfr rev_id="1453312" t=")"><v><l id="0" t=")"><g v="PNCT"></g></l></v></tfr></token><token id="621067" text="со"><tfr rev_id="2919214" t="со"><v><l id="311151" t="с"><g v="PREP"></g><g v="Vpre"></g></l></v></tfr></token><token id="621068" text="стороны"><tfr rev_id="2693659" t="стороны"><v><l id="336894" t="сторона"><g v="NOUN"></g><g v="inan"></g><g v="femn"></g><g v="sing"></g><g v="gent"></g></l></v></tfr></token><token id="621069" text="охранявшего"><tfr rev_id="3443179" t="охранявшего"><v><l id="221351" t="охранявший"><g v="PRTF"></g><g v="impf"></g><g v="tran"></g><g v="past"></g><g v="actv"></g><g v="masc"></g><g v="sing"></g><g v="gent"></g></l></v><v><l id="221351" t="охранявший"><g v="PRTF"></g><g v="impf"></g><g v="tran"></g><g v="past"></g><g v="actv"></g><g v="anim"></g><g v="masc"></g><g v="sing"></g><g v="accs"></g></l></v></tfr></token><token id="621070" text="подсудимых"><tfr rev_id="4533123" t="подсудимых"><v><l id="390003" t="подсудимые"><g v="NOUN"></g><g v="anim"></g><g v="ms-f"></g><g v="Pltm"></g><g v="plur"></g><g v="gent"></g></l></v><v><l id="390003" t="подсудимые"><g v="NOUN"></g><g v="anim"></g><g v="ms-f"></g><g v="Pltm"></g><g v="plur"></g><g v="accs"></g></l></v><v><l id="390003" t="подсудимые"><g v="NOUN"></g><g v="anim"></g><g v="ms-f"></g><g v="Pltm"></g><g v="plur"></g><g v="loct"></g></l></v></tfr></token><token id="621071" text="конвоя"><tfr rev_id="1453317" t="конвоя"><v><l id="137634" t="конвой"><g v="NOUN"></g><g v="inan"></g><g v="masc"></g><g v="sing"></g><g v="gent"></g></l></v></tfr></token><token id="621072" text=","><tfr rev_id="1453318" t=","><v><l id="0" t=","><g v="PNCT"></g></l></v></tfr></token><token id="621073" text="передает"><tfr rev_id="1453319" t="передает"><v><l id="228101" t="передаю"><g v="VERB"></g><g v="impf"></g><g v="tran"></g><g v="sing"></g><g v="3per"></g><g v="pres"></g><g v="indc"></g></l></v><v><l id="228108" t="передавал"><g v="VERB"></g><g v="perf"></g><g v="tran"></g><g v="sing"></g><g v="3per"></g><g v="futr"></g><g v="indc"></g></l></v></tfr></token><token id="621074" text="УНИАН"><tfr rev_id="1453320" t="УНИАН"><v><l id="0" t="униан"><g v="UNKN"></g></l></v></tfr></token><token id="621075" text="."><tfr rev_id="1453321" t="."><v><l id="0" t="."><g v="PNCT"></g></l></v></tfr></token></tokens></sentence></paragraph><paragraph id="11090"><sentence id="34765"><source>Был объявлен еще один перерыв, после чего коллегия Судебной палаты по уголовным делам Апелляционного суда города Киева приняла решение перенести рассмотрение дела об убийстве журналиста Георгия Гонгадзе на 23 января.</source><tokens><token id="621076" text="Был"><tfr rev_id="1453322" t="Был"><v><l id="37265" t="есть"><g v="VERB"></g><g v="impf"></g><g v="intr"></g><g v="masc"></g><g v="sing"></g><g v="past"></g><g v="indc"></g></l></v></tfr></token><token id="621077" text="объявлен"><tfr rev_id="1453323" t="объявлен"><v><l id="201895" t="объявлен"><g v="PRTS"></g><g v="perf"></g><g v="past"></g><g v="pssv"></g><g v="masc"></g><g v="sing"></g></l></v></tfr></token><token id="621078" text="еще"><tfr rev_id="1453324" t="еще"><v><l id="95551" t="ещё"><g v="PRCL"></g></l></v><v><l id="95552" t="ещё"><g v="ADVB"></g></l></v></tfr></token><token id="621079" text="один"><tfr rev_id="4299662" t="один"><v><l id="203319" t="один"><g v="ADJF"></g><g v="Apro"></g><g v="Anum"></g><g v="masc"></g><g v="sing"></g><g v="nomn"></g></l></v><v><l id="203319" t="один"><g v="ADJF"></g><g v="Apro"></g><g v="Anum"></g><g v="inan"></g><g v="masc"></g><g v="sing"></g><g v="accs"></g></l></v></tfr></token><token id="621080" text="перерыв"><tfr rev_id="2634544" t="перерыв"><v><l id="233764" t="перерыв"><g v="NOUN"></g><g v="inan"></g><g v="masc"></g><g v="sing"></g><g v="nomn"></g></l></v><v><l id="233764" t="перерыв"><g v="NOUN"></g><g v="inan"></g><g v="masc"></g><g v="sing"></g><g v="accs"></g></l></v></tfr></token><token id="621081" text=","><tfr rev_id="1453327" t=","><v><l id="0" t=","><g v="PNCT"></g></l></v></tfr></token><token id="621082" text="после"><tfr rev_id="4456007" t="после"><v><l id="261542" t="после"><g v="PREP"></g></l></v></tfr></token><token id="621083" text="чего"><tfr rev_id="1453329" t="чего"><v><l id="374963" t="чего"><g v="ADVB"></g><g v="Ques"></g></l></v><v><l id="377005" t="что"><g v="NPRO"></g><g v="neut"></g><g v="sing"></g><g v="gent"></g></l></v></tfr></token><token id="621084" text="коллегия"><tfr rev_id="1453330" t="коллегия"><v><l id="136014" t="коллегия"><g v="NOUN"></g><g v="inan"></g><g v="femn"></g><g v="sing"></g><g v="nomn"></g></l></v></tfr></token><token id="621085" text="Судебной"><tfr rev_id="4308236" t="Судебной"><v><l id="338966" t="судебный"><g v="ADJF"></g><g v="Qual"></g><g v="femn"></g><g v="sing"></g><g v="gent"></g></l></v></tfr></token><token id="621086" text="палаты"><tfr rev_id="4098361" t="палаты"><v><l id="222780" t="палата"><g v="NOUN"></g><g v="inan"></g><g v="femn"></g><g v="sing"></g><g v="gent"></g></l></v></tfr></token><token id="621087" text="по"><tfr rev_id="1453333" t="по"><v><l id="241240" t="по"><g v="PREP"></g></l></v></tfr></token><token id="621088" text="уголовным"><tfr rev_id="4227968" t="уголовным"><v><l id="354323" t="уголовный"><g v="ADJF"></g><g v="Qual"></g><g v="plur"></g><g v="datv"></g></l></v></tfr></token><token id="621089" text="делам"><tfr rev_id="1453335" t="делам"><v><l id="80628" t="дело"><g v="NOUN"></g><g v="inan"></g><g v="neut"></g><g v="plur"></g><g v="datv"></g></l></v></tfr></token><token id="621090" text="Апелляционного"><tfr rev_id="3285252" t="Апелляционного"><v><l id="15153" t="апелляционный"><g v="ADJF"></g><g v="masc"></g><g v="sing"></g><g v="gent"></g></l></v><v><l id="15153" t="апелляционный"><g v="ADJF"></g><g v="anim"></g><g v="masc"></g><g v="sing"></g><g v="accs"></g></l></v></tfr></token><token id="621091" text="суда"><tfr rev_id="3446088" t="суда"><v><l id="338918" t="суд"><g v="NOUN"></g><g v="inan"></g><g v="masc"></g><g v="sing"></g><g v="gent"></g></l></v></tfr></token><token id="621092" text="города"><tfr rev_id="3449870" t="города"><v><l id="73547" t="город"><g v="NOUN"></g><g v="inan"></g><g v="masc"></g><g v="sing"></g><g v="gent"></g></l></v></tfr></token><token id="621093" text="Киева"><tfr rev_id="1453339" t="Киева"><v><l id="132726" t="киев"><g v="NOUN"></g><g v="inan"></g><g v="masc"></g><g v="Geox"></g><g v="sing"></g><g v="gent"></g></l></v></tfr></token><token id="621094" text="приняла"><tfr rev_id="1453340" t="приняла"><v><l id="272700" t="принял"><g v="VERB"></g><g v="perf"></g><g v="tran"></g><g v="femn"></g><g v="sing"></g><g v="past"></g><g v="indc"></g></l></v></tfr></token><token id="621095" text="решение"><tfr rev_id="4107236" t="решение"><v><l id="307350" t="решение"><g v="NOUN"></g><g v="inan"></g><g v="neut"></g><g v="sing"></g><g v="accs"></g></l></v></tfr></token><token id="621096" text="перенести"><tfr rev_id="1453342" t="перенести"><v><l id="231806" t="перенести"><g v="INFN"></g><g v="perf"></g><g v="tran"></g></l></v></tfr></token><token id="621097" text="рассмотрение"><tfr rev_id="4093111" t="рассмотрение"><v><l id="301146" t="рассмотрение"><g v="NOUN"></g><g v="inan"></g><g v="neut"></g><g v="sing"></g><g v="accs"></g></l></v></tfr></token><token id="621098" text="дела"><tfr rev_id="3547440" t="дела"><v><l id="80628" t="дело"><g v="NOUN"></g><g v="inan"></g><g v="neut"></g><g v="sing"></g><g v="gent"></g></l></v></tfr></token><token id="621099" text="об"><tfr rev_id="2921240" t="об"><v><l id="192977" t="о"><g v="PREP"></g><g v="Vpre"></g></l></v></tfr></token><token id="621100" text="убийстве"><tfr rev_id="1453346" t="убийстве"><v><l id="352998" t="убийство"><g v="NOUN"></g><g v="inan"></g><g v="neut"></g><g v="sing"></g><g v="loct"></g></l></v></tfr></token><token id="621101" text="журналиста"><tfr rev_id="3676080" t="журналиста"><v><l id="97974" t="журналист"><g v="NOUN"></g><g v="anim"></g><g v="masc"></g><g v="sing"></g><g v="gent"></g></l></v></tfr></token><token id="621102" text="Георгия"><tfr rev_id="4177700" t="Георгия"><v><l id="68797" t="георгий"><g v="NOUN"></g><g v="anim"></g><g v="masc"></g><g v="Name"></g><g v="sing"></g><g v="gent"></g></l></v><v><l id="68797" t="георгий"><g v="NOUN"></g><g v="anim"></g><g v="masc"></g><g v="Name"></g><g v="sing"></g><g v="accs"></g></l></v></tfr></token><token id="621103" text="Гонгадзе"><tfr rev_id="4326923" t="Гонгадзе"><v><l id="72902" t="гонгадзе"><g v="NOUN"></g><g v="anim"></g><g v="ms-f"></g><g v="Fixd"></g><g v="Surn"></g><g v="sing"></g><g v="gent"></g></l></v></tfr></token><token id="621104" text="на"><tfr rev_id="3395551" t="на"><v><l id="166264" t="на"><g v="PREP"></g></l></v></tfr></token><token id="621105" text="23"><tfr rev_id="2461960" t="23"><v><l id="0" t="23"><g v="NUMB"></g></l></v></tfr></token><token id="621106" text="января"><tfr rev_id="1453352" t="января"><v><l id="387905" t="январь"><g v="NOUN"></g><g v="inan"></g><g v="masc"></g><g v="sing"></g><g v="gent"></g></l></v></tfr></token><token id="621107" text="."><tfr rev_id="1453353" t="."><v><l id="0" t="."><g v="PNCT"></g></l></v></tfr></token></tokens></sentence><sentence id="34766"><source>Причиной переноса рассмотрения дела стал гипертонический криз у одного из подсудимых.</source><tokens><token id="621108" text="Причиной"><tfr rev_id="1453354" t="Причиной"><v><l id="276522" t="причина"><g v="NOUN"></g><g v="inan"></g><g v="femn"></g><g v="sing"></g><g v="ablt"></g></l></v></tfr></token><token id="621109" text="переноса"><tfr rev_id="1453355" t="переноса"><v><l id="231867" t="перенос"><g v="NOUN"></g><g v="inan"></g><g v="masc"></g><g v="sing"></g><g v="gent"></g></l></v></tfr></token><token id="621110" text="рассмотрения"><tfr rev_id="3435136" t="рассмотрения"><v><l id="301146" t="рассмотрение"><g v="NOUN"></g><g v="inan"></g><g v="neut"></g><g v="sing"></g><g v="gent"></g></l></v></tfr></token><token id="621111" text="дела"><tfr rev_id="3546372" t="дела"><v><l id="80628" t="дело"><g v="NOUN"></g><g v="inan"></g><g v="neut"></g><g v="sing"></g><g v="gent"></g></l></v></tfr></token><token id="621112" text="стал"><tfr rev_id="1453358" t="стал"><v><l id="335164" t="стал"><g v="VERB"></g><g v="perf"></g><g v="intr"></g><g v="masc"></g><g v="sing"></g><g v="past"></g><g v="indc"></g></l></v></tfr></token><token id="621113" text="гипертонический"><tfr rev_id="1453359" t="гипертонический"><v><l id="70406" t="гипертонический"><g v="ADJF"></g><g v="masc"></g><g v="sing"></g><g v="nomn"></g></l></v><v><l id="70406" t="гипертонический"><g v="ADJF"></g><g v="inan"></g><g v="masc"></g><g v="sing"></g><g v="accs"></g></l></v></tfr></token><token id="621114" text="криз"><tfr rev_id="1453360" t="криз"><v><l id="142724" t="криз"><g v="NOUN"></g><g v="inan"></g><g v="masc"></g><g v="sing"></g><g v="nomn"></g></l></v><v><l id="142724" t="криз"><g v="NOUN"></g><g v="inan"></g><g v="masc"></g><g v="sing"></g><g v="accs"></g></l></v></tfr></token><token id="621115" text="у"><tfr rev_id="3332345" t="у"><v><l id="352818" t="у"><g v="PREP"></g></l></v></tfr></token><token id="621116" text="одного"><tfr rev_id="4300610" t="одного"><v><l id="203319" t="один"><g v="ADJF"></g><g v="Apro"></g><g v="Anum"></g><g v="masc"></g><g v="sing"></g><g v="gent"></g></l></v><v><l id="203319" t="один"><g v="ADJF"></g><g v="Apro"></g><g v="Anum"></g><g v="anim"></g><g v="masc"></g><g v="sing"></g><g v="accs"></g></l></v></tfr></token><token id="621117" text="из"><tfr rev_id="2560648" t="из"><v><l id="117677" t="из"><g v="PREP"></g></l></v></tfr></token><token id="621118" text="подсудимых"><tfr rev_id="4533124" t="подсудимых"><v><l id="390003" t="подсудимые"><g v="NOUN"></g><g v="anim"></g><g v="ms-f"></g><g v="Pltm"></g><g v="plur"></g><g v="gent"></g></l></v><v><l id="390003" t="подсудимые"><g v="NOUN"></g><g v="anim"></g><g v="ms-f"></g><g v="Pltm"></g><g v="plur"></g><g v="accs"></g></l></v><v><l id="390003" t="подсудимые"><g v="NOUN"></g><g v="anim"></g><g v="ms-f"></g><g v="Pltm"></g><g v="plur"></g><g v="loct"></g></l></v></tfr></token><token id="621119" text="."><tfr rev_id="1453365" t="."><v><l id="0" t="."><g v="PNCT"></g></l></v></tfr></token></tokens></sentence></paragraph><paragraph id="11091"><sentence id="34767"><source>Напомним, что руководитель интернет-издания «Украинская правда» Георгий Гонгадзе был похищен 16 сентября 2000 года, в ноябре того же года было обнаружено его обезглавленное тело.</source><tokens><token id="621120" text="Напомним"><tfr rev_id="1453366" t="Напомним"><v><l id="173892" t="напомнил"><g v="VERB"></g><g v="perf"></g><g v="tran"></g><g v="plur"></g><g v="1per"></g><g v="futr"></g><g v="indc"></g></l></v><v><l id="173892" t="напомнил"><g v="VERB"></g><g v="perf"></g><g v="tran"></g><g v="sing"></g><g v="impr"></g><g v="incl"></g></l></v></tfr></token><token id="621121" text=","><tfr rev_id="1453367" t=","><v><l id="0" t=","><g v="PNCT"></g></l></v></tfr></token><token id="621122" text="что"><tfr rev_id="3196987" t="что"><v><l id="377004" t="что"><g v="CONJ"></g></l></v><v><l id="377005" t="что"><g v="NPRO"></g><g v="neut"></g><g v="sing"></g><g v="nomn"></g></l></v><v><l id="377005" t="что"><g v="NPRO"></g><g v="neut"></g><g v="sing"></g><g v="accs"></g></l></v><v><l id="377006" t="что"><g v="ADVB"></g><g v="Ques"></g></l></v><v><l id="388695" t="что"><g v="PRCL"></g></l></v></tfr></token><token id="621123" text="руководитель"><tfr rev_id="1453369" t="руководитель"><v><l id="309980" t="руководитель"><g v="NOUN"></g><g v="anim"></g><g v="masc"></g><g v="sing"></g><g v="nomn"></g></l></v></tfr></token><token id="621124" text="интернет-издания"><tfr rev_id="4540344" t="интернет-издания"><v><l id="392753" t="интернет-издание"><g v="NOUN"></g><g v="inan"></g><g v="neut"></g><g v="plur"></g><g v="accs"></g></l></v><v><l id="392753" t="интернет-издание"><g v="NOUN"></g><g v="inan"></g><g v="neut"></g><g v="plur"></g><g v="nomn"></g></l></v><v><l id="392753" t="интернет-издание"><g v="NOUN"></g><g v="inan"></g><g v="neut"></g><g v="sing"></g><g v="gent"></g></l></v></tfr></token><token id="621125" text="«"><tfr rev_id="2444321" t="«"><v><l id="0" t="«"><g v="PNCT"></g></l></v></tfr></token><token id="621126" text="Украинская"><tfr rev_id="1453372" t="Украинская"><v><l id="356396" t="украинский"><g v="ADJF"></g><g v="Geox"></g><g v="femn"></g><g v="sing"></g><g v="nomn"></g></l></v></tfr></token><token id="621127" text="правда"><tfr rev_id="2625135" t="правда"><v><l id="265572" t="правда"><g v="NOUN"></g><g v="inan"></g><g v="femn"></g><g v="sing"></g><g v="nomn"></g></l></v><v><l id="265574" t="правда"><g v="PRCL"></g></l></v><v><l id="265575" t="правда"><g v="CONJ"></g><g v="Prnt"></g></l></v></tfr></token><token id="621128" text="»"><tfr rev_id="2444322" t="»"><v><l id="0" t="»"><g v="PNCT"></g></l></v></tfr></token><token id="621129" text="Георгий"><tfr rev_id="2606231" t="Георгий"><v><l id="68797" t="георгий"><g v="NOUN"></g><g v="anim"></g><g v="masc"></g><g v="Name"></g><g v="sing"></g><g v="nomn"></g></l></v></tfr></token><token id="621130" text="Гонгадзе"><tfr rev_id="4326924" t="Гонгадзе"><v><l id="72902" t="гонгадзе"><g v="NOUN"></g><g v="anim"></g><g v="ms-f"></g><g v="Fixd"></g><g v="Surn"></g><g v="sing"></g><g v="nomn"></g></l></v></tfr></token><token id="621131" text="был"><tfr rev_id="1453377" t="был"><v><l id="37265" t="есть"><g v="VERB"></g><g v="impf"></g><g v="intr"></g><g v="masc"></g><g v="sing"></g><g v="past"></g><g v="indc"></g></l></v></tfr></token><token id="621132" text="похищен"><tfr rev_id="1453378" t="похищен"><v><l id="264242" t="похищен"><g v="PRTS"></g><g v="perf"></g><g v="past"></g><g v="pssv"></g><g v="masc"></g><g v="sing"></g></l></v></tfr></token><token id="621133" text="16"><tfr rev_id="2461961" t="16"><v><l id="0" t="16"><g v="NUMB"></g></l></v></tfr></token><token id="621134" text="сентября"><tfr rev_id="1453380" t="сентября"><v><l id="318866" t="сентябрь"><g v="NOUN"></g><g v="inan"></g><g v="masc"></g><g v="sing"></g><g v="gent"></g></l></v></tfr></token><token id="621135" text="2000"><tfr rev_id="2461962" t="2000"><v><l id="0" t="2000"><g v="NUMB"></g></l></v></tfr></token><token id="621136" text="года"><tfr rev_id="3504731" t="года"><v><l id="72149" t="год"><g v="NOUN"></g><g v="inan"></g><g v="masc"></g><g v="sing"></g><g v="gen1"></g></l></v></tfr></token><token id="621137" text=","><tfr rev_id="1453383" t=","><v><l id="0" t=","><g v="PNCT"></g></l></v></tfr></token><token id="621138" text="в"><tfr rev_id="1453384" t="в"><v><l id="37409" t="в"><g v="PREP"></g></l></v></tfr></token><token id="621139" text="ноябре"><tfr rev_id="1453385" t="ноябре"><v><l id="192482" t="ноябрь"><g v="NOUN"></g><g v="inan"></g><g v="masc"></g><g v="sing"></g><g v="loct"></g></l></v></tfr></token><token id="621140" text="того"><tfr rev_id="4299002" t="того"><v><l id="348430" t="тот"><g v="ADJF"></g><g v="Subx"></g><g v="Apro"></g><g v="Anph"></g><g v="masc"></g><g v="sing"></g><g v="gent"></g></l></v><v><l id="348430" t="тот"><g v="ADJF"></g><g v="Subx"></g><g v="Apro"></g><g v="Anph"></g><g v="anim"></g><g v="masc"></g><g v="sing"></g><g v="accs"></g></l></v></tfr></token><token id="621141" text="же"><tfr rev_id="1453387" t="же"><v><l id="96208" t="же"><g v="CONJ"></g></l></v><v><l id="96209" t="же"><g v="PRCL"></g></l></v></tfr></token><token id="621142" text="года"><tfr rev_id="3415490" t="года"><v><l id="72149" t="год"><g v="NOUN"></g><g v="inan"></g><g v="masc"></g><g v="sing"></g><g v="gen1"></g></l></v></tfr></token><token id="621143" text="было"><tfr rev_id="3094279" t="было"><v><l id="37265" t="есть"><g v="VERB"></g><g v="impf"></g><g v="intr"></g><g v="neut"></g><g v="sing"></g><g v="past"></g><g v="indc"></g></l></v></tfr></token><token id="621144" text="обнаружено"><tfr rev_id="1453390" t="обнаружено"><v><l id="197783" t="обнаружен"><g v="PRTS"></g><g v="perf"></g><g v="past"></g><g v="pssv"></g><g v="neut"></g><g v="sing"></g></l></v></tfr></token><token id="621145" text="его"><tfr rev_id="4457252" t="его"><v><l id="94208" t="его"><g v="ADJF"></g><g v="Fixd"></g><g v="Apro"></g><g v="Anph"></g><g v="neut"></g><g v="sing"></g><g v="nomn"></g></l></v><v><l id="94208" t="его"><g v="ADJF"></g><g v="Fixd"></g><g v="Apro"></g><g v="Anph"></g><g v="neut"></g><g v="sing"></g><g v="gent"></g></l></v><v><l id="94208" t="его"><g v="ADJF"></g><g v="Fixd"></g><g v="Apro"></g><g v="Anph"></g><g v="neut"></g><g v="sing"></g><g v="datv"></g></l></v><v><l id="94208" t="его"><g v="ADJF"></g><g v="Fixd"></g><g v="Apro"></g><g v="Anph"></g><g v="neut"></g><g v="sing"></g><g v="accs"></g></l></v><v><l id="94208" t="его"><g v="ADJF"></g><g v="Fixd"></g><g v="Apro"></g><g v="Anph"></g><g v="neut"></g><g v="sing"></g><g v="ablt"></g></l></v><v><l id="94208" t="его"><g v="ADJF"></g><g v="Fixd"></g><g v="Apro"></g><g v="Anph"></g><g v="neut"></g><g v="sing"></g><g v="loct"></g></l></v></tfr></token><token id="621146" text="обезглавленное"><tfr rev_id="1453392" t="обезглавленное"><v><l id="194202" t="обезглавленный"><g v="PRTF"></g><g v="perf"></g><g v="tran"></g><g v="past"></g><g v="pssv"></g><g v="neut"></g><g v="sing"></g><g v="nomn"></g></l></v><v><l id="194202" t="обезглавленный"><g v="PRTF"></g><g v="perf"></g><g v="tran"></g><g v="past"></g><g v="pssv"></g><g v="neut"></g><g v="sing"></g><g v="accs"></g></l></v></tfr></token><token id="621147" text="тело"><tfr rev_id="4095599" t="тело"><v><l id="344407" t="тело"><g v="NOUN"></g><g v="inan"></g><g v="neut"></g><g v="sing"></g><g v="nomn"></g></l></v></tfr></token><token id="621148" text="."><tfr rev_id="1453394" t="."><v><l id="0" t="."><g v="PNCT"></g></l></v></tfr></token></tokens></sentence><sentence id="34768"><source>Обнародование бывший майором государственной охраны Николаем Мельниченко записей, сделанных в кабинете президента Украины, из которых можно было сделать вывод, что журналист был «заказан», вызвало политический кризис в стране.</source><tokens><token id="621149" text="Обнародование"><tfr rev_id="3706319" t="Обнародование"><v><l id="197752" t="обнародование"><g v="NOUN"></g><g v="inan"></g><g v="neut"></g><g v="sing"></g><g v="nomn"></g></l></v></tfr></token><token id="621150" text="бывший"><tfr rev_id="1453396" t="бывший"><v><l id="37002" t="бывший"><g v="ADJF"></g><g v="masc"></g><g v="sing"></g><g v="nomn"></g></l></v><v><l id="37002" t="бывший"><g v="ADJF"></g><g v="inan"></g><g v="masc"></g><g v="sing"></g><g v="accs"></g></l></v><v><l id="37267" t="бывший"><g v="PRTF"></g><g v="impf"></g><g v="intr"></g><g v="past"></g><g v="actv"></g><g v="masc"></g><g v="sing"></g><g v="nomn"></g></l></v><v><l id="37267" t="бывший"><g v="PRTF"></g><g v="impf"></g><g v="intr"></g><g v="past"></g><g v="actv"></g><g v="inan"></g><g v="masc"></g><g v="sing"></g><g v="accs"></g></l></v></tfr></token><token id="621151" text="майором"><tfr rev_id="1453397" t="майором"><v><l id="153201" t="майор"><g v="NOUN"></g><g v="anim"></g><g v="masc"></g><g v="sing"></g><g v="ablt"></g></l></v></tfr></token><token id="621152" text="государственной"><tfr rev_id="4417700" t="государственной"><v><l id="74161" t="государственный"><g v="ADJF"></g><g v="femn"></g><g v="sing"></g><g v="gent"></g></l></v></tfr></token><token id="621153" text="охраны"><tfr rev_id="3457330" t="охраны"><v><l id="221327" t="охрана"><g v="NOUN"></g><g v="inan"></g><g v="femn"></g><g v="sing"></g><g v="gent"></g></l></v></tfr></token><token id="621154" text="Николаем"><tfr rev_id="1453400" t="Николаем"><v><l id="190957" t="николай"><g v="NOUN"></g><g v="anim"></g><g v="masc"></g><g v="Name"></g><g v="sing"></g><g v="ablt"></g></l></v></tfr></token><token id="621155" text="Мельниченко"><tfr rev_id="1453401" t="Мельниченко"><v><l id="0" t="мельниченко"><g v="UNKN"></g></l></v></tfr></token><token id="621156" text="записей"><tfr rev_id="1453402" t="записей"><v><l id="107278" t="запись"><g v="NOUN"></g><g v="inan"></g><g v="femn"></g><g v="plur"></g><g v="gent"></g></l></v></tfr></token><token id="621157" text=","><tfr rev_id="1453403" t=","><v><l id="0" t=","><g v="PNCT"></g></l></v></tfr></token><token id="621158" text="сделанных"><tfr rev_id="1453404" t="сделанных"><v><l id="317249" t="сделанный"><g v="PRTF"></g><g v="perf"></g><g v="tran"></g><g v="past"></g><g v="pssv"></g><g v="plur"></g><g v="gent"></g></l></v><v><l id="317249" t="сделанный"><g v="PRTF"></g><g v="perf"></g><g v="tran"></g><g v="past"></g><g v="pssv"></g><g v="anim"></g><g v="plur"></g><g v="accs"></g></l></v><v><l id="317249" t="сделанный"><g v="PRTF"></g><g v="perf"></g><g v="tran"></g><g v="past"></g><g v="pssv"></g><g v="plur"></g><g v="loct"></g></l></v></tfr></token><token id="621159" text="в"><tfr rev_id="1453405" t="в"><v><l id="37409" t="в"><g v="PREP"></g></l></v></tfr></token><token id="621160" text="кабинете"><tfr rev_id="1453406" t="кабинете"><v><l id="127585" t="кабинет"><g v="NOUN"></g><g v="inan"></g><g v="masc"></g><g v="sing"></g><g v="loct"></g></l></v></tfr></token><token id="621161" text="президента"><tfr rev_id="3701867" t="президента"><v><l id="267449" t="президент"><g v="NOUN"></g><g v="anim"></g><g v="masc"></g><g v="sing"></g><g v="gent"></g></l></v></tfr></token><token id="621162" text="Украины"><tfr rev_id="1453408" t="Украины"><v><l id="356365" t="украина"><g v="NOUN"></g><g v="inan"></g><g v="femn"></g><g v="Sgtm"></g><g v="Geox"></g><g v="sing"></g><g v="gent"></g></l></v></tfr></token><token id="621163" text=","><tfr rev_id="1453409" t=","><v><l id="0" t=","><g v="PNCT"></g></l></v></tfr></token><token id="621164" text="из"><tfr rev_id="2560404" t="из"><v><l id="117677" t="из"><g v="PREP"></g></l></v></tfr></token><token id="621165" text="которых"><tfr rev_id="4355984" t="которых"><v><l id="141203" t="который"><g v="ADJF"></g><g v="Apro"></g><g v="Subx"></g><g v="Anph"></g><g v="plur"></g><g v="gent"></g></l></v></tfr></token><token id="621166" text="можно"><tfr rev_id="1453412" t="можно"><v><l id="162467" t="можно"><g v="PRED"></g><g v="pres"></g></l></v></tfr></token><token id="621167" text="было"><tfr rev_id="3124204" t="было"><v><l id="37265" t="есть"><g v="VERB"></g><g v="impf"></g><g v="intr"></g><g v="neut"></g><g v="sing"></g><g v="past"></g><g v="indc"></g></l></v></tfr></token><token id="621168" text="сделать"><tfr rev_id="1453414" t="сделать"><v><l id="317247" t="сделать"><g v="INFN"></g><g v="perf"></g><g v="tran"></g></l></v></tfr></token><token id="621169" text="вывод"><tfr rev_id="1453415" t="вывод"><v><l id="56345" t="вывод"><g v="NOUN"></g><g v="inan"></g><g v="masc"></g><g v="sing"></g><g v="nomn"></g></l></v><v><l id="56345" t="вывод"><g v="NOUN"></g><g v="inan"></g><g v="masc"></g><g v="sing"></g><g v="accs"></g></l></v></tfr></token><token id="621170" text=","><tfr rev_id="1453416" t=","><v><l id="0" t=","><g v="PNCT"></g></l></v></tfr></token><token id="621171" text="что"><tfr rev_id="3196988" t="что"><v><l id="377004" t="что"><g v="CONJ"></g></l></v><v><l id="377005" t="что"><g v="NPRO"></g><g v="neut"></g><g v="sing"></g><g v="nomn"></g></l></v><v><l id="377005" t="что"><g v="NPRO"></g><g v="neut"></g><g v="sing"></g><g v="accs"></g></l></v><v><l id="377006" t="что"><g v="ADVB"></g><g v="Ques"></g></l></v><v><l id="388695" t="что"><g v="PRCL"></g></l></v></tfr></token><token id="621172" text="журналист"><tfr rev_id="1453418" t="журналист"><v><l id="97974" t="журналист"><g v="NOUN"></g><g v="anim"></g><g v="masc"></g><g v="sing"></g><g v="nomn"></g></l></v></tfr></token><token id="621173" text="был"><tfr rev_id="1453419" t="был"><v><l id="37265" t="есть"><g v="VERB"></g><g v="impf"></g><g v="intr"></g><g v="masc"></g><g v="sing"></g><g v="past"></g><g v="indc"></g></l></v></tfr></token><token id="621174" text="«"><tfr rev_id="2444323" t="«"><v><l id="0" t="«"><g v="PNCT"></g></l></v></tfr></token><token id="621175" text="заказан"><tfr rev_id="1453421" t="заказан"><v><l id="102887" t="заказан"><g v="PRTS"></g><g v="perf"></g><g v="past"></g><g v="pssv"></g><g v="masc"></g><g v="sing"></g></l></v></tfr></token><token id="621176" text="»"><tfr rev_id="2444324" t="»"><v><l id="0" t="»"><g v="PNCT"></g></l></v></tfr></token><token id="621177" text=","><tfr rev_id="1453423" t=","><v><l id="0" t=","><g v="PNCT"></g></l></v></tfr></token><token id="621178" text="вызвало"><tfr rev_id="1453424" t="вызвало"><v><l id="57525" t="вызвал"><g v="VERB"></g><g v="perf"></g><g v="tran"></g><g v="neut"></g><g v="sing"></g><g v="past"></g><g v="indc"></g></l></v></tfr></token><token id="621179" text="политический"><tfr rev_id="1453425" t="политический"><v><l id="255870" t="политический"><g v="ADJF"></g><g v="masc"></g><g v="sing"></g><g v="nomn"></g></l></v><v><l id="255870" t="политический"><g v="ADJF"></g><g v="inan"></g><g v="masc"></g><g v="sing"></g><g v="accs"></g></l></v></tfr></token><token id="621180" text="кризис"><tfr rev_id="3710567" t="кризис"><v><l id="142725" t="кризис"><g v="NOUN"></g><g v="inan"></g><g v="masc"></g><g v="sing"></g><g v="accs"></g></l></v></tfr></token><token id="621181" text="в"><tfr rev_id="1453427" t="в"><v><l id="37409" t="в"><g v="PREP"></g></l></v></tfr></token><token id="621182" text="стране"><tfr rev_id="3500269" t="стране"><v><l id="337100" t="страна"><g v="NOUN"></g><g v="inan"></g><g v="femn"></g><g v="sing"></g><g v="loct"></g></l></v></tfr></token><token id="621183" text="."><tfr rev_id="1453429" t="."><v><l id="0" t="."><g v="PNCT"></g></l></v></tfr></token></tokens></sentence><sentence id="34769"><source>Обвинения в преднамеренном убийстве журналиста предъявлены бывшим сотрудникам МВД Украины Валерию Костенко, Николаю Протасову, Александру Поповичу.</source><tokens><token id="621184" text="Обвинения"><tfr rev_id="3761404" t="Обвинения"><v><l id="193410" t="обвинение"><g v="NOUN"></g><g v="inan"></g><g v="neut"></g><g v="plur"></g><g v="nomn"></g></l></v></tfr></token><token id="621185" text="в"><tfr rev_id="1453431" t="в"><v><l id="37409" t="в"><g v="PREP"></g></l></v></tfr></token><token id="621186" text="преднамеренном"><tfr rev_id="4166411" t="преднамеренном"><v><l id="266592" t="преднамеренный"><g v="ADJF"></g><g v="neut"></g><g v="sing"></g><g v="loct"></g></l></v></tfr></token><token id="621187" text="убийстве"><tfr rev_id="1453433" t="убийстве"><v><l id="352998" t="убийство"><g v="NOUN"></g><g v="inan"></g><g v="neut"></g><g v="sing"></g><g v="loct"></g></l></v></tfr></token><token id="621188" text="журналиста"><tfr rev_id="4216679" t="журналиста"><v><l id="97974" t="журналист"><g v="NOUN"></g><g v="anim"></g><g v="masc"></g><g v="sing"></g><g v="gent"></g></l></v></tfr></token><token id="621189" text="предъявлены"><tfr rev_id="1453435" t="предъявлены"><v><l id="267368" t="предъявлен"><g v="PRTS"></g><g v="perf"></g><g v="past"></g><g v="pssv"></g><g v="plur"></g></l></v></tfr></token><token id="621190" text="бывшим"><tfr rev_id="1453436" t="бывшим"><v><l id="37002" t="бывший"><g v="ADJF"></g><g v="masc"></g><g v="sing"></g><g v="ablt"></g></l></v><v><l id="37002" t="бывший"><g v="ADJF"></g><g v="neut"></g><g v="sing"></g><g v="ablt"></g></l></v><v><l id="37002" t="бывший"><g v="ADJF"></g><g v="plur"></g><g v="datv"></g></l></v><v><l id="37267" t="бывший"><g v="PRTF"></g><g v="impf"></g><g v="intr"></g><g v="past"></g><g v="actv"></g><g v="masc"></g><g v="sing"></g><g v="ablt"></g></l></v><v><l id="37267" t="бывший"><g v="PRTF"></g><g v="impf"></g><g v="intr"></g><g v="past"></g><g v="actv"></g><g v="neut"></g><g v="sing"></g><g v="ablt"></g></l></v><v><l id="37267" t="бывший"><g v="PRTF"></g><g v="impf"></g><g v="intr"></g><g v="past"></g><g v="actv"></g><g v="plur"></g><g v="datv"></g></l></v></tfr></token><token id="621191" text="сотрудникам"><tfr rev_id="1453437" t="сотрудникам"><v><l id="330867" t="сотрудник"><g v="NOUN"></g><g v="anim"></g><g v="masc"></g><g v="plur"></g><g v="datv"></g></l></v></tfr></token><token id="621192" text="МВД"><tfr rev_id="3489322" t="МВД"><v><l id="156839" t="мвд"><g v="NOUN"></g><g v="inan"></g><g v="neut"></g><g v="Sgtm"></g><g v="Fixd"></g><g v="Abbr"></g><g v="Orgn"></g><g v="sing"></g><g v="gent"></g></l></v></tfr></token><token id="621193" text="Украины"><tfr rev_id="1453439" t="Украины"><v><l id="356365" t="украина"><g v="NOUN"></g><g v="inan"></g><g v="femn"></g><g v="Sgtm"></g><g v="Geox"></g><g v="sing"></g><g v="gent"></g></l></v></tfr></token><token id="621194" text="Валерию"><tfr rev_id="4281818" t="Валерию"><v><l id="38160" t="валерий"><g v="NOUN"></g><g v="anim"></g><g v="masc"></g><g v="Name"></g><g v="sing"></g><g v="datv"></g></l></v></tfr></token><token id="621195" text="Костенко"><tfr rev_id="4326658" t="Костенко"><v><l id="140779" t="костенко"><g v="NOUN"></g><g v="anim"></g><g v="ms-f"></g><g v="Fixd"></g><g v="Surn"></g><g v="sing"></g><g v="datv"></g></l></v></tfr></token><token id="621196" text=","><tfr rev_id="1453442" t=","><v><l id="0" t=","><g v="PNCT"></g></l></v></tfr></token><token id="621197" text="Николаю"><tfr rev_id="1453443" t="Николаю"><v><l id="190957" t="николай"><g v="NOUN"></g><g v="anim"></g><g v="masc"></g><g v="Name"></g><g v="sing"></g><g v="datv"></g></l></v></tfr></token><token id="621198" text="Протасову"><tfr rev_id="4293817" t="Протасову"><v><l id="285612" t="протасов"><g v="NOUN"></g><g v="anim"></g><g v="masc"></g><g v="Sgtm"></g><g v="Surn"></g><g v="sing"></g><g v="datv"></g></l></v></tfr></token><token id="621199" text=","><tfr rev_id="1453445" t=","><v><l id="0" t=","><g v="PNCT"></g></l></v></tfr></token><token id="621200" text="Александру"><tfr rev_id="4181498" t="Александру"><v><l id="8527" t="александр"><g v="NOUN"></g><g v="anim"></g><g v="masc"></g><g v="Name"></g><g v="sing"></g><g v="datv"></g></l></v></tfr></token><token id="621201" text="Поповичу"><tfr rev_id="1453447" t="Поповичу"><v><l id="259347" t="попович"><g v="NOUN"></g><g v="anim"></g><g v="masc"></g><g v="sing"></g><g v="datv"></g></l></v></tfr></token><token id="621202" text="."><tfr rev_id="1453448" t="."><v><l id="0" t="."><g v="PNCT"></g></l></v></tfr></token></tokens></sentence><sentence id="34770"><source>Еще один обвиняемый, бывший начальник департамента внешнего наблюдения МВД Украины Алексей Пукач, в свое время был арестован, но затем отпущен, сейчас находится в розыске.</source><tokens><token id="621203" text="Еще"><tfr rev_id="1453449" t="Еще"><v><l id="95551" t="ещё"><g v="PRCL"></g></l></v><v><l id="95552" t="ещё"><g v="ADVB"></g></l></v></tfr></token><token id="621204" text="один"><tfr rev_id="4299663" t="один"><v><l id="203319" t="один"><g v="ADJF"></g><g v="Apro"></g><g v="Anum"></g><g v="masc"></g><g v="sing"></g><g v="nomn"></g></l></v><v><l id="203319" t="один"><g v="ADJF"></g><g v="Apro"></g><g v="Anum"></g><g v="inan"></g><g v="masc"></g><g v="sing"></g><g v="accs"></g></l></v></tfr></token><token id="621205" text="обвиняемый"><tfr rev_id="1453451" t="обвиняемый"><v><l id="193426" t="обвиняемый"><g v="PRTF"></g><g v="Subx"></g><g v="impf"></g><g v="tran"></g><g v="pres"></g><g v="pssv"></g><g v="masc"></g><g v="sing"></g><g v="nomn"></g></l></v><v><l id="193426" t="обвиняемый"><g v="PRTF"></g><g v="Subx"></g><g v="impf"></g><g v="tran"></g><g v="pres"></g><g v="pssv"></g><g v="inan"></g><g v="masc"></g><g v="sing"></g><g v="accs"></g></l></v></tfr></token><token id="621206" text=","><tfr rev_id="1453452" t=","><v><l id="0" t=","><g v="PNCT"></g></l></v></tfr></token><token id="621207" text="бывший"><tfr rev_id="1453453" t="бывший"><v><l id="37002" t="бывший"><g v="ADJF"></g><g v="masc"></g><g v="sing"></g><g v="nomn"></g></l></v><v><l id="37002" t="бывший"><g v="ADJF"></g><g v="inan"></g><g v="masc"></g><g v="sing"></g><g v="accs"></g></l></v><v><l id="37267" t="бывший"><g v="PRTF"></g><g v="impf"></g><g v="intr"></g><g v="past"></g><g v="actv"></g><g v="masc"></g><g v="sing"></g><g v="nomn"></g></l></v><v><l id="37267" t="бывший"><g v="PRTF"></g><g v="impf"></g><g v="intr"></g><g v="past"></g><g v="actv"></g><g v="inan"></g><g v="masc"></g><g v="sing"></g><g v="accs"></g></l></v></tfr></token><token id="621208" text="начальник"><tfr rev_id="1453454" t="начальник"><v><l id="178197" t="начальник"><g v="NOUN"></g><g v="anim"></g><g v="masc"></g><g v="sing"></g><g v="nomn"></g></l></v></tfr></token><token id="621209" text="департамента"><tfr rev_id="1453455" t="департамента"><v><l id="81458" t="департамент"><g v="NOUN"></g><g v="inan"></g><g v="masc"></g><g v="sing"></g><g v="gent"></g></l></v></tfr></token><token id="621210" text="внешнего"><tfr rev_id="4166818" t="внешнего"><v><l id="47535" t="внешний"><g v="ADJF"></g><g v="neut"></g><g v="sing"></g><g v="gent"></g></l></v></tfr></token><token id="621211" text="наблюдения"><tfr rev_id="3486988" t="наблюдения"><v><l id="166544" t="наблюдение"><g v="NOUN"></g><g v="inan"></g><g v="neut"></g><g v="sing"></g><g v="gent"></g></l></v></tfr></token><token id="621212" text="МВД"><tfr rev_id="3491183" t="МВД"><v><l id="156839" t="мвд"><g v="NOUN"></g><g v="inan"></g><g v="neut"></g><g v="Sgtm"></g><g v="Fixd"></g><g v="Abbr"></g><g v="Orgn"></g><g v="sing"></g><g v="gent"></g></l></v></tfr></token><token id="621213" text="Украины"><tfr rev_id="1453459" t="Украины"><v><l id="356365" t="украина"><g v="NOUN"></g><g v="inan"></g><g v="femn"></g><g v="Sgtm"></g><g v="Geox"></g><g v="sing"></g><g v="gent"></g></l></v></tfr></token><token id="621214" text="Алексей"><tfr rev_id="1453460" t="Алексей"><v><l id="8618" t="алексей"><g v="NOUN"></g><g v="anim"></g><g v="masc"></g><g v="Name"></g><g v="sing"></g><g v="nomn"></g></l></v></tfr></token><token id="621215" text="Пукач"><tfr rev_id="1453461" t="Пукач"><v><l id="0" t="пукач"><g v="UNKN"></g></l></v></tfr></token><token id="621216" text=","><tfr rev_id="1453462" t=","><v><l id="0" t=","><g v="PNCT"></g></l></v></tfr></token><token id="621217" text="в"><tfr rev_id="1453463" t="в"><v><l id="37409" t="в"><g v="PREP"></g></l></v></tfr></token><token id="621218" text="свое"><tfr rev_id="3632809" t="свое"><v><l id="316379" t="свой"><g v="ADJF"></g><g v="Apro"></g><g v="Anph"></g><g v="neut"></g><g v="sing"></g><g v="nomn"></g></l></v><v><l id="316379" t="свой"><g v="ADJF"></g><g v="Apro"></g><g v="Anph"></g><g v="neut"></g><g v="sing"></g><g v="accs"></g></l></v></tfr></token><token id="621219" text="время"><tfr rev_id="3230409" t="время"><v><l id="53149" t="время"><g v="NOUN"></g><g v="inan"></g><g v="neut"></g><g v="sing"></g><g v="accs"></g></l></v></tfr></token><token id="621220" text="был"><tfr rev_id="1453466" t="был"><v><l id="37265" t="есть"><g v="VERB"></g><g v="impf"></g><g v="intr"></g><g v="masc"></g><g v="sing"></g><g v="past"></g><g v="indc"></g></l></v></tfr></token><token id="621221" text="арестован"><tfr rev_id="1453467" t="арестован"><v><l id="16270" t="арестован"><g v="PRTS"></g><g v="perf"></g><g v="past"></g><g v="pssv"></g><g v="masc"></g><g v="sing"></g></l></v></tfr></token><token id="621222" text=","><tfr rev_id="1453468" t=","><v><l id="0" t=","><g v="PNCT"></g></l></v></tfr></token><token id="621223" text="но"><tfr rev_id="3696838" t="но"><v><l id="191429" t="но"><g v="CONJ"></g></l></v></tfr></token><token id="621224" text="затем"><tfr rev_id="1453470" t="затем"><v><l id="111250" t="затем"><g v="ADVB"></g><g v="Dmns"></g></l></v></tfr></token><token id="621225" text="отпущен"><tfr rev_id="1453471" t="отпущен"><v><l id="217150" t="отпущен"><g v="PRTS"></g><g v="perf"></g><g v="past"></g><g v="pssv"></g><g v="masc"></g><g v="sing"></g></l></v></tfr></token><token id="621226" text=","><tfr rev_id="1453472" t=","><v><l id="0" t=","><g v="PNCT"></g></l></v></tfr></token><token id="621227" text="сейчас"><tfr rev_id="1453473" t="сейчас"><v><l id="317975" t="сейчас"><g v="ADVB"></g></l></v></tfr></token><token id="621228" text="находится"><tfr rev_id="1453474" t="находится"><v><l id="177898" t="нахожусь"><g v="VERB"></g><g v="impf"></g><g v="intr"></g><g v="sing"></g><g v="3per"></g><g v="pres"></g><g v="indc"></g></l></v><v><l id="177903" t="находился"><g v="VERB"></g><g v="perf"></g><g v="intr"></g><g v="sing"></g><g v="3per"></g><g v="futr"></g><g v="indc"></g></l></v></tfr></token><token id="621229" text="в"><tfr rev_id="1453475" t="в"><v><l id="37409" t="в"><g v="PREP"></g></l></v></tfr></token><token id="621230" text="розыске"><tfr rev_id="1453476" t="розыске"><v><l id="308649" t="розыск"><g v="NOUN"></g><g v="inan"></g><g v="masc"></g><g v="sing"></g><g v="loct"></g></l></v></tfr></token><token id="621231" text="."><tfr rev_id="1453477" t="."><v><l id="0" t="."><g v="PNCT"></g></l></v></tfr></token></tokens></sentence><sentence id="34771"><source>Заказчики убийства до сих пор следствием не установлены.</source><tokens><token id="621232" text="Заказчики"><tfr rev_id="1453478" t="Заказчики"><v><l id="102894" t="заказчик"><g v="NOUN"></g><g v="anim"></g><g v="masc"></g><g v="plur"></g><g v="nomn"></g></l></v></tfr></token><token id="621233" text="убийства"><tfr rev_id="2693702" t="убийства"><v><l id="352998" t="убийство"><g v="NOUN"></g><g v="inan"></g><g v="neut"></g><g v="sing"></g><g v="gent"></g></l></v></tfr></token><token id="621234" text="до"><tfr rev_id="1453480" t="до"><v><l id="85153" t="до"><g v="PREP"></g></l></v></tfr></token><token id="621235" text="сих"><tfr rev_id="4356206" t="сих"><v><l id="317879" t="сей"><g v="ADJF"></g><g v="Apro"></g><g v="Subx"></g><g v="plur"></g><g v="gent"></g></l></v></tfr></token><token id="621236" text="пор"><tfr rev_id="1453482" t="пор"><v><l id="259871" t="пора"><g v="NOUN"></g><g v="inan"></g><g v="femn"></g><g v="plur"></g><g v="gent"></g></l></v></tfr></token><token id="621237" text="следствием"><tfr rev_id="1453483" t="следствием"><v><l id="324765" t="следствие"><g v="NOUN"></g><g v="inan"></g><g v="neut"></g><g v="sing"></g><g v="ablt"></g></l></v></tfr></token><token id="621238" text="не"><tfr rev_id="1453484" t="не"><v><l id="178876" t="не"><g v="PRCL"></g></l></v></tfr></token><token id="621239" text="установлены"><tfr rev_id="1453485" t="установлены"><v><l id="360985" t="установлен"><g v="PRTS"></g><g v="perf"></g><g v="past"></g><g v="pssv"></g><g v="plur"></g></l></v></tfr></token><token id="621240" text="."><tfr rev_id="1453486" t="."><v><l id="0" t="."><g v="PNCT"></g></l></v></tfr></token></tokens></sentence></paragraph></paragraphs></text>