<?xml version="1.0" encoding="utf-8"?><text id="1187" parent="226" name="Эвелина Хромченко покинула L`Officiel"><tags><tag>url:http://www.chaskor.ru/news/evelina_hromchenko_pokinula_lofficiel</tag><tag>Год:2010</tag><tag>Дата: 21/05</tag><tag>Тема:ЧасКор:Медиа</tag><tag>Тема:ЧасКор:Медиа/Печать</tag></tags><paragraphs><paragraph id="11117"><sentence id="34891"><source>Эвелина Хромченко покинула L`Officiel</source><tokens><token id="623022" text="Эвелина"><tfr rev_id="1455268" t="Эвелина"><v><l id="382785" t="эвелина"><g v="NOUN"></g><g v="anim"></g><g v="femn"></g><g v="Name"></g><g v="sing"></g><g v="nomn"></g></l></v></tfr></token><token id="623023" text="Хромченко"><tfr rev_id="1455269" t="Хромченко"><v><l id="0" t="хромченко"><g v="UNKN"></g></l></v></tfr></token><token id="623024" text="покинула"><tfr rev_id="1455270" t="покинула"><v><l id="254301" t="покинул"><g v="VERB"></g><g v="perf"></g><g v="tran"></g><g v="femn"></g><g v="sing"></g><g v="past"></g><g v="indc"></g></l></v></tfr></token><token id="623025" text="L`Officiel"><tfr rev_id="1455271" t="L`Officiel"><v><l id="0" t="L`Officiel"><g v="UNKN"></g></l></v></tfr></token></tokens></sentence><sentence id="34892"><source>Некоторые СМИ пишут о том, что главред модного издания была уволена за «чрезмерное увлечение продвижением собственной карьеры в ущерб развитию журнала».</source><tokens><token id="623026" text="Некоторые"><tfr rev_id="4470852" t="Некоторые"><v><l id="183542" t="некоторый"><g v="ADJF"></g><g v="Apro"></g><g v="plur"></g><g v="nomn"></g></l></v><v><l id="183542" t="некоторый"><g v="ADJF"></g><g v="Apro"></g><g v="inan"></g><g v="plur"></g><g v="accs"></g></l></v></tfr></token><token id="623027" text="СМИ"><tfr rev_id="4489532" t="СМИ"><v><l id="326341" t="сми"><g v="NOUN"></g><g v="inan"></g><g v="GNdr"></g><g v="Pltm"></g><g v="Fixd"></g><g v="Abbr"></g><g v="plur"></g><g v="nomn"></g></l></v></tfr></token><token id="623028" text="пишут"><tfr rev_id="1455274" t="пишут"><v><l id="239101" t="пишу"><g v="VERB"></g><g v="impf"></g><g v="tran"></g><g v="plur"></g><g v="3per"></g><g v="pres"></g><g v="indc"></g></l></v></tfr></token><token id="623029" text="о"><tfr rev_id="3226484" t="о"><v><l id="192977" t="о"><g v="PREP"></g></l></v></tfr></token><token id="623030" text="том"><tfr rev_id="4310061" t="том"><v><l id="348430" t="тот"><g v="ADJF"></g><g v="Subx"></g><g v="Apro"></g><g v="Anph"></g><g v="neut"></g><g v="sing"></g><g v="loct"></g></l></v></tfr></token><token id="623031" text=","><tfr rev_id="1455277" t=","><v><l id="0" t=","><g v="PNCT"></g></l></v></tfr></token><token id="623032" text="что"><tfr rev_id="3197025" t="что"><v><l id="377004" t="что"><g v="CONJ"></g></l></v><v><l id="377005" t="что"><g v="NPRO"></g><g v="neut"></g><g v="sing"></g><g v="nomn"></g></l></v><v><l id="377005" t="что"><g v="NPRO"></g><g v="neut"></g><g v="sing"></g><g v="accs"></g></l></v><v><l id="377006" t="что"><g v="ADVB"></g><g v="Ques"></g></l></v><v><l id="388695" t="что"><g v="PRCL"></g></l></v></tfr></token><token id="623033" text="главред"><tfr rev_id="3420511" t="главред"><v><l id="388947" t="главред"><g v="NOUN"></g><g v="anim"></g><g v="masc"></g><g v="sing"></g><g v="nomn"></g></l></v></tfr></token><token id="623034" text="модного"><tfr rev_id="4166367" t="модного"><v><l id="162403" t="модный"><g v="ADJF"></g><g v="Qual"></g><g v="neut"></g><g v="sing"></g><g v="gent"></g></l></v></tfr></token><token id="623035" text="издания"><tfr rev_id="3225356" t="издания"><v><l id="118742" t="издание"><g v="NOUN"></g><g v="inan"></g><g v="neut"></g><g v="sing"></g><g v="gent"></g></l></v></tfr></token><token id="623036" text="была"><tfr rev_id="1455282" t="была"><v><l id="37265" t="есть"><g v="VERB"></g><g v="impf"></g><g v="intr"></g><g v="femn"></g><g v="sing"></g><g v="past"></g><g v="indc"></g></l></v></tfr></token><token id="623037" text="уволена"><tfr rev_id="1455283" t="уволена"><v><l id="353812" t="уволен"><g v="PRTS"></g><g v="perf"></g><g v="past"></g><g v="pssv"></g><g v="femn"></g><g v="sing"></g></l></v></tfr></token><token id="623038" text="за"><tfr rev_id="1455284" t="за"><v><l id="98043" t="за"><g v="PREP"></g></l></v></tfr></token><token id="623039" text="«"><tfr rev_id="2444426" t="«"><v><l id="0" t="«"><g v="PNCT"></g></l></v></tfr></token><token id="623040" text="чрезмерное"><tfr rev_id="1455286" t="чрезмерное"><v><l id="376979" t="чрезмерный"><g v="ADJF"></g><g v="Qual"></g><g v="neut"></g><g v="sing"></g><g v="nomn"></g></l></v><v><l id="376979" t="чрезмерный"><g v="ADJF"></g><g v="Qual"></g><g v="neut"></g><g v="sing"></g><g v="accs"></g></l></v></tfr></token><token id="623041" text="увлечение"><tfr rev_id="1455287" t="увлечение"><v><l id="353752" t="увлечение"><g v="NOUN"></g><g v="inan"></g><g v="neut"></g><g v="sing"></g><g v="nomn"></g></l></v><v><l id="353752" t="увлечение"><g v="NOUN"></g><g v="inan"></g><g v="neut"></g><g v="sing"></g><g v="accs"></g></l></v></tfr></token><token id="623042" text="продвижением"><tfr rev_id="1455288" t="продвижением"><v><l id="278994" t="продвижение"><g v="NOUN"></g><g v="inan"></g><g v="neut"></g><g v="sing"></g><g v="ablt"></g></l></v></tfr></token><token id="623043" text="собственной"><tfr rev_id="4166739" t="собственной"><v><l id="327840" t="собственный"><g v="ADJF"></g><g v="femn"></g><g v="sing"></g><g v="gent"></g></l></v></tfr></token><token id="623044" text="карьеры"><tfr rev_id="3439869" t="карьеры"><v><l id="130914" t="карьера"><g v="NOUN"></g><g v="inan"></g><g v="femn"></g><g v="sing"></g><g v="gent"></g></l></v></tfr></token><token id="623045" text="в"><tfr rev_id="1455291" t="в"><v><l id="37409" t="в"><g v="PREP"></g></l></v></tfr></token><token id="623046" text="ущерб"><tfr rev_id="3300399" t="ущерб"><v><l id="363608" t="ущерб"><g v="NOUN"></g><g v="inan"></g><g v="masc"></g><g v="sing"></g><g v="accs"></g></l></v></tfr></token><token id="623047" text="развитию"><tfr rev_id="1455293" t="развитию"><v><l id="292545" t="развитие"><g v="NOUN"></g><g v="inan"></g><g v="neut"></g><g v="sing"></g><g v="datv"></g></l></v></tfr></token><token id="623048" text="журнала"><tfr rev_id="1455294" t="журнала"><v><l id="97972" t="журнал"><g v="NOUN"></g><g v="inan"></g><g v="masc"></g><g v="sing"></g><g v="gent"></g></l></v></tfr></token><token id="623049" text="»"><tfr rev_id="2444427" t="»"><v><l id="0" t="»"><g v="PNCT"></g></l></v></tfr></token><token id="623050" text="."><tfr rev_id="1455296" t="."><v><l id="0" t="."><g v="PNCT"></g></l></v></tfr></token></tokens></sentence></paragraph><paragraph id="11118"><sentence id="34893"><source>С 19 мая Эвелина Хромченко более не является главным редактором журнала L`Officiel, которым руководила последние 12 лет.</source><tokens><token id="623051" text="С"><tfr rev_id="1455297" t="С"><v><l id="311151" t="с"><g v="PREP"></g></l></v></tfr></token><token id="623052" text="19"><tfr rev_id="2461965" t="19"><v><l id="0" t="19"><g v="NUMB"></g></l></v></tfr></token><token id="623053" text="мая"><tfr rev_id="4293134" t="мая"><v><l id="153142" t="май"><g v="NOUN"></g><g v="inan"></g><g v="masc"></g><g v="Sgtm"></g><g v="sing"></g><g v="gent"></g></l></v></tfr></token><token id="623054" text="Эвелина"><tfr rev_id="1455300" t="Эвелина"><v><l id="382785" t="эвелина"><g v="NOUN"></g><g v="anim"></g><g v="femn"></g><g v="Name"></g><g v="sing"></g><g v="nomn"></g></l></v></tfr></token><token id="623055" text="Хромченко"><tfr rev_id="1455301" t="Хромченко"><v><l id="0" t="хромченко"><g v="UNKN"></g></l></v></tfr></token><token id="623056" text="более"><tfr rev_id="1455302" t="более"><v><l id="32065" t="более"><g v="ADVB"></g></l></v></tfr></token><token id="623057" text="не"><tfr rev_id="1455303" t="не"><v><l id="178876" t="не"><g v="PRCL"></g></l></v></tfr></token><token id="623058" text="является"><tfr rev_id="1455304" t="является"><v><l id="387385" t="являюсь"><g v="VERB"></g><g v="impf"></g><g v="intr"></g><g v="sing"></g><g v="3per"></g><g v="pres"></g><g v="indc"></g></l></v></tfr></token><token id="623059" text="главным"><tfr rev_id="4405071" t="главным"><v><l id="70842" t="главный"><g v="ADJF"></g><g v="Qual"></g><g v="masc"></g><g v="sing"></g><g v="ablt"></g></l></v></tfr></token><token id="623060" text="редактором"><tfr rev_id="1455306" t="редактором"><v><l id="304972" t="редактор"><g v="NOUN"></g><g v="anim"></g><g v="masc"></g><g v="sing"></g><g v="ablt"></g></l></v></tfr></token><token id="623061" text="журнала"><tfr rev_id="1455307" t="журнала"><v><l id="97972" t="журнал"><g v="NOUN"></g><g v="inan"></g><g v="masc"></g><g v="sing"></g><g v="gent"></g></l></v></tfr></token><token id="623062" text="L`Officiel"><tfr rev_id="1455308" t="L`Officiel"><v><l id="0" t="L`Officiel"><g v="UNKN"></g></l></v></tfr></token><token id="623063" text=","><tfr rev_id="1455309" t=","><v><l id="0" t=","><g v="PNCT"></g></l></v></tfr></token><token id="623064" text="которым"><tfr rev_id="4298523" t="которым"><v><l id="141203" t="который"><g v="ADJF"></g><g v="Apro"></g><g v="Subx"></g><g v="Anph"></g><g v="masc"></g><g v="sing"></g><g v="ablt"></g></l></v></tfr></token><token id="623065" text="руководила"><tfr rev_id="1455311" t="руководила"><v><l id="309989" t="руковожу"><g v="VERB"></g><g v="impf"></g><g v="intr"></g><g v="femn"></g><g v="sing"></g><g v="past"></g><g v="indc"></g></l></v><v><l id="309994" t="руковожу"><g v="VERB"></g><g v="impf"></g><g v="tran"></g><g v="femn"></g><g v="sing"></g><g v="past"></g><g v="indc"></g></l></v></tfr></token><token id="623066" text="последние"><tfr rev_id="3861356" t="последние"><v><l id="261565" t="последний"><g v="ADJF"></g><g v="inan"></g><g v="plur"></g><g v="accs"></g></l></v></tfr></token><token id="623067" text="12"><tfr rev_id="2461966" t="12"><v><l id="0" t="12"><g v="NUMB"></g></l></v></tfr></token><token id="623068" text="лет"><tfr rev_id="3447934" t="лет"><v><l id="72149" t="год"><g v="NOUN"></g><g v="inan"></g><g v="masc"></g><g v="plur"></g><g v="gent"></g></l></v></tfr></token><token id="623069" text="."><tfr rev_id="1455315" t="."><v><l id="0" t="."><g v="PNCT"></g></l></v></tfr></token></tokens></sentence><sentence id="34894"><source>Большинство СМИ пишут о том, что Хромченко покинула модное издание, однако часть агентств утверждает, что главреда попросили уволиться.</source><tokens><token id="623070" text="Большинство"><tfr rev_id="3549898" t="Большинство"><v><l id="32441" t="большинство"><g v="NOUN"></g><g v="inan"></g><g v="neut"></g><g v="Sgtm"></g><g v="sing"></g><g v="nomn"></g></l></v></tfr></token><token id="623071" text="СМИ"><tfr rev_id="4489533" t="СМИ"><v><l id="326341" t="сми"><g v="NOUN"></g><g v="inan"></g><g v="GNdr"></g><g v="Pltm"></g><g v="Fixd"></g><g v="Abbr"></g><g v="plur"></g><g v="gent"></g></l></v></tfr></token><token id="623072" text="пишут"><tfr rev_id="1455318" t="пишут"><v><l id="239101" t="пишу"><g v="VERB"></g><g v="impf"></g><g v="tran"></g><g v="plur"></g><g v="3per"></g><g v="pres"></g><g v="indc"></g></l></v></tfr></token><token id="623073" text="о"><tfr rev_id="3328210" t="о"><v><l id="192977" t="о"><g v="PREP"></g></l></v></tfr></token><token id="623074" text="том"><tfr rev_id="3774463" t="том"><v><l id="348430" t="тот"><g v="ADJF"></g><g v="Subx"></g><g v="Apro"></g><g v="Anph"></g><g v="masc"></g><g v="sing"></g><g v="loct"></g></l></v><v><l id="348430" t="тот"><g v="ADJF"></g><g v="Subx"></g><g v="Apro"></g><g v="Anph"></g><g v="neut"></g><g v="sing"></g><g v="loct"></g></l></v></tfr></token><token id="623075" text=","><tfr rev_id="1455321" t=","><v><l id="0" t=","><g v="PNCT"></g></l></v></tfr></token><token id="623076" text="что"><tfr rev_id="3197026" t="что"><v><l id="377004" t="что"><g v="CONJ"></g></l></v><v><l id="377005" t="что"><g v="NPRO"></g><g v="neut"></g><g v="sing"></g><g v="nomn"></g></l></v><v><l id="377005" t="что"><g v="NPRO"></g><g v="neut"></g><g v="sing"></g><g v="accs"></g></l></v><v><l id="377006" t="что"><g v="ADVB"></g><g v="Ques"></g></l></v><v><l id="388695" t="что"><g v="PRCL"></g></l></v></tfr></token><token id="623077" text="Хромченко"><tfr rev_id="1455323" t="Хромченко"><v><l id="0" t="хромченко"><g v="UNKN"></g></l></v></tfr></token><token id="623078" text="покинула"><tfr rev_id="1455324" t="покинула"><v><l id="254301" t="покинул"><g v="VERB"></g><g v="perf"></g><g v="tran"></g><g v="femn"></g><g v="sing"></g><g v="past"></g><g v="indc"></g></l></v></tfr></token><token id="623079" text="модное"><tfr rev_id="1455325" t="модное"><v><l id="162403" t="модный"><g v="ADJF"></g><g v="Qual"></g><g v="neut"></g><g v="sing"></g><g v="nomn"></g></l></v><v><l id="162403" t="модный"><g v="ADJF"></g><g v="Qual"></g><g v="neut"></g><g v="sing"></g><g v="accs"></g></l></v></tfr></token><token id="623080" text="издание"><tfr rev_id="4096826" t="издание"><v><l id="118742" t="издание"><g v="NOUN"></g><g v="inan"></g><g v="neut"></g><g v="sing"></g><g v="accs"></g></l></v></tfr></token><token id="623081" text=","><tfr rev_id="1455327" t=","><v><l id="0" t=","><g v="PNCT"></g></l></v></tfr></token><token id="623082" text="однако"><tfr rev_id="4572759" t="однако"><v><l id="203387" t="однако"><g v="CONJ"></g><g v="Prnt"></g></l></v></tfr></token><token id="623083" text="часть"><tfr rev_id="3547634" t="часть"><v><l id="374820" t="часть"><g v="NOUN"></g><g v="inan"></g><g v="femn"></g><g v="sing"></g><g v="nomn"></g></l></v></tfr></token><token id="623084" text="агентств"><tfr rev_id="1455330" t="агентств"><v><l id="3934" t="агентство"><g v="NOUN"></g><g v="inan"></g><g v="neut"></g><g v="plur"></g><g v="gent"></g></l></v></tfr></token><token id="623085" text="утверждает"><tfr rev_id="1455331" t="утверждает"><v><l id="361706" t="утверждаю"><g v="VERB"></g><g v="impf"></g><g v="tran"></g><g v="sing"></g><g v="3per"></g><g v="pres"></g><g v="indc"></g></l></v><v><l id="361713" t="утверждаю"><g v="VERB"></g><g v="impf"></g><g v="intr"></g><g v="sing"></g><g v="3per"></g><g v="pres"></g><g v="indc"></g></l></v></tfr></token><token id="623086" text=","><tfr rev_id="1455332" t=","><v><l id="0" t=","><g v="PNCT"></g></l></v></tfr></token><token id="623087" text="что"><tfr rev_id="3197027" t="что"><v><l id="377004" t="что"><g v="CONJ"></g></l></v><v><l id="377005" t="что"><g v="NPRO"></g><g v="neut"></g><g v="sing"></g><g v="nomn"></g></l></v><v><l id="377005" t="что"><g v="NPRO"></g><g v="neut"></g><g v="sing"></g><g v="accs"></g></l></v><v><l id="377006" t="что"><g v="ADVB"></g><g v="Ques"></g></l></v><v><l id="388695" t="что"><g v="PRCL"></g></l></v></tfr></token><token id="623088" text="главреда"><tfr rev_id="4389405" t="главреда"><v><l id="388947" t="главред"><g v="NOUN"></g><g v="anim"></g><g v="masc"></g><g v="sing"></g><g v="accs"></g></l></v></tfr></token><token id="623089" text="попросили"><tfr rev_id="1455335" t="попросили"><v><l id="259617" t="попросил"><g v="VERB"></g><g v="perf"></g><g v="tran"></g><g v="plur"></g><g v="past"></g><g v="indc"></g></l></v></tfr></token><token id="623090" text="уволиться"><tfr rev_id="1455336" t="уволиться"><v><l id="353815" t="уволиться"><g v="INFN"></g><g v="perf"></g><g v="intr"></g></l></v></tfr></token><token id="623091" text="."><tfr rev_id="1455337" t="."><v><l id="0" t="."><g v="PNCT"></g></l></v></tfr></token></tokens></sentence><sentence id="34895"><source>Одной из причин увольнения издатель L`Officiel Евгений Змиевец назвал «...чрезмерное увлечение Эвелины продвижением собственной карьеры в ущерб развитию журнала».</source><tokens><token id="623092" text="Одной"><tfr rev_id="4302347" t="Одной"><v><l id="203319" t="один"><g v="ADJF"></g><g v="Apro"></g><g v="Anum"></g><g v="femn"></g><g v="sing"></g><g v="ablt"></g></l></v></tfr></token><token id="623093" text="из"><tfr rev_id="2603809" t="из"><v><l id="117677" t="из"><g v="PREP"></g></l></v></tfr></token><token id="623094" text="причин"><tfr rev_id="1455340" t="причин"><v><l id="276522" t="причина"><g v="NOUN"></g><g v="inan"></g><g v="femn"></g><g v="plur"></g><g v="gent"></g></l></v></tfr></token><token id="623095" text="увольнения"><tfr rev_id="3476149" t="увольнения"><v><l id="353838" t="увольнение"><g v="NOUN"></g><g v="inan"></g><g v="neut"></g><g v="sing"></g><g v="gent"></g></l></v></tfr></token><token id="623096" text="издатель"><tfr rev_id="1455342" t="издатель"><v><l id="118744" t="издатель"><g v="NOUN"></g><g v="anim"></g><g v="masc"></g><g v="sing"></g><g v="nomn"></g></l></v></tfr></token><token id="623097" text="L`Officiel"><tfr rev_id="1455343" t="L`Officiel"><v><l id="0" t="L`Officiel"><g v="UNKN"></g></l></v></tfr></token><token id="623098" text="Евгений"><tfr rev_id="3448195" t="Евгений"><v><l id="93848" t="евгений"><g v="NOUN"></g><g v="anim"></g><g v="masc"></g><g v="Name"></g><g v="sing"></g><g v="nomn"></g></l></v></tfr></token><token id="623099" text="Змиевец"><tfr rev_id="1455345" t="Змиевец"><v><l id="0" t="змиевец"><g v="UNKN"></g></l></v></tfr></token><token id="623100" text="назвал"><tfr rev_id="1455346" t="назвал"><v><l id="170342" t="назвал"><g v="VERB"></g><g v="perf"></g><g v="tran"></g><g v="masc"></g><g v="sing"></g><g v="past"></g><g v="indc"></g></l></v></tfr></token><token id="623101" text="«"><tfr rev_id="2444428" t="«"><v><l id="0" t="«"><g v="PNCT"></g></l></v></tfr></token><token id="623102" text="..."><tfr rev_id="1455348" t="..."><v><l id="0" t="..."><g v="PNCT"></g></l></v></tfr></token><token id="623103" text="чрезмерное"><tfr rev_id="1455349" t="чрезмерное"><v><l id="376979" t="чрезмерный"><g v="ADJF"></g><g v="Qual"></g><g v="neut"></g><g v="sing"></g><g v="nomn"></g></l></v><v><l id="376979" t="чрезмерный"><g v="ADJF"></g><g v="Qual"></g><g v="neut"></g><g v="sing"></g><g v="accs"></g></l></v></tfr></token><token id="623104" text="увлечение"><tfr rev_id="3861176" t="увлечение"><v><l id="353752" t="увлечение"><g v="NOUN"></g><g v="inan"></g><g v="neut"></g><g v="sing"></g><g v="accs"></g></l></v></tfr></token><token id="623105" text="Эвелины"><tfr rev_id="3468989" t="Эвелины"><v><l id="382785" t="эвелина"><g v="NOUN"></g><g v="anim"></g><g v="femn"></g><g v="Name"></g><g v="sing"></g><g v="gent"></g></l></v></tfr></token><token id="623106" text="продвижением"><tfr rev_id="1455352" t="продвижением"><v><l id="278994" t="продвижение"><g v="NOUN"></g><g v="inan"></g><g v="neut"></g><g v="sing"></g><g v="ablt"></g></l></v></tfr></token><token id="623107" text="собственной"><tfr rev_id="2948799" t="собственной"><v><l id="327840" t="собственный"><g v="ADJF"></g><g v="femn"></g><g v="sing"></g><g v="gent"></g></l></v></tfr></token><token id="623108" text="карьеры"><tfr rev_id="3444349" t="карьеры"><v><l id="130914" t="карьера"><g v="NOUN"></g><g v="inan"></g><g v="femn"></g><g v="sing"></g><g v="gent"></g></l></v></tfr></token><token id="623109" text="в"><tfr rev_id="1455355" t="в"><v><l id="37409" t="в"><g v="PREP"></g></l></v></tfr></token><token id="623110" text="ущерб"><tfr rev_id="4099209" t="ущерб"><v><l id="363608" t="ущерб"><g v="NOUN"></g><g v="inan"></g><g v="masc"></g><g v="sing"></g><g v="accs"></g></l></v></tfr></token><token id="623111" text="развитию"><tfr rev_id="1455357" t="развитию"><v><l id="292545" t="развитие"><g v="NOUN"></g><g v="inan"></g><g v="neut"></g><g v="sing"></g><g v="datv"></g></l></v></tfr></token><token id="623112" text="журнала"><tfr rev_id="1455358" t="журнала"><v><l id="97972" t="журнал"><g v="NOUN"></g><g v="inan"></g><g v="masc"></g><g v="sing"></g><g v="gent"></g></l></v></tfr></token><token id="623113" text="»"><tfr rev_id="2444429" t="»"><v><l id="0" t="»"><g v="PNCT"></g></l></v></tfr></token><token id="623114" text="."><tfr rev_id="1455360" t="."><v><l id="0" t="."><g v="PNCT"></g></l></v></tfr></token></tokens></sentence></paragraph><paragraph id="11119"><sentence id="34896"><source>C 20 мая обязанности главного редактора журнала L`Officiel выполняет Мария Невская — супруга Евгения Змиевца.</source><tokens><token id="623115" text="C"><tfr rev_id="2627595" t="C"><v><l id="0" t="C"><g v="UNKN"></g></l></v></tfr></token><token id="623116" text="20"><tfr rev_id="2461967" t="20"><v><l id="0" t="20"><g v="NUMB"></g></l></v></tfr></token><token id="623117" text="мая"><tfr rev_id="4286760" t="мая"><v><l id="153142" t="май"><g v="NOUN"></g><g v="inan"></g><g v="masc"></g><g v="Sgtm"></g><g v="sing"></g><g v="gent"></g></l></v></tfr></token><token id="623118" text="обязанности"><tfr rev_id="3718339" t="обязанности"><v><l id="202081" t="обязанность"><g v="NOUN"></g><g v="inan"></g><g v="femn"></g><g v="plur"></g><g v="accs"></g></l></v></tfr></token><token id="623119" text="главного"><tfr rev_id="4374080" t="главного"><v><l id="70842" t="главный"><g v="ADJF"></g><g v="Qual"></g><g v="masc"></g><g v="sing"></g><g v="gent"></g></l></v><v><l id="70842" t="главный"><g v="ADJF"></g><g v="Qual"></g><g v="anim"></g><g v="masc"></g><g v="sing"></g><g v="accs"></g></l></v></tfr></token><token id="623120" text="редактора"><tfr rev_id="4356513" t="редактора"><v><l id="304972" t="редактор"><g v="NOUN"></g><g v="anim"></g><g v="masc"></g><g v="sing"></g><g v="gent"></g></l></v></tfr></token><token id="623121" text="журнала"><tfr rev_id="1455367" t="журнала"><v><l id="97972" t="журнал"><g v="NOUN"></g><g v="inan"></g><g v="masc"></g><g v="sing"></g><g v="gent"></g></l></v></tfr></token><token id="623122" text="L`Officiel"><tfr rev_id="1455368" t="L`Officiel"><v><l id="0" t="L`Officiel"><g v="UNKN"></g></l></v></tfr></token><token id="623123" text="выполняет"><tfr rev_id="1455369" t="выполняет"><v><l id="60636" t="выполняю"><g v="VERB"></g><g v="impf"></g><g v="tran"></g><g v="sing"></g><g v="3per"></g><g v="pres"></g><g v="indc"></g></l></v></tfr></token><token id="623124" text="Мария"><tfr rev_id="1455370" t="Мария"><v><l id="155259" t="мария"><g v="NOUN"></g><g v="anim"></g><g v="femn"></g><g v="Name"></g><g v="sing"></g><g v="nomn"></g></l></v></tfr></token><token id="623125" text="Невская"><tfr rev_id="3708791" t="Невская"><v><l id="180125" t="невская"><g v="NOUN"></g><g v="anim"></g><g v="femn"></g><g v="Sgtm"></g><g v="Surn"></g><g v="sing"></g><g v="nomn"></g></l></v></tfr></token><token id="623126" text="—"><tfr rev_id="2444430" t="—"><v><l id="0" t="—"><g v="PNCT"></g></l></v></tfr></token><token id="623127" text="супруга"><tfr rev_id="4257408" t="супруга"><v><l id="339819" t="супруга"><g v="NOUN"></g><g v="anim"></g><g v="femn"></g><g v="sing"></g><g v="nomn"></g></l></v></tfr></token><token id="623128" text="Евгения"><tfr rev_id="4181476" t="Евгения"><v><l id="93848" t="евгений"><g v="NOUN"></g><g v="anim"></g><g v="masc"></g><g v="Name"></g><g v="sing"></g><g v="gent"></g></l></v><v><l id="93848" t="евгений"><g v="NOUN"></g><g v="anim"></g><g v="masc"></g><g v="Name"></g><g v="sing"></g><g v="accs"></g></l></v></tfr></token><token id="623129" text="Змиевца"><tfr rev_id="1455375" t="Змиевца"><v><l id="0" t="змиевца"><g v="UNKN"></g></l></v></tfr></token><token id="623130" text="."><tfr rev_id="1455376" t="."><v><l id="0" t="."><g v="PNCT"></g></l></v></tfr></token></tokens></sentence><sentence id="34897"><source>Ранее она занимала пост директора моды журнала L'Officiel и уже более 10 лет работает в профессиональной модной индустрии.</source><tokens><token id="623131" text="Ранее"><tfr rev_id="1455377" t="Ранее"><v><l id="297884" t="ранее"><g v="ADVB"></g></l></v></tfr></token><token id="623132" text="она"><tfr rev_id="3586504" t="она"><v><l id="206544" t="она"><g v="NPRO"></g><g v="femn"></g><g v="3per"></g><g v="Anph"></g><g v="sing"></g><g v="nomn"></g></l></v></tfr></token><token id="623133" text="занимала"><tfr rev_id="1455379" t="занимала"><v><l id="106412" t="занимаю"><g v="VERB"></g><g v="impf"></g><g v="tran"></g><g v="femn"></g><g v="sing"></g><g v="past"></g><g v="indc"></g></l></v></tfr></token><token id="623134" text="пост"><tfr rev_id="1455380" t="пост"><v><l id="262073" t="пост"><g v="NOUN"></g><g v="inan"></g><g v="masc"></g><g v="sing"></g><g v="nomn"></g></l></v><v><l id="262073" t="пост"><g v="NOUN"></g><g v="inan"></g><g v="masc"></g><g v="sing"></g><g v="accs"></g></l></v></tfr></token><token id="623135" text="директора"><tfr rev_id="4460673" t="директора"><v><l id="84214" t="директор"><g v="NOUN"></g><g v="anim"></g><g v="masc"></g><g v="sing"></g><g v="gent"></g></l></v></tfr></token><token id="623136" text="моды"><tfr rev_id="3496176" t="моды"><v><l id="162252" t="мода"><g v="NOUN"></g><g v="inan"></g><g v="femn"></g><g v="sing"></g><g v="gent"></g></l></v></tfr></token><token id="623137" text="журнала"><tfr rev_id="1455383" t="журнала"><v><l id="97972" t="журнал"><g v="NOUN"></g><g v="inan"></g><g v="masc"></g><g v="sing"></g><g v="gent"></g></l></v></tfr></token><token id="623138" text="L'Officiel"><tfr rev_id="1455384" t="L'Officiel"><v><l id="0" t="L'Officiel"><g v="UNKN"></g></l></v></tfr></token><token id="623139" text="и"><tfr rev_id="1455385" t="и"><v><l id="116949" t="и"><g v="CONJ"></g></l></v><v><l id="116950" t="и"><g v="INTJ"></g></l></v></tfr></token><token id="623140" text="уже"><tfr rev_id="2692753" t="уже"><v><l id="355422" t="уж"><g v="NOUN"></g><g v="anim"></g><g v="masc"></g><g v="sing"></g><g v="loct"></g></l></v><v><l id="355498" t="уже"><g v="ADVB"></g></l></v><v><l id="355674" t="уже"><g v="COMP"></g><g v="Qual"></g></l></v><v><l id="388673" t="уже"><g v="PRCL"></g></l></v></tfr></token><token id="623141" text="более"><tfr rev_id="1455387" t="более"><v><l id="32065" t="более"><g v="ADVB"></g></l></v></tfr></token><token id="623142" text="10"><tfr rev_id="2461968" t="10"><v><l id="0" t="10"><g v="NUMB"></g></l></v></tfr></token><token id="623143" text="лет"><tfr rev_id="3471486" t="лет"><v><l id="72149" t="год"><g v="NOUN"></g><g v="inan"></g><g v="masc"></g><g v="plur"></g><g v="gent"></g></l></v></tfr></token><token id="623144" text="работает"><tfr rev_id="1455390" t="работает"><v><l id="290502" t="работаю"><g v="VERB"></g><g v="impf"></g><g v="intr"></g><g v="sing"></g><g v="3per"></g><g v="pres"></g><g v="indc"></g></l></v></tfr></token><token id="623145" text="в"><tfr rev_id="1455391" t="в"><v><l id="37409" t="в"><g v="PREP"></g></l></v></tfr></token><token id="623146" text="профессиональной"><tfr rev_id="4296844" t="профессиональной"><v><l id="286921" t="профессиональный"><g v="ADJF"></g><g v="Qual"></g><g v="femn"></g><g v="sing"></g><g v="loct"></g></l></v></tfr></token><token id="623147" text="модной"><tfr rev_id="3692271" t="модной"><v><l id="162403" t="модный"><g v="ADJF"></g><g v="Qual"></g><g v="femn"></g><g v="sing"></g><g v="loct"></g></l></v></tfr></token><token id="623148" text="индустрии"><tfr rev_id="4269928" t="индустрии"><v><l id="122386" t="индустрия"><g v="NOUN"></g><g v="inan"></g><g v="femn"></g><g v="sing"></g><g v="loct"></g></l></v></tfr></token><token id="623149" text="."><tfr rev_id="1455395" t="."><v><l id="0" t="."><g v="PNCT"></g></l></v></tfr></token></tokens></sentence><sentence id="34898"><source>«Мария Невская обладает безупречным вкусом, тонко чувствует и разбирается в моде.</source><tokens><token id="623150" text="«"><tfr rev_id="2444431" t="«"><v><l id="0" t="«"><g v="PNCT"></g></l></v></tfr></token><token id="623151" text="Мария"><tfr rev_id="1455397" t="Мария"><v><l id="155259" t="мария"><g v="NOUN"></g><g v="anim"></g><g v="femn"></g><g v="Name"></g><g v="sing"></g><g v="nomn"></g></l></v></tfr></token><token id="623152" text="Невская"><tfr rev_id="3334390" t="Невская"><v><l id="180125" t="невская"><g v="NOUN"></g><g v="anim"></g><g v="femn"></g><g v="Sgtm"></g><g v="Surn"></g><g v="sing"></g><g v="nomn"></g></l></v></tfr></token><token id="623153" text="обладает"><tfr rev_id="1455399" t="обладает"><v><l id="196101" t="обладаю"><g v="VERB"></g><g v="impf"></g><g v="intr"></g><g v="sing"></g><g v="3per"></g><g v="pres"></g><g v="indc"></g></l></v></tfr></token><token id="623154" text="безупречным"><tfr rev_id="4377692" t="безупречным"><v><l id="26447" t="безупречный"><g v="ADJF"></g><g v="Qual"></g><g v="masc"></g><g v="sing"></g><g v="ablt"></g></l></v></tfr></token><token id="623155" text="вкусом"><tfr rev_id="1455401" t="вкусом"><v><l id="46412" t="вкус"><g v="NOUN"></g><g v="inan"></g><g v="masc"></g><g v="sing"></g><g v="ablt"></g></l></v></tfr></token><token id="623156" text=","><tfr rev_id="1455402" t=","><v><l id="0" t=","><g v="PNCT"></g></l></v></tfr></token><token id="623157" text="тонко"><tfr rev_id="1455403" t="тонко"><v><l id="347623" t="тонок"><g v="ADJS"></g><g v="Qual"></g><g v="neut"></g><g v="sing"></g></l></v><v><l id="347627" t="тонко"><g v="ADVB"></g></l></v></tfr></token><token id="623158" text="чувствует"><tfr rev_id="1455404" t="чувствует"><v><l id="377085" t="чувствую"><g v="VERB"></g><g v="impf"></g><g v="tran"></g><g v="sing"></g><g v="3per"></g><g v="pres"></g><g v="indc"></g></l></v></tfr></token><token id="623159" text="и"><tfr rev_id="1455405" t="и"><v><l id="116949" t="и"><g v="CONJ"></g></l></v><v><l id="116950" t="и"><g v="INTJ"></g></l></v></tfr></token><token id="623160" text="разбирается"><tfr rev_id="1455406" t="разбирается"><v><l id="291718" t="разбираюсь"><g v="VERB"></g><g v="impf"></g><g v="intr"></g><g v="sing"></g><g v="3per"></g><g v="pres"></g><g v="indc"></g></l></v></tfr></token><token id="623161" text="в"><tfr rev_id="1455407" t="в"><v><l id="37409" t="в"><g v="PREP"></g></l></v></tfr></token><token id="623162" text="моде"><tfr rev_id="3551200" t="моде"><v><l id="162252" t="мода"><g v="NOUN"></g><g v="inan"></g><g v="femn"></g><g v="sing"></g><g v="loct"></g></l></v></tfr></token><token id="623163" text="."><tfr rev_id="1455409" t="."><v><l id="0" t="."><g v="PNCT"></g></l></v></tfr></token></tokens></sentence><sentence id="34899"><source>А это главное и самое необходимое условие для того, чтобы стать главным редактором такого модного журнала, как L'Officiel»,</source><tokens><token id="623164" text="А"><tfr rev_id="3705787" t="А"><v><l id="51" t="а"><g v="CONJ"></g></l></v></tfr></token><token id="623165" text="это"><tfr rev_id="4441600" t="это"><v><l id="386574" t="это"><g v="PRCL"></g></l></v><v><l id="386575" t="это"><g v="NPRO"></g><g v="neut"></g><g v="sing"></g><g v="nomn"></g></l></v><v><l id="386575" t="это"><g v="NPRO"></g><g v="neut"></g><g v="sing"></g><g v="accs"></g></l></v><v><l id="386581" t="этот"><g v="ADJF"></g><g v="Subx"></g><g v="Apro"></g><g v="Anph"></g><g v="neut"></g><g v="sing"></g><g v="nomn"></g></l></v><v><l id="386581" t="этот"><g v="ADJF"></g><g v="Subx"></g><g v="Apro"></g><g v="Anph"></g><g v="neut"></g><g v="sing"></g><g v="accs"></g></l></v></tfr></token><token id="623166" text="главное"><tfr rev_id="1455412" t="главное"><v><l id="70838" t="главное"><g v="CONJ"></g><g v="Prnt"></g></l></v><v><l id="70839" t="главное"><g v="NOUN"></g><g v="inan"></g><g v="neut"></g><g v="sing"></g><g v="nomn"></g></l></v><v><l id="70839" t="главное"><g v="NOUN"></g><g v="inan"></g><g v="neut"></g><g v="sing"></g><g v="accs"></g></l></v><v><l id="70842" t="главный"><g v="ADJF"></g><g v="Qual"></g><g v="neut"></g><g v="sing"></g><g v="nomn"></g></l></v><v><l id="70842" t="главный"><g v="ADJF"></g><g v="Qual"></g><g v="neut"></g><g v="sing"></g><g v="accs"></g></l></v></tfr></token><token id="623167" text="и"><tfr rev_id="1455413" t="и"><v><l id="116949" t="и"><g v="CONJ"></g></l></v><v><l id="116950" t="и"><g v="INTJ"></g></l></v></tfr></token><token id="623168" text="самое"><tfr rev_id="1455414" t="самое"><v><l id="312034" t="сам"><g v="ADJF"></g><g v="Apro"></g><g v="femn"></g><g v="sing"></g><g v="accs"></g><g v="Arch"></g></l></v><v><l id="313174" t="самый"><g v="ADJF"></g><g v="Apro"></g><g v="neut"></g><g v="sing"></g><g v="nomn"></g></l></v><v><l id="313174" t="самый"><g v="ADJF"></g><g v="Apro"></g><g v="neut"></g><g v="sing"></g><g v="accs"></g></l></v></tfr></token><token id="623169" text="необходимое"><tfr rev_id="2782690" t="необходимое"><v><l id="184808" t="необходимый"><g v="ADJF"></g><g v="Qual"></g><g v="neut"></g><g v="sing"></g><g v="nomn"></g></l></v></tfr></token><token id="623170" text="условие"><tfr rev_id="3531651" t="условие"><v><l id="360556" t="условие"><g v="NOUN"></g><g v="inan"></g><g v="neut"></g><g v="sing"></g><g v="nomn"></g></l></v></tfr></token><token id="623171" text="для"><tfr rev_id="2948465" t="для"><v><l id="85032" t="для"><g v="PREP"></g></l></v></tfr></token><token id="623172" text="того"><tfr rev_id="3806052" t="того"><v><l id="348430" t="тот"><g v="ADJF"></g><g v="Subx"></g><g v="Apro"></g><g v="Anph"></g><g v="neut"></g><g v="sing"></g><g v="gent"></g></l></v></tfr></token><token id="623173" text=","><tfr rev_id="1455419" t=","><v><l id="0" t=","><g v="PNCT"></g></l></v></tfr></token><token id="623174" text="чтобы"><tfr rev_id="1455420" t="чтобы"><v><l id="377013" t="чтобы"><g v="CONJ"></g></l></v><v><l id="377014" t="чтобы"><g v="PRCL"></g></l></v></tfr></token><token id="623175" text="стать"><tfr rev_id="1712953" t="стать"><v><l id="335165" t="стать"><g v="INFN"></g><g v="perf"></g><g v="intr"></g></l></v></tfr></token><token id="623176" text="главным"><tfr rev_id="4351314" t="главным"><v><l id="70842" t="главный"><g v="ADJF"></g><g v="Qual"></g><g v="masc"></g><g v="sing"></g><g v="ablt"></g></l></v></tfr></token><token id="623177" text="редактором"><tfr rev_id="1455423" t="редактором"><v><l id="304972" t="редактор"><g v="NOUN"></g><g v="anim"></g><g v="masc"></g><g v="sing"></g><g v="ablt"></g></l></v></tfr></token><token id="623178" text="такого"><tfr rev_id="3449012" t="такого"><v><l id="342491" t="такой"><g v="ADJF"></g><g v="Apro"></g><g v="masc"></g><g v="sing"></g><g v="gent"></g></l></v><v><l id="342491" t="такой"><g v="ADJF"></g><g v="Apro"></g><g v="anim"></g><g v="masc"></g><g v="sing"></g><g v="accs"></g></l></v></tfr></token><token id="623179" text="модного"><tfr rev_id="3430897" t="модного"><v><l id="162403" t="модный"><g v="ADJF"></g><g v="Qual"></g><g v="masc"></g><g v="sing"></g><g v="gent"></g></l></v><v><l id="162403" t="модный"><g v="ADJF"></g><g v="Qual"></g><g v="anim"></g><g v="masc"></g><g v="sing"></g><g v="accs"></g></l></v></tfr></token><token id="623180" text="журнала"><tfr rev_id="1455426" t="журнала"><v><l id="97972" t="журнал"><g v="NOUN"></g><g v="inan"></g><g v="masc"></g><g v="sing"></g><g v="gent"></g></l></v></tfr></token><token id="623181" text=","><tfr rev_id="1455427" t=","><v><l id="0" t=","><g v="PNCT"></g></l></v></tfr></token><token id="623182" text="как"><tfr rev_id="1455428" t="как"><v><l id="128190" t="как"><g v="CONJ"></g></l></v><v><l id="128191" t="как"><g v="PRCL"></g></l></v><v><l id="128192" t="как"><g v="ADVB"></g><g v="Ques"></g></l></v></tfr></token><token id="623183" text="L'Officiel"><tfr rev_id="1455429" t="L'Officiel"><v><l id="0" t="L'Officiel"><g v="UNKN"></g></l></v></tfr></token><token id="623184" text="»"><tfr rev_id="2444432" t="»"><v><l id="0" t="»"><g v="PNCT"></g></l></v></tfr></token><token id="623185" text=","><tfr rev_id="1455431" t=","><v><l id="0" t=","><g v="PNCT"></g></l></v></tfr></token></tokens></sentence><sentence id="34900"><source>— прокомментировал свой выбор издатель.</source><tokens><token id="623186" text="—"><tfr rev_id="2444433" t="—"><v><l id="0" t="—"><g v="PNCT"></g></l></v></tfr></token><token id="623187" text="прокомментировал"><tfr rev_id="1455433" t="прокомментировал"><v><l id="280912" t="прокомментировал"><g v="VERB"></g><g v="perf"></g><g v="tran"></g><g v="masc"></g><g v="sing"></g><g v="past"></g><g v="indc"></g></l></v></tfr></token><token id="623188" text="свой"><tfr rev_id="3629874" t="свой"><v><l id="316379" t="свой"><g v="ADJF"></g><g v="Apro"></g><g v="Anph"></g><g v="masc"></g><g v="sing"></g><g v="nomn"></g></l></v><v><l id="316379" t="свой"><g v="ADJF"></g><g v="Apro"></g><g v="Anph"></g><g v="inan"></g><g v="masc"></g><g v="sing"></g><g v="accs"></g></l></v></tfr></token><token id="623189" text="выбор"><tfr rev_id="4364093" t="выбор"><v><l id="55719" t="выбор"><g v="NOUN"></g><g v="inan"></g><g v="masc"></g><g v="sing"></g><g v="accs"></g></l></v></tfr></token><token id="623190" text="издатель"><tfr rev_id="1455436" t="издатель"><v><l id="118744" t="издатель"><g v="NOUN"></g><g v="anim"></g><g v="masc"></g><g v="sing"></g><g v="nomn"></g></l></v></tfr></token><token id="623191" text="."><tfr rev_id="1455437" t="."><v><l id="0" t="."><g v="PNCT"></g></l></v></tfr></token></tokens></sentence></paragraph><paragraph id="11120"><sentence id="34901"><source>Напомним, соведущая «Модного приговора» Эвелина Хромченко считается одной из самых стильных женщин Москвы.</source><tokens><token id="623192" text="Напомним"><tfr rev_id="1455438" t="Напомним"><v><l id="173892" t="напомнил"><g v="VERB"></g><g v="perf"></g><g v="tran"></g><g v="plur"></g><g v="1per"></g><g v="futr"></g><g v="indc"></g></l></v><v><l id="173892" t="напомнил"><g v="VERB"></g><g v="perf"></g><g v="tran"></g><g v="sing"></g><g v="impr"></g><g v="incl"></g></l></v></tfr></token><token id="623193" text=","><tfr rev_id="1455439" t=","><v><l id="0" t=","><g v="PNCT"></g></l></v></tfr></token><token id="623194" text="соведущая"><tfr rev_id="1455440" t="соведущая"><v><l id="0" t="соведущая"><g v="UNKN"></g></l></v></tfr></token><token id="623195" text="«"><tfr rev_id="2444434" t="«"><v><l id="0" t="«"><g v="PNCT"></g></l></v></tfr></token><token id="623196" text="Модного"><tfr rev_id="4420193" t="Модного"><v><l id="162403" t="модный"><g v="ADJF"></g><g v="Qual"></g><g v="masc"></g><g v="sing"></g><g v="gent"></g></l></v></tfr></token><token id="623197" text="приговора"><tfr rev_id="1455443" t="приговора"><v><l id="269843" t="приговор"><g v="NOUN"></g><g v="inan"></g><g v="masc"></g><g v="sing"></g><g v="gent"></g></l></v></tfr></token><token id="623198" text="»"><tfr rev_id="2444435" t="»"><v><l id="0" t="»"><g v="PNCT"></g></l></v></tfr></token><token id="623199" text="Эвелина"><tfr rev_id="1455445" t="Эвелина"><v><l id="382785" t="эвелина"><g v="NOUN"></g><g v="anim"></g><g v="femn"></g><g v="Name"></g><g v="sing"></g><g v="nomn"></g></l></v></tfr></token><token id="623200" text="Хромченко"><tfr rev_id="1455446" t="Хромченко"><v><l id="0" t="хромченко"><g v="UNKN"></g></l></v></tfr></token><token id="623201" text="считается"><tfr rev_id="1455447" t="считается"><v><l id="341335" t="считаюсь"><g v="VERB"></g><g v="impf"></g><g v="intr"></g><g v="sing"></g><g v="3per"></g><g v="pres"></g><g v="indc"></g></l></v></tfr></token><token id="623202" text="одной"><tfr rev_id="4302348" t="одной"><v><l id="203319" t="один"><g v="ADJF"></g><g v="Apro"></g><g v="Anum"></g><g v="femn"></g><g v="sing"></g><g v="ablt"></g></l></v></tfr></token><token id="623203" text="из"><tfr rev_id="2503438" t="из"><v><l id="117677" t="из"><g v="PREP"></g></l></v></tfr></token><token id="623204" text="самых"><tfr rev_id="3709305" t="самых"><v><l id="313174" t="самый"><g v="ADJF"></g><g v="Apro"></g><g v="plur"></g><g v="gent"></g></l></v></tfr></token><token id="623205" text="стильных"><tfr rev_id="4403155" t="стильных"><v><l id="336200" t="стильный"><g v="ADJF"></g><g v="Qual"></g><g v="plur"></g><g v="gent"></g></l></v></tfr></token><token id="623206" text="женщин"><tfr rev_id="4204648" t="женщин"><v><l id="96749" t="женщина"><g v="NOUN"></g><g v="anim"></g><g v="femn"></g><g v="plur"></g><g v="gent"></g></l></v></tfr></token><token id="623207" text="Москвы"><tfr rev_id="1455453" t="Москвы"><v><l id="163901" t="москва"><g v="NOUN"></g><g v="inan"></g><g v="femn"></g><g v="Sgtm"></g><g v="Geox"></g><g v="sing"></g><g v="gent"></g></l></v></tfr></token><token id="623208" text="."><tfr rev_id="1455454" t="."><v><l id="0" t="."><g v="PNCT"></g></l></v></tfr></token></tokens></sentence><sentence id="34902"><source>Её часто сравнивают с героиней Мерил Стрип в голливудской картине «Дьявол носит Prada», в озвучании которой Хромченко принимала участие.</source><tokens><token id="623209" text="Её"><tfr rev_id="4477226" t="Её"><v><l id="206544" t="она"><g v="NPRO"></g><g v="femn"></g><g v="3per"></g><g v="Anph"></g><g v="sing"></g><g v="gent"></g></l></v><v><l id="206544" t="она"><g v="NPRO"></g><g v="femn"></g><g v="3per"></g><g v="Anph"></g><g v="sing"></g><g v="accs"></g></l></v></tfr></token><token id="623210" text="часто"><tfr rev_id="3657082" t="часто"><v><l id="374798" t="часто"><g v="ADVB"></g></l></v></tfr></token><token id="623211" text="сравнивают"><tfr rev_id="1455457" t="сравнивают"><v><l id="333310" t="сравниваю"><g v="VERB"></g><g v="impf"></g><g v="tran"></g><g v="plur"></g><g v="3per"></g><g v="pres"></g><g v="indc"></g></l></v></tfr></token><token id="623212" text="с"><tfr rev_id="1455458" t="с"><v><l id="311151" t="с"><g v="PREP"></g></l></v></tfr></token><token id="623213" text="героиней"><tfr rev_id="1455459" t="героиней"><v><l id="69209" t="героиня"><g v="NOUN"></g><g v="anim"></g><g v="femn"></g><g v="sing"></g><g v="ablt"></g></l></v></tfr></token><token id="623214" text="Мерил"><tfr rev_id="4168106" t="Мерил"><v><l id="158554" t="мерил"><g v="NOUN"></g><g v="anim"></g><g v="femn"></g><g v="Sgtm"></g><g v="Fixd"></g><g v="Name"></g><g v="sing"></g><g v="gent"></g></l></v></tfr></token><token id="623215" text="Стрип"><tfr rev_id="4508484" t="Стрип"><v><l id="0" t="Стрип"><g v="UNKN"></g></l></v></tfr></token><token id="623216" text="в"><tfr rev_id="1455462" t="в"><v><l id="37409" t="в"><g v="PREP"></g></l></v></tfr></token><token id="623217" text="голливудской"><tfr rev_id="4343365" t="голливудской"><v><l id="72290" t="голливудский"><g v="ADJF"></g><g v="femn"></g><g v="sing"></g><g v="loct"></g></l></v></tfr></token><token id="623218" text="картине"><tfr rev_id="2623243" t="картине"><v><l id="130773" t="картина"><g v="NOUN"></g><g v="inan"></g><g v="femn"></g><g v="sing"></g><g v="loct"></g></l></v></tfr></token><token id="623219" text="«"><tfr rev_id="2444436" t="«"><v><l id="0" t="«"><g v="PNCT"></g></l></v></tfr></token><token id="623220" text="Дьявол"><tfr rev_id="1455466" t="Дьявол"><v><l id="93606" t="дьявол"><g v="NOUN"></g><g v="anim"></g><g v="masc"></g><g v="sing"></g><g v="nomn"></g></l></v></tfr></token><token id="623221" text="носит"><tfr rev_id="1455467" t="носит"><v><l id="192322" t="ношу"><g v="VERB"></g><g v="impf"></g><g v="tran"></g><g v="sing"></g><g v="3per"></g><g v="pres"></g><g v="indc"></g></l></v></tfr></token><token id="623222" text="Prada"><tfr rev_id="2474856" t="Prada"><v><l id="0" t="Prada"><g v="LATN"></g></l></v></tfr></token><token id="623223" text="»"><tfr rev_id="2444437" t="»"><v><l id="0" t="»"><g v="PNCT"></g></l></v></tfr></token><token id="623224" text=","><tfr rev_id="1455470" t=","><v><l id="0" t=","><g v="PNCT"></g></l></v></tfr></token><token id="623225" text="в"><tfr rev_id="1455471" t="в"><v><l id="37409" t="в"><g v="PREP"></g></l></v></tfr></token><token id="623226" text="озвучании"><tfr rev_id="2559440" t="озвучании"><v><l id="388619" t="озвучание"><g v="NOUN"></g><g v="inan"></g><g v="neut"></g><g v="sing"></g><g v="loct"></g></l></v></tfr></token><token id="623227" text="которой"><tfr rev_id="3640459" t="которой"><v><l id="141203" t="который"><g v="ADJF"></g><g v="Apro"></g><g v="Subx"></g><g v="Anph"></g><g v="femn"></g><g v="sing"></g><g v="gent"></g></l></v><v><l id="141203" t="который"><g v="ADJF"></g><g v="Apro"></g><g v="Subx"></g><g v="Anph"></g><g v="femn"></g><g v="sing"></g><g v="datv"></g></l></v><v><l id="141203" t="который"><g v="ADJF"></g><g v="Apro"></g><g v="Subx"></g><g v="Anph"></g><g v="femn"></g><g v="sing"></g><g v="ablt"></g></l></v><v><l id="141203" t="который"><g v="ADJF"></g><g v="Apro"></g><g v="Subx"></g><g v="Anph"></g><g v="femn"></g><g v="sing"></g><g v="loct"></g></l></v></tfr></token><token id="623228" text="Хромченко"><tfr rev_id="1455474" t="Хромченко"><v><l id="0" t="хромченко"><g v="UNKN"></g></l></v></tfr></token><token id="623229" text="принимала"><tfr rev_id="1455475" t="принимала"><v><l id="272582" t="принимаю"><g v="VERB"></g><g v="impf"></g><g v="tran"></g><g v="femn"></g><g v="sing"></g><g v="past"></g><g v="indc"></g></l></v></tfr></token><token id="623230" text="участие"><tfr rev_id="3486358" t="участие"><v><l id="363132" t="участие"><g v="NOUN"></g><g v="inan"></g><g v="neut"></g><g v="sing"></g><g v="accs"></g></l></v></tfr></token><token id="623231" text="."><tfr rev_id="1455477" t="."><v><l id="0" t="."><g v="PNCT"></g></l></v></tfr></token></tokens></sentence><sentence id="34903"><source>О том, где будет работать теперь уже бывший главред L`Officiel, не сообщается.</source><tokens><token id="623232" text="О"><tfr rev_id="3230692" t="О"><v><l id="192977" t="о"><g v="PREP"></g></l></v></tfr></token><token id="623233" text="том"><tfr rev_id="4292036" t="том"><v><l id="348430" t="тот"><g v="ADJF"></g><g v="Subx"></g><g v="Apro"></g><g v="Anph"></g><g v="neut"></g><g v="sing"></g><g v="loct"></g></l></v></tfr></token><token id="623234" text=","><tfr rev_id="1455480" t=","><v><l id="0" t=","><g v="PNCT"></g></l></v></tfr></token><token id="623235" text="где"><tfr rev_id="2636468" t="где"><v><l id="67984" t="где"><g v="ADVB"></g><g v="Ques"></g></l></v><v><l id="388669" t="где"><g v="CONJ"></g></l></v></tfr></token><token id="623236" text="будет"><tfr rev_id="1455482" t="будет"><v><l id="37265" t="есть"><g v="VERB"></g><g v="impf"></g><g v="intr"></g><g v="sing"></g><g v="3per"></g><g v="futr"></g><g v="indc"></g></l></v></tfr></token><token id="623237" text="работать"><tfr rev_id="1455483" t="работать"><v><l id="290503" t="работать"><g v="INFN"></g><g v="impf"></g><g v="intr"></g></l></v></tfr></token><token id="623238" text="теперь"><tfr rev_id="1455484" t="теперь"><v><l id="344864" t="теперь"><g v="ADVB"></g></l></v></tfr></token><token id="623239" text="уже"><tfr rev_id="2692754" t="уже"><v><l id="355422" t="уж"><g v="NOUN"></g><g v="anim"></g><g v="masc"></g><g v="sing"></g><g v="loct"></g></l></v><v><l id="355498" t="уже"><g v="ADVB"></g></l></v><v><l id="355674" t="уже"><g v="COMP"></g><g v="Qual"></g></l></v><v><l id="388673" t="уже"><g v="PRCL"></g></l></v></tfr></token><token id="623240" text="бывший"><tfr rev_id="1455486" t="бывший"><v><l id="37002" t="бывший"><g v="ADJF"></g><g v="masc"></g><g v="sing"></g><g v="nomn"></g></l></v><v><l id="37002" t="бывший"><g v="ADJF"></g><g v="inan"></g><g v="masc"></g><g v="sing"></g><g v="accs"></g></l></v><v><l id="37267" t="бывший"><g v="PRTF"></g><g v="impf"></g><g v="intr"></g><g v="past"></g><g v="actv"></g><g v="masc"></g><g v="sing"></g><g v="nomn"></g></l></v><v><l id="37267" t="бывший"><g v="PRTF"></g><g v="impf"></g><g v="intr"></g><g v="past"></g><g v="actv"></g><g v="inan"></g><g v="masc"></g><g v="sing"></g><g v="accs"></g></l></v></tfr></token><token id="623241" text="главред"><tfr rev_id="3420513" t="главред"><v><l id="388947" t="главред"><g v="NOUN"></g><g v="anim"></g><g v="masc"></g><g v="sing"></g><g v="nomn"></g></l></v></tfr></token><token id="623242" text="L`Officiel"><tfr rev_id="1455488" t="L`Officiel"><v><l id="0" t="L`Officiel"><g v="UNKN"></g></l></v></tfr></token><token id="623243" text=","><tfr rev_id="1455489" t=","><v><l id="0" t=","><g v="PNCT"></g></l></v></tfr></token><token id="623244" text="не"><tfr rev_id="1455490" t="не"><v><l id="178876" t="не"><g v="PRCL"></g></l></v></tfr></token><token id="623245" text="сообщается"><tfr rev_id="1455491" t="сообщается"><v><l id="329545" t="сообщаюсь"><g v="VERB"></g><g v="impf"></g><g v="intr"></g><g v="sing"></g><g v="3per"></g><g v="pres"></g><g v="indc"></g></l></v></tfr></token><token id="623246" text="."><tfr rev_id="1455492" t="."><v><l id="0" t="."><g v="PNCT"></g></l></v></tfr></token></tokens></sentence></paragraph><paragraph id="11121"><sentence id="34904"><source>О других глянцевых журналах читайте в статье Частного корреспондента «Гламурные сплетни»</source><tokens><token id="623247" text="О"><tfr rev_id="3417218" t="О"><v><l id="192977" t="о"><g v="PREP"></g></l></v></tfr></token><token id="623248" text="других"><tfr rev_id="3709235" t="других"><v><l id="92342" t="другой"><g v="ADJF"></g><g v="Apro"></g><g v="Subx"></g><g v="plur"></g><g v="loct"></g></l></v></tfr></token><token id="623249" text="глянцевых"><tfr rev_id="4426699" t="глянцевых"><v><l id="71694" t="глянцевый"><g v="ADJF"></g><g v="Qual"></g><g v="plur"></g><g v="loct"></g></l></v></tfr></token><token id="623250" text="журналах"><tfr rev_id="1455496" t="журналах"><v><l id="97972" t="журнал"><g v="NOUN"></g><g v="inan"></g><g v="masc"></g><g v="plur"></g><g v="loct"></g></l></v></tfr></token><token id="623251" text="читайте"><tfr rev_id="1455497" t="читайте"><v><l id="376719" t="читаю"><g v="VERB"></g><g v="impf"></g><g v="tran"></g><g v="plur"></g><g v="impr"></g><g v="excl"></g></l></v></tfr></token><token id="623252" text="в"><tfr rev_id="1455498" t="в"><v><l id="37409" t="в"><g v="PREP"></g></l></v></tfr></token><token id="623253" text="статье"><tfr rev_id="3550756" t="статье"><v><l id="335173" t="статья"><g v="NOUN"></g><g v="inan"></g><g v="femn"></g><g v="sing"></g><g v="loct"></g></l></v></tfr></token><token id="623254" text="Частного"><tfr rev_id="4349783" t="Частного"><v><l id="374795" t="частный"><g v="ADJF"></g><g v="Qual"></g><g v="masc"></g><g v="sing"></g><g v="gent"></g></l></v><v><l id="374795" t="частный"><g v="ADJF"></g><g v="Qual"></g><g v="anim"></g><g v="masc"></g><g v="sing"></g><g v="accs"></g></l></v></tfr></token><token id="623255" text="корреспондента"><tfr rev_id="3542932" t="корреспондента"><v><l id="140239" t="корреспондент"><g v="NOUN"></g><g v="anim"></g><g v="masc"></g><g v="sing"></g><g v="gent"></g></l></v></tfr></token><token id="623256" text="«"><tfr rev_id="2444438" t="«"><v><l id="0" t="«"><g v="PNCT"></g></l></v></tfr></token><token id="623257" text="Гламурные"><tfr rev_id="4429223" t="Гламурные"><v><l id="390601" t="гламурный"><g v="ADJF"></g><g v="Qual"></g><g v="inan"></g><g v="plur"></g><g v="accs"></g></l></v><v><l id="390601" t="гламурный"><g v="ADJF"></g><g v="Qual"></g><g v="plur"></g><g v="nomn"></g></l></v></tfr></token><token id="623258" text="сплетни"><tfr rev_id="3757877" t="сплетни"><v><l id="332481" t="сплетня"><g v="NOUN"></g><g v="inan"></g><g v="femn"></g><g v="plur"></g><g v="nomn"></g></l></v></tfr></token><token id="623259" text="»"><tfr rev_id="2444439" t="»"><v><l id="0" t="»"><g v="PNCT"></g></l></v></tfr></token></tokens></sentence></paragraph></paragraphs></text>