<?xml version="1.0" encoding="utf-8"?><text id="1198" parent="544" name="0003627 Ци-бег"><tags><tag>url:http://yantayga.livejournal.com/3627.html</tag><tag>ЖЖ:Метка:бег</tag><tag>ЖЖ:Метка:книги</tag><tag>ЖЖ:Метка:спорт</tag><tag>Год:2010</tag><tag>Дата:21/07</tag><tag>Время:15:37</tag></tags><paragraphs><paragraph id="11572"><sentence id="36370"><source>Прочитал книгу Дрейер Д., Дрейер К. Ци-бег.</source><tokens><token id="650440" text="Прочитал"><tfr rev_id="1482550" t="Прочитал"><v><l id="287496" t="прочитал"><g v="VERB"></g><g v="perf"></g><g v="tran"></g><g v="masc"></g><g v="sing"></g><g v="past"></g><g v="indc"></g></l></v></tfr></token><token id="650441" text="книгу"><tfr rev_id="1482551" t="книгу"><v><l id="134823" t="книга"><g v="NOUN"></g><g v="inan"></g><g v="femn"></g><g v="sing"></g><g v="accs"></g></l></v></tfr></token><token id="650442" text="Дрейер"><tfr rev_id="3484199" t="Дрейер"><v><l id="91964" t="дрейер"><g v="NOUN"></g><g v="anim"></g><g v="femn"></g><g v="Sgtm"></g><g v="Fixd"></g><g v="Surn"></g><g v="sing"></g><g v="gent"></g></l></v></tfr></token><token id="650443" text="Д"><tfr rev_id="4522471" t="Д"><v><l id="390038" t="д"><g v="NOUN"></g><g v="inan"></g><g v="masc"></g><g v="Fixd"></g><g v="Abbr"></g><g v="plur"></g><g v="ablt"></g></l></v><v><l id="390038" t="д"><g v="NOUN"></g><g v="inan"></g><g v="masc"></g><g v="Fixd"></g><g v="Abbr"></g><g v="plur"></g><g v="accs"></g></l></v><v><l id="390038" t="д"><g v="NOUN"></g><g v="inan"></g><g v="masc"></g><g v="Fixd"></g><g v="Abbr"></g><g v="plur"></g><g v="datv"></g></l></v><v><l id="390038" t="д"><g v="NOUN"></g><g v="inan"></g><g v="masc"></g><g v="Fixd"></g><g v="Abbr"></g><g v="plur"></g><g v="gent"></g></l></v><v><l id="390038" t="д"><g v="NOUN"></g><g v="inan"></g><g v="masc"></g><g v="Fixd"></g><g v="Abbr"></g><g v="plur"></g><g v="loct"></g></l></v><v><l id="390038" t="д"><g v="NOUN"></g><g v="inan"></g><g v="masc"></g><g v="Fixd"></g><g v="Abbr"></g><g v="plur"></g><g v="nomn"></g></l></v><v><l id="390038" t="д"><g v="NOUN"></g><g v="inan"></g><g v="masc"></g><g v="Fixd"></g><g v="Abbr"></g><g v="sing"></g><g v="ablt"></g></l></v><v><l id="390038" t="д"><g v="NOUN"></g><g v="inan"></g><g v="masc"></g><g v="Fixd"></g><g v="Abbr"></g><g v="sing"></g><g v="accs"></g></l></v><v><l id="390038" t="д"><g v="NOUN"></g><g v="inan"></g><g v="masc"></g><g v="Fixd"></g><g v="Abbr"></g><g v="sing"></g><g v="datv"></g></l></v><v><l id="390038" t="д"><g v="NOUN"></g><g v="inan"></g><g v="masc"></g><g v="Fixd"></g><g v="Abbr"></g><g v="sing"></g><g v="gent"></g></l></v><v><l id="390038" t="д"><g v="NOUN"></g><g v="inan"></g><g v="masc"></g><g v="Fixd"></g><g v="Abbr"></g><g v="sing"></g><g v="loct"></g></l></v><v><l id="390038" t="д"><g v="NOUN"></g><g v="inan"></g><g v="masc"></g><g v="Fixd"></g><g v="Abbr"></g><g v="sing"></g><g v="nomn"></g></l></v><v><l id="390157" t="д"><g v="NOUN"></g><g v="anim"></g><g v="ms-f"></g><g v="Sgtm"></g><g v="Fixd"></g><g v="Abbr"></g><g v="Name"></g><g v="Init"></g><g v="sing"></g><g v="ablt"></g></l></v><v><l id="390157" t="д"><g v="NOUN"></g><g v="anim"></g><g v="ms-f"></g><g v="Sgtm"></g><g v="Fixd"></g><g v="Abbr"></g><g v="Name"></g><g v="Init"></g><g v="sing"></g><g v="accs"></g></l></v><v><l id="390157" t="д"><g v="NOUN"></g><g v="anim"></g><g v="ms-f"></g><g v="Sgtm"></g><g v="Fixd"></g><g v="Abbr"></g><g v="Name"></g><g v="Init"></g><g v="sing"></g><g v="datv"></g></l></v><v><l id="390157" t="д"><g v="NOUN"></g><g v="anim"></g><g v="ms-f"></g><g v="Sgtm"></g><g v="Fixd"></g><g v="Abbr"></g><g v="Name"></g><g v="Init"></g><g v="sing"></g><g v="gent"></g></l></v><v><l id="390157" t="д"><g v="NOUN"></g><g v="anim"></g><g v="ms-f"></g><g v="Sgtm"></g><g v="Fixd"></g><g v="Abbr"></g><g v="Name"></g><g v="Init"></g><g v="sing"></g><g v="loct"></g></l></v><v><l id="390157" t="д"><g v="NOUN"></g><g v="anim"></g><g v="ms-f"></g><g v="Sgtm"></g><g v="Fixd"></g><g v="Abbr"></g><g v="Name"></g><g v="Init"></g><g v="sing"></g><g v="nomn"></g></l></v><v><l id="390158" t="д"><g v="NOUN"></g><g v="anim"></g><g v="ms-f"></g><g v="Sgtm"></g><g v="Fixd"></g><g v="Abbr"></g><g v="Patr"></g><g v="Init"></g><g v="sing"></g><g v="ablt"></g></l></v><v><l id="390158" t="д"><g v="NOUN"></g><g v="anim"></g><g v="ms-f"></g><g v="Sgtm"></g><g v="Fixd"></g><g v="Abbr"></g><g v="Patr"></g><g v="Init"></g><g v="sing"></g><g v="accs"></g></l></v><v><l id="390158" t="д"><g v="NOUN"></g><g v="anim"></g><g v="ms-f"></g><g v="Sgtm"></g><g v="Fixd"></g><g v="Abbr"></g><g v="Patr"></g><g v="Init"></g><g v="sing"></g><g v="datv"></g></l></v><v><l id="390158" t="д"><g v="NOUN"></g><g v="anim"></g><g v="ms-f"></g><g v="Sgtm"></g><g v="Fixd"></g><g v="Abbr"></g><g v="Patr"></g><g v="Init"></g><g v="sing"></g><g v="gent"></g></l></v><v><l id="390158" t="д"><g v="NOUN"></g><g v="anim"></g><g v="ms-f"></g><g v="Sgtm"></g><g v="Fixd"></g><g v="Abbr"></g><g v="Patr"></g><g v="Init"></g><g v="sing"></g><g v="loct"></g></l></v><v><l id="390158" t="д"><g v="NOUN"></g><g v="anim"></g><g v="ms-f"></g><g v="Sgtm"></g><g v="Fixd"></g><g v="Abbr"></g><g v="Patr"></g><g v="Init"></g><g v="sing"></g><g v="nomn"></g></l></v></tfr></token><token id="650444" text="."><tfr rev_id="1482554" t="."><v><l id="0" t="."><g v="PNCT"></g></l></v></tfr></token><token id="650445" text=","><tfr rev_id="1482555" t=","><v><l id="0" t=","><g v="PNCT"></g></l></v></tfr></token><token id="650446" text="Дрейер"><tfr rev_id="4177654" t="Дрейер"><v><l id="91964" t="дрейер"><g v="NOUN"></g><g v="anim"></g><g v="femn"></g><g v="Sgtm"></g><g v="Fixd"></g><g v="Surn"></g><g v="sing"></g><g v="nomn"></g></l></v></tfr></token><token id="650447" text="К"><tfr rev_id="4523039" t="К"><v><l id="390191" t="к"><g v="NOUN"></g><g v="anim"></g><g v="ms-f"></g><g v="Sgtm"></g><g v="Fixd"></g><g v="Abbr"></g><g v="Name"></g><g v="Init"></g><g v="sing"></g><g v="ablt"></g></l></v><v><l id="390191" t="к"><g v="NOUN"></g><g v="anim"></g><g v="ms-f"></g><g v="Sgtm"></g><g v="Fixd"></g><g v="Abbr"></g><g v="Name"></g><g v="Init"></g><g v="sing"></g><g v="accs"></g></l></v><v><l id="390191" t="к"><g v="NOUN"></g><g v="anim"></g><g v="ms-f"></g><g v="Sgtm"></g><g v="Fixd"></g><g v="Abbr"></g><g v="Name"></g><g v="Init"></g><g v="sing"></g><g v="datv"></g></l></v><v><l id="390191" t="к"><g v="NOUN"></g><g v="anim"></g><g v="ms-f"></g><g v="Sgtm"></g><g v="Fixd"></g><g v="Abbr"></g><g v="Name"></g><g v="Init"></g><g v="sing"></g><g v="gent"></g></l></v><v><l id="390191" t="к"><g v="NOUN"></g><g v="anim"></g><g v="ms-f"></g><g v="Sgtm"></g><g v="Fixd"></g><g v="Abbr"></g><g v="Name"></g><g v="Init"></g><g v="sing"></g><g v="loct"></g></l></v><v><l id="390191" t="к"><g v="NOUN"></g><g v="anim"></g><g v="ms-f"></g><g v="Sgtm"></g><g v="Fixd"></g><g v="Abbr"></g><g v="Name"></g><g v="Init"></g><g v="sing"></g><g v="nomn"></g></l></v><v><l id="390192" t="к"><g v="NOUN"></g><g v="anim"></g><g v="ms-f"></g><g v="Sgtm"></g><g v="Fixd"></g><g v="Abbr"></g><g v="Patr"></g><g v="Init"></g><g v="sing"></g><g v="ablt"></g></l></v><v><l id="390192" t="к"><g v="NOUN"></g><g v="anim"></g><g v="ms-f"></g><g v="Sgtm"></g><g v="Fixd"></g><g v="Abbr"></g><g v="Patr"></g><g v="Init"></g><g v="sing"></g><g v="accs"></g></l></v><v><l id="390192" t="к"><g v="NOUN"></g><g v="anim"></g><g v="ms-f"></g><g v="Sgtm"></g><g v="Fixd"></g><g v="Abbr"></g><g v="Patr"></g><g v="Init"></g><g v="sing"></g><g v="datv"></g></l></v><v><l id="390192" t="к"><g v="NOUN"></g><g v="anim"></g><g v="ms-f"></g><g v="Sgtm"></g><g v="Fixd"></g><g v="Abbr"></g><g v="Patr"></g><g v="Init"></g><g v="sing"></g><g v="gent"></g></l></v><v><l id="390192" t="к"><g v="NOUN"></g><g v="anim"></g><g v="ms-f"></g><g v="Sgtm"></g><g v="Fixd"></g><g v="Abbr"></g><g v="Patr"></g><g v="Init"></g><g v="sing"></g><g v="loct"></g></l></v><v><l id="390192" t="к"><g v="NOUN"></g><g v="anim"></g><g v="ms-f"></g><g v="Sgtm"></g><g v="Fixd"></g><g v="Abbr"></g><g v="Patr"></g><g v="Init"></g><g v="sing"></g><g v="nomn"></g></l></v></tfr></token><token id="650448" text="."><tfr rev_id="1482558" t="."><v><l id="0" t="."><g v="PNCT"></g></l></v></tfr></token><token id="650449" text="Ци"><tfr rev_id="1482559" t="Ци"><v><l id="0" t="ци"><g v="UNKN"></g></l></v></tfr></token><token id="650450" text="-"><tfr rev_id="1482560" t="-"><v><l id="0" t="-"><g v="PNCT"></g></l></v></tfr></token><token id="650451" text="бег"><tfr rev_id="1482561" t="бег"><v><l id="25245" t="бег"><g v="NOUN"></g><g v="inan"></g><g v="masc"></g><g v="Sgtm"></g><g v="sing"></g><g v="nomn"></g></l></v><v><l id="25245" t="бег"><g v="NOUN"></g><g v="inan"></g><g v="masc"></g><g v="Sgtm"></g><g v="sing"></g><g v="accs"></g></l></v></tfr></token><token id="650452" text="."><tfr rev_id="1482562" t="."><v><l id="0" t="."><g v="PNCT"></g></l></v></tfr></token></tokens></sentence><sentence id="36371"><source>Революционный метод бега без усилий и травм</source><tokens><token id="650453" text="Революционный"><tfr rev_id="1482563" t="Революционный"><v><l id="304728" t="революционный"><g v="ADJF"></g><g v="Qual"></g><g v="masc"></g><g v="sing"></g><g v="nomn"></g></l></v><v><l id="304728" t="революционный"><g v="ADJF"></g><g v="Qual"></g><g v="inan"></g><g v="masc"></g><g v="sing"></g><g v="accs"></g></l></v></tfr></token><token id="650454" text="метод"><tfr rev_id="3486955" t="метод"><v><l id="159259" t="метод"><g v="NOUN"></g><g v="inan"></g><g v="masc"></g><g v="sing"></g><g v="nomn"></g></l></v><v><l id="159259" t="метод"><g v="NOUN"></g><g v="inan"></g><g v="masc"></g><g v="sing"></g><g v="accs"></g></l></v></tfr></token><token id="650455" text="бега"><tfr rev_id="3445170" t="бега"><v><l id="25245" t="бег"><g v="NOUN"></g><g v="inan"></g><g v="masc"></g><g v="Sgtm"></g><g v="sing"></g><g v="gent"></g></l></v></tfr></token><token id="650456" text="без"><tfr rev_id="1482566" t="без"><v><l id="25481" t="без"><g v="PREP"></g></l></v></tfr></token><token id="650457" text="усилий"><tfr rev_id="3803739" t="усилий"><v><l id="360406" t="усилие"><g v="NOUN"></g><g v="inan"></g><g v="neut"></g><g v="plur"></g><g v="gent"></g></l></v></tfr></token><token id="650458" text="и"><tfr rev_id="1482568" t="и"><v><l id="116949" t="и"><g v="CONJ"></g></l></v><v><l id="116950" t="и"><g v="INTJ"></g></l></v></tfr></token><token id="650459" text="травм"><tfr rev_id="1482569" t="травм"><v><l id="348664" t="травма"><g v="NOUN"></g><g v="inan"></g><g v="femn"></g><g v="plur"></g><g v="gent"></g></l></v></tfr></token></tokens></sentence></paragraph><paragraph id="11573"><sentence id="36372"><source>Проверил на практике советы, предложенные в ней.</source><tokens><token id="650460" text="Проверил"><tfr rev_id="1482570" t="Проверил"><v><l id="277753" t="проверил"><g v="VERB"></g><g v="perf"></g><g v="tran"></g><g v="masc"></g><g v="sing"></g><g v="past"></g><g v="indc"></g></l></v></tfr></token><token id="650461" text="на"><tfr rev_id="3394126" t="на"><v><l id="166264" t="на"><g v="PREP"></g></l></v></tfr></token><token id="650462" text="практике"><tfr rev_id="4341742" t="практике"><v><l id="265884" t="практика"><g v="NOUN"></g><g v="inan"></g><g v="femn"></g><g v="sing"></g><g v="loct"></g></l></v></tfr></token><token id="650463" text="советы"><tfr rev_id="3728076" t="советы"><v><l id="327955" t="совет"><g v="NOUN"></g><g v="inan"></g><g v="masc"></g><g v="plur"></g><g v="accs"></g></l></v></tfr></token><token id="650464" text=","><tfr rev_id="1482574" t=","><v><l id="0" t=","><g v="PNCT"></g></l></v></tfr></token><token id="650465" text="предложенные"><tfr rev_id="1482575" t="предложенные"><v><l id="266543" t="предложенный"><g v="PRTF"></g><g v="perf"></g><g v="tran"></g><g v="past"></g><g v="pssv"></g><g v="plur"></g><g v="nomn"></g></l></v><v><l id="266543" t="предложенный"><g v="PRTF"></g><g v="perf"></g><g v="tran"></g><g v="past"></g><g v="pssv"></g><g v="inan"></g><g v="plur"></g><g v="accs"></g></l></v></tfr></token><token id="650466" text="в"><tfr rev_id="1482576" t="в"><v><l id="37409" t="в"><g v="PREP"></g></l></v></tfr></token><token id="650467" text="ней"><tfr rev_id="4351260" t="ней"><v><l id="206544" t="она"><g v="NPRO"></g><g v="femn"></g><g v="3per"></g><g v="Anph"></g><g v="sing"></g><g v="loct"></g><g v="Af-p"></g></l></v></tfr></token><token id="650468" text="."><tfr rev_id="1482578" t="."><v><l id="0" t="."><g v="PNCT"></g></l></v></tfr></token></tokens></sentence><sentence id="36373"><source>Общее мнение - положительное.</source><tokens><token id="650469" text="Общее"><tfr rev_id="3812210" t="Общее"><v><l id="201663" t="общий"><g v="ADJF"></g><g v="neut"></g><g v="sing"></g><g v="nomn"></g></l></v><v><l id="201663" t="общий"><g v="ADJF"></g><g v="neut"></g><g v="sing"></g><g v="accs"></g></l></v></tfr></token><token id="650470" text="мнение"><tfr rev_id="1482580" t="мнение"><v><l id="161395" t="мнение"><g v="NOUN"></g><g v="inan"></g><g v="neut"></g><g v="sing"></g><g v="nomn"></g></l></v><v><l id="161395" t="мнение"><g v="NOUN"></g><g v="inan"></g><g v="neut"></g><g v="sing"></g><g v="accs"></g></l></v></tfr></token><token id="650471" text="-"><tfr rev_id="1482581" t="-"><v><l id="0" t="-"><g v="PNCT"></g></l></v></tfr></token><token id="650472" text="положительное"><tfr rev_id="1482582" t="положительное"><v><l id="256266" t="положительный"><g v="ADJF"></g><g v="Qual"></g><g v="neut"></g><g v="sing"></g><g v="nomn"></g></l></v><v><l id="256266" t="положительный"><g v="ADJF"></g><g v="Qual"></g><g v="neut"></g><g v="sing"></g><g v="accs"></g></l></v></tfr></token><token id="650473" text="."><tfr rev_id="1482583" t="."><v><l id="0" t="."><g v="PNCT"></g></l></v></tfr></token></tokens></sentence><sentence id="36374"><source>Вполне, на мой взгляд, хорошие советы по технике бега - осанка, постановка стоп, темп.</source><tokens><token id="650474" text="Вполне"><tfr rev_id="1482584" t="Вполне"><v><l id="52647" t="вполне"><g v="ADVB"></g></l></v></tfr></token><token id="650475" text=","><tfr rev_id="1482585" t=","><v><l id="0" t=","><g v="PNCT"></g></l></v></tfr></token><token id="650476" text="на"><tfr rev_id="3333623" t="на"><v><l id="166264" t="на"><g v="PREP"></g></l></v></tfr></token><token id="650477" text="мой"><tfr rev_id="4175495" t="мой"><v><l id="162570" t="мой"><g v="ADJF"></g><g v="Apro"></g><g v="masc"></g><g v="sing"></g><g v="nomn"></g></l></v><v><l id="162570" t="мой"><g v="ADJF"></g><g v="Apro"></g><g v="inan"></g><g v="masc"></g><g v="sing"></g><g v="accs"></g></l></v></tfr></token><token id="650478" text="взгляд"><tfr rev_id="1482588" t="взгляд"><v><l id="43326" t="взгляд"><g v="NOUN"></g><g v="inan"></g><g v="masc"></g><g v="sing"></g><g v="nomn"></g></l></v><v><l id="43326" t="взгляд"><g v="NOUN"></g><g v="inan"></g><g v="masc"></g><g v="sing"></g><g v="accs"></g></l></v></tfr></token><token id="650479" text=","><tfr rev_id="1482589" t=","><v><l id="0" t=","><g v="PNCT"></g></l></v></tfr></token><token id="650480" text="хорошие"><tfr rev_id="4067156" t="хорошие"><v><l id="371668" t="хороший"><g v="ADJF"></g><g v="Qual"></g><g v="plur"></g><g v="nomn"></g></l></v></tfr></token><token id="650481" text="советы"><tfr rev_id="3756532" t="советы"><v><l id="327955" t="совет"><g v="NOUN"></g><g v="inan"></g><g v="masc"></g><g v="plur"></g><g v="nomn"></g></l></v></tfr></token><token id="650482" text="по"><tfr rev_id="1482592" t="по"><v><l id="241240" t="по"><g v="PREP"></g></l></v></tfr></token><token id="650483" text="технике"><tfr rev_id="3555009" t="технике"><v><l id="345936" t="техника"><g v="NOUN"></g><g v="inan"></g><g v="femn"></g><g v="sing"></g><g v="datv"></g></l></v></tfr></token><token id="650484" text="бега"><tfr rev_id="3503119" t="бега"><v><l id="25245" t="бег"><g v="NOUN"></g><g v="inan"></g><g v="masc"></g><g v="Sgtm"></g><g v="sing"></g><g v="gent"></g></l></v></tfr></token><token id="650485" text="-"><tfr rev_id="1482595" t="-"><v><l id="0" t="-"><g v="PNCT"></g></l></v></tfr></token><token id="650486" text="осанка"><tfr rev_id="1482596" t="осанка"><v><l id="209486" t="осанка"><g v="NOUN"></g><g v="inan"></g><g v="femn"></g><g v="sing"></g><g v="nomn"></g></l></v></tfr></token><token id="650487" text=","><tfr rev_id="1482597" t=","><v><l id="0" t=","><g v="PNCT"></g></l></v></tfr></token><token id="650488" text="постановка"><tfr rev_id="1482598" t="постановка"><v><l id="262153" t="постановка"><g v="NOUN"></g><g v="inan"></g><g v="femn"></g><g v="sing"></g><g v="nomn"></g></l></v></tfr></token><token id="650489" text="стоп"><tfr rev_id="4395418" t="стоп"><v><l id="336731" t="стопа"><g v="NOUN"></g><g v="inan"></g><g v="femn"></g><g v="plur"></g><g v="gent"></g></l></v></tfr></token><token id="650490" text=","><tfr rev_id="1482600" t=","><v><l id="0" t=","><g v="PNCT"></g></l></v></tfr></token><token id="650491" text="темп"><tfr rev_id="3409520" t="темп"><v><l id="344595" t="темп"><g v="NOUN"></g><g v="inan"></g><g v="masc"></g><g v="sing"></g><g v="nomn"></g></l></v></tfr></token><token id="650492" text="."><tfr rev_id="1482602" t="."><v><l id="0" t="."><g v="PNCT"></g></l></v></tfr></token></tokens></sentence><sentence id="36375"><source>Немного непривычно было поначалу пытаться ставить ногу сразу на носок, но в принципе по прошествии времени, учтя еще советы по расслаблению тела во время бега, это вполне удалось и оказалось удобным.</source><tokens><token id="650493" text="Немного"><tfr rev_id="4084547" t="Немного"><v><l id="184140" t="немного"><g v="ADVB"></g></l></v></tfr></token><token id="650494" text="непривычно"><tfr rev_id="3647386" t="непривычно"><v><l id="186570" t="непривычен"><g v="ADJS"></g><g v="Qual"></g><g v="neut"></g><g v="sing"></g></l></v><v><l id="389324" t="непривычно"><g v="ADVB"></g></l></v></tfr></token><token id="650495" text="было"><tfr rev_id="3125087" t="было"><v><l id="37265" t="есть"><g v="VERB"></g><g v="impf"></g><g v="intr"></g><g v="neut"></g><g v="sing"></g><g v="past"></g><g v="indc"></g></l></v></tfr></token><token id="650496" text="поначалу"><tfr rev_id="1482606" t="поначалу"><v><l id="258358" t="поначалу"><g v="ADVB"></g></l></v></tfr></token><token id="650497" text="пытаться"><tfr rev_id="1482607" t="пытаться"><v><l id="290087" t="пытаться"><g v="INFN"></g><g v="impf"></g><g v="intr"></g></l></v></tfr></token><token id="650498" text="ставить"><tfr rev_id="1482608" t="ставить"><v><l id="334321" t="ставить"><g v="INFN"></g><g v="impf"></g><g v="tran"></g></l></v></tfr></token><token id="650499" text="ногу"><tfr rev_id="1482609" t="ногу"><v><l id="191924" t="нога"><g v="NOUN"></g><g v="inan"></g><g v="femn"></g><g v="sing"></g><g v="accs"></g></l></v></tfr></token><token id="650500" text="сразу"><tfr rev_id="1482610" t="сразу"><v><l id="333375" t="сразу"><g v="ADVB"></g></l></v></tfr></token><token id="650501" text="на"><tfr rev_id="3338205" t="на"><v><l id="166264" t="на"><g v="PREP"></g></l></v></tfr></token><token id="650502" text="носок"><tfr rev_id="3543366" t="носок"><v><l id="192359" t="носок"><g v="NOUN"></g><g v="inan"></g><g v="masc"></g><g v="sing"></g><g v="nomn"></g></l></v><v><l id="192359" t="носок"><g v="NOUN"></g><g v="inan"></g><g v="masc"></g><g v="sing"></g><g v="accs"></g></l></v></tfr></token><token id="650503" text=","><tfr rev_id="1482613" t=","><v><l id="0" t=","><g v="PNCT"></g></l></v></tfr></token><token id="650504" text="но"><tfr rev_id="3533114" t="но"><v><l id="191429" t="но"><g v="CONJ"></g></l></v></tfr></token><token id="650505" text="в"><tfr rev_id="1482615" t="в"><v><l id="37409" t="в"><g v="PREP"></g></l></v></tfr></token><token id="650506" text="принципе"><tfr rev_id="1482616" t="принципе"><v><l id="272678" t="принцип"><g v="NOUN"></g><g v="inan"></g><g v="masc"></g><g v="sing"></g><g v="loct"></g></l></v></tfr></token><token id="650507" text="по"><tfr rev_id="1482617" t="по"><v><l id="241240" t="по"><g v="PREP"></g></l></v></tfr></token><token id="650508" text="прошествии"><tfr rev_id="1482618" t="прошествии"><v><l id="287634" t="прошествие"><g v="NOUN"></g><g v="inan"></g><g v="neut"></g><g v="sing"></g><g v="loct"></g></l></v></tfr></token><token id="650509" text="времени"><tfr rev_id="3550920" t="времени"><v><l id="53149" t="время"><g v="NOUN"></g><g v="inan"></g><g v="neut"></g><g v="sing"></g><g v="gent"></g></l></v></tfr></token><token id="650510" text=","><tfr rev_id="1482620" t=","><v><l id="0" t=","><g v="PNCT"></g></l></v></tfr></token><token id="650511" text="учтя"><tfr rev_id="1482621" t="учтя"><v><l id="363222" t="учтя"><g v="GRND"></g><g v="perf"></g><g v="tran"></g><g v="past"></g></l></v></tfr></token><token id="650512" text="еще"><tfr rev_id="1482622" t="еще"><v><l id="95551" t="ещё"><g v="PRCL"></g></l></v><v><l id="95552" t="ещё"><g v="ADVB"></g></l></v></tfr></token><token id="650513" text="советы"><tfr rev_id="3727774" t="советы"><v><l id="327955" t="совет"><g v="NOUN"></g><g v="inan"></g><g v="masc"></g><g v="plur"></g><g v="accs"></g></l></v></tfr></token><token id="650514" text="по"><tfr rev_id="1482624" t="по"><v><l id="241240" t="по"><g v="PREP"></g></l></v></tfr></token><token id="650515" text="расслаблению"><tfr rev_id="1482625" t="расслаблению"><v><l id="301022" t="расслабление"><g v="NOUN"></g><g v="inan"></g><g v="neut"></g><g v="sing"></g><g v="datv"></g></l></v></tfr></token><token id="650516" text="тела"><tfr rev_id="3446686" t="тела"><v><l id="344407" t="тело"><g v="NOUN"></g><g v="inan"></g><g v="neut"></g><g v="sing"></g><g v="gent"></g></l></v></tfr></token><token id="650517" text="во"><tfr rev_id="2920289" t="во"><v><l id="37409" t="в"><g v="PREP"></g><g v="Vpre"></g></l></v></tfr></token><token id="650518" text="время"><tfr rev_id="1482628" t="время"><v><l id="53149" t="время"><g v="NOUN"></g><g v="inan"></g><g v="neut"></g><g v="sing"></g><g v="nomn"></g></l></v><v><l id="53149" t="время"><g v="NOUN"></g><g v="inan"></g><g v="neut"></g><g v="sing"></g><g v="accs"></g></l></v></tfr></token><token id="650519" text="бега"><tfr rev_id="3484598" t="бега"><v><l id="25245" t="бег"><g v="NOUN"></g><g v="inan"></g><g v="masc"></g><g v="Sgtm"></g><g v="sing"></g><g v="gent"></g></l></v></tfr></token><token id="650520" text=","><tfr rev_id="1482630" t=","><v><l id="0" t=","><g v="PNCT"></g></l></v></tfr></token><token id="650521" text="это"><tfr rev_id="4441692" t="это"><v><l id="386574" t="это"><g v="PRCL"></g></l></v><v><l id="386575" t="это"><g v="NPRO"></g><g v="neut"></g><g v="sing"></g><g v="nomn"></g></l></v><v><l id="386575" t="это"><g v="NPRO"></g><g v="neut"></g><g v="sing"></g><g v="accs"></g></l></v><v><l id="386581" t="этот"><g v="ADJF"></g><g v="Subx"></g><g v="Apro"></g><g v="Anph"></g><g v="neut"></g><g v="sing"></g><g v="nomn"></g></l></v><v><l id="386581" t="этот"><g v="ADJF"></g><g v="Subx"></g><g v="Apro"></g><g v="Anph"></g><g v="neut"></g><g v="sing"></g><g v="accs"></g></l></v></tfr></token><token id="650522" text="вполне"><tfr rev_id="1482632" t="вполне"><v><l id="52647" t="вполне"><g v="ADVB"></g></l></v></tfr></token><token id="650523" text="удалось"><tfr rev_id="1482633" t="удалось"><v><l id="354717" t="удался"><g v="VERB"></g><g v="perf"></g><g v="intr"></g><g v="neut"></g><g v="sing"></g><g v="past"></g><g v="indc"></g></l></v></tfr></token><token id="650524" text="и"><tfr rev_id="1482634" t="и"><v><l id="116949" t="и"><g v="CONJ"></g></l></v><v><l id="116950" t="и"><g v="INTJ"></g></l></v></tfr></token><token id="650525" text="оказалось"><tfr rev_id="1482635" t="оказалось"><v><l id="204462" t="оказался"><g v="VERB"></g><g v="perf"></g><g v="intr"></g><g v="neut"></g><g v="sing"></g><g v="past"></g><g v="indc"></g></l></v></tfr></token><token id="650526" text="удобным"><tfr rev_id="4376210" t="удобным"><v><l id="355018" t="удобный"><g v="ADJF"></g><g v="Qual"></g><g v="neut"></g><g v="sing"></g><g v="ablt"></g></l></v></tfr></token><token id="650527" text="."><tfr rev_id="1482637" t="."><v><l id="0" t="."><g v="PNCT"></g></l></v></tfr></token></tokens></sentence><sentence id="36376"><source>Бегать точно стало легче, уменьшилась нагрузка на колени.</source><tokens><token id="650528" text="Бегать"><tfr rev_id="1482638" t="Бегать"><v><l id="25251" t="бегать"><g v="INFN"></g><g v="impf"></g><g v="intr"></g></l></v></tfr></token><token id="650529" text="точно"><tfr rev_id="4509222" t="точно"><v><l id="348514" t="точно"><g v="ADVB"></g></l></v><v><l id="348515" t="точно"><g v="CONJ"></g></l></v><v><l id="348521" t="точен"><g v="ADJS"></g><g v="Qual"></g><g v="neut"></g><g v="sing"></g></l></v></tfr></token><token id="650530" text="стало"><tfr rev_id="1482640" t="стало"><v><l id="335164" t="стал"><g v="VERB"></g><g v="perf"></g><g v="intr"></g><g v="neut"></g><g v="sing"></g><g v="past"></g><g v="indc"></g></l></v></tfr></token><token id="650531" text="легче"><tfr rev_id="4266557" t="легче"><v><l id="146053" t="легче"><g v="COMP"></g><g v="Qual"></g></l></v></tfr></token><token id="650532" text=","><tfr rev_id="1482642" t=","><v><l id="0" t=","><g v="PNCT"></g></l></v></tfr></token><token id="650533" text="уменьшилась"><tfr rev_id="1482643" t="уменьшилась"><v><l id="357504" t="уменьшился"><g v="VERB"></g><g v="perf"></g><g v="intr"></g><g v="femn"></g><g v="sing"></g><g v="past"></g><g v="indc"></g></l></v></tfr></token><token id="650534" text="нагрузка"><tfr rev_id="1482644" t="нагрузка"><v><l id="168266" t="нагрузка"><g v="NOUN"></g><g v="inan"></g><g v="femn"></g><g v="sing"></g><g v="nomn"></g></l></v></tfr></token><token id="650535" text="на"><tfr rev_id="3340879" t="на"><v><l id="166264" t="на"><g v="PREP"></g></l></v></tfr></token><token id="650536" text="колени"><tfr rev_id="3757003" t="колени"><v><l id="135860" t="колено"><g v="NOUN"></g><g v="inan"></g><g v="neut"></g><g v="plur"></g><g v="accs"></g></l></v></tfr></token><token id="650537" text="."><tfr rev_id="1482647" t="."><v><l id="0" t="."><g v="PNCT"></g></l></v></tfr></token></tokens></sentence><sentence id="36377"><source>Минус - книжка небольшая и для нее там слишком много всяких лирических отступлений и повторов. :)</source><tokens><token id="650538" text="Минус"><tfr rev_id="2602336" t="Минус"><v><l id="160728" t="минус"><g v="NOUN"></g><g v="inan"></g><g v="masc"></g><g v="sing"></g><g v="nomn"></g></l></v><v><l id="160728" t="минус"><g v="NOUN"></g><g v="inan"></g><g v="masc"></g><g v="sing"></g><g v="accs"></g></l></v></tfr></token><token id="650539" text="-"><tfr rev_id="1482649" t="-"><v><l id="0" t="-"><g v="PNCT"></g></l></v></tfr></token><token id="650540" text="книжка"><tfr rev_id="1482650" t="книжка"><v><l id="134865" t="книжка"><g v="NOUN"></g><g v="inan"></g><g v="femn"></g><g v="sing"></g><g v="nomn"></g></l></v></tfr></token><token id="650541" text="небольшая"><tfr rev_id="1482651" t="небольшая"><v><l id="179467" t="небольшой"><g v="ADJF"></g><g v="femn"></g><g v="sing"></g><g v="nomn"></g></l></v></tfr></token><token id="650542" text="и"><tfr rev_id="3688660" t="и"><v><l id="116949" t="и"><g v="CONJ"></g></l></v></tfr></token><token id="650543" text="для"><tfr rev_id="3452881" t="для"><v><l id="85032" t="для"><g v="PREP"></g></l></v></tfr></token><token id="650544" text="нее"><tfr rev_id="3726338" t="нее"><v><l id="206544" t="она"><g v="NPRO"></g><g v="femn"></g><g v="3per"></g><g v="Anph"></g><g v="sing"></g><g v="gent"></g><g v="Af-p"></g></l></v><v><l id="206544" t="она"><g v="NPRO"></g><g v="femn"></g><g v="3per"></g><g v="Anph"></g><g v="sing"></g><g v="accs"></g><g v="Af-p"></g></l></v></tfr></token><token id="650545" text="там"><tfr rev_id="1482655" t="там"><v><l id="342752" t="там"><g v="PRCL"></g></l></v><v><l id="342753" t="там"><g v="ADVB"></g><g v="Dmns"></g></l></v></tfr></token><token id="650546" text="слишком"><tfr rev_id="1482656" t="слишком"><v><l id="325109" t="слишком"><g v="ADVB"></g></l></v></tfr></token><token id="650547" text="много"><tfr rev_id="4177932" t="много"><v><l id="389079" t="много"><g v="NUMR"></g><g v="nomn"></g></l></v><v><l id="389079" t="много"><g v="NUMR"></g><g v="accs"></g></l></v></tfr></token><token id="650548" text="всяких"><tfr rev_id="3497599" t="всяких"><v><l id="54721" t="всякий"><g v="ADJF"></g><g v="Apro"></g><g v="plur"></g><g v="gent"></g></l></v></tfr></token><token id="650549" text="лирических"><tfr rev_id="4351522" t="лирических"><v><l id="149635" t="лирический"><g v="ADJF"></g><g v="plur"></g><g v="gent"></g></l></v></tfr></token><token id="650550" text="отступлений"><tfr rev_id="1482660" t="отступлений"><v><l id="218642" t="отступление"><g v="NOUN"></g><g v="inan"></g><g v="neut"></g><g v="plur"></g><g v="gent"></g></l></v></tfr></token><token id="650551" text="и"><tfr rev_id="3690542" t="и"><v><l id="116949" t="и"><g v="CONJ"></g></l></v></tfr></token><token id="650552" text="повторов"><tfr rev_id="1482662" t="повторов"><v><l id="242794" t="повтор"><g v="NOUN"></g><g v="inan"></g><g v="masc"></g><g v="plur"></g><g v="gent"></g></l></v></tfr></token><token id="650553" text="."><tfr rev_id="1482663" t="."><v><l id="0" t="."><g v="PNCT"></g></l></v></tfr></token><token id="650554" text=":)"><tfr rev_id="1482664" t=":)"><v><l id="0" t=":)"><g v="PNCT"></g></l></v></tfr></token></tokens></sentence><sentence id="36378"><source>Для любителей бега, не спринтеров - рекомендую!</source><tokens><token id="650555" text="Для"><tfr rev_id="2707389" t="Для"><v><l id="85032" t="для"><g v="PREP"></g></l></v></tfr></token><token id="650556" text="любителей"><tfr rev_id="4459043" t="любителей"><v><l id="151965" t="любитель"><g v="NOUN"></g><g v="anim"></g><g v="masc"></g><g v="plur"></g><g v="gent"></g></l></v></tfr></token><token id="650557" text="бега"><tfr rev_id="3264415" t="бега"><v><l id="25245" t="бег"><g v="NOUN"></g><g v="inan"></g><g v="masc"></g><g v="Sgtm"></g><g v="sing"></g><g v="gent"></g></l></v></tfr></token><token id="650558" text=","><tfr rev_id="1482668" t=","><v><l id="0" t=","><g v="PNCT"></g></l></v></tfr></token><token id="650559" text="не"><tfr rev_id="1482669" t="не"><v><l id="178876" t="не"><g v="PRCL"></g></l></v></tfr></token><token id="650560" text="спринтеров"><tfr rev_id="4383056" t="спринтеров"><v><l id="332974" t="спринтер"><g v="NOUN"></g><g v="anim"></g><g v="masc"></g><g v="plur"></g><g v="gent"></g></l></v></tfr></token><token id="650561" text="-"><tfr rev_id="1482671" t="-"><v><l id="0" t="-"><g v="PNCT"></g></l></v></tfr></token><token id="650562" text="рекомендую"><tfr rev_id="1482672" t="рекомендую"><v><l id="305730" t="рекомендовал"><g v="VERB"></g><g v="perf"></g><g v="tran"></g><g v="sing"></g><g v="1per"></g><g v="futr"></g><g v="indc"></g></l></v><v><l id="305731" t="рекомендую"><g v="VERB"></g><g v="impf"></g><g v="tran"></g><g v="sing"></g><g v="1per"></g><g v="pres"></g><g v="indc"></g></l></v></tfr></token><token id="650563" text="!"><tfr rev_id="1482673" t="!"><v><l id="0" t="!"><g v="PNCT"></g></l></v></tfr></token></tokens></sentence></paragraph></paragraphs></text>