<?xml version="1.0" encoding="utf-8"?><text id="1202" parent="56" name="Тур де Франс обстрелян. Есть раненые."><tags><tag>Автор:http://ru.wikinews.org/wiki/Участник:Velopilger</tag><tag>Дата:18/07</tag><tag>Год:2009</tag><tag>Тема:ВикиКатегория:Велоспорт</tag><tag>Тема:ВикиКатегория:Происшествия</tag><tag>Тема:ВикиКатегория:Спорт</tag><tag>Гео:ВикиКатегория:Франция</tag><tag>url:http://ru.wikinews.org/w/index.php?title=Тур_де_Франс_обстрелян._Есть_раненые.&amp;oldid=57458</tag></tags><paragraphs><paragraph id="11186"><sentence id="35095"><source>17 июля на 13-м этапе французской Тур де Франс двое спортсменов были обстреляны из пневматического оружия и оказались ранеными.</source><tokens><token id="627147" text="17"><tfr rev_id="2462026" t="17"><v><l id="0" t="17"><g v="NUMB"></g></l></v></tfr></token><token id="627148" text="июля"><tfr rev_id="1459271" t="июля"><v><l id="127299" t="июль"><g v="NOUN"></g><g v="inan"></g><g v="masc"></g><g v="sing"></g><g v="gent"></g></l></v></tfr></token><token id="627149" text="на"><tfr rev_id="3342259" t="на"><v><l id="166264" t="на"><g v="PREP"></g></l></v></tfr></token><token id="627150" text="13-м"><tfr rev_id="4553143" t="13-м"><v><l id="390449" t="13-й"><g v="ADJF"></g><g v="Abbr"></g><g v="Anum"></g><g v="masc"></g><g v="sing"></g><g v="loct"></g></l></v></tfr></token><token id="627151" text="этапе"><tfr rev_id="1459274" t="этапе"><v><l id="386427" t="этап"><g v="NOUN"></g><g v="inan"></g><g v="masc"></g><g v="sing"></g><g v="loct"></g></l></v></tfr></token><token id="627152" text="французской"><tfr rev_id="3862071" t="французской"><v><l id="368078" t="французский"><g v="ADJF"></g><g v="femn"></g><g v="sing"></g><g v="gent"></g></l></v></tfr></token><token id="627153" text="Тур"><tfr rev_id="3436132" t="Тур"><v><l id="351653" t="тур"><g v="NOUN"></g><g v="anim"></g><g v="masc"></g><g v="sing"></g><g v="nomn"></g></l></v><v><l id="351654" t="тур"><g v="NOUN"></g><g v="inan"></g><g v="masc"></g><g v="sing"></g><g v="nomn"></g></l></v><v><l id="351654" t="тур"><g v="NOUN"></g><g v="inan"></g><g v="masc"></g><g v="sing"></g><g v="accs"></g></l></v></tfr></token><token id="627154" text="де"><tfr rev_id="1459277" t="де"><v><l id="79108" t="де"><g v="PRCL"></g></l></v></tfr></token><token id="627155" text="Франс"><tfr rev_id="4404798" t="Франс"><v><l id="0" t="Франс"><g v="UNKN"></g></l></v></tfr></token><token id="627156" text="двое"><tfr rev_id="1459279" t="двое"><v><l id="78866" t="двое"><g v="NUMR"></g><g v="Coll"></g><g v="nomn"></g></l></v><v><l id="78866" t="двое"><g v="NUMR"></g><g v="Coll"></g><g v="inan"></g><g v="accs"></g></l></v></tfr></token><token id="627157" text="спортсменов"><tfr rev_id="4358068" t="спортсменов"><v><l id="332816" t="спортсмен"><g v="NOUN"></g><g v="anim"></g><g v="masc"></g><g v="plur"></g><g v="gent"></g></l></v></tfr></token><token id="627158" text="были"><tfr rev_id="1714370" t="были"><v><l id="37265" t="есть"><g v="VERB"></g><g v="impf"></g><g v="intr"></g><g v="plur"></g><g v="past"></g><g v="indc"></g></l></v></tfr></token><token id="627159" text="обстреляны"><tfr rev_id="1459282" t="обстреляны"><v><l id="200024" t="обстрелян"><g v="PRTS"></g><g v="perf"></g><g v="past"></g><g v="pssv"></g><g v="plur"></g></l></v></tfr></token><token id="627160" text="из"><tfr rev_id="2557549" t="из"><v><l id="117677" t="из"><g v="PREP"></g></l></v></tfr></token><token id="627161" text="пневматического"><tfr rev_id="3472419" t="пневматического"><v><l id="241180" t="пневматический"><g v="ADJF"></g><g v="neut"></g><g v="sing"></g><g v="gent"></g></l></v></tfr></token><token id="627162" text="оружия"><tfr rev_id="3434050" t="оружия"><v><l id="209361" t="оружие"><g v="NOUN"></g><g v="inan"></g><g v="neut"></g><g v="sing"></g><g v="gent"></g></l></v></tfr></token><token id="627163" text="и"><tfr rev_id="1459286" t="и"><v><l id="116949" t="и"><g v="CONJ"></g></l></v><v><l id="116950" t="и"><g v="INTJ"></g></l></v></tfr></token><token id="627164" text="оказались"><tfr rev_id="1459287" t="оказались"><v><l id="204462" t="оказался"><g v="VERB"></g><g v="perf"></g><g v="intr"></g><g v="plur"></g><g v="past"></g><g v="indc"></g></l></v></tfr></token><token id="627165" text="ранеными"><tfr rev_id="4153975" t="ранеными"><v><l id="297888" t="раненый"><g v="ADJF"></g><g v="plur"></g><g v="ablt"></g></l></v></tfr></token><token id="627166" text="."><tfr rev_id="1459289" t="."><v><l id="0" t="."><g v="PNCT"></g></l></v></tfr></token></tokens></sentence><sentence id="35096"><source>Об этом стало известно после окончания этапа.</source><tokens><token id="627167" text="Об"><tfr rev_id="2921245" t="Об"><v><l id="192977" t="о"><g v="PREP"></g><g v="Vpre"></g></l></v></tfr></token><token id="627168" text="этом"><tfr rev_id="3272813" t="этом"><v><l id="386575" t="это"><g v="NPRO"></g><g v="neut"></g><g v="sing"></g><g v="loct"></g></l></v></tfr></token><token id="627169" text="стало"><tfr rev_id="1459292" t="стало"><v><l id="335164" t="стал"><g v="VERB"></g><g v="perf"></g><g v="intr"></g><g v="neut"></g><g v="sing"></g><g v="past"></g><g v="indc"></g></l></v></tfr></token><token id="627170" text="известно"><tfr rev_id="1459293" t="известно"><v><l id="118141" t="известно"><g v="CONJ"></g><g v="Prnt"></g></l></v><v><l id="118142" t="известно"><g v="PRED"></g><g v="pres"></g></l></v><v><l id="118146" t="известен"><g v="ADJS"></g><g v="Qual"></g><g v="neut"></g><g v="sing"></g></l></v></tfr></token><token id="627171" text="после"><tfr rev_id="4403774" t="после"><v><l id="261542" t="после"><g v="PREP"></g></l></v></tfr></token><token id="627172" text="окончания"><tfr rev_id="3269860" t="окончания"><v><l id="205175" t="окончание"><g v="NOUN"></g><g v="inan"></g><g v="neut"></g><g v="sing"></g><g v="gent"></g></l></v></tfr></token><token id="627173" text="этапа"><tfr rev_id="1459296" t="этапа"><v><l id="386427" t="этап"><g v="NOUN"></g><g v="inan"></g><g v="masc"></g><g v="sing"></g><g v="gent"></g></l></v></tfr></token><token id="627174" text="."><tfr rev_id="1459297" t="."><v><l id="0" t="."><g v="PNCT"></g></l></v></tfr></token></tokens></sentence></paragraph><paragraph id="11187"><sentence id="35097"><source>Испанец Оскар Фрейре рассказал, что на 165-м километре он услышал три хлопка и тут же почувствовал боль в ноге.</source><tokens><token id="627175" text="Испанец"><tfr rev_id="1459298" t="Испанец"><v><l id="124995" t="испанец"><g v="NOUN"></g><g v="anim"></g><g v="masc"></g><g v="sing"></g><g v="nomn"></g></l></v></tfr></token><token id="627176" text="Оскар"><tfr rev_id="4329532" t="Оскар"><v><l id="210050" t="оскар"><g v="NOUN"></g><g v="anim"></g><g v="masc"></g><g v="Name"></g><g v="sing"></g><g v="nomn"></g></l></v></tfr></token><token id="627177" text="Фрейре"><tfr rev_id="1459300" t="Фрейре"><v><l id="0" t="фрейре"><g v="UNKN"></g></l></v></tfr></token><token id="627178" text="рассказал"><tfr rev_id="1459301" t="рассказал"><v><l id="300965" t="рассказал"><g v="VERB"></g><g v="perf"></g><g v="tran"></g><g v="masc"></g><g v="sing"></g><g v="past"></g><g v="indc"></g></l></v></tfr></token><token id="627179" text=","><tfr rev_id="1459302" t=","><v><l id="0" t=","><g v="PNCT"></g></l></v></tfr></token><token id="627180" text="что"><tfr rev_id="3197063" t="что"><v><l id="377004" t="что"><g v="CONJ"></g></l></v><v><l id="377005" t="что"><g v="NPRO"></g><g v="neut"></g><g v="sing"></g><g v="nomn"></g></l></v><v><l id="377005" t="что"><g v="NPRO"></g><g v="neut"></g><g v="sing"></g><g v="accs"></g></l></v><v><l id="377006" t="что"><g v="ADVB"></g><g v="Ques"></g></l></v><v><l id="388695" t="что"><g v="PRCL"></g></l></v></tfr></token><token id="627181" text="на"><tfr rev_id="3341909" t="на"><v><l id="166264" t="на"><g v="PREP"></g></l></v></tfr></token><token id="627182" text="165-м"><tfr rev_id="1459305" t="165-м"><v><l id="0" t="165-м"><g v="UNKN"></g></l></v></tfr></token><token id="627183" text="километре"><tfr rev_id="1459306" t="километре"><v><l id="132850" t="километр"><g v="NOUN"></g><g v="inan"></g><g v="masc"></g><g v="sing"></g><g v="loct"></g></l></v></tfr></token><token id="627184" text="он"><tfr rev_id="3575639" t="он"><v><l id="206541" t="он"><g v="NPRO"></g><g v="masc"></g><g v="3per"></g><g v="Anph"></g><g v="sing"></g><g v="nomn"></g></l></v></tfr></token><token id="627185" text="услышал"><tfr rev_id="1459308" t="услышал"><v><l id="360638" t="услышал"><g v="VERB"></g><g v="perf"></g><g v="tran"></g><g v="masc"></g><g v="sing"></g><g v="past"></g><g v="indc"></g></l></v></tfr></token><token id="627186" text="три"><tfr rev_id="2635302" t="три"><v><l id="349973" t="три"><g v="NUMR"></g><g v="nomn"></g></l></v><v><l id="349973" t="три"><g v="NUMR"></g><g v="inan"></g><g v="accs"></g></l></v></tfr></token><token id="627187" text="хлопка"><tfr rev_id="1459310" t="хлопка"><v><l id="370690" t="хлопок"><g v="NOUN"></g><g v="inan"></g><g v="masc"></g><g v="sing"></g><g v="gent"></g></l></v></tfr></token><token id="627188" text="и"><tfr rev_id="1459311" t="и"><v><l id="116949" t="и"><g v="CONJ"></g></l></v><v><l id="116950" t="и"><g v="INTJ"></g></l></v></tfr></token><token id="627189" text="тут"><tfr rev_id="4265076" t="тут"><v><l id="351923" t="тут"><g v="ADVB"></g><g v="Dmns"></g></l></v></tfr></token><token id="627190" text="же"><tfr rev_id="1459313" t="же"><v><l id="96208" t="же"><g v="CONJ"></g></l></v><v><l id="96209" t="же"><g v="PRCL"></g></l></v></tfr></token><token id="627191" text="почувствовал"><tfr rev_id="1459314" t="почувствовал"><v><l id="265023" t="почувствовал"><g v="VERB"></g><g v="perf"></g><g v="tran"></g><g v="masc"></g><g v="sing"></g><g v="past"></g><g v="indc"></g></l></v></tfr></token><token id="627192" text="боль"><tfr rev_id="3465862" t="боль"><v><l id="32299" t="боль"><g v="NOUN"></g><g v="inan"></g><g v="femn"></g><g v="sing"></g><g v="accs"></g></l></v></tfr></token><token id="627193" text="в"><tfr rev_id="1459316" t="в"><v><l id="37409" t="в"><g v="PREP"></g></l></v></tfr></token><token id="627194" text="ноге"><tfr rev_id="3551187" t="ноге"><v><l id="191924" t="нога"><g v="NOUN"></g><g v="inan"></g><g v="femn"></g><g v="sing"></g><g v="loct"></g></l></v></tfr></token><token id="627195" text="."><tfr rev_id="1459318" t="."><v><l id="0" t="."><g v="PNCT"></g></l></v></tfr></token></tokens></sentence><sentence id="35098"><source>Обратившись после этапа к доктору, после чего выяснилось, что в бедре застрял стальной шарик, которыми обычно стреляют из пневматических винтовок.</source><tokens><token id="627196" text="Обратившись"><tfr rev_id="1459319" t="Обратившись"><v><l id="198931" t="обратившись"><g v="GRND"></g><g v="perf"></g><g v="intr"></g><g v="past"></g><g v="V-sh"></g></l></v></tfr></token><token id="627197" text="после"><tfr rev_id="4407188" t="после"><v><l id="261542" t="после"><g v="PREP"></g></l></v></tfr></token><token id="627198" text="этапа"><tfr rev_id="1459321" t="этапа"><v><l id="386427" t="этап"><g v="NOUN"></g><g v="inan"></g><g v="masc"></g><g v="sing"></g><g v="gent"></g></l></v></tfr></token><token id="627199" text="к"><tfr rev_id="1459322" t="к"><v><l id="127460" t="к"><g v="PREP"></g></l></v></tfr></token><token id="627200" text="доктору"><tfr rev_id="1459323" t="доктору"><v><l id="87485" t="доктор"><g v="NOUN"></g><g v="anim"></g><g v="masc"></g><g v="sing"></g><g v="datv"></g></l></v></tfr></token><token id="627201" text=","><tfr rev_id="1459324" t=","><v><l id="0" t=","><g v="PNCT"></g></l></v></tfr></token><token id="627202" text="после"><tfr rev_id="4406510" t="после"><v><l id="261542" t="после"><g v="PREP"></g></l></v></tfr></token><token id="627203" text="чего"><tfr rev_id="1459326" t="чего"><v><l id="374963" t="чего"><g v="ADVB"></g><g v="Ques"></g></l></v><v><l id="377005" t="что"><g v="NPRO"></g><g v="neut"></g><g v="sing"></g><g v="gent"></g></l></v></tfr></token><token id="627204" text="выяснилось"><tfr rev_id="1459327" t="выяснилось"><v><l id="64907" t="выяснился"><g v="VERB"></g><g v="perf"></g><g v="intr"></g><g v="neut"></g><g v="sing"></g><g v="past"></g><g v="indc"></g></l></v></tfr></token><token id="627205" text=","><tfr rev_id="1459328" t=","><v><l id="0" t=","><g v="PNCT"></g></l></v></tfr></token><token id="627206" text="что"><tfr rev_id="3197064" t="что"><v><l id="377004" t="что"><g v="CONJ"></g></l></v><v><l id="377005" t="что"><g v="NPRO"></g><g v="neut"></g><g v="sing"></g><g v="nomn"></g></l></v><v><l id="377005" t="что"><g v="NPRO"></g><g v="neut"></g><g v="sing"></g><g v="accs"></g></l></v><v><l id="377006" t="что"><g v="ADVB"></g><g v="Ques"></g></l></v><v><l id="388695" t="что"><g v="PRCL"></g></l></v></tfr></token><token id="627207" text="в"><tfr rev_id="1459330" t="в"><v><l id="37409" t="в"><g v="PREP"></g></l></v></tfr></token><token id="627208" text="бедре"><tfr rev_id="1459331" t="бедре"><v><l id="25417" t="бедро"><g v="NOUN"></g><g v="inan"></g><g v="neut"></g><g v="sing"></g><g v="loct"></g></l></v></tfr></token><token id="627209" text="застрял"><tfr rev_id="1459332" t="застрял"><v><l id="110630" t="застрял"><g v="VERB"></g><g v="perf"></g><g v="intr"></g><g v="masc"></g><g v="sing"></g><g v="past"></g><g v="indc"></g></l></v></tfr></token><token id="627210" text="стальной"><tfr rev_id="2635563" t="стальной"><v><l id="334556" t="стальной"><g v="ADJF"></g><g v="masc"></g><g v="sing"></g><g v="nomn"></g></l></v><v><l id="334556" t="стальной"><g v="ADJF"></g><g v="inan"></g><g v="masc"></g><g v="sing"></g><g v="accs"></g></l></v></tfr></token><token id="627211" text="шарик"><tfr rev_id="3230377" t="шарик"><v><l id="378204" t="шарик"><g v="NOUN"></g><g v="inan"></g><g v="masc"></g><g v="sing"></g><g v="nomn"></g></l></v></tfr></token><token id="627212" text=","><tfr rev_id="1459335" t=","><v><l id="0" t=","><g v="PNCT"></g></l></v></tfr></token><token id="627213" text="которыми"><tfr rev_id="3644520" t="которыми"><v><l id="141203" t="который"><g v="ADJF"></g><g v="Apro"></g><g v="Subx"></g><g v="Anph"></g><g v="plur"></g><g v="ablt"></g></l></v></tfr></token><token id="627214" text="обычно"><tfr rev_id="3525914" t="обычно"><v><l id="202047" t="обычно"><g v="ADVB"></g></l></v></tfr></token><token id="627215" text="стреляют"><tfr rev_id="1459338" t="стреляют"><v><l id="337425" t="стреляю"><g v="VERB"></g><g v="impf"></g><g v="tran"></g><g v="plur"></g><g v="3per"></g><g v="pres"></g><g v="indc"></g></l></v></tfr></token><token id="627216" text="из"><tfr rev_id="2602634" t="из"><v><l id="117677" t="из"><g v="PREP"></g></l></v></tfr></token><token id="627217" text="пневматических"><tfr rev_id="3668532" t="пневматических"><v><l id="241180" t="пневматический"><g v="ADJF"></g><g v="plur"></g><g v="gent"></g></l></v></tfr></token><token id="627218" text="винтовок"><tfr rev_id="1459341" t="винтовок"><v><l id="45347" t="винтовка"><g v="NOUN"></g><g v="inan"></g><g v="femn"></g><g v="plur"></g><g v="gent"></g></l></v></tfr></token><token id="627219" text="."><tfr rev_id="1459342" t="."><v><l id="0" t="."><g v="PNCT"></g></l></v></tfr></token></tokens></sentence></paragraph><paragraph id="11188"><sentence id="35099"><source>Нечто подобное рассказал и новозеландец Джулиан Дин, правда он не слышал хлопков.</source><tokens><token id="627220" text="Нечто"><tfr rev_id="2699524" t="Нечто"><v><l id="190100" t="нечто"><g v="NPRO"></g><g v="neut"></g><g v="sing"></g><g v="accs"></g></l></v></tfr></token><token id="627221" text="подобное"><tfr rev_id="3791475" t="подобное"><v><l id="248293" t="подобный"><g v="ADJF"></g><g v="Subx"></g><g v="Qual"></g><g v="neut"></g><g v="sing"></g><g v="nomn"></g></l></v><v><l id="248293" t="подобный"><g v="ADJF"></g><g v="Subx"></g><g v="Qual"></g><g v="neut"></g><g v="sing"></g><g v="accs"></g></l></v></tfr></token><token id="627222" text="рассказал"><tfr rev_id="1459345" t="рассказал"><v><l id="300965" t="рассказал"><g v="VERB"></g><g v="perf"></g><g v="tran"></g><g v="masc"></g><g v="sing"></g><g v="past"></g><g v="indc"></g></l></v></tfr></token><token id="627223" text="и"><tfr rev_id="1459346" t="и"><v><l id="116949" t="и"><g v="CONJ"></g></l></v><v><l id="116950" t="и"><g v="INTJ"></g></l></v></tfr></token><token id="627224" text="новозеландец"><tfr rev_id="1459347" t="новозеландец"><v><l id="191630" t="новозеландец"><g v="NOUN"></g><g v="anim"></g><g v="masc"></g><g v="sing"></g><g v="nomn"></g></l></v></tfr></token><token id="627225" text="Джулиан"><tfr rev_id="3451956" t="Джулиан"><v><l id="83157" t="джулиан"><g v="NOUN"></g><g v="anim"></g><g v="masc"></g><g v="Name"></g><g v="sing"></g><g v="nomn"></g></l></v></tfr></token><token id="627226" text="Дин"><tfr rev_id="1717628" t="Дин"><v><l id="84004" t="дин"><g v="NOUN"></g><g v="anim"></g><g v="masc"></g><g v="Name"></g><g v="sing"></g><g v="nomn"></g></l></v></tfr></token><token id="627227" text=","><tfr rev_id="1459350" t=","><v><l id="0" t=","><g v="PNCT"></g></l></v></tfr></token><token id="627228" text="правда"><tfr rev_id="2625138" t="правда"><v><l id="265572" t="правда"><g v="NOUN"></g><g v="inan"></g><g v="femn"></g><g v="sing"></g><g v="nomn"></g></l></v><v><l id="265574" t="правда"><g v="PRCL"></g></l></v><v><l id="265575" t="правда"><g v="CONJ"></g><g v="Prnt"></g></l></v></tfr></token><token id="627229" text="он"><tfr rev_id="3575640" t="он"><v><l id="206541" t="он"><g v="NPRO"></g><g v="masc"></g><g v="3per"></g><g v="Anph"></g><g v="sing"></g><g v="nomn"></g></l></v></tfr></token><token id="627230" text="не"><tfr rev_id="1459353" t="не"><v><l id="178876" t="не"><g v="PRCL"></g></l></v></tfr></token><token id="627231" text="слышал"><tfr rev_id="1459354" t="слышал"><v><l id="325563" t="слышу"><g v="VERB"></g><g v="impf"></g><g v="tran"></g><g v="masc"></g><g v="sing"></g><g v="past"></g><g v="indc"></g></l></v></tfr></token><token id="627232" text="хлопков"><tfr rev_id="2703409" t="хлопков"><v><l id="370690" t="хлопок"><g v="NOUN"></g><g v="inan"></g><g v="masc"></g><g v="plur"></g><g v="gent"></g></l></v></tfr></token><token id="627233" text="."><tfr rev_id="1459356" t="."><v><l id="0" t="."><g v="PNCT"></g></l></v></tfr></token></tokens></sentence><sentence id="35100"><source>У велосипедиста оказался ранен указательный палец левой руки.</source><tokens><token id="627234" text="У"><tfr rev_id="3328328" t="У"><v><l id="352818" t="у"><g v="PREP"></g></l></v></tfr></token><token id="627235" text="велосипедиста"><tfr rev_id="4216639" t="велосипедиста"><v><l id="40794" t="велосипедист"><g v="NOUN"></g><g v="anim"></g><g v="masc"></g><g v="sing"></g><g v="gent"></g></l></v></tfr></token><token id="627236" text="оказался"><tfr rev_id="1459359" t="оказался"><v><l id="204462" t="оказался"><g v="VERB"></g><g v="perf"></g><g v="intr"></g><g v="masc"></g><g v="sing"></g><g v="past"></g><g v="indc"></g></l></v></tfr></token><token id="627237" text="ранен"><tfr rev_id="4347955" t="ранен"><v><l id="297935" t="ранен"><g v="PRTS"></g><g v="perf"></g><g v="past"></g><g v="pssv"></g><g v="masc"></g><g v="sing"></g></l></v><v><l id="297936" t="ранен"><g v="PRTS"></g><g v="impf"></g><g v="past"></g><g v="pssv"></g><g v="masc"></g><g v="sing"></g></l></v></tfr></token><token id="627238" text="указательный"><tfr rev_id="1459361" t="указательный"><v><l id="355921" t="указательный"><g v="ADJF"></g><g v="masc"></g><g v="sing"></g><g v="nomn"></g></l></v><v><l id="355921" t="указательный"><g v="ADJF"></g><g v="inan"></g><g v="masc"></g><g v="sing"></g><g v="accs"></g></l></v></tfr></token><token id="627239" text="палец"><tfr rev_id="3679218" t="палец"><v><l id="222909" t="палец"><g v="NOUN"></g><g v="inan"></g><g v="masc"></g><g v="sing"></g><g v="nomn"></g></l></v></tfr></token><token id="627240" text="левой"><tfr rev_id="4393162" t="левой"><v><l id="147433" t="левый"><g v="ADJF"></g><g v="Qual"></g><g v="femn"></g><g v="sing"></g><g v="gent"></g></l></v></tfr></token><token id="627241" text="руки"><tfr rev_id="3501719" t="руки"><v><l id="309953" t="рука"><g v="NOUN"></g><g v="inan"></g><g v="femn"></g><g v="sing"></g><g v="gent"></g></l></v></tfr></token><token id="627242" text="."><tfr rev_id="1459365" t="."><v><l id="0" t="."><g v="PNCT"></g></l></v></tfr></token></tokens></sentence></paragraph><paragraph id="11189"><sentence id="35101"><source>К счастью, ранения оказались лёгкими, велогонщики сумели доехать до финиша и 18 июля продолжат участие в очередном этапе гонки.</source><tokens><token id="627243" text="К"><tfr rev_id="1459366" t="К"><v><l id="127460" t="к"><g v="PREP"></g></l></v></tfr></token><token id="627244" text="счастью"><tfr rev_id="4449217" t="счастью"><v><l id="341165" t="счастье"><g v="NOUN"></g><g v="inan"></g><g v="neut"></g><g v="sing"></g><g v="datv"></g></l></v></tfr></token><token id="627245" text=","><tfr rev_id="1459368" t=","><v><l id="0" t=","><g v="PNCT"></g></l></v></tfr></token><token id="627246" text="ранения"><tfr rev_id="3764519" t="ранения"><v><l id="297885" t="ранение"><g v="NOUN"></g><g v="inan"></g><g v="neut"></g><g v="plur"></g><g v="nomn"></g></l></v></tfr></token><token id="627247" text="оказались"><tfr rev_id="1459370" t="оказались"><v><l id="204462" t="оказался"><g v="VERB"></g><g v="perf"></g><g v="intr"></g><g v="plur"></g><g v="past"></g><g v="indc"></g></l></v></tfr></token><token id="627248" text="лёгкими"><tfr rev_id="4153977" t="лёгкими"><v><l id="146051" t="лёгкий"><g v="ADJF"></g><g v="Qual"></g><g v="plur"></g><g v="ablt"></g></l></v></tfr></token><token id="627249" text=","><tfr rev_id="1459372" t=","><v><l id="0" t=","><g v="PNCT"></g></l></v></tfr></token><token id="627250" text="велогонщики"><tfr rev_id="1459373" t="велогонщики"><v><l id="40775" t="велогонщик"><g v="NOUN"></g><g v="anim"></g><g v="masc"></g><g v="plur"></g><g v="nomn"></g></l></v></tfr></token><token id="627251" text="сумели"><tfr rev_id="1459374" t="сумели"><v><l id="339508" t="сумел"><g v="VERB"></g><g v="perf"></g><g v="intr"></g><g v="plur"></g><g v="past"></g><g v="indc"></g></l></v></tfr></token><token id="627252" text="доехать"><tfr rev_id="1459375" t="доехать"><v><l id="86570" t="доехать"><g v="INFN"></g><g v="perf"></g><g v="intr"></g></l></v></tfr></token><token id="627253" text="до"><tfr rev_id="1459376" t="до"><v><l id="85153" t="до"><g v="PREP"></g></l></v></tfr></token><token id="627254" text="финиша"><tfr rev_id="1459377" t="финиша"><v><l id="366135" t="финиш"><g v="NOUN"></g><g v="inan"></g><g v="masc"></g><g v="sing"></g><g v="gent"></g></l></v></tfr></token><token id="627255" text="и"><tfr rev_id="3471046" t="и"><v><l id="116949" t="и"><g v="CONJ"></g></l></v></tfr></token><token id="627256" text="18"><tfr rev_id="2462027" t="18"><v><l id="0" t="18"><g v="NUMB"></g></l></v></tfr></token><token id="627257" text="июля"><tfr rev_id="1459380" t="июля"><v><l id="127299" t="июль"><g v="NOUN"></g><g v="inan"></g><g v="masc"></g><g v="sing"></g><g v="gent"></g></l></v></tfr></token><token id="627258" text="продолжат"><tfr rev_id="1459381" t="продолжат"><v><l id="279233" t="продолжил"><g v="VERB"></g><g v="perf"></g><g v="tran"></g><g v="plur"></g><g v="3per"></g><g v="futr"></g><g v="indc"></g></l></v></tfr></token><token id="627259" text="участие"><tfr rev_id="4380034" t="участие"><v><l id="363132" t="участие"><g v="NOUN"></g><g v="inan"></g><g v="neut"></g><g v="sing"></g><g v="accs"></g></l></v></tfr></token><token id="627260" text="в"><tfr rev_id="1459383" t="в"><v><l id="37409" t="в"><g v="PREP"></g></l></v></tfr></token><token id="627261" text="очередном"><tfr rev_id="3454337" t="очередном"><v><l id="221690" t="очередной"><g v="ADJF"></g><g v="masc"></g><g v="sing"></g><g v="loct"></g></l></v></tfr></token><token id="627262" text="этапе"><tfr rev_id="1459385" t="этапе"><v><l id="386427" t="этап"><g v="NOUN"></g><g v="inan"></g><g v="masc"></g><g v="sing"></g><g v="loct"></g></l></v></tfr></token><token id="627263" text="гонки"><tfr rev_id="3694894" t="гонки"><v><l id="72927" t="гонка"><g v="NOUN"></g><g v="inan"></g><g v="femn"></g><g v="sing"></g><g v="gent"></g></l></v></tfr></token><token id="627264" text="."><tfr rev_id="1459387" t="."><v><l id="0" t="."><g v="PNCT"></g></l></v></tfr></token></tokens></sentence></paragraph><paragraph id="11190"><sentence id="35102"><source>Французская полиция по факту преступления открыла уголовное дело и ей дано указание более внимательно относиться к безопасности гонщиков.</source><tokens><token id="627265" text="Французская"><tfr rev_id="1459388" t="Французская"><v><l id="368078" t="французский"><g v="ADJF"></g><g v="femn"></g><g v="sing"></g><g v="nomn"></g></l></v></tfr></token><token id="627266" text="полиция"><tfr rev_id="1459389" t="полиция"><v><l id="255975" t="полиция"><g v="NOUN"></g><g v="inan"></g><g v="femn"></g><g v="sing"></g><g v="nomn"></g></l></v></tfr></token><token id="627267" text="по"><tfr rev_id="1459390" t="по"><v><l id="241240" t="по"><g v="PREP"></g></l></v></tfr></token><token id="627268" text="факту"><tfr rev_id="1459391" t="факту"><v><l id="364163" t="факт"><g v="NOUN"></g><g v="inan"></g><g v="masc"></g><g v="sing"></g><g v="datv"></g></l></v></tfr></token><token id="627269" text="преступления"><tfr rev_id="3449729" t="преступления"><v><l id="268345" t="преступление"><g v="NOUN"></g><g v="inan"></g><g v="neut"></g><g v="sing"></g><g v="gent"></g></l></v></tfr></token><token id="627270" text="открыла"><tfr rev_id="1459393" t="открыла"><v><l id="214754" t="открыл"><g v="VERB"></g><g v="perf"></g><g v="tran"></g><g v="femn"></g><g v="sing"></g><g v="past"></g><g v="indc"></g></l></v></tfr></token><token id="627271" text="уголовное"><tfr rev_id="1459394" t="уголовное"><v><l id="354323" t="уголовный"><g v="ADJF"></g><g v="Qual"></g><g v="neut"></g><g v="sing"></g><g v="nomn"></g></l></v><v><l id="354323" t="уголовный"><g v="ADJF"></g><g v="Qual"></g><g v="neut"></g><g v="sing"></g><g v="accs"></g></l></v></tfr></token><token id="627272" text="дело"><tfr rev_id="1714601" t="дело"><v><l id="80628" t="дело"><g v="NOUN"></g><g v="inan"></g><g v="neut"></g><g v="sing"></g><g v="nomn"></g></l></v><v><l id="80628" t="дело"><g v="NOUN"></g><g v="inan"></g><g v="neut"></g><g v="sing"></g><g v="accs"></g></l></v></tfr></token><token id="627273" text="и"><tfr rev_id="1459396" t="и"><v><l id="116949" t="и"><g v="CONJ"></g></l></v><v><l id="116950" t="и"><g v="INTJ"></g></l></v></tfr></token><token id="627274" text="ей"><tfr rev_id="4387786" t="ей"><v><l id="206544" t="она"><g v="NPRO"></g><g v="femn"></g><g v="3per"></g><g v="Anph"></g><g v="sing"></g><g v="datv"></g></l></v></tfr></token><token id="627275" text="дано"><tfr rev_id="1459398" t="дано"><v><l id="78550" t="дан"><g v="PRTS"></g><g v="perf"></g><g v="past"></g><g v="pssv"></g><g v="neut"></g><g v="sing"></g></l></v></tfr></token><token id="627276" text="указание"><tfr rev_id="4355483" t="указание"><v><l id="355916" t="указание"><g v="NOUN"></g><g v="inan"></g><g v="neut"></g><g v="sing"></g><g v="nomn"></g></l></v></tfr></token><token id="627277" text="более"><tfr rev_id="1459400" t="более"><v><l id="32065" t="более"><g v="ADVB"></g></l></v></tfr></token><token id="627278" text="внимательно"><tfr rev_id="4100921" t="внимательно"><v><l id="47616" t="внимательно"><g v="ADVB"></g></l></v></tfr></token><token id="627279" text="относиться"><tfr rev_id="3367739" t="относиться"><v><l id="215930" t="относиться"><g v="INFN"></g><g v="impf"></g><g v="intr"></g></l></v></tfr></token><token id="627280" text="к"><tfr rev_id="1459403" t="к"><v><l id="127460" t="к"><g v="PREP"></g></l></v></tfr></token><token id="627281" text="безопасности"><tfr rev_id="4271815" t="безопасности"><v><l id="26215" t="безопасность"><g v="NOUN"></g><g v="inan"></g><g v="femn"></g><g v="sing"></g><g v="datv"></g></l></v></tfr></token><token id="627282" text="гонщиков"><tfr rev_id="3945046" t="гонщиков"><v><l id="73012" t="гонщик"><g v="NOUN"></g><g v="anim"></g><g v="masc"></g><g v="plur"></g><g v="gent"></g></l></v></tfr></token><token id="627283" text="."><tfr rev_id="1459406" t="."><v><l id="0" t="."><g v="PNCT"></g></l></v></tfr></token></tokens></sentence></paragraph><paragraph id="11191"><sentence id="35103"><source>Нечто подобное произошло в 2007 году.</source><tokens><token id="627284" text="Нечто"><tfr rev_id="2699559" t="Нечто"><v><l id="190100" t="нечто"><g v="NPRO"></g><g v="neut"></g><g v="sing"></g><g v="nomn"></g></l></v></tfr></token><token id="627285" text="подобное"><tfr rev_id="3791476" t="подобное"><v><l id="248293" t="подобный"><g v="ADJF"></g><g v="Subx"></g><g v="Qual"></g><g v="neut"></g><g v="sing"></g><g v="nomn"></g></l></v><v><l id="248293" t="подобный"><g v="ADJF"></g><g v="Subx"></g><g v="Qual"></g><g v="neut"></g><g v="sing"></g><g v="accs"></g></l></v></tfr></token><token id="627286" text="произошло"><tfr rev_id="1459409" t="произошло"><v><l id="280162" t="произошёл"><g v="VERB"></g><g v="perf"></g><g v="intr"></g><g v="neut"></g><g v="sing"></g><g v="past"></g><g v="indc"></g></l></v></tfr></token><token id="627287" text="в"><tfr rev_id="1459410" t="в"><v><l id="37409" t="в"><g v="PREP"></g></l></v></tfr></token><token id="627288" text="2007"><tfr rev_id="2462028" t="2007"><v><l id="0" t="2007"><g v="NUMB"></g></l></v></tfr></token><token id="627289" text="году"><tfr rev_id="3045934" t="году"><v><l id="72149" t="год"><g v="NOUN"></g><g v="inan"></g><g v="masc"></g><g v="sing"></g><g v="loc2"></g></l></v></tfr></token><token id="627290" text="."><tfr rev_id="1459413" t="."><v><l id="0" t="."><g v="PNCT"></g></l></v></tfr></token></tokens></sentence><sentence id="35104"><source>Тогда на этапе гонки была взорвана бомба, но уже после прохождения пелетона.</source><tokens><token id="627291" text="Тогда"><tfr rev_id="1459414" t="Тогда"><v><l id="346921" t="тогда"><g v="ADVB"></g><g v="Dmns"></g></l></v></tfr></token><token id="627292" text="на"><tfr rev_id="3345019" t="на"><v><l id="166264" t="на"><g v="PREP"></g></l></v></tfr></token><token id="627293" text="этапе"><tfr rev_id="1459416" t="этапе"><v><l id="386427" t="этап"><g v="NOUN"></g><g v="inan"></g><g v="masc"></g><g v="sing"></g><g v="loct"></g></l></v></tfr></token><token id="627294" text="гонки"><tfr rev_id="3696447" t="гонки"><v><l id="72927" t="гонка"><g v="NOUN"></g><g v="inan"></g><g v="femn"></g><g v="sing"></g><g v="gent"></g></l></v></tfr></token><token id="627295" text="была"><tfr rev_id="1459418" t="была"><v><l id="37265" t="есть"><g v="VERB"></g><g v="impf"></g><g v="intr"></g><g v="femn"></g><g v="sing"></g><g v="past"></g><g v="indc"></g></l></v></tfr></token><token id="627296" text="взорвана"><tfr rev_id="1459419" t="взорвана"><v><l id="44002" t="взорван"><g v="PRTS"></g><g v="perf"></g><g v="past"></g><g v="pssv"></g><g v="femn"></g><g v="sing"></g></l></v></tfr></token><token id="627297" text="бомба"><tfr rev_id="1459420" t="бомба"><v><l id="32469" t="бомба"><g v="NOUN"></g><g v="inan"></g><g v="femn"></g><g v="sing"></g><g v="nomn"></g></l></v></tfr></token><token id="627298" text=","><tfr rev_id="1459421" t=","><v><l id="0" t=","><g v="PNCT"></g></l></v></tfr></token><token id="627299" text="но"><tfr rev_id="1459422" t="но"><v><l id="191429" t="но"><g v="CONJ"></g></l></v><v><l id="191430" t="но"><g v="INTJ"></g></l></v></tfr></token><token id="627300" text="уже"><tfr rev_id="2692770" t="уже"><v><l id="355422" t="уж"><g v="NOUN"></g><g v="anim"></g><g v="masc"></g><g v="sing"></g><g v="loct"></g></l></v><v><l id="355498" t="уже"><g v="ADVB"></g></l></v><v><l id="355674" t="уже"><g v="COMP"></g><g v="Qual"></g></l></v><v><l id="388673" t="уже"><g v="PRCL"></g></l></v></tfr></token><token id="627301" text="после"><tfr rev_id="4404808" t="после"><v><l id="261542" t="после"><g v="PREP"></g></l></v></tfr></token><token id="627302" text="прохождения"><tfr rev_id="3497100" t="прохождения"><v><l id="287208" t="прохождение"><g v="NOUN"></g><g v="inan"></g><g v="neut"></g><g v="sing"></g><g v="gent"></g></l></v></tfr></token><token id="627303" text="пелетона"><tfr rev_id="1459426" t="пелетона"><v><l id="0" t="пелетона"><g v="UNKN"></g></l></v></tfr></token><token id="627304" text="."><tfr rev_id="1459427" t="."><v><l id="0" t="."><g v="PNCT"></g></l></v></tfr></token></tokens></sentence><sentence id="35105"><source>Ответственность за террористический акт на себя взяла баскская сепаратистская группировка ЕТА.</source><tokens><token id="627305" text="Ответственность"><tfr rev_id="1459428" t="Ответственность"><v><l id="212442" t="ответственность"><g v="NOUN"></g><g v="inan"></g><g v="femn"></g><g v="sing"></g><g v="nomn"></g></l></v><v><l id="212442" t="ответственность"><g v="NOUN"></g><g v="inan"></g><g v="femn"></g><g v="sing"></g><g v="accs"></g></l></v></tfr></token><token id="627306" text="за"><tfr rev_id="1459429" t="за"><v><l id="98043" t="за"><g v="PREP"></g></l></v></tfr></token><token id="627307" text="террористический"><tfr rev_id="1459430" t="террористический"><v><l id="345655" t="террористический"><g v="ADJF"></g><g v="masc"></g><g v="sing"></g><g v="nomn"></g></l></v><v><l id="345655" t="террористический"><g v="ADJF"></g><g v="inan"></g><g v="masc"></g><g v="sing"></g><g v="accs"></g></l></v></tfr></token><token id="627308" text="акт"><tfr rev_id="3551519" t="акт"><v><l id="7566" t="акт"><g v="NOUN"></g><g v="inan"></g><g v="masc"></g><g v="sing"></g><g v="accs"></g></l></v></tfr></token><token id="627309" text="на"><tfr rev_id="3334657" t="на"><v><l id="166264" t="на"><g v="PREP"></g></l></v></tfr></token><token id="627310" text="себя"><tfr rev_id="3634962" t="себя"><v><l id="317456" t="себя"><g v="NPRO"></g><g v="Anph"></g><g v="sing"></g><g v="accs"></g></l></v></tfr></token><token id="627311" text="взяла"><tfr rev_id="1459434" t="взяла"><v><l id="44304" t="взял"><g v="VERB"></g><g v="perf"></g><g v="tran"></g><g v="femn"></g><g v="sing"></g><g v="past"></g><g v="indc"></g></l></v></tfr></token><token id="627312" text="баскская"><tfr rev_id="1459435" t="баскская"><v><l id="24349" t="баскский"><g v="ADJF"></g><g v="femn"></g><g v="sing"></g><g v="nomn"></g></l></v></tfr></token><token id="627313" text="сепаратистская"><tfr rev_id="1459436" t="сепаратистская"><v><l id="318900" t="сепаратистский"><g v="ADJF"></g><g v="femn"></g><g v="sing"></g><g v="nomn"></g></l></v></tfr></token><token id="627314" text="группировка"><tfr rev_id="1459437" t="группировка"><v><l id="76110" t="группировка"><g v="NOUN"></g><g v="inan"></g><g v="femn"></g><g v="sing"></g><g v="nomn"></g></l></v></tfr></token><token id="627315" text="ЕТА"><tfr rev_id="1459438" t="ЕТА"><v><l id="0" t="ета"><g v="UNKN"></g></l></v></tfr></token><token id="627316" text="."><tfr rev_id="1459439" t="."><v><l id="0" t="."><g v="PNCT"></g></l></v></tfr></token></tokens></sentence><sentence id="35106"><source>Вчерашний случай произошёл вдали от Испания и скорее дело похоже на обыкновенный бандитизм, к которому склонна небольшая часть фанатичной неуравновешенной молодёжи.</source><tokens><token id="627317" text="Вчерашний"><tfr rev_id="1459440" t="Вчерашний"><v><l id="55403" t="вчерашний"><g v="ADJF"></g><g v="masc"></g><g v="sing"></g><g v="nomn"></g></l></v><v><l id="55403" t="вчерашний"><g v="ADJF"></g><g v="inan"></g><g v="masc"></g><g v="sing"></g><g v="accs"></g></l></v></tfr></token><token id="627318" text="случай"><tfr rev_id="1716214" t="случай"><v><l id="325472" t="случай"><g v="NOUN"></g><g v="inan"></g><g v="masc"></g><g v="sing"></g><g v="nomn"></g></l></v><v><l id="325472" t="случай"><g v="NOUN"></g><g v="inan"></g><g v="masc"></g><g v="sing"></g><g v="accs"></g></l></v></tfr></token><token id="627319" text="произошёл"><tfr rev_id="1459442" t="произошёл"><v><l id="280162" t="произошёл"><g v="VERB"></g><g v="perf"></g><g v="intr"></g><g v="masc"></g><g v="sing"></g><g v="past"></g><g v="indc"></g></l></v></tfr></token><token id="627320" text="вдали"><tfr rev_id="1459443" t="вдали"><v><l id="40003" t="вдали"><g v="ADVB"></g></l></v></tfr></token><token id="627321" text="от"><tfr rev_id="1459444" t="от"><v><l id="211644" t="от"><g v="PREP"></g></l></v></tfr></token><token id="627322" text="Испания"><tfr rev_id="1459445" t="Испания"><v><l id="124999" t="испания"><g v="NOUN"></g><g v="inan"></g><g v="femn"></g><g v="Sgtm"></g><g v="Geox"></g><g v="sing"></g><g v="nomn"></g></l></v></tfr></token><token id="627323" text="и"><tfr rev_id="1459446" t="и"><v><l id="116949" t="и"><g v="CONJ"></g></l></v><v><l id="116950" t="и"><g v="INTJ"></g></l></v></tfr></token><token id="627324" text="скорее"><tfr rev_id="3423646" t="скорее"><v><l id="323379" t="скорее"><g v="COMP"></g><g v="Qual"></g></l></v><v><l id="388718" t="скорее"><g v="CONJ"></g><g v="Prnt"></g></l></v></tfr></token><token id="627325" text="дело"><tfr rev_id="1714778" t="дело"><v><l id="80628" t="дело"><g v="NOUN"></g><g v="inan"></g><g v="neut"></g><g v="sing"></g><g v="nomn"></g></l></v><v><l id="80628" t="дело"><g v="NOUN"></g><g v="inan"></g><g v="neut"></g><g v="sing"></g><g v="accs"></g></l></v></tfr></token><token id="627326" text="похоже"><tfr rev_id="4368893" t="похоже"><v><l id="264396" t="похоже"><g v="CONJ"></g><g v="Prnt"></g></l></v><v><l id="264399" t="похож"><g v="ADJS"></g><g v="Qual"></g><g v="neut"></g><g v="sing"></g></l></v><v><l id="390510" t="похоже"><g v="ADVB"></g></l></v></tfr></token><token id="627327" text="на"><tfr rev_id="3337149" t="на"><v><l id="166264" t="на"><g v="PREP"></g></l></v></tfr></token><token id="627328" text="обыкновенный"><tfr rev_id="1459451" t="обыкновенный"><v><l id="201987" t="обыкновенный"><g v="ADJF"></g><g v="Qual"></g><g v="masc"></g><g v="sing"></g><g v="nomn"></g></l></v><v><l id="201987" t="обыкновенный"><g v="ADJF"></g><g v="Qual"></g><g v="inan"></g><g v="masc"></g><g v="sing"></g><g v="accs"></g></l></v></tfr></token><token id="627329" text="бандитизм"><tfr rev_id="4094054" t="бандитизм"><v><l id="23520" t="бандитизм"><g v="NOUN"></g><g v="inan"></g><g v="masc"></g><g v="sing"></g><g v="accs"></g></l></v></tfr></token><token id="627330" text=","><tfr rev_id="1459453" t=","><v><l id="0" t=","><g v="PNCT"></g></l></v></tfr></token><token id="627331" text="к"><tfr rev_id="1459454" t="к"><v><l id="127460" t="к"><g v="PREP"></g></l></v></tfr></token><token id="627332" text="которому"><tfr rev_id="3638766" t="которому"><v><l id="141203" t="который"><g v="ADJF"></g><g v="Apro"></g><g v="Subx"></g><g v="Anph"></g><g v="masc"></g><g v="sing"></g><g v="datv"></g></l></v></tfr></token><token id="627333" text="склонна"><tfr rev_id="1459456" t="склонна"><v><l id="322595" t="склонен"><g v="ADJS"></g><g v="Qual"></g><g v="femn"></g><g v="sing"></g></l></v></tfr></token><token id="627334" text="небольшая"><tfr rev_id="1459457" t="небольшая"><v><l id="179467" t="небольшой"><g v="ADJF"></g><g v="femn"></g><g v="sing"></g><g v="nomn"></g></l></v></tfr></token><token id="627335" text="часть"><tfr rev_id="3486461" t="часть"><v><l id="374820" t="часть"><g v="NOUN"></g><g v="inan"></g><g v="femn"></g><g v="sing"></g><g v="nomn"></g></l></v></tfr></token><token id="627336" text="фанатичной"><tfr rev_id="2637295" t="фанатичной"><v><l id="364357" t="фанатичный"><g v="ADJF"></g><g v="Qual"></g><g v="femn"></g><g v="sing"></g><g v="gent"></g></l></v></tfr></token><token id="627337" text="неуравновешенной"><tfr rev_id="4423699" t="неуравновешенной"><v><l id="189427" t="неуравновешенный"><g v="ADJF"></g><g v="Qual"></g><g v="femn"></g><g v="sing"></g><g v="gent"></g></l></v></tfr></token><token id="627338" text="молодёжи"><tfr rev_id="4101808" t="молодёжи"><v><l id="162804" t="молодёжь"><g v="NOUN"></g><g v="inan"></g><g v="femn"></g><g v="sing"></g><g v="gent"></g></l></v></tfr></token><token id="627339" text="."><tfr rev_id="1459462" t="."><v><l id="0" t="."><g v="PNCT"></g></l></v></tfr></token></tokens></sentence></paragraph></paragraphs></text>