<?xml version="1.0" encoding="utf-8"?><text id="1206" parent="226" name="21109 Крупнейшие банки США прекратили обслуживание 40 посольств"><tags><tag>url:http://www.chaskor.ru/news/krupnejshie_banki_ssha_prekratili_obsluzhivanie_40_posolstv_21109</tag><tag>Год:2010</tag><tag>Дата:20/11</tag><tag>Тема:ЧасКор:Экономика</tag><tag>Тема:ЧасКор:Экономика/Финансы</tag></tags><paragraphs><paragraph id="11246"><sentence id="35422"><source>Крупнейшие банки США прекратили обслуживание 40 посольств</source><tokens><token id="632917" text="Крупнейшие"><tfr rev_id="3813375" t="Крупнейшие"><v><l id="143764" t="крупнейший"><g v="ADJF"></g><g v="Supr"></g><g v="Qual"></g><g v="plur"></g><g v="nomn"></g></l></v></tfr></token><token id="632918" text="банки"><tfr rev_id="4083893" t="банки"><v><l id="23569" t="банк"><g v="NOUN"></g><g v="inan"></g><g v="masc"></g><g v="plur"></g><g v="nomn"></g></l></v></tfr></token><token id="632919" text="США"><tfr rev_id="3811386" t="США"><v><l id="341371" t="сша"><g v="NOUN"></g><g v="inan"></g><g v="GNdr"></g><g v="Pltm"></g><g v="Fixd"></g><g v="Abbr"></g><g v="Geox"></g><g v="plur"></g><g v="nomn"></g></l></v><v><l id="341371" t="сша"><g v="NOUN"></g><g v="inan"></g><g v="GNdr"></g><g v="Pltm"></g><g v="Fixd"></g><g v="Abbr"></g><g v="Geox"></g><g v="plur"></g><g v="gent"></g></l></v><v><l id="341371" t="сша"><g v="NOUN"></g><g v="inan"></g><g v="GNdr"></g><g v="Pltm"></g><g v="Fixd"></g><g v="Abbr"></g><g v="Geox"></g><g v="plur"></g><g v="datv"></g></l></v><v><l id="341371" t="сша"><g v="NOUN"></g><g v="inan"></g><g v="GNdr"></g><g v="Pltm"></g><g v="Fixd"></g><g v="Abbr"></g><g v="Geox"></g><g v="plur"></g><g v="accs"></g></l></v><v><l id="341371" t="сша"><g v="NOUN"></g><g v="inan"></g><g v="GNdr"></g><g v="Pltm"></g><g v="Fixd"></g><g v="Abbr"></g><g v="Geox"></g><g v="plur"></g><g v="ablt"></g></l></v><v><l id="341371" t="сша"><g v="NOUN"></g><g v="inan"></g><g v="GNdr"></g><g v="Pltm"></g><g v="Fixd"></g><g v="Abbr"></g><g v="Geox"></g><g v="plur"></g><g v="loct"></g></l></v></tfr></token><token id="632920" text="прекратили"><tfr rev_id="1465035" t="прекратили"><v><l id="267593" t="прекратил"><g v="VERB"></g><g v="perf"></g><g v="tran"></g><g v="plur"></g><g v="past"></g><g v="indc"></g></l></v></tfr></token><token id="632921" text="обслуживание"><tfr rev_id="1465036" t="обслуживание"><v><l id="199766" t="обслуживание"><g v="NOUN"></g><g v="inan"></g><g v="neut"></g><g v="sing"></g><g v="nomn"></g></l></v><v><l id="199766" t="обслуживание"><g v="NOUN"></g><g v="inan"></g><g v="neut"></g><g v="sing"></g><g v="accs"></g></l></v></tfr></token><token id="632922" text="40"><tfr rev_id="2462037" t="40"><v><l id="0" t="40"><g v="NUMB"></g></l></v></tfr></token><token id="632923" text="посольств"><tfr rev_id="1465038" t="посольств"><v><l id="261890" t="посольство"><g v="NOUN"></g><g v="inan"></g><g v="neut"></g><g v="plur"></g><g v="gent"></g></l></v></tfr></token></tokens></sentence><sentence id="35423"><source>Правительство США требует от банков противодействовать отмыванию денег.</source><tokens><token id="632924" text="Правительство"><tfr rev_id="4099888" t="Правительство"><v><l id="265638" t="правительство"><g v="NOUN"></g><g v="inan"></g><g v="neut"></g><g v="sing"></g><g v="nomn"></g></l></v></tfr></token><token id="632925" text="США"><tfr rev_id="3811387" t="США"><v><l id="341371" t="сша"><g v="NOUN"></g><g v="inan"></g><g v="GNdr"></g><g v="Pltm"></g><g v="Fixd"></g><g v="Abbr"></g><g v="Geox"></g><g v="plur"></g><g v="nomn"></g></l></v><v><l id="341371" t="сша"><g v="NOUN"></g><g v="inan"></g><g v="GNdr"></g><g v="Pltm"></g><g v="Fixd"></g><g v="Abbr"></g><g v="Geox"></g><g v="plur"></g><g v="gent"></g></l></v><v><l id="341371" t="сша"><g v="NOUN"></g><g v="inan"></g><g v="GNdr"></g><g v="Pltm"></g><g v="Fixd"></g><g v="Abbr"></g><g v="Geox"></g><g v="plur"></g><g v="datv"></g></l></v><v><l id="341371" t="сша"><g v="NOUN"></g><g v="inan"></g><g v="GNdr"></g><g v="Pltm"></g><g v="Fixd"></g><g v="Abbr"></g><g v="Geox"></g><g v="plur"></g><g v="accs"></g></l></v><v><l id="341371" t="сша"><g v="NOUN"></g><g v="inan"></g><g v="GNdr"></g><g v="Pltm"></g><g v="Fixd"></g><g v="Abbr"></g><g v="Geox"></g><g v="plur"></g><g v="ablt"></g></l></v><v><l id="341371" t="сша"><g v="NOUN"></g><g v="inan"></g><g v="GNdr"></g><g v="Pltm"></g><g v="Fixd"></g><g v="Abbr"></g><g v="Geox"></g><g v="plur"></g><g v="loct"></g></l></v></tfr></token><token id="632926" text="требует"><tfr rev_id="1465041" t="требует"><v><l id="349467" t="требую"><g v="VERB"></g><g v="impf"></g><g v="tran"></g><g v="sing"></g><g v="3per"></g><g v="pres"></g><g v="indc"></g></l></v></tfr></token><token id="632927" text="от"><tfr rev_id="1465042" t="от"><v><l id="211644" t="от"><g v="PREP"></g></l></v></tfr></token><token id="632928" text="банков"><tfr rev_id="2700909" t="банков"><v><l id="23569" t="банк"><g v="NOUN"></g><g v="inan"></g><g v="masc"></g><g v="plur"></g><g v="gent"></g></l></v></tfr></token><token id="632929" text="противодействовать"><tfr rev_id="1465044" t="противодействовать"><v><l id="285887" t="противодействовать"><g v="INFN"></g><g v="impf"></g><g v="intr"></g></l></v></tfr></token><token id="632930" text="отмыванию"><tfr rev_id="1465045" t="отмыванию"><v><l id="215783" t="отмывание"><g v="NOUN"></g><g v="inan"></g><g v="neut"></g><g v="Sgtm"></g><g v="sing"></g><g v="datv"></g></l></v></tfr></token><token id="632931" text="денег"><tfr rev_id="4325415" t="денег"><v><l id="81429" t="деньги"><g v="NOUN"></g><g v="inan"></g><g v="femn"></g><g v="plur"></g><g v="gent"></g></l></v></tfr></token><token id="632932" text="."><tfr rev_id="1465047" t="."><v><l id="0" t="."><g v="PNCT"></g></l></v></tfr></token></tokens></sentence></paragraph><paragraph id="11247"><sentence id="35424"><source>По информации газеты Wall Street Journal, банки находятся под давлением правительства, требующего от них после терактов 11 сентября 2001 года прослеживать весь путь транзакций и выяснять их предназначение.</source><tokens><token id="632933" text="По"><tfr rev_id="1465048" t="По"><v><l id="241240" t="по"><g v="PREP"></g></l></v></tfr></token><token id="632934" text="информации"><tfr rev_id="3764691" t="информации"><v><l id="123576" t="информация"><g v="NOUN"></g><g v="inan"></g><g v="femn"></g><g v="sing"></g><g v="datv"></g></l></v></tfr></token><token id="632935" text="газеты"><tfr rev_id="2628428" t="газеты"><v><l id="65825" t="газета"><g v="NOUN"></g><g v="inan"></g><g v="femn"></g><g v="sing"></g><g v="gent"></g></l></v></tfr></token><token id="632936" text="Wall"><tfr rev_id="2474905" t="Wall"><v><l id="0" t="Wall"><g v="LATN"></g></l></v></tfr></token><token id="632937" text="Street"><tfr rev_id="2474906" t="Street"><v><l id="0" t="Street"><g v="LATN"></g></l></v></tfr></token><token id="632938" text="Journal"><tfr rev_id="2474907" t="Journal"><v><l id="0" t="Journal"><g v="LATN"></g></l></v></tfr></token><token id="632939" text=","><tfr rev_id="1465054" t=","><v><l id="0" t=","><g v="PNCT"></g></l></v></tfr></token><token id="632940" text="банки"><tfr rev_id="4083894" t="банки"><v><l id="23569" t="банк"><g v="NOUN"></g><g v="inan"></g><g v="masc"></g><g v="plur"></g><g v="nomn"></g></l></v></tfr></token><token id="632941" text="находятся"><tfr rev_id="1465056" t="находятся"><v><l id="177898" t="нахожусь"><g v="VERB"></g><g v="impf"></g><g v="intr"></g><g v="plur"></g><g v="3per"></g><g v="pres"></g><g v="indc"></g></l></v><v><l id="177903" t="находился"><g v="VERB"></g><g v="perf"></g><g v="intr"></g><g v="plur"></g><g v="3per"></g><g v="futr"></g><g v="indc"></g></l></v></tfr></token><token id="632942" text="под"><tfr rev_id="2561376" t="под"><v><l id="243755" t="под"><g v="PREP"></g></l></v></tfr></token><token id="632943" text="давлением"><tfr rev_id="1465058" t="давлением"><v><l id="77667" t="давление"><g v="NOUN"></g><g v="inan"></g><g v="neut"></g><g v="sing"></g><g v="ablt"></g></l></v></tfr></token><token id="632944" text="правительства"><tfr rev_id="3439629" t="правительства"><v><l id="265638" t="правительство"><g v="NOUN"></g><g v="inan"></g><g v="neut"></g><g v="sing"></g><g v="gent"></g></l></v></tfr></token><token id="632945" text=","><tfr rev_id="1465060" t=","><v><l id="0" t=","><g v="PNCT"></g></l></v></tfr></token><token id="632946" text="требующего"><tfr rev_id="3443186" t="требующего"><v><l id="349469" t="требующий"><g v="PRTF"></g><g v="impf"></g><g v="tran"></g><g v="pres"></g><g v="actv"></g><g v="neut"></g><g v="sing"></g><g v="gent"></g></l></v></tfr></token><token id="632947" text="от"><tfr rev_id="1465062" t="от"><v><l id="211644" t="от"><g v="PREP"></g></l></v></tfr></token><token id="632948" text="них"><tfr rev_id="4199236" t="них"><v><l id="206619" t="они"><g v="NPRO"></g><g v="3per"></g><g v="Anph"></g><g v="plur"></g><g v="gent"></g><g v="Af-p"></g></l></v></tfr></token><token id="632949" text="после"><tfr rev_id="4455890" t="после"><v><l id="261542" t="после"><g v="PREP"></g></l></v></tfr></token><token id="632950" text="терактов"><tfr rev_id="1465065" t="терактов"><v><l id="345151" t="теракт"><g v="NOUN"></g><g v="inan"></g><g v="masc"></g><g v="plur"></g><g v="gent"></g></l></v></tfr></token><token id="632951" text="11"><tfr rev_id="2462038" t="11"><v><l id="0" t="11"><g v="NUMB"></g></l></v></tfr></token><token id="632952" text="сентября"><tfr rev_id="1465067" t="сентября"><v><l id="318866" t="сентябрь"><g v="NOUN"></g><g v="inan"></g><g v="masc"></g><g v="sing"></g><g v="gent"></g></l></v></tfr></token><token id="632953" text="2001"><tfr rev_id="2462039" t="2001"><v><l id="0" t="2001"><g v="NUMB"></g></l></v></tfr></token><token id="632954" text="года"><tfr rev_id="3480459" t="года"><v><l id="72149" t="год"><g v="NOUN"></g><g v="inan"></g><g v="masc"></g><g v="sing"></g><g v="gen1"></g></l></v></tfr></token><token id="632955" text="прослеживать"><tfr rev_id="1465070" t="прослеживать"><v><l id="284538" t="прослеживать"><g v="INFN"></g><g v="impf"></g><g v="tran"></g></l></v></tfr></token><token id="632956" text="весь"><tfr rev_id="4283695" t="весь"><v><l id="42156" t="весь"><g v="ADJF"></g><g v="Subx"></g><g v="Apro"></g><g v="masc"></g><g v="sing"></g><g v="nomn"></g></l></v><v><l id="42156" t="весь"><g v="ADJF"></g><g v="Subx"></g><g v="Apro"></g><g v="inan"></g><g v="masc"></g><g v="sing"></g><g v="accs"></g></l></v></tfr></token><token id="632957" text="путь"><tfr rev_id="4101995" t="путь"><v><l id="289625" t="путь"><g v="NOUN"></g><g v="inan"></g><g v="masc"></g><g v="sing"></g><g v="accs"></g></l></v></tfr></token><token id="632958" text="транзакций"><tfr rev_id="1465073" t="транзакций"><v><l id="348938" t="транзакция"><g v="NOUN"></g><g v="inan"></g><g v="femn"></g><g v="plur"></g><g v="gent"></g></l></v></tfr></token><token id="632959" text="и"><tfr rev_id="1465074" t="и"><v><l id="116949" t="и"><g v="CONJ"></g></l></v><v><l id="116950" t="и"><g v="INTJ"></g></l></v></tfr></token><token id="632960" text="выяснять"><tfr rev_id="1465075" t="выяснять"><v><l id="64912" t="выяснять"><g v="INFN"></g><g v="impf"></g><g v="tran"></g></l></v></tfr></token><token id="632961" text="их"><tfr rev_id="4457382" t="их"><v><l id="127205" t="их"><g v="ADJF"></g><g v="Fixd"></g><g v="Apro"></g><g v="Anph"></g><g v="neut"></g><g v="sing"></g><g v="nomn"></g></l></v><v><l id="127205" t="их"><g v="ADJF"></g><g v="Fixd"></g><g v="Apro"></g><g v="Anph"></g><g v="neut"></g><g v="sing"></g><g v="gent"></g></l></v><v><l id="127205" t="их"><g v="ADJF"></g><g v="Fixd"></g><g v="Apro"></g><g v="Anph"></g><g v="neut"></g><g v="sing"></g><g v="datv"></g></l></v><v><l id="127205" t="их"><g v="ADJF"></g><g v="Fixd"></g><g v="Apro"></g><g v="Anph"></g><g v="neut"></g><g v="sing"></g><g v="accs"></g></l></v><v><l id="127205" t="их"><g v="ADJF"></g><g v="Fixd"></g><g v="Apro"></g><g v="Anph"></g><g v="neut"></g><g v="sing"></g><g v="ablt"></g></l></v><v><l id="127205" t="их"><g v="ADJF"></g><g v="Fixd"></g><g v="Apro"></g><g v="Anph"></g><g v="neut"></g><g v="sing"></g><g v="loct"></g></l></v></tfr></token><token id="632962" text="предназначение"><tfr rev_id="3269556" t="предназначение"><v><l id="266581" t="предназначение"><g v="NOUN"></g><g v="inan"></g><g v="neut"></g><g v="sing"></g><g v="accs"></g></l></v></tfr></token><token id="632963" text="."><tfr rev_id="1465078" t="."><v><l id="0" t="."><g v="PNCT"></g></l></v></tfr></token></tokens></sentence><sentence id="35425"><source>Официальный представитель Госдепартамента отметил, что действия банков затронули около 40 государств, из которых 16 — африканские.</source><tokens><token id="632964" text="Официальный"><tfr rev_id="1465079" t="Официальный"><v><l id="220939" t="официальный"><g v="ADJF"></g><g v="masc"></g><g v="sing"></g><g v="nomn"></g></l></v><v><l id="220939" t="официальный"><g v="ADJF"></g><g v="inan"></g><g v="masc"></g><g v="sing"></g><g v="accs"></g></l></v></tfr></token><token id="632965" text="представитель"><tfr rev_id="1465080" t="представитель"><v><l id="267083" t="представитель"><g v="NOUN"></g><g v="anim"></g><g v="masc"></g><g v="sing"></g><g v="nomn"></g></l></v></tfr></token><token id="632966" text="Госдепартамента"><tfr rev_id="4506572" t="Госдепартамента"><v><l id="73921" t="госдепартамент"><g v="NOUN"></g><g v="inan"></g><g v="masc"></g><g v="Orgn"></g><g v="sing"></g><g v="gent"></g></l></v></tfr></token><token id="632967" text="отметил"><tfr rev_id="1465082" t="отметил"><v><l id="215584" t="отметил"><g v="VERB"></g><g v="perf"></g><g v="tran"></g><g v="masc"></g><g v="sing"></g><g v="past"></g><g v="indc"></g></l></v></tfr></token><token id="632968" text=","><tfr rev_id="1465083" t=","><v><l id="0" t=","><g v="PNCT"></g></l></v></tfr></token><token id="632969" text="что"><tfr rev_id="3197085" t="что"><v><l id="377004" t="что"><g v="CONJ"></g></l></v><v><l id="377005" t="что"><g v="NPRO"></g><g v="neut"></g><g v="sing"></g><g v="nomn"></g></l></v><v><l id="377005" t="что"><g v="NPRO"></g><g v="neut"></g><g v="sing"></g><g v="accs"></g></l></v><v><l id="377006" t="что"><g v="ADVB"></g><g v="Ques"></g></l></v><v><l id="388695" t="что"><g v="PRCL"></g></l></v></tfr></token><token id="632970" text="действия"><tfr rev_id="3794228" t="действия"><v><l id="80091" t="действие"><g v="NOUN"></g><g v="inan"></g><g v="neut"></g><g v="plur"></g><g v="nomn"></g></l></v></tfr></token><token id="632971" text="банков"><tfr rev_id="3705553" t="банков"><v><l id="23569" t="банк"><g v="NOUN"></g><g v="inan"></g><g v="masc"></g><g v="plur"></g><g v="gent"></g></l></v></tfr></token><token id="632972" text="затронули"><tfr rev_id="1465087" t="затронули"><v><l id="111983" t="затронул"><g v="VERB"></g><g v="perf"></g><g v="tran"></g><g v="plur"></g><g v="past"></g><g v="indc"></g></l></v></tfr></token><token id="632973" text="около"><tfr rev_id="4421437" t="около"><v><l id="205005" t="около"><g v="PREP"></g></l></v></tfr></token><token id="632974" text="40"><tfr rev_id="2462040" t="40"><v><l id="0" t="40"><g v="NUMB"></g></l></v></tfr></token><token id="632975" text="государств"><tfr rev_id="1465090" t="государств"><v><l id="74164" t="государство"><g v="NOUN"></g><g v="inan"></g><g v="neut"></g><g v="plur"></g><g v="gent"></g></l></v></tfr></token><token id="632976" text=","><tfr rev_id="1465091" t=","><v><l id="0" t=","><g v="PNCT"></g></l></v></tfr></token><token id="632977" text="из"><tfr rev_id="2557526" t="из"><v><l id="117677" t="из"><g v="PREP"></g></l></v></tfr></token><token id="632978" text="которых"><tfr rev_id="4408983" t="которых"><v><l id="141203" t="который"><g v="ADJF"></g><g v="Apro"></g><g v="Subx"></g><g v="Anph"></g><g v="plur"></g><g v="gent"></g></l></v></tfr></token><token id="632979" text="16"><tfr rev_id="2462041" t="16"><v><l id="0" t="16"><g v="NUMB"></g></l></v></tfr></token><token id="632980" text="—"><tfr rev_id="2444817" t="—"><v><l id="0" t="—"><g v="PNCT"></g></l></v></tfr></token><token id="632981" text="африканские"><tfr rev_id="3812955" t="африканские"><v><l id="20320" t="африканский"><g v="ADJF"></g><g v="plur"></g><g v="nomn"></g></l></v></tfr></token><token id="632982" text="."><tfr rev_id="1465097" t="."><v><l id="0" t="."><g v="PNCT"></g></l></v></tfr></token></tokens></sentence><sentence id="35426"><source>Ведомство проведёт спецбрифинг для руководителей диппредставительств этих стран.</source><tokens><token id="632983" text="Ведомство"><tfr rev_id="4106339" t="Ведомство"><v><l id="40354" t="ведомство"><g v="NOUN"></g><g v="inan"></g><g v="neut"></g><g v="sing"></g><g v="nomn"></g></l></v></tfr></token><token id="632984" text="проведёт"><tfr rev_id="1465099" t="проведёт"><v><l id="277830" t="провёл"><g v="VERB"></g><g v="perf"></g><g v="tran"></g><g v="sing"></g><g v="3per"></g><g v="futr"></g><g v="indc"></g></l></v></tfr></token><token id="632985" text="спецбрифинг"><tfr rev_id="1465100" t="спецбрифинг"><v><l id="0" t="спецбрифинг"><g v="UNKN"></g></l></v></tfr></token><token id="632986" text="для"><tfr rev_id="3445336" t="для"><v><l id="85032" t="для"><g v="PREP"></g></l></v></tfr></token><token id="632987" text="руководителей"><tfr rev_id="3464995" t="руководителей"><v><l id="309980" t="руководитель"><g v="NOUN"></g><g v="anim"></g><g v="masc"></g><g v="plur"></g><g v="gent"></g></l></v></tfr></token><token id="632988" text="диппредставительств"><tfr rev_id="1465103" t="диппредставительств"><v><l id="0" t="диппредставительств"><g v="UNKN"></g></l></v></tfr></token><token id="632989" text="этих"><tfr rev_id="4447098" t="этих"><v><l id="386581" t="этот"><g v="ADJF"></g><g v="Subx"></g><g v="Apro"></g><g v="Anph"></g><g v="plur"></g><g v="gent"></g></l></v></tfr></token><token id="632990" text="стран"><tfr rev_id="1465105" t="стран"><v><l id="337100" t="страна"><g v="NOUN"></g><g v="inan"></g><g v="femn"></g><g v="plur"></g><g v="gent"></g></l></v></tfr></token><token id="632991" text="."><tfr rev_id="1465106" t="."><v><l id="0" t="."><g v="PNCT"></g></l></v></tfr></token></tokens></sentence><sentence id="35427"><source>Сотрудники Госдепартамента усиленно занимаются решением возникшей проблемы, которая, по их мнению, может иметь негативные последствия для внешних связей и даже безопасности США.</source><tokens><token id="632992" text="Сотрудники"><tfr rev_id="1465107" t="Сотрудники"><v><l id="330867" t="сотрудник"><g v="NOUN"></g><g v="anim"></g><g v="masc"></g><g v="plur"></g><g v="nomn"></g></l></v></tfr></token><token id="632993" text="Госдепартамента"><tfr rev_id="4506573" t="Госдепартамента"><v><l id="73921" t="госдепартамент"><g v="NOUN"></g><g v="inan"></g><g v="masc"></g><g v="Orgn"></g><g v="sing"></g><g v="gent"></g></l></v></tfr></token><token id="632994" text="усиленно"><tfr rev_id="1465109" t="усиленно"><v><l id="360390" t="усиленно"><g v="ADVB"></g></l></v><v><l id="360392" t="усилен"><g v="ADJS"></g><g v="Qual"></g><g v="neut"></g><g v="sing"></g></l></v></tfr></token><token id="632995" text="занимаются"><tfr rev_id="1465110" t="занимаются"><v><l id="106419" t="занимаюсь"><g v="VERB"></g><g v="impf"></g><g v="intr"></g><g v="plur"></g><g v="3per"></g><g v="pres"></g><g v="indc"></g></l></v></tfr></token><token id="632996" text="решением"><tfr rev_id="1465111" t="решением"><v><l id="307350" t="решение"><g v="NOUN"></g><g v="inan"></g><g v="neut"></g><g v="sing"></g><g v="ablt"></g></l></v></tfr></token><token id="632997" text="возникшей"><tfr rev_id="4342006" t="возникшей"><v><l id="49523" t="возникнувший"><g v="PRTF"></g><g v="perf"></g><g v="intr"></g><g v="past"></g><g v="actv"></g><g v="femn"></g><g v="sing"></g><g v="gent"></g><g v="Infr"></g></l></v></tfr></token><token id="632998" text="проблемы"><tfr rev_id="3451572" t="проблемы"><v><l id="277255" t="проблема"><g v="NOUN"></g><g v="inan"></g><g v="femn"></g><g v="sing"></g><g v="gent"></g></l></v></tfr></token><token id="632999" text=","><tfr rev_id="1465114" t=","><v><l id="0" t=","><g v="PNCT"></g></l></v></tfr></token><token id="633000" text="которая"><tfr rev_id="3639824" t="которая"><v><l id="141203" t="который"><g v="ADJF"></g><g v="Apro"></g><g v="Subx"></g><g v="Anph"></g><g v="femn"></g><g v="sing"></g><g v="nomn"></g></l></v></tfr></token><token id="633001" text=","><tfr rev_id="1465116" t=","><v><l id="0" t=","><g v="PNCT"></g></l></v></tfr></token><token id="633002" text="по"><tfr rev_id="1465117" t="по"><v><l id="241240" t="по"><g v="PREP"></g></l></v></tfr></token><token id="633003" text="их"><tfr rev_id="4457840" t="их"><v><l id="127205" t="их"><g v="ADJF"></g><g v="Fixd"></g><g v="Apro"></g><g v="Anph"></g><g v="neut"></g><g v="sing"></g><g v="nomn"></g></l></v><v><l id="127205" t="их"><g v="ADJF"></g><g v="Fixd"></g><g v="Apro"></g><g v="Anph"></g><g v="neut"></g><g v="sing"></g><g v="gent"></g></l></v><v><l id="127205" t="их"><g v="ADJF"></g><g v="Fixd"></g><g v="Apro"></g><g v="Anph"></g><g v="neut"></g><g v="sing"></g><g v="datv"></g></l></v><v><l id="127205" t="их"><g v="ADJF"></g><g v="Fixd"></g><g v="Apro"></g><g v="Anph"></g><g v="neut"></g><g v="sing"></g><g v="accs"></g></l></v><v><l id="127205" t="их"><g v="ADJF"></g><g v="Fixd"></g><g v="Apro"></g><g v="Anph"></g><g v="neut"></g><g v="sing"></g><g v="ablt"></g></l></v><v><l id="127205" t="их"><g v="ADJF"></g><g v="Fixd"></g><g v="Apro"></g><g v="Anph"></g><g v="neut"></g><g v="sing"></g><g v="loct"></g></l></v></tfr></token><token id="633004" text="мнению"><tfr rev_id="1465119" t="мнению"><v><l id="161395" t="мнение"><g v="NOUN"></g><g v="inan"></g><g v="neut"></g><g v="sing"></g><g v="datv"></g></l></v></tfr></token><token id="633005" text=","><tfr rev_id="1465120" t=","><v><l id="0" t=","><g v="PNCT"></g></l></v></tfr></token><token id="633006" text="может"><tfr rev_id="4232940" t="может"><v><l id="164485" t="могу"><g v="VERB"></g><g v="impf"></g><g v="intr"></g><g v="sing"></g><g v="3per"></g><g v="pres"></g><g v="indc"></g></l></v></tfr></token><token id="633007" text="иметь"><tfr rev_id="1465122" t="иметь"><v><l id="121611" t="иметь"><g v="INFN"></g><g v="impf"></g><g v="tran"></g></l></v></tfr></token><token id="633008" text="негативные"><tfr rev_id="3756852" t="негативные"><v><l id="180350" t="негативный"><g v="ADJF"></g><g v="Qual"></g><g v="inan"></g><g v="plur"></g><g v="accs"></g></l></v></tfr></token><token id="633009" text="последствия"><tfr rev_id="3766203" t="последствия"><v><l id="261587" t="последствие"><g v="NOUN"></g><g v="inan"></g><g v="neut"></g><g v="plur"></g><g v="accs"></g></l></v></tfr></token><token id="633010" text="для"><tfr rev_id="3445657" t="для"><v><l id="85032" t="для"><g v="PREP"></g></l></v></tfr></token><token id="633011" text="внешних"><tfr rev_id="3945578" t="внешних"><v><l id="47535" t="внешний"><g v="ADJF"></g><g v="plur"></g><g v="gent"></g></l></v></tfr></token><token id="633012" text="связей"><tfr rev_id="1465127" t="связей"><v><l id="316572" t="связь"><g v="NOUN"></g><g v="inan"></g><g v="femn"></g><g v="plur"></g><g v="gent"></g></l></v></tfr></token><token id="633013" text="и"><tfr rev_id="4238605" t="и"><v><l id="116949" t="и"><g v="CONJ"></g></l></v></tfr></token><token id="633014" text="даже"><tfr rev_id="4079144" t="даже"><v><l id="77849" t="даже"><g v="PRCL"></g></l></v></tfr></token><token id="633015" text="безопасности"><tfr rev_id="4343784" t="безопасности"><v><l id="26215" t="безопасность"><g v="NOUN"></g><g v="inan"></g><g v="femn"></g><g v="sing"></g><g v="gent"></g></l></v></tfr></token><token id="633016" text="США"><tfr rev_id="3811388" t="США"><v><l id="341371" t="сша"><g v="NOUN"></g><g v="inan"></g><g v="GNdr"></g><g v="Pltm"></g><g v="Fixd"></g><g v="Abbr"></g><g v="Geox"></g><g v="plur"></g><g v="nomn"></g></l></v><v><l id="341371" t="сша"><g v="NOUN"></g><g v="inan"></g><g v="GNdr"></g><g v="Pltm"></g><g v="Fixd"></g><g v="Abbr"></g><g v="Geox"></g><g v="plur"></g><g v="gent"></g></l></v><v><l id="341371" t="сша"><g v="NOUN"></g><g v="inan"></g><g v="GNdr"></g><g v="Pltm"></g><g v="Fixd"></g><g v="Abbr"></g><g v="Geox"></g><g v="plur"></g><g v="datv"></g></l></v><v><l id="341371" t="сша"><g v="NOUN"></g><g v="inan"></g><g v="GNdr"></g><g v="Pltm"></g><g v="Fixd"></g><g v="Abbr"></g><g v="Geox"></g><g v="plur"></g><g v="accs"></g></l></v><v><l id="341371" t="сша"><g v="NOUN"></g><g v="inan"></g><g v="GNdr"></g><g v="Pltm"></g><g v="Fixd"></g><g v="Abbr"></g><g v="Geox"></g><g v="plur"></g><g v="ablt"></g></l></v><v><l id="341371" t="сша"><g v="NOUN"></g><g v="inan"></g><g v="GNdr"></g><g v="Pltm"></g><g v="Fixd"></g><g v="Abbr"></g><g v="Geox"></g><g v="plur"></g><g v="loct"></g></l></v></tfr></token><token id="633017" text="."><tfr rev_id="1465132" t="."><v><l id="0" t="."><g v="PNCT"></g></l></v></tfr></token></tokens></sentence><sentence id="35428"><source>Банк JPMorgan Chase&amp;Co уведомил по почте послов в США, что закрывает отдел по работе с дипломатами и представителями правительств иностранных государств.</source><tokens><token id="633018" text="Банк"><tfr rev_id="1465133" t="Банк"><v><l id="23569" t="банк"><g v="NOUN"></g><g v="inan"></g><g v="masc"></g><g v="sing"></g><g v="nomn"></g></l></v><v><l id="23569" t="банк"><g v="NOUN"></g><g v="inan"></g><g v="masc"></g><g v="sing"></g><g v="accs"></g></l></v></tfr></token><token id="633019" text="JPMorgan"><tfr rev_id="2474908" t="JPMorgan"><v><l id="0" t="JPMorgan"><g v="LATN"></g></l></v></tfr></token><token id="633020" text="Chase"><tfr rev_id="2474909" t="Chase"><v><l id="0" t="Chase"><g v="LATN"></g></l></v></tfr></token><token id="633021" text="&amp;"><tfr rev_id="2444818" t="&amp;"><v><l id="0" t="&amp;"><g v="PNCT"></g></l></v></tfr></token><token id="633022" text="Co"><tfr rev_id="2474910" t="Co"><v><l id="0" t="Co"><g v="LATN"></g></l></v></tfr></token><token id="633023" text="уведомил"><tfr rev_id="1465138" t="уведомил"><v><l id="353331" t="уведомил"><g v="VERB"></g><g v="perf"></g><g v="tran"></g><g v="masc"></g><g v="sing"></g><g v="past"></g><g v="indc"></g></l></v></tfr></token><token id="633024" text="по"><tfr rev_id="1465139" t="по"><v><l id="241240" t="по"><g v="PREP"></g></l></v></tfr></token><token id="633025" text="почте"><tfr rev_id="3447562" t="почте"><v><l id="264988" t="почта"><g v="NOUN"></g><g v="inan"></g><g v="femn"></g><g v="sing"></g><g v="datv"></g></l></v></tfr></token><token id="633026" text="послов"><tfr rev_id="3716911" t="послов"><v><l id="261868" t="посол"><g v="NOUN"></g><g v="anim"></g><g v="masc"></g><g v="plur"></g><g v="accs"></g></l></v></tfr></token><token id="633027" text="в"><tfr rev_id="1465142" t="в"><v><l id="37409" t="в"><g v="PREP"></g></l></v></tfr></token><token id="633028" text="США"><tfr rev_id="4572875" t="США"><v><l id="341371" t="сша"><g v="NOUN"></g><g v="inan"></g><g v="GNdr"></g><g v="Pltm"></g><g v="Fixd"></g><g v="Abbr"></g><g v="Geox"></g><g v="plur"></g><g v="loct"></g></l></v></tfr></token><token id="633029" text=","><tfr rev_id="1465144" t=","><v><l id="0" t=","><g v="PNCT"></g></l></v></tfr></token><token id="633030" text="что"><tfr rev_id="3197086" t="что"><v><l id="377004" t="что"><g v="CONJ"></g></l></v><v><l id="377005" t="что"><g v="NPRO"></g><g v="neut"></g><g v="sing"></g><g v="nomn"></g></l></v><v><l id="377005" t="что"><g v="NPRO"></g><g v="neut"></g><g v="sing"></g><g v="accs"></g></l></v><v><l id="377006" t="что"><g v="ADVB"></g><g v="Ques"></g></l></v><v><l id="388695" t="что"><g v="PRCL"></g></l></v></tfr></token><token id="633031" text="закрывает"><tfr rev_id="1465146" t="закрывает"><v><l id="104229" t="закрываю"><g v="VERB"></g><g v="impf"></g><g v="tran"></g><g v="sing"></g><g v="3per"></g><g v="pres"></g><g v="indc"></g></l></v></tfr></token><token id="633032" text="отдел"><tfr rev_id="4106033" t="отдел"><v><l id="213353" t="отдел"><g v="NOUN"></g><g v="inan"></g><g v="masc"></g><g v="sing"></g><g v="accs"></g></l></v></tfr></token><token id="633033" text="по"><tfr rev_id="1465148" t="по"><v><l id="241240" t="по"><g v="PREP"></g></l></v></tfr></token><token id="633034" text="работе"><tfr rev_id="3226402" t="работе"><v><l id="290501" t="работа"><g v="NOUN"></g><g v="inan"></g><g v="femn"></g><g v="sing"></g><g v="datv"></g></l></v></tfr></token><token id="633035" text="с"><tfr rev_id="1465150" t="с"><v><l id="311151" t="с"><g v="PREP"></g></l></v></tfr></token><token id="633036" text="дипломатами"><tfr rev_id="1465151" t="дипломатами"><v><l id="84142" t="дипломат"><g v="NOUN"></g><g v="anim"></g><g v="masc"></g><g v="plur"></g><g v="ablt"></g></l></v></tfr></token><token id="633037" text="и"><tfr rev_id="1465152" t="и"><v><l id="116949" t="и"><g v="CONJ"></g></l></v><v><l id="116950" t="и"><g v="INTJ"></g></l></v></tfr></token><token id="633038" text="представителями"><tfr rev_id="1465153" t="представителями"><v><l id="267083" t="представитель"><g v="NOUN"></g><g v="anim"></g><g v="masc"></g><g v="plur"></g><g v="ablt"></g></l></v></tfr></token><token id="633039" text="правительств"><tfr rev_id="1465154" t="правительств"><v><l id="265638" t="правительство"><g v="NOUN"></g><g v="inan"></g><g v="neut"></g><g v="plur"></g><g v="gent"></g></l></v></tfr></token><token id="633040" text="иностранных"><tfr rev_id="3497584" t="иностранных"><v><l id="122754" t="иностранный"><g v="ADJF"></g><g v="plur"></g><g v="gent"></g></l></v></tfr></token><token id="633041" text="государств"><tfr rev_id="1465156" t="государств"><v><l id="74164" t="государство"><g v="NOUN"></g><g v="inan"></g><g v="neut"></g><g v="plur"></g><g v="gent"></g></l></v></tfr></token><token id="633042" text="."><tfr rev_id="1465157" t="."><v><l id="0" t="."><g v="PNCT"></g></l></v></tfr></token></tokens></sentence><sentence id="35429"><source>Citigroup объявил о намерении сократить объём своих операций с посольствами, в то время как Bank of America и HSBC уже начали этот процесс.</source><tokens><token id="633043" text="Citigroup"><tfr rev_id="2474911" t="Citigroup"><v><l id="0" t="Citigroup"><g v="LATN"></g></l></v></tfr></token><token id="633044" text="объявил"><tfr rev_id="1465159" t="объявил"><v><l id="201891" t="объявил"><g v="VERB"></g><g v="perf"></g><g v="tran"></g><g v="masc"></g><g v="sing"></g><g v="past"></g><g v="indc"></g></l></v></tfr></token><token id="633045" text="о"><tfr rev_id="3332394" t="о"><v><l id="192977" t="о"><g v="PREP"></g></l></v></tfr></token><token id="633046" text="намерении"><tfr rev_id="1465161" t="намерении"><v><l id="172446" t="намерение"><g v="NOUN"></g><g v="inan"></g><g v="neut"></g><g v="sing"></g><g v="loct"></g></l></v></tfr></token><token id="633047" text="сократить"><tfr rev_id="1465162" t="сократить"><v><l id="328819" t="сократить"><g v="INFN"></g><g v="perf"></g><g v="tran"></g></l></v></tfr></token><token id="633048" text="объём"><tfr rev_id="1715075" t="объём"><v><l id="201701" t="объём"><g v="NOUN"></g><g v="inan"></g><g v="masc"></g><g v="sing"></g><g v="nomn"></g></l></v><v><l id="201701" t="объём"><g v="NOUN"></g><g v="inan"></g><g v="masc"></g><g v="sing"></g><g v="accs"></g></l></v></tfr></token><token id="633049" text="своих"><tfr rev_id="4196795" t="своих"><v><l id="316379" t="свой"><g v="ADJF"></g><g v="Apro"></g><g v="Anph"></g><g v="plur"></g><g v="gent"></g></l></v></tfr></token><token id="633050" text="операций"><tfr rev_id="1465165" t="операций"><v><l id="206957" t="операция"><g v="NOUN"></g><g v="inan"></g><g v="femn"></g><g v="plur"></g><g v="gent"></g></l></v></tfr></token><token id="633051" text="с"><tfr rev_id="1465166" t="с"><v><l id="311151" t="с"><g v="PREP"></g></l></v></tfr></token><token id="633052" text="посольствами"><tfr rev_id="1465167" t="посольствами"><v><l id="261890" t="посольство"><g v="NOUN"></g><g v="inan"></g><g v="neut"></g><g v="plur"></g><g v="ablt"></g></l></v></tfr></token><token id="633053" text=","><tfr rev_id="1465168" t=","><v><l id="0" t=","><g v="PNCT"></g></l></v></tfr></token><token id="633054" text="в"><tfr rev_id="1465169" t="в"><v><l id="37409" t="в"><g v="PREP"></g></l></v></tfr></token><token id="633055" text="то"><tfr rev_id="3777569" t="то"><v><l id="346835" t="то"><g v="CONJ"></g></l></v><v><l id="346836" t="то"><g v="PRCL"></g></l></v><v><l id="348430" t="тот"><g v="ADJF"></g><g v="Subx"></g><g v="Apro"></g><g v="Anph"></g><g v="neut"></g><g v="sing"></g><g v="nomn"></g></l></v><v><l id="348430" t="тот"><g v="ADJF"></g><g v="Subx"></g><g v="Apro"></g><g v="Anph"></g><g v="neut"></g><g v="sing"></g><g v="accs"></g></l></v></tfr></token><token id="633056" text="время"><tfr rev_id="4210210" t="время"><v><l id="53149" t="время"><g v="NOUN"></g><g v="inan"></g><g v="neut"></g><g v="sing"></g><g v="accs"></g></l></v></tfr></token><token id="633057" text="как"><tfr rev_id="1465172" t="как"><v><l id="128190" t="как"><g v="CONJ"></g></l></v><v><l id="128191" t="как"><g v="PRCL"></g></l></v><v><l id="128192" t="как"><g v="ADVB"></g><g v="Ques"></g></l></v></tfr></token><token id="633058" text="Bank"><tfr rev_id="2474912" t="Bank"><v><l id="0" t="Bank"><g v="LATN"></g></l></v></tfr></token><token id="633059" text="of"><tfr rev_id="2474913" t="of"><v><l id="0" t="of"><g v="LATN"></g></l></v></tfr></token><token id="633060" text="America"><tfr rev_id="2474914" t="America"><v><l id="0" t="America"><g v="LATN"></g></l></v></tfr></token><token id="633061" text="и"><tfr rev_id="1465176" t="и"><v><l id="116949" t="и"><g v="CONJ"></g></l></v><v><l id="116950" t="и"><g v="INTJ"></g></l></v></tfr></token><token id="633062" text="HSBC"><tfr rev_id="2474915" t="HSBC"><v><l id="0" t="HSBC"><g v="LATN"></g></l></v></tfr></token><token id="633063" text="уже"><tfr rev_id="2692790" t="уже"><v><l id="355422" t="уж"><g v="NOUN"></g><g v="anim"></g><g v="masc"></g><g v="sing"></g><g v="loct"></g></l></v><v><l id="355498" t="уже"><g v="ADVB"></g></l></v><v><l id="355674" t="уже"><g v="COMP"></g><g v="Qual"></g></l></v><v><l id="388673" t="уже"><g v="PRCL"></g></l></v></tfr></token><token id="633064" text="начали"><tfr rev_id="1465179" t="начали"><v><l id="178224" t="начал"><g v="VERB"></g><g v="perf"></g><g v="tran"></g><g v="plur"></g><g v="past"></g><g v="indc"></g></l></v></tfr></token><token id="633065" text="этот"><tfr rev_id="4432106" t="этот"><v><l id="386581" t="этот"><g v="ADJF"></g><g v="Subx"></g><g v="Apro"></g><g v="Anph"></g><g v="masc"></g><g v="sing"></g><g v="nomn"></g></l></v><v><l id="386581" t="этот"><g v="ADJF"></g><g v="Subx"></g><g v="Apro"></g><g v="Anph"></g><g v="inan"></g><g v="masc"></g><g v="sing"></g><g v="accs"></g></l></v></tfr></token><token id="633066" text="процесс"><tfr rev_id="1465181" t="процесс"><v><l id="287363" t="процесс"><g v="NOUN"></g><g v="inan"></g><g v="masc"></g><g v="sing"></g><g v="nomn"></g></l></v><v><l id="287363" t="процесс"><g v="NOUN"></g><g v="inan"></g><g v="masc"></g><g v="sing"></g><g v="accs"></g></l></v></tfr></token><token id="633067" text="."><tfr rev_id="1465182" t="."><v><l id="0" t="."><g v="PNCT"></g></l></v></tfr></token></tokens></sentence><sentence id="35430"><source>В частности, Bank of America проинформировал посольство Анголы в Вашингтоне в октябре, что собирается зарыть его счета, что банк и сделал 9 ноября.</source><tokens><token id="633068" text="В"><tfr rev_id="1465183" t="В"><v><l id="37409" t="в"><g v="PREP"></g></l></v></tfr></token><token id="633069" text="частности"><tfr rev_id="4343785" t="частности"><v><l id="374794" t="частность"><g v="NOUN"></g><g v="inan"></g><g v="femn"></g><g v="sing"></g><g v="loct"></g></l></v></tfr></token><token id="633070" text=","><tfr rev_id="1465185" t=","><v><l id="0" t=","><g v="PNCT"></g></l></v></tfr></token><token id="633071" text="Bank"><tfr rev_id="2474916" t="Bank"><v><l id="0" t="Bank"><g v="LATN"></g></l></v></tfr></token><token id="633072" text="of"><tfr rev_id="2474917" t="of"><v><l id="0" t="of"><g v="LATN"></g></l></v></tfr></token><token id="633073" text="America"><tfr rev_id="2474918" t="America"><v><l id="0" t="America"><g v="LATN"></g></l></v></tfr></token><token id="633074" text="проинформировал"><tfr rev_id="1465189" t="проинформировал"><v><l id="280263" t="проинформировал"><g v="VERB"></g><g v="perf"></g><g v="tran"></g><g v="masc"></g><g v="sing"></g><g v="past"></g><g v="indc"></g></l></v></tfr></token><token id="633075" text="посольство"><tfr rev_id="2584238" t="посольство"><v><l id="261890" t="посольство"><g v="NOUN"></g><g v="inan"></g><g v="neut"></g><g v="sing"></g><g v="accs"></g></l></v></tfr></token><token id="633076" text="Анголы"><tfr rev_id="1465191" t="Анголы"><v><l id="12792" t="ангола"><g v="NOUN"></g><g v="inan"></g><g v="femn"></g><g v="Sgtm"></g><g v="Geox"></g><g v="sing"></g><g v="gent"></g></l></v></tfr></token><token id="633077" text="в"><tfr rev_id="1465192" t="в"><v><l id="37409" t="в"><g v="PREP"></g></l></v></tfr></token><token id="633078" text="Вашингтоне"><tfr rev_id="1465193" t="Вашингтоне"><v><l id="39406" t="вашингтон"><g v="NOUN"></g><g v="inan"></g><g v="masc"></g><g v="Geox"></g><g v="sing"></g><g v="loct"></g></l></v></tfr></token><token id="633079" text="в"><tfr rev_id="1465194" t="в"><v><l id="37409" t="в"><g v="PREP"></g></l></v></tfr></token><token id="633080" text="октябре"><tfr rev_id="1465195" t="октябре"><v><l id="205725" t="октябрь"><g v="NOUN"></g><g v="inan"></g><g v="masc"></g><g v="sing"></g><g v="loct"></g></l></v></tfr></token><token id="633081" text=","><tfr rev_id="1465196" t=","><v><l id="0" t=","><g v="PNCT"></g></l></v></tfr></token><token id="633082" text="что"><tfr rev_id="3197087" t="что"><v><l id="377004" t="что"><g v="CONJ"></g></l></v><v><l id="377005" t="что"><g v="NPRO"></g><g v="neut"></g><g v="sing"></g><g v="nomn"></g></l></v><v><l id="377005" t="что"><g v="NPRO"></g><g v="neut"></g><g v="sing"></g><g v="accs"></g></l></v><v><l id="377006" t="что"><g v="ADVB"></g><g v="Ques"></g></l></v><v><l id="388695" t="что"><g v="PRCL"></g></l></v></tfr></token><token id="633083" text="собирается"><tfr rev_id="1465198" t="собирается"><v><l id="327680" t="собираюсь"><g v="VERB"></g><g v="impf"></g><g v="intr"></g><g v="sing"></g><g v="3per"></g><g v="pres"></g><g v="indc"></g></l></v></tfr></token><token id="633084" text="зарыть"><tfr rev_id="1465199" t="зарыть"><v><l id="109101" t="зарыть"><g v="INFN"></g><g v="perf"></g><g v="tran"></g></l></v></tfr></token><token id="633085" text="его"><tfr rev_id="4473023" t="его"><v><l id="94208" t="его"><g v="ADJF"></g><g v="Fixd"></g><g v="Apro"></g><g v="Anph"></g><g v="plur"></g><g v="nomn"></g></l></v><v><l id="94208" t="его"><g v="ADJF"></g><g v="Fixd"></g><g v="Apro"></g><g v="Anph"></g><g v="plur"></g><g v="gent"></g></l></v><v><l id="94208" t="его"><g v="ADJF"></g><g v="Fixd"></g><g v="Apro"></g><g v="Anph"></g><g v="plur"></g><g v="datv"></g></l></v><v><l id="94208" t="его"><g v="ADJF"></g><g v="Fixd"></g><g v="Apro"></g><g v="Anph"></g><g v="plur"></g><g v="accs"></g></l></v><v><l id="94208" t="его"><g v="ADJF"></g><g v="Fixd"></g><g v="Apro"></g><g v="Anph"></g><g v="plur"></g><g v="ablt"></g></l></v><v><l id="94208" t="его"><g v="ADJF"></g><g v="Fixd"></g><g v="Apro"></g><g v="Anph"></g><g v="plur"></g><g v="loct"></g></l></v></tfr></token><token id="633086" text="счета"><tfr rev_id="3726962" t="счета"><v><l id="341128" t="счёт"><g v="NOUN"></g><g v="inan"></g><g v="masc"></g><g v="plur"></g><g v="accs"></g></l></v></tfr></token><token id="633087" text=","><tfr rev_id="1465202" t=","><v><l id="0" t=","><g v="PNCT"></g></l></v></tfr></token><token id="633088" text="что"><tfr rev_id="3197088" t="что"><v><l id="377004" t="что"><g v="CONJ"></g></l></v><v><l id="377005" t="что"><g v="NPRO"></g><g v="neut"></g><g v="sing"></g><g v="nomn"></g></l></v><v><l id="377005" t="что"><g v="NPRO"></g><g v="neut"></g><g v="sing"></g><g v="accs"></g></l></v><v><l id="377006" t="что"><g v="ADVB"></g><g v="Ques"></g></l></v><v><l id="388695" t="что"><g v="PRCL"></g></l></v></tfr></token><token id="633089" text="банк"><tfr rev_id="3555839" t="банк"><v><l id="23569" t="банк"><g v="NOUN"></g><g v="inan"></g><g v="masc"></g><g v="sing"></g><g v="nomn"></g></l></v></tfr></token><token id="633090" text="и"><tfr rev_id="1465205" t="и"><v><l id="116949" t="и"><g v="CONJ"></g></l></v><v><l id="116950" t="и"><g v="INTJ"></g></l></v></tfr></token><token id="633091" text="сделал"><tfr rev_id="1465206" t="сделал"><v><l id="317246" t="сделал"><g v="VERB"></g><g v="perf"></g><g v="tran"></g><g v="masc"></g><g v="sing"></g><g v="past"></g><g v="indc"></g></l></v></tfr></token><token id="633092" text="9"><tfr rev_id="2462042" t="9"><v><l id="0" t="9"><g v="NUMB"></g></l></v></tfr></token><token id="633093" text="ноября"><tfr rev_id="1465208" t="ноября"><v><l id="192482" t="ноябрь"><g v="NOUN"></g><g v="inan"></g><g v="masc"></g><g v="sing"></g><g v="gent"></g></l></v></tfr></token><token id="633094" text="."><tfr rev_id="1465209" t="."><v><l id="0" t="."><g v="PNCT"></g></l></v></tfr></token></tokens></sentence><sentence id="35431"><source>По словам неназванного представителя Госдепартамента, ведомство находится в контакте с банками, которые пошли на эти меры.</source><tokens><token id="633095" text="По"><tfr rev_id="1465210" t="По"><v><l id="241240" t="по"><g v="PREP"></g></l></v></tfr></token><token id="633096" text="словам"><tfr rev_id="1465211" t="словам"><v><l id="325168" t="слово"><g v="NOUN"></g><g v="inan"></g><g v="neut"></g><g v="plur"></g><g v="datv"></g></l></v></tfr></token><token id="633097" text="неназванного"><tfr rev_id="4448731" t="неназванного"><v><l id="184407" t="неназванный"><g v="ADJF"></g><g v="masc"></g><g v="sing"></g><g v="gent"></g></l></v></tfr></token><token id="633098" text="представителя"><tfr rev_id="3886739" t="представителя"><v><l id="267083" t="представитель"><g v="NOUN"></g><g v="anim"></g><g v="masc"></g><g v="sing"></g><g v="gent"></g></l></v></tfr></token><token id="633099" text="Госдепартамента"><tfr rev_id="4506574" t="Госдепартамента"><v><l id="73921" t="госдепартамент"><g v="NOUN"></g><g v="inan"></g><g v="masc"></g><g v="Orgn"></g><g v="sing"></g><g v="gent"></g></l></v></tfr></token><token id="633100" text=","><tfr rev_id="1465215" t=","><v><l id="0" t=","><g v="PNCT"></g></l></v></tfr></token><token id="633101" text="ведомство"><tfr rev_id="1465216" t="ведомство"><v><l id="40354" t="ведомство"><g v="NOUN"></g><g v="inan"></g><g v="neut"></g><g v="sing"></g><g v="nomn"></g></l></v><v><l id="40354" t="ведомство"><g v="NOUN"></g><g v="inan"></g><g v="neut"></g><g v="sing"></g><g v="accs"></g></l></v></tfr></token><token id="633102" text="находится"><tfr rev_id="1465217" t="находится"><v><l id="177898" t="нахожусь"><g v="VERB"></g><g v="impf"></g><g v="intr"></g><g v="sing"></g><g v="3per"></g><g v="pres"></g><g v="indc"></g></l></v><v><l id="177903" t="находился"><g v="VERB"></g><g v="perf"></g><g v="intr"></g><g v="sing"></g><g v="3per"></g><g v="futr"></g><g v="indc"></g></l></v></tfr></token><token id="633103" text="в"><tfr rev_id="1465218" t="в"><v><l id="37409" t="в"><g v="PREP"></g></l></v></tfr></token><token id="633104" text="контакте"><tfr rev_id="1465219" t="контакте"><v><l id="138320" t="контакт"><g v="NOUN"></g><g v="inan"></g><g v="masc"></g><g v="sing"></g><g v="loct"></g></l></v></tfr></token><token id="633105" text="с"><tfr rev_id="1465220" t="с"><v><l id="311151" t="с"><g v="PREP"></g></l></v></tfr></token><token id="633106" text="банками"><tfr rev_id="4281855" t="банками"><v><l id="23569" t="банк"><g v="NOUN"></g><g v="inan"></g><g v="masc"></g><g v="plur"></g><g v="ablt"></g></l></v></tfr></token><token id="633107" text=","><tfr rev_id="1465222" t=","><v><l id="0" t=","><g v="PNCT"></g></l></v></tfr></token><token id="633108" text="которые"><tfr rev_id="4083736" t="которые"><v><l id="141203" t="который"><g v="ADJF"></g><g v="Apro"></g><g v="Subx"></g><g v="Anph"></g><g v="plur"></g><g v="nomn"></g></l></v></tfr></token><token id="633109" text="пошли"><tfr rev_id="1465224" t="пошли"><v><l id="253964" t="пошёл"><g v="VERB"></g><g v="perf"></g><g v="intr"></g><g v="plur"></g><g v="past"></g><g v="indc"></g></l></v><v><l id="261532" t="послал"><g v="VERB"></g><g v="perf"></g><g v="tran"></g><g v="sing"></g><g v="impr"></g><g v="excl"></g></l></v></tfr></token><token id="633110" text="на"><tfr rev_id="3334471" t="на"><v><l id="166264" t="на"><g v="PREP"></g></l></v></tfr></token><token id="633111" text="эти"><tfr rev_id="4446151" t="эти"><v><l id="386581" t="этот"><g v="ADJF"></g><g v="Subx"></g><g v="Apro"></g><g v="Anph"></g><g v="inan"></g><g v="plur"></g><g v="accs"></g></l></v></tfr></token><token id="633112" text="меры"><tfr rev_id="3800375" t="меры"><v><l id="158460" t="мера"><g v="NOUN"></g><g v="inan"></g><g v="femn"></g><g v="plur"></g><g v="accs"></g></l></v></tfr></token><token id="633113" text="."><tfr rev_id="1465228" t="."><v><l id="0" t="."><g v="PNCT"></g></l></v></tfr></token></tokens></sentence><sentence id="35432"><source>«Мы не можем заставить их сохранить какой-либо счёт или клиента, — пояснил он.</source><tokens><token id="633114" text="«"><tfr rev_id="2444819" t="«"><v><l id="0" t="«"><g v="PNCT"></g></l></v></tfr></token><token id="633115" text="Мы"><tfr rev_id="1465230" t="Мы"><v><l id="165750" t="мы"><g v="NPRO"></g><g v="1per"></g><g v="plur"></g><g v="nomn"></g></l></v></tfr></token><token id="633116" text="не"><tfr rev_id="1465231" t="не"><v><l id="178876" t="не"><g v="PRCL"></g></l></v></tfr></token><token id="633117" text="можем"><tfr rev_id="1465232" t="можем"><v><l id="164485" t="могу"><g v="VERB"></g><g v="impf"></g><g v="intr"></g><g v="plur"></g><g v="1per"></g><g v="pres"></g><g v="indc"></g></l></v></tfr></token><token id="633118" text="заставить"><tfr rev_id="1465233" t="заставить"><v><l id="110201" t="заставить"><g v="INFN"></g><g v="perf"></g><g v="tran"></g></l></v></tfr></token><token id="633119" text="их"><tfr rev_id="3601394" t="их"><v><l id="206619" t="они"><g v="NPRO"></g><g v="3per"></g><g v="Anph"></g><g v="plur"></g><g v="gent"></g></l></v><v><l id="206619" t="они"><g v="NPRO"></g><g v="3per"></g><g v="Anph"></g><g v="plur"></g><g v="accs"></g></l></v></tfr></token><token id="633120" text="сохранить"><tfr rev_id="1465235" t="сохранить"><v><l id="330989" t="сохранить"><g v="INFN"></g><g v="perf"></g><g v="tran"></g></l></v></tfr></token><token id="633121" text="какой-либо"><tfr rev_id="3281873" t="какой-либо"><v><l id="128225" t="какой-либо"><g v="ADJF"></g><g v="Apro"></g><g v="inan"></g><g v="masc"></g><g v="sing"></g><g v="accs"></g></l></v></tfr></token><token id="633122" text="счёт"><tfr rev_id="4101194" t="счёт"><v><l id="341128" t="счёт"><g v="NOUN"></g><g v="inan"></g><g v="masc"></g><g v="sing"></g><g v="accs"></g></l></v></tfr></token><token id="633123" text="или"><tfr rev_id="3787235" t="или"><v><l id="121146" t="или"><g v="CONJ"></g></l></v></tfr></token><token id="633124" text="клиента"><tfr rev_id="4456790" t="клиента"><v><l id="134285" t="клиент"><g v="NOUN"></g><g v="anim"></g><g v="masc"></g><g v="sing"></g><g v="accs"></g></l></v></tfr></token><token id="633125" text=","><tfr rev_id="1465240" t=","><v><l id="0" t=","><g v="PNCT"></g></l></v></tfr></token><token id="633126" text="—"><tfr rev_id="2444820" t="—"><v><l id="0" t="—"><g v="PNCT"></g></l></v></tfr></token><token id="633127" text="пояснил"><tfr rev_id="1465242" t="пояснил"><v><l id="265535" t="пояснил"><g v="VERB"></g><g v="perf"></g><g v="tran"></g><g v="masc"></g><g v="sing"></g><g v="past"></g><g v="indc"></g></l></v></tfr></token><token id="633128" text="он"><tfr rev_id="3575663" t="он"><v><l id="206541" t="он"><g v="NPRO"></g><g v="masc"></g><g v="3per"></g><g v="Anph"></g><g v="sing"></g><g v="nomn"></g></l></v></tfr></token><token id="633129" text="."><tfr rev_id="1465244" t="."><v><l id="0" t="."><g v="PNCT"></g></l></v></tfr></token></tokens></sentence><sentence id="35433"><source>— Мы изучаем возможности, позволяющие продолжить предоставление банковских услуг», — передаёт ИТАР-ТАСС.</source><tokens><token id="633130" text="—"><tfr rev_id="2444821" t="—"><v><l id="0" t="—"><g v="PNCT"></g></l></v></tfr></token><token id="633131" text="Мы"><tfr rev_id="1465246" t="Мы"><v><l id="165750" t="мы"><g v="NPRO"></g><g v="1per"></g><g v="plur"></g><g v="nomn"></g></l></v></tfr></token><token id="633132" text="изучаем"><tfr rev_id="2635207" t="изучаем"><v><l id="120782" t="изучаю"><g v="VERB"></g><g v="impf"></g><g v="tran"></g><g v="plur"></g><g v="1per"></g><g v="pres"></g><g v="indc"></g></l></v></tfr></token><token id="633133" text="возможности"><tfr rev_id="3741730" t="возможности"><v><l id="49410" t="возможность"><g v="NOUN"></g><g v="inan"></g><g v="femn"></g><g v="plur"></g><g v="accs"></g></l></v></tfr></token><token id="633134" text=","><tfr rev_id="1465249" t=","><v><l id="0" t=","><g v="PNCT"></g></l></v></tfr></token><token id="633135" text="позволяющие"><tfr rev_id="1465250" t="позволяющие"><v><l id="253433" t="позволяющий"><g v="PRTF"></g><g v="impf"></g><g v="tran"></g><g v="pres"></g><g v="actv"></g><g v="plur"></g><g v="nomn"></g></l></v><v><l id="253433" t="позволяющий"><g v="PRTF"></g><g v="impf"></g><g v="tran"></g><g v="pres"></g><g v="actv"></g><g v="inan"></g><g v="plur"></g><g v="accs"></g></l></v></tfr></token><token id="633136" text="продолжить"><tfr rev_id="1465251" t="продолжить"><v><l id="279234" t="продолжить"><g v="INFN"></g><g v="perf"></g><g v="tran"></g></l></v></tfr></token><token id="633137" text="предоставление"><tfr rev_id="4096436" t="предоставление"><v><l id="266670" t="предоставление"><g v="NOUN"></g><g v="inan"></g><g v="neut"></g><g v="sing"></g><g v="accs"></g></l></v></tfr></token><token id="633138" text="банковских"><tfr rev_id="4408046" t="банковских"><v><l id="23592" t="банковский"><g v="ADJF"></g><g v="plur"></g><g v="gent"></g></l></v></tfr></token><token id="633139" text="услуг"><tfr rev_id="1465254" t="услуг"><v><l id="360607" t="услуга"><g v="NOUN"></g><g v="inan"></g><g v="femn"></g><g v="plur"></g><g v="gent"></g></l></v></tfr></token><token id="633140" text="»"><tfr rev_id="2444822" t="»"><v><l id="0" t="»"><g v="PNCT"></g></l></v></tfr></token><token id="633141" text=","><tfr rev_id="1465256" t=","><v><l id="0" t=","><g v="PNCT"></g></l></v></tfr></token><token id="633142" text="—"><tfr rev_id="2444823" t="—"><v><l id="0" t="—"><g v="PNCT"></g></l></v></tfr></token><token id="633143" text="передаёт"><tfr rev_id="2703917" t="передаёт"><v><l id="228101" t="передаю"><g v="VERB"></g><g v="impf"></g><g v="tran"></g><g v="sing"></g><g v="3per"></g><g v="pres"></g><g v="indc"></g></l></v></tfr></token><token id="633144" text="ИТАР-ТАСС"><tfr rev_id="4489304" t="ИТАР-ТАСС"><v><l id="127107" t="итар-тасс"><g v="NOUN"></g><g v="inan"></g><g v="masc"></g><g v="Sgtm"></g><g v="Abbr"></g><g v="Orgn"></g><g v="sing"></g><g v="nomn"></g></l></v></tfr></token><token id="633145" text="."><tfr rev_id="1465260" t="."><v><l id="0" t="."><g v="PNCT"></g></l></v></tfr></token></tokens></sentence></paragraph><paragraph id="11248"><sentence id="35434"><source>О том, как отмывают деньги в Италии, читайте в статье Частного корреспондента «Знакомьтесь: итальянская мафия»</source><tokens><token id="633146" text="О"><tfr rev_id="3332940" t="О"><v><l id="192977" t="о"><g v="PREP"></g></l></v></tfr></token><token id="633147" text="том"><tfr rev_id="4309336" t="том"><v><l id="348430" t="тот"><g v="ADJF"></g><g v="Subx"></g><g v="Apro"></g><g v="Anph"></g><g v="neut"></g><g v="sing"></g><g v="loct"></g></l></v></tfr></token><token id="633148" text=","><tfr rev_id="1465263" t=","><v><l id="0" t=","><g v="PNCT"></g></l></v></tfr></token><token id="633149" text="как"><tfr rev_id="1465264" t="как"><v><l id="128190" t="как"><g v="CONJ"></g></l></v><v><l id="128191" t="как"><g v="PRCL"></g></l></v><v><l id="128192" t="как"><g v="ADVB"></g><g v="Ques"></g></l></v></tfr></token><token id="633150" text="отмывают"><tfr rev_id="1465265" t="отмывают"><v><l id="215784" t="отмываю"><g v="VERB"></g><g v="impf"></g><g v="tran"></g><g v="plur"></g><g v="3per"></g><g v="pres"></g><g v="indc"></g></l></v></tfr></token><token id="633151" text="деньги"><tfr rev_id="4325099" t="деньги"><v><l id="81429" t="деньги"><g v="NOUN"></g><g v="inan"></g><g v="femn"></g><g v="plur"></g><g v="accs"></g></l></v></tfr></token><token id="633152" text="в"><tfr rev_id="1465267" t="в"><v><l id="37409" t="в"><g v="PREP"></g></l></v></tfr></token><token id="633153" text="Италии"><tfr rev_id="2627669" t="Италии"><v><l id="127098" t="италия"><g v="NOUN"></g><g v="inan"></g><g v="femn"></g><g v="Sgtm"></g><g v="Geox"></g><g v="sing"></g><g v="loct"></g></l></v></tfr></token><token id="633154" text=","><tfr rev_id="1465269" t=","><v><l id="0" t=","><g v="PNCT"></g></l></v></tfr></token><token id="633155" text="читайте"><tfr rev_id="1465270" t="читайте"><v><l id="376719" t="читаю"><g v="VERB"></g><g v="impf"></g><g v="tran"></g><g v="plur"></g><g v="impr"></g><g v="excl"></g></l></v></tfr></token><token id="633156" text="в"><tfr rev_id="1465271" t="в"><v><l id="37409" t="в"><g v="PREP"></g></l></v></tfr></token><token id="633157" text="статье"><tfr rev_id="3309790" t="статье"><v><l id="335173" t="статья"><g v="NOUN"></g><g v="inan"></g><g v="femn"></g><g v="sing"></g><g v="loct"></g></l></v></tfr></token><token id="633158" text="Частного"><tfr rev_id="4309090" t="Частного"><v><l id="374795" t="частный"><g v="ADJF"></g><g v="Qual"></g><g v="masc"></g><g v="sing"></g><g v="gent"></g></l></v><v><l id="374795" t="частный"><g v="ADJF"></g><g v="Qual"></g><g v="anim"></g><g v="masc"></g><g v="sing"></g><g v="accs"></g></l></v></tfr></token><token id="633159" text="корреспондента"><tfr rev_id="3886616" t="корреспондента"><v><l id="140239" t="корреспондент"><g v="NOUN"></g><g v="anim"></g><g v="masc"></g><g v="sing"></g><g v="gent"></g></l></v></tfr></token><token id="633160" text="«"><tfr rev_id="2444824" t="«"><v><l id="0" t="«"><g v="PNCT"></g></l></v></tfr></token><token id="633161" text="Знакомьтесь"><tfr rev_id="1465276" t="Знакомьтесь"><v><l id="115920" t="знакомлюсь"><g v="VERB"></g><g v="impf"></g><g v="intr"></g><g v="plur"></g><g v="impr"></g><g v="excl"></g></l></v></tfr></token><token id="633162" text=":"><tfr rev_id="1465277" t=":"><v><l id="0" t=":"><g v="PNCT"></g></l></v></tfr></token><token id="633163" text="итальянская"><tfr rev_id="1465278" t="итальянская"><v><l id="127104" t="итальянский"><g v="ADJF"></g><g v="femn"></g><g v="sing"></g><g v="nomn"></g></l></v></tfr></token><token id="633164" text="мафия"><tfr rev_id="1465279" t="мафия"><v><l id="156481" t="мафия"><g v="NOUN"></g><g v="inan"></g><g v="femn"></g><g v="sing"></g><g v="nomn"></g></l></v></tfr></token><token id="633165" text="»"><tfr rev_id="2444825" t="»"><v><l id="0" t="»"><g v="PNCT"></g></l></v></tfr></token></tokens></sentence></paragraph></paragraphs></text>