<?xml version="1.0" encoding="utf-8"?><text id="1207" parent="226" name="YouTube как путевка в Карнеги-холл"><tags><tag>url:http://www.chaskor.ru/news/youtube_kak_putevka_v_karnegi-holl</tag><tag>Год:2008</tag><tag>Дата:03/12</tag><tag>Тема:ЧасКор:Культура</tag><tag>Тема:ЧасКор:Культура/Музыка</tag></tags><paragraphs><paragraph id="11249"><sentence id="35435"><source>YouTube как путевка в Карнеги-холл</source><tokens><token id="633166" text="YouTube"><tfr rev_id="2474919" t="YouTube"><v><l id="0" t="YouTube"><g v="LATN"></g></l></v></tfr></token><token id="633167" text="как"><tfr rev_id="1465282" t="как"><v><l id="128190" t="как"><g v="CONJ"></g></l></v><v><l id="128191" t="как"><g v="PRCL"></g></l></v><v><l id="128192" t="как"><g v="ADVB"></g><g v="Ques"></g></l></v></tfr></token><token id="633168" text="путевка"><tfr rev_id="1465283" t="путевка"><v><l id="289493" t="путёвка"><g v="NOUN"></g><g v="inan"></g><g v="femn"></g><g v="sing"></g><g v="nomn"></g></l></v></tfr></token><token id="633169" text="в"><tfr rev_id="1465284" t="в"><v><l id="37409" t="в"><g v="PREP"></g></l></v></tfr></token><token id="633170" text="Карнеги-холл"><tfr rev_id="1465285" t="Карнеги-холл"><v><l id="0" t="карнеги-холл"><g v="UNKN"></g></l></v></tfr></token></tokens></sentence><sentence id="35436"><source>Видеохостинг YouTube организовал первый конкурс в интернете для классических музыкантов YouTube Symphony Orchestra.</source><tokens><token id="633171" text="Видеохостинг"><tfr rev_id="3420739" t="Видеохостинг"><v><l id="388958" t="видеохостинг"><g v="NOUN"></g><g v="inan"></g><g v="masc"></g><g v="sing"></g><g v="nomn"></g></l></v><v><l id="388958" t="видеохостинг"><g v="NOUN"></g><g v="inan"></g><g v="masc"></g><g v="sing"></g><g v="accs"></g></l></v></tfr></token><token id="633172" text="YouTube"><tfr rev_id="2474920" t="YouTube"><v><l id="0" t="YouTube"><g v="LATN"></g></l></v></tfr></token><token id="633173" text="организовал"><tfr rev_id="1465288" t="организовал"><v><l id="208757" t="организовал"><g v="VERB"></g><g v="perf"></g><g v="tran"></g><g v="masc"></g><g v="sing"></g><g v="past"></g><g v="indc"></g></l></v><v><l id="208758" t="организую"><g v="VERB"></g><g v="impf"></g><g v="tran"></g><g v="masc"></g><g v="sing"></g><g v="past"></g><g v="indc"></g></l></v></tfr></token><token id="633174" text="первый"><tfr rev_id="2782724" t="первый"><v><l id="226359" t="первый"><g v="ADJF"></g><g v="Anum"></g><g v="inan"></g><g v="masc"></g><g v="sing"></g><g v="accs"></g></l></v></tfr></token><token id="633175" text="конкурс"><tfr rev_id="4105662" t="конкурс"><v><l id="137916" t="конкурс"><g v="NOUN"></g><g v="inan"></g><g v="masc"></g><g v="sing"></g><g v="accs"></g></l></v></tfr></token><token id="633176" text="в"><tfr rev_id="1465291" t="в"><v><l id="37409" t="в"><g v="PREP"></g></l></v></tfr></token><token id="633177" text="интернете"><tfr rev_id="1465292" t="интернете"><v><l id="123255" t="интернет"><g v="NOUN"></g><g v="inan"></g><g v="masc"></g><g v="sing"></g><g v="loct"></g></l></v></tfr></token><token id="633178" text="для"><tfr rev_id="2948536" t="для"><v><l id="85032" t="для"><g v="PREP"></g></l></v></tfr></token><token id="633179" text="классических"><tfr rev_id="2955953" t="классических"><v><l id="133924" t="классический"><g v="ADJF"></g><g v="plur"></g><g v="gent"></g></l></v></tfr></token><token id="633180" text="музыкантов"><tfr rev_id="3547252" t="музыкантов"><v><l id="164809" t="музыкант"><g v="NOUN"></g><g v="anim"></g><g v="masc"></g><g v="plur"></g><g v="gent"></g></l></v></tfr></token><token id="633181" text="YouTube"><tfr rev_id="2474921" t="YouTube"><v><l id="0" t="YouTube"><g v="LATN"></g></l></v></tfr></token><token id="633182" text="Symphony"><tfr rev_id="2474922" t="Symphony"><v><l id="0" t="Symphony"><g v="LATN"></g></l></v></tfr></token><token id="633183" text="Orchestra"><tfr rev_id="2474923" t="Orchestra"><v><l id="0" t="Orchestra"><g v="LATN"></g></l></v></tfr></token><token id="633184" text="."><tfr rev_id="1465299" t="."><v><l id="0" t="."><g v="PNCT"></g></l></v></tfr></token></tokens></sentence></paragraph><paragraph id="11250"><sentence id="35437"><source>Видеохостинг YouTube продолжает удивлять своей предприимчивостью и оригинальными ходами.</source><tokens><token id="633185" text="Видеохостинг"><tfr rev_id="4167920" t="Видеохостинг"><v><l id="388958" t="видеохостинг"><g v="NOUN"></g><g v="inan"></g><g v="masc"></g><g v="sing"></g><g v="nomn"></g></l></v></tfr></token><token id="633186" text="YouTube"><tfr rev_id="2474924" t="YouTube"><v><l id="0" t="YouTube"><g v="LATN"></g></l></v></tfr></token><token id="633187" text="продолжает"><tfr rev_id="1465302" t="продолжает"><v><l id="279215" t="продолжаю"><g v="VERB"></g><g v="impf"></g><g v="tran"></g><g v="sing"></g><g v="3per"></g><g v="pres"></g><g v="indc"></g></l></v></tfr></token><token id="633188" text="удивлять"><tfr rev_id="1465303" t="удивлять"><v><l id="354922" t="удивлять"><g v="INFN"></g><g v="impf"></g><g v="tran"></g></l></v></tfr></token><token id="633189" text="своей"><tfr rev_id="4172977" t="своей"><v><l id="316379" t="свой"><g v="ADJF"></g><g v="Apro"></g><g v="Anph"></g><g v="femn"></g><g v="sing"></g><g v="ablt"></g></l></v></tfr></token><token id="633190" text="предприимчивостью"><tfr rev_id="1465305" t="предприимчивостью"><v><l id="266894" t="предприимчивость"><g v="NOUN"></g><g v="inan"></g><g v="femn"></g><g v="sing"></g><g v="ablt"></g></l></v></tfr></token><token id="633191" text="и"><tfr rev_id="1465306" t="и"><v><l id="116949" t="и"><g v="CONJ"></g></l></v><v><l id="116950" t="и"><g v="INTJ"></g></l></v></tfr></token><token id="633192" text="оригинальными"><tfr rev_id="1465307" t="оригинальными"><v><l id="209029" t="оригинальный"><g v="ADJF"></g><g v="Qual"></g><g v="plur"></g><g v="ablt"></g></l></v></tfr></token><token id="633193" text="ходами"><tfr rev_id="1465308" t="ходами"><v><l id="371078" t="ход"><g v="NOUN"></g><g v="inan"></g><g v="masc"></g><g v="plur"></g><g v="ablt"></g></l></v></tfr></token><token id="633194" text="."><tfr rev_id="1465309" t="."><v><l id="0" t="."><g v="PNCT"></g></l></v></tfr></token></tokens></sentence><sentence id="35438"><source>Вслед за совместными проектами с кинокомпаниями, популярными музыкантами и артистами он придумал развлечение и для классических музыкантов.</source><tokens><token id="633195" text="Вслед"><tfr rev_id="4422703" t="Вслед"><v><l id="53956" t="вслед"><g v="PREP"></g></l></v></tfr></token><token id="633196" text="за"><tfr rev_id="1465311" t="за"><v><l id="98043" t="за"><g v="PREP"></g></l></v></tfr></token><token id="633197" text="совместными"><tfr rev_id="1465312" t="совместными"><v><l id="328115" t="совместный"><g v="ADJF"></g><g v="Qual"></g><g v="plur"></g><g v="ablt"></g></l></v></tfr></token><token id="633198" text="проектами"><tfr rev_id="1465313" t="проектами"><v><l id="279545" t="проект"><g v="NOUN"></g><g v="inan"></g><g v="masc"></g><g v="plur"></g><g v="ablt"></g></l></v></tfr></token><token id="633199" text="с"><tfr rev_id="1465314" t="с"><v><l id="311151" t="с"><g v="PREP"></g></l></v></tfr></token><token id="633200" text="кинокомпаниями"><tfr rev_id="1465315" t="кинокомпаниями"><v><l id="133035" t="кинокомпания"><g v="NOUN"></g><g v="inan"></g><g v="femn"></g><g v="plur"></g><g v="ablt"></g></l></v></tfr></token><token id="633201" text=","><tfr rev_id="1465316" t=","><v><l id="0" t=","><g v="PNCT"></g></l></v></tfr></token><token id="633202" text="популярными"><tfr rev_id="1465317" t="популярными"><v><l id="259762" t="популярный"><g v="ADJF"></g><g v="Qual"></g><g v="plur"></g><g v="ablt"></g></l></v></tfr></token><token id="633203" text="музыкантами"><tfr rev_id="1465318" t="музыкантами"><v><l id="164809" t="музыкант"><g v="NOUN"></g><g v="anim"></g><g v="masc"></g><g v="plur"></g><g v="ablt"></g></l></v></tfr></token><token id="633204" text="и"><tfr rev_id="1465319" t="и"><v><l id="116949" t="и"><g v="CONJ"></g></l></v><v><l id="116950" t="и"><g v="INTJ"></g></l></v></tfr></token><token id="633205" text="артистами"><tfr rev_id="1465320" t="артистами"><v><l id="17421" t="артист"><g v="NOUN"></g><g v="anim"></g><g v="masc"></g><g v="plur"></g><g v="ablt"></g></l></v></tfr></token><token id="633206" text="он"><tfr rev_id="3575664" t="он"><v><l id="206541" t="он"><g v="NPRO"></g><g v="masc"></g><g v="3per"></g><g v="Anph"></g><g v="sing"></g><g v="nomn"></g></l></v></tfr></token><token id="633207" text="придумал"><tfr rev_id="1465322" t="придумал"><v><l id="270270" t="придумал"><g v="VERB"></g><g v="perf"></g><g v="tran"></g><g v="masc"></g><g v="sing"></g><g v="past"></g><g v="indc"></g></l></v></tfr></token><token id="633208" text="развлечение"><tfr rev_id="3555816" t="развлечение"><v><l id="292582" t="развлечение"><g v="NOUN"></g><g v="inan"></g><g v="neut"></g><g v="sing"></g><g v="accs"></g></l></v></tfr></token><token id="633209" text="и"><tfr rev_id="1465324" t="и"><v><l id="116949" t="и"><g v="CONJ"></g></l></v><v><l id="116950" t="и"><g v="INTJ"></g></l></v></tfr></token><token id="633210" text="для"><tfr rev_id="2601891" t="для"><v><l id="85032" t="для"><g v="PREP"></g></l></v></tfr></token><token id="633211" text="классических"><tfr rev_id="3410847" t="классических"><v><l id="133924" t="классический"><g v="ADJF"></g><g v="plur"></g><g v="gent"></g></l></v></tfr></token><token id="633212" text="музыкантов"><tfr rev_id="2866740" t="музыкантов"><v><l id="164809" t="музыкант"><g v="NOUN"></g><g v="anim"></g><g v="masc"></g><g v="plur"></g><g v="gent"></g></l></v></tfr></token><token id="633213" text="."><tfr rev_id="1465328" t="."><v><l id="0" t="."><g v="PNCT"></g></l></v></tfr></token></tokens></sentence><sentence id="35439"><source>Стартовал первый в истории интернета конкурс для классических музыкантов YouTube Symphony Orchestra.</source><tokens><token id="633214" text="Стартовал"><tfr rev_id="1465329" t="Стартовал"><v><l id="334990" t="стартовал"><g v="VERB"></g><g v="perf"></g><g v="intr"></g><g v="masc"></g><g v="sing"></g><g v="past"></g><g v="indc"></g></l></v><v><l id="334991" t="стартую"><g v="VERB"></g><g v="impf"></g><g v="intr"></g><g v="masc"></g><g v="sing"></g><g v="past"></g><g v="indc"></g></l></v></tfr></token><token id="633215" text="первый"><tfr rev_id="1465330" t="первый"><v><l id="226359" t="первый"><g v="ADJF"></g><g v="Anum"></g><g v="masc"></g><g v="sing"></g><g v="nomn"></g></l></v><v><l id="226359" t="первый"><g v="ADJF"></g><g v="Anum"></g><g v="inan"></g><g v="masc"></g><g v="sing"></g><g v="accs"></g></l></v></tfr></token><token id="633216" text="в"><tfr rev_id="1465331" t="в"><v><l id="37409" t="в"><g v="PREP"></g></l></v></tfr></token><token id="633217" text="истории"><tfr rev_id="4313905" t="истории"><v><l id="126437" t="история"><g v="NOUN"></g><g v="inan"></g><g v="femn"></g><g v="sing"></g><g v="loct"></g></l></v></tfr></token><token id="633218" text="интернета"><tfr rev_id="1465333" t="интернета"><v><l id="123255" t="интернет"><g v="NOUN"></g><g v="inan"></g><g v="masc"></g><g v="sing"></g><g v="gent"></g></l></v></tfr></token><token id="633219" text="конкурс"><tfr rev_id="3708229" t="конкурс"><v><l id="137916" t="конкурс"><g v="NOUN"></g><g v="inan"></g><g v="masc"></g><g v="sing"></g><g v="nomn"></g></l></v></tfr></token><token id="633220" text="для"><tfr rev_id="3452587" t="для"><v><l id="85032" t="для"><g v="PREP"></g></l></v></tfr></token><token id="633221" text="классических"><tfr rev_id="4197143" t="классических"><v><l id="133924" t="классический"><g v="ADJF"></g><g v="plur"></g><g v="gent"></g></l></v></tfr></token><token id="633222" text="музыкантов"><tfr rev_id="3502347" t="музыкантов"><v><l id="164809" t="музыкант"><g v="NOUN"></g><g v="anim"></g><g v="masc"></g><g v="plur"></g><g v="gent"></g></l></v></tfr></token><token id="633223" text="YouTube"><tfr rev_id="2474925" t="YouTube"><v><l id="0" t="YouTube"><g v="LATN"></g></l></v></tfr></token><token id="633224" text="Symphony"><tfr rev_id="2474926" t="Symphony"><v><l id="0" t="Symphony"><g v="LATN"></g></l></v></tfr></token><token id="633225" text="Orchestra"><tfr rev_id="2474927" t="Orchestra"><v><l id="0" t="Orchestra"><g v="LATN"></g></l></v></tfr></token><token id="633226" text="."><tfr rev_id="1465341" t="."><v><l id="0" t="."><g v="PNCT"></g></l></v></tfr></token></tokens></sentence><sentence id="35440"><source>Победители выступят в Карнеги-холле в Нью-Йорке.</source><tokens><token id="633227" text="Победители"><tfr rev_id="1465342" t="Победители"><v><l id="241483" t="победитель"><g v="NOUN"></g><g v="anim"></g><g v="masc"></g><g v="plur"></g><g v="nomn"></g></l></v></tfr></token><token id="633228" text="выступят"><tfr rev_id="1465343" t="выступят"><v><l id="62885" t="выступил"><g v="VERB"></g><g v="perf"></g><g v="intr"></g><g v="plur"></g><g v="3per"></g><g v="futr"></g><g v="indc"></g></l></v></tfr></token><token id="633229" text="в"><tfr rev_id="1465344" t="в"><v><l id="37409" t="в"><g v="PREP"></g></l></v></tfr></token><token id="633230" text="Карнеги-холле"><tfr rev_id="1465345" t="Карнеги-холле"><v><l id="0" t="карнеги-холле"><g v="UNKN"></g></l></v></tfr></token><token id="633231" text="в"><tfr rev_id="1465346" t="в"><v><l id="37409" t="в"><g v="PREP"></g></l></v></tfr></token><token id="633232" text="Нью-Йорке"><tfr rev_id="1465347" t="Нью-Йорке"><v><l id="192831" t="нью-йорк"><g v="NOUN"></g><g v="inan"></g><g v="masc"></g><g v="Geox"></g><g v="sing"></g><g v="loct"></g></l></v></tfr></token><token id="633233" text="."><tfr rev_id="1465348" t="."><v><l id="0" t="."><g v="PNCT"></g></l></v></tfr></token></tokens></sentence><sentence id="35441"><source>Конкурсанты должны исполнить партию одного из инструментов в пятиминутном произведении Тан Дуна — китайского композитора, написавшего музыку к фильмам «Крадущийся тигр, затаившийся дракон» и «Герой», а также церемонии открытия Олимпийских игр 2008 года в Пекине.</source><tokens><token id="633234" text="Конкурсанты"><tfr rev_id="1465349" t="Конкурсанты"><v><l id="137917" t="конкурсант"><g v="NOUN"></g><g v="anim"></g><g v="masc"></g><g v="plur"></g><g v="nomn"></g></l></v></tfr></token><token id="633235" text="должны"><tfr rev_id="2559313" t="должны"><v><l id="87975" t="должен"><g v="ADJS"></g><g v="plur"></g></l></v></tfr></token><token id="633236" text="исполнить"><tfr rev_id="1465351" t="исполнить"><v><l id="125369" t="исполнить"><g v="INFN"></g><g v="perf"></g><g v="tran"></g></l></v></tfr></token><token id="633237" text="партию"><tfr rev_id="1465352" t="партию"><v><l id="224431" t="партия"><g v="NOUN"></g><g v="inan"></g><g v="femn"></g><g v="sing"></g><g v="accs"></g></l></v></tfr></token><token id="633238" text="одного"><tfr rev_id="4300613" t="одного"><v><l id="203319" t="один"><g v="ADJF"></g><g v="Apro"></g><g v="Anum"></g><g v="masc"></g><g v="sing"></g><g v="gent"></g></l></v><v><l id="203319" t="один"><g v="ADJF"></g><g v="Apro"></g><g v="Anum"></g><g v="anim"></g><g v="masc"></g><g v="sing"></g><g v="accs"></g></l></v></tfr></token><token id="633239" text="из"><tfr rev_id="2503403" t="из"><v><l id="117677" t="из"><g v="PREP"></g></l></v></tfr></token><token id="633240" text="инструментов"><tfr rev_id="1465355" t="инструментов"><v><l id="122944" t="инструмент"><g v="NOUN"></g><g v="inan"></g><g v="masc"></g><g v="plur"></g><g v="gent"></g></l></v></tfr></token><token id="633241" text="в"><tfr rev_id="1465356" t="в"><v><l id="37409" t="в"><g v="PREP"></g></l></v></tfr></token><token id="633242" text="пятиминутном"><tfr rev_id="4579277" t="пятиминутном"><v><l id="394488" t="пятиминутный"><g v="ADJF"></g><g v="sing"></g><g v="masc"></g><g v="loct"></g></l></v><v><l id="394488" t="пятиминутный"><g v="ADJF"></g><g v="sing"></g><g v="neut"></g><g v="loct"></g></l></v></tfr></token><token id="633243" text="произведении"><tfr rev_id="1465358" t="произведении"><v><l id="280082" t="произведение"><g v="NOUN"></g><g v="inan"></g><g v="neut"></g><g v="sing"></g><g v="loct"></g></l></v></tfr></token><token id="633244" text="Тан"><tfr rev_id="1465359" t="Тан"><v><l id="342882" t="тан"><g v="NOUN"></g><g v="anim"></g><g v="masc"></g><g v="sing"></g><g v="nomn"></g></l></v></tfr></token><token id="633245" text="Дуна"><tfr rev_id="4215014" t="Дуна"><v><l id="93028" t="дун"><g v="NOUN"></g><g v="anim"></g><g v="masc"></g><g v="Name"></g><g v="sing"></g><g v="gent"></g></l></v></tfr></token><token id="633246" text="—"><tfr rev_id="2444826" t="—"><v><l id="0" t="—"><g v="PNCT"></g></l></v></tfr></token><token id="633247" text="китайского"><tfr rev_id="4205636" t="китайского"><v><l id="133647" t="китайский"><g v="ADJF"></g><g v="masc"></g><g v="sing"></g><g v="gent"></g></l></v><v><l id="133647" t="китайский"><g v="ADJF"></g><g v="anim"></g><g v="masc"></g><g v="sing"></g><g v="accs"></g></l></v></tfr></token><token id="633248" text="композитора"><tfr rev_id="4216767" t="композитора"><v><l id="137299" t="композитор"><g v="NOUN"></g><g v="anim"></g><g v="masc"></g><g v="sing"></g><g v="gent"></g></l></v></tfr></token><token id="633249" text=","><tfr rev_id="1465364" t=","><v><l id="0" t=","><g v="PNCT"></g></l></v></tfr></token><token id="633250" text="написавшего"><tfr rev_id="3443187" t="написавшего"><v><l id="173436" t="написавший"><g v="PRTF"></g><g v="perf"></g><g v="tran"></g><g v="past"></g><g v="actv"></g><g v="masc"></g><g v="sing"></g><g v="gent"></g></l></v><v><l id="173436" t="написавший"><g v="PRTF"></g><g v="perf"></g><g v="tran"></g><g v="past"></g><g v="actv"></g><g v="anim"></g><g v="masc"></g><g v="sing"></g><g v="accs"></g></l></v></tfr></token><token id="633251" text="музыку"><tfr rev_id="1465366" t="музыку"><v><l id="164802" t="музыка"><g v="NOUN"></g><g v="inan"></g><g v="femn"></g><g v="sing"></g><g v="accs"></g></l></v></tfr></token><token id="633252" text="к"><tfr rev_id="1465367" t="к"><v><l id="127460" t="к"><g v="PREP"></g></l></v></tfr></token><token id="633253" text="фильмам"><tfr rev_id="1465368" t="фильмам"><v><l id="366005" t="фильм"><g v="NOUN"></g><g v="inan"></g><g v="masc"></g><g v="plur"></g><g v="datv"></g></l></v></tfr></token><token id="633254" text="«"><tfr rev_id="2444827" t="«"><v><l id="0" t="«"><g v="PNCT"></g></l></v></tfr></token><token id="633255" text="Крадущийся"><tfr rev_id="1465370" t="Крадущийся"><v><l id="141483" t="крадущийся"><g v="ADJF"></g><g v="masc"></g><g v="sing"></g><g v="nomn"></g></l></v><v><l id="141483" t="крадущийся"><g v="ADJF"></g><g v="inan"></g><g v="masc"></g><g v="sing"></g><g v="accs"></g></l></v><v><l id="142050" t="крадущийся"><g v="PRTF"></g><g v="impf"></g><g v="intr"></g><g v="pres"></g><g v="actv"></g><g v="masc"></g><g v="sing"></g><g v="nomn"></g></l></v><v><l id="142050" t="крадущийся"><g v="PRTF"></g><g v="impf"></g><g v="intr"></g><g v="pres"></g><g v="actv"></g><g v="inan"></g><g v="masc"></g><g v="sing"></g><g v="accs"></g></l></v></tfr></token><token id="633256" text="тигр"><tfr rev_id="1465371" t="тигр"><v><l id="346083" t="тигр"><g v="NOUN"></g><g v="anim"></g><g v="masc"></g><g v="sing"></g><g v="nomn"></g></l></v></tfr></token><token id="633257" text=","><tfr rev_id="1465372" t=","><v><l id="0" t=","><g v="PNCT"></g></l></v></tfr></token><token id="633258" text="затаившийся"><tfr rev_id="1465373" t="затаившийся"><v><l id="111023" t="затаившийся"><g v="PRTF"></g><g v="perf"></g><g v="intr"></g><g v="past"></g><g v="actv"></g><g v="masc"></g><g v="sing"></g><g v="nomn"></g></l></v><v><l id="111023" t="затаившийся"><g v="PRTF"></g><g v="perf"></g><g v="intr"></g><g v="past"></g><g v="actv"></g><g v="inan"></g><g v="masc"></g><g v="sing"></g><g v="accs"></g></l></v></tfr></token><token id="633259" text="дракон"><tfr rev_id="1465374" t="дракон"><v><l id="91687" t="дракон"><g v="NOUN"></g><g v="anim"></g><g v="masc"></g><g v="sing"></g><g v="nomn"></g></l></v></tfr></token><token id="633260" text="»"><tfr rev_id="2444828" t="»"><v><l id="0" t="»"><g v="PNCT"></g></l></v></tfr></token><token id="633261" text="и"><tfr rev_id="1465376" t="и"><v><l id="116949" t="и"><g v="CONJ"></g></l></v><v><l id="116950" t="и"><g v="INTJ"></g></l></v></tfr></token><token id="633262" text="«"><tfr rev_id="2444829" t="«"><v><l id="0" t="«"><g v="PNCT"></g></l></v></tfr></token><token id="633263" text="Герой"><tfr rev_id="4076992" t="Герой"><v><l id="69212" t="герой"><g v="NOUN"></g><g v="anim"></g><g v="masc"></g><g v="sing"></g><g v="nomn"></g></l></v></tfr></token><token id="633264" text="»"><tfr rev_id="2444830" t="»"><v><l id="0" t="»"><g v="PNCT"></g></l></v></tfr></token><token id="633265" text=","><tfr rev_id="1465380" t=","><v><l id="0" t=","><g v="PNCT"></g></l></v></tfr></token><token id="633266" text="а"><tfr rev_id="3411373" t="а"><v><l id="51" t="а"><g v="CONJ"></g></l></v></tfr></token><token id="633267" text="также"><tfr rev_id="4267770" t="также"><v><l id="342482" t="также"><g v="PRCL"></g></l></v></tfr></token><token id="633268" text="церемонии"><tfr rev_id="4261960" t="церемонии"><v><l id="373652" t="церемония"><g v="NOUN"></g><g v="inan"></g><g v="femn"></g><g v="sing"></g><g v="datv"></g></l></v></tfr></token><token id="633269" text="открытия"><tfr rev_id="3483259" t="открытия"><v><l id="214745" t="открытие"><g v="NOUN"></g><g v="inan"></g><g v="neut"></g><g v="sing"></g><g v="gent"></g></l></v></tfr></token><token id="633270" text="Олимпийских"><tfr rev_id="4095891" t="Олимпийских"><v><l id="206115" t="олимпийский"><g v="ADJF"></g><g v="plur"></g><g v="gent"></g></l></v></tfr></token><token id="633271" text="игр"><tfr rev_id="1465386" t="игр"><v><l id="117293" t="игра"><g v="NOUN"></g><g v="inan"></g><g v="femn"></g><g v="plur"></g><g v="gent"></g></l></v></tfr></token><token id="633272" text="2008"><tfr rev_id="2462043" t="2008"><v><l id="0" t="2008"><g v="NUMB"></g></l></v></tfr></token><token id="633273" text="года"><tfr rev_id="3476921" t="года"><v><l id="72149" t="год"><g v="NOUN"></g><g v="inan"></g><g v="masc"></g><g v="sing"></g><g v="gen1"></g></l></v></tfr></token><token id="633274" text="в"><tfr rev_id="1465389" t="в"><v><l id="37409" t="в"><g v="PREP"></g></l></v></tfr></token><token id="633275" text="Пекине"><tfr rev_id="1465390" t="Пекине"><v><l id="225746" t="пекин"><g v="NOUN"></g><g v="inan"></g><g v="masc"></g><g v="Geox"></g><g v="sing"></g><g v="loct"></g></l></v></tfr></token><token id="633276" text="."><tfr rev_id="1465391" t="."><v><l id="0" t="."><g v="PNCT"></g></l></v></tfr></token></tokens></sentence><sentence id="35442"><source>Проект осуществлен при поддержке Лондонского симфонического оркестра, Майкла Тилсона Томаса, музыкального директора Симфонического оркестра Сан-Франциско и арт-директора Симфонического оркестра Нового Света.</source><tokens><token id="633277" text="Проект"><tfr rev_id="4233326" t="Проект"><v><l id="279545" t="проект"><g v="NOUN"></g><g v="inan"></g><g v="masc"></g><g v="sing"></g><g v="nomn"></g></l></v></tfr></token><token id="633278" text="осуществлен"><tfr rev_id="1465393" t="осуществлен"><v><l id="211532" t="осуществлён"><g v="PRTS"></g><g v="perf"></g><g v="past"></g><g v="pssv"></g><g v="masc"></g><g v="sing"></g></l></v></tfr></token><token id="633279" text="при"><tfr rev_id="2601244" t="при"><v><l id="268625" t="при"><g v="PREP"></g></l></v></tfr></token><token id="633280" text="поддержке"><tfr rev_id="2737407" t="поддержке"><v><l id="245415" t="поддержка"><g v="NOUN"></g><g v="inan"></g><g v="femn"></g><g v="sing"></g><g v="loct"></g></l></v></tfr></token><token id="633281" text="Лондонского"><tfr rev_id="3408134" t="Лондонского"><v><l id="150832" t="лондонский"><g v="ADJF"></g><g v="masc"></g><g v="sing"></g><g v="gent"></g></l></v><v><l id="150832" t="лондонский"><g v="ADJF"></g><g v="anim"></g><g v="masc"></g><g v="sing"></g><g v="accs"></g></l></v></tfr></token><token id="633282" text="симфонического"><tfr rev_id="3453933" t="симфонического"><v><l id="320795" t="симфонический"><g v="ADJF"></g><g v="masc"></g><g v="sing"></g><g v="gent"></g></l></v><v><l id="320795" t="симфонический"><g v="ADJF"></g><g v="anim"></g><g v="masc"></g><g v="sing"></g><g v="accs"></g></l></v></tfr></token><token id="633283" text="оркестра"><tfr rev_id="1465398" t="оркестра"><v><l id="209091" t="оркестр"><g v="NOUN"></g><g v="inan"></g><g v="masc"></g><g v="sing"></g><g v="gent"></g></l></v></tfr></token><token id="633284" text=","><tfr rev_id="1465399" t=","><v><l id="0" t=","><g v="PNCT"></g></l></v></tfr></token><token id="633285" text="Майкла"><tfr rev_id="3721667" t="Майкла"><v><l id="153172" t="майкл"><g v="NOUN"></g><g v="anim"></g><g v="masc"></g><g v="Name"></g><g v="sing"></g><g v="gent"></g></l></v></tfr></token><token id="633286" text="Тилсона"><tfr rev_id="1465401" t="Тилсона"><v><l id="0" t="тилсона"><g v="UNKN"></g></l></v></tfr></token><token id="633287" text="Томаса"><tfr rev_id="4397355" t="Томаса"><v><l id="347423" t="томас"><g v="NOUN"></g><g v="anim"></g><g v="masc"></g><g v="Name"></g><g v="sing"></g><g v="gent"></g></l></v></tfr></token><token id="633288" text=","><tfr rev_id="1465403" t=","><v><l id="0" t=","><g v="PNCT"></g></l></v></tfr></token><token id="633289" text="музыкального"><tfr rev_id="4448684" t="музыкального"><v><l id="164805" t="музыкальный"><g v="ADJF"></g><g v="Qual"></g><g v="masc"></g><g v="sing"></g><g v="gent"></g></l></v></tfr></token><token id="633290" text="директора"><tfr rev_id="4356514" t="директора"><v><l id="84214" t="директор"><g v="NOUN"></g><g v="anim"></g><g v="masc"></g><g v="sing"></g><g v="gent"></g></l></v></tfr></token><token id="633291" text="Симфонического"><tfr rev_id="3448980" t="Симфонического"><v><l id="320795" t="симфонический"><g v="ADJF"></g><g v="masc"></g><g v="sing"></g><g v="gent"></g></l></v><v><l id="320795" t="симфонический"><g v="ADJF"></g><g v="anim"></g><g v="masc"></g><g v="sing"></g><g v="accs"></g></l></v></tfr></token><token id="633292" text="оркестра"><tfr rev_id="1465407" t="оркестра"><v><l id="209091" t="оркестр"><g v="NOUN"></g><g v="inan"></g><g v="masc"></g><g v="sing"></g><g v="gent"></g></l></v></tfr></token><token id="633293" text="Сан-Франциско"><tfr rev_id="3489327" t="Сан-Франциско"><v><l id="313189" t="сан-франциско"><g v="NOUN"></g><g v="inan"></g><g v="masc"></g><g v="Sgtm"></g><g v="Fixd"></g><g v="Geox"></g><g v="sing"></g><g v="gent"></g></l></v></tfr></token><token id="633294" text="и"><tfr rev_id="1465409" t="и"><v><l id="116949" t="и"><g v="CONJ"></g></l></v><v><l id="116950" t="и"><g v="INTJ"></g></l></v></tfr></token><token id="633295" text="арт-директора"><tfr rev_id="4540756" t="арт-директора"><v><l id="393020" t="арт-директор"><g v="NOUN"></g><g v="anim"></g><g v="masc"></g><g v="plur"></g><g v="nomn"></g></l></v><v><l id="393020" t="арт-директор"><g v="NOUN"></g><g v="anim"></g><g v="masc"></g><g v="sing"></g><g v="accs"></g></l></v><v><l id="393020" t="арт-директор"><g v="NOUN"></g><g v="anim"></g><g v="masc"></g><g v="sing"></g><g v="gent"></g></l></v></tfr></token><token id="633296" text="Симфонического"><tfr rev_id="3454754" t="Симфонического"><v><l id="320795" t="симфонический"><g v="ADJF"></g><g v="masc"></g><g v="sing"></g><g v="gent"></g></l></v><v><l id="320795" t="симфонический"><g v="ADJF"></g><g v="anim"></g><g v="masc"></g><g v="sing"></g><g v="accs"></g></l></v></tfr></token><token id="633297" text="оркестра"><tfr rev_id="1465412" t="оркестра"><v><l id="209091" t="оркестр"><g v="NOUN"></g><g v="inan"></g><g v="masc"></g><g v="sing"></g><g v="gent"></g></l></v></tfr></token><token id="633298" text="Нового"><tfr rev_id="4309854" t="Нового"><v><l id="191918" t="новый"><g v="ADJF"></g><g v="Qual"></g><g v="masc"></g><g v="sing"></g><g v="gent"></g></l></v><v><l id="191918" t="новый"><g v="ADJF"></g><g v="Qual"></g><g v="anim"></g><g v="masc"></g><g v="sing"></g><g v="accs"></g></l></v></tfr></token><token id="633299" text="Света"><tfr rev_id="3493074" t="Света"><v><l id="315472" t="свет"><g v="NOUN"></g><g v="inan"></g><g v="masc"></g><g v="Sgtm"></g><g v="sing"></g><g v="gen1"></g></l></v></tfr></token><token id="633300" text="."><tfr rev_id="1465415" t="."><v><l id="0" t="."><g v="PNCT"></g></l></v></tfr></token></tokens></sentence><sentence id="35443"><source>Композиция Тан Дуна носит название «Интернет-симфония № 1. Героическая».</source><tokens><token id="633301" text="Композиция"><tfr rev_id="1465416" t="Композиция"><v><l id="137305" t="композиция"><g v="NOUN"></g><g v="inan"></g><g v="femn"></g><g v="sing"></g><g v="nomn"></g></l></v></tfr></token><token id="633302" text="Тан"><tfr rev_id="4413750" t="Тан"><v><l id="0" t="Тан"><g v="UNKN"></g></l></v></tfr></token><token id="633303" text="Дуна"><tfr rev_id="2826971" t="Дуна"><v><l id="93028" t="дун"><g v="NOUN"></g><g v="anim"></g><g v="masc"></g><g v="Name"></g><g v="sing"></g><g v="gent"></g></l></v></tfr></token><token id="633304" text="носит"><tfr rev_id="1465419" t="носит"><v><l id="192322" t="ношу"><g v="VERB"></g><g v="impf"></g><g v="tran"></g><g v="sing"></g><g v="3per"></g><g v="pres"></g><g v="indc"></g></l></v></tfr></token><token id="633305" text="название"><tfr rev_id="3679036" t="название"><v><l id="170336" t="название"><g v="NOUN"></g><g v="inan"></g><g v="neut"></g><g v="sing"></g><g v="accs"></g></l></v></tfr></token><token id="633306" text="«"><tfr rev_id="2444831" t="«"><v><l id="0" t="«"><g v="PNCT"></g></l></v></tfr></token><token id="633307" text="Интернет-симфония"><tfr rev_id="4543053" t="Интернет-симфония"><v><l id="393518" t="интернет-симфония"><g v="NOUN"></g><g v="inan"></g><g v="femn"></g><g v="sing"></g><g v="nomn"></g></l></v></tfr></token><token id="633308" text="№"><tfr rev_id="4334339" t="№"><v><l id="0" t="№"><g v="SYMB"></g></l></v></tfr></token><token id="633309" text="1"><tfr rev_id="2462044" t="1"><v><l id="0" t="1"><g v="NUMB"></g></l></v></tfr></token><token id="633310" text="."><tfr rev_id="1465425" t="."><v><l id="0" t="."><g v="PNCT"></g></l></v></tfr></token><token id="633311" text="Героическая"><tfr rev_id="1465426" t="Героическая"><v><l id="69211" t="героический"><g v="ADJF"></g><g v="femn"></g><g v="sing"></g><g v="nomn"></g></l></v></tfr></token><token id="633312" text="»"><tfr rev_id="2444832" t="»"><v><l id="0" t="»"><g v="PNCT"></g></l></v></tfr></token><token id="633313" text="."><tfr rev_id="1465428" t="."><v><l id="0" t="."><g v="PNCT"></g></l></v></tfr></token></tokens></sentence><sentence id="35444"><source>Она сочетает в себе тему из симфонии Бетховена с перкуссией и партиями струнных, сделанных в стиле саундтрека к фильму.</source><tokens><token id="633314" text="Она"><tfr rev_id="3586512" t="Она"><v><l id="206544" t="она"><g v="NPRO"></g><g v="femn"></g><g v="3per"></g><g v="Anph"></g><g v="sing"></g><g v="nomn"></g></l></v></tfr></token><token id="633315" text="сочетает"><tfr rev_id="1465430" t="сочетает"><v><l id="331104" t="сочетал"><g v="VERB"></g><g v="perf"></g><g v="tran"></g><g v="sing"></g><g v="3per"></g><g v="futr"></g><g v="indc"></g></l></v><v><l id="331105" t="сочетаю"><g v="VERB"></g><g v="impf"></g><g v="tran"></g><g v="sing"></g><g v="3per"></g><g v="pres"></g><g v="indc"></g></l></v></tfr></token><token id="633316" text="в"><tfr rev_id="1465431" t="в"><v><l id="37409" t="в"><g v="PREP"></g></l></v></tfr></token><token id="633317" text="себе"><tfr rev_id="4398069" t="себе"><v><l id="317456" t="себя"><g v="NPRO"></g><g v="Anph"></g><g v="sing"></g><g v="loct"></g></l></v></tfr></token><token id="633318" text="тему"><tfr rev_id="1465433" t="тему"><v><l id="344450" t="тема"><g v="NOUN"></g><g v="inan"></g><g v="femn"></g><g v="sing"></g><g v="accs"></g></l></v></tfr></token><token id="633319" text="из"><tfr rev_id="2503283" t="из"><v><l id="117677" t="из"><g v="PREP"></g></l></v></tfr></token><token id="633320" text="симфонии"><tfr rev_id="4177235" t="симфонии"><v><l id="320799" t="симфония"><g v="NOUN"></g><g v="inan"></g><g v="femn"></g><g v="sing"></g><g v="gent"></g></l></v></tfr></token><token id="633321" text="Бетховена"><tfr rev_id="3886765" t="Бетховена"><v><l id="29195" t="бетховен"><g v="NOUN"></g><g v="anim"></g><g v="masc"></g><g v="Sgtm"></g><g v="Surn"></g><g v="sing"></g><g v="gent"></g></l></v></tfr></token><token id="633322" text="с"><tfr rev_id="1465437" t="с"><v><l id="311151" t="с"><g v="PREP"></g></l></v></tfr></token><token id="633323" text="перкуссией"><tfr rev_id="1465438" t="перкуссией"><v><l id="237262" t="перкуссия"><g v="NOUN"></g><g v="inan"></g><g v="femn"></g><g v="sing"></g><g v="ablt"></g></l></v></tfr></token><token id="633324" text="и"><tfr rev_id="1465439" t="и"><v><l id="116949" t="и"><g v="CONJ"></g></l></v><v><l id="116950" t="и"><g v="INTJ"></g></l></v></tfr></token><token id="633325" text="партиями"><tfr rev_id="1465440" t="партиями"><v><l id="224431" t="партия"><g v="NOUN"></g><g v="inan"></g><g v="femn"></g><g v="plur"></g><g v="ablt"></g></l></v></tfr></token><token id="633326" text="струнных"><tfr rev_id="4356861" t="струнных"><v><l id="338057" t="струнный"><g v="ADJF"></g><g v="Qual"></g><g v="plur"></g><g v="gent"></g></l></v></tfr></token><token id="633327" text=","><tfr rev_id="1465442" t=","><v><l id="0" t=","><g v="PNCT"></g></l></v></tfr></token><token id="633328" text="сделанных"><tfr rev_id="1465443" t="сделанных"><v><l id="317249" t="сделанный"><g v="PRTF"></g><g v="perf"></g><g v="tran"></g><g v="past"></g><g v="pssv"></g><g v="plur"></g><g v="gent"></g></l></v><v><l id="317249" t="сделанный"><g v="PRTF"></g><g v="perf"></g><g v="tran"></g><g v="past"></g><g v="pssv"></g><g v="anim"></g><g v="plur"></g><g v="accs"></g></l></v><v><l id="317249" t="сделанный"><g v="PRTF"></g><g v="perf"></g><g v="tran"></g><g v="past"></g><g v="pssv"></g><g v="plur"></g><g v="loct"></g></l></v></tfr></token><token id="633329" text="в"><tfr rev_id="1465444" t="в"><v><l id="37409" t="в"><g v="PREP"></g></l></v></tfr></token><token id="633330" text="стиле"><tfr rev_id="1465445" t="стиле"><v><l id="336195" t="стиль"><g v="NOUN"></g><g v="inan"></g><g v="masc"></g><g v="sing"></g><g v="loct"></g></l></v></tfr></token><token id="633331" text="саундтрека"><tfr rev_id="1465446" t="саундтрека"><v><l id="313895" t="саундтрек"><g v="NOUN"></g><g v="inan"></g><g v="masc"></g><g v="sing"></g><g v="gent"></g></l></v></tfr></token><token id="633332" text="к"><tfr rev_id="1465447" t="к"><v><l id="127460" t="к"><g v="PREP"></g></l></v></tfr></token><token id="633333" text="фильму"><tfr rev_id="1465448" t="фильму"><v><l id="366005" t="фильм"><g v="NOUN"></g><g v="inan"></g><g v="masc"></g><g v="sing"></g><g v="datv"></g></l></v></tfr></token><token id="633334" text="."><tfr rev_id="1465449" t="."><v><l id="0" t="."><g v="PNCT"></g></l></v></tfr></token></tokens></sentence><sentence id="35445"><source>Ноты выложены на специальной страничке  YouTube.</source><tokens><token id="633335" text="Ноты"><tfr rev_id="3761928" t="Ноты"><v><l id="192377" t="нота"><g v="NOUN"></g><g v="inan"></g><g v="femn"></g><g v="plur"></g><g v="nomn"></g></l></v></tfr></token><token id="633336" text="выложены"><tfr rev_id="1465451" t="выложены"><v><l id="59037" t="выложен"><g v="PRTS"></g><g v="perf"></g><g v="past"></g><g v="pssv"></g><g v="plur"></g></l></v></tfr></token><token id="633337" text="на"><tfr rev_id="3394105" t="на"><v><l id="166264" t="на"><g v="PREP"></g></l></v></tfr></token><token id="633338" text="специальной"><tfr rev_id="4173218" t="специальной"><v><l id="331875" t="специальный"><g v="ADJF"></g><g v="femn"></g><g v="sing"></g><g v="loct"></g></l></v></tfr></token><token id="633339" text="страничке"><tfr rev_id="3555003" t="страничке"><v><l id="337103" t="страничка"><g v="NOUN"></g><g v="inan"></g><g v="femn"></g><g v="sing"></g><g v="loct"></g></l></v></tfr></token><token id="633340" text="YouTube"><tfr rev_id="2474928" t="YouTube"><v><l id="0" t="YouTube"><g v="LATN"></g></l></v></tfr></token><token id="633341" text="."><tfr rev_id="1465456" t="."><v><l id="0" t="."><g v="PNCT"></g></l></v></tfr></token></tokens></sentence><sentence id="35446"><source>Исполнение нужно снять на видео и выложить для всеобщего рассмотрения до 28 января.</source><tokens><token id="633342" text="Исполнение"><tfr rev_id="1465457" t="Исполнение"><v><l id="125355" t="исполнение"><g v="NOUN"></g><g v="inan"></g><g v="neut"></g><g v="sing"></g><g v="nomn"></g></l></v><v><l id="125355" t="исполнение"><g v="NOUN"></g><g v="inan"></g><g v="neut"></g><g v="sing"></g><g v="accs"></g></l></v></tfr></token><token id="633343" text="нужно"><tfr rev_id="1465458" t="нужно"><v><l id="192579" t="нужно"><g v="PRED"></g><g v="pres"></g></l></v><v><l id="192584" t="нужен"><g v="ADJS"></g><g v="Qual"></g><g v="neut"></g><g v="sing"></g></l></v></tfr></token><token id="633344" text="снять"><tfr rev_id="1465459" t="снять"><v><l id="327594" t="снять"><g v="INFN"></g><g v="perf"></g><g v="tran"></g></l></v></tfr></token><token id="633345" text="на"><tfr rev_id="3475420" t="на"><v><l id="166264" t="на"><g v="PREP"></g></l></v></tfr></token><token id="633346" text="видео"><tfr rev_id="4153081" t="видео"><v><l id="44466" t="видео"><g v="NOUN"></g><g v="inan"></g><g v="neut"></g><g v="Fixd"></g><g v="sing"></g><g v="accs"></g></l></v></tfr></token><token id="633347" text="и"><tfr rev_id="3542269" t="и"><v><l id="116949" t="и"><g v="CONJ"></g></l></v></tfr></token><token id="633348" text="выложить"><tfr rev_id="1465463" t="выложить"><v><l id="59034" t="выложить"><g v="INFN"></g><g v="perf"></g><g v="tran"></g></l></v></tfr></token><token id="633349" text="для"><tfr rev_id="2922746" t="для"><v><l id="85032" t="для"><g v="PREP"></g></l></v></tfr></token><token id="633350" text="всеобщего"><tfr rev_id="4167643" t="всеобщего"><v><l id="53471" t="всеобщий"><g v="ADJF"></g><g v="neut"></g><g v="sing"></g><g v="gent"></g></l></v></tfr></token><token id="633351" text="рассмотрения"><tfr rev_id="3457782" t="рассмотрения"><v><l id="301146" t="рассмотрение"><g v="NOUN"></g><g v="inan"></g><g v="neut"></g><g v="sing"></g><g v="gent"></g></l></v></tfr></token><token id="633352" text="до"><tfr rev_id="1465467" t="до"><v><l id="85153" t="до"><g v="PREP"></g></l></v></tfr></token><token id="633353" text="28"><tfr rev_id="2462045" t="28"><v><l id="0" t="28"><g v="NUMB"></g></l></v></tfr></token><token id="633354" text="января"><tfr rev_id="1465469" t="января"><v><l id="387905" t="январь"><g v="NOUN"></g><g v="inan"></g><g v="masc"></g><g v="sing"></g><g v="gent"></g></l></v></tfr></token><token id="633355" text="."><tfr rev_id="1465470" t="."><v><l id="0" t="."><g v="PNCT"></g></l></v></tfr></token></tokens></sentence><sentence id="35447"><source>Лауреатов объявят в апреле 2009 года.</source><tokens><token id="633356" text="Лауреатов"><tfr rev_id="2367264" t="Лауреатов"><v><l id="147174" t="лауреат"><g v="NOUN"></g><g v="anim"></g><g v="masc"></g><g v="plur"></g><g v="accs"></g></l></v></tfr></token><token id="633357" text="объявят"><tfr rev_id="1465472" t="объявят"><v><l id="201891" t="объявил"><g v="VERB"></g><g v="perf"></g><g v="tran"></g><g v="plur"></g><g v="3per"></g><g v="futr"></g><g v="indc"></g></l></v></tfr></token><token id="633358" text="в"><tfr rev_id="1465473" t="в"><v><l id="37409" t="в"><g v="PREP"></g></l></v></tfr></token><token id="633359" text="апреле"><tfr rev_id="1465474" t="апреле"><v><l id="15509" t="апрель"><g v="NOUN"></g><g v="inan"></g><g v="masc"></g><g v="sing"></g><g v="loct"></g></l></v></tfr></token><token id="633360" text="2009"><tfr rev_id="2462046" t="2009"><v><l id="0" t="2009"><g v="NUMB"></g></l></v></tfr></token><token id="633361" text="года"><tfr rev_id="3467036" t="года"><v><l id="72149" t="год"><g v="NOUN"></g><g v="inan"></g><g v="masc"></g><g v="sing"></g><g v="gen1"></g></l></v></tfr></token><token id="633362" text="."><tfr rev_id="1465477" t="."><v><l id="0" t="."><g v="PNCT"></g></l></v></tfr></token></tokens></sentence><sentence id="35448"><source>Победители, где бы они ни проживали, будут приглашены в Нью-Йорк на трехдневный «саммит интернет-музыкантов», где совместно исполнят «Интернет-симфонию № 1» на сцене Карнеги-холла.</source><tokens><token id="633363" text="Победители"><tfr rev_id="1465478" t="Победители"><v><l id="241483" t="победитель"><g v="NOUN"></g><g v="anim"></g><g v="masc"></g><g v="plur"></g><g v="nomn"></g></l></v></tfr></token><token id="633364" text=","><tfr rev_id="1465479" t=","><v><l id="0" t=","><g v="PNCT"></g></l></v></tfr></token><token id="633365" text="где"><tfr rev_id="2636472" t="где"><v><l id="67984" t="где"><g v="ADVB"></g><g v="Ques"></g></l></v><v><l id="388669" t="где"><g v="CONJ"></g></l></v></tfr></token><token id="633366" text="бы"><tfr rev_id="1465481" t="бы"><v><l id="36985" t="бы"><g v="PRCL"></g></l></v></tfr></token><token id="633367" text="они"><tfr rev_id="3599404" t="они"><v><l id="206619" t="они"><g v="NPRO"></g><g v="3per"></g><g v="Anph"></g><g v="plur"></g><g v="nomn"></g></l></v></tfr></token><token id="633368" text="ни"><tfr rev_id="1465483" t="ни"><v><l id="190307" t="ни"><g v="CONJ"></g></l></v><v><l id="190308" t="ни"><g v="PRCL"></g></l></v></tfr></token><token id="633369" text="проживали"><tfr rev_id="1465484" t="проживали"><v><l id="279718" t="проживаю"><g v="VERB"></g><g v="impf"></g><g v="tran"></g><g v="plur"></g><g v="past"></g><g v="indc"></g></l></v><v><l id="279725" t="проживаю"><g v="VERB"></g><g v="impf"></g><g v="intr"></g><g v="plur"></g><g v="past"></g><g v="indc"></g></l></v></tfr></token><token id="633370" text=","><tfr rev_id="1465485" t=","><v><l id="0" t=","><g v="PNCT"></g></l></v></tfr></token><token id="633371" text="будут"><tfr rev_id="1465486" t="будут"><v><l id="37265" t="есть"><g v="VERB"></g><g v="impf"></g><g v="intr"></g><g v="plur"></g><g v="3per"></g><g v="futr"></g><g v="indc"></g></l></v></tfr></token><token id="633372" text="приглашены"><tfr rev_id="1465487" t="приглашены"><v><l id="269729" t="приглашён"><g v="PRTS"></g><g v="perf"></g><g v="past"></g><g v="pssv"></g><g v="plur"></g></l></v></tfr></token><token id="633373" text="в"><tfr rev_id="1465488" t="в"><v><l id="37409" t="в"><g v="PREP"></g></l></v></tfr></token><token id="633374" text="Нью-Йорк"><tfr rev_id="1465489" t="Нью-Йорк"><v><l id="192831" t="нью-йорк"><g v="NOUN"></g><g v="inan"></g><g v="masc"></g><g v="Geox"></g><g v="sing"></g><g v="nomn"></g></l></v><v><l id="192831" t="нью-йорк"><g v="NOUN"></g><g v="inan"></g><g v="masc"></g><g v="Geox"></g><g v="sing"></g><g v="accs"></g></l></v></tfr></token><token id="633375" text="на"><tfr rev_id="3336536" t="на"><v><l id="166264" t="на"><g v="PREP"></g></l></v></tfr></token><token id="633376" text="трехдневный"><tfr rev_id="3813952" t="трехдневный"><v><l id="390106" t="трёхдневный"><g v="ADJF"></g><g v="inan"></g><g v="masc"></g><g v="sing"></g><g v="accs"></g></l></v><v><l id="390106" t="трёхдневный"><g v="ADJF"></g><g v="masc"></g><g v="sing"></g><g v="nomn"></g></l></v></tfr></token><token id="633377" text="«"><tfr rev_id="2444833" t="«"><v><l id="0" t="«"><g v="PNCT"></g></l></v></tfr></token><token id="633378" text="саммит"><tfr rev_id="1465493" t="саммит"><v><l id="312155" t="саммит"><g v="NOUN"></g><g v="inan"></g><g v="masc"></g><g v="sing"></g><g v="nomn"></g></l></v><v><l id="312155" t="саммит"><g v="NOUN"></g><g v="inan"></g><g v="masc"></g><g v="sing"></g><g v="accs"></g></l></v></tfr></token><token id="633379" text="интернет-музыкантов"><tfr rev_id="1465494" t="интернет-музыкантов"><v><l id="0" t="интернет-музыкантов"><g v="UNKN"></g></l></v></tfr></token><token id="633380" text="»"><tfr rev_id="2444834" t="»"><v><l id="0" t="»"><g v="PNCT"></g></l></v></tfr></token><token id="633381" text=","><tfr rev_id="1465496" t=","><v><l id="0" t=","><g v="PNCT"></g></l></v></tfr></token><token id="633382" text="где"><tfr rev_id="2636473" t="где"><v><l id="67984" t="где"><g v="ADVB"></g><g v="Ques"></g></l></v><v><l id="388669" t="где"><g v="CONJ"></g></l></v></tfr></token><token id="633383" text="совместно"><tfr rev_id="3880929" t="совместно"><v><l id="328111" t="совместно"><g v="ADVB"></g><g v="Prdx"></g></l></v></tfr></token><token id="633384" text="исполнят"><tfr rev_id="1465499" t="исполнят"><v><l id="125368" t="исполнил"><g v="VERB"></g><g v="perf"></g><g v="tran"></g><g v="plur"></g><g v="3per"></g><g v="futr"></g><g v="indc"></g></l></v></tfr></token><token id="633385" text="«"><tfr rev_id="2444835" t="«"><v><l id="0" t="«"><g v="PNCT"></g></l></v></tfr></token><token id="633386" text="Интернет-симфонию"><tfr rev_id="4543054" t="Интернет-симфонию"><v><l id="393518" t="интернет-симфония"><g v="NOUN"></g><g v="inan"></g><g v="femn"></g><g v="sing"></g><g v="accs"></g></l></v></tfr></token><token id="633387" text="№"><tfr rev_id="4334340" t="№"><v><l id="0" t="№"><g v="SYMB"></g></l></v></tfr></token><token id="633388" text="1"><tfr rev_id="2462047" t="1"><v><l id="0" t="1"><g v="NUMB"></g></l></v></tfr></token><token id="633389" text="»"><tfr rev_id="2444836" t="»"><v><l id="0" t="»"><g v="PNCT"></g></l></v></tfr></token><token id="633390" text="на"><tfr rev_id="3342136" t="на"><v><l id="166264" t="на"><g v="PREP"></g></l></v></tfr></token><token id="633391" text="сцене"><tfr rev_id="3446867" t="сцене"><v><l id="341041" t="сцена"><g v="NOUN"></g><g v="inan"></g><g v="femn"></g><g v="sing"></g><g v="loct"></g></l></v></tfr></token><token id="633392" text="Карнеги-холла"><tfr rev_id="1465507" t="Карнеги-холла"><v><l id="0" t="карнеги-холла"><g v="UNKN"></g></l></v></tfr></token><token id="633393" text="."><tfr rev_id="1465508" t="."><v><l id="0" t="."><g v="PNCT"></g></l></v></tfr></token></tokens></sentence><sentence id="35449"><source>Из роликов победителей будет составлена Симфония YouTube, которую выложат на сайте.</source><tokens><token id="633394" text="Из"><tfr rev_id="2602673" t="Из"><v><l id="117677" t="из"><g v="PREP"></g></l></v></tfr></token><token id="633395" text="роликов"><tfr rev_id="2703106" t="роликов"><v><l id="308773" t="ролик"><g v="NOUN"></g><g v="inan"></g><g v="masc"></g><g v="plur"></g><g v="gent"></g></l></v></tfr></token><token id="633396" text="победителей"><tfr rev_id="3310084" t="победителей"><v><l id="241483" t="победитель"><g v="NOUN"></g><g v="anim"></g><g v="masc"></g><g v="plur"></g><g v="gent"></g></l></v></tfr></token><token id="633397" text="будет"><tfr rev_id="1465512" t="будет"><v><l id="37265" t="есть"><g v="VERB"></g><g v="impf"></g><g v="intr"></g><g v="sing"></g><g v="3per"></g><g v="futr"></g><g v="indc"></g></l></v></tfr></token><token id="633398" text="составлена"><tfr rev_id="1465513" t="составлена"><v><l id="330487" t="составлен"><g v="PRTS"></g><g v="perf"></g><g v="past"></g><g v="pssv"></g><g v="femn"></g><g v="sing"></g></l></v></tfr></token><token id="633399" text="Симфония"><tfr rev_id="1465514" t="Симфония"><v><l id="320799" t="симфония"><g v="NOUN"></g><g v="inan"></g><g v="femn"></g><g v="sing"></g><g v="nomn"></g></l></v></tfr></token><token id="633400" text="YouTube"><tfr rev_id="2474929" t="YouTube"><v><l id="0" t="YouTube"><g v="LATN"></g></l></v></tfr></token><token id="633401" text=","><tfr rev_id="1465516" t=","><v><l id="0" t=","><g v="PNCT"></g></l></v></tfr></token><token id="633402" text="которую"><tfr rev_id="3641066" t="которую"><v><l id="141203" t="который"><g v="ADJF"></g><g v="Apro"></g><g v="Subx"></g><g v="Anph"></g><g v="femn"></g><g v="sing"></g><g v="accs"></g></l></v></tfr></token><token id="633403" text="выложат"><tfr rev_id="1465518" t="выложат"><v><l id="59033" t="выложил"><g v="VERB"></g><g v="perf"></g><g v="tran"></g><g v="plur"></g><g v="3per"></g><g v="futr"></g><g v="indc"></g></l></v></tfr></token><token id="633404" text="на"><tfr rev_id="3345990" t="на"><v><l id="166264" t="на"><g v="PREP"></g></l></v></tfr></token><token id="633405" text="сайте"><tfr rev_id="1465520" t="сайте"><v><l id="311674" t="сайт"><g v="NOUN"></g><g v="inan"></g><g v="masc"></g><g v="sing"></g><g v="loct"></g></l></v></tfr></token><token id="633406" text="."><tfr rev_id="1465521" t="."><v><l id="0" t="."><g v="PNCT"></g></l></v></tfr></token></tokens></sentence></paragraph></paragraphs></text>