<?xml version="1.0" encoding="utf-8"?><text id="1211" parent="226" name="Верховный суд защитил свободу слова"><tags><tag>url:http://www.chaskor.ru/news/verhovnyj_sud_zashchitil_svobodu_slova</tag><tag>Год:2010</tag><tag>Дата:20/09</tag><tag>Тема:ЧасКор:Медиа</tag><tag>Тема:ЧасКор:Медиа/Информационное право</tag></tags><paragraphs><paragraph id="11258"><sentence id="35484"><source>Верховный суд защитил свободу слова</source><tokens><token id="634095" text="Верховный"><tfr rev_id="1466210" t="Верховный"><v><l id="41800" t="верховный"><g v="ADJF"></g><g v="Qual"></g><g v="masc"></g><g v="sing"></g><g v="nomn"></g></l></v><v><l id="41800" t="верховный"><g v="ADJF"></g><g v="Qual"></g><g v="inan"></g><g v="masc"></g><g v="sing"></g><g v="accs"></g></l></v></tfr></token><token id="634096" text="суд"><tfr rev_id="1466211" t="суд"><v><l id="338918" t="суд"><g v="NOUN"></g><g v="inan"></g><g v="masc"></g><g v="sing"></g><g v="nomn"></g></l></v><v><l id="338918" t="суд"><g v="NOUN"></g><g v="inan"></g><g v="masc"></g><g v="sing"></g><g v="accs"></g></l></v></tfr></token><token id="634097" text="защитил"><tfr rev_id="1466212" t="защитил"><v><l id="114240" t="защитил"><g v="VERB"></g><g v="perf"></g><g v="tran"></g><g v="masc"></g><g v="sing"></g><g v="past"></g><g v="indc"></g></l></v></tfr></token><token id="634098" text="свободу"><tfr rev_id="1466213" t="свободу"><v><l id="316212" t="свобода"><g v="NOUN"></g><g v="inan"></g><g v="femn"></g><g v="sing"></g><g v="accs"></g></l></v></tfr></token><token id="634099" text="слова"><tfr rev_id="2756988" t="слова"><v><l id="325168" t="слово"><g v="NOUN"></g><g v="inan"></g><g v="neut"></g><g v="sing"></g><g v="gent"></g></l></v></tfr></token></tokens></sentence><sentence id="35485"><source>Судам запрещено применять компенсацию морального вреда по искам о защите чести и достоинства как инструмент ограничения свободы слова.</source><tokens><token id="634100" text="Судам"><tfr rev_id="3715122" t="Судам"><v><l id="338918" t="суд"><g v="NOUN"></g><g v="inan"></g><g v="masc"></g><g v="plur"></g><g v="datv"></g></l></v></tfr></token><token id="634101" text="запрещено"><tfr rev_id="1466216" t="запрещено"><v><l id="107932" t="запрещён"><g v="PRTS"></g><g v="perf"></g><g v="past"></g><g v="pssv"></g><g v="neut"></g><g v="sing"></g></l></v></tfr></token><token id="634102" text="применять"><tfr rev_id="1466217" t="применять"><v><l id="271964" t="применять"><g v="INFN"></g><g v="impf"></g><g v="tran"></g></l></v></tfr></token><token id="634103" text="компенсацию"><tfr rev_id="1466218" t="компенсацию"><v><l id="137192" t="компенсация"><g v="NOUN"></g><g v="inan"></g><g v="femn"></g><g v="sing"></g><g v="accs"></g></l></v></tfr></token><token id="634104" text="морального"><tfr rev_id="3464062" t="морального"><v><l id="163465" t="моральный"><g v="ADJF"></g><g v="Qual"></g><g v="masc"></g><g v="sing"></g><g v="gent"></g></l></v><v><l id="163465" t="моральный"><g v="ADJF"></g><g v="Qual"></g><g v="anim"></g><g v="masc"></g><g v="sing"></g><g v="accs"></g></l></v></tfr></token><token id="634105" text="вреда"><tfr rev_id="1466220" t="вреда"><v><l id="53061" t="вред"><g v="NOUN"></g><g v="inan"></g><g v="masc"></g><g v="sing"></g><g v="gent"></g></l></v></tfr></token><token id="634106" text="по"><tfr rev_id="1466221" t="по"><v><l id="241240" t="по"><g v="PREP"></g></l></v></tfr></token><token id="634107" text="искам"><tfr rev_id="1466222" t="искам"><v><l id="124180" t="иск"><g v="NOUN"></g><g v="inan"></g><g v="masc"></g><g v="plur"></g><g v="datv"></g></l></v></tfr></token><token id="634108" text="о"><tfr rev_id="3230681" t="о"><v><l id="192977" t="о"><g v="PREP"></g></l></v></tfr></token><token id="634109" text="защите"><tfr rev_id="3472139" t="защите"><v><l id="114235" t="защита"><g v="NOUN"></g><g v="inan"></g><g v="femn"></g><g v="sing"></g><g v="loct"></g></l></v></tfr></token><token id="634110" text="чести"><tfr rev_id="3546689" t="чести"><v><l id="376055" t="честь"><g v="NOUN"></g><g v="inan"></g><g v="femn"></g><g v="Sgtm"></g><g v="sing"></g><g v="gent"></g></l></v></tfr></token><token id="634111" text="и"><tfr rev_id="1466226" t="и"><v><l id="116949" t="и"><g v="CONJ"></g></l></v><v><l id="116950" t="и"><g v="INTJ"></g></l></v></tfr></token><token id="634112" text="достоинства"><tfr rev_id="3446468" t="достоинства"><v><l id="90581" t="достоинство"><g v="NOUN"></g><g v="inan"></g><g v="neut"></g><g v="sing"></g><g v="gent"></g></l></v></tfr></token><token id="634113" text="как"><tfr rev_id="1466228" t="как"><v><l id="128190" t="как"><g v="CONJ"></g></l></v><v><l id="128191" t="как"><g v="PRCL"></g></l></v><v><l id="128192" t="как"><g v="ADVB"></g><g v="Ques"></g></l></v></tfr></token><token id="634114" text="инструмент"><tfr rev_id="3523669" t="инструмент"><v><l id="122944" t="инструмент"><g v="NOUN"></g><g v="inan"></g><g v="masc"></g><g v="sing"></g><g v="accs"></g></l></v></tfr></token><token id="634115" text="ограничения"><tfr rev_id="3438201" t="ограничения"><v><l id="202915" t="ограничение"><g v="NOUN"></g><g v="inan"></g><g v="neut"></g><g v="sing"></g><g v="gent"></g></l></v></tfr></token><token id="634116" text="свободы"><tfr rev_id="3469596" t="свободы"><v><l id="316212" t="свобода"><g v="NOUN"></g><g v="inan"></g><g v="femn"></g><g v="sing"></g><g v="gent"></g></l></v></tfr></token><token id="634117" text="слова"><tfr rev_id="3431871" t="слова"><v><l id="325168" t="слово"><g v="NOUN"></g><g v="inan"></g><g v="neut"></g><g v="sing"></g><g v="gent"></g></l></v></tfr></token><token id="634118" text="."><tfr rev_id="1466233" t="."><v><l id="0" t="."><g v="PNCT"></g></l></v></tfr></token></tokens></sentence></paragraph><paragraph id="11259"><sentence id="35486"><source>Пленум Верховного суда одобрил изменения к постановлению «О практике применения судами закона РФ о СМИ».</source><tokens><token id="634119" text="Пленум"><tfr rev_id="3506438" t="Пленум"><v><l id="240290" t="пленум"><g v="NOUN"></g><g v="inan"></g><g v="masc"></g><g v="sing"></g><g v="nomn"></g></l></v></tfr></token><token id="634120" text="Верховного"><tfr rev_id="3302375" t="Верховного"><v><l id="41800" t="верховный"><g v="ADJF"></g><g v="Qual"></g><g v="masc"></g><g v="sing"></g><g v="gent"></g></l></v><v><l id="41800" t="верховный"><g v="ADJF"></g><g v="Qual"></g><g v="anim"></g><g v="masc"></g><g v="sing"></g><g v="accs"></g></l></v></tfr></token><token id="634121" text="суда"><tfr rev_id="3480490" t="суда"><v><l id="338918" t="суд"><g v="NOUN"></g><g v="inan"></g><g v="masc"></g><g v="sing"></g><g v="gent"></g></l></v></tfr></token><token id="634122" text="одобрил"><tfr rev_id="1466237" t="одобрил"><v><l id="203495" t="одобрил"><g v="VERB"></g><g v="perf"></g><g v="tran"></g><g v="masc"></g><g v="sing"></g><g v="past"></g><g v="indc"></g></l></v></tfr></token><token id="634123" text="изменения"><tfr rev_id="3793478" t="изменения"><v><l id="119487" t="изменение"><g v="NOUN"></g><g v="inan"></g><g v="neut"></g><g v="plur"></g><g v="accs"></g></l></v></tfr></token><token id="634124" text="к"><tfr rev_id="1466239" t="к"><v><l id="127460" t="к"><g v="PREP"></g></l></v></tfr></token><token id="634125" text="постановлению"><tfr rev_id="1466240" t="постановлению"><v><l id="262154" t="постановление"><g v="NOUN"></g><g v="inan"></g><g v="neut"></g><g v="sing"></g><g v="datv"></g></l></v></tfr></token><token id="634126" text="«"><tfr rev_id="2444862" t="«"><v><l id="0" t="«"><g v="PNCT"></g></l></v></tfr></token><token id="634127" text="О"><tfr rev_id="3332310" t="О"><v><l id="192977" t="о"><g v="PREP"></g></l></v></tfr></token><token id="634128" text="практике"><tfr rev_id="4218999" t="практике"><v><l id="265884" t="практика"><g v="NOUN"></g><g v="inan"></g><g v="femn"></g><g v="sing"></g><g v="loct"></g></l></v></tfr></token><token id="634129" text="применения"><tfr rev_id="3433630" t="применения"><v><l id="271946" t="применение"><g v="NOUN"></g><g v="inan"></g><g v="neut"></g><g v="sing"></g><g v="gent"></g></l></v></tfr></token><token id="634130" text="судами"><tfr rev_id="3717467" t="судами"><v><l id="338918" t="суд"><g v="NOUN"></g><g v="inan"></g><g v="masc"></g><g v="plur"></g><g v="ablt"></g></l></v></tfr></token><token id="634131" text="закона"><tfr rev_id="1466246" t="закона"><v><l id="103696" t="закон"><g v="NOUN"></g><g v="inan"></g><g v="masc"></g><g v="sing"></g><g v="gent"></g></l></v></tfr></token><token id="634132" text="РФ"><tfr rev_id="2781192" t="РФ"><v><l id="310486" t="рф"><g v="NOUN"></g><g v="inan"></g><g v="femn"></g><g v="Sgtm"></g><g v="Fixd"></g><g v="Abbr"></g><g v="Geox"></g><g v="sing"></g><g v="gent"></g></l></v></tfr></token><token id="634133" text="о"><tfr rev_id="3326627" t="о"><v><l id="192977" t="о"><g v="PREP"></g></l></v></tfr></token><token id="634134" text="СМИ"><tfr rev_id="4489534" t="СМИ"><v><l id="326341" t="сми"><g v="NOUN"></g><g v="inan"></g><g v="GNdr"></g><g v="Pltm"></g><g v="Fixd"></g><g v="Abbr"></g><g v="plur"></g><g v="loct"></g></l></v></tfr></token><token id="634135" text="»"><tfr rev_id="2444863" t="»"><v><l id="0" t="»"><g v="PNCT"></g></l></v></tfr></token><token id="634136" text="."><tfr rev_id="1466251" t="."><v><l id="0" t="."><g v="PNCT"></g></l></v></tfr></token></tokens></sentence><sentence id="35487"><source>Таким образом судьи указали, что компенсация морального вреда, если последний стал следствием обнародования каких-либо данных в СМИ, может назначаться независимо от возмещения вреда имущественного.</source><tokens><token id="634137" text="Таким"><tfr rev_id="4400317" t="Таким"><v><l id="342491" t="такой"><g v="ADJF"></g><g v="Apro"></g><g v="masc"></g><g v="sing"></g><g v="ablt"></g></l></v></tfr></token><token id="634138" text="образом"><tfr rev_id="1466253" t="образом"><v><l id="198787" t="образ"><g v="NOUN"></g><g v="inan"></g><g v="masc"></g><g v="sing"></g><g v="ablt"></g></l></v></tfr></token><token id="634139" text="судьи"><tfr rev_id="4527591" t="судьи"><v><l id="339112" t="судья"><g v="NOUN"></g><g v="anim"></g><g v="ms-f"></g><g v="plur"></g><g v="nomn"></g></l></v></tfr></token><token id="634140" text="указали"><tfr rev_id="1466255" t="указали"><v><l id="355924" t="указал"><g v="VERB"></g><g v="perf"></g><g v="tran"></g><g v="plur"></g><g v="past"></g><g v="indc"></g></l></v></tfr></token><token id="634141" text=","><tfr rev_id="1466256" t=","><v><l id="0" t=","><g v="PNCT"></g></l></v></tfr></token><token id="634142" text="что"><tfr rev_id="3197100" t="что"><v><l id="377004" t="что"><g v="CONJ"></g></l></v><v><l id="377005" t="что"><g v="NPRO"></g><g v="neut"></g><g v="sing"></g><g v="nomn"></g></l></v><v><l id="377005" t="что"><g v="NPRO"></g><g v="neut"></g><g v="sing"></g><g v="accs"></g></l></v><v><l id="377006" t="что"><g v="ADVB"></g><g v="Ques"></g></l></v><v><l id="388695" t="что"><g v="PRCL"></g></l></v></tfr></token><token id="634143" text="компенсация"><tfr rev_id="1466258" t="компенсация"><v><l id="137192" t="компенсация"><g v="NOUN"></g><g v="inan"></g><g v="femn"></g><g v="sing"></g><g v="nomn"></g></l></v></tfr></token><token id="634144" text="морального"><tfr rev_id="3449291" t="морального"><v><l id="163465" t="моральный"><g v="ADJF"></g><g v="Qual"></g><g v="masc"></g><g v="sing"></g><g v="gent"></g></l></v><v><l id="163465" t="моральный"><g v="ADJF"></g><g v="Qual"></g><g v="anim"></g><g v="masc"></g><g v="sing"></g><g v="accs"></g></l></v></tfr></token><token id="634145" text="вреда"><tfr rev_id="1466260" t="вреда"><v><l id="53061" t="вред"><g v="NOUN"></g><g v="inan"></g><g v="masc"></g><g v="sing"></g><g v="gent"></g></l></v></tfr></token><token id="634146" text=","><tfr rev_id="1466261" t=","><v><l id="0" t=","><g v="PNCT"></g></l></v></tfr></token><token id="634147" text="если"><tfr rev_id="1466262" t="если"><v><l id="95365" t="если"><g v="CONJ"></g></l></v></tfr></token><token id="634148" text="последний"><tfr rev_id="1466263" t="последний"><v><l id="261565" t="последний"><g v="ADJF"></g><g v="masc"></g><g v="sing"></g><g v="nomn"></g></l></v><v><l id="261565" t="последний"><g v="ADJF"></g><g v="inan"></g><g v="masc"></g><g v="sing"></g><g v="accs"></g></l></v></tfr></token><token id="634149" text="стал"><tfr rev_id="1466264" t="стал"><v><l id="335164" t="стал"><g v="VERB"></g><g v="perf"></g><g v="intr"></g><g v="masc"></g><g v="sing"></g><g v="past"></g><g v="indc"></g></l></v></tfr></token><token id="634150" text="следствием"><tfr rev_id="1466265" t="следствием"><v><l id="324765" t="следствие"><g v="NOUN"></g><g v="inan"></g><g v="neut"></g><g v="sing"></g><g v="ablt"></g></l></v></tfr></token><token id="634151" text="обнародования"><tfr rev_id="3439601" t="обнародования"><v><l id="197752" t="обнародование"><g v="NOUN"></g><g v="inan"></g><g v="neut"></g><g v="sing"></g><g v="gent"></g></l></v></tfr></token><token id="634152" text="каких-либо"><tfr rev_id="4095812" t="каких-либо"><v><l id="128225" t="какой-либо"><g v="ADJF"></g><g v="Apro"></g><g v="plur"></g><g v="gent"></g></l></v></tfr></token><token id="634153" text="данных"><tfr rev_id="4576570" t="данных"><v><l id="78302" t="данные"><g v="NOUN"></g><g v="inan"></g><g v="GNdr"></g><g v="Pltm"></g><g v="plur"></g><g v="gent"></g></l></v></tfr></token><token id="634154" text="в"><tfr rev_id="1466269" t="в"><v><l id="37409" t="в"><g v="PREP"></g></l></v></tfr></token><token id="634155" text="СМИ"><tfr rev_id="4489535" t="СМИ"><v><l id="326341" t="сми"><g v="NOUN"></g><g v="inan"></g><g v="GNdr"></g><g v="Pltm"></g><g v="Fixd"></g><g v="Abbr"></g><g v="plur"></g><g v="loct"></g></l></v></tfr></token><token id="634156" text=","><tfr rev_id="1466271" t=","><v><l id="0" t=","><g v="PNCT"></g></l></v></tfr></token><token id="634157" text="может"><tfr rev_id="4212425" t="может"><v><l id="164485" t="могу"><g v="VERB"></g><g v="impf"></g><g v="intr"></g><g v="sing"></g><g v="3per"></g><g v="pres"></g><g v="indc"></g></l></v></tfr></token><token id="634158" text="назначаться"><tfr rev_id="1466273" t="назначаться"><v><l id="170416" t="назначаться"><g v="INFN"></g><g v="impf"></g><g v="intr"></g></l></v></tfr></token><token id="634159" text="независимо"><tfr rev_id="1466274" t="независимо"><v><l id="182129" t="независимо"><g v="ADVB"></g></l></v><v><l id="182132" t="независим"><g v="ADJS"></g><g v="Qual"></g><g v="neut"></g><g v="sing"></g></l></v></tfr></token><token id="634160" text="от"><tfr rev_id="1466275" t="от"><v><l id="211644" t="от"><g v="PREP"></g></l></v></tfr></token><token id="634161" text="возмещения"><tfr rev_id="3327709" t="возмещения"><v><l id="49407" t="возмещение"><g v="NOUN"></g><g v="inan"></g><g v="neut"></g><g v="sing"></g><g v="gent"></g></l></v></tfr></token><token id="634162" text="вреда"><tfr rev_id="1466277" t="вреда"><v><l id="53061" t="вред"><g v="NOUN"></g><g v="inan"></g><g v="masc"></g><g v="sing"></g><g v="gent"></g></l></v></tfr></token><token id="634163" text="имущественного"><tfr rev_id="4205116" t="имущественного"><v><l id="121940" t="имущественный"><g v="ADJF"></g><g v="masc"></g><g v="sing"></g><g v="gent"></g></l></v><v><l id="121940" t="имущественный"><g v="ADJF"></g><g v="anim"></g><g v="masc"></g><g v="sing"></g><g v="accs"></g></l></v></tfr></token><token id="634164" text="."><tfr rev_id="1466279" t="."><v><l id="0" t="."><g v="PNCT"></g></l></v></tfr></token></tokens></sentence><sentence id="35488"><source>Однако компенсация моральных страданий не должна подразумевать ограничения права на свободу слова.</source><tokens><token id="634165" text="Однако"><tfr rev_id="2624560" t="Однако"><v><l id="203386" t="однако"><g v="INTJ"></g></l></v><v><l id="203387" t="однако"><g v="CONJ"></g><g v="Prnt"></g></l></v></tfr></token><token id="634166" text="компенсация"><tfr rev_id="1466281" t="компенсация"><v><l id="137192" t="компенсация"><g v="NOUN"></g><g v="inan"></g><g v="femn"></g><g v="sing"></g><g v="nomn"></g></l></v></tfr></token><token id="634167" text="моральных"><tfr rev_id="2848471" t="моральных"><v><l id="163465" t="моральный"><g v="ADJF"></g><g v="Qual"></g><g v="plur"></g><g v="gent"></g></l></v></tfr></token><token id="634168" text="страданий"><tfr rev_id="3753662" t="страданий"><v><l id="337052" t="страдание"><g v="NOUN"></g><g v="inan"></g><g v="neut"></g><g v="plur"></g><g v="gent"></g></l></v></tfr></token><token id="634169" text="не"><tfr rev_id="1466284" t="не"><v><l id="178876" t="не"><g v="PRCL"></g></l></v></tfr></token><token id="634170" text="должна"><tfr rev_id="2558941" t="должна"><v><l id="87975" t="должен"><g v="ADJS"></g><g v="femn"></g><g v="sing"></g></l></v></tfr></token><token id="634171" text="подразумевать"><tfr rev_id="1466286" t="подразумевать"><v><l id="249534" t="подразумевать"><g v="INFN"></g><g v="impf"></g><g v="tran"></g></l></v></tfr></token><token id="634172" text="ограничения"><tfr rev_id="3434077" t="ограничения"><v><l id="202915" t="ограничение"><g v="NOUN"></g><g v="inan"></g><g v="neut"></g><g v="sing"></g><g v="gent"></g></l></v></tfr></token><token id="634173" text="права"><tfr rev_id="3692755" t="права"><v><l id="265680" t="право"><g v="NOUN"></g><g v="inan"></g><g v="neut"></g><g v="sing"></g><g v="gent"></g></l></v></tfr></token><token id="634174" text="на"><tfr rev_id="3338827" t="на"><v><l id="166264" t="на"><g v="PREP"></g></l></v></tfr></token><token id="634175" text="свободу"><tfr rev_id="1466290" t="свободу"><v><l id="316212" t="свобода"><g v="NOUN"></g><g v="inan"></g><g v="femn"></g><g v="sing"></g><g v="accs"></g></l></v></tfr></token><token id="634176" text="слова"><tfr rev_id="3482231" t="слова"><v><l id="325168" t="слово"><g v="NOUN"></g><g v="inan"></g><g v="neut"></g><g v="sing"></g><g v="gent"></g></l></v></tfr></token><token id="634177" text="."><tfr rev_id="1466292" t="."><v><l id="0" t="."><g v="PNCT"></g></l></v></tfr></token></tokens></sentence><sentence id="35489"><source>«Судам следует иметь в виду, что сумма компенсации морального вреда должна быть разумной и справедливой и не вести к нарушению свободы массовой информации», — цитируют «Ведомости» постановление ВС.</source><tokens><token id="634178" text="«"><tfr rev_id="2444864" t="«"><v><l id="0" t="«"><g v="PNCT"></g></l></v></tfr></token><token id="634179" text="Судам"><tfr rev_id="3715042" t="Судам"><v><l id="338918" t="суд"><g v="NOUN"></g><g v="inan"></g><g v="masc"></g><g v="plur"></g><g v="datv"></g></l></v></tfr></token><token id="634180" text="следует"><tfr rev_id="3665434" t="следует"><v><l id="324747" t="следую"><g v="VERB"></g><g v="impf"></g><g v="intr"></g><g v="sing"></g><g v="3per"></g><g v="pres"></g><g v="indc"></g><g v="Impx"></g></l></v></tfr></token><token id="634181" text="иметь"><tfr rev_id="1466296" t="иметь"><v><l id="121611" t="иметь"><g v="INFN"></g><g v="impf"></g><g v="tran"></g></l></v></tfr></token><token id="634182" text="в"><tfr rev_id="1466297" t="в"><v><l id="37409" t="в"><g v="PREP"></g></l></v></tfr></token><token id="634183" text="виду"><tfr rev_id="3465760" t="виду"><v><l id="44437" t="вид"><g v="NOUN"></g><g v="inan"></g><g v="masc"></g><g v="sing"></g><g v="loc2"></g></l></v></tfr></token><token id="634184" text=","><tfr rev_id="1466299" t=","><v><l id="0" t=","><g v="PNCT"></g></l></v></tfr></token><token id="634185" text="что"><tfr rev_id="3197101" t="что"><v><l id="377004" t="что"><g v="CONJ"></g></l></v><v><l id="377005" t="что"><g v="NPRO"></g><g v="neut"></g><g v="sing"></g><g v="nomn"></g></l></v><v><l id="377005" t="что"><g v="NPRO"></g><g v="neut"></g><g v="sing"></g><g v="accs"></g></l></v><v><l id="377006" t="что"><g v="ADVB"></g><g v="Ques"></g></l></v><v><l id="388695" t="что"><g v="PRCL"></g></l></v></tfr></token><token id="634186" text="сумма"><tfr rev_id="1466301" t="сумма"><v><l id="339516" t="сумма"><g v="NOUN"></g><g v="inan"></g><g v="femn"></g><g v="sing"></g><g v="nomn"></g></l></v></tfr></token><token id="634187" text="компенсации"><tfr rev_id="4271779" t="компенсации"><v><l id="137192" t="компенсация"><g v="NOUN"></g><g v="inan"></g><g v="femn"></g><g v="sing"></g><g v="gent"></g></l></v></tfr></token><token id="634188" text="морального"><tfr rev_id="3454008" t="морального"><v><l id="163465" t="моральный"><g v="ADJF"></g><g v="Qual"></g><g v="masc"></g><g v="sing"></g><g v="gent"></g></l></v><v><l id="163465" t="моральный"><g v="ADJF"></g><g v="Qual"></g><g v="anim"></g><g v="masc"></g><g v="sing"></g><g v="accs"></g></l></v></tfr></token><token id="634189" text="вреда"><tfr rev_id="1466304" t="вреда"><v><l id="53061" t="вред"><g v="NOUN"></g><g v="inan"></g><g v="masc"></g><g v="sing"></g><g v="gent"></g></l></v></tfr></token><token id="634190" text="должна"><tfr rev_id="2558942" t="должна"><v><l id="87975" t="должен"><g v="ADJS"></g><g v="femn"></g><g v="sing"></g></l></v></tfr></token><token id="634191" text="быть"><tfr rev_id="1466306" t="быть"><v><l id="37266" t="быть"><g v="INFN"></g><g v="impf"></g><g v="intr"></g></l></v></tfr></token><token id="634192" text="разумной"><tfr rev_id="3946687" t="разумной"><v><l id="297132" t="разумный"><g v="ADJF"></g><g v="Qual"></g><g v="femn"></g><g v="sing"></g><g v="ablt"></g></l></v></tfr></token><token id="634193" text="и"><tfr rev_id="1466308" t="и"><v><l id="116949" t="и"><g v="CONJ"></g></l></v><v><l id="116950" t="и"><g v="INTJ"></g></l></v></tfr></token><token id="634194" text="справедливой"><tfr rev_id="3946676" t="справедливой"><v><l id="332889" t="справедливый"><g v="ADJF"></g><g v="Qual"></g><g v="femn"></g><g v="sing"></g><g v="ablt"></g></l></v></tfr></token><token id="634195" text="и"><tfr rev_id="1466310" t="и"><v><l id="116949" t="и"><g v="CONJ"></g></l></v><v><l id="116950" t="и"><g v="INTJ"></g></l></v></tfr></token><token id="634196" text="не"><tfr rev_id="1466311" t="не"><v><l id="178876" t="не"><g v="PRCL"></g></l></v></tfr></token><token id="634197" text="вести"><tfr rev_id="1712959" t="вести"><v><l id="42111" t="вести"><g v="INFN"></g><g v="impf"></g><g v="tran"></g></l></v></tfr></token><token id="634198" text="к"><tfr rev_id="1466313" t="к"><v><l id="127460" t="к"><g v="PREP"></g></l></v></tfr></token><token id="634199" text="нарушению"><tfr rev_id="1466314" t="нарушению"><v><l id="174883" t="нарушение"><g v="NOUN"></g><g v="inan"></g><g v="neut"></g><g v="sing"></g><g v="datv"></g></l></v></tfr></token><token id="634200" text="свободы"><tfr rev_id="3506772" t="свободы"><v><l id="316212" t="свобода"><g v="NOUN"></g><g v="inan"></g><g v="femn"></g><g v="sing"></g><g v="gent"></g></l></v></tfr></token><token id="634201" text="массовой"><tfr rev_id="4076515" t="массовой"><v><l id="156047" t="массовый"><g v="ADJF"></g><g v="femn"></g><g v="sing"></g><g v="gent"></g></l></v></tfr></token><token id="634202" text="информации"><tfr rev_id="4238707" t="информации"><v><l id="123576" t="информация"><g v="NOUN"></g><g v="inan"></g><g v="femn"></g><g v="sing"></g><g v="gent"></g></l></v></tfr></token><token id="634203" text="»"><tfr rev_id="2444865" t="»"><v><l id="0" t="»"><g v="PNCT"></g></l></v></tfr></token><token id="634204" text=","><tfr rev_id="1466319" t=","><v><l id="0" t=","><g v="PNCT"></g></l></v></tfr></token><token id="634205" text="—"><tfr rev_id="2444866" t="—"><v><l id="0" t="—"><g v="PNCT"></g></l></v></tfr></token><token id="634206" text="цитируют"><tfr rev_id="1466321" t="цитируют"><v><l id="374102" t="цитирую"><g v="VERB"></g><g v="impf"></g><g v="tran"></g><g v="plur"></g><g v="3per"></g><g v="pres"></g><g v="indc"></g></l></v></tfr></token><token id="634207" text="«"><tfr rev_id="2444867" t="«"><v><l id="0" t="«"><g v="PNCT"></g></l></v></tfr></token><token id="634208" text="Ведомости"><tfr rev_id="3794508" t="Ведомости"><v><l id="40348" t="ведомость"><g v="NOUN"></g><g v="inan"></g><g v="femn"></g><g v="plur"></g><g v="nomn"></g></l></v></tfr></token><token id="634209" text="»"><tfr rev_id="2444868" t="»"><v><l id="0" t="»"><g v="PNCT"></g></l></v></tfr></token><token id="634210" text="постановление"><tfr rev_id="3523765" t="постановление"><v><l id="262154" t="постановление"><g v="NOUN"></g><g v="inan"></g><g v="neut"></g><g v="sing"></g><g v="accs"></g></l></v></tfr></token><token id="634211" text="ВС"><tfr rev_id="4573793" t="ВС"><v><l id="53259" t="вс"><g v="NOUN"></g><g v="inan"></g><g v="masc"></g><g v="Fixd"></g><g v="Abbr"></g><g v="Orgn"></g><g v="sing"></g><g v="gent"></g></l></v></tfr></token><token id="634212" text="."><tfr rev_id="1466327" t="."><v><l id="0" t="."><g v="PNCT"></g></l></v></tfr></token></tokens></sentence><sentence id="35490"><source>В качестве аргумента в пользу своего решения ВС называет участившуюся практику, когда претензии к СМИ, выражаемые в гигантских суммах взысканий, становятся несоизмеримы с причинённым ущербом.</source><tokens><token id="634213" text="В"><tfr rev_id="1466328" t="В"><v><l id="37409" t="в"><g v="PREP"></g></l></v></tfr></token><token id="634214" text="качестве"><tfr rev_id="1466329" t="качестве"><v><l id="131638" t="качество"><g v="NOUN"></g><g v="inan"></g><g v="neut"></g><g v="sing"></g><g v="loct"></g></l></v></tfr></token><token id="634215" text="аргумента"><tfr rev_id="1466330" t="аргумента"><v><l id="15995" t="аргумент"><g v="NOUN"></g><g v="inan"></g><g v="masc"></g><g v="sing"></g><g v="gent"></g></l></v></tfr></token><token id="634216" text="в"><tfr rev_id="1466331" t="в"><v><l id="37409" t="в"><g v="PREP"></g></l></v></tfr></token><token id="634217" text="пользу"><tfr rev_id="1466332" t="пользу"><v><l id="257077" t="польза"><g v="NOUN"></g><g v="inan"></g><g v="femn"></g><g v="sing"></g><g v="accs"></g></l></v></tfr></token><token id="634218" text="своего"><tfr rev_id="3673658" t="своего"><v><l id="316379" t="свой"><g v="ADJF"></g><g v="Apro"></g><g v="Anph"></g><g v="neut"></g><g v="sing"></g><g v="gent"></g></l></v></tfr></token><token id="634219" text="решения"><tfr rev_id="3439609" t="решения"><v><l id="307350" t="решение"><g v="NOUN"></g><g v="inan"></g><g v="neut"></g><g v="sing"></g><g v="gent"></g></l></v></tfr></token><token id="634220" text="ВС"><tfr rev_id="4573486" t="ВС"><v><l id="53259" t="вс"><g v="NOUN"></g><g v="inan"></g><g v="masc"></g><g v="Fixd"></g><g v="Abbr"></g><g v="Orgn"></g><g v="sing"></g><g v="nomn"></g></l></v></tfr></token><token id="634221" text="называет"><tfr rev_id="1466336" t="называет"><v><l id="170473" t="называю"><g v="VERB"></g><g v="impf"></g><g v="tran"></g><g v="sing"></g><g v="3per"></g><g v="pres"></g><g v="indc"></g></l></v></tfr></token><token id="634222" text="участившуюся"><tfr rev_id="1466337" t="участившуюся"><v><l id="363141" t="участившийся"><g v="PRTF"></g><g v="perf"></g><g v="intr"></g><g v="past"></g><g v="actv"></g><g v="femn"></g><g v="sing"></g><g v="accs"></g></l></v></tfr></token><token id="634223" text="практику"><tfr rev_id="3680140" t="практику"><v><l id="265884" t="практика"><g v="NOUN"></g><g v="inan"></g><g v="femn"></g><g v="sing"></g><g v="accs"></g></l></v></tfr></token><token id="634224" text=","><tfr rev_id="1466339" t=","><v><l id="0" t=","><g v="PNCT"></g></l></v></tfr></token><token id="634225" text="когда"><tfr rev_id="1466340" t="когда"><v><l id="135239" t="когда"><g v="CONJ"></g></l></v><v><l id="135240" t="когда"><g v="ADVB"></g><g v="Ques"></g></l></v></tfr></token><token id="634226" text="претензии"><tfr rev_id="3797914" t="претензии"><v><l id="268418" t="претензия"><g v="NOUN"></g><g v="inan"></g><g v="femn"></g><g v="plur"></g><g v="nomn"></g></l></v></tfr></token><token id="634227" text="к"><tfr rev_id="1466342" t="к"><v><l id="127460" t="к"><g v="PREP"></g></l></v></tfr></token><token id="634228" text="СМИ"><tfr rev_id="4489536" t="СМИ"><v><l id="326341" t="сми"><g v="NOUN"></g><g v="inan"></g><g v="GNdr"></g><g v="Pltm"></g><g v="Fixd"></g><g v="Abbr"></g><g v="plur"></g><g v="datv"></g></l></v></tfr></token><token id="634229" text=","><tfr rev_id="1466344" t=","><v><l id="0" t=","><g v="PNCT"></g></l></v></tfr></token><token id="634230" text="выражаемые"><tfr rev_id="1466345" t="выражаемые"><v><l id="61189" t="выражаемый"><g v="PRTF"></g><g v="impf"></g><g v="tran"></g><g v="pres"></g><g v="pssv"></g><g v="plur"></g><g v="nomn"></g></l></v><v><l id="61189" t="выражаемый"><g v="PRTF"></g><g v="impf"></g><g v="tran"></g><g v="pres"></g><g v="pssv"></g><g v="inan"></g><g v="plur"></g><g v="accs"></g></l></v></tfr></token><token id="634231" text="в"><tfr rev_id="1466346" t="в"><v><l id="37409" t="в"><g v="PREP"></g></l></v></tfr></token><token id="634232" text="гигантских"><tfr rev_id="3553253" t="гигантских"><v><l id="69549" t="гигантский"><g v="ADJF"></g><g v="plur"></g><g v="loct"></g></l></v></tfr></token><token id="634233" text="суммах"><tfr rev_id="1466348" t="суммах"><v><l id="339516" t="сумма"><g v="NOUN"></g><g v="inan"></g><g v="femn"></g><g v="plur"></g><g v="loct"></g></l></v></tfr></token><token id="634234" text="взысканий"><tfr rev_id="1466349" t="взысканий"><v><l id="44257" t="взыскание"><g v="NOUN"></g><g v="inan"></g><g v="neut"></g><g v="plur"></g><g v="gent"></g></l></v></tfr></token><token id="634235" text=","><tfr rev_id="1466350" t=","><v><l id="0" t=","><g v="PNCT"></g></l></v></tfr></token><token id="634236" text="становятся"><tfr rev_id="1466351" t="становятся"><v><l id="334671" t="становлюсь"><g v="VERB"></g><g v="impf"></g><g v="intr"></g><g v="plur"></g><g v="3per"></g><g v="pres"></g><g v="indc"></g></l></v></tfr></token><token id="634237" text="несоизмеримы"><tfr rev_id="1466352" t="несоизмеримы"><v><l id="188400" t="несоизмерим"><g v="ADJS"></g><g v="plur"></g></l></v></tfr></token><token id="634238" text="с"><tfr rev_id="1466353" t="с"><v><l id="311151" t="с"><g v="PREP"></g></l></v></tfr></token><token id="634239" text="причинённым"><tfr rev_id="4360201" t="причинённым"><v><l id="276529" t="причинённый"><g v="PRTF"></g><g v="perf"></g><g v="tran"></g><g v="past"></g><g v="pssv"></g><g v="masc"></g><g v="sing"></g><g v="ablt"></g></l></v></tfr></token><token id="634240" text="ущербом"><tfr rev_id="1466355" t="ущербом"><v><l id="363608" t="ущерб"><g v="NOUN"></g><g v="inan"></g><g v="masc"></g><g v="sing"></g><g v="ablt"></g></l></v></tfr></token><token id="634241" text="."><tfr rev_id="1466356" t="."><v><l id="0" t="."><g v="PNCT"></g></l></v></tfr></token></tokens></sentence><sentence id="35491"><source>Нередко назначенная сумма компенсаций становится разорительной для издания.</source><tokens><token id="634242" text="Нередко"><tfr rev_id="3526649" t="Нередко"><v><l id="187561" t="нередко"><g v="ADVB"></g></l></v></tfr></token><token id="634243" text="назначенная"><tfr rev_id="1466358" t="назначенная"><v><l id="170426" t="назначенный"><g v="PRTF"></g><g v="perf"></g><g v="tran"></g><g v="past"></g><g v="pssv"></g><g v="femn"></g><g v="sing"></g><g v="nomn"></g></l></v></tfr></token><token id="634244" text="сумма"><tfr rev_id="1466359" t="сумма"><v><l id="339516" t="сумма"><g v="NOUN"></g><g v="inan"></g><g v="femn"></g><g v="sing"></g><g v="nomn"></g></l></v></tfr></token><token id="634245" text="компенсаций"><tfr rev_id="1466360" t="компенсаций"><v><l id="137192" t="компенсация"><g v="NOUN"></g><g v="inan"></g><g v="femn"></g><g v="plur"></g><g v="gent"></g></l></v></tfr></token><token id="634246" text="становится"><tfr rev_id="1466361" t="становится"><v><l id="334671" t="становлюсь"><g v="VERB"></g><g v="impf"></g><g v="intr"></g><g v="sing"></g><g v="3per"></g><g v="pres"></g><g v="indc"></g></l></v></tfr></token><token id="634247" text="разорительной"><tfr rev_id="4173205" t="разорительной"><v><l id="296331" t="разорительный"><g v="ADJF"></g><g v="Qual"></g><g v="femn"></g><g v="sing"></g><g v="ablt"></g></l></v></tfr></token><token id="634248" text="для"><tfr rev_id="3325379" t="для"><v><l id="85032" t="для"><g v="PREP"></g></l></v></tfr></token><token id="634249" text="издания"><tfr rev_id="3491758" t="издания"><v><l id="118742" t="издание"><g v="NOUN"></g><g v="inan"></g><g v="neut"></g><g v="sing"></g><g v="gent"></g></l></v></tfr></token><token id="634250" text="."><tfr rev_id="1466365" t="."><v><l id="0" t="."><g v="PNCT"></g></l></v></tfr></token></tokens></sentence><sentence id="35492"><source>Поэтому практике, когда истцы называют размер возмещения «буквально из головы», а судьи принимают сторону обвинителей, пришёл конец.</source><tokens><token id="634251" text="Поэтому"><tfr rev_id="1466366" t="Поэтому"><v><l id="265490" t="поэтому"><g v="ADVB"></g></l></v></tfr></token><token id="634252" text="практике"><tfr rev_id="3557894" t="практике"><v><l id="265884" t="практика"><g v="NOUN"></g><g v="inan"></g><g v="femn"></g><g v="sing"></g><g v="datv"></g></l></v></tfr></token><token id="634253" text=","><tfr rev_id="1466368" t=","><v><l id="0" t=","><g v="PNCT"></g></l></v></tfr></token><token id="634254" text="когда"><tfr rev_id="1466369" t="когда"><v><l id="135239" t="когда"><g v="CONJ"></g></l></v><v><l id="135240" t="когда"><g v="ADVB"></g><g v="Ques"></g></l></v></tfr></token><token id="634255" text="истцы"><tfr rev_id="1466370" t="истцы"><v><l id="126202" t="истец"><g v="NOUN"></g><g v="anim"></g><g v="masc"></g><g v="plur"></g><g v="nomn"></g></l></v></tfr></token><token id="634256" text="называют"><tfr rev_id="1466371" t="называют"><v><l id="170473" t="называю"><g v="VERB"></g><g v="impf"></g><g v="tran"></g><g v="plur"></g><g v="3per"></g><g v="pres"></g><g v="indc"></g></l></v></tfr></token><token id="634257" text="размер"><tfr rev_id="3720236" t="размер"><v><l id="295006" t="размер"><g v="NOUN"></g><g v="inan"></g><g v="masc"></g><g v="sing"></g><g v="accs"></g></l></v></tfr></token><token id="634258" text="возмещения"><tfr rev_id="3509104" t="возмещения"><v><l id="49407" t="возмещение"><g v="NOUN"></g><g v="inan"></g><g v="neut"></g><g v="sing"></g><g v="gent"></g></l></v></tfr></token><token id="634259" text="«"><tfr rev_id="2444869" t="«"><v><l id="0" t="«"><g v="PNCT"></g></l></v></tfr></token><token id="634260" text="буквально"><tfr rev_id="4108313" t="буквально"><v><l id="35367" t="буквально"><g v="ADVB"></g></l></v></tfr></token><token id="634261" text="из"><tfr rev_id="2602706" t="из"><v><l id="117677" t="из"><g v="PREP"></g></l></v></tfr></token><token id="634262" text="головы"><tfr rev_id="4342596" t="головы"><v><l id="72304" t="голова"><g v="NOUN"></g><g v="inan"></g><g v="femn"></g><g v="sing"></g><g v="gent"></g></l></v></tfr></token><token id="634263" text="»"><tfr rev_id="2444870" t="»"><v><l id="0" t="»"><g v="PNCT"></g></l></v></tfr></token><token id="634264" text=","><tfr rev_id="1466379" t=","><v><l id="0" t=","><g v="PNCT"></g></l></v></tfr></token><token id="634265" text="а"><tfr rev_id="1466380" t="а"><v><l id="51" t="а"><g v="CONJ"></g></l></v><v><l id="52" t="а"><g v="INTJ"></g></l></v><v><l id="53" t="а"><g v="PRCL"></g></l></v></tfr></token><token id="634266" text="судьи"><tfr rev_id="4527592" t="судьи"><v><l id="339112" t="судья"><g v="NOUN"></g><g v="anim"></g><g v="ms-f"></g><g v="plur"></g><g v="nomn"></g></l></v></tfr></token><token id="634267" text="принимают"><tfr rev_id="1466382" t="принимают"><v><l id="272582" t="принимаю"><g v="VERB"></g><g v="impf"></g><g v="tran"></g><g v="plur"></g><g v="3per"></g><g v="pres"></g><g v="indc"></g></l></v></tfr></token><token id="634268" text="сторону"><tfr rev_id="1466383" t="сторону"><v><l id="336894" t="сторона"><g v="NOUN"></g><g v="inan"></g><g v="femn"></g><g v="sing"></g><g v="accs"></g></l></v></tfr></token><token id="634269" text="обвинителей"><tfr rev_id="4204583" t="обвинителей"><v><l id="193411" t="обвинитель"><g v="NOUN"></g><g v="anim"></g><g v="masc"></g><g v="plur"></g><g v="gent"></g></l></v></tfr></token><token id="634270" text=","><tfr rev_id="1466385" t=","><v><l id="0" t=","><g v="PNCT"></g></l></v></tfr></token><token id="634271" text="пришёл"><tfr rev_id="1466386" t="пришёл"><v><l id="270737" t="пришёл"><g v="VERB"></g><g v="perf"></g><g v="intr"></g><g v="masc"></g><g v="sing"></g><g v="past"></g><g v="indc"></g></l></v></tfr></token><token id="634272" text="конец"><tfr rev_id="4095612" t="конец"><v><l id="137815" t="конец"><g v="NOUN"></g><g v="inan"></g><g v="masc"></g><g v="sing"></g><g v="nomn"></g></l></v></tfr></token><token id="634273" text="."><tfr rev_id="1466388" t="."><v><l id="0" t="."><g v="PNCT"></g></l></v></tfr></token></tokens></sentence><sentence id="35493"><source>«Подобный подход вызывает сомнение в беспристрастности, создаётся впечатление, что таким образом судьи наказывают ответчиков», — отмечает зампредседателя ВС Василий Нечаев.</source><tokens><token id="634274" text="«"><tfr rev_id="2444871" t="«"><v><l id="0" t="«"><g v="PNCT"></g></l></v></tfr></token><token id="634275" text="Подобный"><tfr rev_id="3791278" t="Подобный"><v><l id="248293" t="подобный"><g v="ADJF"></g><g v="Subx"></g><g v="Qual"></g><g v="masc"></g><g v="sing"></g><g v="nomn"></g></l></v><v><l id="248293" t="подобный"><g v="ADJF"></g><g v="Subx"></g><g v="Qual"></g><g v="inan"></g><g v="masc"></g><g v="sing"></g><g v="accs"></g></l></v></tfr></token><token id="634276" text="подход"><tfr rev_id="1466391" t="подход"><v><l id="252171" t="подход"><g v="NOUN"></g><g v="inan"></g><g v="masc"></g><g v="sing"></g><g v="nomn"></g></l></v><v><l id="252171" t="подход"><g v="NOUN"></g><g v="inan"></g><g v="masc"></g><g v="sing"></g><g v="accs"></g></l></v></tfr></token><token id="634277" text="вызывает"><tfr rev_id="1466392" t="вызывает"><v><l id="57671" t="вызываю"><g v="VERB"></g><g v="impf"></g><g v="tran"></g><g v="sing"></g><g v="3per"></g><g v="pres"></g><g v="indc"></g></l></v></tfr></token><token id="634278" text="сомнение"><tfr rev_id="3715412" t="сомнение"><v><l id="329384" t="сомнение"><g v="NOUN"></g><g v="inan"></g><g v="neut"></g><g v="sing"></g><g v="accs"></g></l></v></tfr></token><token id="634279" text="в"><tfr rev_id="1466394" t="в"><v><l id="37409" t="в"><g v="PREP"></g></l></v></tfr></token><token id="634280" text="беспристрастности"><tfr rev_id="4343791" t="беспристрастности"><v><l id="28586" t="беспристрастность"><g v="NOUN"></g><g v="inan"></g><g v="femn"></g><g v="sing"></g><g v="loct"></g></l></v></tfr></token><token id="634281" text=","><tfr rev_id="1466396" t=","><v><l id="0" t=","><g v="PNCT"></g></l></v></tfr></token><token id="634282" text="создаётся"><tfr rev_id="1466397" t="создаётся"><v><l id="328575" t="создаюсь"><g v="VERB"></g><g v="impf"></g><g v="intr"></g><g v="sing"></g><g v="3per"></g><g v="pres"></g><g v="indc"></g></l></v></tfr></token><token id="634283" text="впечатление"><tfr rev_id="1466398" t="впечатление"><v><l id="52404" t="впечатление"><g v="NOUN"></g><g v="inan"></g><g v="neut"></g><g v="sing"></g><g v="nomn"></g></l></v><v><l id="52404" t="впечатление"><g v="NOUN"></g><g v="inan"></g><g v="neut"></g><g v="sing"></g><g v="accs"></g></l></v></tfr></token><token id="634284" text=","><tfr rev_id="1466399" t=","><v><l id="0" t=","><g v="PNCT"></g></l></v></tfr></token><token id="634285" text="что"><tfr rev_id="3197102" t="что"><v><l id="377004" t="что"><g v="CONJ"></g></l></v><v><l id="377005" t="что"><g v="NPRO"></g><g v="neut"></g><g v="sing"></g><g v="nomn"></g></l></v><v><l id="377005" t="что"><g v="NPRO"></g><g v="neut"></g><g v="sing"></g><g v="accs"></g></l></v><v><l id="377006" t="что"><g v="ADVB"></g><g v="Ques"></g></l></v><v><l id="388695" t="что"><g v="PRCL"></g></l></v></tfr></token><token id="634286" text="таким"><tfr rev_id="4420806" t="таким"><v><l id="342491" t="такой"><g v="ADJF"></g><g v="Apro"></g><g v="masc"></g><g v="sing"></g><g v="ablt"></g></l></v></tfr></token><token id="634287" text="образом"><tfr rev_id="1466402" t="образом"><v><l id="198787" t="образ"><g v="NOUN"></g><g v="inan"></g><g v="masc"></g><g v="sing"></g><g v="ablt"></g></l></v></tfr></token><token id="634288" text="судьи"><tfr rev_id="4527593" t="судьи"><v><l id="339112" t="судья"><g v="NOUN"></g><g v="anim"></g><g v="ms-f"></g><g v="plur"></g><g v="nomn"></g></l></v></tfr></token><token id="634289" text="наказывают"><tfr rev_id="1466404" t="наказывают"><v><l id="170663" t="наказываю"><g v="VERB"></g><g v="impf"></g><g v="tran"></g><g v="plur"></g><g v="3per"></g><g v="pres"></g><g v="indc"></g></l></v></tfr></token><token id="634290" text="ответчиков"><tfr rev_id="4382749" t="ответчиков"><v><l id="212452" t="ответчик"><g v="NOUN"></g><g v="anim"></g><g v="masc"></g><g v="plur"></g><g v="accs"></g></l></v></tfr></token><token id="634291" text="»"><tfr rev_id="2444872" t="»"><v><l id="0" t="»"><g v="PNCT"></g></l></v></tfr></token><token id="634292" text=","><tfr rev_id="1466407" t=","><v><l id="0" t=","><g v="PNCT"></g></l></v></tfr></token><token id="634293" text="—"><tfr rev_id="2444873" t="—"><v><l id="0" t="—"><g v="PNCT"></g></l></v></tfr></token><token id="634294" text="отмечает"><tfr rev_id="1466409" t="отмечает"><v><l id="215600" t="отмечаю"><g v="VERB"></g><g v="impf"></g><g v="tran"></g><g v="sing"></g><g v="3per"></g><g v="pres"></g><g v="indc"></g></l></v></tfr></token><token id="634295" text="зампредседателя"><tfr rev_id="4107066" t="зампредседателя"><v><l id="390113" t="зампредседателя"><g v="NOUN"></g><g v="anim"></g><g v="masc"></g><g v="Fixd"></g><g v="sing"></g><g v="ablt"></g></l></v><v><l id="390113" t="зампредседателя"><g v="NOUN"></g><g v="anim"></g><g v="masc"></g><g v="Fixd"></g><g v="sing"></g><g v="accs"></g></l></v><v><l id="390113" t="зампредседателя"><g v="NOUN"></g><g v="anim"></g><g v="masc"></g><g v="Fixd"></g><g v="sing"></g><g v="datv"></g></l></v><v><l id="390113" t="зампредседателя"><g v="NOUN"></g><g v="anim"></g><g v="masc"></g><g v="Fixd"></g><g v="sing"></g><g v="gent"></g></l></v><v><l id="390113" t="зампредседателя"><g v="NOUN"></g><g v="anim"></g><g v="masc"></g><g v="Fixd"></g><g v="sing"></g><g v="loct"></g></l></v><v><l id="390113" t="зампредседателя"><g v="NOUN"></g><g v="anim"></g><g v="masc"></g><g v="Fixd"></g><g v="sing"></g><g v="nomn"></g></l></v></tfr></token><token id="634296" text="ВС"><tfr rev_id="4573777" t="ВС"><v><l id="53259" t="вс"><g v="NOUN"></g><g v="inan"></g><g v="masc"></g><g v="Fixd"></g><g v="Abbr"></g><g v="Orgn"></g><g v="sing"></g><g v="gent"></g></l></v></tfr></token><token id="634297" text="Василий"><tfr rev_id="1466412" t="Василий"><v><l id="39027" t="василий"><g v="NOUN"></g><g v="anim"></g><g v="masc"></g><g v="Name"></g><g v="sing"></g><g v="nomn"></g></l></v></tfr></token><token id="634298" text="Нечаев"><tfr rev_id="1466413" t="Нечаев"><v><l id="190003" t="нечаев"><g v="NOUN"></g><g v="anim"></g><g v="masc"></g><g v="Sgtm"></g><g v="Surn"></g><g v="sing"></g><g v="nomn"></g></l></v></tfr></token><token id="634299" text="."><tfr rev_id="1466414" t="."><v><l id="0" t="."><g v="PNCT"></g></l></v></tfr></token></tokens></sentence><sentence id="35494"><source>Не исключено, что принятые Верховным судом поправки отразятся и на решениях по поводу последних судебных исков Юрия Лужкова к некоторым СМИ, которые в последнее время публикуют и транслируют о нём разоблачительные материалы.</source><tokens><token id="634300" text="Не"><tfr rev_id="1466415" t="Не"><v><l id="178876" t="не"><g v="PRCL"></g></l></v></tfr></token><token id="634301" text="исключено"><tfr rev_id="1466416" t="исключено"><v><l id="124368" t="исключён"><g v="PRTS"></g><g v="perf"></g><g v="past"></g><g v="pssv"></g><g v="neut"></g><g v="sing"></g></l></v></tfr></token><token id="634302" text=","><tfr rev_id="1466417" t=","><v><l id="0" t=","><g v="PNCT"></g></l></v></tfr></token><token id="634303" text="что"><tfr rev_id="3197103" t="что"><v><l id="377004" t="что"><g v="CONJ"></g></l></v><v><l id="377005" t="что"><g v="NPRO"></g><g v="neut"></g><g v="sing"></g><g v="nomn"></g></l></v><v><l id="377005" t="что"><g v="NPRO"></g><g v="neut"></g><g v="sing"></g><g v="accs"></g></l></v><v><l id="377006" t="что"><g v="ADVB"></g><g v="Ques"></g></l></v><v><l id="388695" t="что"><g v="PRCL"></g></l></v></tfr></token><token id="634304" text="принятые"><tfr rev_id="1466419" t="принятые"><v><l id="272698" t="принятый"><g v="ADJF"></g><g v="plur"></g><g v="nomn"></g></l></v><v><l id="272698" t="принятый"><g v="ADJF"></g><g v="inan"></g><g v="plur"></g><g v="accs"></g></l></v><v><l id="272703" t="принятый"><g v="PRTF"></g><g v="perf"></g><g v="tran"></g><g v="past"></g><g v="pssv"></g><g v="plur"></g><g v="nomn"></g></l></v><v><l id="272703" t="принятый"><g v="PRTF"></g><g v="perf"></g><g v="tran"></g><g v="past"></g><g v="pssv"></g><g v="inan"></g><g v="plur"></g><g v="accs"></g></l></v></tfr></token><token id="634305" text="Верховным"><tfr rev_id="4414513" t="Верховным"><v><l id="41800" t="верховный"><g v="ADJF"></g><g v="Qual"></g><g v="masc"></g><g v="sing"></g><g v="ablt"></g></l></v></tfr></token><token id="634306" text="судом"><tfr rev_id="1466421" t="судом"><v><l id="338918" t="суд"><g v="NOUN"></g><g v="inan"></g><g v="masc"></g><g v="sing"></g><g v="ablt"></g></l></v></tfr></token><token id="634307" text="поправки"><tfr rev_id="3747450" t="поправки"><v><l id="259505" t="поправка"><g v="NOUN"></g><g v="inan"></g><g v="femn"></g><g v="plur"></g><g v="nomn"></g></l></v></tfr></token><token id="634308" text="отразятся"><tfr rev_id="1466423" t="отразятся"><v><l id="217316" t="отразился"><g v="VERB"></g><g v="perf"></g><g v="intr"></g><g v="plur"></g><g v="3per"></g><g v="futr"></g><g v="indc"></g></l></v></tfr></token><token id="634309" text="и"><tfr rev_id="4199968" t="и"><v><l id="116949" t="и"><g v="CONJ"></g></l></v></tfr></token><token id="634310" text="на"><tfr rev_id="3339310" t="на"><v><l id="166264" t="на"><g v="PREP"></g></l></v></tfr></token><token id="634311" text="решениях"><tfr rev_id="1466426" t="решениях"><v><l id="307350" t="решение"><g v="NOUN"></g><g v="inan"></g><g v="neut"></g><g v="plur"></g><g v="loct"></g></l></v></tfr></token><token id="634312" text="по"><tfr rev_id="1466427" t="по"><v><l id="241240" t="по"><g v="PREP"></g></l></v></tfr></token><token id="634313" text="поводу"><tfr rev_id="3812032" t="поводу"><v><l id="242551" t="повод"><g v="NOUN"></g><g v="inan"></g><g v="masc"></g><g v="sing"></g><g v="datv"></g></l></v></tfr></token><token id="634314" text="последних"><tfr rev_id="3497695" t="последних"><v><l id="261565" t="последний"><g v="ADJF"></g><g v="plur"></g><g v="gent"></g></l></v></tfr></token><token id="634315" text="судебных"><tfr rev_id="4198233" t="судебных"><v><l id="338966" t="судебный"><g v="ADJF"></g><g v="Qual"></g><g v="plur"></g><g v="gent"></g></l></v></tfr></token><token id="634316" text="исков"><tfr rev_id="1466431" t="исков"><v><l id="124180" t="иск"><g v="NOUN"></g><g v="inan"></g><g v="masc"></g><g v="plur"></g><g v="gent"></g></l></v></tfr></token><token id="634317" text="Юрия"><tfr rev_id="3546776" t="Юрия"><v><l id="387110" t="юрий"><g v="NOUN"></g><g v="anim"></g><g v="masc"></g><g v="Name"></g><g v="sing"></g><g v="gent"></g></l></v></tfr></token><token id="634318" text="Лужкова"><tfr rev_id="4426450" t="Лужкова"><v><l id="151327" t="лужков"><g v="NOUN"></g><g v="anim"></g><g v="masc"></g><g v="Sgtm"></g><g v="Surn"></g><g v="sing"></g><g v="gent"></g></l></v></tfr></token><token id="634319" text="к"><tfr rev_id="1466434" t="к"><v><l id="127460" t="к"><g v="PREP"></g></l></v></tfr></token><token id="634320" text="некоторым"><tfr rev_id="4292010" t="некоторым"><v><l id="183542" t="некоторый"><g v="ADJF"></g><g v="Apro"></g><g v="plur"></g><g v="datv"></g></l></v></tfr></token><token id="634321" text="СМИ"><tfr rev_id="4489537" t="СМИ"><v><l id="326341" t="сми"><g v="NOUN"></g><g v="inan"></g><g v="GNdr"></g><g v="Pltm"></g><g v="Fixd"></g><g v="Abbr"></g><g v="plur"></g><g v="datv"></g></l></v></tfr></token><token id="634322" text=","><tfr rev_id="1466437" t=","><v><l id="0" t=","><g v="PNCT"></g></l></v></tfr></token><token id="634323" text="которые"><tfr rev_id="4084803" t="которые"><v><l id="141203" t="который"><g v="ADJF"></g><g v="Apro"></g><g v="Subx"></g><g v="Anph"></g><g v="plur"></g><g v="nomn"></g></l></v></tfr></token><token id="634324" text="в"><tfr rev_id="1466439" t="в"><v><l id="37409" t="в"><g v="PREP"></g></l></v></tfr></token><token id="634325" text="последнее"><tfr rev_id="3809306" t="последнее"><v><l id="261565" t="последний"><g v="ADJF"></g><g v="neut"></g><g v="sing"></g><g v="nomn"></g></l></v><v><l id="261565" t="последний"><g v="ADJF"></g><g v="neut"></g><g v="sing"></g><g v="accs"></g></l></v></tfr></token><token id="634326" text="время"><tfr rev_id="1466441" t="время"><v><l id="53149" t="время"><g v="NOUN"></g><g v="inan"></g><g v="neut"></g><g v="sing"></g><g v="nomn"></g></l></v><v><l id="53149" t="время"><g v="NOUN"></g><g v="inan"></g><g v="neut"></g><g v="sing"></g><g v="accs"></g></l></v></tfr></token><token id="634327" text="публикуют"><tfr rev_id="1466442" t="публикуют"><v><l id="288830" t="публикую"><g v="VERB"></g><g v="impf"></g><g v="tran"></g><g v="plur"></g><g v="3per"></g><g v="pres"></g><g v="indc"></g></l></v></tfr></token><token id="634328" text="и"><tfr rev_id="4092931" t="и"><v><l id="116949" t="и"><g v="CONJ"></g></l></v></tfr></token><token id="634329" text="транслируют"><tfr rev_id="1466444" t="транслируют"><v><l id="349030" t="транслирую"><g v="VERB"></g><g v="impf"></g><g v="tran"></g><g v="plur"></g><g v="3per"></g><g v="pres"></g><g v="indc"></g></l></v></tfr></token><token id="634330" text="о"><tfr rev_id="1466445" t="о"><v><l id="192977" t="о"><g v="PREP"></g></l></v><v><l id="192978" t="о"><g v="INTJ"></g></l></v></tfr></token><token id="634331" text="нём"><tfr rev_id="4530077" t="нём"><v><l id="206541" t="он"><g v="NPRO"></g><g v="masc"></g><g v="3per"></g><g v="Anph"></g><g v="sing"></g><g v="loct"></g><g v="Af-p"></g></l></v><v><l id="206649" t="оно"><g v="NPRO"></g><g v="neut"></g><g v="3per"></g><g v="Anph"></g><g v="sing"></g><g v="loct"></g><g v="Af-p"></g></l></v></tfr></token><token id="634332" text="разоблачительные"><tfr rev_id="3860124" t="разоблачительные"><v><l id="296080" t="разоблачительный"><g v="ADJF"></g><g v="inan"></g><g v="plur"></g><g v="accs"></g></l></v></tfr></token><token id="634333" text="материалы"><tfr rev_id="3749039" t="материалы"><v><l id="156200" t="материал"><g v="NOUN"></g><g v="inan"></g><g v="masc"></g><g v="plur"></g><g v="accs"></g></l></v></tfr></token><token id="634334" text="."><tfr rev_id="1466449" t="."><v><l id="0" t="."><g v="PNCT"></g></l></v></tfr></token></tokens></sentence></paragraph><paragraph id="11260"><sentence id="35495"><source>О свободе слова в нашей стране читайте в статье Частного корреспондента «Изнасилование свободы слова »</source><tokens><token id="634335" text="О"><tfr rev_id="3328343" t="О"><v><l id="192977" t="о"><g v="PREP"></g></l></v></tfr></token><token id="634336" text="свободе"><tfr rev_id="3554996" t="свободе"><v><l id="316212" t="свобода"><g v="NOUN"></g><g v="inan"></g><g v="femn"></g><g v="sing"></g><g v="loct"></g></l></v></tfr></token><token id="634337" text="слова"><tfr rev_id="3488240" t="слова"><v><l id="325168" t="слово"><g v="NOUN"></g><g v="inan"></g><g v="neut"></g><g v="sing"></g><g v="gent"></g></l></v></tfr></token><token id="634338" text="в"><tfr rev_id="1466453" t="в"><v><l id="37409" t="в"><g v="PREP"></g></l></v></tfr></token><token id="634339" text="нашей"><tfr rev_id="4176050" t="нашей"><v><l id="178492" t="наш"><g v="ADJF"></g><g v="Apro"></g><g v="femn"></g><g v="sing"></g><g v="gent"></g></l></v><v><l id="178492" t="наш"><g v="ADJF"></g><g v="Apro"></g><g v="femn"></g><g v="sing"></g><g v="datv"></g></l></v><v><l id="178492" t="наш"><g v="ADJF"></g><g v="Apro"></g><g v="femn"></g><g v="sing"></g><g v="ablt"></g></l></v><v><l id="178492" t="наш"><g v="ADJF"></g><g v="Apro"></g><g v="femn"></g><g v="sing"></g><g v="loct"></g></l></v></tfr></token><token id="634340" text="стране"><tfr rev_id="3226468" t="стране"><v><l id="337100" t="страна"><g v="NOUN"></g><g v="inan"></g><g v="femn"></g><g v="sing"></g><g v="loct"></g></l></v></tfr></token><token id="634341" text="читайте"><tfr rev_id="1466456" t="читайте"><v><l id="376719" t="читаю"><g v="VERB"></g><g v="impf"></g><g v="tran"></g><g v="plur"></g><g v="impr"></g><g v="excl"></g></l></v></tfr></token><token id="634342" text="в"><tfr rev_id="1466457" t="в"><v><l id="37409" t="в"><g v="PREP"></g></l></v></tfr></token><token id="634343" text="статье"><tfr rev_id="3500292" t="статье"><v><l id="335173" t="статья"><g v="NOUN"></g><g v="inan"></g><g v="femn"></g><g v="sing"></g><g v="loct"></g></l></v></tfr></token><token id="634344" text="Частного"><tfr rev_id="4309821" t="Частного"><v><l id="374795" t="частный"><g v="ADJF"></g><g v="Qual"></g><g v="masc"></g><g v="sing"></g><g v="gent"></g></l></v><v><l id="374795" t="частный"><g v="ADJF"></g><g v="Qual"></g><g v="anim"></g><g v="masc"></g><g v="sing"></g><g v="accs"></g></l></v></tfr></token><token id="634345" text="корреспондента"><tfr rev_id="2826770" t="корреспондента"><v><l id="140239" t="корреспондент"><g v="NOUN"></g><g v="anim"></g><g v="masc"></g><g v="sing"></g><g v="gent"></g></l></v></tfr></token><token id="634346" text="«"><tfr rev_id="2444874" t="«"><v><l id="0" t="«"><g v="PNCT"></g></l></v></tfr></token><token id="634347" text="Изнасилование"><tfr rev_id="2560665" t="Изнасилование"><v><l id="119876" t="изнасилование"><g v="NOUN"></g><g v="inan"></g><g v="neut"></g><g v="sing"></g><g v="nomn"></g></l></v></tfr></token><token id="634348" text="свободы"><tfr rev_id="3467215" t="свободы"><v><l id="316212" t="свобода"><g v="NOUN"></g><g v="inan"></g><g v="femn"></g><g v="sing"></g><g v="gent"></g></l></v></tfr></token><token id="634349" text="слова"><tfr rev_id="3434190" t="слова"><v><l id="325168" t="слово"><g v="NOUN"></g><g v="inan"></g><g v="neut"></g><g v="sing"></g><g v="gent"></g></l></v></tfr></token><token id="634350" text="»"><tfr rev_id="2444875" t="»"><v><l id="0" t="»"><g v="PNCT"></g></l></v></tfr></token></tokens></sentence></paragraph></paragraphs></text>