<?xml version="1.0" encoding="utf-8"?><text id="1215" parent="226" name="Исход из Ирака"><tags><tag>url:http://www.chaskor.ru/news/ishod_iz_iraka</tag><tag>Год:2009</tag><tag>Дата:08/03</tag><tag>Тема:ЧасКор:В мире</tag><tag>Тема:ЧасКор:В мире/Ближний Восток</tag></tags><paragraphs><paragraph id="11269"><sentence id="35526"><source>Исход из Ирака</source><tokens><token id="634946" text="Исход"><tfr rev_id="3503349" t="Исход"><v><l id="126754" t="исход"><g v="NOUN"></g><g v="inan"></g><g v="masc"></g><g v="sing"></g><g v="nomn"></g></l></v></tfr></token><token id="634947" text="из"><tfr rev_id="2602913" t="из"><v><l id="117677" t="из"><g v="PREP"></g></l></v></tfr></token><token id="634948" text="Ирака"><tfr rev_id="1467063" t="Ирака"><v><l id="123896" t="ирак"><g v="NOUN"></g><g v="inan"></g><g v="masc"></g><g v="Geox"></g><g v="sing"></g><g v="gent"></g></l></v></tfr></token></tokens></sentence><sentence id="35527"><source>В ближайшие шесть месяцев контингент армии США в Ираке сократится на 12 тыс. человек.</source><tokens><token id="634949" text="В"><tfr rev_id="1467064" t="В"><v><l id="37409" t="в"><g v="PREP"></g></l></v></tfr></token><token id="634950" text="ближайшие"><tfr rev_id="4430905" t="ближайшие"><v><l id="30857" t="ближайший"><g v="ADJF"></g><g v="Supr"></g><g v="Qual"></g><g v="inan"></g><g v="plur"></g><g v="accs"></g></l></v></tfr></token><token id="634951" text="шесть"><tfr rev_id="1467066" t="шесть"><v><l id="379421" t="шесть"><g v="NUMR"></g><g v="nomn"></g></l></v><v><l id="379421" t="шесть"><g v="NUMR"></g><g v="accs"></g></l></v></tfr></token><token id="634952" text="месяцев"><tfr rev_id="1467067" t="месяцев"><v><l id="158841" t="месяц"><g v="NOUN"></g><g v="inan"></g><g v="masc"></g><g v="plur"></g><g v="gent"></g></l></v></tfr></token><token id="634953" text="контингент"><tfr rev_id="4102382" t="контингент"><v><l id="138358" t="контингент"><g v="NOUN"></g><g v="inan"></g><g v="masc"></g><g v="sing"></g><g v="nomn"></g></l></v></tfr></token><token id="634954" text="армии"><tfr rev_id="3548560" t="армии"><v><l id="16905" t="армия"><g v="NOUN"></g><g v="inan"></g><g v="femn"></g><g v="sing"></g><g v="gent"></g></l></v></tfr></token><token id="634955" text="США"><tfr rev_id="3811393" t="США"><v><l id="341371" t="сша"><g v="NOUN"></g><g v="inan"></g><g v="GNdr"></g><g v="Pltm"></g><g v="Fixd"></g><g v="Abbr"></g><g v="Geox"></g><g v="plur"></g><g v="nomn"></g></l></v><v><l id="341371" t="сша"><g v="NOUN"></g><g v="inan"></g><g v="GNdr"></g><g v="Pltm"></g><g v="Fixd"></g><g v="Abbr"></g><g v="Geox"></g><g v="plur"></g><g v="gent"></g></l></v><v><l id="341371" t="сша"><g v="NOUN"></g><g v="inan"></g><g v="GNdr"></g><g v="Pltm"></g><g v="Fixd"></g><g v="Abbr"></g><g v="Geox"></g><g v="plur"></g><g v="datv"></g></l></v><v><l id="341371" t="сша"><g v="NOUN"></g><g v="inan"></g><g v="GNdr"></g><g v="Pltm"></g><g v="Fixd"></g><g v="Abbr"></g><g v="Geox"></g><g v="plur"></g><g v="accs"></g></l></v><v><l id="341371" t="сша"><g v="NOUN"></g><g v="inan"></g><g v="GNdr"></g><g v="Pltm"></g><g v="Fixd"></g><g v="Abbr"></g><g v="Geox"></g><g v="plur"></g><g v="ablt"></g></l></v><v><l id="341371" t="сша"><g v="NOUN"></g><g v="inan"></g><g v="GNdr"></g><g v="Pltm"></g><g v="Fixd"></g><g v="Abbr"></g><g v="Geox"></g><g v="plur"></g><g v="loct"></g></l></v></tfr></token><token id="634956" text="в"><tfr rev_id="1467071" t="в"><v><l id="37409" t="в"><g v="PREP"></g></l></v></tfr></token><token id="634957" text="Ираке"><tfr rev_id="1467072" t="Ираке"><v><l id="123896" t="ирак"><g v="NOUN"></g><g v="inan"></g><g v="masc"></g><g v="Geox"></g><g v="sing"></g><g v="loct"></g></l></v></tfr></token><token id="634958" text="сократится"><tfr rev_id="1467073" t="сократится"><v><l id="328824" t="сократился"><g v="VERB"></g><g v="perf"></g><g v="intr"></g><g v="sing"></g><g v="3per"></g><g v="futr"></g><g v="indc"></g></l></v></tfr></token><token id="634959" text="на"><tfr rev_id="3345518" t="на"><v><l id="166264" t="на"><g v="PREP"></g></l></v></tfr></token><token id="634960" text="12"><tfr rev_id="2462049" t="12"><v><l id="0" t="12"><g v="NUMB"></g></l></v></tfr></token><token id="634961" text="тыс"><tfr rev_id="4230463" t="тыс"><v><l id="389041" t="тыс"><g v="NOUN"></g><g v="inan"></g><g v="femn"></g><g v="Fixd"></g><g v="Abbr"></g><g v="plur"></g><g v="nomn"></g></l></v><v><l id="389041" t="тыс"><g v="NOUN"></g><g v="inan"></g><g v="femn"></g><g v="Fixd"></g><g v="Abbr"></g><g v="plur"></g><g v="gent"></g></l></v><v><l id="389041" t="тыс"><g v="NOUN"></g><g v="inan"></g><g v="femn"></g><g v="Fixd"></g><g v="Abbr"></g><g v="plur"></g><g v="datv"></g></l></v><v><l id="389041" t="тыс"><g v="NOUN"></g><g v="inan"></g><g v="femn"></g><g v="Fixd"></g><g v="Abbr"></g><g v="plur"></g><g v="accs"></g></l></v><v><l id="389041" t="тыс"><g v="NOUN"></g><g v="inan"></g><g v="femn"></g><g v="Fixd"></g><g v="Abbr"></g><g v="plur"></g><g v="ablt"></g></l></v><v><l id="389041" t="тыс"><g v="NOUN"></g><g v="inan"></g><g v="femn"></g><g v="Fixd"></g><g v="Abbr"></g><g v="plur"></g><g v="loct"></g></l></v></tfr></token><token id="634962" text="."><tfr rev_id="1467077" t="."><v><l id="0" t="."><g v="PNCT"></g></l></v></tfr></token><token id="634963" text="человек"><tfr rev_id="3490796" t="человек"><v><l id="375073" t="человек"><g v="NOUN"></g><g v="anim"></g><g v="masc"></g><g v="plur"></g><g v="gent"></g></l></v></tfr></token><token id="634964" text="."><tfr rev_id="1467079" t="."><v><l id="0" t="."><g v="PNCT"></g></l></v></tfr></token></tokens></sentence></paragraph><paragraph id="11270"><sentence id="35528"><source>В ближайшие шесть месяцев контингент армии США в Ираке сократится на две бригады (около 12 тыс. человек).</source><tokens><token id="634965" text="В"><tfr rev_id="1467080" t="В"><v><l id="37409" t="в"><g v="PREP"></g></l></v></tfr></token><token id="634966" text="ближайшие"><tfr rev_id="4430906" t="ближайшие"><v><l id="30857" t="ближайший"><g v="ADJF"></g><g v="Supr"></g><g v="Qual"></g><g v="inan"></g><g v="plur"></g><g v="accs"></g></l></v></tfr></token><token id="634967" text="шесть"><tfr rev_id="1467082" t="шесть"><v><l id="379421" t="шесть"><g v="NUMR"></g><g v="nomn"></g></l></v><v><l id="379421" t="шесть"><g v="NUMR"></g><g v="accs"></g></l></v></tfr></token><token id="634968" text="месяцев"><tfr rev_id="1467083" t="месяцев"><v><l id="158841" t="месяц"><g v="NOUN"></g><g v="inan"></g><g v="masc"></g><g v="plur"></g><g v="gent"></g></l></v></tfr></token><token id="634969" text="контингент"><tfr rev_id="3272600" t="контингент"><v><l id="138358" t="контингент"><g v="NOUN"></g><g v="inan"></g><g v="masc"></g><g v="sing"></g><g v="nomn"></g></l></v></tfr></token><token id="634970" text="армии"><tfr rev_id="4178335" t="армии"><v><l id="16905" t="армия"><g v="NOUN"></g><g v="inan"></g><g v="femn"></g><g v="sing"></g><g v="gent"></g></l></v></tfr></token><token id="634971" text="США"><tfr rev_id="3811394" t="США"><v><l id="341371" t="сша"><g v="NOUN"></g><g v="inan"></g><g v="GNdr"></g><g v="Pltm"></g><g v="Fixd"></g><g v="Abbr"></g><g v="Geox"></g><g v="plur"></g><g v="gent"></g></l></v></tfr></token><token id="634972" text="в"><tfr rev_id="1467087" t="в"><v><l id="37409" t="в"><g v="PREP"></g></l></v></tfr></token><token id="634973" text="Ираке"><tfr rev_id="1467088" t="Ираке"><v><l id="123896" t="ирак"><g v="NOUN"></g><g v="inan"></g><g v="masc"></g><g v="Geox"></g><g v="sing"></g><g v="loct"></g></l></v></tfr></token><token id="634974" text="сократится"><tfr rev_id="1467089" t="сократится"><v><l id="328824" t="сократился"><g v="VERB"></g><g v="perf"></g><g v="intr"></g><g v="sing"></g><g v="3per"></g><g v="futr"></g><g v="indc"></g></l></v></tfr></token><token id="634975" text="на"><tfr rev_id="3337466" t="на"><v><l id="166264" t="на"><g v="PREP"></g></l></v></tfr></token><token id="634976" text="две"><tfr rev_id="1467091" t="две"><v><l id="78668" t="два"><g v="NUMR"></g><g v="femn"></g><g v="nomn"></g></l></v><v><l id="78668" t="два"><g v="NUMR"></g><g v="inan"></g><g v="femn"></g><g v="accs"></g></l></v></tfr></token><token id="634977" text="бригады"><tfr rev_id="3465560" t="бригады"><v><l id="33928" t="бригада"><g v="NOUN"></g><g v="inan"></g><g v="femn"></g><g v="sing"></g><g v="gent"></g></l></v></tfr></token><token id="634978" text="("><tfr rev_id="1467093" t="("><v><l id="0" t="("><g v="PNCT"></g></l></v></tfr></token><token id="634979" text="около"><tfr rev_id="4231500" t="около"><v><l id="205005" t="около"><g v="PREP"></g></l></v></tfr></token><token id="634980" text="12"><tfr rev_id="2462050" t="12"><v><l id="0" t="12"><g v="NUMB"></g></l></v></tfr></token><token id="634981" text="тыс"><tfr rev_id="4165473" t="тыс"><v><l id="389041" t="тыс"><g v="NOUN"></g><g v="inan"></g><g v="femn"></g><g v="Fixd"></g><g v="Abbr"></g><g v="plur"></g><g v="nomn"></g></l></v><v><l id="389041" t="тыс"><g v="NOUN"></g><g v="inan"></g><g v="femn"></g><g v="Fixd"></g><g v="Abbr"></g><g v="plur"></g><g v="gent"></g></l></v><v><l id="389041" t="тыс"><g v="NOUN"></g><g v="inan"></g><g v="femn"></g><g v="Fixd"></g><g v="Abbr"></g><g v="plur"></g><g v="datv"></g></l></v><v><l id="389041" t="тыс"><g v="NOUN"></g><g v="inan"></g><g v="femn"></g><g v="Fixd"></g><g v="Abbr"></g><g v="plur"></g><g v="accs"></g></l></v><v><l id="389041" t="тыс"><g v="NOUN"></g><g v="inan"></g><g v="femn"></g><g v="Fixd"></g><g v="Abbr"></g><g v="plur"></g><g v="ablt"></g></l></v><v><l id="389041" t="тыс"><g v="NOUN"></g><g v="inan"></g><g v="femn"></g><g v="Fixd"></g><g v="Abbr"></g><g v="plur"></g><g v="loct"></g></l></v></tfr></token><token id="634982" text="."><tfr rev_id="1467097" t="."><v><l id="0" t="."><g v="PNCT"></g></l></v></tfr></token><token id="634983" text="человек"><tfr rev_id="2963974" t="человек"><v><l id="375073" t="человек"><g v="NOUN"></g><g v="anim"></g><g v="masc"></g><g v="plur"></g><g v="gent"></g></l></v></tfr></token><token id="634984" text=")"><tfr rev_id="1467099" t=")"><v><l id="0" t=")"><g v="PNCT"></g></l></v></tfr></token><token id="634985" text="."><tfr rev_id="1467100" t="."><v><l id="0" t="."><g v="PNCT"></g></l></v></tfr></token></tokens></sentence><sentence id="35529"><source>Вывод войск будет осуществлен в соответствии с планом президента Америки Барака Обамы закончить операцию в Ираке к августу 2010 года, сообщает Reuters.</source><tokens><token id="634986" text="Вывод"><tfr rev_id="3487906" t="Вывод"><v><l id="56345" t="вывод"><g v="NOUN"></g><g v="inan"></g><g v="masc"></g><g v="sing"></g><g v="nomn"></g></l></v></tfr></token><token id="634987" text="войск"><tfr rev_id="1467102" t="войск"><v><l id="49729" t="войско"><g v="NOUN"></g><g v="inan"></g><g v="neut"></g><g v="plur"></g><g v="gent"></g></l></v></tfr></token><token id="634988" text="будет"><tfr rev_id="1467103" t="будет"><v><l id="37265" t="есть"><g v="VERB"></g><g v="impf"></g><g v="intr"></g><g v="sing"></g><g v="3per"></g><g v="futr"></g><g v="indc"></g></l></v></tfr></token><token id="634989" text="осуществлен"><tfr rev_id="1467104" t="осуществлен"><v><l id="211532" t="осуществлён"><g v="PRTS"></g><g v="perf"></g><g v="past"></g><g v="pssv"></g><g v="masc"></g><g v="sing"></g></l></v></tfr></token><token id="634990" text="в"><tfr rev_id="1467105" t="в"><v><l id="37409" t="в"><g v="PREP"></g></l></v></tfr></token><token id="634991" text="соответствии"><tfr rev_id="1467106" t="соответствии"><v><l id="329623" t="соответствие"><g v="NOUN"></g><g v="inan"></g><g v="neut"></g><g v="sing"></g><g v="loct"></g></l></v></tfr></token><token id="634992" text="с"><tfr rev_id="1467107" t="с"><v><l id="311151" t="с"><g v="PREP"></g></l></v></tfr></token><token id="634993" text="планом"><tfr rev_id="1467108" t="планом"><v><l id="239677" t="план"><g v="NOUN"></g><g v="inan"></g><g v="masc"></g><g v="sing"></g><g v="ablt"></g></l></v></tfr></token><token id="634994" text="президента"><tfr rev_id="4363944" t="президента"><v><l id="267449" t="президент"><g v="NOUN"></g><g v="anim"></g><g v="masc"></g><g v="sing"></g><g v="gent"></g></l></v></tfr></token><token id="634995" text="Америки"><tfr rev_id="1467110" t="Америки"><v><l id="11393" t="америка"><g v="NOUN"></g><g v="inan"></g><g v="femn"></g><g v="Sgtm"></g><g v="Geox"></g><g v="sing"></g><g v="gent"></g></l></v></tfr></token><token id="634996" text="Барака"><tfr rev_id="4215476" t="Барака"><v><l id="23705" t="барак"><g v="NOUN"></g><g v="inan"></g><g v="masc"></g><g v="sing"></g><g v="gent"></g></l></v><v><l id="23706" t="барак"><g v="NOUN"></g><g v="anim"></g><g v="masc"></g><g v="Name"></g><g v="sing"></g><g v="gent"></g></l></v></tfr></token><token id="634997" text="Обамы"><tfr rev_id="4576152" t="Обамы"><v><l id="388472" t="обама"><g v="NOUN"></g><g v="anim"></g><g v="ms-f"></g><g v="Sgtm"></g><g v="Surn"></g><g v="sing"></g><g v="gent"></g></l></v></tfr></token><token id="634998" text="закончить"><tfr rev_id="1467113" t="закончить"><v><l id="103832" t="закончить"><g v="INFN"></g><g v="perf"></g><g v="tran"></g></l></v></tfr></token><token id="634999" text="операцию"><tfr rev_id="1467114" t="операцию"><v><l id="206957" t="операция"><g v="NOUN"></g><g v="inan"></g><g v="femn"></g><g v="sing"></g><g v="accs"></g></l></v></tfr></token><token id="635000" text="в"><tfr rev_id="1467115" t="в"><v><l id="37409" t="в"><g v="PREP"></g></l></v></tfr></token><token id="635001" text="Ираке"><tfr rev_id="1467116" t="Ираке"><v><l id="123896" t="ирак"><g v="NOUN"></g><g v="inan"></g><g v="masc"></g><g v="Geox"></g><g v="sing"></g><g v="loct"></g></l></v></tfr></token><token id="635002" text="к"><tfr rev_id="1467117" t="к"><v><l id="127460" t="к"><g v="PREP"></g></l></v></tfr></token><token id="635003" text="августу"><tfr rev_id="4337644" t="августу"><v><l id="2368" t="август"><g v="NOUN"></g><g v="inan"></g><g v="masc"></g><g v="sing"></g><g v="datv"></g></l></v></tfr></token><token id="635004" text="2010"><tfr rev_id="2462051" t="2010"><v><l id="0" t="2010"><g v="NUMB"></g></l></v></tfr></token><token id="635005" text="года"><tfr rev_id="3503542" t="года"><v><l id="72149" t="год"><g v="NOUN"></g><g v="inan"></g><g v="masc"></g><g v="sing"></g><g v="gen1"></g></l></v></tfr></token><token id="635006" text=","><tfr rev_id="1467121" t=","><v><l id="0" t=","><g v="PNCT"></g></l></v></tfr></token><token id="635007" text="сообщает"><tfr rev_id="1467122" t="сообщает"><v><l id="329538" t="сообщаю"><g v="VERB"></g><g v="impf"></g><g v="tran"></g><g v="sing"></g><g v="3per"></g><g v="pres"></g><g v="indc"></g></l></v></tfr></token><token id="635008" text="Reuters"><tfr rev_id="2474950" t="Reuters"><v><l id="0" t="Reuters"><g v="LATN"></g></l></v></tfr></token><token id="635009" text="."><tfr rev_id="1467124" t="."><v><l id="0" t="."><g v="PNCT"></g></l></v></tfr></token></tokens></sentence><sentence id="35530"><source>В настоящее время в Ираке расположено 14 бригад армии США, а общая численность военнослужащих достигает 140 тыс. человек.</source><tokens><token id="635010" text="В"><tfr rev_id="1467125" t="В"><v><l id="37409" t="в"><g v="PREP"></g></l></v></tfr></token><token id="635011" text="настоящее"><tfr rev_id="4219277" t="настоящее"><v><l id="176151" t="настоящий"><g v="ADJF"></g><g v="neut"></g><g v="sing"></g><g v="nomn"></g></l></v><v><l id="176151" t="настоящий"><g v="ADJF"></g><g v="neut"></g><g v="sing"></g><g v="accs"></g></l></v></tfr></token><token id="635012" text="время"><tfr rev_id="4100812" t="время"><v><l id="53149" t="время"><g v="NOUN"></g><g v="inan"></g><g v="neut"></g><g v="sing"></g><g v="accs"></g></l></v></tfr></token><token id="635013" text="в"><tfr rev_id="1467128" t="в"><v><l id="37409" t="в"><g v="PREP"></g></l></v></tfr></token><token id="635014" text="Ираке"><tfr rev_id="1467129" t="Ираке"><v><l id="123896" t="ирак"><g v="NOUN"></g><g v="inan"></g><g v="masc"></g><g v="Geox"></g><g v="sing"></g><g v="loct"></g></l></v></tfr></token><token id="635015" text="расположено"><tfr rev_id="1467130" t="расположено"><v><l id="300106" t="расположен"><g v="PRTS"></g><g v="perf"></g><g v="past"></g><g v="pssv"></g><g v="neut"></g><g v="sing"></g></l></v></tfr></token><token id="635016" text="14"><tfr rev_id="2462052" t="14"><v><l id="0" t="14"><g v="NUMB"></g></l></v></tfr></token><token id="635017" text="бригад"><tfr rev_id="1467132" t="бригад"><v><l id="33928" t="бригада"><g v="NOUN"></g><g v="inan"></g><g v="femn"></g><g v="plur"></g><g v="gent"></g></l></v></tfr></token><token id="635018" text="армии"><tfr rev_id="4179453" t="армии"><v><l id="16905" t="армия"><g v="NOUN"></g><g v="inan"></g><g v="femn"></g><g v="sing"></g><g v="gent"></g></l></v></tfr></token><token id="635019" text="США"><tfr rev_id="3811395" t="США"><v><l id="341371" t="сша"><g v="NOUN"></g><g v="inan"></g><g v="GNdr"></g><g v="Pltm"></g><g v="Fixd"></g><g v="Abbr"></g><g v="Geox"></g><g v="plur"></g><g v="gent"></g></l></v></tfr></token><token id="635020" text=","><tfr rev_id="1467135" t=","><v><l id="0" t=","><g v="PNCT"></g></l></v></tfr></token><token id="635021" text="а"><tfr rev_id="1467136" t="а"><v><l id="51" t="а"><g v="CONJ"></g></l></v><v><l id="52" t="а"><g v="INTJ"></g></l></v><v><l id="53" t="а"><g v="PRCL"></g></l></v></tfr></token><token id="635022" text="общая"><tfr rev_id="1467137" t="общая"><v><l id="201663" t="общий"><g v="ADJF"></g><g v="femn"></g><g v="sing"></g><g v="nomn"></g></l></v></tfr></token><token id="635023" text="численность"><tfr rev_id="1467138" t="численность"><v><l id="376562" t="численность"><g v="NOUN"></g><g v="inan"></g><g v="femn"></g><g v="sing"></g><g v="nomn"></g></l></v><v><l id="376562" t="численность"><g v="NOUN"></g><g v="inan"></g><g v="femn"></g><g v="sing"></g><g v="accs"></g></l></v></tfr></token><token id="635024" text="военнослужащих"><tfr rev_id="4465391" t="военнослужащих"><v><l id="48613" t="военнослужащий"><g v="NOUN"></g><g v="anim"></g><g v="masc"></g><g v="plur"></g><g v="gent"></g></l></v></tfr></token><token id="635025" text="достигает"><tfr rev_id="1467140" t="достигает"><v><l id="90508" t="достигаю"><g v="VERB"></g><g v="impf"></g><g v="tran"></g><g v="sing"></g><g v="3per"></g><g v="pres"></g><g v="indc"></g></l></v></tfr></token><token id="635026" text="140"><tfr rev_id="2462053" t="140"><v><l id="0" t="140"><g v="NUMB"></g></l></v></tfr></token><token id="635027" text="тыс"><tfr rev_id="4287451" t="тыс"><v><l id="389041" t="тыс"><g v="NOUN"></g><g v="inan"></g><g v="femn"></g><g v="Fixd"></g><g v="Abbr"></g><g v="plur"></g><g v="gent"></g></l></v></tfr></token><token id="635028" text="."><tfr rev_id="1467143" t="."><v><l id="0" t="."><g v="PNCT"></g></l></v></tfr></token><token id="635029" text="человек"><tfr rev_id="3437860" t="человек"><v><l id="375073" t="человек"><g v="NOUN"></g><g v="anim"></g><g v="masc"></g><g v="plur"></g><g v="gent"></g></l></v></tfr></token><token id="635030" text="."><tfr rev_id="1467145" t="."><v><l id="0" t="."><g v="PNCT"></g></l></v></tfr></token></tokens></sentence><sentence id="35531"><source>По принятому администрацией Обамы плану после вывода основных подразделений в 2010 году в Ираке останутся от 35 до 50 тыс. американских военнослужащих, которые будут заниматься подготовкой иракских военнослужащих и борьбой с терроризмом.</source><tokens><token id="635031" text="По"><tfr rev_id="1467146" t="По"><v><l id="241240" t="по"><g v="PREP"></g></l></v></tfr></token><token id="635032" text="принятому"><tfr rev_id="4296976" t="принятому"><v><l id="272703" t="принятый"><g v="PRTF"></g><g v="perf"></g><g v="tran"></g><g v="past"></g><g v="pssv"></g><g v="masc"></g><g v="sing"></g><g v="datv"></g></l></v></tfr></token><token id="635033" text="администрацией"><tfr rev_id="1467148" t="администрацией"><v><l id="5057" t="администрация"><g v="NOUN"></g><g v="inan"></g><g v="femn"></g><g v="sing"></g><g v="ablt"></g></l></v></tfr></token><token id="635034" text="Обамы"><tfr rev_id="4576153" t="Обамы"><v><l id="388472" t="обама"><g v="NOUN"></g><g v="anim"></g><g v="ms-f"></g><g v="Sgtm"></g><g v="Surn"></g><g v="sing"></g><g v="gent"></g></l></v></tfr></token><token id="635035" text="плану"><tfr rev_id="1467150" t="плану"><v><l id="239677" t="план"><g v="NOUN"></g><g v="inan"></g><g v="masc"></g><g v="sing"></g><g v="datv"></g></l></v></tfr></token><token id="635036" text="после"><tfr rev_id="4405041" t="после"><v><l id="261542" t="после"><g v="PREP"></g></l></v></tfr></token><token id="635037" text="вывода"><tfr rev_id="1467152" t="вывода"><v><l id="56345" t="вывод"><g v="NOUN"></g><g v="inan"></g><g v="masc"></g><g v="sing"></g><g v="gent"></g></l></v></tfr></token><token id="635038" text="основных"><tfr rev_id="3497594" t="основных"><v><l id="210595" t="основной"><g v="ADJF"></g><g v="plur"></g><g v="gent"></g></l></v><v><l id="210598" t="основный"><g v="ADJF"></g><g v="Qual"></g><g v="plur"></g><g v="gent"></g></l></v></tfr></token><token id="635039" text="подразделений"><tfr rev_id="1467154" t="подразделений"><v><l id="249427" t="подразделение"><g v="NOUN"></g><g v="inan"></g><g v="neut"></g><g v="plur"></g><g v="gent"></g></l></v></tfr></token><token id="635040" text="в"><tfr rev_id="1467155" t="в"><v><l id="37409" t="в"><g v="PREP"></g></l></v></tfr></token><token id="635041" text="2010"><tfr rev_id="2462054" t="2010"><v><l id="0" t="2010"><g v="NUMB"></g></l></v></tfr></token><token id="635042" text="году"><tfr rev_id="3045824" t="году"><v><l id="72149" t="год"><g v="NOUN"></g><g v="inan"></g><g v="masc"></g><g v="sing"></g><g v="loc2"></g></l></v></tfr></token><token id="635043" text="в"><tfr rev_id="1467158" t="в"><v><l id="37409" t="в"><g v="PREP"></g></l></v></tfr></token><token id="635044" text="Ираке"><tfr rev_id="1467159" t="Ираке"><v><l id="123896" t="ирак"><g v="NOUN"></g><g v="inan"></g><g v="masc"></g><g v="Geox"></g><g v="sing"></g><g v="loct"></g></l></v></tfr></token><token id="635045" text="останутся"><tfr rev_id="1467160" t="останутся"><v><l id="210896" t="остался"><g v="VERB"></g><g v="perf"></g><g v="intr"></g><g v="plur"></g><g v="3per"></g><g v="futr"></g><g v="indc"></g></l></v></tfr></token><token id="635046" text="от"><tfr rev_id="1467161" t="от"><v><l id="211644" t="от"><g v="PREP"></g></l></v></tfr></token><token id="635047" text="35"><tfr rev_id="2462055" t="35"><v><l id="0" t="35"><g v="NUMB"></g></l></v></tfr></token><token id="635048" text="до"><tfr rev_id="1467163" t="до"><v><l id="85153" t="до"><g v="PREP"></g></l></v></tfr></token><token id="635049" text="50"><tfr rev_id="2462056" t="50"><v><l id="0" t="50"><g v="NUMB"></g></l></v></tfr></token><token id="635050" text="тыс"><tfr rev_id="3807456" t="тыс"><v><l id="389041" t="тыс"><g v="NOUN"></g><g v="inan"></g><g v="femn"></g><g v="Fixd"></g><g v="Abbr"></g><g v="plur"></g><g v="gent"></g></l></v></tfr></token><token id="635051" text="."><tfr rev_id="1467166" t="."><v><l id="0" t="."><g v="PNCT"></g></l></v></tfr></token><token id="635052" text="американских"><tfr rev_id="4198114" t="американских"><v><l id="11429" t="американский"><g v="ADJF"></g><g v="plur"></g><g v="gent"></g></l></v></tfr></token><token id="635053" text="военнослужащих"><tfr rev_id="4465420" t="военнослужащих"><v><l id="48613" t="военнослужащий"><g v="NOUN"></g><g v="anim"></g><g v="masc"></g><g v="plur"></g><g v="gent"></g></l></v></tfr></token><token id="635054" text=","><tfr rev_id="1467169" t=","><v><l id="0" t=","><g v="PNCT"></g></l></v></tfr></token><token id="635055" text="которые"><tfr rev_id="3746293" t="которые"><v><l id="141203" t="который"><g v="ADJF"></g><g v="Apro"></g><g v="Subx"></g><g v="Anph"></g><g v="plur"></g><g v="nomn"></g></l></v></tfr></token><token id="635056" text="будут"><tfr rev_id="1467171" t="будут"><v><l id="37265" t="есть"><g v="VERB"></g><g v="impf"></g><g v="intr"></g><g v="plur"></g><g v="3per"></g><g v="futr"></g><g v="indc"></g></l></v></tfr></token><token id="635057" text="заниматься"><tfr rev_id="1467172" t="заниматься"><v><l id="106420" t="заниматься"><g v="INFN"></g><g v="impf"></g><g v="intr"></g></l></v></tfr></token><token id="635058" text="подготовкой"><tfr rev_id="1467173" t="подготовкой"><v><l id="245114" t="подготовка"><g v="NOUN"></g><g v="inan"></g><g v="femn"></g><g v="sing"></g><g v="ablt"></g></l></v></tfr></token><token id="635059" text="иракских"><tfr rev_id="3553240" t="иракских"><v><l id="123905" t="иракский"><g v="ADJF"></g><g v="plur"></g><g v="gent"></g></l></v></tfr></token><token id="635060" text="военнослужащих"><tfr rev_id="4472924" t="военнослужащих"><v><l id="48613" t="военнослужащий"><g v="NOUN"></g><g v="anim"></g><g v="masc"></g><g v="plur"></g><g v="gent"></g></l></v></tfr></token><token id="635061" text="и"><tfr rev_id="3712287" t="и"><v><l id="116949" t="и"><g v="CONJ"></g></l></v></tfr></token><token id="635062" text="борьбой"><tfr rev_id="1467177" t="борьбой"><v><l id="33103" t="борьба"><g v="NOUN"></g><g v="inan"></g><g v="femn"></g><g v="Sgtm"></g><g v="sing"></g><g v="ablt"></g></l></v></tfr></token><token id="635063" text="с"><tfr rev_id="1467178" t="с"><v><l id="311151" t="с"><g v="PREP"></g></l></v></tfr></token><token id="635064" text="терроризмом"><tfr rev_id="1467179" t="терроризмом"><v><l id="345638" t="терроризм"><g v="NOUN"></g><g v="inan"></g><g v="masc"></g><g v="sing"></g><g v="ablt"></g></l></v></tfr></token><token id="635065" text="."><tfr rev_id="1467180" t="."><v><l id="0" t="."><g v="PNCT"></g></l></v></tfr></token></tokens></sentence></paragraph></paragraphs></text>