<?xml version="1.0" encoding="utf-8"?><text id="1219" parent="226" name="«Одноклассники» отстают от «В контакте»"><tags><tag>url:http://www.chaskor.ru/news/odnoklassniki_otstayut_ot_v_kontakte</tag><tag>Год:2009</tag><tag>Дата:21/02</tag><tag>Тема:ЧасКор:Медиа</tag><tag>Тема:ЧасКор:Медиа/Новые медиа</tag></tags><paragraphs><paragraph id="11283"><sentence id="35583"><source>«Одноклассники» отстают от «В контакте»</source><tokens><token id="635876" text="«"><tfr rev_id="2444962" t="«"><v><l id="0" t="«"><g v="PNCT"></g></l></v></tfr></token><token id="635877" text="Одноклассники"><tfr rev_id="1467992" t="Одноклассники"><v><l id="203427" t="одноклассник"><g v="NOUN"></g><g v="anim"></g><g v="masc"></g><g v="plur"></g><g v="nomn"></g></l></v></tfr></token><token id="635878" text="»"><tfr rev_id="2444963" t="»"><v><l id="0" t="»"><g v="PNCT"></g></l></v></tfr></token><token id="635879" text="отстают"><tfr rev_id="1467994" t="отстают"><v><l id="218321" t="отстаю"><g v="VERB"></g><g v="impf"></g><g v="intr"></g><g v="plur"></g><g v="3per"></g><g v="pres"></g><g v="indc"></g></l></v></tfr></token><token id="635880" text="от"><tfr rev_id="1467995" t="от"><v><l id="211644" t="от"><g v="PREP"></g></l></v></tfr></token><token id="635881" text="«"><tfr rev_id="2444964" t="«"><v><l id="0" t="«"><g v="PNCT"></g></l></v></tfr></token><token id="635882" text="В"><tfr rev_id="1467997" t="В"><v><l id="37409" t="в"><g v="PREP"></g></l></v></tfr></token><token id="635883" text="контакте"><tfr rev_id="1467998" t="контакте"><v><l id="138320" t="контакт"><g v="NOUN"></g><g v="inan"></g><g v="masc"></g><g v="sing"></g><g v="loct"></g></l></v></tfr></token><token id="635884" text="»"><tfr rev_id="2444965" t="»"><v><l id="0" t="»"><g v="PNCT"></g></l></v></tfr></token></tokens></sentence><sentence id="35584"><source>Социологи измерили аудиторию социальных сетей.</source><tokens><token id="635885" text="Социологи"><tfr rev_id="1468000" t="Социологи"><v><l id="331074" t="социолог"><g v="NOUN"></g><g v="anim"></g><g v="masc"></g><g v="plur"></g><g v="nomn"></g></l></v></tfr></token><token id="635886" text="измерили"><tfr rev_id="1468001" t="измерили"><v><l id="119543" t="измерил"><g v="VERB"></g><g v="perf"></g><g v="tran"></g><g v="plur"></g><g v="past"></g><g v="indc"></g></l></v></tfr></token><token id="635887" text="аудиторию"><tfr rev_id="1468002" t="аудиторию"><v><l id="19864" t="аудитория"><g v="NOUN"></g><g v="inan"></g><g v="femn"></g><g v="sing"></g><g v="accs"></g></l></v></tfr></token><token id="635888" text="социальных"><tfr rev_id="1468003" t="социальных"><v><l id="331060" t="социальный"><g v="ADJF"></g><g v="Qual"></g><g v="plur"></g><g v="gent"></g></l></v><v><l id="331060" t="социальный"><g v="ADJF"></g><g v="Qual"></g><g v="anim"></g><g v="plur"></g><g v="accs"></g></l></v><v><l id="331060" t="социальный"><g v="ADJF"></g><g v="Qual"></g><g v="plur"></g><g v="loct"></g></l></v></tfr></token><token id="635889" text="сетей"><tfr rev_id="1468004" t="сетей"><v><l id="319643" t="сеть"><g v="NOUN"></g><g v="inan"></g><g v="femn"></g><g v="plur"></g><g v="gent"></g></l></v></tfr></token><token id="635890" text="."><tfr rev_id="1468005" t="."><v><l id="0" t="."><g v="PNCT"></g></l></v></tfr></token></tokens></sentence></paragraph><paragraph id="11284"><sentence id="35585"><source>Социальная сеть «В контакте» обогнала по размеру аудитории своего главного конкурента —«Одноклассников».</source><tokens><token id="635891" text="Социальная"><tfr rev_id="1468006" t="Социальная"><v><l id="331060" t="социальный"><g v="ADJF"></g><g v="Qual"></g><g v="femn"></g><g v="sing"></g><g v="nomn"></g></l></v></tfr></token><token id="635892" text="сеть"><tfr rev_id="1468007" t="сеть"><v><l id="319643" t="сеть"><g v="NOUN"></g><g v="inan"></g><g v="femn"></g><g v="sing"></g><g v="nomn"></g></l></v><v><l id="319643" t="сеть"><g v="NOUN"></g><g v="inan"></g><g v="femn"></g><g v="sing"></g><g v="accs"></g></l></v></tfr></token><token id="635893" text="«"><tfr rev_id="2444966" t="«"><v><l id="0" t="«"><g v="PNCT"></g></l></v></tfr></token><token id="635894" text="В"><tfr rev_id="1468009" t="В"><v><l id="37409" t="в"><g v="PREP"></g></l></v></tfr></token><token id="635895" text="контакте"><tfr rev_id="1468010" t="контакте"><v><l id="138320" t="контакт"><g v="NOUN"></g><g v="inan"></g><g v="masc"></g><g v="sing"></g><g v="loct"></g></l></v></tfr></token><token id="635896" text="»"><tfr rev_id="2444967" t="»"><v><l id="0" t="»"><g v="PNCT"></g></l></v></tfr></token><token id="635897" text="обогнала"><tfr rev_id="1468012" t="обогнала"><v><l id="198052" t="обогнал"><g v="VERB"></g><g v="perf"></g><g v="tran"></g><g v="femn"></g><g v="sing"></g><g v="past"></g><g v="indc"></g></l></v></tfr></token><token id="635898" text="по"><tfr rev_id="1468013" t="по"><v><l id="241240" t="по"><g v="PREP"></g></l></v></tfr></token><token id="635899" text="размеру"><tfr rev_id="1468014" t="размеру"><v><l id="295006" t="размер"><g v="NOUN"></g><g v="inan"></g><g v="masc"></g><g v="sing"></g><g v="datv"></g></l></v></tfr></token><token id="635900" text="аудитории"><tfr rev_id="4290677" t="аудитории"><v><l id="19864" t="аудитория"><g v="NOUN"></g><g v="inan"></g><g v="femn"></g><g v="sing"></g><g v="gent"></g></l></v></tfr></token><token id="635901" text="своего"><tfr rev_id="3630294" t="своего"><v><l id="316379" t="свой"><g v="ADJF"></g><g v="Apro"></g><g v="Anph"></g><g v="masc"></g><g v="sing"></g><g v="gent"></g></l></v><v><l id="316379" t="свой"><g v="ADJF"></g><g v="Apro"></g><g v="Anph"></g><g v="anim"></g><g v="masc"></g><g v="sing"></g><g v="accs"></g></l></v></tfr></token><token id="635902" text="главного"><tfr rev_id="4371524" t="главного"><v><l id="70842" t="главный"><g v="ADJF"></g><g v="Qual"></g><g v="masc"></g><g v="sing"></g><g v="gent"></g></l></v><v><l id="70842" t="главный"><g v="ADJF"></g><g v="Qual"></g><g v="anim"></g><g v="masc"></g><g v="sing"></g><g v="accs"></g></l></v></tfr></token><token id="635903" text="конкурента"><tfr rev_id="4215952" t="конкурента"><v><l id="137896" t="конкурент"><g v="NOUN"></g><g v="anim"></g><g v="masc"></g><g v="sing"></g><g v="accs"></g></l></v></tfr></token><token id="635904" text="—"><tfr rev_id="2444968" t="—"><v><l id="0" t="—"><g v="PNCT"></g></l></v></tfr></token><token id="635905" text="«"><tfr rev_id="2444969" t="«"><v><l id="0" t="«"><g v="PNCT"></g></l></v></tfr></token><token id="635906" text="Одноклассников"><tfr rev_id="4355586" t="Одноклассников"><v><l id="203427" t="одноклассник"><g v="NOUN"></g><g v="anim"></g><g v="masc"></g><g v="plur"></g><g v="accs"></g></l></v></tfr></token><token id="635907" text="»"><tfr rev_id="2444970" t="»"><v><l id="0" t="»"><g v="PNCT"></g></l></v></tfr></token><token id="635908" text="."><tfr rev_id="1468023" t="."><v><l id="0" t="."><g v="PNCT"></g></l></v></tfr></token></tokens></sentence><sentence id="35586"><source>По итогам января этот портал посетили 13,09 млн уникальных пользователей — на 11 тыс. больше, чем привлекли за тот же период «Одноклассники».</source><tokens><token id="635909" text="По"><tfr rev_id="1468024" t="По"><v><l id="241240" t="по"><g v="PREP"></g></l></v></tfr></token><token id="635910" text="итогам"><tfr rev_id="1468025" t="итогам"><v><l id="127141" t="итог"><g v="NOUN"></g><g v="inan"></g><g v="masc"></g><g v="plur"></g><g v="datv"></g></l></v></tfr></token><token id="635911" text="января"><tfr rev_id="1468026" t="января"><v><l id="387905" t="январь"><g v="NOUN"></g><g v="inan"></g><g v="masc"></g><g v="sing"></g><g v="gent"></g></l></v></tfr></token><token id="635912" text="этот"><tfr rev_id="4432110" t="этот"><v><l id="386581" t="этот"><g v="ADJF"></g><g v="Subx"></g><g v="Apro"></g><g v="Anph"></g><g v="inan"></g><g v="masc"></g><g v="sing"></g><g v="accs"></g></l></v></tfr></token><token id="635913" text="портал"><tfr rev_id="3480982" t="портал"><v><l id="260539" t="портал"><g v="NOUN"></g><g v="inan"></g><g v="masc"></g><g v="sing"></g><g v="accs"></g></l></v></tfr></token><token id="635914" text="посетили"><tfr rev_id="1468029" t="посетили"><v><l id="261300" t="посетил"><g v="VERB"></g><g v="perf"></g><g v="tran"></g><g v="plur"></g><g v="past"></g><g v="indc"></g></l></v></tfr></token><token id="635915" text="13,09"><tfr rev_id="2462067" t="13,09"><v><l id="0" t="13,09"><g v="NUMB"></g></l></v></tfr></token><token id="635916" text="млн"><tfr rev_id="4136680" t="млн"><v><l id="389040" t="млн"><g v="NOUN"></g><g v="inan"></g><g v="masc"></g><g v="Fixd"></g><g v="Abbr"></g><g v="plur"></g><g v="nomn"></g></l></v><v><l id="389040" t="млн"><g v="NOUN"></g><g v="inan"></g><g v="masc"></g><g v="Fixd"></g><g v="Abbr"></g><g v="plur"></g><g v="gent"></g></l></v><v><l id="389040" t="млн"><g v="NOUN"></g><g v="inan"></g><g v="masc"></g><g v="Fixd"></g><g v="Abbr"></g><g v="plur"></g><g v="datv"></g></l></v><v><l id="389040" t="млн"><g v="NOUN"></g><g v="inan"></g><g v="masc"></g><g v="Fixd"></g><g v="Abbr"></g><g v="plur"></g><g v="accs"></g></l></v><v><l id="389040" t="млн"><g v="NOUN"></g><g v="inan"></g><g v="masc"></g><g v="Fixd"></g><g v="Abbr"></g><g v="plur"></g><g v="ablt"></g></l></v><v><l id="389040" t="млн"><g v="NOUN"></g><g v="inan"></g><g v="masc"></g><g v="Fixd"></g><g v="Abbr"></g><g v="plur"></g><g v="loct"></g></l></v></tfr></token><token id="635917" text="уникальных"><tfr rev_id="3480983" t="уникальных"><v><l id="358340" t="уникальный"><g v="ADJF"></g><g v="Qual"></g><g v="plur"></g><g v="gent"></g></l></v></tfr></token><token id="635918" text="пользователей"><tfr rev_id="3480984" t="пользователей"><v><l id="257079" t="пользователь"><g v="NOUN"></g><g v="anim"></g><g v="masc"></g><g v="plur"></g><g v="gent"></g></l></v></tfr></token><token id="635919" text="—"><tfr rev_id="2444971" t="—"><v><l id="0" t="—"><g v="PNCT"></g></l></v></tfr></token><token id="635920" text="на"><tfr rev_id="3345690" t="на"><v><l id="166264" t="на"><g v="PREP"></g></l></v></tfr></token><token id="635921" text="11"><tfr rev_id="2462068" t="11"><v><l id="0" t="11"><g v="NUMB"></g></l></v></tfr></token><token id="635922" text="тыс"><tfr rev_id="3808247" t="тыс"><v><l id="389041" t="тыс"><g v="NOUN"></g><g v="inan"></g><g v="femn"></g><g v="Fixd"></g><g v="Abbr"></g><g v="plur"></g><g v="gent"></g></l></v></tfr></token><token id="635923" text="."><tfr rev_id="1468038" t="."><v><l id="0" t="."><g v="PNCT"></g></l></v></tfr></token><token id="635924" text="больше"><tfr rev_id="3480985" t="больше"><v><l id="32447" t="больше"><g v="COMP"></g><g v="Qual"></g></l></v></tfr></token><token id="635925" text=","><tfr rev_id="1468040" t=","><v><l id="0" t=","><g v="PNCT"></g></l></v></tfr></token><token id="635926" text="чем"><tfr rev_id="3480986" t="чем"><v><l id="375161" t="чем"><g v="CONJ"></g></l></v></tfr></token><token id="635927" text="привлекли"><tfr rev_id="1468042" t="привлекли"><v><l id="269378" t="привлёк"><g v="VERB"></g><g v="perf"></g><g v="tran"></g><g v="plur"></g><g v="past"></g><g v="indc"></g></l></v></tfr></token><token id="635928" text="за"><tfr rev_id="1468043" t="за"><v><l id="98043" t="за"><g v="PREP"></g></l></v></tfr></token><token id="635929" text="тот"><tfr rev_id="3769771" t="тот"><v><l id="348430" t="тот"><g v="ADJF"></g><g v="Subx"></g><g v="Apro"></g><g v="Anph"></g><g v="inan"></g><g v="masc"></g><g v="sing"></g><g v="accs"></g></l></v></tfr></token><token id="635930" text="же"><tfr rev_id="3480988" t="же"><v><l id="96209" t="же"><g v="PRCL"></g></l></v></tfr></token><token id="635931" text="период"><tfr rev_id="3480989" t="период"><v><l id="237159" t="период"><g v="NOUN"></g><g v="inan"></g><g v="masc"></g><g v="sing"></g><g v="accs"></g></l></v></tfr></token><token id="635932" text="«"><tfr rev_id="2444972" t="«"><v><l id="0" t="«"><g v="PNCT"></g></l></v></tfr></token><token id="635933" text="Одноклассники"><tfr rev_id="1468048" t="Одноклассники"><v><l id="203427" t="одноклассник"><g v="NOUN"></g><g v="anim"></g><g v="masc"></g><g v="plur"></g><g v="nomn"></g></l></v></tfr></token><token id="635934" text="»"><tfr rev_id="2444973" t="»"><v><l id="0" t="»"><g v="PNCT"></g></l></v></tfr></token><token id="635935" text="."><tfr rev_id="1468050" t="."><v><l id="0" t="."><g v="PNCT"></g></l></v></tfr></token></tokens></sentence><sentence id="35587"><source>Как пишут «Ведомости», в статистическом анализе компании TNS Web Index особо отмечено, что преимущество в размере месячной аудитории «В контакте» получает впервые.</source><tokens><token id="635936" text="Как"><tfr rev_id="1468051" t="Как"><v><l id="128190" t="как"><g v="CONJ"></g></l></v><v><l id="128191" t="как"><g v="PRCL"></g></l></v><v><l id="128192" t="как"><g v="ADVB"></g><g v="Ques"></g></l></v></tfr></token><token id="635937" text="пишут"><tfr rev_id="1468052" t="пишут"><v><l id="239101" t="пишу"><g v="VERB"></g><g v="impf"></g><g v="tran"></g><g v="plur"></g><g v="3per"></g><g v="pres"></g><g v="indc"></g></l></v></tfr></token><token id="635938" text="«"><tfr rev_id="2444974" t="«"><v><l id="0" t="«"><g v="PNCT"></g></l></v></tfr></token><token id="635939" text="Ведомости"><tfr rev_id="3726670" t="Ведомости"><v><l id="40348" t="ведомость"><g v="NOUN"></g><g v="inan"></g><g v="femn"></g><g v="plur"></g><g v="nomn"></g></l></v></tfr></token><token id="635940" text="»"><tfr rev_id="2444975" t="»"><v><l id="0" t="»"><g v="PNCT"></g></l></v></tfr></token><token id="635941" text=","><tfr rev_id="1468056" t=","><v><l id="0" t=","><g v="PNCT"></g></l></v></tfr></token><token id="635942" text="в"><tfr rev_id="1468057" t="в"><v><l id="37409" t="в"><g v="PREP"></g></l></v></tfr></token><token id="635943" text="статистическом"><tfr rev_id="3881337" t="статистическом"><v><l id="335115" t="статистический"><g v="ADJF"></g><g v="masc"></g><g v="sing"></g><g v="loct"></g></l></v></tfr></token><token id="635944" text="анализе"><tfr rev_id="1468059" t="анализе"><v><l id="12202" t="анализ"><g v="NOUN"></g><g v="inan"></g><g v="masc"></g><g v="sing"></g><g v="loct"></g></l></v></tfr></token><token id="635945" text="компании"><tfr rev_id="3493542" t="компании"><v><l id="137146" t="компания"><g v="NOUN"></g><g v="inan"></g><g v="femn"></g><g v="sing"></g><g v="gent"></g></l></v><v><l id="137146" t="компания"><g v="NOUN"></g><g v="inan"></g><g v="femn"></g><g v="sing"></g><g v="datv"></g></l></v><v><l id="137146" t="компания"><g v="NOUN"></g><g v="inan"></g><g v="femn"></g><g v="sing"></g><g v="loct"></g></l></v></tfr></token><token id="635946" text="TNS"><tfr rev_id="2474957" t="TNS"><v><l id="0" t="TNS"><g v="LATN"></g></l></v></tfr></token><token id="635947" text="Web"><tfr rev_id="2474958" t="Web"><v><l id="0" t="Web"><g v="LATN"></g></l></v></tfr></token><token id="635948" text="Index"><tfr rev_id="2474959" t="Index"><v><l id="0" t="Index"><g v="LATN"></g></l></v></tfr></token><token id="635949" text="особо"><tfr rev_id="1468064" t="особо"><v><l id="210646" t="особо"><g v="ADVB"></g></l></v></tfr></token><token id="635950" text="отмечено"><tfr rev_id="1468065" t="отмечено"><v><l id="215588" t="отмечен"><g v="PRTS"></g><g v="perf"></g><g v="past"></g><g v="pssv"></g><g v="neut"></g><g v="sing"></g></l></v></tfr></token><token id="635951" text=","><tfr rev_id="1468066" t=","><v><l id="0" t=","><g v="PNCT"></g></l></v></tfr></token><token id="635952" text="что"><tfr rev_id="3197114" t="что"><v><l id="377004" t="что"><g v="CONJ"></g></l></v><v><l id="377005" t="что"><g v="NPRO"></g><g v="neut"></g><g v="sing"></g><g v="nomn"></g></l></v><v><l id="377005" t="что"><g v="NPRO"></g><g v="neut"></g><g v="sing"></g><g v="accs"></g></l></v><v><l id="377006" t="что"><g v="ADVB"></g><g v="Ques"></g></l></v><v><l id="388695" t="что"><g v="PRCL"></g></l></v></tfr></token><token id="635953" text="преимущество"><tfr rev_id="4093132" t="преимущество"><v><l id="267502" t="преимущество"><g v="NOUN"></g><g v="inan"></g><g v="neut"></g><g v="sing"></g><g v="accs"></g></l></v></tfr></token><token id="635954" text="в"><tfr rev_id="1468069" t="в"><v><l id="37409" t="в"><g v="PREP"></g></l></v></tfr></token><token id="635955" text="размере"><tfr rev_id="1468070" t="размере"><v><l id="295006" t="размер"><g v="NOUN"></g><g v="inan"></g><g v="masc"></g><g v="sing"></g><g v="loct"></g></l></v></tfr></token><token id="635956" text="месячной"><tfr rev_id="4493056" t="месячной"><v><l id="158850" t="месячный"><g v="ADJF"></g><g v="femn"></g><g v="sing"></g><g v="gent"></g></l></v></tfr></token><token id="635957" text="аудитории"><tfr rev_id="3947451" t="аудитории"><v><l id="19864" t="аудитория"><g v="NOUN"></g><g v="inan"></g><g v="femn"></g><g v="sing"></g><g v="gent"></g></l></v></tfr></token><token id="635958" text="«"><tfr rev_id="2444976" t="«"><v><l id="0" t="«"><g v="PNCT"></g></l></v></tfr></token><token id="635959" text="В"><tfr rev_id="1468074" t="В"><v><l id="37409" t="в"><g v="PREP"></g></l></v></tfr></token><token id="635960" text="контакте"><tfr rev_id="1468075" t="контакте"><v><l id="138320" t="контакт"><g v="NOUN"></g><g v="inan"></g><g v="masc"></g><g v="sing"></g><g v="loct"></g></l></v></tfr></token><token id="635961" text="»"><tfr rev_id="2444977" t="»"><v><l id="0" t="»"><g v="PNCT"></g></l></v></tfr></token><token id="635962" text="получает"><tfr rev_id="1468077" t="получает"><v><l id="256943" t="получаю"><g v="VERB"></g><g v="impf"></g><g v="tran"></g><g v="sing"></g><g v="3per"></g><g v="pres"></g><g v="indc"></g></l></v></tfr></token><token id="635963" text="впервые"><tfr rev_id="1468078" t="впервые"><v><l id="52345" t="впервые"><g v="ADVB"></g></l></v></tfr></token><token id="635964" text="."><tfr rev_id="1468079" t="."><v><l id="0" t="."><g v="PNCT"></g></l></v></tfr></token></tokens></sentence><sentence id="35588"><source>А вот по размеру дневной и недельной аудитории эта сеть начала обгонять конкурента еще в ноябре, а в декабре и январе увеличила отрыв.</source><tokens><token id="635965" text="А"><tfr rev_id="1468080" t="А"><v><l id="51" t="а"><g v="CONJ"></g></l></v><v><l id="52" t="а"><g v="INTJ"></g></l></v><v><l id="53" t="а"><g v="PRCL"></g></l></v></tfr></token><token id="635966" text="вот"><tfr rev_id="3363364" t="вот"><v><l id="52157" t="вот"><g v="PRCL"></g></l></v></tfr></token><token id="635967" text="по"><tfr rev_id="1468082" t="по"><v><l id="241240" t="по"><g v="PREP"></g></l></v></tfr></token><token id="635968" text="размеру"><tfr rev_id="1468083" t="размеру"><v><l id="295006" t="размер"><g v="NOUN"></g><g v="inan"></g><g v="masc"></g><g v="sing"></g><g v="datv"></g></l></v></tfr></token><token id="635969" text="дневной"><tfr rev_id="4316930" t="дневной"><v><l id="85118" t="дневной"><g v="ADJF"></g><g v="femn"></g><g v="sing"></g><g v="gent"></g></l></v><v><l id="85120" t="дневный"><g v="ADJF"></g><g v="femn"></g><g v="sing"></g><g v="gent"></g></l></v></tfr></token><token id="635970" text="и"><tfr rev_id="3495456" t="и"><v><l id="116949" t="и"><g v="CONJ"></g></l></v></tfr></token><token id="635971" text="недельной"><tfr rev_id="4166573" t="недельной"><v><l id="180715" t="недельный"><g v="ADJF"></g><g v="Qual"></g><g v="femn"></g><g v="sing"></g><g v="gent"></g></l></v></tfr></token><token id="635972" text="аудитории"><tfr rev_id="3545609" t="аудитории"><v><l id="19864" t="аудитория"><g v="NOUN"></g><g v="inan"></g><g v="femn"></g><g v="sing"></g><g v="gent"></g></l></v></tfr></token><token id="635973" text="эта"><tfr rev_id="4437209" t="эта"><v><l id="386581" t="этот"><g v="ADJF"></g><g v="Subx"></g><g v="Apro"></g><g v="Anph"></g><g v="femn"></g><g v="sing"></g><g v="nomn"></g></l></v></tfr></token><token id="635974" text="сеть"><tfr rev_id="1468089" t="сеть"><v><l id="319643" t="сеть"><g v="NOUN"></g><g v="inan"></g><g v="femn"></g><g v="sing"></g><g v="nomn"></g></l></v><v><l id="319643" t="сеть"><g v="NOUN"></g><g v="inan"></g><g v="femn"></g><g v="sing"></g><g v="accs"></g></l></v></tfr></token><token id="635975" text="начала"><tfr rev_id="1715592" t="начала"><v><l id="178224" t="начал"><g v="VERB"></g><g v="perf"></g><g v="tran"></g><g v="femn"></g><g v="sing"></g><g v="past"></g><g v="indc"></g></l></v></tfr></token><token id="635976" text="обгонять"><tfr rev_id="1468091" t="обгонять"><v><l id="193767" t="обгонять"><g v="INFN"></g><g v="impf"></g><g v="tran"></g></l></v></tfr></token><token id="635977" text="конкурента"><tfr rev_id="3886614" t="конкурента"><v><l id="137896" t="конкурент"><g v="NOUN"></g><g v="anim"></g><g v="masc"></g><g v="sing"></g><g v="accs"></g></l></v></tfr></token><token id="635978" text="еще"><tfr rev_id="1468093" t="еще"><v><l id="95551" t="ещё"><g v="PRCL"></g></l></v><v><l id="95552" t="ещё"><g v="ADVB"></g></l></v></tfr></token><token id="635979" text="в"><tfr rev_id="1468094" t="в"><v><l id="37409" t="в"><g v="PREP"></g></l></v></tfr></token><token id="635980" text="ноябре"><tfr rev_id="1468095" t="ноябре"><v><l id="192482" t="ноябрь"><g v="NOUN"></g><g v="inan"></g><g v="masc"></g><g v="sing"></g><g v="loct"></g></l></v></tfr></token><token id="635981" text=","><tfr rev_id="1468096" t=","><v><l id="0" t=","><g v="PNCT"></g></l></v></tfr></token><token id="635982" text="а"><tfr rev_id="1468097" t="а"><v><l id="51" t="а"><g v="CONJ"></g></l></v><v><l id="52" t="а"><g v="INTJ"></g></l></v><v><l id="53" t="а"><g v="PRCL"></g></l></v></tfr></token><token id="635983" text="в"><tfr rev_id="1468098" t="в"><v><l id="37409" t="в"><g v="PREP"></g></l></v></tfr></token><token id="635984" text="декабре"><tfr rev_id="1468099" t="декабре"><v><l id="80133" t="декабрь"><g v="NOUN"></g><g v="inan"></g><g v="masc"></g><g v="sing"></g><g v="loct"></g></l></v></tfr></token><token id="635985" text="и"><tfr rev_id="1468100" t="и"><v><l id="116949" t="и"><g v="CONJ"></g></l></v><v><l id="116950" t="и"><g v="INTJ"></g></l></v></tfr></token><token id="635986" text="январе"><tfr rev_id="1468101" t="январе"><v><l id="387905" t="январь"><g v="NOUN"></g><g v="inan"></g><g v="masc"></g><g v="sing"></g><g v="loct"></g></l></v></tfr></token><token id="635987" text="увеличила"><tfr rev_id="1468102" t="увеличила"><v><l id="353396" t="увеличил"><g v="VERB"></g><g v="perf"></g><g v="tran"></g><g v="femn"></g><g v="sing"></g><g v="past"></g><g v="indc"></g></l></v></tfr></token><token id="635988" text="отрыв"><tfr rev_id="2634551" t="отрыв"><v><l id="217688" t="отрыв"><g v="NOUN"></g><g v="inan"></g><g v="masc"></g><g v="sing"></g><g v="nomn"></g></l></v><v><l id="217688" t="отрыв"><g v="NOUN"></g><g v="inan"></g><g v="masc"></g><g v="sing"></g><g v="accs"></g></l></v></tfr></token><token id="635989" text="."><tfr rev_id="1468104" t="."><v><l id="0" t="."><g v="PNCT"></g></l></v></tfr></token></tokens></sentence><sentence id="35589"><source>Как минимум раз в неделю визиты на сайт «В контакте» совершали в январе 10,4 млн человек (аналогичный показатель «Одноклассников» — 9,5 млн), а ежедневно — 6,7 млн (у «Одноклассников» — 4,7 млн).</source><tokens><token id="635990" text="Как"><tfr rev_id="1468105" t="Как"><v><l id="128190" t="как"><g v="CONJ"></g></l></v><v><l id="128191" t="как"><g v="PRCL"></g></l></v><v><l id="128192" t="как"><g v="ADVB"></g><g v="Ques"></g></l></v></tfr></token><token id="635991" text="минимум"><tfr rev_id="2690786" t="минимум"><v><l id="160582" t="минимум"><g v="NOUN"></g><g v="inan"></g><g v="masc"></g><g v="sing"></g><g v="nomn"></g></l></v><v><l id="160582" t="минимум"><g v="NOUN"></g><g v="inan"></g><g v="masc"></g><g v="sing"></g><g v="accs"></g></l></v><v><l id="388667" t="минимум"><g v="PRCL"></g></l></v></tfr></token><token id="635992" text="раз"><tfr rev_id="4510960" t="раз"><v><l id="291500" t="раз"><g v="NOUN"></g><g v="inan"></g><g v="masc"></g><g v="sing"></g><g v="nomn"></g></l></v><v><l id="291500" t="раз"><g v="NOUN"></g><g v="inan"></g><g v="masc"></g><g v="sing"></g><g v="accs"></g></l></v></tfr></token><token id="635993" text="в"><tfr rev_id="1468108" t="в"><v><l id="37409" t="в"><g v="PREP"></g></l></v></tfr></token><token id="635994" text="неделю"><tfr rev_id="1468109" t="неделю"><v><l id="180718" t="неделя"><g v="NOUN"></g><g v="inan"></g><g v="femn"></g><g v="sing"></g><g v="accs"></g></l></v></tfr></token><token id="635995" text="визиты"><tfr rev_id="3409715" t="визиты"><v><l id="44737" t="визит"><g v="NOUN"></g><g v="inan"></g><g v="masc"></g><g v="plur"></g><g v="accs"></g></l></v></tfr></token><token id="635996" text="на"><tfr rev_id="3338423" t="на"><v><l id="166264" t="на"><g v="PREP"></g></l></v></tfr></token><token id="635997" text="сайт"><tfr rev_id="4210285" t="сайт"><v><l id="311674" t="сайт"><g v="NOUN"></g><g v="inan"></g><g v="masc"></g><g v="sing"></g><g v="accs"></g></l></v></tfr></token><token id="635998" text="«"><tfr rev_id="2444978" t="«"><v><l id="0" t="«"><g v="PNCT"></g></l></v></tfr></token><token id="635999" text="В"><tfr rev_id="1468114" t="В"><v><l id="37409" t="в"><g v="PREP"></g></l></v></tfr></token><token id="636000" text="контакте"><tfr rev_id="1468115" t="контакте"><v><l id="138320" t="контакт"><g v="NOUN"></g><g v="inan"></g><g v="masc"></g><g v="sing"></g><g v="loct"></g></l></v></tfr></token><token id="636001" text="»"><tfr rev_id="2444979" t="»"><v><l id="0" t="»"><g v="PNCT"></g></l></v></tfr></token><token id="636002" text="совершали"><tfr rev_id="1468117" t="совершали"><v><l id="327884" t="совершаю"><g v="VERB"></g><g v="impf"></g><g v="tran"></g><g v="plur"></g><g v="past"></g><g v="indc"></g></l></v></tfr></token><token id="636003" text="в"><tfr rev_id="1468118" t="в"><v><l id="37409" t="в"><g v="PREP"></g></l></v></tfr></token><token id="636004" text="январе"><tfr rev_id="1468119" t="январе"><v><l id="387905" t="январь"><g v="NOUN"></g><g v="inan"></g><g v="masc"></g><g v="sing"></g><g v="loct"></g></l></v></tfr></token><token id="636005" text="10,4"><tfr rev_id="2462069" t="10,4"><v><l id="0" t="10,4"><g v="NUMB"></g></l></v></tfr></token><token id="636006" text="млн"><tfr rev_id="4174257" t="млн"><v><l id="389040" t="млн"><g v="NOUN"></g><g v="inan"></g><g v="masc"></g><g v="Fixd"></g><g v="Abbr"></g><g v="plur"></g><g v="gent"></g></l></v></tfr></token><token id="636007" text="человек"><tfr rev_id="3474901" t="человек"><v><l id="375073" t="человек"><g v="NOUN"></g><g v="anim"></g><g v="masc"></g><g v="plur"></g><g v="gent"></g></l></v></tfr></token><token id="636008" text="("><tfr rev_id="1468123" t="("><v><l id="0" t="("><g v="PNCT"></g></l></v></tfr></token><token id="636009" text="аналогичный"><tfr rev_id="1468124" t="аналогичный"><v><l id="12239" t="аналогичный"><g v="ADJF"></g><g v="masc"></g><g v="sing"></g><g v="nomn"></g></l></v><v><l id="12239" t="аналогичный"><g v="ADJF"></g><g v="inan"></g><g v="masc"></g><g v="sing"></g><g v="accs"></g></l></v></tfr></token><token id="636010" text="показатель"><tfr rev_id="3547516" t="показатель"><v><l id="253977" t="показатель"><g v="NOUN"></g><g v="inan"></g><g v="masc"></g><g v="sing"></g><g v="nomn"></g></l></v></tfr></token><token id="636011" text="«"><tfr rev_id="2444980" t="«"><v><l id="0" t="«"><g v="PNCT"></g></l></v></tfr></token><token id="636012" text="Одноклассников"><tfr rev_id="4358922" t="Одноклассников"><v><l id="203427" t="одноклассник"><g v="NOUN"></g><g v="anim"></g><g v="masc"></g><g v="plur"></g><g v="gent"></g></l></v></tfr></token><token id="636013" text="»"><tfr rev_id="2444981" t="»"><v><l id="0" t="»"><g v="PNCT"></g></l></v></tfr></token><token id="636014" text="—"><tfr rev_id="2444982" t="—"><v><l id="0" t="—"><g v="PNCT"></g></l></v></tfr></token><token id="636015" text="9,5"><tfr rev_id="2462070" t="9,5"><v><l id="0" t="9,5"><g v="NUMB"></g></l></v></tfr></token><token id="636016" text="млн"><tfr rev_id="4165402" t="млн"><v><l id="389040" t="млн"><g v="NOUN"></g><g v="inan"></g><g v="masc"></g><g v="Fixd"></g><g v="Abbr"></g><g v="plur"></g><g v="nomn"></g></l></v><v><l id="389040" t="млн"><g v="NOUN"></g><g v="inan"></g><g v="masc"></g><g v="Fixd"></g><g v="Abbr"></g><g v="plur"></g><g v="gent"></g></l></v><v><l id="389040" t="млн"><g v="NOUN"></g><g v="inan"></g><g v="masc"></g><g v="Fixd"></g><g v="Abbr"></g><g v="plur"></g><g v="datv"></g></l></v><v><l id="389040" t="млн"><g v="NOUN"></g><g v="inan"></g><g v="masc"></g><g v="Fixd"></g><g v="Abbr"></g><g v="plur"></g><g v="accs"></g></l></v><v><l id="389040" t="млн"><g v="NOUN"></g><g v="inan"></g><g v="masc"></g><g v="Fixd"></g><g v="Abbr"></g><g v="plur"></g><g v="ablt"></g></l></v><v><l id="389040" t="млн"><g v="NOUN"></g><g v="inan"></g><g v="masc"></g><g v="Fixd"></g><g v="Abbr"></g><g v="plur"></g><g v="loct"></g></l></v></tfr></token><token id="636017" text=")"><tfr rev_id="1468132" t=")"><v><l id="0" t=")"><g v="PNCT"></g></l></v></tfr></token><token id="636018" text=","><tfr rev_id="1468133" t=","><v><l id="0" t=","><g v="PNCT"></g></l></v></tfr></token><token id="636019" text="а"><tfr rev_id="1468134" t="а"><v><l id="51" t="а"><g v="CONJ"></g></l></v><v><l id="52" t="а"><g v="INTJ"></g></l></v><v><l id="53" t="а"><g v="PRCL"></g></l></v></tfr></token><token id="636020" text="ежедневно"><tfr rev_id="3880931" t="ежедневно"><v><l id="94453" t="ежедневно"><g v="ADVB"></g></l></v></tfr></token><token id="636021" text="—"><tfr rev_id="2444983" t="—"><v><l id="0" t="—"><g v="PNCT"></g></l></v></tfr></token><token id="636022" text="6,7"><tfr rev_id="2462071" t="6,7"><v><l id="0" t="6,7"><g v="NUMB"></g></l></v></tfr></token><token id="636023" text="млн"><tfr rev_id="4322085" t="млн"><v><l id="389040" t="млн"><g v="NOUN"></g><g v="inan"></g><g v="masc"></g><g v="Fixd"></g><g v="Abbr"></g><g v="plur"></g><g v="gent"></g></l></v></tfr></token><token id="636024" text="("><tfr rev_id="1468139" t="("><v><l id="0" t="("><g v="PNCT"></g></l></v></tfr></token><token id="636025" text="у"><tfr rev_id="3326133" t="у"><v><l id="352818" t="у"><g v="PREP"></g></l></v></tfr></token><token id="636026" text="«"><tfr rev_id="2444984" t="«"><v><l id="0" t="«"><g v="PNCT"></g></l></v></tfr></token><token id="636027" text="Одноклассников"><tfr rev_id="2866387" t="Одноклассников"><v><l id="203427" t="одноклассник"><g v="NOUN"></g><g v="anim"></g><g v="masc"></g><g v="plur"></g><g v="gent"></g></l></v></tfr></token><token id="636028" text="»"><tfr rev_id="2444985" t="»"><v><l id="0" t="»"><g v="PNCT"></g></l></v></tfr></token><token id="636029" text="—"><tfr rev_id="2444986" t="—"><v><l id="0" t="—"><g v="PNCT"></g></l></v></tfr></token><token id="636030" text="4,7"><tfr rev_id="2462072" t="4,7"><v><l id="0" t="4,7"><g v="NUMB"></g></l></v></tfr></token><token id="636031" text="млн"><tfr rev_id="4136586" t="млн"><v><l id="389040" t="млн"><g v="NOUN"></g><g v="inan"></g><g v="masc"></g><g v="Fixd"></g><g v="Abbr"></g><g v="sing"></g><g v="nomn"></g></l></v><v><l id="389040" t="млн"><g v="NOUN"></g><g v="inan"></g><g v="masc"></g><g v="Fixd"></g><g v="Abbr"></g><g v="sing"></g><g v="gent"></g></l></v><v><l id="389040" t="млн"><g v="NOUN"></g><g v="inan"></g><g v="masc"></g><g v="Fixd"></g><g v="Abbr"></g><g v="sing"></g><g v="datv"></g></l></v><v><l id="389040" t="млн"><g v="NOUN"></g><g v="inan"></g><g v="masc"></g><g v="Fixd"></g><g v="Abbr"></g><g v="sing"></g><g v="accs"></g></l></v><v><l id="389040" t="млн"><g v="NOUN"></g><g v="inan"></g><g v="masc"></g><g v="Fixd"></g><g v="Abbr"></g><g v="sing"></g><g v="ablt"></g></l></v><v><l id="389040" t="млн"><g v="NOUN"></g><g v="inan"></g><g v="masc"></g><g v="Fixd"></g><g v="Abbr"></g><g v="sing"></g><g v="loct"></g></l></v></tfr></token><token id="636032" text=")"><tfr rev_id="1468147" t=")"><v><l id="0" t=")"><g v="PNCT"></g></l></v></tfr></token><token id="636033" text="."><tfr rev_id="1468148" t="."><v><l id="0" t="."><g v="PNCT"></g></l></v></tfr></token></tokens></sentence><sentence id="35590"><source>По данным же компании comScore, которые публикует «МедиаАтлас», по количеству посетителей социальных сетей в целом Россия сейчас занимает четвертое место среди европейских стран с показателем в 18,4 млн пользователей в месяц.</source><tokens><token id="636034" text="По"><tfr rev_id="1468149" t="По"><v><l id="241240" t="по"><g v="PREP"></g></l></v></tfr></token><token id="636035" text="данным"><tfr rev_id="4576749" t="данным"><v><l id="78302" t="данные"><g v="NOUN"></g><g v="inan"></g><g v="GNdr"></g><g v="Pltm"></g><g v="plur"></g><g v="datv"></g></l></v></tfr></token><token id="636036" text="же"><tfr rev_id="4075126" t="же"><v><l id="96208" t="же"><g v="CONJ"></g></l></v></tfr></token><token id="636037" text="компании"><tfr rev_id="3496297" t="компании"><v><l id="137146" t="компания"><g v="NOUN"></g><g v="inan"></g><g v="femn"></g><g v="sing"></g><g v="gent"></g></l></v><v><l id="137146" t="компания"><g v="NOUN"></g><g v="inan"></g><g v="femn"></g><g v="sing"></g><g v="datv"></g></l></v><v><l id="137146" t="компания"><g v="NOUN"></g><g v="inan"></g><g v="femn"></g><g v="sing"></g><g v="loct"></g></l></v></tfr></token><token id="636038" text="comScore"><tfr rev_id="2474960" t="comScore"><v><l id="0" t="comScore"><g v="LATN"></g></l></v></tfr></token><token id="636039" text=","><tfr rev_id="1468154" t=","><v><l id="0" t=","><g v="PNCT"></g></l></v></tfr></token><token id="636040" text="которые"><tfr rev_id="3764175" t="которые"><v><l id="141203" t="который"><g v="ADJF"></g><g v="Apro"></g><g v="Subx"></g><g v="Anph"></g><g v="inan"></g><g v="plur"></g><g v="accs"></g></l></v></tfr></token><token id="636041" text="публикует"><tfr rev_id="1468156" t="публикует"><v><l id="288830" t="публикую"><g v="VERB"></g><g v="impf"></g><g v="tran"></g><g v="sing"></g><g v="3per"></g><g v="pres"></g><g v="indc"></g></l></v></tfr></token><token id="636042" text="«"><tfr rev_id="2444987" t="«"><v><l id="0" t="«"><g v="PNCT"></g></l></v></tfr></token><token id="636043" text="МедиаАтлас"><tfr rev_id="1468158" t="МедиаАтлас"><v><l id="0" t="медиаатлас"><g v="UNKN"></g></l></v></tfr></token><token id="636044" text="»"><tfr rev_id="2444988" t="»"><v><l id="0" t="»"><g v="PNCT"></g></l></v></tfr></token><token id="636045" text=","><tfr rev_id="1468160" t=","><v><l id="0" t=","><g v="PNCT"></g></l></v></tfr></token><token id="636046" text="по"><tfr rev_id="1468161" t="по"><v><l id="241240" t="по"><g v="PREP"></g></l></v></tfr></token><token id="636047" text="количеству"><tfr rev_id="1468162" t="количеству"><v><l id="135983" t="количество"><g v="NOUN"></g><g v="inan"></g><g v="neut"></g><g v="sing"></g><g v="datv"></g></l></v></tfr></token><token id="636048" text="посетителей"><tfr rev_id="4383078" t="посетителей"><v><l id="261297" t="посетитель"><g v="NOUN"></g><g v="anim"></g><g v="masc"></g><g v="plur"></g><g v="gent"></g></l></v></tfr></token><token id="636049" text="социальных"><tfr rev_id="3707510" t="социальных"><v><l id="331060" t="социальный"><g v="ADJF"></g><g v="Qual"></g><g v="plur"></g><g v="gent"></g></l></v></tfr></token><token id="636050" text="сетей"><tfr rev_id="1468165" t="сетей"><v><l id="319643" t="сеть"><g v="NOUN"></g><g v="inan"></g><g v="femn"></g><g v="plur"></g><g v="gent"></g></l></v></tfr></token><token id="636051" text="в"><tfr rev_id="1468166" t="в"><v><l id="37409" t="в"><g v="PREP"></g></l></v></tfr></token><token id="636052" text="целом"><tfr rev_id="4154386" t="целом"><v><l id="373197" t="целое"><g v="NOUN"></g><g v="inan"></g><g v="neut"></g><g v="sing"></g><g v="loct"></g></l></v></tfr></token><token id="636053" text="Россия"><tfr rev_id="1468168" t="Россия"><v><l id="309322" t="россия"><g v="NOUN"></g><g v="inan"></g><g v="femn"></g><g v="Sgtm"></g><g v="Geox"></g><g v="sing"></g><g v="nomn"></g></l></v></tfr></token><token id="636054" text="сейчас"><tfr rev_id="1468169" t="сейчас"><v><l id="317975" t="сейчас"><g v="ADVB"></g></l></v></tfr></token><token id="636055" text="занимает"><tfr rev_id="1468170" t="занимает"><v><l id="106412" t="занимаю"><g v="VERB"></g><g v="impf"></g><g v="tran"></g><g v="sing"></g><g v="3per"></g><g v="pres"></g><g v="indc"></g></l></v></tfr></token><token id="636056" text="четвертое"><tfr rev_id="1468171" t="четвертое"><v><l id="376074" t="четвёртый"><g v="ADJF"></g><g v="Anum"></g><g v="neut"></g><g v="sing"></g><g v="nomn"></g></l></v><v><l id="376074" t="четвёртый"><g v="ADJF"></g><g v="Anum"></g><g v="neut"></g><g v="sing"></g><g v="accs"></g></l></v></tfr></token><token id="636057" text="место"><tfr rev_id="4094887" t="место"><v><l id="158822" t="место"><g v="NOUN"></g><g v="inan"></g><g v="neut"></g><g v="sing"></g><g v="accs"></g></l></v></tfr></token><token id="636058" text="среди"><tfr rev_id="1468173" t="среди"><v><l id="333473" t="среди"><g v="PREP"></g></l></v></tfr></token><token id="636059" text="европейских"><tfr rev_id="2956104" t="европейских"><v><l id="94034" t="европейский"><g v="ADJF"></g><g v="plur"></g><g v="gent"></g></l></v></tfr></token><token id="636060" text="стран"><tfr rev_id="1468175" t="стран"><v><l id="337100" t="страна"><g v="NOUN"></g><g v="inan"></g><g v="femn"></g><g v="plur"></g><g v="gent"></g></l></v></tfr></token><token id="636061" text="с"><tfr rev_id="1468176" t="с"><v><l id="311151" t="с"><g v="PREP"></g></l></v></tfr></token><token id="636062" text="показателем"><tfr rev_id="1468177" t="показателем"><v><l id="253977" t="показатель"><g v="NOUN"></g><g v="inan"></g><g v="masc"></g><g v="sing"></g><g v="ablt"></g></l></v></tfr></token><token id="636063" text="в"><tfr rev_id="1468178" t="в"><v><l id="37409" t="в"><g v="PREP"></g></l></v></tfr></token><token id="636064" text="18,4"><tfr rev_id="2462073" t="18,4"><v><l id="0" t="18,4"><g v="NUMB"></g></l></v></tfr></token><token id="636065" text="млн"><tfr rev_id="4153165" t="млн"><v><l id="389040" t="млн"><g v="NOUN"></g><g v="inan"></g><g v="masc"></g><g v="Fixd"></g><g v="Abbr"></g><g v="plur"></g><g v="gent"></g></l></v></tfr></token><token id="636066" text="пользователей"><tfr rev_id="3464932" t="пользователей"><v><l id="257079" t="пользователь"><g v="NOUN"></g><g v="anim"></g><g v="masc"></g><g v="plur"></g><g v="gent"></g></l></v></tfr></token><token id="636067" text="в"><tfr rev_id="1468182" t="в"><v><l id="37409" t="в"><g v="PREP"></g></l></v></tfr></token><token id="636068" text="месяц"><tfr rev_id="3677183" t="месяц"><v><l id="158841" t="месяц"><g v="NOUN"></g><g v="inan"></g><g v="masc"></g><g v="sing"></g><g v="accs"></g></l></v></tfr></token><token id="636069" text="."><tfr rev_id="1468184" t="."><v><l id="0" t="."><g v="PNCT"></g></l></v></tfr></token></tokens></sentence><sentence id="35591"><source>На первом месте находится Великобритания, ее показатель — 29,3 млн человек.</source><tokens><token id="636070" text="На"><tfr rev_id="3394406" t="На"><v><l id="166264" t="на"><g v="PREP"></g></l></v></tfr></token><token id="636071" text="первом"><tfr rev_id="4309852" t="первом"><v><l id="226359" t="первый"><g v="ADJF"></g><g v="Anum"></g><g v="neut"></g><g v="sing"></g><g v="loct"></g></l></v></tfr></token><token id="636072" text="месте"><tfr rev_id="1468187" t="месте"><v><l id="158822" t="место"><g v="NOUN"></g><g v="inan"></g><g v="neut"></g><g v="sing"></g><g v="loct"></g></l></v></tfr></token><token id="636073" text="находится"><tfr rev_id="1468188" t="находится"><v><l id="177898" t="нахожусь"><g v="VERB"></g><g v="impf"></g><g v="intr"></g><g v="sing"></g><g v="3per"></g><g v="pres"></g><g v="indc"></g></l></v><v><l id="177903" t="находился"><g v="VERB"></g><g v="perf"></g><g v="intr"></g><g v="sing"></g><g v="3per"></g><g v="futr"></g><g v="indc"></g></l></v></tfr></token><token id="636074" text="Великобритания"><tfr rev_id="1468189" t="Великобритания"><v><l id="40619" t="великобритания"><g v="NOUN"></g><g v="inan"></g><g v="femn"></g><g v="Sgtm"></g><g v="Geox"></g><g v="sing"></g><g v="nomn"></g></l></v></tfr></token><token id="636075" text=","><tfr rev_id="1468190" t=","><v><l id="0" t=","><g v="PNCT"></g></l></v></tfr></token><token id="636076" text="ее"><tfr rev_id="4536396" t="ее"><v><l id="94433" t="её"><g v="ADJF"></g><g v="Fixd"></g><g v="Apro"></g><g v="Anph"></g><g v="masc"></g><g v="sing"></g><g v="nomn"></g></l></v><v><l id="94433" t="её"><g v="ADJF"></g><g v="Fixd"></g><g v="Apro"></g><g v="Anph"></g><g v="masc"></g><g v="sing"></g><g v="gent"></g></l></v><v><l id="94433" t="её"><g v="ADJF"></g><g v="Fixd"></g><g v="Apro"></g><g v="Anph"></g><g v="masc"></g><g v="sing"></g><g v="datv"></g></l></v><v><l id="94433" t="её"><g v="ADJF"></g><g v="Fixd"></g><g v="Apro"></g><g v="Anph"></g><g v="masc"></g><g v="sing"></g><g v="accs"></g></l></v><v><l id="94433" t="её"><g v="ADJF"></g><g v="Fixd"></g><g v="Apro"></g><g v="Anph"></g><g v="masc"></g><g v="sing"></g><g v="ablt"></g></l></v><v><l id="94433" t="её"><g v="ADJF"></g><g v="Fixd"></g><g v="Apro"></g><g v="Anph"></g><g v="masc"></g><g v="sing"></g><g v="loct"></g></l></v></tfr></token><token id="636077" text="показатель"><tfr rev_id="1468192" t="показатель"><v><l id="253977" t="показатель"><g v="NOUN"></g><g v="inan"></g><g v="masc"></g><g v="sing"></g><g v="nomn"></g></l></v><v><l id="253977" t="показатель"><g v="NOUN"></g><g v="inan"></g><g v="masc"></g><g v="sing"></g><g v="accs"></g></l></v></tfr></token><token id="636078" text="—"><tfr rev_id="2444989" t="—"><v><l id="0" t="—"><g v="PNCT"></g></l></v></tfr></token><token id="636079" text="29,3"><tfr rev_id="2462074" t="29,3"><v><l id="0" t="29,3"><g v="NUMB"></g></l></v></tfr></token><token id="636080" text="млн"><tfr rev_id="4164852" t="млн"><v><l id="389040" t="млн"><g v="NOUN"></g><g v="inan"></g><g v="masc"></g><g v="Fixd"></g><g v="Abbr"></g><g v="plur"></g><g v="gent"></g></l></v></tfr></token><token id="636081" text="человек"><tfr rev_id="3469617" t="человек"><v><l id="375073" t="человек"><g v="NOUN"></g><g v="anim"></g><g v="masc"></g><g v="plur"></g><g v="gent"></g></l></v></tfr></token><token id="636082" text="."><tfr rev_id="1468197" t="."><v><l id="0" t="."><g v="PNCT"></g></l></v></tfr></token></tokens></sentence></paragraph></paragraphs></text>