<?xml version="1.0" encoding="utf-8"?><text id="1226" parent="226" name="22558 Цунами из-за землетрясения в Японии достигло Курил"><tags><tag>url:http://www.chaskor.ru/news/tsunami_iz-za_zemletryaseniya_v_yaponii_dostiglo_kuril_22558</tag><tag>Год:2011</tag><tag>Дата:11/03</tag><tag>Тема:ЧасКор:Общество</tag><tag>Тема:ЧасКор:Общество/ЧП</tag></tags><paragraphs><paragraph id="11299"><sentence id="35680"><source>Цунами из-за землетрясения в Японии достигло Курил</source><tokens><token id="637510" text="Цунами"><tfr rev_id="4180317" t="Цунами"><v><l id="374286" t="цунами"><g v="NOUN"></g><g v="inan"></g><g v="neut"></g><g v="Fixd"></g><g v="sing"></g><g v="nomn"></g></l></v></tfr></token><token id="637511" text="из-за"><tfr rev_id="1469626" t="из-за"><v><l id="117678" t="из-за"><g v="PREP"></g></l></v></tfr></token><token id="637512" text="землетрясения"><tfr rev_id="3505576" t="землетрясения"><v><l id="115070" t="землетрясение"><g v="NOUN"></g><g v="inan"></g><g v="neut"></g><g v="sing"></g><g v="gent"></g></l></v></tfr></token><token id="637513" text="в"><tfr rev_id="1469628" t="в"><v><l id="37409" t="в"><g v="PREP"></g></l></v></tfr></token><token id="637514" text="Японии"><tfr rev_id="2922431" t="Японии"><v><l id="387993" t="япония"><g v="NOUN"></g><g v="inan"></g><g v="femn"></g><g v="Sgtm"></g><g v="Geox"></g><g v="sing"></g><g v="loct"></g></l></v></tfr></token><token id="637515" text="достигло"><tfr rev_id="1469630" t="достигло"><v><l id="90519" t="достиг"><g v="VERB"></g><g v="perf"></g><g v="tran"></g><g v="neut"></g><g v="sing"></g><g v="past"></g><g v="indc"></g></l></v></tfr></token><token id="637516" text="Курил"><tfr rev_id="4196450" t="Курил"><v><l id="390105" t="курилы"><g v="NOUN"></g><g v="inan"></g><g v="GNdr"></g><g v="Pltm"></g><g v="Geox"></g><g v="plur"></g><g v="gent"></g></l></v></tfr></token></tokens></sentence><sentence id="35681"><source>Сотрудники МЧС РФ провели эвакуацию 11 тыс. человек из зоны возможного подтопления.</source><tokens><token id="637517" text="Сотрудники"><tfr rev_id="1469632" t="Сотрудники"><v><l id="330867" t="сотрудник"><g v="NOUN"></g><g v="anim"></g><g v="masc"></g><g v="plur"></g><g v="nomn"></g></l></v></tfr></token><token id="637518" text="МЧС"><tfr rev_id="4162677" t="МЧС"><v><l id="165728" t="мчс"><g v="NOUN"></g><g v="inan"></g><g v="neut"></g><g v="Sgtm"></g><g v="Fixd"></g><g v="Orgn"></g><g v="Abbr"></g><g v="sing"></g><g v="gent"></g></l></v></tfr></token><token id="637519" text="РФ"><tfr rev_id="3484376" t="РФ"><v><l id="310486" t="рф"><g v="NOUN"></g><g v="inan"></g><g v="femn"></g><g v="Sgtm"></g><g v="Fixd"></g><g v="Abbr"></g><g v="Geox"></g><g v="sing"></g><g v="gent"></g></l></v></tfr></token><token id="637520" text="провели"><tfr rev_id="1469635" t="провели"><v><l id="277830" t="провёл"><g v="VERB"></g><g v="perf"></g><g v="tran"></g><g v="plur"></g><g v="past"></g><g v="indc"></g></l></v></tfr></token><token id="637521" text="эвакуацию"><tfr rev_id="1469636" t="эвакуацию"><v><l id="382716" t="эвакуация"><g v="NOUN"></g><g v="inan"></g><g v="femn"></g><g v="sing"></g><g v="accs"></g></l></v></tfr></token><token id="637522" text="11"><tfr rev_id="2462102" t="11"><v><l id="0" t="11"><g v="NUMB"></g></l></v></tfr></token><token id="637523" text="тыс"><tfr rev_id="4162728" t="тыс"><v><l id="389041" t="тыс"><g v="NOUN"></g><g v="inan"></g><g v="femn"></g><g v="Fixd"></g><g v="Abbr"></g><g v="plur"></g><g v="gent"></g></l></v></tfr></token><token id="637524" text="."><tfr rev_id="1469639" t="."><v><l id="0" t="."><g v="PNCT"></g></l></v></tfr></token><token id="637525" text="человек"><tfr rev_id="2693686" t="человек"><v><l id="375073" t="человек"><g v="NOUN"></g><g v="anim"></g><g v="masc"></g><g v="plur"></g><g v="gent"></g></l></v></tfr></token><token id="637526" text="из"><tfr rev_id="2602760" t="из"><v><l id="117677" t="из"><g v="PREP"></g></l></v></tfr></token><token id="637527" text="зоны"><tfr rev_id="3494991" t="зоны"><v><l id="116338" t="зона"><g v="NOUN"></g><g v="inan"></g><g v="femn"></g><g v="sing"></g><g v="gent"></g></l></v></tfr></token><token id="637528" text="возможного"><tfr rev_id="4165000" t="возможного"><v><l id="49411" t="возможный"><g v="ADJF"></g><g v="Qual"></g><g v="neut"></g><g v="sing"></g><g v="gent"></g></l></v></tfr></token><token id="637529" text="подтопления"><tfr rev_id="1469644" t="подтопления"><v><l id="251614" t="подтопление"><g v="NOUN"></g><g v="inan"></g><g v="neut"></g><g v="Sgtm"></g><g v="sing"></g><g v="gent"></g></l></v></tfr></token><token id="637530" text="."><tfr rev_id="1469645" t="."><v><l id="0" t="."><g v="PNCT"></g></l></v></tfr></token></tokens></sentence></paragraph><paragraph id="11300"><sentence id="35682"><source>На Курильские острова пришла первая волна цунами, вызванная землетрясением магнитудой 8,9, которое произошло сегодня утром на северо-востоке Японии.</source><tokens><token id="637531" text="На"><tfr rev_id="3475861" t="На"><v><l id="166264" t="на"><g v="PREP"></g></l></v></tfr></token><token id="637532" text="Курильские"><tfr rev_id="3750297" t="Курильские"><v><l id="145332" t="курильский"><g v="ADJF"></g><g v="inan"></g><g v="plur"></g><g v="accs"></g></l></v></tfr></token><token id="637533" text="острова"><tfr rev_id="3797009" t="острова"><v><l id="211180" t="остров"><g v="NOUN"></g><g v="inan"></g><g v="masc"></g><g v="plur"></g><g v="accs"></g></l></v></tfr></token><token id="637534" text="пришла"><tfr rev_id="4330070" t="пришла"><v><l id="270737" t="пришёл"><g v="VERB"></g><g v="perf"></g><g v="intr"></g><g v="femn"></g><g v="sing"></g><g v="past"></g><g v="indc"></g></l></v></tfr></token><token id="637535" text="первая"><tfr rev_id="1469650" t="первая"><v><l id="226359" t="первый"><g v="ADJF"></g><g v="Anum"></g><g v="femn"></g><g v="sing"></g><g v="nomn"></g></l></v></tfr></token><token id="637536" text="волна"><tfr rev_id="1469651" t="волна"><v><l id="50017" t="волна"><g v="NOUN"></g><g v="inan"></g><g v="femn"></g><g v="sing"></g><g v="nomn"></g></l></v></tfr></token><token id="637537" text="цунами"><tfr rev_id="4250398" t="цунами"><v><l id="374286" t="цунами"><g v="NOUN"></g><g v="inan"></g><g v="neut"></g><g v="Fixd"></g><g v="sing"></g><g v="gent"></g></l></v></tfr></token><token id="637538" text=","><tfr rev_id="1469653" t=","><v><l id="0" t=","><g v="PNCT"></g></l></v></tfr></token><token id="637539" text="вызванная"><tfr rev_id="1469654" t="вызванная"><v><l id="57528" t="вызванный"><g v="PRTF"></g><g v="perf"></g><g v="tran"></g><g v="past"></g><g v="pssv"></g><g v="femn"></g><g v="sing"></g><g v="nomn"></g></l></v></tfr></token><token id="637540" text="землетрясением"><tfr rev_id="1469655" t="землетрясением"><v><l id="115070" t="землетрясение"><g v="NOUN"></g><g v="inan"></g><g v="neut"></g><g v="sing"></g><g v="ablt"></g></l></v></tfr></token><token id="637541" text="магнитудой"><tfr rev_id="1469656" t="магнитудой"><v><l id="152803" t="магнитуда"><g v="NOUN"></g><g v="inan"></g><g v="femn"></g><g v="sing"></g><g v="ablt"></g></l></v></tfr></token><token id="637542" text="8,9"><tfr rev_id="2462103" t="8,9"><v><l id="0" t="8,9"><g v="NUMB"></g></l></v></tfr></token><token id="637543" text=","><tfr rev_id="1469658" t=","><v><l id="0" t=","><g v="PNCT"></g></l></v></tfr></token><token id="637544" text="которое"><tfr rev_id="3641376" t="которое"><v><l id="141203" t="который"><g v="ADJF"></g><g v="Apro"></g><g v="Subx"></g><g v="Anph"></g><g v="neut"></g><g v="sing"></g><g v="nomn"></g></l></v><v><l id="141203" t="который"><g v="ADJF"></g><g v="Apro"></g><g v="Subx"></g><g v="Anph"></g><g v="neut"></g><g v="sing"></g><g v="accs"></g></l></v></tfr></token><token id="637545" text="произошло"><tfr rev_id="1469660" t="произошло"><v><l id="280162" t="произошёл"><g v="VERB"></g><g v="perf"></g><g v="intr"></g><g v="neut"></g><g v="sing"></g><g v="past"></g><g v="indc"></g></l></v></tfr></token><token id="637546" text="сегодня"><tfr rev_id="1469661" t="сегодня"><v><l id="317730" t="сегодня"><g v="ADVB"></g></l></v></tfr></token><token id="637547" text="утром"><tfr rev_id="4240005" t="утром"><v><l id="362492" t="утром"><g v="ADVB"></g></l></v></tfr></token><token id="637548" text="на"><tfr rev_id="3342475" t="на"><v><l id="166264" t="на"><g v="PREP"></g></l></v></tfr></token><token id="637549" text="северо-востоке"><tfr rev_id="1469664" t="северо-востоке"><v><l id="317523" t="северо-восток"><g v="NOUN"></g><g v="inan"></g><g v="masc"></g><g v="sing"></g><g v="loct"></g></l></v></tfr></token><token id="637550" text="Японии"><tfr rev_id="2602247" t="Японии"><v><l id="387993" t="япония"><g v="NOUN"></g><g v="inan"></g><g v="femn"></g><g v="Sgtm"></g><g v="Geox"></g><g v="sing"></g><g v="gent"></g></l></v></tfr></token><token id="637551" text="."><tfr rev_id="1469666" t="."><v><l id="0" t="."><g v="PNCT"></g></l></v></tfr></token></tokens></sentence><sentence id="35683"><source>Вода высотой 0,5 м достигла населённого пункта Мало-Курильск в 10:05 мск.</source><tokens><token id="637552" text="Вода"><tfr rev_id="4198366" t="Вода"><v><l id="48014" t="вода"><g v="NOUN"></g><g v="inan"></g><g v="femn"></g><g v="sing"></g><g v="nomn"></g></l></v></tfr></token><token id="637553" text="высотой"><tfr rev_id="1469668" t="высотой"><v><l id="62492" t="высота"><g v="NOUN"></g><g v="inan"></g><g v="femn"></g><g v="sing"></g><g v="ablt"></g></l></v></tfr></token><token id="637554" text="0,5"><tfr rev_id="2462104" t="0,5"><v><l id="0" t="0,5"><g v="NUMB"></g></l></v></tfr></token><token id="637555" text="м"><tfr rev_id="4173429" t="м"><v><l id="152458" t="м"><g v="NOUN"></g><g v="inan"></g><g v="masc"></g><g v="Fixd"></g><g v="Abbr"></g><g v="sing"></g><g v="gent"></g></l></v></tfr></token><token id="637556" text="достигла"><tfr rev_id="1469671" t="достигла"><v><l id="90519" t="достиг"><g v="VERB"></g><g v="perf"></g><g v="tran"></g><g v="femn"></g><g v="sing"></g><g v="past"></g><g v="indc"></g></l></v></tfr></token><token id="637557" text="населённого"><tfr rev_id="4414077" t="населённого"><v><l id="175224" t="населённый"><g v="ADJF"></g><g v="Qual"></g><g v="masc"></g><g v="sing"></g><g v="gent"></g></l></v><v><l id="175224" t="населённый"><g v="ADJF"></g><g v="Qual"></g><g v="anim"></g><g v="masc"></g><g v="sing"></g><g v="accs"></g></l></v></tfr></token><token id="637558" text="пункта"><tfr rev_id="1469673" t="пункта"><v><l id="289177" t="пункт"><g v="NOUN"></g><g v="inan"></g><g v="masc"></g><g v="sing"></g><g v="gent"></g></l></v></tfr></token><token id="637559" text="Мало-Курильск"><tfr rev_id="4543174" t="Мало-Курильск"><v><l id="393390" t="мало-курильск"><g v="NOUN"></g><g v="inan"></g><g v="masc"></g><g v="Geox"></g><g v="sing"></g><g v="accs"></g></l></v><v><l id="393390" t="мало-курильск"><g v="NOUN"></g><g v="inan"></g><g v="masc"></g><g v="Geox"></g><g v="sing"></g><g v="nomn"></g></l></v></tfr></token><token id="637560" text="в"><tfr rev_id="1469675" t="в"><v><l id="37409" t="в"><g v="PREP"></g></l></v></tfr></token><token id="637561" text="10:05"><tfr rev_id="4567460" t="10:05"><v><l id="0" t="10:05"><g v="TIME"></g></l></v></tfr></token><token id="637562" text="мск"><tfr rev_id="1469677" t="мск"><v><l id="0" t="мск"><g v="UNKN"></g></l></v></tfr></token><token id="637563" text="."><tfr rev_id="1469678" t="."><v><l id="0" t="."><g v="PNCT"></g></l></v></tfr></token></tokens></sentence><sentence id="35684"><source>Как сообщает РИА «Новости», сотрудники МЧС РФ провели эвакуацию около 11 тыс. человек из зоны возможного подтопления.</source><tokens><token id="637564" text="Как"><tfr rev_id="1469679" t="Как"><v><l id="128190" t="как"><g v="CONJ"></g></l></v><v><l id="128191" t="как"><g v="PRCL"></g></l></v><v><l id="128192" t="как"><g v="ADVB"></g><g v="Ques"></g></l></v></tfr></token><token id="637565" text="сообщает"><tfr rev_id="1469680" t="сообщает"><v><l id="329538" t="сообщаю"><g v="VERB"></g><g v="impf"></g><g v="tran"></g><g v="sing"></g><g v="3per"></g><g v="pres"></g><g v="indc"></g></l></v></tfr></token><token id="637566" text="РИА"><tfr rev_id="4138928" t="РИА"><v><l id="307554" t="риа"><g v="NOUN"></g><g v="inan"></g><g v="neut"></g><g v="Sgtm"></g><g v="Fixd"></g><g v="Abbr"></g><g v="Orgn"></g><g v="sing"></g><g v="nomn"></g></l></v></tfr></token><token id="637567" text="«"><tfr rev_id="2445039" t="«"><v><l id="0" t="«"><g v="PNCT"></g></l></v></tfr></token><token id="637568" text="Новости"><tfr rev_id="3805822" t="Новости"><v><l id="191855" t="новость"><g v="NOUN"></g><g v="inan"></g><g v="femn"></g><g v="plur"></g><g v="nomn"></g></l></v></tfr></token><token id="637569" text="»"><tfr rev_id="2445040" t="»"><v><l id="0" t="»"><g v="PNCT"></g></l></v></tfr></token><token id="637570" text=","><tfr rev_id="1469685" t=","><v><l id="0" t=","><g v="PNCT"></g></l></v></tfr></token><token id="637571" text="сотрудники"><tfr rev_id="1469686" t="сотрудники"><v><l id="330867" t="сотрудник"><g v="NOUN"></g><g v="anim"></g><g v="masc"></g><g v="plur"></g><g v="nomn"></g></l></v></tfr></token><token id="637572" text="МЧС"><tfr rev_id="4154763" t="МЧС"><v><l id="165728" t="мчс"><g v="NOUN"></g><g v="inan"></g><g v="neut"></g><g v="Sgtm"></g><g v="Fixd"></g><g v="Orgn"></g><g v="Abbr"></g><g v="sing"></g><g v="gent"></g></l></v></tfr></token><token id="637573" text="РФ"><tfr rev_id="3491222" t="РФ"><v><l id="310486" t="рф"><g v="NOUN"></g><g v="inan"></g><g v="femn"></g><g v="Sgtm"></g><g v="Fixd"></g><g v="Abbr"></g><g v="Geox"></g><g v="sing"></g><g v="gent"></g></l></v></tfr></token><token id="637574" text="провели"><tfr rev_id="1469689" t="провели"><v><l id="277830" t="провёл"><g v="VERB"></g><g v="perf"></g><g v="tran"></g><g v="plur"></g><g v="past"></g><g v="indc"></g></l></v></tfr></token><token id="637575" text="эвакуацию"><tfr rev_id="1469690" t="эвакуацию"><v><l id="382716" t="эвакуация"><g v="NOUN"></g><g v="inan"></g><g v="femn"></g><g v="sing"></g><g v="accs"></g></l></v></tfr></token><token id="637576" text="около"><tfr rev_id="4421792" t="около"><v><l id="205005" t="около"><g v="PREP"></g></l></v></tfr></token><token id="637577" text="11"><tfr rev_id="2462106" t="11"><v><l id="0" t="11"><g v="NUMB"></g></l></v></tfr></token><token id="637578" text="тыс"><tfr rev_id="4497126" t="тыс"><v><l id="389041" t="тыс"><g v="NOUN"></g><g v="inan"></g><g v="femn"></g><g v="Fixd"></g><g v="Abbr"></g><g v="plur"></g><g v="nomn"></g></l></v><v><l id="389041" t="тыс"><g v="NOUN"></g><g v="inan"></g><g v="femn"></g><g v="Fixd"></g><g v="Abbr"></g><g v="plur"></g><g v="gent"></g></l></v><v><l id="389041" t="тыс"><g v="NOUN"></g><g v="inan"></g><g v="femn"></g><g v="Fixd"></g><g v="Abbr"></g><g v="plur"></g><g v="datv"></g></l></v><v><l id="389041" t="тыс"><g v="NOUN"></g><g v="inan"></g><g v="femn"></g><g v="Fixd"></g><g v="Abbr"></g><g v="plur"></g><g v="accs"></g></l></v><v><l id="389041" t="тыс"><g v="NOUN"></g><g v="inan"></g><g v="femn"></g><g v="Fixd"></g><g v="Abbr"></g><g v="plur"></g><g v="ablt"></g></l></v><v><l id="389041" t="тыс"><g v="NOUN"></g><g v="inan"></g><g v="femn"></g><g v="Fixd"></g><g v="Abbr"></g><g v="plur"></g><g v="loct"></g></l></v></tfr></token><token id="637579" text="."><tfr rev_id="1469694" t="."><v><l id="0" t="."><g v="PNCT"></g></l></v></tfr></token><token id="637580" text="человек"><tfr rev_id="3469863" t="человек"><v><l id="375073" t="человек"><g v="NOUN"></g><g v="anim"></g><g v="masc"></g><g v="plur"></g><g v="gent"></g></l></v></tfr></token><token id="637581" text="из"><tfr rev_id="1717871" t="из"><v><l id="117677" t="из"><g v="PREP"></g></l></v></tfr></token><token id="637582" text="зоны"><tfr rev_id="3434461" t="зоны"><v><l id="116338" t="зона"><g v="NOUN"></g><g v="inan"></g><g v="femn"></g><g v="sing"></g><g v="gent"></g></l></v></tfr></token><token id="637583" text="возможного"><tfr rev_id="3881420" t="возможного"><v><l id="49411" t="возможный"><g v="ADJF"></g><g v="Qual"></g><g v="neut"></g><g v="sing"></g><g v="gent"></g></l></v></tfr></token><token id="637584" text="подтопления"><tfr rev_id="1469699" t="подтопления"><v><l id="251614" t="подтопление"><g v="NOUN"></g><g v="inan"></g><g v="neut"></g><g v="Sgtm"></g><g v="sing"></g><g v="gent"></g></l></v></tfr></token><token id="637585" text="."><tfr rev_id="1469700" t="."><v><l id="0" t="."><g v="PNCT"></g></l></v></tfr></token></tokens></sentence><sentence id="35685"><source>В настоящее время в зоне риска находятся четыре населённых пункта Курильской гряды (Мало-Курильск, Буревестник, Южно-Курильск, Северо-Курильск).</source><tokens><token id="637586" text="В"><tfr rev_id="1469701" t="В"><v><l id="37409" t="в"><g v="PREP"></g></l></v></tfr></token><token id="637587" text="настоящее"><tfr rev_id="4278734" t="настоящее"><v><l id="176151" t="настоящий"><g v="ADJF"></g><g v="neut"></g><g v="sing"></g><g v="nomn"></g></l></v><v><l id="176151" t="настоящий"><g v="ADJF"></g><g v="neut"></g><g v="sing"></g><g v="accs"></g></l></v></tfr></token><token id="637588" text="время"><tfr rev_id="1469703" t="время"><v><l id="53149" t="время"><g v="NOUN"></g><g v="inan"></g><g v="neut"></g><g v="sing"></g><g v="nomn"></g></l></v><v><l id="53149" t="время"><g v="NOUN"></g><g v="inan"></g><g v="neut"></g><g v="sing"></g><g v="accs"></g></l></v></tfr></token><token id="637589" text="в"><tfr rev_id="1469704" t="в"><v><l id="37409" t="в"><g v="PREP"></g></l></v></tfr></token><token id="637590" text="зоне"><tfr rev_id="3447703" t="зоне"><v><l id="116338" t="зона"><g v="NOUN"></g><g v="inan"></g><g v="femn"></g><g v="sing"></g><g v="loct"></g></l></v></tfr></token><token id="637591" text="риска"><tfr rev_id="4077004" t="риска"><v><l id="307762" t="риск"><g v="NOUN"></g><g v="inan"></g><g v="masc"></g><g v="sing"></g><g v="gen1"></g></l></v></tfr></token><token id="637592" text="находятся"><tfr rev_id="1469707" t="находятся"><v><l id="177898" t="нахожусь"><g v="VERB"></g><g v="impf"></g><g v="intr"></g><g v="plur"></g><g v="3per"></g><g v="pres"></g><g v="indc"></g></l></v><v><l id="177903" t="находился"><g v="VERB"></g><g v="perf"></g><g v="intr"></g><g v="plur"></g><g v="3per"></g><g v="futr"></g><g v="indc"></g></l></v></tfr></token><token id="637593" text="четыре"><tfr rev_id="1469708" t="четыре"><v><l id="376181" t="четыре"><g v="NUMR"></g><g v="nomn"></g></l></v><v><l id="376181" t="четыре"><g v="NUMR"></g><g v="inan"></g><g v="accs"></g></l></v></tfr></token><token id="637594" text="населённых"><tfr rev_id="1469709" t="населённых"><v><l id="175224" t="населённый"><g v="ADJF"></g><g v="Qual"></g><g v="plur"></g><g v="gent"></g></l></v><v><l id="175224" t="населённый"><g v="ADJF"></g><g v="Qual"></g><g v="anim"></g><g v="plur"></g><g v="accs"></g></l></v><v><l id="175224" t="населённый"><g v="ADJF"></g><g v="Qual"></g><g v="plur"></g><g v="loct"></g></l></v><v><l id="175232" t="населённый"><g v="PRTF"></g><g v="perf"></g><g v="tran"></g><g v="past"></g><g v="pssv"></g><g v="plur"></g><g v="gent"></g></l></v><v><l id="175232" t="населённый"><g v="PRTF"></g><g v="perf"></g><g v="tran"></g><g v="past"></g><g v="pssv"></g><g v="anim"></g><g v="plur"></g><g v="accs"></g></l></v><v><l id="175232" t="населённый"><g v="PRTF"></g><g v="perf"></g><g v="tran"></g><g v="past"></g><g v="pssv"></g><g v="plur"></g><g v="loct"></g></l></v></tfr></token><token id="637595" text="пункта"><tfr rev_id="1469710" t="пункта"><v><l id="289177" t="пункт"><g v="NOUN"></g><g v="inan"></g><g v="masc"></g><g v="sing"></g><g v="gent"></g></l></v></tfr></token><token id="637596" text="Курильской"><tfr rev_id="4343352" t="Курильской"><v><l id="145332" t="курильский"><g v="ADJF"></g><g v="femn"></g><g v="sing"></g><g v="gent"></g></l></v></tfr></token><token id="637597" text="гряды"><tfr rev_id="3438971" t="гряды"><v><l id="76219" t="гряда"><g v="NOUN"></g><g v="inan"></g><g v="femn"></g><g v="sing"></g><g v="gent"></g></l></v></tfr></token><token id="637598" text="("><tfr rev_id="1469713" t="("><v><l id="0" t="("><g v="PNCT"></g></l></v></tfr></token><token id="637599" text="Мало-Курильск"><tfr rev_id="4543175" t="Мало-Курильск"><v><l id="393390" t="мало-курильск"><g v="NOUN"></g><g v="inan"></g><g v="masc"></g><g v="Geox"></g><g v="sing"></g><g v="accs"></g></l></v><v><l id="393390" t="мало-курильск"><g v="NOUN"></g><g v="inan"></g><g v="masc"></g><g v="Geox"></g><g v="sing"></g><g v="nomn"></g></l></v></tfr></token><token id="637600" text=","><tfr rev_id="1469715" t=","><v><l id="0" t=","><g v="PNCT"></g></l></v></tfr></token><token id="637601" text="Буревестник"><tfr rev_id="1469716" t="Буревестник"><v><l id="36050" t="буревестник"><g v="NOUN"></g><g v="anim"></g><g v="masc"></g><g v="sing"></g><g v="nomn"></g></l></v></tfr></token><token id="637602" text=","><tfr rev_id="1469717" t=","><v><l id="0" t=","><g v="PNCT"></g></l></v></tfr></token><token id="637603" text="Южно-Курильск"><tfr rev_id="4541437" t="Южно-Курильск"><v><l id="393083" t="южно-курильск"><g v="NOUN"></g><g v="inan"></g><g v="masc"></g><g v="Geox"></g><g v="sing"></g><g v="accs"></g></l></v><v><l id="393083" t="южно-курильск"><g v="NOUN"></g><g v="inan"></g><g v="masc"></g><g v="Geox"></g><g v="sing"></g><g v="nomn"></g></l></v></tfr></token><token id="637604" text=","><tfr rev_id="1469719" t=","><v><l id="0" t=","><g v="PNCT"></g></l></v></tfr></token><token id="637605" text="Северо-Курильск"><tfr rev_id="1469720" t="Северо-Курильск"><v><l id="0" t="северо-курильск"><g v="UNKN"></g></l></v></tfr></token><token id="637606" text=")"><tfr rev_id="1469721" t=")"><v><l id="0" t=")"><g v="PNCT"></g></l></v></tfr></token><token id="637607" text="."><tfr rev_id="1469722" t="."><v><l id="0" t="."><g v="PNCT"></g></l></v></tfr></token></tokens></sentence><sentence id="35686"><source>«Силы и средства МЧС России приведены в повышенную готовность.</source><tokens><token id="637608" text="«"><tfr rev_id="2445041" t="«"><v><l id="0" t="«"><g v="PNCT"></g></l></v></tfr></token><token id="637609" text="Силы"><tfr rev_id="3805644" t="Силы"><v><l id="320333" t="сила"><g v="NOUN"></g><g v="inan"></g><g v="femn"></g><g v="plur"></g><g v="nomn"></g></l></v></tfr></token><token id="637610" text="и"><tfr rev_id="1469725" t="и"><v><l id="116949" t="и"><g v="CONJ"></g></l></v><v><l id="116950" t="и"><g v="INTJ"></g></l></v></tfr></token><token id="637611" text="средства"><tfr rev_id="3766534" t="средства"><v><l id="333716" t="средство"><g v="NOUN"></g><g v="inan"></g><g v="neut"></g><g v="plur"></g><g v="nomn"></g></l></v></tfr></token><token id="637612" text="МЧС"><tfr rev_id="4178832" t="МЧС"><v><l id="165728" t="мчс"><g v="NOUN"></g><g v="inan"></g><g v="neut"></g><g v="Sgtm"></g><g v="Fixd"></g><g v="Orgn"></g><g v="Abbr"></g><g v="sing"></g><g v="gent"></g></l></v></tfr></token><token id="637613" text="России"><tfr rev_id="3456967" t="России"><v><l id="309322" t="россия"><g v="NOUN"></g><g v="inan"></g><g v="femn"></g><g v="Sgtm"></g><g v="Geox"></g><g v="sing"></g><g v="gent"></g></l></v></tfr></token><token id="637614" text="приведены"><tfr rev_id="1469729" t="приведены"><v><l id="269209" t="приведён"><g v="PRTS"></g><g v="perf"></g><g v="past"></g><g v="pssv"></g><g v="plur"></g></l></v></tfr></token><token id="637615" text="в"><tfr rev_id="1469730" t="в"><v><l id="37409" t="в"><g v="PREP"></g></l></v></tfr></token><token id="637616" text="повышенную"><tfr rev_id="1469731" t="повышенную"><v><l id="242986" t="повышенный"><g v="PRTF"></g><g v="perf"></g><g v="tran"></g><g v="past"></g><g v="pssv"></g><g v="femn"></g><g v="sing"></g><g v="accs"></g></l></v><v><l id="243067" t="повышенный"><g v="ADJF"></g><g v="Qual"></g><g v="femn"></g><g v="sing"></g><g v="accs"></g></l></v></tfr></token><token id="637617" text="готовность"><tfr rev_id="4083583" t="готовность"><v><l id="74219" t="готовность"><g v="NOUN"></g><g v="inan"></g><g v="femn"></g><g v="sing"></g><g v="accs"></g></l></v></tfr></token><token id="637618" text="."><tfr rev_id="1469733" t="."><v><l id="0" t="."><g v="PNCT"></g></l></v></tfr></token></tokens></sentence><sentence id="35687"><source>Ситуация находится под контролем.</source><tokens><token id="637619" text="Ситуация"><tfr rev_id="1469734" t="Ситуация"><v><l id="321441" t="ситуация"><g v="NOUN"></g><g v="inan"></g><g v="femn"></g><g v="sing"></g><g v="nomn"></g></l></v></tfr></token><token id="637620" text="находится"><tfr rev_id="1469735" t="находится"><v><l id="177898" t="нахожусь"><g v="VERB"></g><g v="impf"></g><g v="intr"></g><g v="sing"></g><g v="3per"></g><g v="pres"></g><g v="indc"></g></l></v><v><l id="177903" t="находился"><g v="VERB"></g><g v="perf"></g><g v="intr"></g><g v="sing"></g><g v="3per"></g><g v="futr"></g><g v="indc"></g></l></v></tfr></token><token id="637621" text="под"><tfr rev_id="2503497" t="под"><v><l id="243755" t="под"><g v="PREP"></g></l></v></tfr></token><token id="637622" text="контролем"><tfr rev_id="1469737" t="контролем"><v><l id="138615" t="контроль"><g v="NOUN"></g><g v="inan"></g><g v="masc"></g><g v="sing"></g><g v="ablt"></g></l></v></tfr></token><token id="637623" text="."><tfr rev_id="1469738" t="."><v><l id="0" t="."><g v="PNCT"></g></l></v></tfr></token></tokens></sentence><sentence id="35688"><source>По состоянию на 10:05 мск первая волна, достигшая населённого пункта Мало-Курильск, вызвала повышение уровня воды всего на 0,5 м, что свидетельствует о том, что на мелководье волны теряют свою силу»,</source><tokens><token id="637624" text="По"><tfr rev_id="1469739" t="По"><v><l id="241240" t="по"><g v="PREP"></g></l></v></tfr></token><token id="637625" text="состоянию"><tfr rev_id="1469740" t="состоянию"><v><l id="330557" t="состояние"><g v="NOUN"></g><g v="inan"></g><g v="neut"></g><g v="sing"></g><g v="datv"></g></l></v></tfr></token><token id="637626" text="на"><tfr rev_id="3475443" t="на"><v><l id="166264" t="на"><g v="PREP"></g></l></v></tfr></token><token id="637627" text="10:05"><tfr rev_id="4567461" t="10:05"><v><l id="0" t="10:05"><g v="TIME"></g></l></v></tfr></token><token id="637628" text="мск"><tfr rev_id="1469743" t="мск"><v><l id="0" t="мск"><g v="UNKN"></g></l></v></tfr></token><token id="637629" text="первая"><tfr rev_id="1469744" t="первая"><v><l id="226359" t="первый"><g v="ADJF"></g><g v="Anum"></g><g v="femn"></g><g v="sing"></g><g v="nomn"></g></l></v></tfr></token><token id="637630" text="волна"><tfr rev_id="1469745" t="волна"><v><l id="50017" t="волна"><g v="NOUN"></g><g v="inan"></g><g v="femn"></g><g v="sing"></g><g v="nomn"></g></l></v></tfr></token><token id="637631" text=","><tfr rev_id="1469746" t=","><v><l id="0" t=","><g v="PNCT"></g></l></v></tfr></token><token id="637632" text="достигшая"><tfr rev_id="1469747" t="достигшая"><v><l id="90521" t="достигнувший"><g v="PRTF"></g><g v="perf"></g><g v="tran"></g><g v="past"></g><g v="actv"></g><g v="femn"></g><g v="sing"></g><g v="nomn"></g></l></v></tfr></token><token id="637633" text="населённого"><tfr rev_id="1469748" t="населённого"><v><l id="175224" t="населённый"><g v="ADJF"></g><g v="Qual"></g><g v="masc"></g><g v="sing"></g><g v="gent"></g></l></v><v><l id="175224" t="населённый"><g v="ADJF"></g><g v="Qual"></g><g v="anim"></g><g v="masc"></g><g v="sing"></g><g v="accs"></g></l></v><v><l id="175224" t="населённый"><g v="ADJF"></g><g v="Qual"></g><g v="neut"></g><g v="sing"></g><g v="gent"></g></l></v><v><l id="175232" t="населённый"><g v="PRTF"></g><g v="perf"></g><g v="tran"></g><g v="past"></g><g v="pssv"></g><g v="masc"></g><g v="sing"></g><g v="gent"></g></l></v><v><l id="175232" t="населённый"><g v="PRTF"></g><g v="perf"></g><g v="tran"></g><g v="past"></g><g v="pssv"></g><g v="anim"></g><g v="masc"></g><g v="sing"></g><g v="accs"></g></l></v><v><l id="175232" t="населённый"><g v="PRTF"></g><g v="perf"></g><g v="tran"></g><g v="past"></g><g v="pssv"></g><g v="neut"></g><g v="sing"></g><g v="gent"></g></l></v></tfr></token><token id="637634" text="пункта"><tfr rev_id="1469749" t="пункта"><v><l id="289177" t="пункт"><g v="NOUN"></g><g v="inan"></g><g v="masc"></g><g v="sing"></g><g v="gent"></g></l></v></tfr></token><token id="637635" text="Мало-Курильск"><tfr rev_id="4543176" t="Мало-Курильск"><v><l id="393390" t="мало-курильск"><g v="NOUN"></g><g v="inan"></g><g v="masc"></g><g v="Geox"></g><g v="sing"></g><g v="accs"></g></l></v><v><l id="393390" t="мало-курильск"><g v="NOUN"></g><g v="inan"></g><g v="masc"></g><g v="Geox"></g><g v="sing"></g><g v="nomn"></g></l></v></tfr></token><token id="637636" text=","><tfr rev_id="1469751" t=","><v><l id="0" t=","><g v="PNCT"></g></l></v></tfr></token><token id="637637" text="вызвала"><tfr rev_id="1469752" t="вызвала"><v><l id="57525" t="вызвал"><g v="VERB"></g><g v="perf"></g><g v="tran"></g><g v="femn"></g><g v="sing"></g><g v="past"></g><g v="indc"></g></l></v></tfr></token><token id="637638" text="повышение"><tfr rev_id="1469753" t="повышение"><v><l id="243063" t="повышение"><g v="NOUN"></g><g v="inan"></g><g v="neut"></g><g v="sing"></g><g v="nomn"></g></l></v><v><l id="243063" t="повышение"><g v="NOUN"></g><g v="inan"></g><g v="neut"></g><g v="sing"></g><g v="accs"></g></l></v></tfr></token><token id="637639" text="уровня"><tfr rev_id="1469754" t="уровня"><v><l id="359953" t="уровень"><g v="NOUN"></g><g v="inan"></g><g v="masc"></g><g v="sing"></g><g v="gent"></g></l></v></tfr></token><token id="637640" text="воды"><tfr rev_id="3456174" t="воды"><v><l id="48014" t="вода"><g v="NOUN"></g><g v="inan"></g><g v="femn"></g><g v="sing"></g><g v="gent"></g></l></v></tfr></token><token id="637641" text="всего"><tfr rev_id="4496272" t="всего"><v><l id="53374" t="всего"><g v="PRCL"></g></l></v></tfr></token><token id="637642" text="на"><tfr rev_id="3394955" t="на"><v><l id="166264" t="на"><g v="PREP"></g></l></v></tfr></token><token id="637643" text="0,5"><tfr rev_id="2462108" t="0,5"><v><l id="0" t="0,5"><g v="NUMB"></g></l></v></tfr></token><token id="637644" text="м"><tfr rev_id="4180702" t="м"><v><l id="152458" t="м"><g v="NOUN"></g><g v="inan"></g><g v="masc"></g><g v="Fixd"></g><g v="Abbr"></g><g v="sing"></g><g v="gent"></g></l></v></tfr></token><token id="637645" text=","><tfr rev_id="1469760" t=","><v><l id="0" t=","><g v="PNCT"></g></l></v></tfr></token><token id="637646" text="что"><tfr rev_id="3197125" t="что"><v><l id="377004" t="что"><g v="CONJ"></g></l></v><v><l id="377005" t="что"><g v="NPRO"></g><g v="neut"></g><g v="sing"></g><g v="nomn"></g></l></v><v><l id="377005" t="что"><g v="NPRO"></g><g v="neut"></g><g v="sing"></g><g v="accs"></g></l></v><v><l id="377006" t="что"><g v="ADVB"></g><g v="Ques"></g></l></v><v><l id="388695" t="что"><g v="PRCL"></g></l></v></tfr></token><token id="637647" text="свидетельствует"><tfr rev_id="1469762" t="свидетельствует"><v><l id="315887" t="свидетельствую"><g v="VERB"></g><g v="impf"></g><g v="tran"></g><g v="sing"></g><g v="3per"></g><g v="pres"></g><g v="indc"></g></l></v><v><l id="315896" t="свидетельствую"><g v="VERB"></g><g v="impf"></g><g v="intr"></g><g v="sing"></g><g v="3per"></g><g v="pres"></g><g v="indc"></g></l></v></tfr></token><token id="637648" text="о"><tfr rev_id="3226764" t="о"><v><l id="192977" t="о"><g v="PREP"></g></l></v></tfr></token><token id="637649" text="том"><tfr rev_id="3774487" t="том"><v><l id="348430" t="тот"><g v="ADJF"></g><g v="Subx"></g><g v="Apro"></g><g v="Anph"></g><g v="masc"></g><g v="sing"></g><g v="loct"></g></l></v><v><l id="348430" t="тот"><g v="ADJF"></g><g v="Subx"></g><g v="Apro"></g><g v="Anph"></g><g v="neut"></g><g v="sing"></g><g v="loct"></g></l></v></tfr></token><token id="637650" text=","><tfr rev_id="1469765" t=","><v><l id="0" t=","><g v="PNCT"></g></l></v></tfr></token><token id="637651" text="что"><tfr rev_id="3197126" t="что"><v><l id="377004" t="что"><g v="CONJ"></g></l></v><v><l id="377005" t="что"><g v="NPRO"></g><g v="neut"></g><g v="sing"></g><g v="nomn"></g></l></v><v><l id="377005" t="что"><g v="NPRO"></g><g v="neut"></g><g v="sing"></g><g v="accs"></g></l></v><v><l id="377006" t="что"><g v="ADVB"></g><g v="Ques"></g></l></v><v><l id="388695" t="что"><g v="PRCL"></g></l></v></tfr></token><token id="637652" text="на"><tfr rev_id="3337774" t="на"><v><l id="166264" t="на"><g v="PREP"></g></l></v></tfr></token><token id="637653" text="мелководье"><tfr rev_id="4463899" t="мелководье"><v><l id="157988" t="мелководье"><g v="NOUN"></g><g v="inan"></g><g v="neut"></g><g v="sing"></g><g v="loct"></g></l></v></tfr></token><token id="637654" text="волны"><tfr rev_id="3797034" t="волны"><v><l id="50017" t="волна"><g v="NOUN"></g><g v="inan"></g><g v="femn"></g><g v="plur"></g><g v="nomn"></g></l></v></tfr></token><token id="637655" text="теряют"><tfr rev_id="1469770" t="теряют"><v><l id="345670" t="теряю"><g v="VERB"></g><g v="impf"></g><g v="tran"></g><g v="plur"></g><g v="3per"></g><g v="pres"></g><g v="indc"></g></l></v></tfr></token><token id="637656" text="свою"><tfr rev_id="3632259" t="свою"><v><l id="316379" t="свой"><g v="ADJF"></g><g v="Apro"></g><g v="Anph"></g><g v="femn"></g><g v="sing"></g><g v="accs"></g></l></v></tfr></token><token id="637657" text="силу"><tfr rev_id="3714638" t="силу"><v><l id="320333" t="сила"><g v="NOUN"></g><g v="inan"></g><g v="femn"></g><g v="sing"></g><g v="accs"></g></l></v></tfr></token><token id="637658" text="»"><tfr rev_id="2445042" t="»"><v><l id="0" t="»"><g v="PNCT"></g></l></v></tfr></token><token id="637659" text=","><tfr rev_id="1469774" t=","><v><l id="0" t=","><g v="PNCT"></g></l></v></tfr></token></tokens></sentence><sentence id="35689"><source>— говорится в сообщении МЧС.</source><tokens><token id="637660" text="—"><tfr rev_id="2445043" t="—"><v><l id="0" t="—"><g v="PNCT"></g></l></v></tfr></token><token id="637661" text="говорится"><tfr rev_id="1469776" t="говорится"><v><l id="72062" t="говорюсь"><g v="VERB"></g><g v="impf"></g><g v="intr"></g><g v="sing"></g><g v="3per"></g><g v="pres"></g><g v="indc"></g></l></v></tfr></token><token id="637662" text="в"><tfr rev_id="1469777" t="в"><v><l id="37409" t="в"><g v="PREP"></g></l></v></tfr></token><token id="637663" text="сообщении"><tfr rev_id="1469778" t="сообщении"><v><l id="329550" t="сообщение"><g v="NOUN"></g><g v="inan"></g><g v="neut"></g><g v="sing"></g><g v="loct"></g></l></v></tfr></token><token id="637664" text="МЧС"><tfr rev_id="4180789" t="МЧС"><v><l id="165728" t="мчс"><g v="NOUN"></g><g v="inan"></g><g v="neut"></g><g v="Sgtm"></g><g v="Fixd"></g><g v="Orgn"></g><g v="Abbr"></g><g v="sing"></g><g v="gent"></g></l></v></tfr></token><token id="637665" text="."><tfr rev_id="1469780" t="."><v><l id="0" t="."><g v="PNCT"></g></l></v></tfr></token></tokens></sentence><sentence id="35690"><source>Отметим, землетрясение магнитудой 8,9 произошло в пятницу на северо-востоке Японии.</source><tokens><token id="637666" text="Отметим"><tfr rev_id="1469781" t="Отметим"><v><l id="215584" t="отметил"><g v="VERB"></g><g v="perf"></g><g v="tran"></g><g v="plur"></g><g v="1per"></g><g v="futr"></g><g v="indc"></g></l></v><v><l id="215584" t="отметил"><g v="VERB"></g><g v="perf"></g><g v="tran"></g><g v="sing"></g><g v="impr"></g><g v="incl"></g></l></v></tfr></token><token id="637667" text=","><tfr rev_id="1469782" t=","><v><l id="0" t=","><g v="PNCT"></g></l></v></tfr></token><token id="637668" text="землетрясение"><tfr rev_id="3497503" t="землетрясение"><v><l id="115070" t="землетрясение"><g v="NOUN"></g><g v="inan"></g><g v="neut"></g><g v="sing"></g><g v="nomn"></g></l></v></tfr></token><token id="637669" text="магнитудой"><tfr rev_id="1469784" t="магнитудой"><v><l id="152803" t="магнитуда"><g v="NOUN"></g><g v="inan"></g><g v="femn"></g><g v="sing"></g><g v="ablt"></g></l></v></tfr></token><token id="637670" text="8,9"><tfr rev_id="2462109" t="8,9"><v><l id="0" t="8,9"><g v="NUMB"></g></l></v></tfr></token><token id="637671" text="произошло"><tfr rev_id="1469786" t="произошло"><v><l id="280162" t="произошёл"><g v="VERB"></g><g v="perf"></g><g v="intr"></g><g v="neut"></g><g v="sing"></g><g v="past"></g><g v="indc"></g></l></v></tfr></token><token id="637672" text="в"><tfr rev_id="1469787" t="в"><v><l id="37409" t="в"><g v="PREP"></g></l></v></tfr></token><token id="637673" text="пятницу"><tfr rev_id="1469788" t="пятницу"><v><l id="290408" t="пятница"><g v="NOUN"></g><g v="inan"></g><g v="femn"></g><g v="sing"></g><g v="accs"></g></l></v></tfr></token><token id="637674" text="на"><tfr rev_id="3475289" t="на"><v><l id="166264" t="на"><g v="PREP"></g></l></v></tfr></token><token id="637675" text="северо-востоке"><tfr rev_id="1469790" t="северо-востоке"><v><l id="317523" t="северо-восток"><g v="NOUN"></g><g v="inan"></g><g v="masc"></g><g v="sing"></g><g v="loct"></g></l></v></tfr></token><token id="637676" text="Японии"><tfr rev_id="3455008" t="Японии"><v><l id="387993" t="япония"><g v="NOUN"></g><g v="inan"></g><g v="femn"></g><g v="Sgtm"></g><g v="Geox"></g><g v="sing"></g><g v="gent"></g></l></v></tfr></token><token id="637677" text="."><tfr rev_id="1469792" t="."><v><l id="0" t="."><g v="PNCT"></g></l></v></tfr></token></tokens></sentence><sentence id="35691"><source>Его эпицентр находился в 373 км северо-восточнее Токио, очаг залегал на глубине 24 км.</source><tokens><token id="637678" text="Его"><tfr rev_id="4515765" t="Его"><v><l id="94208" t="его"><g v="ADJF"></g><g v="Fixd"></g><g v="Apro"></g><g v="Anph"></g><g v="masc"></g><g v="sing"></g><g v="nomn"></g></l></v><v><l id="94208" t="его"><g v="ADJF"></g><g v="Fixd"></g><g v="Apro"></g><g v="Anph"></g><g v="masc"></g><g v="sing"></g><g v="gent"></g></l></v><v><l id="94208" t="его"><g v="ADJF"></g><g v="Fixd"></g><g v="Apro"></g><g v="Anph"></g><g v="masc"></g><g v="sing"></g><g v="datv"></g></l></v><v><l id="94208" t="его"><g v="ADJF"></g><g v="Fixd"></g><g v="Apro"></g><g v="Anph"></g><g v="masc"></g><g v="sing"></g><g v="accs"></g></l></v><v><l id="94208" t="его"><g v="ADJF"></g><g v="Fixd"></g><g v="Apro"></g><g v="Anph"></g><g v="masc"></g><g v="sing"></g><g v="ablt"></g></l></v><v><l id="94208" t="его"><g v="ADJF"></g><g v="Fixd"></g><g v="Apro"></g><g v="Anph"></g><g v="masc"></g><g v="sing"></g><g v="loct"></g></l></v></tfr></token><token id="637679" text="эпицентр"><tfr rev_id="1469794" t="эпицентр"><v><l id="385872" t="эпицентр"><g v="NOUN"></g><g v="inan"></g><g v="masc"></g><g v="sing"></g><g v="nomn"></g></l></v><v><l id="385872" t="эпицентр"><g v="NOUN"></g><g v="inan"></g><g v="masc"></g><g v="sing"></g><g v="accs"></g></l></v></tfr></token><token id="637680" text="находился"><tfr rev_id="1469795" t="находился"><v><l id="177898" t="нахожусь"><g v="VERB"></g><g v="impf"></g><g v="intr"></g><g v="masc"></g><g v="sing"></g><g v="past"></g><g v="indc"></g></l></v><v><l id="177903" t="находился"><g v="VERB"></g><g v="perf"></g><g v="intr"></g><g v="masc"></g><g v="sing"></g><g v="past"></g><g v="indc"></g></l></v></tfr></token><token id="637681" text="в"><tfr rev_id="1469796" t="в"><v><l id="37409" t="в"><g v="PREP"></g></l></v></tfr></token><token id="637682" text="373"><tfr rev_id="2462110" t="373"><v><l id="0" t="373"><g v="NUMB"></g></l></v></tfr></token><token id="637683" text="км"><tfr rev_id="4168018" t="км"><v><l id="389049" t="км"><g v="NOUN"></g><g v="inan"></g><g v="masc"></g><g v="Fixd"></g><g v="Abbr"></g><g v="plur"></g><g v="loct"></g></l></v></tfr></token><token id="637684" text="северо-восточнее"><tfr rev_id="1469799" t="северо-восточнее"><v><l id="317526" t="северо-восточнее"><g v="COMP"></g></l></v></tfr></token><token id="637685" text="Токио"><tfr rev_id="4151742" t="Токио"><v><l id="347003" t="токио"><g v="NOUN"></g><g v="inan"></g><g v="masc"></g><g v="Sgtm"></g><g v="Fixd"></g><g v="Geox"></g><g v="sing"></g><g v="gent"></g></l></v></tfr></token><token id="637686" text=","><tfr rev_id="1469801" t=","><v><l id="0" t=","><g v="PNCT"></g></l></v></tfr></token><token id="637687" text="очаг"><tfr rev_id="1469802" t="очаг"><v><l id="221602" t="очаг"><g v="NOUN"></g><g v="inan"></g><g v="masc"></g><g v="sing"></g><g v="nomn"></g></l></v><v><l id="221602" t="очаг"><g v="NOUN"></g><g v="inan"></g><g v="masc"></g><g v="sing"></g><g v="accs"></g></l></v></tfr></token><token id="637688" text="залегал"><tfr rev_id="1469803" t="залегал"><v><l id="104600" t="залегаю"><g v="VERB"></g><g v="impf"></g><g v="intr"></g><g v="masc"></g><g v="sing"></g><g v="past"></g><g v="indc"></g></l></v></tfr></token><token id="637689" text="на"><tfr rev_id="3395578" t="на"><v><l id="166264" t="на"><g v="PREP"></g></l></v></tfr></token><token id="637690" text="глубине"><tfr rev_id="3546011" t="глубине"><v><l id="71435" t="глубина"><g v="NOUN"></g><g v="inan"></g><g v="femn"></g><g v="sing"></g><g v="loct"></g></l></v></tfr></token><token id="637691" text="24"><tfr rev_id="2462111" t="24"><v><l id="0" t="24"><g v="NUMB"></g></l></v></tfr></token><token id="637692" text="км"><tfr rev_id="4230529" t="км"><v><l id="389049" t="км"><g v="NOUN"></g><g v="inan"></g><g v="masc"></g><g v="Fixd"></g><g v="Abbr"></g><g v="plur"></g><g v="nomn"></g></l></v><v><l id="389049" t="км"><g v="NOUN"></g><g v="inan"></g><g v="masc"></g><g v="Fixd"></g><g v="Abbr"></g><g v="plur"></g><g v="gent"></g></l></v><v><l id="389049" t="км"><g v="NOUN"></g><g v="inan"></g><g v="masc"></g><g v="Fixd"></g><g v="Abbr"></g><g v="plur"></g><g v="datv"></g></l></v><v><l id="389049" t="км"><g v="NOUN"></g><g v="inan"></g><g v="masc"></g><g v="Fixd"></g><g v="Abbr"></g><g v="plur"></g><g v="accs"></g></l></v><v><l id="389049" t="км"><g v="NOUN"></g><g v="inan"></g><g v="masc"></g><g v="Fixd"></g><g v="Abbr"></g><g v="plur"></g><g v="ablt"></g></l></v><v><l id="389049" t="км"><g v="NOUN"></g><g v="inan"></g><g v="masc"></g><g v="Fixd"></g><g v="Abbr"></g><g v="plur"></g><g v="loct"></g></l></v></tfr></token><token id="637693" text="."><tfr rev_id="1469808" t="."><v><l id="0" t="."><g v="PNCT"></g></l></v></tfr></token></tokens></sentence><sentence id="35692"><source>Вскоре в том же районе произошло еще несколько мощных подземных толчков магнитудой свыше 6,0, эпицентр одного из них находился всего в 67 км от Токио.</source><tokens><token id="637694" text="Вскоре"><tfr rev_id="1469809" t="Вскоре"><v><l id="53849" t="вскоре"><g v="ADVB"></g></l></v></tfr></token><token id="637695" text="в"><tfr rev_id="1469810" t="в"><v><l id="37409" t="в"><g v="PREP"></g></l></v></tfr></token><token id="637696" text="том"><tfr rev_id="4352331" t="том"><v><l id="348430" t="тот"><g v="ADJF"></g><g v="Subx"></g><g v="Apro"></g><g v="Anph"></g><g v="masc"></g><g v="sing"></g><g v="loct"></g></l></v></tfr></token><token id="637697" text="же"><tfr rev_id="1469812" t="же"><v><l id="96208" t="же"><g v="CONJ"></g></l></v><v><l id="96209" t="же"><g v="PRCL"></g></l></v></tfr></token><token id="637698" text="районе"><tfr rev_id="1469813" t="районе"><v><l id="297595" t="район"><g v="NOUN"></g><g v="inan"></g><g v="masc"></g><g v="sing"></g><g v="loct"></g></l></v></tfr></token><token id="637699" text="произошло"><tfr rev_id="1469814" t="произошло"><v><l id="280162" t="произошёл"><g v="VERB"></g><g v="perf"></g><g v="intr"></g><g v="neut"></g><g v="sing"></g><g v="past"></g><g v="indc"></g></l></v></tfr></token><token id="637700" text="еще"><tfr rev_id="1469815" t="еще"><v><l id="95551" t="ещё"><g v="PRCL"></g></l></v><v><l id="95552" t="ещё"><g v="ADVB"></g></l></v></tfr></token><token id="637701" text="несколько"><tfr rev_id="4170644" t="несколько"><v><l id="188126" t="несколько"><g v="NUMR"></g><g v="nomn"></g></l></v><v><l id="188126" t="несколько"><g v="NUMR"></g><g v="inan"></g><g v="accs"></g></l></v></tfr></token><token id="637702" text="мощных"><tfr rev_id="3824140" t="мощных"><v><l id="164528" t="мощный"><g v="ADJF"></g><g v="Qual"></g><g v="plur"></g><g v="gent"></g></l></v></tfr></token><token id="637703" text="подземных"><tfr rev_id="3497660" t="подземных"><v><l id="245884" t="подземный"><g v="ADJF"></g><g v="Qual"></g><g v="plur"></g><g v="gent"></g></l></v></tfr></token><token id="637704" text="толчков"><tfr rev_id="2703415" t="толчков"><v><l id="347388" t="толчок"><g v="NOUN"></g><g v="inan"></g><g v="masc"></g><g v="plur"></g><g v="gent"></g></l></v></tfr></token><token id="637705" text="магнитудой"><tfr rev_id="1469820" t="магнитудой"><v><l id="152803" t="магнитуда"><g v="NOUN"></g><g v="inan"></g><g v="femn"></g><g v="sing"></g><g v="ablt"></g></l></v></tfr></token><token id="637706" text="свыше"><tfr rev_id="4422200" t="свыше"><v><l id="316524" t="свыше"><g v="PREP"></g></l></v></tfr></token><token id="637707" text="6,0"><tfr rev_id="2462112" t="6,0"><v><l id="0" t="6,0"><g v="NUMB"></g></l></v></tfr></token><token id="637708" text=","><tfr rev_id="1469823" t=","><v><l id="0" t=","><g v="PNCT"></g></l></v></tfr></token><token id="637709" text="эпицентр"><tfr rev_id="4355429" t="эпицентр"><v><l id="385872" t="эпицентр"><g v="NOUN"></g><g v="inan"></g><g v="masc"></g><g v="sing"></g><g v="nomn"></g></l></v></tfr></token><token id="637710" text="одного"><tfr rev_id="4300615" t="одного"><v><l id="203319" t="один"><g v="ADJF"></g><g v="Apro"></g><g v="Anum"></g><g v="masc"></g><g v="sing"></g><g v="gent"></g></l></v><v><l id="203319" t="один"><g v="ADJF"></g><g v="Apro"></g><g v="Anum"></g><g v="anim"></g><g v="masc"></g><g v="sing"></g><g v="accs"></g></l></v></tfr></token><token id="637711" text="из"><tfr rev_id="2603604" t="из"><v><l id="117677" t="из"><g v="PREP"></g></l></v></tfr></token><token id="637712" text="них"><tfr rev_id="3945989" t="них"><v><l id="206619" t="они"><g v="NPRO"></g><g v="3per"></g><g v="Anph"></g><g v="plur"></g><g v="gent"></g><g v="Af-p"></g></l></v></tfr></token><token id="637713" text="находился"><tfr rev_id="1469828" t="находился"><v><l id="177898" t="нахожусь"><g v="VERB"></g><g v="impf"></g><g v="intr"></g><g v="masc"></g><g v="sing"></g><g v="past"></g><g v="indc"></g></l></v><v><l id="177903" t="находился"><g v="VERB"></g><g v="perf"></g><g v="intr"></g><g v="masc"></g><g v="sing"></g><g v="past"></g><g v="indc"></g></l></v></tfr></token><token id="637714" text="всего"><tfr rev_id="4499358" t="всего"><v><l id="53374" t="всего"><g v="PRCL"></g></l></v></tfr></token><token id="637715" text="в"><tfr rev_id="1469830" t="в"><v><l id="37409" t="в"><g v="PREP"></g></l></v></tfr></token><token id="637716" text="67"><tfr rev_id="2462113" t="67"><v><l id="0" t="67"><g v="NUMB"></g></l></v></tfr></token><token id="637717" text="км"><tfr rev_id="4230526" t="км"><v><l id="389049" t="км"><g v="NOUN"></g><g v="inan"></g><g v="masc"></g><g v="Fixd"></g><g v="Abbr"></g><g v="plur"></g><g v="nomn"></g></l></v><v><l id="389049" t="км"><g v="NOUN"></g><g v="inan"></g><g v="masc"></g><g v="Fixd"></g><g v="Abbr"></g><g v="plur"></g><g v="gent"></g></l></v><v><l id="389049" t="км"><g v="NOUN"></g><g v="inan"></g><g v="masc"></g><g v="Fixd"></g><g v="Abbr"></g><g v="plur"></g><g v="datv"></g></l></v><v><l id="389049" t="км"><g v="NOUN"></g><g v="inan"></g><g v="masc"></g><g v="Fixd"></g><g v="Abbr"></g><g v="plur"></g><g v="accs"></g></l></v><v><l id="389049" t="км"><g v="NOUN"></g><g v="inan"></g><g v="masc"></g><g v="Fixd"></g><g v="Abbr"></g><g v="plur"></g><g v="ablt"></g></l></v><v><l id="389049" t="км"><g v="NOUN"></g><g v="inan"></g><g v="masc"></g><g v="Fixd"></g><g v="Abbr"></g><g v="plur"></g><g v="loct"></g></l></v></tfr></token><token id="637718" text="от"><tfr rev_id="1469833" t="от"><v><l id="211644" t="от"><g v="PREP"></g></l></v></tfr></token><token id="637719" text="Токио"><tfr rev_id="4138293" t="Токио"><v><l id="347003" t="токио"><g v="NOUN"></g><g v="inan"></g><g v="masc"></g><g v="Sgtm"></g><g v="Fixd"></g><g v="Geox"></g><g v="sing"></g><g v="gent"></g></l></v></tfr></token><token id="637720" text="."><tfr rev_id="1469835" t="."><v><l id="0" t="."><g v="PNCT"></g></l></v></tfr></token></tokens></sentence><sentence id="35693"><source>Магнитуда самого сильного афтершока составила 7,1.</source><tokens><token id="637721" text="Магнитуда"><tfr rev_id="1469836" t="Магнитуда"><v><l id="152803" t="магнитуда"><g v="NOUN"></g><g v="inan"></g><g v="femn"></g><g v="sing"></g><g v="nomn"></g></l></v></tfr></token><token id="637722" text="самого"><tfr rev_id="3449312" t="самого"><v><l id="312034" t="сам"><g v="ADJF"></g><g v="Apro"></g><g v="masc"></g><g v="sing"></g><g v="gent"></g></l></v><v><l id="312034" t="сам"><g v="ADJF"></g><g v="Apro"></g><g v="anim"></g><g v="masc"></g><g v="sing"></g><g v="accs"></g></l></v><v><l id="313174" t="самый"><g v="ADJF"></g><g v="Apro"></g><g v="masc"></g><g v="sing"></g><g v="gent"></g></l></v><v><l id="313174" t="самый"><g v="ADJF"></g><g v="Apro"></g><g v="anim"></g><g v="masc"></g><g v="sing"></g><g v="accs"></g></l></v></tfr></token><token id="637723" text="сильного"><tfr rev_id="4166447" t="сильного"><v><l id="320610" t="сильный"><g v="ADJF"></g><g v="Qual"></g><g v="masc"></g><g v="sing"></g><g v="gent"></g></l></v><v><l id="320610" t="сильный"><g v="ADJF"></g><g v="Qual"></g><g v="anim"></g><g v="masc"></g><g v="sing"></g><g v="accs"></g></l></v></tfr></token><token id="637724" text="афтершока"><tfr rev_id="1469839" t="афтершока"><v><l id="20385" t="афтершок"><g v="NOUN"></g><g v="inan"></g><g v="masc"></g><g v="sing"></g><g v="gent"></g></l></v></tfr></token><token id="637725" text="составила"><tfr rev_id="1469840" t="составила"><v><l id="330483" t="составил"><g v="VERB"></g><g v="perf"></g><g v="tran"></g><g v="femn"></g><g v="sing"></g><g v="past"></g><g v="indc"></g></l></v></tfr></token><token id="637726" text="7,1"><tfr rev_id="2462114" t="7,1"><v><l id="0" t="7,1"><g v="NUMB"></g></l></v></tfr></token><token id="637727" text="."><tfr rev_id="1469842" t="."><v><l id="0" t="."><g v="PNCT"></g></l></v></tfr></token></tokens></sentence><sentence id="35694"><source>Землетрясение вызвало сильное цунами, в ряде районов высота приливной волны превысила 10 м.</source><tokens><token id="637728" text="Землетрясение"><tfr rev_id="4212687" t="Землетрясение"><v><l id="115070" t="землетрясение"><g v="NOUN"></g><g v="inan"></g><g v="neut"></g><g v="sing"></g><g v="nomn"></g></l></v></tfr></token><token id="637729" text="вызвало"><tfr rev_id="1469844" t="вызвало"><v><l id="57525" t="вызвал"><g v="VERB"></g><g v="perf"></g><g v="tran"></g><g v="neut"></g><g v="sing"></g><g v="past"></g><g v="indc"></g></l></v></tfr></token><token id="637730" text="сильное"><tfr rev_id="1469845" t="сильное"><v><l id="320610" t="сильный"><g v="ADJF"></g><g v="Qual"></g><g v="neut"></g><g v="sing"></g><g v="nomn"></g></l></v><v><l id="320610" t="сильный"><g v="ADJF"></g><g v="Qual"></g><g v="neut"></g><g v="sing"></g><g v="accs"></g></l></v></tfr></token><token id="637731" text="цунами"><tfr rev_id="4322058" t="цунами"><v><l id="374286" t="цунами"><g v="NOUN"></g><g v="inan"></g><g v="neut"></g><g v="Fixd"></g><g v="sing"></g><g v="accs"></g></l></v></tfr></token><token id="637732" text=","><tfr rev_id="1469847" t=","><v><l id="0" t=","><g v="PNCT"></g></l></v></tfr></token><token id="637733" text="в"><tfr rev_id="1469848" t="в"><v><l id="37409" t="в"><g v="PREP"></g></l></v></tfr></token><token id="637734" text="ряде"><tfr rev_id="1469849" t="ряде"><v><l id="311045" t="ряд"><g v="NOUN"></g><g v="inan"></g><g v="masc"></g><g v="sing"></g><g v="loc1"></g></l></v></tfr></token><token id="637735" text="районов"><tfr rev_id="1469850" t="районов"><v><l id="297595" t="район"><g v="NOUN"></g><g v="inan"></g><g v="masc"></g><g v="plur"></g><g v="gent"></g></l></v></tfr></token><token id="637736" text="высота"><tfr rev_id="1469851" t="высота"><v><l id="62492" t="высота"><g v="NOUN"></g><g v="inan"></g><g v="femn"></g><g v="sing"></g><g v="nomn"></g></l></v></tfr></token><token id="637737" text="приливной"><tfr rev_id="4417357" t="приливной"><v><l id="271606" t="приливный"><g v="ADJF"></g><g v="Qual"></g><g v="femn"></g><g v="sing"></g><g v="gent"></g></l></v></tfr></token><token id="637738" text="волны"><tfr rev_id="3441381" t="волны"><v><l id="50017" t="волна"><g v="NOUN"></g><g v="inan"></g><g v="femn"></g><g v="sing"></g><g v="gent"></g></l></v></tfr></token><token id="637739" text="превысила"><tfr rev_id="1469854" t="превысила"><v><l id="266151" t="превысил"><g v="VERB"></g><g v="perf"></g><g v="tran"></g><g v="femn"></g><g v="sing"></g><g v="past"></g><g v="indc"></g></l></v></tfr></token><token id="637740" text="10"><tfr rev_id="2462115" t="10"><v><l id="0" t="10"><g v="NUMB"></g></l></v></tfr></token><token id="637741" text="м"><tfr rev_id="4138312" t="м"><v><l id="152458" t="м"><g v="NOUN"></g><g v="inan"></g><g v="masc"></g><g v="Fixd"></g><g v="Abbr"></g><g v="plur"></g><g v="gent"></g></l></v></tfr></token><token id="637742" text="."><tfr rev_id="1469857" t="."><v><l id="0" t="."><g v="PNCT"></g></l></v></tfr></token></tokens></sentence><sentence id="35695"><source>В нескольких префектурах цунами снесло дома и находившиеся на дорогах машины.</source><tokens><token id="637743" text="В"><tfr rev_id="1469858" t="В"><v><l id="37409" t="в"><g v="PREP"></g></l></v></tfr></token><token id="637744" text="нескольких"><tfr rev_id="3474278" t="нескольких"><v><l id="188126" t="несколько"><g v="NUMR"></g><g v="loct"></g></l></v></tfr></token><token id="637745" text="префектурах"><tfr rev_id="1469860" t="префектурах"><v><l id="268560" t="префектура"><g v="NOUN"></g><g v="inan"></g><g v="femn"></g><g v="plur"></g><g v="loct"></g></l></v></tfr></token><token id="637746" text="цунами"><tfr rev_id="4163501" t="цунами"><v><l id="374286" t="цунами"><g v="NOUN"></g><g v="inan"></g><g v="neut"></g><g v="Fixd"></g><g v="sing"></g><g v="nomn"></g></l></v></tfr></token><token id="637747" text="снесло"><tfr rev_id="1469862" t="снесло"><v><l id="327320" t="снёс"><g v="VERB"></g><g v="perf"></g><g v="tran"></g><g v="neut"></g><g v="sing"></g><g v="past"></g><g v="indc"></g></l></v></tfr></token><token id="637748" text="дома"><tfr rev_id="4471838" t="дома"><v><l id="88152" t="дом"><g v="NOUN"></g><g v="inan"></g><g v="masc"></g><g v="plur"></g><g v="accs"></g></l></v></tfr></token><token id="637749" text="и"><tfr rev_id="1469864" t="и"><v><l id="116949" t="и"><g v="CONJ"></g></l></v><v><l id="116950" t="и"><g v="INTJ"></g></l></v></tfr></token><token id="637750" text="находившиеся"><tfr rev_id="1469865" t="находившиеся"><v><l id="177901" t="находившийся"><g v="PRTF"></g><g v="impf"></g><g v="intr"></g><g v="past"></g><g v="actv"></g><g v="plur"></g><g v="nomn"></g></l></v><v><l id="177901" t="находившийся"><g v="PRTF"></g><g v="impf"></g><g v="intr"></g><g v="past"></g><g v="actv"></g><g v="inan"></g><g v="plur"></g><g v="accs"></g></l></v><v><l id="177905" t="находившийся"><g v="PRTF"></g><g v="perf"></g><g v="intr"></g><g v="past"></g><g v="actv"></g><g v="plur"></g><g v="nomn"></g></l></v><v><l id="177905" t="находившийся"><g v="PRTF"></g><g v="perf"></g><g v="intr"></g><g v="past"></g><g v="actv"></g><g v="inan"></g><g v="plur"></g><g v="accs"></g></l></v></tfr></token><token id="637751" text="на"><tfr rev_id="3341557" t="на"><v><l id="166264" t="на"><g v="PREP"></g></l></v></tfr></token><token id="637752" text="дорогах"><tfr rev_id="1469867" t="дорогах"><v><l id="89707" t="дорога"><g v="NOUN"></g><g v="inan"></g><g v="femn"></g><g v="plur"></g><g v="loct"></g></l></v></tfr></token><token id="637753" text="машины"><tfr rev_id="4465056" t="машины"><v><l id="156690" t="машина"><g v="NOUN"></g><g v="inan"></g><g v="femn"></g><g v="plur"></g><g v="accs"></g></l></v></tfr></token><token id="637754" text="."><tfr rev_id="1469869" t="."><v><l id="0" t="."><g v="PNCT"></g></l></v></tfr></token></tokens></sentence><sentence id="35696"><source>Гигантская волна накрывает поля и дороги, крушит здания и сооружения.</source><tokens><token id="637755" text="Гигантская"><tfr rev_id="1469870" t="Гигантская"><v><l id="69549" t="гигантский"><g v="ADJF"></g><g v="femn"></g><g v="sing"></g><g v="nomn"></g></l></v></tfr></token><token id="637756" text="волна"><tfr rev_id="1469871" t="волна"><v><l id="50017" t="волна"><g v="NOUN"></g><g v="inan"></g><g v="femn"></g><g v="sing"></g><g v="nomn"></g></l></v></tfr></token><token id="637757" text="накрывает"><tfr rev_id="1469872" t="накрывает"><v><l id="171591" t="накрываю"><g v="VERB"></g><g v="impf"></g><g v="tran"></g><g v="sing"></g><g v="3per"></g><g v="pres"></g><g v="indc"></g></l></v></tfr></token><token id="637758" text="поля"><tfr rev_id="3815451" t="поля"><v><l id="255256" t="поле"><g v="NOUN"></g><g v="inan"></g><g v="neut"></g><g v="plur"></g><g v="accs"></g></l></v></tfr></token><token id="637759" text="и"><tfr rev_id="3544657" t="и"><v><l id="116949" t="и"><g v="CONJ"></g></l></v></tfr></token><token id="637760" text="дороги"><tfr rev_id="4239556" t="дороги"><v><l id="89707" t="дорога"><g v="NOUN"></g><g v="inan"></g><g v="femn"></g><g v="plur"></g><g v="accs"></g></l></v></tfr></token><token id="637761" text=","><tfr rev_id="1469876" t=","><v><l id="0" t=","><g v="PNCT"></g></l></v></tfr></token><token id="637762" text="крушит"><tfr rev_id="1469877" t="крушит"><v><l id="143893" t="крушу"><g v="VERB"></g><g v="impf"></g><g v="tran"></g><g v="sing"></g><g v="3per"></g><g v="pres"></g><g v="indc"></g></l></v></tfr></token><token id="637763" text="здания"><tfr rev_id="3801823" t="здания"><v><l id="114695" t="здание"><g v="NOUN"></g><g v="inan"></g><g v="neut"></g><g v="plur"></g><g v="accs"></g></l></v></tfr></token><token id="637764" text="и"><tfr rev_id="3555677" t="и"><v><l id="116949" t="и"><g v="CONJ"></g></l></v></tfr></token><token id="637765" text="сооружения"><tfr rev_id="3765669" t="сооружения"><v><l id="329612" t="сооружение"><g v="NOUN"></g><g v="inan"></g><g v="neut"></g><g v="plur"></g><g v="accs"></g></l></v></tfr></token><token id="637766" text="."><tfr rev_id="1469881" t="."><v><l id="0" t="."><g v="PNCT"></g></l></v></tfr></token></tokens></sentence></paragraph><paragraph id="11301"><sentence id="35697"><source>О мощнейшем землетрясении на Гаити читайте в статье Частного корреспондента «Остров невезения»</source><tokens><token id="637767" text="О"><tfr rev_id="3332872" t="О"><v><l id="192977" t="о"><g v="PREP"></g></l></v></tfr></token><token id="637768" text="мощнейшем"><tfr rev_id="3539082" t="мощнейшем"><v><l id="164529" t="мощнейший"><g v="ADJF"></g><g v="Supr"></g><g v="Qual"></g><g v="neut"></g><g v="sing"></g><g v="loct"></g></l></v></tfr></token><token id="637769" text="землетрясении"><tfr rev_id="1469884" t="землетрясении"><v><l id="115070" t="землетрясение"><g v="NOUN"></g><g v="inan"></g><g v="neut"></g><g v="sing"></g><g v="loct"></g></l></v></tfr></token><token id="637770" text="на"><tfr rev_id="3339039" t="на"><v><l id="166264" t="на"><g v="PREP"></g></l></v></tfr></token><token id="637771" text="Гаити"><tfr rev_id="4329850" t="Гаити"><v><l id="66226" t="гаити"><g v="NOUN"></g><g v="inan"></g><g v="masc"></g><g v="Sgtm"></g><g v="Fixd"></g><g v="Geox"></g><g v="sing"></g><g v="loct"></g></l></v></tfr></token><token id="637772" text="читайте"><tfr rev_id="1469887" t="читайте"><v><l id="376719" t="читаю"><g v="VERB"></g><g v="impf"></g><g v="tran"></g><g v="plur"></g><g v="impr"></g><g v="excl"></g></l></v></tfr></token><token id="637773" text="в"><tfr rev_id="1469888" t="в"><v><l id="37409" t="в"><g v="PREP"></g></l></v></tfr></token><token id="637774" text="статье"><tfr rev_id="2737456" t="статье"><v><l id="335173" t="статья"><g v="NOUN"></g><g v="inan"></g><g v="femn"></g><g v="sing"></g><g v="loct"></g></l></v></tfr></token><token id="637775" text="Частного"><tfr rev_id="4371487" t="Частного"><v><l id="374795" t="частный"><g v="ADJF"></g><g v="Qual"></g><g v="masc"></g><g v="sing"></g><g v="gent"></g></l></v><v><l id="374795" t="частный"><g v="ADJF"></g><g v="Qual"></g><g v="anim"></g><g v="masc"></g><g v="sing"></g><g v="accs"></g></l></v></tfr></token><token id="637776" text="корреспондента"><tfr rev_id="4461985" t="корреспондента"><v><l id="140239" t="корреспондент"><g v="NOUN"></g><g v="anim"></g><g v="masc"></g><g v="sing"></g><g v="gent"></g></l></v></tfr></token><token id="637777" text="«"><tfr rev_id="2445044" t="«"><v><l id="0" t="«"><g v="PNCT"></g></l></v></tfr></token><token id="637778" text="Остров"><tfr rev_id="3677122" t="Остров"><v><l id="211180" t="остров"><g v="NOUN"></g><g v="inan"></g><g v="masc"></g><g v="sing"></g><g v="nomn"></g></l></v></tfr></token><token id="637779" text="невезения"><tfr rev_id="2757006" t="невезения"><v><l id="179626" t="невезение"><g v="NOUN"></g><g v="inan"></g><g v="neut"></g><g v="sing"></g><g v="gent"></g></l></v></tfr></token><token id="637780" text="»"><tfr rev_id="2445045" t="»"><v><l id="0" t="»"><g v="PNCT"></g></l></v></tfr></token></tokens></sentence></paragraph></paragraphs></text>