<?xml version="1.0" encoding="utf-8"?><text id="1229" parent="56" name="Россия — самая курящая страна мира"><tags><tag>Автор:http://ru.wikinews.org/wiki/Участник:TarzanASG</tag><tag>url:http://ru.wikinews.org/w/index.php?title=Россия_—_самая_курящая_страна_мира&amp;oldid=83821</tag><tag>Дата:06/10</tag><tag>Год:2010</tag><tag>Тема:ВикиКатегория:Здоровье</tag><tag>Гео:ВикиКатегория:Россия</tag></tags><paragraphs><paragraph id="11308"><sentence id="35731"><source>Российский министр здравоохранения и социального развития заявила, что по числу курильщиков Россия опережает все страны мира.</source><tokens><token id="638382" text="Российский"><tfr rev_id="4097831" t="Российский"><v><l id="309319" t="российский"><g v="ADJF"></g><g v="masc"></g><g v="sing"></g><g v="nomn"></g></l></v></tfr></token><token id="638383" text="министр"><tfr rev_id="1470496" t="министр"><v><l id="160614" t="министр"><g v="NOUN"></g><g v="anim"></g><g v="masc"></g><g v="sing"></g><g v="nomn"></g></l></v></tfr></token><token id="638384" text="здравоохранения"><tfr rev_id="3490819" t="здравоохранения"><v><l id="114762" t="здравоохранение"><g v="NOUN"></g><g v="inan"></g><g v="neut"></g><g v="sing"></g><g v="gent"></g></l></v></tfr></token><token id="638385" text="и"><tfr rev_id="1470498" t="и"><v><l id="116949" t="и"><g v="CONJ"></g></l></v><v><l id="116950" t="и"><g v="INTJ"></g></l></v></tfr></token><token id="638386" text="социального"><tfr rev_id="3470306" t="социального"><v><l id="331060" t="социальный"><g v="ADJF"></g><g v="Qual"></g><g v="neut"></g><g v="sing"></g><g v="gent"></g></l></v></tfr></token><token id="638387" text="развития"><tfr rev_id="3496661" t="развития"><v><l id="292545" t="развитие"><g v="NOUN"></g><g v="inan"></g><g v="neut"></g><g v="sing"></g><g v="gent"></g></l></v></tfr></token><token id="638388" text="заявила"><tfr rev_id="1470501" t="заявила"><v><l id="114300" t="заявил"><g v="VERB"></g><g v="perf"></g><g v="tran"></g><g v="femn"></g><g v="sing"></g><g v="past"></g><g v="indc"></g></l></v></tfr></token><token id="638389" text=","><tfr rev_id="1470502" t=","><v><l id="0" t=","><g v="PNCT"></g></l></v></tfr></token><token id="638390" text="что"><tfr rev_id="3197132" t="что"><v><l id="377004" t="что"><g v="CONJ"></g></l></v><v><l id="377005" t="что"><g v="NPRO"></g><g v="neut"></g><g v="sing"></g><g v="nomn"></g></l></v><v><l id="377005" t="что"><g v="NPRO"></g><g v="neut"></g><g v="sing"></g><g v="accs"></g></l></v><v><l id="377006" t="что"><g v="ADVB"></g><g v="Ques"></g></l></v><v><l id="388695" t="что"><g v="PRCL"></g></l></v></tfr></token><token id="638391" text="по"><tfr rev_id="1470504" t="по"><v><l id="241240" t="по"><g v="PREP"></g></l></v></tfr></token><token id="638392" text="числу"><tfr rev_id="1470505" t="числу"><v><l id="376585" t="число"><g v="NOUN"></g><g v="inan"></g><g v="neut"></g><g v="sing"></g><g v="datv"></g></l></v></tfr></token><token id="638393" text="курильщиков"><tfr rev_id="4382893" t="курильщиков"><v><l id="145333" t="курильщик"><g v="NOUN"></g><g v="anim"></g><g v="masc"></g><g v="plur"></g><g v="gent"></g></l></v></tfr></token><token id="638394" text="Россия"><tfr rev_id="1470507" t="Россия"><v><l id="309322" t="россия"><g v="NOUN"></g><g v="inan"></g><g v="femn"></g><g v="Sgtm"></g><g v="Geox"></g><g v="sing"></g><g v="nomn"></g></l></v></tfr></token><token id="638395" text="опережает"><tfr rev_id="1470508" t="опережает"><v><l id="206964" t="опережаю"><g v="VERB"></g><g v="impf"></g><g v="tran"></g><g v="sing"></g><g v="3per"></g><g v="pres"></g><g v="indc"></g></l></v></tfr></token><token id="638396" text="все"><tfr rev_id="4511340" t="все"><v><l id="42156" t="весь"><g v="ADJF"></g><g v="Subx"></g><g v="Apro"></g><g v="inan"></g><g v="plur"></g><g v="accs"></g></l></v><v><l id="42156" t="весь"><g v="ADJF"></g><g v="Subx"></g><g v="Apro"></g><g v="plur"></g><g v="nomn"></g></l></v></tfr></token><token id="638397" text="страны"><tfr rev_id="3761884" t="страны"><v><l id="337100" t="страна"><g v="NOUN"></g><g v="inan"></g><g v="femn"></g><g v="plur"></g><g v="accs"></g></l></v></tfr></token><token id="638398" text="мира"><tfr rev_id="3723459" t="мира"><v><l id="160807" t="мир"><g v="NOUN"></g><g v="inan"></g><g v="masc"></g><g v="sing"></g><g v="gen1"></g></l></v></tfr></token><token id="638399" text="."><tfr rev_id="1470512" t="."><v><l id="0" t="."><g v="PNCT"></g></l></v></tfr></token></tokens></sentence></paragraph><paragraph id="11309"><sentence id="35732"><source>Ссылаясь на статистику ООН, Татьяна Голикова сообщила, что курят 40 процентов россиян, и ежегодно сигареты губят около 400 тысяч человек.</source><tokens><token id="638400" text="Ссылаясь"><tfr rev_id="1470513" t="Ссылаясь"><v><l id="334179" t="ссылаясь"><g v="GRND"></g><g v="impf"></g><g v="intr"></g><g v="pres"></g></l></v></tfr></token><token id="638401" text="на"><tfr rev_id="3395933" t="на"><v><l id="166264" t="на"><g v="PREP"></g></l></v></tfr></token><token id="638402" text="статистику"><tfr rev_id="4337630" t="статистику"><v><l id="335112" t="статистика"><g v="NOUN"></g><g v="inan"></g><g v="femn"></g><g v="sing"></g><g v="accs"></g></l></v></tfr></token><token id="638403" text="ООН"><tfr rev_id="4138818" t="ООН"><v><l id="206695" t="оон"><g v="NOUN"></g><g v="inan"></g><g v="femn"></g><g v="Sgtm"></g><g v="Fixd"></g><g v="Abbr"></g><g v="Orgn"></g><g v="sing"></g><g v="gent"></g></l></v></tfr></token><token id="638404" text=","><tfr rev_id="1470517" t=","><v><l id="0" t=","><g v="PNCT"></g></l></v></tfr></token><token id="638405" text="Татьяна"><tfr rev_id="1470518" t="Татьяна"><v><l id="343513" t="татьяна"><g v="NOUN"></g><g v="anim"></g><g v="femn"></g><g v="Name"></g><g v="sing"></g><g v="nomn"></g></l></v></tfr></token><token id="638406" text="Голикова"><tfr rev_id="3799278" t="Голикова"><v><l id="72267" t="голикова"><g v="NOUN"></g><g v="anim"></g><g v="femn"></g><g v="Sgtm"></g><g v="Surn"></g><g v="sing"></g><g v="nomn"></g></l></v></tfr></token><token id="638407" text="сообщила"><tfr rev_id="1470520" t="сообщила"><v><l id="329556" t="сообщил"><g v="VERB"></g><g v="perf"></g><g v="tran"></g><g v="femn"></g><g v="sing"></g><g v="past"></g><g v="indc"></g></l></v></tfr></token><token id="638408" text=","><tfr rev_id="1470521" t=","><v><l id="0" t=","><g v="PNCT"></g></l></v></tfr></token><token id="638409" text="что"><tfr rev_id="3197133" t="что"><v><l id="377004" t="что"><g v="CONJ"></g></l></v><v><l id="377005" t="что"><g v="NPRO"></g><g v="neut"></g><g v="sing"></g><g v="nomn"></g></l></v><v><l id="377005" t="что"><g v="NPRO"></g><g v="neut"></g><g v="sing"></g><g v="accs"></g></l></v><v><l id="377006" t="что"><g v="ADVB"></g><g v="Ques"></g></l></v><v><l id="388695" t="что"><g v="PRCL"></g></l></v></tfr></token><token id="638410" text="курят"><tfr rev_id="1715576" t="курят"><v><l id="145359" t="курю"><g v="VERB"></g><g v="impf"></g><g v="tran"></g><g v="plur"></g><g v="3per"></g><g v="pres"></g><g v="indc"></g></l></v></tfr></token><token id="638411" text="40"><tfr rev_id="2462131" t="40"><v><l id="0" t="40"><g v="NUMB"></g></l></v></tfr></token><token id="638412" text="процентов"><tfr rev_id="1470525" t="процентов"><v><l id="287340" t="процент"><g v="NOUN"></g><g v="inan"></g><g v="masc"></g><g v="plur"></g><g v="gent"></g></l></v></tfr></token><token id="638413" text="россиян"><tfr rev_id="3704518" t="россиян"><v><l id="309323" t="россиянин"><g v="NOUN"></g><g v="anim"></g><g v="masc"></g><g v="plur"></g><g v="gent"></g></l></v></tfr></token><token id="638414" text=","><tfr rev_id="1470527" t=","><v><l id="0" t=","><g v="PNCT"></g></l></v></tfr></token><token id="638415" text="и"><tfr rev_id="1470528" t="и"><v><l id="116949" t="и"><g v="CONJ"></g></l></v><v><l id="116950" t="и"><g v="INTJ"></g></l></v></tfr></token><token id="638416" text="ежегодно"><tfr rev_id="1470529" t="ежегодно"><v><l id="94443" t="ежегодно"><g v="ADVB"></g></l></v><v><l id="94445" t="ежегоден"><g v="ADJS"></g><g v="Qual"></g><g v="neut"></g><g v="sing"></g></l></v></tfr></token><token id="638417" text="сигареты"><tfr rev_id="3794652" t="сигареты"><v><l id="320101" t="сигарета"><g v="NOUN"></g><g v="inan"></g><g v="femn"></g><g v="plur"></g><g v="nomn"></g></l></v></tfr></token><token id="638418" text="губят"><tfr rev_id="1470531" t="губят"><v><l id="76427" t="гублю"><g v="VERB"></g><g v="impf"></g><g v="tran"></g><g v="plur"></g><g v="3per"></g><g v="pres"></g><g v="indc"></g></l></v></tfr></token><token id="638419" text="около"><tfr rev_id="4320057" t="около"><v><l id="205005" t="около"><g v="PREP"></g></l></v></tfr></token><token id="638420" text="400"><tfr rev_id="2462132" t="400"><v><l id="0" t="400"><g v="NUMB"></g></l></v></tfr></token><token id="638421" text="тысяч"><tfr rev_id="1470534" t="тысяч"><v><l id="352230" t="тысяча"><g v="NOUN"></g><g v="inan"></g><g v="femn"></g><g v="plur"></g><g v="gent"></g></l></v></tfr></token><token id="638422" text="человек"><tfr rev_id="3455788" t="человек"><v><l id="375073" t="человек"><g v="NOUN"></g><g v="anim"></g><g v="masc"></g><g v="plur"></g><g v="gent"></g></l></v></tfr></token><token id="638423" text="."><tfr rev_id="1470536" t="."><v><l id="0" t="."><g v="PNCT"></g></l></v></tfr></token></tokens></sentence></paragraph><paragraph id="11310"><sentence id="35733"><source>Голикова отметила, что пачка сигарет в России стоит лишь немногим больше буханки хлеба, и что правительству следует увеличить налог на табак.</source><tokens><token id="638424" text="Голикова"><tfr rev_id="3747857" t="Голикова"><v><l id="72267" t="голикова"><g v="NOUN"></g><g v="anim"></g><g v="femn"></g><g v="Sgtm"></g><g v="Surn"></g><g v="sing"></g><g v="nomn"></g></l></v></tfr></token><token id="638425" text="отметила"><tfr rev_id="1470538" t="отметила"><v><l id="215584" t="отметил"><g v="VERB"></g><g v="perf"></g><g v="tran"></g><g v="femn"></g><g v="sing"></g><g v="past"></g><g v="indc"></g></l></v></tfr></token><token id="638426" text=","><tfr rev_id="1470539" t=","><v><l id="0" t=","><g v="PNCT"></g></l></v></tfr></token><token id="638427" text="что"><tfr rev_id="3197134" t="что"><v><l id="377004" t="что"><g v="CONJ"></g></l></v><v><l id="377005" t="что"><g v="NPRO"></g><g v="neut"></g><g v="sing"></g><g v="nomn"></g></l></v><v><l id="377005" t="что"><g v="NPRO"></g><g v="neut"></g><g v="sing"></g><g v="accs"></g></l></v><v><l id="377006" t="что"><g v="ADVB"></g><g v="Ques"></g></l></v><v><l id="388695" t="что"><g v="PRCL"></g></l></v></tfr></token><token id="638428" text="пачка"><tfr rev_id="1470541" t="пачка"><v><l id="225436" t="пачка"><g v="NOUN"></g><g v="inan"></g><g v="femn"></g><g v="sing"></g><g v="nomn"></g></l></v></tfr></token><token id="638429" text="сигарет"><tfr rev_id="1470542" t="сигарет"><v><l id="320101" t="сигарета"><g v="NOUN"></g><g v="inan"></g><g v="femn"></g><g v="plur"></g><g v="gent"></g></l></v></tfr></token><token id="638430" text="в"><tfr rev_id="1470543" t="в"><v><l id="37409" t="в"><g v="PREP"></g></l></v></tfr></token><token id="638431" text="России"><tfr rev_id="3456795" t="России"><v><l id="309322" t="россия"><g v="NOUN"></g><g v="inan"></g><g v="femn"></g><g v="Sgtm"></g><g v="Geox"></g><g v="sing"></g><g v="loct"></g></l></v></tfr></token><token id="638432" text="стоит"><tfr rev_id="1470545" t="стоит"><v><l id="336464" t="стою"><g v="VERB"></g><g v="impf"></g><g v="tran"></g><g v="sing"></g><g v="3per"></g><g v="pres"></g><g v="indc"></g></l></v><v><l id="336469" t="стоило"><g v="VERB"></g><g v="impf"></g><g v="intr"></g><g v="Impe"></g><g v="sing"></g><g v="pres"></g><g v="indc"></g></l></v><v><l id="336980" t="стою"><g v="VERB"></g><g v="impf"></g><g v="intr"></g><g v="sing"></g><g v="3per"></g><g v="pres"></g><g v="indc"></g></l></v></tfr></token><token id="638433" text="лишь"><tfr rev_id="1470546" t="лишь"><v><l id="150259" t="лишь"><g v="CONJ"></g></l></v><v><l id="150260" t="лишь"><g v="PRCL"></g></l></v></tfr></token><token id="638434" text="немногим"><tfr rev_id="4575710" t="немногим"><v><l id="184143" t="немногое"><g v="NPRO"></g><g v="neut"></g><g v="sing"></g><g v="ablt"></g></l></v></tfr></token><token id="638435" text="больше"><tfr rev_id="2558484" t="больше"><v><l id="32325" t="больше"><g v="ADVB"></g></l></v><v><l id="32447" t="больше"><g v="COMP"></g><g v="Qual"></g></l></v></tfr></token><token id="638436" text="буханки"><tfr rev_id="3475971" t="буханки"><v><l id="36749" t="буханка"><g v="NOUN"></g><g v="inan"></g><g v="femn"></g><g v="sing"></g><g v="gent"></g></l></v></tfr></token><token id="638437" text="хлеба"><tfr rev_id="3452032" t="хлеба"><v><l id="370427" t="хлеб"><g v="NOUN"></g><g v="inan"></g><g v="masc"></g><g v="sing"></g><g v="gent"></g></l></v></tfr></token><token id="638438" text=","><tfr rev_id="1470551" t=","><v><l id="0" t=","><g v="PNCT"></g></l></v></tfr></token><token id="638439" text="и"><tfr rev_id="1470552" t="и"><v><l id="116949" t="и"><g v="CONJ"></g></l></v><v><l id="116950" t="и"><g v="INTJ"></g></l></v></tfr></token><token id="638440" text="что"><tfr rev_id="3197135" t="что"><v><l id="377004" t="что"><g v="CONJ"></g></l></v><v><l id="377005" t="что"><g v="NPRO"></g><g v="neut"></g><g v="sing"></g><g v="nomn"></g></l></v><v><l id="377005" t="что"><g v="NPRO"></g><g v="neut"></g><g v="sing"></g><g v="accs"></g></l></v><v><l id="377006" t="что"><g v="ADVB"></g><g v="Ques"></g></l></v><v><l id="388695" t="что"><g v="PRCL"></g></l></v></tfr></token><token id="638441" text="правительству"><tfr rev_id="1470554" t="правительству"><v><l id="265638" t="правительство"><g v="NOUN"></g><g v="inan"></g><g v="neut"></g><g v="sing"></g><g v="datv"></g></l></v></tfr></token><token id="638442" text="следует"><tfr rev_id="3665435" t="следует"><v><l id="324747" t="следую"><g v="VERB"></g><g v="impf"></g><g v="intr"></g><g v="sing"></g><g v="3per"></g><g v="pres"></g><g v="indc"></g><g v="Impx"></g></l></v></tfr></token><token id="638443" text="увеличить"><tfr rev_id="1470556" t="увеличить"><v><l id="353397" t="увеличить"><g v="INFN"></g><g v="perf"></g><g v="tran"></g></l></v></tfr></token><token id="638444" text="налог"><tfr rev_id="3503280" t="налог"><v><l id="172050" t="налог"><g v="NOUN"></g><g v="inan"></g><g v="masc"></g><g v="sing"></g><g v="accs"></g></l></v></tfr></token><token id="638445" text="на"><tfr rev_id="3343257" t="на"><v><l id="166264" t="на"><g v="PREP"></g></l></v></tfr></token><token id="638446" text="табак"><tfr rev_id="1470559" t="табак"><v><l id="342032" t="табак"><g v="NOUN"></g><g v="inan"></g><g v="masc"></g><g v="sing"></g><g v="nomn"></g></l></v><v><l id="342032" t="табак"><g v="NOUN"></g><g v="inan"></g><g v="masc"></g><g v="sing"></g><g v="accs"></g></l></v></tfr></token><token id="638447" text="."><tfr rev_id="1470560" t="."><v><l id="0" t="."><g v="PNCT"></g></l></v></tfr></token></tokens></sentence></paragraph><paragraph id="11311"><sentence id="35734"><source>Премьер-министр РФ Владимир Путин, сам противник курения, на минувшей неделе одобрил план, целью которого является значительное снижение уровня потребления табака россиянами.</source><tokens><token id="638448" text="Премьер-министр"><tfr rev_id="1470561" t="Премьер-министр"><v><l id="267776" t="премьер-министр"><g v="NOUN"></g><g v="anim"></g><g v="masc"></g><g v="sing"></g><g v="nomn"></g></l></v></tfr></token><token id="638449" text="РФ"><tfr rev_id="3509253" t="РФ"><v><l id="310486" t="рф"><g v="NOUN"></g><g v="inan"></g><g v="femn"></g><g v="Sgtm"></g><g v="Fixd"></g><g v="Abbr"></g><g v="Geox"></g><g v="sing"></g><g v="gent"></g></l></v></tfr></token><token id="638450" text="Владимир"><tfr rev_id="4162941" t="Владимир"><v><l id="46610" t="владимир"><g v="NOUN"></g><g v="anim"></g><g v="masc"></g><g v="Name"></g><g v="sing"></g><g v="nomn"></g></l></v></tfr></token><token id="638451" text="Путин"><tfr rev_id="3264527" t="Путин"><v><l id="289589" t="путин"><g v="NOUN"></g><g v="anim"></g><g v="masc"></g><g v="Sgtm"></g><g v="Surn"></g><g v="sing"></g><g v="nomn"></g></l></v></tfr></token><token id="638452" text=","><tfr rev_id="1470565" t=","><v><l id="0" t=","><g v="PNCT"></g></l></v></tfr></token><token id="638453" text="сам"><tfr rev_id="1470566" t="сам"><v><l id="312034" t="сам"><g v="ADJF"></g><g v="Apro"></g><g v="masc"></g><g v="sing"></g><g v="nomn"></g></l></v><v><l id="312034" t="сам"><g v="ADJF"></g><g v="Apro"></g><g v="inan"></g><g v="masc"></g><g v="sing"></g><g v="accs"></g></l></v></tfr></token><token id="638454" text="противник"><tfr rev_id="1470567" t="противник"><v><l id="285802" t="противник"><g v="NOUN"></g><g v="anim"></g><g v="masc"></g><g v="sing"></g><g v="nomn"></g></l></v></tfr></token><token id="638455" text="курения"><tfr rev_id="3446043" t="курения"><v><l id="145290" t="курение"><g v="NOUN"></g><g v="inan"></g><g v="neut"></g><g v="sing"></g><g v="gent"></g></l></v></tfr></token><token id="638456" text=","><tfr rev_id="1470569" t=","><v><l id="0" t=","><g v="PNCT"></g></l></v></tfr></token><token id="638457" text="на"><tfr rev_id="3341189" t="на"><v><l id="166264" t="на"><g v="PREP"></g></l></v></tfr></token><token id="638458" text="минувшей"><tfr rev_id="4331714" t="минувшей"><v><l id="160723" t="минувший"><g v="ADJF"></g><g v="femn"></g><g v="sing"></g><g v="gent"></g></l></v><v><l id="160723" t="минувший"><g v="ADJF"></g><g v="femn"></g><g v="sing"></g><g v="datv"></g></l></v><v><l id="160723" t="минувший"><g v="ADJF"></g><g v="femn"></g><g v="sing"></g><g v="ablt"></g></l></v><v><l id="160723" t="минувший"><g v="ADJF"></g><g v="femn"></g><g v="sing"></g><g v="loct"></g></l></v><v><l id="160759" t="минувший"><g v="PRTF"></g><g v="perf"></g><g v="tran"></g><g v="past"></g><g v="actv"></g><g v="femn"></g><g v="sing"></g><g v="gent"></g></l></v><v><l id="160759" t="минувший"><g v="PRTF"></g><g v="perf"></g><g v="tran"></g><g v="past"></g><g v="actv"></g><g v="femn"></g><g v="sing"></g><g v="datv"></g></l></v><v><l id="160759" t="минувший"><g v="PRTF"></g><g v="perf"></g><g v="tran"></g><g v="past"></g><g v="actv"></g><g v="femn"></g><g v="sing"></g><g v="ablt"></g></l></v><v><l id="160759" t="минувший"><g v="PRTF"></g><g v="perf"></g><g v="tran"></g><g v="past"></g><g v="actv"></g><g v="femn"></g><g v="sing"></g><g v="loct"></g></l></v></tfr></token><token id="638459" text="неделе"><tfr rev_id="3551721" t="неделе"><v><l id="180718" t="неделя"><g v="NOUN"></g><g v="inan"></g><g v="femn"></g><g v="sing"></g><g v="loct"></g></l></v></tfr></token><token id="638460" text="одобрил"><tfr rev_id="1470573" t="одобрил"><v><l id="203495" t="одобрил"><g v="VERB"></g><g v="perf"></g><g v="tran"></g><g v="masc"></g><g v="sing"></g><g v="past"></g><g v="indc"></g></l></v></tfr></token><token id="638461" text="план"><tfr rev_id="4100786" t="план"><v><l id="239677" t="план"><g v="NOUN"></g><g v="inan"></g><g v="masc"></g><g v="sing"></g><g v="accs"></g></l></v></tfr></token><token id="638462" text=","><tfr rev_id="1470575" t=","><v><l id="0" t=","><g v="PNCT"></g></l></v></tfr></token><token id="638463" text="целью"><tfr rev_id="1470576" t="целью"><v><l id="373216" t="цель"><g v="NOUN"></g><g v="inan"></g><g v="femn"></g><g v="sing"></g><g v="ablt"></g></l></v></tfr></token><token id="638464" text="которого"><tfr rev_id="3946454" t="которого"><v><l id="141203" t="который"><g v="ADJF"></g><g v="Apro"></g><g v="Subx"></g><g v="Anph"></g><g v="masc"></g><g v="sing"></g><g v="gent"></g></l></v><v><l id="141203" t="который"><g v="ADJF"></g><g v="Apro"></g><g v="Subx"></g><g v="Anph"></g><g v="anim"></g><g v="masc"></g><g v="sing"></g><g v="accs"></g></l></v></tfr></token><token id="638465" text="является"><tfr rev_id="1470578" t="является"><v><l id="387385" t="являюсь"><g v="VERB"></g><g v="impf"></g><g v="intr"></g><g v="sing"></g><g v="3per"></g><g v="pres"></g><g v="indc"></g></l></v></tfr></token><token id="638466" text="значительное"><tfr rev_id="1470579" t="значительное"><v><l id="116026" t="значительный"><g v="ADJF"></g><g v="Qual"></g><g v="neut"></g><g v="sing"></g><g v="nomn"></g></l></v><v><l id="116026" t="значительный"><g v="ADJF"></g><g v="Qual"></g><g v="neut"></g><g v="sing"></g><g v="accs"></g></l></v></tfr></token><token id="638467" text="снижение"><tfr rev_id="3662056" t="снижение"><v><l id="327355" t="снижение"><g v="NOUN"></g><g v="inan"></g><g v="neut"></g><g v="sing"></g><g v="nomn"></g></l></v></tfr></token><token id="638468" text="уровня"><tfr rev_id="1470581" t="уровня"><v><l id="359953" t="уровень"><g v="NOUN"></g><g v="inan"></g><g v="masc"></g><g v="sing"></g><g v="gent"></g></l></v></tfr></token><token id="638469" text="потребления"><tfr rev_id="3471901" t="потребления"><v><l id="263534" t="потребление"><g v="NOUN"></g><g v="inan"></g><g v="neut"></g><g v="sing"></g><g v="gent"></g></l></v></tfr></token><token id="638470" text="табака"><tfr rev_id="1470583" t="табака"><v><l id="342032" t="табак"><g v="NOUN"></g><g v="inan"></g><g v="masc"></g><g v="sing"></g><g v="gen1"></g></l></v></tfr></token><token id="638471" text="россиянами"><tfr rev_id="1470584" t="россиянами"><v><l id="309323" t="россиянин"><g v="NOUN"></g><g v="anim"></g><g v="masc"></g><g v="plur"></g><g v="ablt"></g></l></v></tfr></token><token id="638472" text="."><tfr rev_id="1470585" t="."><v><l id="0" t="."><g v="PNCT"></g></l></v></tfr></token></tokens></sentence></paragraph><paragraph id="11312"><sentence id="35735"><source>В числе предложенных мер – запрет на рекламу сигарет, ограничение курения в общественных местах, а также постепенное увеличение налога на сигаретную продукцию до уровня, соответствующего европейским стандартам.</source><tokens><token id="638473" text="В"><tfr rev_id="1470586" t="В"><v><l id="37409" t="в"><g v="PREP"></g></l></v></tfr></token><token id="638474" text="числе"><tfr rev_id="1470587" t="числе"><v><l id="376585" t="число"><g v="NOUN"></g><g v="inan"></g><g v="neut"></g><g v="sing"></g><g v="loct"></g></l></v></tfr></token><token id="638475" text="предложенных"><tfr rev_id="3417819" t="предложенных"><v><l id="266543" t="предложенный"><g v="PRTF"></g><g v="perf"></g><g v="tran"></g><g v="past"></g><g v="pssv"></g><g v="plur"></g><g v="gent"></g></l></v></tfr></token><token id="638476" text="мер"><tfr rev_id="1714678" t="мер"><v><l id="158460" t="мера"><g v="NOUN"></g><g v="inan"></g><g v="femn"></g><g v="plur"></g><g v="gent"></g></l></v></tfr></token><token id="638477" text="–"><tfr rev_id="2445076" t="–"><v><l id="0" t="–"><g v="PNCT"></g></l></v></tfr></token><token id="638478" text="запрет"><tfr rev_id="3673178" t="запрет"><v><l id="107924" t="запрет"><g v="NOUN"></g><g v="inan"></g><g v="masc"></g><g v="sing"></g><g v="nomn"></g></l></v></tfr></token><token id="638479" text="на"><tfr rev_id="3343633" t="на"><v><l id="166264" t="на"><g v="PREP"></g></l></v></tfr></token><token id="638480" text="рекламу"><tfr rev_id="1470593" t="рекламу"><v><l id="305670" t="реклама"><g v="NOUN"></g><g v="inan"></g><g v="femn"></g><g v="sing"></g><g v="accs"></g></l></v></tfr></token><token id="638481" text="сигарет"><tfr rev_id="1470594" t="сигарет"><v><l id="320101" t="сигарета"><g v="NOUN"></g><g v="inan"></g><g v="femn"></g><g v="plur"></g><g v="gent"></g></l></v></tfr></token><token id="638482" text=","><tfr rev_id="1470595" t=","><v><l id="0" t=","><g v="PNCT"></g></l></v></tfr></token><token id="638483" text="ограничение"><tfr rev_id="1470596" t="ограничение"><v><l id="202915" t="ограничение"><g v="NOUN"></g><g v="inan"></g><g v="neut"></g><g v="sing"></g><g v="nomn"></g></l></v><v><l id="202915" t="ограничение"><g v="NOUN"></g><g v="inan"></g><g v="neut"></g><g v="sing"></g><g v="accs"></g></l></v></tfr></token><token id="638484" text="курения"><tfr rev_id="3431751" t="курения"><v><l id="145290" t="курение"><g v="NOUN"></g><g v="inan"></g><g v="neut"></g><g v="sing"></g><g v="gent"></g></l></v></tfr></token><token id="638485" text="в"><tfr rev_id="1470598" t="в"><v><l id="37409" t="в"><g v="PREP"></g></l></v></tfr></token><token id="638486" text="общественных"><tfr rev_id="3671145" t="общественных"><v><l id="201612" t="общественный"><g v="ADJF"></g><g v="plur"></g><g v="loct"></g></l></v></tfr></token><token id="638487" text="местах"><tfr rev_id="1470600" t="местах"><v><l id="158822" t="место"><g v="NOUN"></g><g v="inan"></g><g v="neut"></g><g v="plur"></g><g v="loct"></g></l></v></tfr></token><token id="638488" text=","><tfr rev_id="1470601" t=","><v><l id="0" t=","><g v="PNCT"></g></l></v></tfr></token><token id="638489" text="а"><tfr rev_id="1470602" t="а"><v><l id="51" t="а"><g v="CONJ"></g></l></v><v><l id="52" t="а"><g v="INTJ"></g></l></v><v><l id="53" t="а"><g v="PRCL"></g></l></v></tfr></token><token id="638490" text="также"><tfr rev_id="4267779" t="также"><v><l id="342482" t="также"><g v="PRCL"></g></l></v></tfr></token><token id="638491" text="постепенное"><tfr rev_id="1470604" t="постепенное"><v><l id="262236" t="постепенный"><g v="ADJF"></g><g v="Qual"></g><g v="neut"></g><g v="sing"></g><g v="nomn"></g></l></v><v><l id="262236" t="постепенный"><g v="ADJF"></g><g v="Qual"></g><g v="neut"></g><g v="sing"></g><g v="accs"></g></l></v></tfr></token><token id="638492" text="увеличение"><tfr rev_id="1470605" t="увеличение"><v><l id="353380" t="увеличение"><g v="NOUN"></g><g v="inan"></g><g v="neut"></g><g v="sing"></g><g v="nomn"></g></l></v><v><l id="353380" t="увеличение"><g v="NOUN"></g><g v="inan"></g><g v="neut"></g><g v="sing"></g><g v="accs"></g></l></v></tfr></token><token id="638493" text="налога"><tfr rev_id="1470606" t="налога"><v><l id="172050" t="налог"><g v="NOUN"></g><g v="inan"></g><g v="masc"></g><g v="sing"></g><g v="gent"></g></l></v></tfr></token><token id="638494" text="на"><tfr rev_id="3334653" t="на"><v><l id="166264" t="на"><g v="PREP"></g></l></v></tfr></token><token id="638495" text="сигаретную"><tfr rev_id="1470608" t="сигаретную"><v><l id="320103" t="сигаретный"><g v="ADJF"></g><g v="Qual"></g><g v="femn"></g><g v="sing"></g><g v="accs"></g></l></v></tfr></token><token id="638496" text="продукцию"><tfr rev_id="1470609" t="продукцию"><v><l id="279370" t="продукция"><g v="NOUN"></g><g v="inan"></g><g v="femn"></g><g v="sing"></g><g v="accs"></g></l></v></tfr></token><token id="638497" text="до"><tfr rev_id="1470610" t="до"><v><l id="85153" t="до"><g v="PREP"></g></l></v></tfr></token><token id="638498" text="уровня"><tfr rev_id="1470611" t="уровня"><v><l id="359953" t="уровень"><g v="NOUN"></g><g v="inan"></g><g v="masc"></g><g v="sing"></g><g v="gent"></g></l></v></tfr></token><token id="638499" text=","><tfr rev_id="1470612" t=","><v><l id="0" t=","><g v="PNCT"></g></l></v></tfr></token><token id="638500" text="соответствующего"><tfr rev_id="1470613" t="соответствующего"><v><l id="329626" t="соответствующий"><g v="PRTF"></g><g v="impf"></g><g v="intr"></g><g v="pres"></g><g v="actv"></g><g v="masc"></g><g v="sing"></g><g v="gent"></g></l></v><v><l id="329626" t="соответствующий"><g v="PRTF"></g><g v="impf"></g><g v="intr"></g><g v="pres"></g><g v="actv"></g><g v="anim"></g><g v="masc"></g><g v="sing"></g><g v="accs"></g></l></v><v><l id="329626" t="соответствующий"><g v="PRTF"></g><g v="impf"></g><g v="intr"></g><g v="pres"></g><g v="actv"></g><g v="neut"></g><g v="sing"></g><g v="gent"></g></l></v><v><l id="329632" t="соответствующий"><g v="ADJF"></g><g v="masc"></g><g v="sing"></g><g v="gent"></g></l></v><v><l id="329632" t="соответствующий"><g v="ADJF"></g><g v="anim"></g><g v="masc"></g><g v="sing"></g><g v="accs"></g></l></v><v><l id="329632" t="соответствующий"><g v="ADJF"></g><g v="neut"></g><g v="sing"></g><g v="gent"></g></l></v></tfr></token><token id="638501" text="европейским"><tfr rev_id="3861060" t="европейским"><v><l id="94034" t="европейский"><g v="ADJF"></g><g v="plur"></g><g v="datv"></g></l></v></tfr></token><token id="638502" text="стандартам"><tfr rev_id="1470615" t="стандартам"><v><l id="334571" t="стандарт"><g v="NOUN"></g><g v="inan"></g><g v="masc"></g><g v="plur"></g><g v="datv"></g></l></v></tfr></token><token id="638503" text="."><tfr rev_id="1470616" t="."><v><l id="0" t="."><g v="PNCT"></g></l></v></tfr></token></tokens></sentence></paragraph></paragraphs></text>