<?xml version="1.0" encoding="utf-8"?><text id="1231" parent="226" name="04936 Том Уэйтс приезжает в Москву"><tags><tag>url:http://www.chaskor.ru/news/tom_uejts_priezzhaet_v_moskvu_4936</tag><tag>Год:2009</tag><tag>Тема:ЧасКор:Культура</tag><tag>Дата:01/04</tag><tag>Тема:ЧасКор:Культура/Масскульт</tag></tags><paragraphs><paragraph id="11320"><sentence id="35754"><source>Том Уэйтс приезжает в Москву</source><tokens><token id="638983" text="Том"><tfr rev_id="4320373" t="Том"><v><l id="347410" t="том"><g v="NOUN"></g><g v="anim"></g><g v="masc"></g><g v="Name"></g><g v="sing"></g><g v="nomn"></g></l></v><v><l id="347413" t="том"><g v="NOUN"></g><g v="inan"></g><g v="masc"></g><g v="sing"></g><g v="nomn"></g></l></v><v><l id="347413" t="том"><g v="NOUN"></g><g v="inan"></g><g v="masc"></g><g v="sing"></g><g v="accs"></g></l></v></tfr></token><token id="638984" text="Уэйтс"><tfr rev_id="1471097" t="Уэйтс"><v><l id="0" t="уэйтс"><g v="UNKN"></g></l></v></tfr></token><token id="638985" text="приезжает"><tfr rev_id="1471098" t="приезжает"><v><l id="270333" t="приезжаю"><g v="VERB"></g><g v="impf"></g><g v="intr"></g><g v="sing"></g><g v="3per"></g><g v="pres"></g><g v="indc"></g></l></v></tfr></token><token id="638986" text="в"><tfr rev_id="1471099" t="в"><v><l id="37409" t="в"><g v="PREP"></g></l></v></tfr></token><token id="638987" text="Москву"><tfr rev_id="1471100" t="Москву"><v><l id="163901" t="москва"><g v="NOUN"></g><g v="inan"></g><g v="femn"></g><g v="Sgtm"></g><g v="Geox"></g><g v="sing"></g><g v="accs"></g></l></v></tfr></token></tokens></sentence><sentence id="35755"><source>Знаменитый музыкант отказался от ранее принятого решения и все-таки приедет в Россию.</source><tokens><token id="638988" text="Знаменитый"><tfr rev_id="1471101" t="Знаменитый"><v><l id="115944" t="знаменитый"><g v="ADJF"></g><g v="Qual"></g><g v="masc"></g><g v="sing"></g><g v="nomn"></g></l></v><v><l id="115944" t="знаменитый"><g v="ADJF"></g><g v="Qual"></g><g v="inan"></g><g v="masc"></g><g v="sing"></g><g v="accs"></g></l></v></tfr></token><token id="638989" text="музыкант"><tfr rev_id="1471102" t="музыкант"><v><l id="164809" t="музыкант"><g v="NOUN"></g><g v="anim"></g><g v="masc"></g><g v="sing"></g><g v="nomn"></g></l></v></tfr></token><token id="638990" text="отказался"><tfr rev_id="1471103" t="отказался"><v><l id="213938" t="отказался"><g v="VERB"></g><g v="perf"></g><g v="intr"></g><g v="masc"></g><g v="sing"></g><g v="past"></g><g v="indc"></g></l></v></tfr></token><token id="638991" text="от"><tfr rev_id="1471104" t="от"><v><l id="211644" t="от"><g v="PREP"></g></l></v></tfr></token><token id="638992" text="ранее"><tfr rev_id="1471105" t="ранее"><v><l id="297884" t="ранее"><g v="ADVB"></g></l></v></tfr></token><token id="638993" text="принятого"><tfr rev_id="1471106" t="принятого"><v><l id="272698" t="принятый"><g v="ADJF"></g><g v="masc"></g><g v="sing"></g><g v="gent"></g></l></v><v><l id="272698" t="принятый"><g v="ADJF"></g><g v="anim"></g><g v="masc"></g><g v="sing"></g><g v="accs"></g></l></v><v><l id="272698" t="принятый"><g v="ADJF"></g><g v="neut"></g><g v="sing"></g><g v="gent"></g></l></v><v><l id="272703" t="принятый"><g v="PRTF"></g><g v="perf"></g><g v="tran"></g><g v="past"></g><g v="pssv"></g><g v="masc"></g><g v="sing"></g><g v="gent"></g></l></v><v><l id="272703" t="принятый"><g v="PRTF"></g><g v="perf"></g><g v="tran"></g><g v="past"></g><g v="pssv"></g><g v="anim"></g><g v="masc"></g><g v="sing"></g><g v="accs"></g></l></v><v><l id="272703" t="принятый"><g v="PRTF"></g><g v="perf"></g><g v="tran"></g><g v="past"></g><g v="pssv"></g><g v="neut"></g><g v="sing"></g><g v="gent"></g></l></v></tfr></token><token id="638994" text="решения"><tfr rev_id="2693674" t="решения"><v><l id="307350" t="решение"><g v="NOUN"></g><g v="inan"></g><g v="neut"></g><g v="sing"></g><g v="gent"></g></l></v></tfr></token><token id="638995" text="и"><tfr rev_id="3495521" t="и"><v><l id="116949" t="и"><g v="CONJ"></g></l></v></tfr></token><token id="638996" text="все-таки"><tfr rev_id="4137443" t="все-таки"><v><l id="53261" t="всё-таки"><g v="PRCL"></g></l></v></tfr></token><token id="638997" text="приедет"><tfr rev_id="1471110" t="приедет"><v><l id="270371" t="приехал"><g v="VERB"></g><g v="perf"></g><g v="intr"></g><g v="sing"></g><g v="3per"></g><g v="futr"></g><g v="indc"></g></l></v></tfr></token><token id="638998" text="в"><tfr rev_id="1471111" t="в"><v><l id="37409" t="в"><g v="PREP"></g></l></v></tfr></token><token id="638999" text="Россию"><tfr rev_id="1471112" t="Россию"><v><l id="309322" t="россия"><g v="NOUN"></g><g v="inan"></g><g v="femn"></g><g v="Sgtm"></g><g v="Geox"></g><g v="sing"></g><g v="accs"></g></l></v></tfr></token><token id="639000" text="."><tfr rev_id="1471113" t="."><v><l id="0" t="."><g v="PNCT"></g></l></v></tfr></token></tokens></sentence></paragraph><paragraph id="11321"><sentence id="35756"><source>Культовый музыкант Том Уэйтс отменил свое давнее решение никогда не приезжать в СССР, а после Россию и даст один концерт в Москве.</source><tokens><token id="639001" text="Культовый"><tfr rev_id="3719208" t="Культовый"><v><l id="144825" t="культовый"><g v="ADJF"></g><g v="masc"></g><g v="sing"></g><g v="nomn"></g></l></v><v><l id="144825" t="культовый"><g v="ADJF"></g><g v="inan"></g><g v="masc"></g><g v="sing"></g><g v="accs"></g></l></v></tfr></token><token id="639002" text="музыкант"><tfr rev_id="1471115" t="музыкант"><v><l id="164809" t="музыкант"><g v="NOUN"></g><g v="anim"></g><g v="masc"></g><g v="sing"></g><g v="nomn"></g></l></v></tfr></token><token id="639003" text="Том"><tfr rev_id="4218670" t="Том"><v><l id="347410" t="том"><g v="NOUN"></g><g v="anim"></g><g v="masc"></g><g v="Name"></g><g v="sing"></g><g v="nomn"></g></l></v></tfr></token><token id="639004" text="Уэйтс"><tfr rev_id="1471117" t="Уэйтс"><v><l id="0" t="уэйтс"><g v="UNKN"></g></l></v></tfr></token><token id="639005" text="отменил"><tfr rev_id="1471118" t="отменил"><v><l id="215483" t="отменил"><g v="VERB"></g><g v="perf"></g><g v="tran"></g><g v="masc"></g><g v="sing"></g><g v="past"></g><g v="indc"></g></l></v></tfr></token><token id="639006" text="свое"><tfr rev_id="3632812" t="свое"><v><l id="316379" t="свой"><g v="ADJF"></g><g v="Apro"></g><g v="Anph"></g><g v="neut"></g><g v="sing"></g><g v="nomn"></g></l></v><v><l id="316379" t="свой"><g v="ADJF"></g><g v="Apro"></g><g v="Anph"></g><g v="neut"></g><g v="sing"></g><g v="accs"></g></l></v></tfr></token><token id="639007" text="давнее"><tfr rev_id="1471120" t="давнее"><v><l id="77701" t="давний"><g v="ADJF"></g><g v="Qual"></g><g v="neut"></g><g v="sing"></g><g v="nomn"></g></l></v><v><l id="77701" t="давний"><g v="ADJF"></g><g v="Qual"></g><g v="neut"></g><g v="sing"></g><g v="accs"></g></l></v><v><l id="77704" t="давнее"><g v="COMP"></g><g v="Qual"></g></l></v></tfr></token><token id="639008" text="решение"><tfr rev_id="1471121" t="решение"><v><l id="307350" t="решение"><g v="NOUN"></g><g v="inan"></g><g v="neut"></g><g v="sing"></g><g v="nomn"></g></l></v><v><l id="307350" t="решение"><g v="NOUN"></g><g v="inan"></g><g v="neut"></g><g v="sing"></g><g v="accs"></g></l></v></tfr></token><token id="639009" text="никогда"><tfr rev_id="1471122" t="никогда"><v><l id="190941" t="никогда"><g v="ADVB"></g></l></v></tfr></token><token id="639010" text="не"><tfr rev_id="1471123" t="не"><v><l id="178876" t="не"><g v="PRCL"></g></l></v></tfr></token><token id="639011" text="приезжать"><tfr rev_id="1471124" t="приезжать"><v><l id="270334" t="приезжать"><g v="INFN"></g><g v="impf"></g><g v="intr"></g></l></v></tfr></token><token id="639012" text="в"><tfr rev_id="1471125" t="в"><v><l id="37409" t="в"><g v="PREP"></g></l></v></tfr></token><token id="639013" text="СССР"><tfr rev_id="3691724" t="СССР"><v><l id="334099" t="ссср"><g v="NOUN"></g><g v="inan"></g><g v="masc"></g><g v="Sgtm"></g><g v="Fixd"></g><g v="Abbr"></g><g v="Geox"></g><g v="sing"></g><g v="accs"></g></l></v></tfr></token><token id="639014" text=","><tfr rev_id="1471127" t=","><v><l id="0" t=","><g v="PNCT"></g></l></v></tfr></token><token id="639015" text="а"><tfr rev_id="1471128" t="а"><v><l id="51" t="а"><g v="CONJ"></g></l></v><v><l id="52" t="а"><g v="INTJ"></g></l></v><v><l id="53" t="а"><g v="PRCL"></g></l></v></tfr></token><token id="639016" text="после"><tfr rev_id="4356305" t="после"><v><l id="261543" t="после"><g v="ADVB"></g></l></v></tfr></token><token id="639017" text="Россию"><tfr rev_id="1471130" t="Россию"><v><l id="309322" t="россия"><g v="NOUN"></g><g v="inan"></g><g v="femn"></g><g v="Sgtm"></g><g v="Geox"></g><g v="sing"></g><g v="accs"></g></l></v></tfr></token><token id="639018" text="и"><tfr rev_id="3462620" t="и"><v><l id="116949" t="и"><g v="CONJ"></g></l></v></tfr></token><token id="639019" text="даст"><tfr rev_id="1471132" t="даст"><v><l id="78546" t="дал"><g v="VERB"></g><g v="perf"></g><g v="tran"></g><g v="sing"></g><g v="3per"></g><g v="futr"></g><g v="indc"></g></l></v></tfr></token><token id="639020" text="один"><tfr rev_id="4299670" t="один"><v><l id="203319" t="один"><g v="ADJF"></g><g v="Apro"></g><g v="Anum"></g><g v="inan"></g><g v="masc"></g><g v="sing"></g><g v="accs"></g></l></v></tfr></token><token id="639021" text="концерт"><tfr rev_id="1471134" t="концерт"><v><l id="138954" t="концерт"><g v="NOUN"></g><g v="inan"></g><g v="masc"></g><g v="sing"></g><g v="nomn"></g></l></v><v><l id="138954" t="концерт"><g v="NOUN"></g><g v="inan"></g><g v="masc"></g><g v="sing"></g><g v="accs"></g></l></v></tfr></token><token id="639022" text="в"><tfr rev_id="1471135" t="в"><v><l id="37409" t="в"><g v="PREP"></g></l></v></tfr></token><token id="639023" text="Москве"><tfr rev_id="3555034" t="Москве"><v><l id="163901" t="москва"><g v="NOUN"></g><g v="inan"></g><g v="femn"></g><g v="Sgtm"></g><g v="Geox"></g><g v="sing"></g><g v="loct"></g></l></v></tfr></token><token id="639024" text="."><tfr rev_id="1471137" t="."><v><l id="0" t="."><g v="PNCT"></g></l></v></tfr></token></tokens></sentence></paragraph><paragraph id="11322"><sentence id="35757"><source>По сообщению, сделанному его пресс-секретарем, на его решение повлиял обыкновенный грипп.</source><tokens><token id="639025" text="По"><tfr rev_id="1471138" t="По"><v><l id="241240" t="по"><g v="PREP"></g></l></v></tfr></token><token id="639026" text="сообщению"><tfr rev_id="1471139" t="сообщению"><v><l id="329550" t="сообщение"><g v="NOUN"></g><g v="inan"></g><g v="neut"></g><g v="sing"></g><g v="datv"></g></l></v></tfr></token><token id="639027" text=","><tfr rev_id="1471140" t=","><v><l id="0" t=","><g v="PNCT"></g></l></v></tfr></token><token id="639028" text="сделанному"><tfr rev_id="3443194" t="сделанному"><v><l id="317249" t="сделанный"><g v="PRTF"></g><g v="perf"></g><g v="tran"></g><g v="past"></g><g v="pssv"></g><g v="neut"></g><g v="sing"></g><g v="datv"></g></l></v></tfr></token><token id="639029" text="его"><tfr rev_id="4458051" t="его"><v><l id="94208" t="его"><g v="ADJF"></g><g v="Fixd"></g><g v="Apro"></g><g v="Anph"></g><g v="masc"></g><g v="sing"></g><g v="nomn"></g></l></v><v><l id="94208" t="его"><g v="ADJF"></g><g v="Fixd"></g><g v="Apro"></g><g v="Anph"></g><g v="masc"></g><g v="sing"></g><g v="gent"></g></l></v><v><l id="94208" t="его"><g v="ADJF"></g><g v="Fixd"></g><g v="Apro"></g><g v="Anph"></g><g v="masc"></g><g v="sing"></g><g v="datv"></g></l></v><v><l id="94208" t="его"><g v="ADJF"></g><g v="Fixd"></g><g v="Apro"></g><g v="Anph"></g><g v="masc"></g><g v="sing"></g><g v="accs"></g></l></v><v><l id="94208" t="его"><g v="ADJF"></g><g v="Fixd"></g><g v="Apro"></g><g v="Anph"></g><g v="masc"></g><g v="sing"></g><g v="ablt"></g></l></v><v><l id="94208" t="его"><g v="ADJF"></g><g v="Fixd"></g><g v="Apro"></g><g v="Anph"></g><g v="masc"></g><g v="sing"></g><g v="loct"></g></l></v></tfr></token><token id="639030" text="пресс-секретарем"><tfr rev_id="1471143" t="пресс-секретарем"><v><l id="268249" t="пресс-секретарь"><g v="NOUN"></g><g v="anim"></g><g v="masc"></g><g v="sing"></g><g v="ablt"></g></l></v></tfr></token><token id="639031" text=","><tfr rev_id="1471144" t=","><v><l id="0" t=","><g v="PNCT"></g></l></v></tfr></token><token id="639032" text="на"><tfr rev_id="3335271" t="на"><v><l id="166264" t="на"><g v="PREP"></g></l></v></tfr></token><token id="639033" text="его"><tfr rev_id="4514596" t="его"><v><l id="94208" t="его"><g v="ADJF"></g><g v="Fixd"></g><g v="Apro"></g><g v="Anph"></g><g v="neut"></g><g v="sing"></g><g v="nomn"></g></l></v><v><l id="94208" t="его"><g v="ADJF"></g><g v="Fixd"></g><g v="Apro"></g><g v="Anph"></g><g v="neut"></g><g v="sing"></g><g v="gent"></g></l></v><v><l id="94208" t="его"><g v="ADJF"></g><g v="Fixd"></g><g v="Apro"></g><g v="Anph"></g><g v="neut"></g><g v="sing"></g><g v="datv"></g></l></v><v><l id="94208" t="его"><g v="ADJF"></g><g v="Fixd"></g><g v="Apro"></g><g v="Anph"></g><g v="neut"></g><g v="sing"></g><g v="accs"></g></l></v><v><l id="94208" t="его"><g v="ADJF"></g><g v="Fixd"></g><g v="Apro"></g><g v="Anph"></g><g v="neut"></g><g v="sing"></g><g v="ablt"></g></l></v><v><l id="94208" t="его"><g v="ADJF"></g><g v="Fixd"></g><g v="Apro"></g><g v="Anph"></g><g v="neut"></g><g v="sing"></g><g v="loct"></g></l></v></tfr></token><token id="639034" text="решение"><tfr rev_id="1471147" t="решение"><v><l id="307350" t="решение"><g v="NOUN"></g><g v="inan"></g><g v="neut"></g><g v="sing"></g><g v="nomn"></g></l></v><v><l id="307350" t="решение"><g v="NOUN"></g><g v="inan"></g><g v="neut"></g><g v="sing"></g><g v="accs"></g></l></v></tfr></token><token id="639035" text="повлиял"><tfr rev_id="1471148" t="повлиял"><v><l id="242547" t="повлиял"><g v="VERB"></g><g v="perf"></g><g v="intr"></g><g v="masc"></g><g v="sing"></g><g v="past"></g><g v="indc"></g></l></v></tfr></token><token id="639036" text="обыкновенный"><tfr rev_id="1471149" t="обыкновенный"><v><l id="201987" t="обыкновенный"><g v="ADJF"></g><g v="Qual"></g><g v="masc"></g><g v="sing"></g><g v="nomn"></g></l></v><v><l id="201987" t="обыкновенный"><g v="ADJF"></g><g v="Qual"></g><g v="inan"></g><g v="masc"></g><g v="sing"></g><g v="accs"></g></l></v></tfr></token><token id="639037" text="грипп"><tfr rev_id="1471150" t="грипп"><v><l id="75430" t="грипп"><g v="NOUN"></g><g v="inan"></g><g v="masc"></g><g v="sing"></g><g v="nomn"></g></l></v><v><l id="75430" t="грипп"><g v="NOUN"></g><g v="inan"></g><g v="masc"></g><g v="sing"></g><g v="accs"></g></l></v></tfr></token><token id="639038" text="."><tfr rev_id="1471151" t="."><v><l id="0" t="."><g v="PNCT"></g></l></v></tfr></token></tokens></sentence><sentence id="35758"><source>Заболев, Уэйтс три дня пролежал дома, где смотрел DVD-диски со старыми советскими фильмами, такими как «Девчата», «Служебный роман», «Сталкер», «Бриллиантовая рука» и др.</source><tokens><token id="639039" text="Заболев"><tfr rev_id="1471152" t="Заболев"><v><l id="98713" t="заболев"><g v="GRND"></g><g v="perf"></g><g v="intr"></g><g v="past"></g></l></v></tfr></token><token id="639040" text=","><tfr rev_id="1471153" t=","><v><l id="0" t=","><g v="PNCT"></g></l></v></tfr></token><token id="639041" text="Уэйтс"><tfr rev_id="1471154" t="Уэйтс"><v><l id="0" t="уэйтс"><g v="UNKN"></g></l></v></tfr></token><token id="639042" text="три"><tfr rev_id="2635375" t="три"><v><l id="349973" t="три"><g v="NUMR"></g><g v="nomn"></g></l></v><v><l id="349973" t="три"><g v="NUMR"></g><g v="inan"></g><g v="accs"></g></l></v></tfr></token><token id="639043" text="дня"><tfr rev_id="1471156" t="дня"><v><l id="81427" t="день"><g v="NOUN"></g><g v="inan"></g><g v="masc"></g><g v="sing"></g><g v="gent"></g></l></v></tfr></token><token id="639044" text="пролежал"><tfr rev_id="1471157" t="пролежал"><v><l id="281394" t="пролежал"><g v="VERB"></g><g v="perf"></g><g v="tran"></g><g v="masc"></g><g v="sing"></g><g v="past"></g><g v="indc"></g></l></v></tfr></token><token id="639045" text="дома"><tfr rev_id="4277915" t="дома"><v><l id="88160" t="дома"><g v="ADVB"></g></l></v></tfr></token><token id="639046" text=","><tfr rev_id="1471159" t=","><v><l id="0" t=","><g v="PNCT"></g></l></v></tfr></token><token id="639047" text="где"><tfr rev_id="2636477" t="где"><v><l id="67984" t="где"><g v="ADVB"></g><g v="Ques"></g></l></v><v><l id="388669" t="где"><g v="CONJ"></g></l></v></tfr></token><token id="639048" text="смотрел"><tfr rev_id="1471161" t="смотрел"><v><l id="326798" t="смотрю"><g v="VERB"></g><g v="impf"></g><g v="tran"></g><g v="masc"></g><g v="sing"></g><g v="past"></g><g v="indc"></g></l></v></tfr></token><token id="639049" text="DVD-диски"><tfr rev_id="1471162" t="DVD-диски"><v><l id="0" t="DVD-диски"><g v="UNKN"></g></l></v></tfr></token><token id="639050" text="со"><tfr rev_id="2919231" t="со"><v><l id="311151" t="с"><g v="PREP"></g><g v="Vpre"></g></l></v></tfr></token><token id="639051" text="старыми"><tfr rev_id="4154130" t="старыми"><v><l id="335039" t="старый"><g v="ADJF"></g><g v="Qual"></g><g v="plur"></g><g v="ablt"></g></l></v></tfr></token><token id="639052" text="советскими"><tfr rev_id="1471165" t="советскими"><v><l id="327999" t="советский"><g v="ADJF"></g><g v="plur"></g><g v="ablt"></g></l></v></tfr></token><token id="639053" text="фильмами"><tfr rev_id="1471166" t="фильмами"><v><l id="366005" t="фильм"><g v="NOUN"></g><g v="inan"></g><g v="masc"></g><g v="plur"></g><g v="ablt"></g></l></v></tfr></token><token id="639054" text=","><tfr rev_id="1471167" t=","><v><l id="0" t=","><g v="PNCT"></g></l></v></tfr></token><token id="639055" text="такими"><tfr rev_id="1471168" t="такими"><v><l id="342491" t="такой"><g v="ADJF"></g><g v="Apro"></g><g v="plur"></g><g v="ablt"></g></l></v></tfr></token><token id="639056" text="как"><tfr rev_id="1471169" t="как"><v><l id="128190" t="как"><g v="CONJ"></g></l></v><v><l id="128191" t="как"><g v="PRCL"></g></l></v><v><l id="128192" t="как"><g v="ADVB"></g><g v="Ques"></g></l></v></tfr></token><token id="639057" text="«"><tfr rev_id="2445114" t="«"><v><l id="0" t="«"><g v="PNCT"></g></l></v></tfr></token><token id="639058" text="Девчата"><tfr rev_id="1471171" t="Девчата"><v><l id="79401" t="девчата"><g v="NOUN"></g><g v="anim"></g><g v="GNdr"></g><g v="Pltm"></g><g v="plur"></g><g v="nomn"></g></l></v></tfr></token><token id="639059" text="»"><tfr rev_id="2445115" t="»"><v><l id="0" t="»"><g v="PNCT"></g></l></v></tfr></token><token id="639060" text=","><tfr rev_id="1471173" t=","><v><l id="0" t=","><g v="PNCT"></g></l></v></tfr></token><token id="639061" text="«"><tfr rev_id="2445116" t="«"><v><l id="0" t="«"><g v="PNCT"></g></l></v></tfr></token><token id="639062" text="Служебный"><tfr rev_id="1471175" t="Служебный"><v><l id="325384" t="служебный"><g v="ADJF"></g><g v="Qual"></g><g v="masc"></g><g v="sing"></g><g v="nomn"></g></l></v><v><l id="325384" t="служебный"><g v="ADJF"></g><g v="Qual"></g><g v="inan"></g><g v="masc"></g><g v="sing"></g><g v="accs"></g></l></v></tfr></token><token id="639063" text="роман"><tfr rev_id="4337220" t="роман"><v><l id="308825" t="роман"><g v="NOUN"></g><g v="inan"></g><g v="masc"></g><g v="sing"></g><g v="nomn"></g></l></v><v><l id="308825" t="роман"><g v="NOUN"></g><g v="inan"></g><g v="masc"></g><g v="sing"></g><g v="accs"></g></l></v></tfr></token><token id="639064" text="»"><tfr rev_id="2445117" t="»"><v><l id="0" t="»"><g v="PNCT"></g></l></v></tfr></token><token id="639065" text=","><tfr rev_id="1471178" t=","><v><l id="0" t=","><g v="PNCT"></g></l></v></tfr></token><token id="639066" text="«"><tfr rev_id="2445118" t="«"><v><l id="0" t="«"><g v="PNCT"></g></l></v></tfr></token><token id="639067" text="Сталкер"><tfr rev_id="1471180" t="Сталкер"><v><l id="334535" t="сталкер"><g v="NOUN"></g><g v="anim"></g><g v="masc"></g><g v="sing"></g><g v="nomn"></g></l></v></tfr></token><token id="639068" text="»"><tfr rev_id="2445119" t="»"><v><l id="0" t="»"><g v="PNCT"></g></l></v></tfr></token><token id="639069" text=","><tfr rev_id="1471182" t=","><v><l id="0" t=","><g v="PNCT"></g></l></v></tfr></token><token id="639070" text="«"><tfr rev_id="2445120" t="«"><v><l id="0" t="«"><g v="PNCT"></g></l></v></tfr></token><token id="639071" text="Бриллиантовая"><tfr rev_id="1471184" t="Бриллиантовая"><v><l id="33993" t="бриллиантовый"><g v="ADJF"></g><g v="femn"></g><g v="sing"></g><g v="nomn"></g></l></v></tfr></token><token id="639072" text="рука"><tfr rev_id="1471185" t="рука"><v><l id="309953" t="рука"><g v="NOUN"></g><g v="inan"></g><g v="femn"></g><g v="sing"></g><g v="nomn"></g></l></v></tfr></token><token id="639073" text="»"><tfr rev_id="2445121" t="»"><v><l id="0" t="»"><g v="PNCT"></g></l></v></tfr></token><token id="639074" text="и"><tfr rev_id="1471187" t="и"><v><l id="116949" t="и"><g v="CONJ"></g></l></v><v><l id="116950" t="и"><g v="INTJ"></g></l></v></tfr></token><token id="639075" text="др"><tfr rev_id="4340327" t="др"><v><l id="389607" t="др"><g v="ADJF"></g><g v="Fixd"></g><g v="Abbr"></g><g v="Apro"></g><g v="plur"></g><g v="nomn"></g></l></v><v><l id="389607" t="др"><g v="ADJF"></g><g v="Fixd"></g><g v="Abbr"></g><g v="Apro"></g><g v="plur"></g><g v="gent"></g></l></v><v><l id="389607" t="др"><g v="ADJF"></g><g v="Fixd"></g><g v="Abbr"></g><g v="Apro"></g><g v="plur"></g><g v="datv"></g></l></v><v><l id="389607" t="др"><g v="ADJF"></g><g v="Fixd"></g><g v="Abbr"></g><g v="Apro"></g><g v="plur"></g><g v="accs"></g></l></v><v><l id="389607" t="др"><g v="ADJF"></g><g v="Fixd"></g><g v="Abbr"></g><g v="Apro"></g><g v="plur"></g><g v="ablt"></g></l></v><v><l id="389607" t="др"><g v="ADJF"></g><g v="Fixd"></g><g v="Abbr"></g><g v="Apro"></g><g v="plur"></g><g v="loct"></g></l></v></tfr></token><token id="639076" text="."><tfr rev_id="1471189" t="."><v><l id="0" t="."><g v="PNCT"></g></l></v></tfr></token></tokens></sentence></paragraph><paragraph id="11323"><sentence id="35759"><source>После просмотра он сказал, что не ожидал, что русские — последние романтики на планете, и он должен сам в этом убедиться.</source><tokens><token id="639077" text="После"><tfr rev_id="4407501" t="После"><v><l id="261542" t="после"><g v="PREP"></g></l></v></tfr></token><token id="639078" text="просмотра"><tfr rev_id="1471191" t="просмотра"><v><l id="284681" t="просмотр"><g v="NOUN"></g><g v="inan"></g><g v="masc"></g><g v="sing"></g><g v="gent"></g></l></v></tfr></token><token id="639079" text="он"><tfr rev_id="3575678" t="он"><v><l id="206541" t="он"><g v="NPRO"></g><g v="masc"></g><g v="3per"></g><g v="Anph"></g><g v="sing"></g><g v="nomn"></g></l></v></tfr></token><token id="639080" text="сказал"><tfr rev_id="1471193" t="сказал"><v><l id="321532" t="сказал"><g v="VERB"></g><g v="perf"></g><g v="tran"></g><g v="masc"></g><g v="sing"></g><g v="past"></g><g v="indc"></g></l></v></tfr></token><token id="639081" text=","><tfr rev_id="1471194" t=","><v><l id="0" t=","><g v="PNCT"></g></l></v></tfr></token><token id="639082" text="что"><tfr rev_id="3197143" t="что"><v><l id="377004" t="что"><g v="CONJ"></g></l></v><v><l id="377005" t="что"><g v="NPRO"></g><g v="neut"></g><g v="sing"></g><g v="nomn"></g></l></v><v><l id="377005" t="что"><g v="NPRO"></g><g v="neut"></g><g v="sing"></g><g v="accs"></g></l></v><v><l id="377006" t="что"><g v="ADVB"></g><g v="Ques"></g></l></v><v><l id="388695" t="что"><g v="PRCL"></g></l></v></tfr></token><token id="639083" text="не"><tfr rev_id="1471196" t="не"><v><l id="178876" t="не"><g v="PRCL"></g></l></v></tfr></token><token id="639084" text="ожидал"><tfr rev_id="1471197" t="ожидал"><v><l id="203945" t="ожидаю"><g v="VERB"></g><g v="impf"></g><g v="tran"></g><g v="masc"></g><g v="sing"></g><g v="past"></g><g v="indc"></g></l></v></tfr></token><token id="639085" text=","><tfr rev_id="1471198" t=","><v><l id="0" t=","><g v="PNCT"></g></l></v></tfr></token><token id="639086" text="что"><tfr rev_id="3197144" t="что"><v><l id="377004" t="что"><g v="CONJ"></g></l></v><v><l id="377005" t="что"><g v="NPRO"></g><g v="neut"></g><g v="sing"></g><g v="nomn"></g></l></v><v><l id="377005" t="что"><g v="NPRO"></g><g v="neut"></g><g v="sing"></g><g v="accs"></g></l></v><v><l id="377006" t="что"><g v="ADVB"></g><g v="Ques"></g></l></v><v><l id="388695" t="что"><g v="PRCL"></g></l></v></tfr></token><token id="639087" text="русские"><tfr rev_id="3430481" t="русские"><v><l id="310321" t="русский"><g v="ADJF"></g><g v="Subx"></g><g v="plur"></g><g v="nomn"></g></l></v><v><l id="310321" t="русский"><g v="ADJF"></g><g v="Subx"></g><g v="inan"></g><g v="plur"></g><g v="accs"></g></l></v></tfr></token><token id="639088" text="—"><tfr rev_id="2445122" t="—"><v><l id="0" t="—"><g v="PNCT"></g></l></v></tfr></token><token id="639089" text="последние"><tfr rev_id="3794846" t="последние"><v><l id="261565" t="последний"><g v="ADJF"></g><g v="plur"></g><g v="nomn"></g></l></v></tfr></token><token id="639090" text="романтики"><tfr rev_id="4292647" t="романтики"><v><l id="308931" t="романтик"><g v="NOUN"></g><g v="anim"></g><g v="masc"></g><g v="plur"></g><g v="nomn"></g></l></v></tfr></token><token id="639091" text="на"><tfr rev_id="2912410" t="на"><v><l id="166264" t="на"><g v="PREP"></g></l></v><v><l id="388676" t="на"><g v="INTJ"></g></l></v></tfr></token><token id="639092" text="планете"><tfr rev_id="3948428" t="планете"><v><l id="239690" t="планета"><g v="NOUN"></g><g v="inan"></g><g v="femn"></g><g v="sing"></g><g v="loct"></g></l></v></tfr></token><token id="639093" text=","><tfr rev_id="1471206" t=","><v><l id="0" t=","><g v="PNCT"></g></l></v></tfr></token><token id="639094" text="и"><tfr rev_id="1471207" t="и"><v><l id="116949" t="и"><g v="CONJ"></g></l></v><v><l id="116950" t="и"><g v="INTJ"></g></l></v></tfr></token><token id="639095" text="он"><tfr rev_id="3575679" t="он"><v><l id="206541" t="он"><g v="NPRO"></g><g v="masc"></g><g v="3per"></g><g v="Anph"></g><g v="sing"></g><g v="nomn"></g></l></v></tfr></token><token id="639096" text="должен"><tfr rev_id="2558784" t="должен"><v><l id="87975" t="должен"><g v="ADJS"></g><g v="masc"></g><g v="sing"></g></l></v></tfr></token><token id="639097" text="сам"><tfr rev_id="1471210" t="сам"><v><l id="312034" t="сам"><g v="ADJF"></g><g v="Apro"></g><g v="masc"></g><g v="sing"></g><g v="nomn"></g></l></v><v><l id="312034" t="сам"><g v="ADJF"></g><g v="Apro"></g><g v="inan"></g><g v="masc"></g><g v="sing"></g><g v="accs"></g></l></v></tfr></token><token id="639098" text="в"><tfr rev_id="1471211" t="в"><v><l id="37409" t="в"><g v="PREP"></g></l></v></tfr></token><token id="639099" text="этом"><tfr rev_id="3539598" t="этом"><v><l id="386575" t="это"><g v="NPRO"></g><g v="neut"></g><g v="sing"></g><g v="loct"></g></l></v></tfr></token><token id="639100" text="убедиться"><tfr rev_id="1471213" t="убедиться"><v><l id="352906" t="убедиться"><g v="INFN"></g><g v="perf"></g><g v="intr"></g></l></v></tfr></token><token id="639101" text="."><tfr rev_id="1471214" t="."><v><l id="0" t="."><g v="PNCT"></g></l></v></tfr></token></tokens></sentence></paragraph></paragraphs></text>