<?xml version="1.0" encoding="utf-8"?><text id="1240" parent="226" name="17969 Пхеньян пообещал ответить войной, если СБ ООН не прекратит обвинять КНДР в гибели южнокорейского корвета "><tags><tag>url:http://www.chaskor.ru/news/phenyan_poobeshchal_otvetit_vojnoj_esli_sb_oon_ne_prekratit_obvinyat_kndr_v_gibeli_yuzhnokorejskogo_korveta__17969</tag><tag>Год:2010</tag><tag>Дата:16/06</tag><tag>Тема:ЧасКор:В мире</tag><tag>Тема:ЧасКор:В мире/Война и мир</tag></tags><paragraphs><paragraph id="11425"><sentence id="36044"><source>Пхеньян пообещал ответить войной, если СБ ООН не прекратит обвинять КНДР в гибели южнокорейского корвета</source><tokens><token id="644234" text="Пхеньян"><tfr rev_id="4095551" t="Пхеньян"><v><l id="289831" t="пхеньян"><g v="NOUN"></g><g v="inan"></g><g v="masc"></g><g v="Geox"></g><g v="sing"></g><g v="nomn"></g></l></v></tfr></token><token id="644235" text="пообещал"><tfr rev_id="1476345" t="пообещал"><v><l id="258747" t="пообещал"><g v="VERB"></g><g v="perf"></g><g v="tran"></g><g v="masc"></g><g v="sing"></g><g v="past"></g><g v="indc"></g></l></v></tfr></token><token id="644236" text="ответить"><tfr rev_id="1476346" t="ответить"><v><l id="212434" t="ответить"><g v="INFN"></g><g v="perf"></g><g v="intr"></g></l></v></tfr></token><token id="644237" text="войной"><tfr rev_id="1476347" t="войной"><v><l id="49721" t="война"><g v="NOUN"></g><g v="inan"></g><g v="femn"></g><g v="sing"></g><g v="ablt"></g></l></v></tfr></token><token id="644238" text=","><tfr rev_id="1476348" t=","><v><l id="0" t=","><g v="PNCT"></g></l></v></tfr></token><token id="644239" text="если"><tfr rev_id="1476349" t="если"><v><l id="95365" t="если"><g v="CONJ"></g></l></v></tfr></token><token id="644240" text="СБ"><tfr rev_id="1476350" t="СБ"><v><l id="0" t="сб"><g v="UNKN"></g></l></v></tfr></token><token id="644241" text="ООН"><tfr rev_id="4138820" t="ООН"><v><l id="206695" t="оон"><g v="NOUN"></g><g v="inan"></g><g v="femn"></g><g v="Sgtm"></g><g v="Fixd"></g><g v="Abbr"></g><g v="Orgn"></g><g v="sing"></g><g v="gent"></g></l></v></tfr></token><token id="644242" text="не"><tfr rev_id="1476352" t="не"><v><l id="178876" t="не"><g v="PRCL"></g></l></v></tfr></token><token id="644243" text="прекратит"><tfr rev_id="1476353" t="прекратит"><v><l id="267593" t="прекратил"><g v="VERB"></g><g v="perf"></g><g v="tran"></g><g v="sing"></g><g v="3per"></g><g v="futr"></g><g v="indc"></g></l></v></tfr></token><token id="644244" text="обвинять"><tfr rev_id="1476354" t="обвинять"><v><l id="193423" t="обвинять"><g v="INFN"></g><g v="impf"></g><g v="tran"></g></l></v></tfr></token><token id="644245" text="КНДР"><tfr rev_id="3676488" t="КНДР"><v><l id="134819" t="кндр"><g v="NOUN"></g><g v="inan"></g><g v="femn"></g><g v="Sgtm"></g><g v="Fixd"></g><g v="Abbr"></g><g v="Geox"></g><g v="sing"></g><g v="accs"></g></l></v></tfr></token><token id="644246" text="в"><tfr rev_id="1476356" t="в"><v><l id="37409" t="в"><g v="PREP"></g></l></v></tfr></token><token id="644247" text="гибели"><tfr rev_id="3488776" t="гибели"><v><l id="69488" t="гибель"><g v="NOUN"></g><g v="inan"></g><g v="femn"></g><g v="sing"></g><g v="gent"></g></l></v><v><l id="69488" t="гибель"><g v="NOUN"></g><g v="inan"></g><g v="femn"></g><g v="sing"></g><g v="datv"></g></l></v><v><l id="69488" t="гибель"><g v="NOUN"></g><g v="inan"></g><g v="femn"></g><g v="sing"></g><g v="loct"></g></l></v></tfr></token><token id="644248" text="южнокорейского"><tfr rev_id="4096894" t="южнокорейского"><v><l id="386874" t="южнокорейский"><g v="ADJF"></g><g v="Geox"></g><g v="masc"></g><g v="sing"></g><g v="gent"></g></l></v><v><l id="386874" t="южнокорейский"><g v="ADJF"></g><g v="Geox"></g><g v="anim"></g><g v="masc"></g><g v="sing"></g><g v="accs"></g></l></v></tfr></token><token id="644249" text="корвета"><tfr rev_id="1476359" t="корвета"><v><l id="139510" t="корвет"><g v="NOUN"></g><g v="inan"></g><g v="masc"></g><g v="sing"></g><g v="gent"></g></l></v></tfr></token></tokens></sentence></paragraph><paragraph id="11426"><sentence id="36045"><source>Тем временем Барак Обама продлил ещё на год санкции против Северной Кореи, поскольку она по-прежнему представляет угрозу национальной безопасности США.</source><tokens><token id="644250" text="Тем"><tfr rev_id="4538777" t="Тем"><v><l id="348430" t="тот"><g v="ADJF"></g><g v="Subx"></g><g v="Apro"></g><g v="Anph"></g><g v="masc"></g><g v="sing"></g><g v="ablt"></g></l></v><v><l id="348430" t="тот"><g v="ADJF"></g><g v="Subx"></g><g v="Apro"></g><g v="Anph"></g><g v="neut"></g><g v="sing"></g><g v="ablt"></g></l></v></tfr></token><token id="644251" text="временем"><tfr rev_id="1476361" t="временем"><v><l id="53149" t="время"><g v="NOUN"></g><g v="inan"></g><g v="neut"></g><g v="sing"></g><g v="ablt"></g></l></v></tfr></token><token id="644252" text="Барак"><tfr rev_id="3680136" t="Барак"><v><l id="23706" t="барак"><g v="NOUN"></g><g v="anim"></g><g v="masc"></g><g v="Name"></g><g v="sing"></g><g v="nomn"></g></l></v></tfr></token><token id="644253" text="Обама"><tfr rev_id="4576071" t="Обама"><v><l id="388472" t="обама"><g v="NOUN"></g><g v="anim"></g><g v="ms-f"></g><g v="Sgtm"></g><g v="Surn"></g><g v="sing"></g><g v="nomn"></g></l></v></tfr></token><token id="644254" text="продлил"><tfr rev_id="1476364" t="продлил"><v><l id="279160" t="продлил"><g v="VERB"></g><g v="perf"></g><g v="tran"></g><g v="masc"></g><g v="sing"></g><g v="past"></g><g v="indc"></g></l></v></tfr></token><token id="644255" text="ещё"><tfr rev_id="1476365" t="ещё"><v><l id="95551" t="ещё"><g v="PRCL"></g></l></v><v><l id="95552" t="ещё"><g v="ADVB"></g></l></v></tfr></token><token id="644256" text="на"><tfr rev_id="3340961" t="на"><v><l id="166264" t="на"><g v="PREP"></g></l></v></tfr></token><token id="644257" text="год"><tfr rev_id="4209693" t="год"><v><l id="72149" t="год"><g v="NOUN"></g><g v="inan"></g><g v="masc"></g><g v="sing"></g><g v="accs"></g></l></v></tfr></token><token id="644258" text="санкции"><tfr rev_id="3796044" t="санкции"><v><l id="313373" t="санкция"><g v="NOUN"></g><g v="inan"></g><g v="femn"></g><g v="plur"></g><g v="accs"></g></l></v></tfr></token><token id="644259" text="против"><tfr rev_id="4485289" t="против"><v><l id="285790" t="против"><g v="PREP"></g></l></v></tfr></token><token id="644260" text="Северной"><tfr rev_id="4173257" t="Северной"><v><l id="317517" t="северный"><g v="ADJF"></g><g v="Qual"></g><g v="femn"></g><g v="sing"></g><g v="gent"></g></l></v></tfr></token><token id="644261" text="Кореи"><tfr rev_id="4558127" t="Кореи"><v><l id="139593" t="корея"><g v="NOUN"></g><g v="inan"></g><g v="femn"></g><g v="Geox"></g><g v="sing"></g><g v="gent"></g></l></v></tfr></token><token id="644262" text=","><tfr rev_id="1476372" t=","><v><l id="0" t=","><g v="PNCT"></g></l></v></tfr></token><token id="644263" text="поскольку"><tfr rev_id="1476373" t="поскольку"><v><l id="261429" t="поскольку"><g v="CONJ"></g></l></v></tfr></token><token id="644264" text="она"><tfr rev_id="3586520" t="она"><v><l id="206544" t="она"><g v="NPRO"></g><g v="femn"></g><g v="3per"></g><g v="Anph"></g><g v="sing"></g><g v="nomn"></g></l></v></tfr></token><token id="644265" text="по-прежнему"><tfr rev_id="1476375" t="по-прежнему"><v><l id="241307" t="по-прежнему"><g v="ADVB"></g></l></v></tfr></token><token id="644266" text="представляет"><tfr rev_id="1476376" t="представляет"><v><l id="267112" t="представляю"><g v="VERB"></g><g v="impf"></g><g v="tran"></g><g v="sing"></g><g v="3per"></g><g v="pres"></g><g v="indc"></g></l></v></tfr></token><token id="644267" text="угрозу"><tfr rev_id="1476377" t="угрозу"><v><l id="354549" t="угроза"><g v="NOUN"></g><g v="inan"></g><g v="femn"></g><g v="sing"></g><g v="accs"></g></l></v></tfr></token><token id="644268" text="национальной"><tfr rev_id="4423727" t="национальной"><v><l id="178150" t="национальный"><g v="ADJF"></g><g v="femn"></g><g v="sing"></g><g v="datv"></g></l></v></tfr></token><token id="644269" text="безопасности"><tfr rev_id="4262082" t="безопасности"><v><l id="26215" t="безопасность"><g v="NOUN"></g><g v="inan"></g><g v="femn"></g><g v="sing"></g><g v="datv"></g></l></v></tfr></token><token id="644270" text="США"><tfr rev_id="4396206" t="США"><v><l id="341371" t="сша"><g v="NOUN"></g><g v="inan"></g><g v="GNdr"></g><g v="Pltm"></g><g v="Fixd"></g><g v="Abbr"></g><g v="Geox"></g><g v="plur"></g><g v="gent"></g></l></v></tfr></token><token id="644271" text="."><tfr rev_id="1476381" t="."><v><l id="0" t="."><g v="PNCT"></g></l></v></tfr></token></tokens></sentence></paragraph><paragraph id="11427"><sentence id="36046"><source>Пхеньян выступил с официальным предупреждением о том, что войска КНДР готовы прибегнуть к военной силе, если Совет Безопасности ООН не перестанет обвинять Северную Корею в торпедировании южнокорейского корвета Cheonan, в результате которого погибли 46 моряков.</source><tokens><token id="644272" text="Пхеньян"><tfr rev_id="3689082" t="Пхеньян"><v><l id="289831" t="пхеньян"><g v="NOUN"></g><g v="inan"></g><g v="masc"></g><g v="Geox"></g><g v="sing"></g><g v="nomn"></g></l></v></tfr></token><token id="644273" text="выступил"><tfr rev_id="1476383" t="выступил"><v><l id="62885" t="выступил"><g v="VERB"></g><g v="perf"></g><g v="intr"></g><g v="masc"></g><g v="sing"></g><g v="past"></g><g v="indc"></g></l></v></tfr></token><token id="644274" text="с"><tfr rev_id="1476384" t="с"><v><l id="311151" t="с"><g v="PREP"></g></l></v></tfr></token><token id="644275" text="официальным"><tfr rev_id="4309583" t="официальным"><v><l id="220939" t="официальный"><g v="ADJF"></g><g v="neut"></g><g v="sing"></g><g v="ablt"></g></l></v></tfr></token><token id="644276" text="предупреждением"><tfr rev_id="1476386" t="предупреждением"><v><l id="267293" t="предупреждение"><g v="NOUN"></g><g v="inan"></g><g v="neut"></g><g v="sing"></g><g v="ablt"></g></l></v></tfr></token><token id="644277" text="о"><tfr rev_id="1476387" t="о"><v><l id="192977" t="о"><g v="PREP"></g></l></v><v><l id="192978" t="о"><g v="INTJ"></g></l></v></tfr></token><token id="644278" text="том"><tfr rev_id="4379219" t="том"><v><l id="348430" t="тот"><g v="ADJF"></g><g v="Subx"></g><g v="Apro"></g><g v="Anph"></g><g v="neut"></g><g v="sing"></g><g v="loct"></g></l></v></tfr></token><token id="644279" text=","><tfr rev_id="1476389" t=","><v><l id="0" t=","><g v="PNCT"></g></l></v></tfr></token><token id="644280" text="что"><tfr rev_id="3197220" t="что"><v><l id="377004" t="что"><g v="CONJ"></g></l></v><v><l id="377005" t="что"><g v="NPRO"></g><g v="neut"></g><g v="sing"></g><g v="nomn"></g></l></v><v><l id="377005" t="что"><g v="NPRO"></g><g v="neut"></g><g v="sing"></g><g v="accs"></g></l></v><v><l id="377006" t="что"><g v="ADVB"></g><g v="Ques"></g></l></v><v><l id="388695" t="что"><g v="PRCL"></g></l></v></tfr></token><token id="644281" text="войска"><tfr rev_id="3793287" t="войска"><v><l id="49729" t="войско"><g v="NOUN"></g><g v="inan"></g><g v="neut"></g><g v="plur"></g><g v="nomn"></g></l></v></tfr></token><token id="644282" text="КНДР"><tfr rev_id="2781086" t="КНДР"><v><l id="134819" t="кндр"><g v="NOUN"></g><g v="inan"></g><g v="femn"></g><g v="Sgtm"></g><g v="Fixd"></g><g v="Abbr"></g><g v="Geox"></g><g v="sing"></g><g v="gent"></g></l></v></tfr></token><token id="644283" text="готовы"><tfr rev_id="1476393" t="готовы"><v><l id="74227" t="готов"><g v="ADJS"></g><g v="Qual"></g><g v="plur"></g></l></v></tfr></token><token id="644284" text="прибегнуть"><tfr rev_id="1476394" t="прибегнуть"><v><l id="268722" t="прибегнуть"><g v="INFN"></g><g v="perf"></g><g v="intr"></g></l></v></tfr></token><token id="644285" text="к"><tfr rev_id="1476395" t="к"><v><l id="127460" t="к"><g v="PREP"></g></l></v></tfr></token><token id="644286" text="военной"><tfr rev_id="4494039" t="военной"><v><l id="48619" t="военный"><g v="ADJF"></g><g v="femn"></g><g v="sing"></g><g v="datv"></g></l></v></tfr></token><token id="644287" text="силе"><tfr rev_id="3447776" t="силе"><v><l id="320333" t="сила"><g v="NOUN"></g><g v="inan"></g><g v="femn"></g><g v="sing"></g><g v="datv"></g></l></v></tfr></token><token id="644288" text=","><tfr rev_id="1476398" t=","><v><l id="0" t=","><g v="PNCT"></g></l></v></tfr></token><token id="644289" text="если"><tfr rev_id="1476399" t="если"><v><l id="95365" t="если"><g v="CONJ"></g></l></v></tfr></token><token id="644290" text="Совет"><tfr rev_id="1476400" t="Совет"><v><l id="327955" t="совет"><g v="NOUN"></g><g v="inan"></g><g v="masc"></g><g v="sing"></g><g v="nomn"></g></l></v><v><l id="327955" t="совет"><g v="NOUN"></g><g v="inan"></g><g v="masc"></g><g v="sing"></g><g v="accs"></g></l></v></tfr></token><token id="644291" text="Безопасности"><tfr rev_id="4101692" t="Безопасности"><v><l id="26215" t="безопасность"><g v="NOUN"></g><g v="inan"></g><g v="femn"></g><g v="sing"></g><g v="gent"></g></l></v></tfr></token><token id="644292" text="ООН"><tfr rev_id="4138821" t="ООН"><v><l id="206695" t="оон"><g v="NOUN"></g><g v="inan"></g><g v="femn"></g><g v="Sgtm"></g><g v="Fixd"></g><g v="Abbr"></g><g v="Orgn"></g><g v="sing"></g><g v="nomn"></g></l></v><v><l id="206695" t="оон"><g v="NOUN"></g><g v="inan"></g><g v="femn"></g><g v="Sgtm"></g><g v="Fixd"></g><g v="Abbr"></g><g v="Orgn"></g><g v="sing"></g><g v="gent"></g></l></v><v><l id="206695" t="оон"><g v="NOUN"></g><g v="inan"></g><g v="femn"></g><g v="Sgtm"></g><g v="Fixd"></g><g v="Abbr"></g><g v="Orgn"></g><g v="sing"></g><g v="datv"></g></l></v><v><l id="206695" t="оон"><g v="NOUN"></g><g v="inan"></g><g v="femn"></g><g v="Sgtm"></g><g v="Fixd"></g><g v="Abbr"></g><g v="Orgn"></g><g v="sing"></g><g v="accs"></g></l></v><v><l id="206695" t="оон"><g v="NOUN"></g><g v="inan"></g><g v="femn"></g><g v="Sgtm"></g><g v="Fixd"></g><g v="Abbr"></g><g v="Orgn"></g><g v="sing"></g><g v="ablt"></g></l></v><v><l id="206695" t="оон"><g v="NOUN"></g><g v="inan"></g><g v="femn"></g><g v="Sgtm"></g><g v="Fixd"></g><g v="Abbr"></g><g v="Orgn"></g><g v="sing"></g><g v="loct"></g></l></v></tfr></token><token id="644293" text="не"><tfr rev_id="1476403" t="не"><v><l id="178876" t="не"><g v="PRCL"></g></l></v></tfr></token><token id="644294" text="перестанет"><tfr rev_id="1476404" t="перестанет"><v><l id="234671" t="перестал"><g v="VERB"></g><g v="perf"></g><g v="intr"></g><g v="sing"></g><g v="3per"></g><g v="futr"></g><g v="indc"></g></l></v></tfr></token><token id="644295" text="обвинять"><tfr rev_id="1476405" t="обвинять"><v><l id="193423" t="обвинять"><g v="INFN"></g><g v="impf"></g><g v="tran"></g></l></v></tfr></token><token id="644296" text="Северную"><tfr rev_id="1476406" t="Северную"><v><l id="317517" t="северный"><g v="ADJF"></g><g v="Qual"></g><g v="femn"></g><g v="sing"></g><g v="accs"></g></l></v></tfr></token><token id="644297" text="Корею"><tfr rev_id="4558128" t="Корею"><v><l id="139593" t="корея"><g v="NOUN"></g><g v="inan"></g><g v="femn"></g><g v="Geox"></g><g v="sing"></g><g v="accs"></g></l></v></tfr></token><token id="644298" text="в"><tfr rev_id="1476408" t="в"><v><l id="37409" t="в"><g v="PREP"></g></l></v></tfr></token><token id="644299" text="торпедировании"><tfr rev_id="1476409" t="торпедировании"><v><l id="348257" t="торпедирование"><g v="NOUN"></g><g v="inan"></g><g v="neut"></g><g v="sing"></g><g v="loct"></g></l></v></tfr></token><token id="644300" text="южнокорейского"><tfr rev_id="3670607" t="южнокорейского"><v><l id="386874" t="южнокорейский"><g v="ADJF"></g><g v="Geox"></g><g v="masc"></g><g v="sing"></g><g v="gent"></g></l></v><v><l id="386874" t="южнокорейский"><g v="ADJF"></g><g v="Geox"></g><g v="anim"></g><g v="masc"></g><g v="sing"></g><g v="accs"></g></l></v></tfr></token><token id="644301" text="корвета"><tfr rev_id="1476411" t="корвета"><v><l id="139510" t="корвет"><g v="NOUN"></g><g v="inan"></g><g v="masc"></g><g v="sing"></g><g v="gent"></g></l></v></tfr></token><token id="644302" text="Cheonan"><tfr rev_id="2475038" t="Cheonan"><v><l id="0" t="Cheonan"><g v="LATN"></g></l></v></tfr></token><token id="644303" text=","><tfr rev_id="1476413" t=","><v><l id="0" t=","><g v="PNCT"></g></l></v></tfr></token><token id="644304" text="в"><tfr rev_id="1476414" t="в"><v><l id="37409" t="в"><g v="PREP"></g></l></v></tfr></token><token id="644305" text="результате"><tfr rev_id="1476415" t="результате"><v><l id="305391" t="результат"><g v="NOUN"></g><g v="inan"></g><g v="masc"></g><g v="sing"></g><g v="loct"></g></l></v></tfr></token><token id="644306" text="которого"><tfr rev_id="3638367" t="которого"><v><l id="141203" t="который"><g v="ADJF"></g><g v="Apro"></g><g v="Subx"></g><g v="Anph"></g><g v="neut"></g><g v="sing"></g><g v="gent"></g></l></v></tfr></token><token id="644307" text="погибли"><tfr rev_id="1476417" t="погибли"><v><l id="243191" t="погиб"><g v="VERB"></g><g v="perf"></g><g v="intr"></g><g v="plur"></g><g v="past"></g><g v="indc"></g></l></v></tfr></token><token id="644308" text="46"><tfr rev_id="2462170" t="46"><v><l id="0" t="46"><g v="NUMB"></g></l></v></tfr></token><token id="644309" text="моряков"><tfr rev_id="3464961" t="моряков"><v><l id="163827" t="моряк"><g v="NOUN"></g><g v="anim"></g><g v="masc"></g><g v="plur"></g><g v="gent"></g></l></v></tfr></token><token id="644310" text="."><tfr rev_id="1476420" t="."><v><l id="0" t="."><g v="PNCT"></g></l></v></tfr></token></tokens></sentence><sentence id="36047"><source>Посол Северной Кореи в ООН Син Сон Хо предупредил Совбез, который со вчерашнего дня по настоянию Сеула обсуждает резолюцию, осуждающую действия Пхеньяна, что лишний раз провоцировать его страну не стоит, поскольку «ситуация критическая и война может начаться в любой момент».</source><tokens><token id="644311" text="Посол"><tfr rev_id="4292653" t="Посол"><v><l id="261868" t="посол"><g v="NOUN"></g><g v="anim"></g><g v="masc"></g><g v="sing"></g><g v="nomn"></g></l></v></tfr></token><token id="644312" text="Северной"><tfr rev_id="3711018" t="Северной"><v><l id="317517" t="северный"><g v="ADJF"></g><g v="Qual"></g><g v="femn"></g><g v="sing"></g><g v="gent"></g></l></v></tfr></token><token id="644313" text="Кореи"><tfr rev_id="4558129" t="Кореи"><v><l id="139593" t="корея"><g v="NOUN"></g><g v="inan"></g><g v="femn"></g><g v="Geox"></g><g v="sing"></g><g v="gent"></g></l></v></tfr></token><token id="644314" text="в"><tfr rev_id="1476424" t="в"><v><l id="37409" t="в"><g v="PREP"></g></l></v></tfr></token><token id="644315" text="ООН"><tfr rev_id="4138822" t="ООН"><v><l id="206695" t="оон"><g v="NOUN"></g><g v="inan"></g><g v="femn"></g><g v="Sgtm"></g><g v="Fixd"></g><g v="Abbr"></g><g v="Orgn"></g><g v="sing"></g><g v="loct"></g></l></v></tfr></token><token id="644316" text="Син"><tfr rev_id="1476426" t="Син"><v><l id="0" t="син"><g v="UNKN"></g></l></v></tfr></token><token id="644317" text="Сон"><tfr rev_id="2584183" t="Сон"><v><l id="0" t="Сон"><g v="UNKN"></g></l></v></tfr></token><token id="644318" text="Хо"><tfr rev_id="1476428" t="Хо"><v><l id="0" t="хо"><g v="UNKN"></g></l></v></tfr></token><token id="644319" text="предупредил"><tfr rev_id="1476429" t="предупредил"><v><l id="267274" t="предупредил"><g v="VERB"></g><g v="perf"></g><g v="tran"></g><g v="masc"></g><g v="sing"></g><g v="past"></g><g v="indc"></g></l></v></tfr></token><token id="644320" text="Совбез"><tfr rev_id="4094962" t="Совбез"><v><l id="327879" t="совбез"><g v="NOUN"></g><g v="inan"></g><g v="masc"></g><g v="Sgtm"></g><g v="Orgn"></g><g v="sing"></g><g v="accs"></g></l></v></tfr></token><token id="644321" text=","><tfr rev_id="1476431" t=","><v><l id="0" t=","><g v="PNCT"></g></l></v></tfr></token><token id="644322" text="который"><tfr rev_id="3637444" t="который"><v><l id="141203" t="который"><g v="ADJF"></g><g v="Apro"></g><g v="Subx"></g><g v="Anph"></g><g v="masc"></g><g v="sing"></g><g v="nomn"></g></l></v><v><l id="141203" t="который"><g v="ADJF"></g><g v="Apro"></g><g v="Subx"></g><g v="Anph"></g><g v="inan"></g><g v="masc"></g><g v="sing"></g><g v="accs"></g></l></v></tfr></token><token id="644323" text="со"><tfr rev_id="2919238" t="со"><v><l id="311151" t="с"><g v="PREP"></g><g v="Vpre"></g></l></v></tfr></token><token id="644324" text="вчерашнего"><tfr rev_id="4414997" t="вчерашнего"><v><l id="55403" t="вчерашний"><g v="ADJF"></g><g v="masc"></g><g v="sing"></g><g v="gent"></g></l></v></tfr></token><token id="644325" text="дня"><tfr rev_id="1476435" t="дня"><v><l id="81427" t="день"><g v="NOUN"></g><g v="inan"></g><g v="masc"></g><g v="sing"></g><g v="gent"></g></l></v></tfr></token><token id="644326" text="по"><tfr rev_id="1476436" t="по"><v><l id="241240" t="по"><g v="PREP"></g></l></v></tfr></token><token id="644327" text="настоянию"><tfr rev_id="1476437" t="настоянию"><v><l id="176126" t="настояние"><g v="NOUN"></g><g v="inan"></g><g v="neut"></g><g v="sing"></g><g v="datv"></g></l></v></tfr></token><token id="644328" text="Сеула"><tfr rev_id="1476438" t="Сеула"><v><l id="319644" t="сеул"><g v="NOUN"></g><g v="inan"></g><g v="masc"></g><g v="Geox"></g><g v="sing"></g><g v="gent"></g></l></v></tfr></token><token id="644329" text="обсуждает"><tfr rev_id="1476439" t="обсуждает"><v><l id="200168" t="обсуждаю"><g v="VERB"></g><g v="impf"></g><g v="tran"></g><g v="sing"></g><g v="3per"></g><g v="pres"></g><g v="indc"></g></l></v></tfr></token><token id="644330" text="резолюцию"><tfr rev_id="1476440" t="резолюцию"><v><l id="305353" t="резолюция"><g v="NOUN"></g><g v="inan"></g><g v="femn"></g><g v="sing"></g><g v="accs"></g></l></v></tfr></token><token id="644331" text=","><tfr rev_id="1476441" t=","><v><l id="0" t=","><g v="PNCT"></g></l></v></tfr></token><token id="644332" text="осуждающую"><tfr rev_id="3684602" t="осуждающую"><v><l id="211479" t="осуждающий"><g v="PRTF"></g><g v="impf"></g><g v="tran"></g><g v="pres"></g><g v="actv"></g><g v="Adjx"></g><g v="femn"></g><g v="sing"></g><g v="accs"></g></l></v></tfr></token><token id="644333" text="действия"><tfr rev_id="3795673" t="действия"><v><l id="80091" t="действие"><g v="NOUN"></g><g v="inan"></g><g v="neut"></g><g v="plur"></g><g v="accs"></g></l></v></tfr></token><token id="644334" text="Пхеньяна"><tfr rev_id="1476444" t="Пхеньяна"><v><l id="289831" t="пхеньян"><g v="NOUN"></g><g v="inan"></g><g v="masc"></g><g v="Geox"></g><g v="sing"></g><g v="gent"></g></l></v></tfr></token><token id="644335" text=","><tfr rev_id="1476445" t=","><v><l id="0" t=","><g v="PNCT"></g></l></v></tfr></token><token id="644336" text="что"><tfr rev_id="3197221" t="что"><v><l id="377004" t="что"><g v="CONJ"></g></l></v><v><l id="377005" t="что"><g v="NPRO"></g><g v="neut"></g><g v="sing"></g><g v="nomn"></g></l></v><v><l id="377005" t="что"><g v="NPRO"></g><g v="neut"></g><g v="sing"></g><g v="accs"></g></l></v><v><l id="377006" t="что"><g v="ADVB"></g><g v="Ques"></g></l></v><v><l id="388695" t="что"><g v="PRCL"></g></l></v></tfr></token><token id="644337" text="лишний"><tfr rev_id="1476447" t="лишний"><v><l id="150256" t="лишний"><g v="ADJF"></g><g v="masc"></g><g v="sing"></g><g v="nomn"></g></l></v><v><l id="150256" t="лишний"><g v="ADJF"></g><g v="inan"></g><g v="masc"></g><g v="sing"></g><g v="accs"></g></l></v></tfr></token><token id="644338" text="раз"><tfr rev_id="4488152" t="раз"><v><l id="291500" t="раз"><g v="NOUN"></g><g v="inan"></g><g v="masc"></g><g v="sing"></g><g v="nomn"></g></l></v><v><l id="291500" t="раз"><g v="NOUN"></g><g v="inan"></g><g v="masc"></g><g v="sing"></g><g v="accs"></g></l></v></tfr></token><token id="644339" text="провоцировать"><tfr rev_id="1476449" t="провоцировать"><v><l id="278288" t="провоцировать"><g v="INFN"></g><g v="impf"></g><g v="tran"></g></l></v></tfr></token><token id="644340" text="его"><tfr rev_id="4513368" t="его"><v><l id="94208" t="его"><g v="ADJF"></g><g v="Fixd"></g><g v="Apro"></g><g v="Anph"></g><g v="femn"></g><g v="sing"></g><g v="nomn"></g></l></v><v><l id="94208" t="его"><g v="ADJF"></g><g v="Fixd"></g><g v="Apro"></g><g v="Anph"></g><g v="femn"></g><g v="sing"></g><g v="gent"></g></l></v><v><l id="94208" t="его"><g v="ADJF"></g><g v="Fixd"></g><g v="Apro"></g><g v="Anph"></g><g v="femn"></g><g v="sing"></g><g v="datv"></g></l></v><v><l id="94208" t="его"><g v="ADJF"></g><g v="Fixd"></g><g v="Apro"></g><g v="Anph"></g><g v="femn"></g><g v="sing"></g><g v="accs"></g></l></v><v><l id="94208" t="его"><g v="ADJF"></g><g v="Fixd"></g><g v="Apro"></g><g v="Anph"></g><g v="femn"></g><g v="sing"></g><g v="ablt"></g></l></v><v><l id="94208" t="его"><g v="ADJF"></g><g v="Fixd"></g><g v="Apro"></g><g v="Anph"></g><g v="femn"></g><g v="sing"></g><g v="loct"></g></l></v></tfr></token><token id="644341" text="страну"><tfr rev_id="1476451" t="страну"><v><l id="337100" t="страна"><g v="NOUN"></g><g v="inan"></g><g v="femn"></g><g v="sing"></g><g v="accs"></g></l></v></tfr></token><token id="644342" text="не"><tfr rev_id="1476452" t="не"><v><l id="178876" t="не"><g v="PRCL"></g></l></v></tfr></token><token id="644343" text="стоит"><tfr rev_id="1476453" t="стоит"><v><l id="336464" t="стою"><g v="VERB"></g><g v="impf"></g><g v="tran"></g><g v="sing"></g><g v="3per"></g><g v="pres"></g><g v="indc"></g></l></v><v><l id="336469" t="стоило"><g v="VERB"></g><g v="impf"></g><g v="intr"></g><g v="Impe"></g><g v="sing"></g><g v="pres"></g><g v="indc"></g></l></v><v><l id="336980" t="стою"><g v="VERB"></g><g v="impf"></g><g v="intr"></g><g v="sing"></g><g v="3per"></g><g v="pres"></g><g v="indc"></g></l></v></tfr></token><token id="644344" text=","><tfr rev_id="1476454" t=","><v><l id="0" t=","><g v="PNCT"></g></l></v></tfr></token><token id="644345" text="поскольку"><tfr rev_id="1476455" t="поскольку"><v><l id="261429" t="поскольку"><g v="CONJ"></g></l></v></tfr></token><token id="644346" text="«"><tfr rev_id="2445380" t="«"><v><l id="0" t="«"><g v="PNCT"></g></l></v></tfr></token><token id="644347" text="ситуация"><tfr rev_id="1476457" t="ситуация"><v><l id="321441" t="ситуация"><g v="NOUN"></g><g v="inan"></g><g v="femn"></g><g v="sing"></g><g v="nomn"></g></l></v></tfr></token><token id="644348" text="критическая"><tfr rev_id="1476458" t="критическая"><v><l id="142982" t="критический"><g v="ADJF"></g><g v="femn"></g><g v="sing"></g><g v="nomn"></g></l></v></tfr></token><token id="644349" text="и"><tfr rev_id="1476459" t="и"><v><l id="116949" t="и"><g v="CONJ"></g></l></v><v><l id="116950" t="и"><g v="INTJ"></g></l></v></tfr></token><token id="644350" text="война"><tfr rev_id="1476460" t="война"><v><l id="49721" t="война"><g v="NOUN"></g><g v="inan"></g><g v="femn"></g><g v="sing"></g><g v="nomn"></g></l></v></tfr></token><token id="644351" text="может"><tfr rev_id="4229886" t="может"><v><l id="164485" t="могу"><g v="VERB"></g><g v="impf"></g><g v="intr"></g><g v="sing"></g><g v="3per"></g><g v="pres"></g><g v="indc"></g></l></v></tfr></token><token id="644352" text="начаться"><tfr rev_id="1476462" t="начаться"><v><l id="178231" t="начаться"><g v="INFN"></g><g v="perf"></g><g v="intr"></g></l></v></tfr></token><token id="644353" text="в"><tfr rev_id="1476463" t="в"><v><l id="37409" t="в"><g v="PREP"></g></l></v></tfr></token><token id="644354" text="любой"><tfr rev_id="4428678" t="любой"><v><l id="152026" t="любой"><g v="ADJF"></g><g v="Apro"></g><g v="masc"></g><g v="sing"></g><g v="nomn"></g></l></v><v><l id="152026" t="любой"><g v="ADJF"></g><g v="Apro"></g><g v="inan"></g><g v="masc"></g><g v="sing"></g><g v="accs"></g></l></v></tfr></token><token id="644355" text="момент"><tfr rev_id="4359942" t="момент"><v><l id="163050" t="момент"><g v="NOUN"></g><g v="inan"></g><g v="masc"></g><g v="sing"></g><g v="accs"></g></l></v></tfr></token><token id="644356" text="»"><tfr rev_id="2445381" t="»"><v><l id="0" t="»"><g v="PNCT"></g></l></v></tfr></token><token id="644357" text="."><tfr rev_id="1476467" t="."><v><l id="0" t="."><g v="PNCT"></g></l></v></tfr></token></tokens></sentence><sentence id="36048"><source>При этом дипломат не стал уточнять, в отношении кого КНДР применит силу.</source><tokens><token id="644358" text="При"><tfr rev_id="2605128" t="При"><v><l id="268625" t="при"><g v="PREP"></g></l></v></tfr></token><token id="644359" text="этом"><tfr rev_id="4472654" t="этом"><v><l id="386575" t="это"><g v="NPRO"></g><g v="neut"></g><g v="sing"></g><g v="loct"></g></l></v></tfr></token><token id="644360" text="дипломат"><tfr rev_id="1476470" t="дипломат"><v><l id="84142" t="дипломат"><g v="NOUN"></g><g v="anim"></g><g v="masc"></g><g v="sing"></g><g v="nomn"></g></l></v></tfr></token><token id="644361" text="не"><tfr rev_id="1476471" t="не"><v><l id="178876" t="не"><g v="PRCL"></g></l></v></tfr></token><token id="644362" text="стал"><tfr rev_id="1476472" t="стал"><v><l id="335164" t="стал"><g v="VERB"></g><g v="perf"></g><g v="intr"></g><g v="masc"></g><g v="sing"></g><g v="past"></g><g v="indc"></g></l></v></tfr></token><token id="644363" text="уточнять"><tfr rev_id="1476473" t="уточнять"><v><l id="362359" t="уточнять"><g v="INFN"></g><g v="impf"></g><g v="tran"></g></l></v></tfr></token><token id="644364" text=","><tfr rev_id="1476474" t=","><v><l id="0" t=","><g v="PNCT"></g></l></v></tfr></token><token id="644365" text="в"><tfr rev_id="1476475" t="в"><v><l id="37409" t="в"><g v="PREP"></g></l></v></tfr></token><token id="644366" text="отношении"><tfr rev_id="1476476" t="отношении"><v><l id="215944" t="отношение"><g v="NOUN"></g><g v="inan"></g><g v="neut"></g><g v="sing"></g><g v="loct"></g></l></v></tfr></token><token id="644367" text="кого"><tfr rev_id="3460703" t="кого"><v><l id="144216" t="кто"><g v="NPRO"></g><g v="masc"></g><g v="sing"></g><g v="gent"></g></l></v></tfr></token><token id="644368" text="КНДР"><tfr rev_id="4151812" t="КНДР"><v><l id="134819" t="кндр"><g v="NOUN"></g><g v="inan"></g><g v="femn"></g><g v="Sgtm"></g><g v="Fixd"></g><g v="Abbr"></g><g v="Geox"></g><g v="sing"></g><g v="nomn"></g></l></v></tfr></token><token id="644369" text="применит"><tfr rev_id="1476479" t="применит"><v><l id="271952" t="применил"><g v="VERB"></g><g v="perf"></g><g v="tran"></g><g v="sing"></g><g v="3per"></g><g v="futr"></g><g v="indc"></g></l></v></tfr></token><token id="644370" text="силу"><tfr rev_id="3714871" t="силу"><v><l id="320333" t="сила"><g v="NOUN"></g><g v="inan"></g><g v="femn"></g><g v="sing"></g><g v="accs"></g></l></v></tfr></token><token id="644371" text="."><tfr rev_id="1476481" t="."><v><l id="0" t="."><g v="PNCT"></g></l></v></tfr></token></tokens></sentence></paragraph><paragraph id="11428"><sentence id="36049"><source>Син Сон Хо в очередной раз заявил, что Пхеньян не признаёт своей вины в гибели южнокорейского корвета и с нетерпением ждёт выводов российской стороны, которая взялась за независимое расследование гибели судна.</source><tokens><token id="644372" text="Син"><tfr rev_id="1476482" t="Син"><v><l id="0" t="син"><g v="UNKN"></g></l></v></tfr></token><token id="644373" text="Сон"><tfr rev_id="4508476" t="Сон"><v><l id="0" t="Сон"><g v="UNKN"></g></l></v></tfr></token><token id="644374" text="Хо"><tfr rev_id="1476484" t="Хо"><v><l id="0" t="хо"><g v="UNKN"></g></l></v></tfr></token><token id="644375" text="в"><tfr rev_id="1476485" t="в"><v><l id="37409" t="в"><g v="PREP"></g></l></v></tfr></token><token id="644376" text="очередной"><tfr rev_id="2635600" t="очередной"><v><l id="221690" t="очередной"><g v="ADJF"></g><g v="masc"></g><g v="sing"></g><g v="nomn"></g></l></v><v><l id="221690" t="очередной"><g v="ADJF"></g><g v="inan"></g><g v="masc"></g><g v="sing"></g><g v="accs"></g></l></v></tfr></token><token id="644377" text="раз"><tfr rev_id="4510881" t="раз"><v><l id="291500" t="раз"><g v="NOUN"></g><g v="inan"></g><g v="masc"></g><g v="sing"></g><g v="nomn"></g></l></v><v><l id="291500" t="раз"><g v="NOUN"></g><g v="inan"></g><g v="masc"></g><g v="sing"></g><g v="accs"></g></l></v></tfr></token><token id="644378" text="заявил"><tfr rev_id="1476488" t="заявил"><v><l id="114300" t="заявил"><g v="VERB"></g><g v="perf"></g><g v="tran"></g><g v="masc"></g><g v="sing"></g><g v="past"></g><g v="indc"></g></l></v></tfr></token><token id="644379" text=","><tfr rev_id="1476489" t=","><v><l id="0" t=","><g v="PNCT"></g></l></v></tfr></token><token id="644380" text="что"><tfr rev_id="3197222" t="что"><v><l id="377004" t="что"><g v="CONJ"></g></l></v><v><l id="377005" t="что"><g v="NPRO"></g><g v="neut"></g><g v="sing"></g><g v="nomn"></g></l></v><v><l id="377005" t="что"><g v="NPRO"></g><g v="neut"></g><g v="sing"></g><g v="accs"></g></l></v><v><l id="377006" t="что"><g v="ADVB"></g><g v="Ques"></g></l></v><v><l id="388695" t="что"><g v="PRCL"></g></l></v></tfr></token><token id="644381" text="Пхеньян"><tfr rev_id="1476491" t="Пхеньян"><v><l id="289831" t="пхеньян"><g v="NOUN"></g><g v="inan"></g><g v="masc"></g><g v="Geox"></g><g v="sing"></g><g v="nomn"></g></l></v><v><l id="289831" t="пхеньян"><g v="NOUN"></g><g v="inan"></g><g v="masc"></g><g v="Geox"></g><g v="sing"></g><g v="accs"></g></l></v></tfr></token><token id="644382" text="не"><tfr rev_id="1476492" t="не"><v><l id="178876" t="не"><g v="PRCL"></g></l></v></tfr></token><token id="644383" text="признаёт"><tfr rev_id="3893240" t="признаёт"><v><l id="270625" t="признаю"><g v="VERB"></g><g v="impf"></g><g v="tran"></g><g v="sing"></g><g v="3per"></g><g v="pres"></g><g v="indc"></g></l></v></tfr></token><token id="644384" text="своей"><tfr rev_id="4316299" t="своей"><v><l id="316379" t="свой"><g v="ADJF"></g><g v="Apro"></g><g v="Anph"></g><g v="femn"></g><g v="sing"></g><g v="gent"></g></l></v></tfr></token><token id="644385" text="вины"><tfr rev_id="3502148" t="вины"><v><l id="45136" t="вина"><g v="NOUN"></g><g v="inan"></g><g v="femn"></g><g v="sing"></g><g v="gent"></g></l></v></tfr></token><token id="644386" text="в"><tfr rev_id="1476496" t="в"><v><l id="37409" t="в"><g v="PREP"></g></l></v></tfr></token><token id="644387" text="гибели"><tfr rev_id="4168490" t="гибели"><v><l id="69488" t="гибель"><g v="NOUN"></g><g v="inan"></g><g v="femn"></g><g v="sing"></g><g v="loct"></g></l></v></tfr></token><token id="644388" text="южнокорейского"><tfr rev_id="4486538" t="южнокорейского"><v><l id="386874" t="южнокорейский"><g v="ADJF"></g><g v="Geox"></g><g v="masc"></g><g v="sing"></g><g v="gent"></g></l></v></tfr></token><token id="644389" text="корвета"><tfr rev_id="1476499" t="корвета"><v><l id="139510" t="корвет"><g v="NOUN"></g><g v="inan"></g><g v="masc"></g><g v="sing"></g><g v="gent"></g></l></v></tfr></token><token id="644390" text="и"><tfr rev_id="3409019" t="и"><v><l id="116949" t="и"><g v="CONJ"></g></l></v></tfr></token><token id="644391" text="с"><tfr rev_id="1476501" t="с"><v><l id="311151" t="с"><g v="PREP"></g></l></v></tfr></token><token id="644392" text="нетерпением"><tfr rev_id="1476502" t="нетерпением"><v><l id="188943" t="нетерпение"><g v="NOUN"></g><g v="inan"></g><g v="neut"></g><g v="sing"></g><g v="ablt"></g></l></v></tfr></token><token id="644393" text="ждёт"><tfr rev_id="1476503" t="ждёт"><v><l id="96195" t="жду"><g v="VERB"></g><g v="impf"></g><g v="tran"></g><g v="sing"></g><g v="3per"></g><g v="pres"></g><g v="indc"></g></l></v></tfr></token><token id="644394" text="выводов"><tfr rev_id="1476504" t="выводов"><v><l id="56345" t="вывод"><g v="NOUN"></g><g v="inan"></g><g v="masc"></g><g v="plur"></g><g v="gent"></g></l></v></tfr></token><token id="644395" text="российской"><tfr rev_id="4261715" t="российской"><v><l id="309319" t="российский"><g v="ADJF"></g><g v="femn"></g><g v="sing"></g><g v="gent"></g></l></v></tfr></token><token id="644396" text="стороны"><tfr rev_id="3439672" t="стороны"><v><l id="336894" t="сторона"><g v="NOUN"></g><g v="inan"></g><g v="femn"></g><g v="sing"></g><g v="gent"></g></l></v></tfr></token><token id="644397" text=","><tfr rev_id="1476507" t=","><v><l id="0" t=","><g v="PNCT"></g></l></v></tfr></token><token id="644398" text="которая"><tfr rev_id="3639832" t="которая"><v><l id="141203" t="который"><g v="ADJF"></g><g v="Apro"></g><g v="Subx"></g><g v="Anph"></g><g v="femn"></g><g v="sing"></g><g v="nomn"></g></l></v></tfr></token><token id="644399" text="взялась"><tfr rev_id="1476509" t="взялась"><v><l id="44310" t="взялся"><g v="VERB"></g><g v="perf"></g><g v="intr"></g><g v="femn"></g><g v="sing"></g><g v="past"></g><g v="indc"></g></l></v></tfr></token><token id="644400" text="за"><tfr rev_id="1476510" t="за"><v><l id="98043" t="за"><g v="PREP"></g></l></v></tfr></token><token id="644401" text="независимое"><tfr rev_id="1476511" t="независимое"><v><l id="182131" t="независимый"><g v="ADJF"></g><g v="Qual"></g><g v="neut"></g><g v="sing"></g><g v="nomn"></g></l></v><v><l id="182131" t="независимый"><g v="ADJF"></g><g v="Qual"></g><g v="neut"></g><g v="sing"></g><g v="accs"></g></l></v></tfr></token><token id="644402" text="расследование"><tfr rev_id="1476512" t="расследование"><v><l id="301076" t="расследование"><g v="NOUN"></g><g v="inan"></g><g v="neut"></g><g v="sing"></g><g v="nomn"></g></l></v><v><l id="301076" t="расследование"><g v="NOUN"></g><g v="inan"></g><g v="neut"></g><g v="sing"></g><g v="accs"></g></l></v></tfr></token><token id="644403" text="гибели"><tfr rev_id="4265612" t="гибели"><v><l id="69488" t="гибель"><g v="NOUN"></g><g v="inan"></g><g v="femn"></g><g v="sing"></g><g v="gent"></g></l></v></tfr></token><token id="644404" text="судна"><tfr rev_id="3802976" t="судна"><v><l id="339014" t="судно"><g v="NOUN"></g><g v="inan"></g><g v="neut"></g><g v="sing"></g><g v="gent"></g></l></v><v><l id="339015" t="судно"><g v="NOUN"></g><g v="inan"></g><g v="neut"></g><g v="sing"></g><g v="gent"></g></l></v></tfr></token><token id="644405" text="."><tfr rev_id="1476515" t="."><v><l id="0" t="."><g v="PNCT"></g></l></v></tfr></token></tokens></sentence><sentence id="36050"><source>По мнению руководства Северной Кореи, Сеул и Вашингтон сфабриковали обвинения против Пхеньяна.</source><tokens><token id="644406" text="По"><tfr rev_id="1476516" t="По"><v><l id="241240" t="по"><g v="PREP"></g></l></v></tfr></token><token id="644407" text="мнению"><tfr rev_id="1476517" t="мнению"><v><l id="161395" t="мнение"><g v="NOUN"></g><g v="inan"></g><g v="neut"></g><g v="sing"></g><g v="datv"></g></l></v></tfr></token><token id="644408" text="руководства"><tfr rev_id="3456649" t="руководства"><v><l id="310004" t="руководство"><g v="NOUN"></g><g v="inan"></g><g v="neut"></g><g v="sing"></g><g v="gent"></g></l></v></tfr></token><token id="644409" text="Северной"><tfr rev_id="4095006" t="Северной"><v><l id="317517" t="северный"><g v="ADJF"></g><g v="Qual"></g><g v="femn"></g><g v="sing"></g><g v="gent"></g></l></v></tfr></token><token id="644410" text="Кореи"><tfr rev_id="4558130" t="Кореи"><v><l id="139593" t="корея"><g v="NOUN"></g><g v="inan"></g><g v="femn"></g><g v="Geox"></g><g v="sing"></g><g v="gent"></g></l></v></tfr></token><token id="644411" text=","><tfr rev_id="1476521" t=","><v><l id="0" t=","><g v="PNCT"></g></l></v></tfr></token><token id="644412" text="Сеул"><tfr rev_id="3548918" t="Сеул"><v><l id="319644" t="сеул"><g v="NOUN"></g><g v="inan"></g><g v="masc"></g><g v="Geox"></g><g v="sing"></g><g v="nomn"></g></l></v></tfr></token><token id="644413" text="и"><tfr rev_id="4092976" t="и"><v><l id="116949" t="и"><g v="CONJ"></g></l></v></tfr></token><token id="644414" text="Вашингтон"><tfr rev_id="2782511" t="Вашингтон"><v><l id="39406" t="вашингтон"><g v="NOUN"></g><g v="inan"></g><g v="masc"></g><g v="Geox"></g><g v="sing"></g><g v="nomn"></g></l></v></tfr></token><token id="644415" text="сфабриковали"><tfr rev_id="1476525" t="сфабриковали"><v><l id="340506" t="сфабриковал"><g v="VERB"></g><g v="perf"></g><g v="tran"></g><g v="plur"></g><g v="past"></g><g v="indc"></g></l></v></tfr></token><token id="644416" text="обвинения"><tfr rev_id="3796724" t="обвинения"><v><l id="193410" t="обвинение"><g v="NOUN"></g><g v="inan"></g><g v="neut"></g><g v="plur"></g><g v="accs"></g></l></v></tfr></token><token id="644417" text="против"><tfr rev_id="4485078" t="против"><v><l id="285790" t="против"><g v="PREP"></g></l></v></tfr></token><token id="644418" text="Пхеньяна"><tfr rev_id="1476528" t="Пхеньяна"><v><l id="289831" t="пхеньян"><g v="NOUN"></g><g v="inan"></g><g v="masc"></g><g v="Geox"></g><g v="sing"></g><g v="gent"></g></l></v></tfr></token><token id="644419" text="."><tfr rev_id="1476529" t="."><v><l id="0" t="."><g v="PNCT"></g></l></v></tfr></token></tokens></sentence><sentence id="36051"><source>Дипломат также потребовал допустить северокорейских экспертов к тому месту, где затонул корвет.</source><tokens><token id="644420" text="Дипломат"><tfr rev_id="1476530" t="Дипломат"><v><l id="84142" t="дипломат"><g v="NOUN"></g><g v="anim"></g><g v="masc"></g><g v="sing"></g><g v="nomn"></g></l></v></tfr></token><token id="644421" text="также"><tfr rev_id="4267785" t="также"><v><l id="342482" t="также"><g v="PRCL"></g></l></v></tfr></token><token id="644422" text="потребовал"><tfr rev_id="1476532" t="потребовал"><v><l id="263551" t="потребовал"><g v="VERB"></g><g v="perf"></g><g v="tran"></g><g v="masc"></g><g v="sing"></g><g v="past"></g><g v="indc"></g></l></v></tfr></token><token id="644423" text="допустить"><tfr rev_id="1476533" t="допустить"><v><l id="89498" t="допустить"><g v="INFN"></g><g v="perf"></g><g v="tran"></g></l></v></tfr></token><token id="644424" text="северокорейских"><tfr rev_id="2955960" t="северокорейских"><v><l id="317567" t="северокорейский"><g v="ADJF"></g><g v="Geox"></g><g v="anim"></g><g v="plur"></g><g v="accs"></g></l></v></tfr></token><token id="644425" text="экспертов"><tfr rev_id="4085215" t="экспертов"><v><l id="383582" t="эксперт"><g v="NOUN"></g><g v="anim"></g><g v="masc"></g><g v="plur"></g><g v="accs"></g></l></v></tfr></token><token id="644426" text="к"><tfr rev_id="1476536" t="к"><v><l id="127460" t="к"><g v="PREP"></g></l></v></tfr></token><token id="644427" text="тому"><tfr rev_id="4414381" t="тому"><v><l id="348430" t="тот"><g v="ADJF"></g><g v="Subx"></g><g v="Apro"></g><g v="Anph"></g><g v="neut"></g><g v="sing"></g><g v="datv"></g></l></v></tfr></token><token id="644428" text="месту"><tfr rev_id="1476538" t="месту"><v><l id="158822" t="место"><g v="NOUN"></g><g v="inan"></g><g v="neut"></g><g v="sing"></g><g v="datv"></g></l></v></tfr></token><token id="644429" text=","><tfr rev_id="1476539" t=","><v><l id="0" t=","><g v="PNCT"></g></l></v></tfr></token><token id="644430" text="где"><tfr rev_id="2636483" t="где"><v><l id="67984" t="где"><g v="ADVB"></g><g v="Ques"></g></l></v><v><l id="388669" t="где"><g v="CONJ"></g></l></v></tfr></token><token id="644431" text="затонул"><tfr rev_id="1476541" t="затонул"><v><l id="111638" t="затонул"><g v="VERB"></g><g v="perf"></g><g v="intr"></g><g v="masc"></g><g v="sing"></g><g v="past"></g><g v="indc"></g></l></v></tfr></token><token id="644432" text="корвет"><tfr rev_id="4101618" t="корвет"><v><l id="139510" t="корвет"><g v="NOUN"></g><g v="inan"></g><g v="masc"></g><g v="sing"></g><g v="nomn"></g></l></v></tfr></token><token id="644433" text="."><tfr rev_id="1476543" t="."><v><l id="0" t="."><g v="PNCT"></g></l></v></tfr></token></tokens></sentence></paragraph><paragraph id="11429"><sentence id="36052"><source>Между тем президент США ещё на год продлил введённые два года назад санкции против Северной Кореи (речь идёт о замораживании активов северокорейских граждан, находящихся в юрисдикции США).</source><tokens><token id="644434" text="Между"><tfr rev_id="1476544" t="Между"><v><l id="157306" t="между"><g v="PREP"></g></l></v></tfr></token><token id="644435" text="тем"><tfr rev_id="4503028" t="тем"><v><l id="348430" t="тот"><g v="ADJF"></g><g v="Subx"></g><g v="Apro"></g><g v="Anph"></g><g v="neut"></g><g v="sing"></g><g v="ablt"></g></l></v></tfr></token><token id="644436" text="президент"><tfr rev_id="1476546" t="президент"><v><l id="267449" t="президент"><g v="NOUN"></g><g v="anim"></g><g v="masc"></g><g v="sing"></g><g v="nomn"></g></l></v></tfr></token><token id="644437" text="США"><tfr rev_id="3811404" t="США"><v><l id="341371" t="сша"><g v="NOUN"></g><g v="inan"></g><g v="GNdr"></g><g v="Pltm"></g><g v="Fixd"></g><g v="Abbr"></g><g v="Geox"></g><g v="plur"></g><g v="gent"></g></l></v></tfr></token><token id="644438" text="ещё"><tfr rev_id="1476548" t="ещё"><v><l id="95551" t="ещё"><g v="PRCL"></g></l></v><v><l id="95552" t="ещё"><g v="ADVB"></g></l></v></tfr></token><token id="644439" text="на"><tfr rev_id="3475212" t="на"><v><l id="166264" t="на"><g v="PREP"></g></l></v></tfr></token><token id="644440" text="год"><tfr rev_id="3282385" t="год"><v><l id="72149" t="год"><g v="NOUN"></g><g v="inan"></g><g v="masc"></g><g v="sing"></g><g v="accs"></g></l></v></tfr></token><token id="644441" text="продлил"><tfr rev_id="1476551" t="продлил"><v><l id="279160" t="продлил"><g v="VERB"></g><g v="perf"></g><g v="tran"></g><g v="masc"></g><g v="sing"></g><g v="past"></g><g v="indc"></g></l></v></tfr></token><token id="644442" text="введённые"><tfr rev_id="1476552" t="введённые"><v><l id="39718" t="введённый"><g v="PRTF"></g><g v="perf"></g><g v="tran"></g><g v="past"></g><g v="pssv"></g><g v="plur"></g><g v="nomn"></g></l></v><v><l id="39718" t="введённый"><g v="PRTF"></g><g v="perf"></g><g v="tran"></g><g v="past"></g><g v="pssv"></g><g v="inan"></g><g v="plur"></g><g v="accs"></g></l></v></tfr></token><token id="644443" text="два"><tfr rev_id="4450441" t="два"><v><l id="78668" t="два"><g v="NUMR"></g><g v="masc"></g><g v="nomn"></g></l></v><v><l id="78668" t="два"><g v="NUMR"></g><g v="inan"></g><g v="masc"></g><g v="accs"></g></l></v><v><l id="78668" t="два"><g v="NUMR"></g><g v="neut"></g><g v="nomn"></g></l></v><v><l id="78668" t="два"><g v="NUMR"></g><g v="inan"></g><g v="neut"></g><g v="accs"></g></l></v></tfr></token><token id="644444" text="года"><tfr rev_id="3456660" t="года"><v><l id="72149" t="год"><g v="NOUN"></g><g v="inan"></g><g v="masc"></g><g v="sing"></g><g v="gen1"></g></l></v></tfr></token><token id="644445" text="назад"><tfr rev_id="1476555" t="назад"><v><l id="170252" t="назад"><g v="ADVB"></g></l></v></tfr></token><token id="644446" text="санкции"><tfr rev_id="3796383" t="санкции"><v><l id="313373" t="санкция"><g v="NOUN"></g><g v="inan"></g><g v="femn"></g><g v="plur"></g><g v="accs"></g></l></v></tfr></token><token id="644447" text="против"><tfr rev_id="4485436" t="против"><v><l id="285790" t="против"><g v="PREP"></g></l></v></tfr></token><token id="644448" text="Северной"><tfr rev_id="4316314" t="Северной"><v><l id="317517" t="северный"><g v="ADJF"></g><g v="Qual"></g><g v="femn"></g><g v="sing"></g><g v="gent"></g></l></v></tfr></token><token id="644449" text="Кореи"><tfr rev_id="4558131" t="Кореи"><v><l id="139593" t="корея"><g v="NOUN"></g><g v="inan"></g><g v="femn"></g><g v="Geox"></g><g v="sing"></g><g v="gent"></g></l></v></tfr></token><token id="644450" text="("><tfr rev_id="1476560" t="("><v><l id="0" t="("><g v="PNCT"></g></l></v></tfr></token><token id="644451" text="речь"><tfr rev_id="3661998" t="речь"><v><l id="307325" t="речь"><g v="NOUN"></g><g v="inan"></g><g v="femn"></g><g v="sing"></g><g v="nomn"></g></l></v></tfr></token><token id="644452" text="идёт"><tfr rev_id="1476562" t="идёт"><v><l id="117566" t="иду"><g v="VERB"></g><g v="impf"></g><g v="intr"></g><g v="sing"></g><g v="3per"></g><g v="pres"></g><g v="indc"></g></l></v></tfr></token><token id="644453" text="о"><tfr rev_id="3301768" t="о"><v><l id="192977" t="о"><g v="PREP"></g></l></v></tfr></token><token id="644454" text="замораживании"><tfr rev_id="1476564" t="замораживании"><v><l id="105773" t="замораживание"><g v="NOUN"></g><g v="inan"></g><g v="neut"></g><g v="sing"></g><g v="loct"></g></l></v></tfr></token><token id="644455" text="активов"><tfr rev_id="1476565" t="активов"><v><l id="7604" t="актив"><g v="NOUN"></g><g v="inan"></g><g v="masc"></g><g v="plur"></g><g v="gent"></g></l></v></tfr></token><token id="644456" text="северокорейских"><tfr rev_id="3671164" t="северокорейских"><v><l id="317567" t="северокорейский"><g v="ADJF"></g><g v="Geox"></g><g v="plur"></g><g v="gent"></g></l></v></tfr></token><token id="644457" text="граждан"><tfr rev_id="2866476" t="граждан"><v><l id="74521" t="гражданин"><g v="NOUN"></g><g v="anim"></g><g v="masc"></g><g v="plur"></g><g v="gent"></g></l></v></tfr></token><token id="644458" text=","><tfr rev_id="1476568" t=","><v><l id="0" t=","><g v="PNCT"></g></l></v></tfr></token><token id="644459" text="находящихся"><tfr rev_id="3417860" t="находящихся"><v><l id="177900" t="находящийся"><g v="PRTF"></g><g v="impf"></g><g v="intr"></g><g v="pres"></g><g v="actv"></g><g v="plur"></g><g v="gent"></g></l></v></tfr></token><token id="644460" text="в"><tfr rev_id="1476570" t="в"><v><l id="37409" t="в"><g v="PREP"></g></l></v></tfr></token><token id="644461" text="юрисдикции"><tfr rev_id="4178012" t="юрисдикции"><v><l id="387127" t="юрисдикция"><g v="NOUN"></g><g v="inan"></g><g v="femn"></g><g v="sing"></g><g v="loct"></g></l></v></tfr></token><token id="644462" text="США"><tfr rev_id="3811405" t="США"><v><l id="341371" t="сша"><g v="NOUN"></g><g v="inan"></g><g v="GNdr"></g><g v="Pltm"></g><g v="Fixd"></g><g v="Abbr"></g><g v="Geox"></g><g v="plur"></g><g v="nomn"></g></l></v><v><l id="341371" t="сша"><g v="NOUN"></g><g v="inan"></g><g v="GNdr"></g><g v="Pltm"></g><g v="Fixd"></g><g v="Abbr"></g><g v="Geox"></g><g v="plur"></g><g v="gent"></g></l></v><v><l id="341371" t="сша"><g v="NOUN"></g><g v="inan"></g><g v="GNdr"></g><g v="Pltm"></g><g v="Fixd"></g><g v="Abbr"></g><g v="Geox"></g><g v="plur"></g><g v="datv"></g></l></v><v><l id="341371" t="сша"><g v="NOUN"></g><g v="inan"></g><g v="GNdr"></g><g v="Pltm"></g><g v="Fixd"></g><g v="Abbr"></g><g v="Geox"></g><g v="plur"></g><g v="accs"></g></l></v><v><l id="341371" t="сша"><g v="NOUN"></g><g v="inan"></g><g v="GNdr"></g><g v="Pltm"></g><g v="Fixd"></g><g v="Abbr"></g><g v="Geox"></g><g v="plur"></g><g v="ablt"></g></l></v><v><l id="341371" t="сша"><g v="NOUN"></g><g v="inan"></g><g v="GNdr"></g><g v="Pltm"></g><g v="Fixd"></g><g v="Abbr"></g><g v="Geox"></g><g v="plur"></g><g v="loct"></g></l></v></tfr></token><token id="644463" text=")"><tfr rev_id="1476573" t=")"><v><l id="0" t=")"><g v="PNCT"></g></l></v></tfr></token><token id="644464" text="."><tfr rev_id="1476574" t="."><v><l id="0" t="."><g v="PNCT"></g></l></v></tfr></token></tokens></sentence><sentence id="36053"><source>Своё решение Обама аргументировал тем, что Пхеньян по-прежнему являет собой угрозу национальной безопасности США.</source><tokens><token id="644465" text="Своё"><tfr rev_id="3632814" t="Своё"><v><l id="316379" t="свой"><g v="ADJF"></g><g v="Apro"></g><g v="Anph"></g><g v="neut"></g><g v="sing"></g><g v="nomn"></g></l></v><v><l id="316379" t="свой"><g v="ADJF"></g><g v="Apro"></g><g v="Anph"></g><g v="neut"></g><g v="sing"></g><g v="accs"></g></l></v></tfr></token><token id="644466" text="решение"><tfr rev_id="4093414" t="решение"><v><l id="307350" t="решение"><g v="NOUN"></g><g v="inan"></g><g v="neut"></g><g v="sing"></g><g v="accs"></g></l></v></tfr></token><token id="644467" text="Обама"><tfr rev_id="4576072" t="Обама"><v><l id="388472" t="обама"><g v="NOUN"></g><g v="anim"></g><g v="ms-f"></g><g v="Sgtm"></g><g v="Surn"></g><g v="sing"></g><g v="nomn"></g></l></v></tfr></token><token id="644468" text="аргументировал"><tfr rev_id="1476578" t="аргументировал"><v><l id="16000" t="аргументировал"><g v="VERB"></g><g v="perf"></g><g v="tran"></g><g v="masc"></g><g v="sing"></g><g v="past"></g><g v="indc"></g></l></v><v><l id="16001" t="аргументирую"><g v="VERB"></g><g v="impf"></g><g v="tran"></g><g v="masc"></g><g v="sing"></g><g v="past"></g><g v="indc"></g></l></v></tfr></token><token id="644469" text="тем"><tfr rev_id="4538766" t="тем"><v><l id="348430" t="тот"><g v="ADJF"></g><g v="Subx"></g><g v="Apro"></g><g v="Anph"></g><g v="masc"></g><g v="sing"></g><g v="ablt"></g></l></v><v><l id="348430" t="тот"><g v="ADJF"></g><g v="Subx"></g><g v="Apro"></g><g v="Anph"></g><g v="neut"></g><g v="sing"></g><g v="ablt"></g></l></v></tfr></token><token id="644470" text=","><tfr rev_id="1476580" t=","><v><l id="0" t=","><g v="PNCT"></g></l></v></tfr></token><token id="644471" text="что"><tfr rev_id="3197223" t="что"><v><l id="377004" t="что"><g v="CONJ"></g></l></v><v><l id="377005" t="что"><g v="NPRO"></g><g v="neut"></g><g v="sing"></g><g v="nomn"></g></l></v><v><l id="377005" t="что"><g v="NPRO"></g><g v="neut"></g><g v="sing"></g><g v="accs"></g></l></v><v><l id="377006" t="что"><g v="ADVB"></g><g v="Ques"></g></l></v><v><l id="388695" t="что"><g v="PRCL"></g></l></v></tfr></token><token id="644472" text="Пхеньян"><tfr rev_id="1476582" t="Пхеньян"><v><l id="289831" t="пхеньян"><g v="NOUN"></g><g v="inan"></g><g v="masc"></g><g v="Geox"></g><g v="sing"></g><g v="nomn"></g></l></v><v><l id="289831" t="пхеньян"><g v="NOUN"></g><g v="inan"></g><g v="masc"></g><g v="Geox"></g><g v="sing"></g><g v="accs"></g></l></v></tfr></token><token id="644473" text="по-прежнему"><tfr rev_id="1476583" t="по-прежнему"><v><l id="241307" t="по-прежнему"><g v="ADVB"></g></l></v></tfr></token><token id="644474" text="являет"><tfr rev_id="1476584" t="являет"><v><l id="387378" t="являю"><g v="VERB"></g><g v="impf"></g><g v="tran"></g><g v="sing"></g><g v="3per"></g><g v="pres"></g><g v="indc"></g></l></v></tfr></token><token id="644475" text="собой"><tfr rev_id="3636386" t="собой"><v><l id="317456" t="себя"><g v="NPRO"></g><g v="Anph"></g><g v="sing"></g><g v="ablt"></g></l></v></tfr></token><token id="644476" text="угрозу"><tfr rev_id="1476586" t="угрозу"><v><l id="354549" t="угроза"><g v="NOUN"></g><g v="inan"></g><g v="femn"></g><g v="sing"></g><g v="accs"></g></l></v></tfr></token><token id="644477" text="национальной"><tfr rev_id="3556940" t="национальной"><v><l id="178150" t="национальный"><g v="ADJF"></g><g v="femn"></g><g v="sing"></g><g v="datv"></g></l></v></tfr></token><token id="644478" text="безопасности"><tfr rev_id="3546560" t="безопасности"><v><l id="26215" t="безопасность"><g v="NOUN"></g><g v="inan"></g><g v="femn"></g><g v="sing"></g><g v="datv"></g></l></v></tfr></token><token id="644479" text="США"><tfr rev_id="3811406" t="США"><v><l id="341371" t="сша"><g v="NOUN"></g><g v="inan"></g><g v="GNdr"></g><g v="Pltm"></g><g v="Fixd"></g><g v="Abbr"></g><g v="Geox"></g><g v="plur"></g><g v="gent"></g></l></v></tfr></token><token id="644480" text="."><tfr rev_id="1476590" t="."><v><l id="0" t="."><g v="PNCT"></g></l></v></tfr></token></tokens></sentence><sentence id="36054"><source>«Поскольку существование и риск распространения делящихся материалов, которые могут быть использованы для создания ОМУ, продолжают представлять собой исключительную угрозу для национальной безопасности и внешней политики США, объявленный 26 июня 2008 года режим угрозы национальной безопасности и ввёденные в этот день санкции должны остаться в силе и после 26 июня 2010 года.</source><tokens><token id="644481" text="«"><tfr rev_id="2445382" t="«"><v><l id="0" t="«"><g v="PNCT"></g></l></v></tfr></token><token id="644482" text="Поскольку"><tfr rev_id="1476592" t="Поскольку"><v><l id="261429" t="поскольку"><g v="CONJ"></g></l></v></tfr></token><token id="644483" text="существование"><tfr rev_id="1476593" t="существование"><v><l id="340482" t="существование"><g v="NOUN"></g><g v="inan"></g><g v="neut"></g><g v="sing"></g><g v="nomn"></g></l></v><v><l id="340482" t="существование"><g v="NOUN"></g><g v="inan"></g><g v="neut"></g><g v="sing"></g><g v="accs"></g></l></v></tfr></token><token id="644484" text="и"><tfr rev_id="3945405" t="и"><v><l id="116949" t="и"><g v="CONJ"></g></l></v></tfr></token><token id="644485" text="риск"><tfr rev_id="3708194" t="риск"><v><l id="307762" t="риск"><g v="NOUN"></g><g v="inan"></g><g v="masc"></g><g v="sing"></g><g v="nomn"></g></l></v></tfr></token><token id="644486" text="распространения"><tfr rev_id="2372466" t="распространения"><v><l id="300332" t="распространение"><g v="NOUN"></g><g v="inan"></g><g v="neut"></g><g v="sing"></g><g v="gent"></g></l></v></tfr></token><token id="644487" text="делящихся"><tfr rev_id="4427262" t="делящихся"><v><l id="80624" t="делящийся"><g v="PRTF"></g><g v="impf"></g><g v="intr"></g><g v="pres"></g><g v="actv"></g><g v="plur"></g><g v="gent"></g></l></v></tfr></token><token id="644488" text="материалов"><tfr rev_id="1476598" t="материалов"><v><l id="156200" t="материал"><g v="NOUN"></g><g v="inan"></g><g v="masc"></g><g v="plur"></g><g v="gent"></g></l></v></tfr></token><token id="644489" text=","><tfr rev_id="1476599" t=","><v><l id="0" t=","><g v="PNCT"></g></l></v></tfr></token><token id="644490" text="которые"><tfr rev_id="3748707" t="которые"><v><l id="141203" t="который"><g v="ADJF"></g><g v="Apro"></g><g v="Subx"></g><g v="Anph"></g><g v="plur"></g><g v="nomn"></g></l></v></tfr></token><token id="644491" text="могут"><tfr rev_id="1476601" t="могут"><v><l id="164485" t="могу"><g v="VERB"></g><g v="impf"></g><g v="intr"></g><g v="plur"></g><g v="3per"></g><g v="pres"></g><g v="indc"></g></l></v></tfr></token><token id="644492" text="быть"><tfr rev_id="1476602" t="быть"><v><l id="37266" t="быть"><g v="INFN"></g><g v="impf"></g><g v="intr"></g></l></v></tfr></token><token id="644493" text="использованы"><tfr rev_id="1476603" t="использованы"><v><l id="125429" t="использован"><g v="PRTS"></g><g v="perf"></g><g v="past"></g><g v="pssv"></g><g v="plur"></g></l></v><v><l id="125430" t="использован"><g v="PRTS"></g><g v="impf"></g><g v="past"></g><g v="pssv"></g><g v="plur"></g></l></v></tfr></token><token id="644494" text="для"><tfr rev_id="2922650" t="для"><v><l id="85032" t="для"><g v="PREP"></g></l></v></tfr></token><token id="644495" text="создания"><tfr rev_id="4570950" t="создания"><v><l id="328580" t="создание"><g v="NOUN"></g><g v="inan"></g><g v="neut"></g><g v="Inmx"></g><g v="plur"></g><g v="accs"></g></l></v><v><l id="328580" t="создание"><g v="NOUN"></g><g v="inan"></g><g v="neut"></g><g v="Inmx"></g><g v="plur"></g><g v="nomn"></g></l></v><v><l id="328580" t="создание"><g v="NOUN"></g><g v="inan"></g><g v="neut"></g><g v="Inmx"></g><g v="sing"></g><g v="gent"></g></l></v></tfr></token><token id="644496" text="ОМУ"><tfr rev_id="4281833" t="ОМУ"><v><l id="0" t="ОМУ"><g v="UNKN"></g></l></v></tfr></token><token id="644497" text=","><tfr rev_id="1476607" t=","><v><l id="0" t=","><g v="PNCT"></g></l></v></tfr></token><token id="644498" text="продолжают"><tfr rev_id="1476608" t="продолжают"><v><l id="279215" t="продолжаю"><g v="VERB"></g><g v="impf"></g><g v="tran"></g><g v="plur"></g><g v="3per"></g><g v="pres"></g><g v="indc"></g></l></v></tfr></token><token id="644499" text="представлять"><tfr rev_id="1476609" t="представлять"><v><l id="267113" t="представлять"><g v="INFN"></g><g v="impf"></g><g v="tran"></g></l></v></tfr></token><token id="644500" text="собой"><tfr rev_id="3636387" t="собой"><v><l id="317456" t="себя"><g v="NPRO"></g><g v="Anph"></g><g v="sing"></g><g v="ablt"></g></l></v></tfr></token><token id="644501" text="исключительную"><tfr rev_id="1476611" t="исключительную"><v><l id="124361" t="исключительный"><g v="ADJF"></g><g v="femn"></g><g v="sing"></g><g v="accs"></g></l></v></tfr></token><token id="644502" text="угрозу"><tfr rev_id="1476612" t="угрозу"><v><l id="354549" t="угроза"><g v="NOUN"></g><g v="inan"></g><g v="femn"></g><g v="sing"></g><g v="accs"></g></l></v></tfr></token><token id="644503" text="для"><tfr rev_id="3325309" t="для"><v><l id="85032" t="для"><g v="PREP"></g></l></v></tfr></token><token id="644504" text="национальной"><tfr rev_id="3824084" t="национальной"><v><l id="178150" t="национальный"><g v="ADJF"></g><g v="femn"></g><g v="sing"></g><g v="gent"></g></l></v></tfr></token><token id="644505" text="безопасности"><tfr rev_id="3506692" t="безопасности"><v><l id="26215" t="безопасность"><g v="NOUN"></g><g v="inan"></g><g v="femn"></g><g v="sing"></g><g v="gent"></g></l></v><v><l id="26215" t="безопасность"><g v="NOUN"></g><g v="inan"></g><g v="femn"></g><g v="sing"></g><g v="datv"></g></l></v><v><l id="26215" t="безопасность"><g v="NOUN"></g><g v="inan"></g><g v="femn"></g><g v="sing"></g><g v="loct"></g></l></v></tfr></token><token id="644506" text="и"><tfr rev_id="1476616" t="и"><v><l id="116949" t="и"><g v="CONJ"></g></l></v><v><l id="116950" t="и"><g v="INTJ"></g></l></v></tfr></token><token id="644507" text="внешней"><tfr rev_id="4395616" t="внешней"><v><l id="47535" t="внешний"><g v="ADJF"></g><g v="femn"></g><g v="sing"></g><g v="gent"></g></l></v></tfr></token><token id="644508" text="политики"><tfr rev_id="3456747" t="политики"><v><l id="255853" t="политика"><g v="NOUN"></g><g v="inan"></g><g v="femn"></g><g v="sing"></g><g v="gent"></g></l></v></tfr></token><token id="644509" text="США"><tfr rev_id="4572984" t="США"><v><l id="341371" t="сша"><g v="NOUN"></g><g v="inan"></g><g v="GNdr"></g><g v="Pltm"></g><g v="Fixd"></g><g v="Abbr"></g><g v="Geox"></g><g v="plur"></g><g v="gent"></g></l></v></tfr></token><token id="644510" text=","><tfr rev_id="1476620" t=","><v><l id="0" t=","><g v="PNCT"></g></l></v></tfr></token><token id="644511" text="объявленный"><tfr rev_id="1476621" t="объявленный"><v><l id="201894" t="объявленный"><g v="PRTF"></g><g v="perf"></g><g v="tran"></g><g v="past"></g><g v="pssv"></g><g v="masc"></g><g v="sing"></g><g v="nomn"></g></l></v><v><l id="201894" t="объявленный"><g v="PRTF"></g><g v="perf"></g><g v="tran"></g><g v="past"></g><g v="pssv"></g><g v="inan"></g><g v="masc"></g><g v="sing"></g><g v="accs"></g></l></v></tfr></token><token id="644512" text="26"><tfr rev_id="2462171" t="26"><v><l id="0" t="26"><g v="NUMB"></g></l></v></tfr></token><token id="644513" text="июня"><tfr rev_id="1476623" t="июня"><v><l id="127302" t="июнь"><g v="NOUN"></g><g v="inan"></g><g v="masc"></g><g v="sing"></g><g v="gent"></g></l></v></tfr></token><token id="644514" text="2008"><tfr rev_id="2462172" t="2008"><v><l id="0" t="2008"><g v="NUMB"></g></l></v></tfr></token><token id="644515" text="года"><tfr rev_id="3456610" t="года"><v><l id="72149" t="год"><g v="NOUN"></g><g v="inan"></g><g v="masc"></g><g v="sing"></g><g v="gen1"></g></l></v></tfr></token><token id="644516" text="режим"><tfr rev_id="3555794" t="режим"><v><l id="305124" t="режим"><g v="NOUN"></g><g v="inan"></g><g v="masc"></g><g v="sing"></g><g v="nomn"></g></l></v></tfr></token><token id="644517" text="угрозы"><tfr rev_id="3505281" t="угрозы"><v><l id="354549" t="угроза"><g v="NOUN"></g><g v="inan"></g><g v="femn"></g><g v="sing"></g><g v="gent"></g></l></v></tfr></token><token id="644518" text="национальной"><tfr rev_id="4495191" t="национальной"><v><l id="178150" t="национальный"><g v="ADJF"></g><g v="femn"></g><g v="sing"></g><g v="datv"></g></l></v></tfr></token><token id="644519" text="безопасности"><tfr rev_id="3947350" t="безопасности"><v><l id="26215" t="безопасность"><g v="NOUN"></g><g v="inan"></g><g v="femn"></g><g v="sing"></g><g v="datv"></g></l></v></tfr></token><token id="644520" text="и"><tfr rev_id="3533642" t="и"><v><l id="116949" t="и"><g v="CONJ"></g></l></v></tfr></token><token id="644521" text="ввёденные"><tfr rev_id="1476631" t="ввёденные"><v><l id="39718" t="введённый"><g v="PRTF"></g><g v="perf"></g><g v="tran"></g><g v="past"></g><g v="pssv"></g><g v="plur"></g><g v="nomn"></g></l></v><v><l id="39718" t="введённый"><g v="PRTF"></g><g v="perf"></g><g v="tran"></g><g v="past"></g><g v="pssv"></g><g v="inan"></g><g v="plur"></g><g v="accs"></g></l></v></tfr></token><token id="644522" text="в"><tfr rev_id="1476632" t="в"><v><l id="37409" t="в"><g v="PREP"></g></l></v></tfr></token><token id="644523" text="этот"><tfr rev_id="4432116" t="этот"><v><l id="386581" t="этот"><g v="ADJF"></g><g v="Subx"></g><g v="Apro"></g><g v="Anph"></g><g v="masc"></g><g v="sing"></g><g v="nomn"></g></l></v><v><l id="386581" t="этот"><g v="ADJF"></g><g v="Subx"></g><g v="Apro"></g><g v="Anph"></g><g v="inan"></g><g v="masc"></g><g v="sing"></g><g v="accs"></g></l></v></tfr></token><token id="644524" text="день"><tfr rev_id="1715175" t="день"><v><l id="81427" t="день"><g v="NOUN"></g><g v="inan"></g><g v="masc"></g><g v="sing"></g><g v="nomn"></g></l></v><v><l id="81427" t="день"><g v="NOUN"></g><g v="inan"></g><g v="masc"></g><g v="sing"></g><g v="accs"></g></l></v></tfr></token><token id="644525" text="санкции"><tfr rev_id="3796576" t="санкции"><v><l id="313373" t="санкция"><g v="NOUN"></g><g v="inan"></g><g v="femn"></g><g v="plur"></g><g v="nomn"></g></l></v></tfr></token><token id="644526" text="должны"><tfr rev_id="2559314" t="должны"><v><l id="87975" t="должен"><g v="ADJS"></g><g v="plur"></g></l></v></tfr></token><token id="644527" text="остаться"><tfr rev_id="1476637" t="остаться"><v><l id="210897" t="остаться"><g v="INFN"></g><g v="perf"></g><g v="intr"></g></l></v></tfr></token><token id="644528" text="в"><tfr rev_id="1476638" t="в"><v><l id="37409" t="в"><g v="PREP"></g></l></v></tfr></token><token id="644529" text="силе"><tfr rev_id="3696179" t="силе"><v><l id="320333" t="сила"><g v="NOUN"></g><g v="inan"></g><g v="femn"></g><g v="sing"></g><g v="loct"></g></l></v></tfr></token><token id="644530" text="и"><tfr rev_id="3480663" t="и"><v><l id="116949" t="и"><g v="CONJ"></g></l></v></tfr></token><token id="644531" text="после"><tfr rev_id="4406473" t="после"><v><l id="261542" t="после"><g v="PREP"></g></l></v></tfr></token><token id="644532" text="26"><tfr rev_id="2462173" t="26"><v><l id="0" t="26"><g v="NUMB"></g></l></v></tfr></token><token id="644533" text="июня"><tfr rev_id="1476643" t="июня"><v><l id="127302" t="июнь"><g v="NOUN"></g><g v="inan"></g><g v="masc"></g><g v="sing"></g><g v="gent"></g></l></v></tfr></token><token id="644534" text="2010"><tfr rev_id="2462174" t="2010"><v><l id="0" t="2010"><g v="NUMB"></g></l></v></tfr></token><token id="644535" text="года"><tfr rev_id="3483267" t="года"><v><l id="72149" t="год"><g v="NOUN"></g><g v="inan"></g><g v="masc"></g><g v="sing"></g><g v="gen1"></g></l></v></tfr></token><token id="644536" text="."><tfr rev_id="1476646" t="."><v><l id="0" t="."><g v="PNCT"></g></l></v></tfr></token></tokens></sentence><sentence id="36055"><source>Поэтому я на 1 год продлеваю режим угрозы национальной безопасности»,</source><tokens><token id="644537" text="Поэтому"><tfr rev_id="1476647" t="Поэтому"><v><l id="265490" t="поэтому"><g v="ADVB"></g></l></v></tfr></token><token id="644538" text="я"><tfr rev_id="1476648" t="я"><v><l id="387317" t="я"><g v="NPRO"></g><g v="1per"></g><g v="sing"></g><g v="nomn"></g></l></v></tfr></token><token id="644539" text="на"><tfr rev_id="3330692" t="на"><v><l id="166264" t="на"><g v="PREP"></g></l></v></tfr></token><token id="644540" text="1"><tfr rev_id="2462175" t="1"><v><l id="0" t="1"><g v="NUMB"></g></l></v></tfr></token><token id="644541" text="год"><tfr rev_id="4093308" t="год"><v><l id="72149" t="год"><g v="NOUN"></g><g v="inan"></g><g v="masc"></g><g v="sing"></g><g v="accs"></g></l></v></tfr></token><token id="644542" text="продлеваю"><tfr rev_id="1476652" t="продлеваю"><v><l id="279147" t="продлеваю"><g v="VERB"></g><g v="impf"></g><g v="tran"></g><g v="sing"></g><g v="1per"></g><g v="pres"></g><g v="indc"></g></l></v></tfr></token><token id="644543" text="режим"><tfr rev_id="3706385" t="режим"><v><l id="305124" t="режим"><g v="NOUN"></g><g v="inan"></g><g v="masc"></g><g v="sing"></g><g v="accs"></g></l></v></tfr></token><token id="644544" text="угрозы"><tfr rev_id="2693373" t="угрозы"><v><l id="354549" t="угроза"><g v="NOUN"></g><g v="inan"></g><g v="femn"></g><g v="sing"></g><g v="gent"></g></l></v></tfr></token><token id="644545" text="национальной"><tfr rev_id="3284513" t="национальной"><v><l id="178150" t="национальный"><g v="ADJF"></g><g v="femn"></g><g v="sing"></g><g v="gent"></g></l></v></tfr></token><token id="644546" text="безопасности"><tfr rev_id="4101752" t="безопасности"><v><l id="26215" t="безопасность"><g v="NOUN"></g><g v="inan"></g><g v="femn"></g><g v="sing"></g><g v="datv"></g></l></v></tfr></token><token id="644547" text="»"><tfr rev_id="2445383" t="»"><v><l id="0" t="»"><g v="PNCT"></g></l></v></tfr></token><token id="644548" text=","><tfr rev_id="1476658" t=","><v><l id="0" t=","><g v="PNCT"></g></l></v></tfr></token></tokens></sentence><sentence id="36056"><source>— цитирует NEWSru.com уведомление президента США.</source><tokens><token id="644549" text="—"><tfr rev_id="2445384" t="—"><v><l id="0" t="—"><g v="PNCT"></g></l></v></tfr></token><token id="644550" text="цитирует"><tfr rev_id="1476660" t="цитирует"><v><l id="374102" t="цитирую"><g v="VERB"></g><g v="impf"></g><g v="tran"></g><g v="sing"></g><g v="3per"></g><g v="pres"></g><g v="indc"></g></l></v></tfr></token><token id="644551" text="NEWSru.com"><tfr rev_id="2475039" t="NEWSru.com"><v><l id="0" t="NEWSru.com"><g v="LATN"></g></l></v></tfr></token><token id="644552" text="уведомление"><tfr rev_id="4101120" t="уведомление"><v><l id="353337" t="уведомление"><g v="NOUN"></g><g v="inan"></g><g v="neut"></g><g v="sing"></g><g v="accs"></g></l></v></tfr></token><token id="644553" text="президента"><tfr rev_id="2826763" t="президента"><v><l id="267449" t="президент"><g v="NOUN"></g><g v="anim"></g><g v="masc"></g><g v="sing"></g><g v="gent"></g></l></v></tfr></token><token id="644554" text="США"><tfr rev_id="4572912" t="США"><v><l id="341371" t="сша"><g v="NOUN"></g><g v="inan"></g><g v="GNdr"></g><g v="Pltm"></g><g v="Fixd"></g><g v="Abbr"></g><g v="Geox"></g><g v="plur"></g><g v="gent"></g></l></v></tfr></token><token id="644555" text="."><tfr rev_id="1476665" t="."><v><l id="0" t="."><g v="PNCT"></g></l></v></tfr></token></tokens></sentence></paragraph><paragraph id="11430"><sentence id="36057"><source>Подробнее о развитии конфликта на Корейском полуострове читайте в статье Частного корреспондента «Затишье перед бурей»</source><tokens><token id="644556" text="Подробнее"><tfr rev_id="4496596" t="Подробнее"><v><l id="249806" t="подробнее"><g v="COMP"></g></l></v></tfr></token><token id="644557" text="о"><tfr rev_id="3226669" t="о"><v><l id="192977" t="о"><g v="PREP"></g></l></v></tfr></token><token id="644558" text="развитии"><tfr rev_id="1476668" t="развитии"><v><l id="292545" t="развитие"><g v="NOUN"></g><g v="inan"></g><g v="neut"></g><g v="sing"></g><g v="loct"></g></l></v></tfr></token><token id="644559" text="конфликта"><tfr rev_id="1476669" t="конфликта"><v><l id="138849" t="конфликт"><g v="NOUN"></g><g v="inan"></g><g v="masc"></g><g v="sing"></g><g v="gent"></g></l></v></tfr></token><token id="644560" text="на"><tfr rev_id="3336701" t="на"><v><l id="166264" t="на"><g v="PREP"></g></l></v></tfr></token><token id="644561" text="Корейском"><tfr rev_id="4166799" t="Корейском"><v><l id="139552" t="корейский"><g v="ADJF"></g><g v="masc"></g><g v="sing"></g><g v="loct"></g></l></v></tfr></token><token id="644562" text="полуострове"><tfr rev_id="1476672" t="полуострове"><v><l id="256793" t="полуостров"><g v="NOUN"></g><g v="inan"></g><g v="masc"></g><g v="sing"></g><g v="loct"></g></l></v></tfr></token><token id="644563" text="читайте"><tfr rev_id="1476673" t="читайте"><v><l id="376719" t="читаю"><g v="VERB"></g><g v="impf"></g><g v="tran"></g><g v="plur"></g><g v="impr"></g><g v="excl"></g></l></v></tfr></token><token id="644564" text="в"><tfr rev_id="1476674" t="в"><v><l id="37409" t="в"><g v="PREP"></g></l></v></tfr></token><token id="644565" text="статье"><tfr rev_id="3447755" t="статье"><v><l id="335173" t="статья"><g v="NOUN"></g><g v="inan"></g><g v="femn"></g><g v="sing"></g><g v="loct"></g></l></v></tfr></token><token id="644566" text="Частного"><tfr rev_id="4375885" t="Частного"><v><l id="374795" t="частный"><g v="ADJF"></g><g v="Qual"></g><g v="masc"></g><g v="sing"></g><g v="gent"></g></l></v><v><l id="374795" t="частный"><g v="ADJF"></g><g v="Qual"></g><g v="anim"></g><g v="masc"></g><g v="sing"></g><g v="accs"></g></l></v></tfr></token><token id="644567" text="корреспондента"><tfr rev_id="3689811" t="корреспондента"><v><l id="140239" t="корреспондент"><g v="NOUN"></g><g v="anim"></g><g v="masc"></g><g v="sing"></g><g v="gent"></g></l></v></tfr></token><token id="644568" text="«"><tfr rev_id="2445385" t="«"><v><l id="0" t="«"><g v="PNCT"></g></l></v></tfr></token><token id="644569" text="Затишье"><tfr rev_id="4486014" t="Затишье"><v><l id="111512" t="затишье"><g v="NOUN"></g><g v="inan"></g><g v="neut"></g><g v="sing"></g><g v="nomn"></g></l></v></tfr></token><token id="644570" text="перед"><tfr rev_id="2602681" t="перед"><v><l id="228071" t="перед"><g v="PREP"></g></l></v></tfr></token><token id="644571" text="бурей"><tfr rev_id="4322248" t="бурей"><v><l id="36403" t="буря"><g v="NOUN"></g><g v="inan"></g><g v="femn"></g><g v="sing"></g><g v="ablt"></g></l></v></tfr></token><token id="644572" text="»"><tfr rev_id="2445386" t="»"><v><l id="0" t="»"><g v="PNCT"></g></l></v></tfr></token></tokens></sentence></paragraph></paragraphs></text>