<?xml version="1.0" encoding="utf-8"?><text id="1250" parent="56" name="Открыт новый класс магнитных супергалогенов"><tags><tag>Автор:http://ru.wikinews.org/wiki/Участник:Artem Korzhimanov</tag><tag>url:http://ru.wikinews.org/w/index.php?title=Открыт_новый_класс_магнитных_супергалогенов&amp;oldid=60439</tag><tag>Дата:12/02</tag><tag>Год:2011</tag><tag>Тема:ВикиКатегория:Наука и технологии</tag><tag>Тема:ВикиКатегория:Химия</tag></tags><paragraphs><paragraph id="11538"><sentence id="36272"><source>Международная команда исследователей открыла новый класс магнитных супергалогенов — класса атомных кластеров, являющихся необычно стабильными при определённых размере и составе.</source><tokens><token id="648630" text="Международная"><tfr rev_id="1480740" t="Международная"><v><l id="157346" t="международный"><g v="ADJF"></g><g v="femn"></g><g v="sing"></g><g v="nomn"></g></l></v></tfr></token><token id="648631" text="команда"><tfr rev_id="1480741" t="команда"><v><l id="136706" t="команда"><g v="NOUN"></g><g v="inan"></g><g v="femn"></g><g v="sing"></g><g v="nomn"></g></l></v></tfr></token><token id="648632" text="исследователей"><tfr rev_id="4458962" t="исследователей"><v><l id="125801" t="исследователь"><g v="NOUN"></g><g v="anim"></g><g v="masc"></g><g v="plur"></g><g v="gent"></g></l></v></tfr></token><token id="648633" text="открыла"><tfr rev_id="1480743" t="открыла"><v><l id="214754" t="открыл"><g v="VERB"></g><g v="perf"></g><g v="tran"></g><g v="femn"></g><g v="sing"></g><g v="past"></g><g v="indc"></g></l></v></tfr></token><token id="648634" text="новый"><tfr rev_id="2782748" t="новый"><v><l id="191918" t="новый"><g v="ADJF"></g><g v="Qual"></g><g v="inan"></g><g v="masc"></g><g v="sing"></g><g v="accs"></g></l></v></tfr></token><token id="648635" text="класс"><tfr rev_id="1480745" t="класс"><v><l id="133889" t="класс"><g v="NOUN"></g><g v="inan"></g><g v="masc"></g><g v="sing"></g><g v="nomn"></g></l></v><v><l id="133889" t="класс"><g v="NOUN"></g><g v="inan"></g><g v="masc"></g><g v="sing"></g><g v="accs"></g></l></v></tfr></token><token id="648636" text="магнитных"><tfr rev_id="4163195" t="магнитных"><v><l id="152713" t="магнитный"><g v="ADJF"></g><g v="Qual"></g><g v="plur"></g><g v="gent"></g></l></v></tfr></token><token id="648637" text="супергалогенов"><tfr rev_id="1480747" t="супергалогенов"><v><l id="0" t="супергалогенов"><g v="UNKN"></g></l></v></tfr></token><token id="648638" text="—"><tfr rev_id="2445522" t="—"><v><l id="0" t="—"><g v="PNCT"></g></l></v></tfr></token><token id="648639" text="класса"><tfr rev_id="1480749" t="класса"><v><l id="133889" t="класс"><g v="NOUN"></g><g v="inan"></g><g v="masc"></g><g v="sing"></g><g v="gent"></g></l></v></tfr></token><token id="648640" text="атомных"><tfr rev_id="4400726" t="атомных"><v><l id="19606" t="атомный"><g v="ADJF"></g><g v="Qual"></g><g v="plur"></g><g v="gent"></g></l></v></tfr></token><token id="648641" text="кластеров"><tfr rev_id="1480751" t="кластеров"><v><l id="133937" t="кластер"><g v="NOUN"></g><g v="inan"></g><g v="masc"></g><g v="plur"></g><g v="gent"></g></l></v></tfr></token><token id="648642" text=","><tfr rev_id="1480752" t=","><v><l id="0" t=","><g v="PNCT"></g></l></v></tfr></token><token id="648643" text="являющихся"><tfr rev_id="1480753" t="являющихся"><v><l id="387387" t="являющийся"><g v="PRTF"></g><g v="impf"></g><g v="intr"></g><g v="pres"></g><g v="actv"></g><g v="plur"></g><g v="gent"></g></l></v><v><l id="387387" t="являющийся"><g v="PRTF"></g><g v="impf"></g><g v="intr"></g><g v="pres"></g><g v="actv"></g><g v="anim"></g><g v="plur"></g><g v="accs"></g></l></v><v><l id="387387" t="являющийся"><g v="PRTF"></g><g v="impf"></g><g v="intr"></g><g v="pres"></g><g v="actv"></g><g v="plur"></g><g v="loct"></g></l></v></tfr></token><token id="648644" text="необычно"><tfr rev_id="1480754" t="необычно"><v><l id="184864" t="необычно"><g v="ADVB"></g></l></v><v><l id="184868" t="необычен"><g v="ADJS"></g><g v="Qual"></g><g v="neut"></g><g v="sing"></g></l></v></tfr></token><token id="648645" text="стабильными"><tfr rev_id="1480755" t="стабильными"><v><l id="334297" t="стабильный"><g v="ADJF"></g><g v="Qual"></g><g v="plur"></g><g v="ablt"></g></l></v></tfr></token><token id="648646" text="при"><tfr rev_id="2634206" t="при"><v><l id="268625" t="при"><g v="PREP"></g></l></v></tfr></token><token id="648647" text="определённых"><tfr rev_id="1480757" t="определённых"><v><l id="207988" t="определённый"><g v="ADJF"></g><g v="Qual"></g><g v="plur"></g><g v="gent"></g></l></v><v><l id="207988" t="определённый"><g v="ADJF"></g><g v="Qual"></g><g v="anim"></g><g v="plur"></g><g v="accs"></g></l></v><v><l id="207988" t="определённый"><g v="ADJF"></g><g v="Qual"></g><g v="plur"></g><g v="loct"></g></l></v><v><l id="208005" t="определённый"><g v="PRTF"></g><g v="perf"></g><g v="tran"></g><g v="past"></g><g v="pssv"></g><g v="plur"></g><g v="gent"></g></l></v><v><l id="208005" t="определённый"><g v="PRTF"></g><g v="perf"></g><g v="tran"></g><g v="past"></g><g v="pssv"></g><g v="anim"></g><g v="plur"></g><g v="accs"></g></l></v><v><l id="208005" t="определённый"><g v="PRTF"></g><g v="perf"></g><g v="tran"></g><g v="past"></g><g v="pssv"></g><g v="plur"></g><g v="loct"></g></l></v></tfr></token><token id="648648" text="размере"><tfr rev_id="1480758" t="размере"><v><l id="295006" t="размер"><g v="NOUN"></g><g v="inan"></g><g v="masc"></g><g v="sing"></g><g v="loct"></g></l></v></tfr></token><token id="648649" text="и"><tfr rev_id="1480759" t="и"><v><l id="116949" t="и"><g v="CONJ"></g></l></v><v><l id="116950" t="и"><g v="INTJ"></g></l></v></tfr></token><token id="648650" text="составе"><tfr rev_id="1480760" t="составе"><v><l id="330479" t="состав"><g v="NOUN"></g><g v="inan"></g><g v="masc"></g><g v="sing"></g><g v="loct"></g></l></v></tfr></token><token id="648651" text="."><tfr rev_id="1480761" t="."><v><l id="0" t="."><g v="PNCT"></g></l></v></tfr></token></tokens></sentence><sentence id="36273"><source>Это открытие может позволить создать новый класс солей с магнитными и сверхокислительными свойствами, никогда ранее не встречавшимися.</source><tokens><token id="648652" text="Это"><tfr rev_id="4441685" t="Это"><v><l id="386574" t="это"><g v="PRCL"></g></l></v><v><l id="386575" t="это"><g v="NPRO"></g><g v="neut"></g><g v="sing"></g><g v="nomn"></g></l></v><v><l id="386575" t="это"><g v="NPRO"></g><g v="neut"></g><g v="sing"></g><g v="accs"></g></l></v><v><l id="386581" t="этот"><g v="ADJF"></g><g v="Subx"></g><g v="Apro"></g><g v="Anph"></g><g v="neut"></g><g v="sing"></g><g v="nomn"></g></l></v><v><l id="386581" t="этот"><g v="ADJF"></g><g v="Subx"></g><g v="Apro"></g><g v="Anph"></g><g v="neut"></g><g v="sing"></g><g v="accs"></g></l></v></tfr></token><token id="648653" text="открытие"><tfr rev_id="1480763" t="открытие"><v><l id="214745" t="открытие"><g v="NOUN"></g><g v="inan"></g><g v="neut"></g><g v="sing"></g><g v="nomn"></g></l></v><v><l id="214745" t="открытие"><g v="NOUN"></g><g v="inan"></g><g v="neut"></g><g v="sing"></g><g v="accs"></g></l></v></tfr></token><token id="648654" text="может"><tfr rev_id="4213703" t="может"><v><l id="164485" t="могу"><g v="VERB"></g><g v="impf"></g><g v="intr"></g><g v="sing"></g><g v="3per"></g><g v="pres"></g><g v="indc"></g></l></v></tfr></token><token id="648655" text="позволить"><tfr rev_id="1480765" t="позволить"><v><l id="253426" t="позволить"><g v="INFN"></g><g v="perf"></g><g v="tran"></g></l></v></tfr></token><token id="648656" text="создать"><tfr rev_id="1480766" t="создать"><v><l id="328586" t="создать"><g v="INFN"></g><g v="perf"></g><g v="tran"></g></l></v></tfr></token><token id="648657" text="новый"><tfr rev_id="1480767" t="новый"><v><l id="191918" t="новый"><g v="ADJF"></g><g v="Qual"></g><g v="masc"></g><g v="sing"></g><g v="nomn"></g></l></v><v><l id="191918" t="новый"><g v="ADJF"></g><g v="Qual"></g><g v="inan"></g><g v="masc"></g><g v="sing"></g><g v="accs"></g></l></v></tfr></token><token id="648658" text="класс"><tfr rev_id="1480768" t="класс"><v><l id="133889" t="класс"><g v="NOUN"></g><g v="inan"></g><g v="masc"></g><g v="sing"></g><g v="nomn"></g></l></v><v><l id="133889" t="класс"><g v="NOUN"></g><g v="inan"></g><g v="masc"></g><g v="sing"></g><g v="accs"></g></l></v></tfr></token><token id="648659" text="солей"><tfr rev_id="1480769" t="солей"><v><l id="328971" t="солея"><g v="NOUN"></g><g v="inan"></g><g v="femn"></g><g v="plur"></g><g v="gent"></g></l></v><v><l id="329277" t="соль"><g v="NOUN"></g><g v="inan"></g><g v="femn"></g><g v="plur"></g><g v="gent"></g></l></v></tfr></token><token id="648660" text="с"><tfr rev_id="1480770" t="с"><v><l id="311151" t="с"><g v="PREP"></g></l></v></tfr></token><token id="648661" text="магнитными"><tfr rev_id="1480771" t="магнитными"><v><l id="152713" t="магнитный"><g v="ADJF"></g><g v="Qual"></g><g v="plur"></g><g v="ablt"></g></l></v></tfr></token><token id="648662" text="и"><tfr rev_id="1480772" t="и"><v><l id="116949" t="и"><g v="CONJ"></g></l></v><v><l id="116950" t="и"><g v="INTJ"></g></l></v></tfr></token><token id="648663" text="сверхокислительными"><tfr rev_id="1480773" t="сверхокислительными"><v><l id="0" t="сверхокислительными"><g v="UNKN"></g></l></v></tfr></token><token id="648664" text="свойствами"><tfr rev_id="1480774" t="свойствами"><v><l id="316394" t="свойство"><g v="NOUN"></g><g v="inan"></g><g v="neut"></g><g v="plur"></g><g v="ablt"></g></l></v></tfr></token><token id="648665" text=","><tfr rev_id="1480775" t=","><v><l id="0" t=","><g v="PNCT"></g></l></v></tfr></token><token id="648666" text="никогда"><tfr rev_id="1480776" t="никогда"><v><l id="190941" t="никогда"><g v="ADVB"></g></l></v></tfr></token><token id="648667" text="ранее"><tfr rev_id="1480777" t="ранее"><v><l id="297884" t="ранее"><g v="ADVB"></g></l></v></tfr></token><token id="648668" text="не"><tfr rev_id="1480778" t="не"><v><l id="178876" t="не"><g v="PRCL"></g></l></v></tfr></token><token id="648669" text="встречавшимися"><tfr rev_id="1480779" t="встречавшимися"><v><l id="54542" t="встречавшийся"><g v="PRTF"></g><g v="impf"></g><g v="intr"></g><g v="past"></g><g v="actv"></g><g v="plur"></g><g v="ablt"></g></l></v></tfr></token><token id="648670" text="."><tfr rev_id="1480780" t="."><v><l id="0" t="."><g v="PNCT"></g></l></v></tfr></token></tokens></sentence></paragraph><paragraph id="11539"><sentence id="36274"><source>Открытие, опубликованное 10 февраля в международном химическом журнале Angewandte Chemie International Edition, основывается на теоретической работе, выполненной сотрудниками Университета содружества Вирджинии, Луизианского университета имени Макниза и Пекинского университета, и экспериментальной работе, проделанной в Университете Джона Хопкинса.</source><tokens><token id="648671" text="Открытие"><tfr rev_id="4233255" t="Открытие"><v><l id="214745" t="открытие"><g v="NOUN"></g><g v="inan"></g><g v="neut"></g><g v="sing"></g><g v="nomn"></g></l></v></tfr></token><token id="648672" text=","><tfr rev_id="1480782" t=","><v><l id="0" t=","><g v="PNCT"></g></l></v></tfr></token><token id="648673" text="опубликованное"><tfr rev_id="1480783" t="опубликованное"><v><l id="208372" t="опубликованный"><g v="PRTF"></g><g v="perf"></g><g v="tran"></g><g v="past"></g><g v="pssv"></g><g v="neut"></g><g v="sing"></g><g v="nomn"></g></l></v><v><l id="208372" t="опубликованный"><g v="PRTF"></g><g v="perf"></g><g v="tran"></g><g v="past"></g><g v="pssv"></g><g v="neut"></g><g v="sing"></g><g v="accs"></g></l></v></tfr></token><token id="648674" text="10"><tfr rev_id="2462202" t="10"><v><l id="0" t="10"><g v="NUMB"></g></l></v></tfr></token><token id="648675" text="февраля"><tfr rev_id="1480785" t="февраля"><v><l id="364920" t="февраль"><g v="NOUN"></g><g v="inan"></g><g v="masc"></g><g v="sing"></g><g v="gent"></g></l></v></tfr></token><token id="648676" text="в"><tfr rev_id="1480786" t="в"><v><l id="37409" t="в"><g v="PREP"></g></l></v></tfr></token><token id="648677" text="международном"><tfr rev_id="3453810" t="международном"><v><l id="157346" t="международный"><g v="ADJF"></g><g v="masc"></g><g v="sing"></g><g v="loct"></g></l></v></tfr></token><token id="648678" text="химическом"><tfr rev_id="3454488" t="химическом"><v><l id="370201" t="химический"><g v="ADJF"></g><g v="masc"></g><g v="sing"></g><g v="loct"></g></l></v></tfr></token><token id="648679" text="журнале"><tfr rev_id="1480789" t="журнале"><v><l id="97972" t="журнал"><g v="NOUN"></g><g v="inan"></g><g v="masc"></g><g v="sing"></g><g v="loct"></g></l></v></tfr></token><token id="648680" text="Angewandte"><tfr rev_id="2475048" t="Angewandte"><v><l id="0" t="Angewandte"><g v="LATN"></g></l></v></tfr></token><token id="648681" text="Chemie"><tfr rev_id="2475049" t="Chemie"><v><l id="0" t="Chemie"><g v="LATN"></g></l></v></tfr></token><token id="648682" text="International"><tfr rev_id="2475050" t="International"><v><l id="0" t="International"><g v="LATN"></g></l></v></tfr></token><token id="648683" text="Edition"><tfr rev_id="2475051" t="Edition"><v><l id="0" t="Edition"><g v="LATN"></g></l></v></tfr></token><token id="648684" text=","><tfr rev_id="1480794" t=","><v><l id="0" t=","><g v="PNCT"></g></l></v></tfr></token><token id="648685" text="основывается"><tfr rev_id="1480795" t="основывается"><v><l id="210619" t="основываюсь"><g v="VERB"></g><g v="impf"></g><g v="intr"></g><g v="sing"></g><g v="3per"></g><g v="pres"></g><g v="indc"></g></l></v></tfr></token><token id="648686" text="на"><tfr rev_id="3345919" t="на"><v><l id="166264" t="на"><g v="PREP"></g></l></v></tfr></token><token id="648687" text="теоретической"><tfr rev_id="4095012" t="теоретической"><v><l id="344840" t="теоретический"><g v="ADJF"></g><g v="femn"></g><g v="sing"></g><g v="loct"></g></l></v></tfr></token><token id="648688" text="работе"><tfr rev_id="3550894" t="работе"><v><l id="290501" t="работа"><g v="NOUN"></g><g v="inan"></g><g v="femn"></g><g v="sing"></g><g v="loct"></g></l></v></tfr></token><token id="648689" text=","><tfr rev_id="1480799" t=","><v><l id="0" t=","><g v="PNCT"></g></l></v></tfr></token><token id="648690" text="выполненной"><tfr rev_id="3445817" t="выполненной"><v><l id="60628" t="выполненный"><g v="PRTF"></g><g v="perf"></g><g v="tran"></g><g v="past"></g><g v="pssv"></g><g v="femn"></g><g v="sing"></g><g v="loct"></g></l></v></tfr></token><token id="648691" text="сотрудниками"><tfr rev_id="1480801" t="сотрудниками"><v><l id="330867" t="сотрудник"><g v="NOUN"></g><g v="anim"></g><g v="masc"></g><g v="plur"></g><g v="ablt"></g></l></v></tfr></token><token id="648692" text="Университета"><tfr rev_id="1480802" t="Университета"><v><l id="358281" t="университет"><g v="NOUN"></g><g v="inan"></g><g v="masc"></g><g v="sing"></g><g v="gent"></g></l></v></tfr></token><token id="648693" text="содружества"><tfr rev_id="3483913" t="содружества"><v><l id="328475" t="содружество"><g v="NOUN"></g><g v="inan"></g><g v="neut"></g><g v="sing"></g><g v="gent"></g></l></v></tfr></token><token id="648694" text="Вирджинии"><tfr rev_id="4277602" t="Вирджинии"><v><l id="45446" t="вирджиния"><g v="NOUN"></g><g v="anim"></g><g v="femn"></g><g v="Name"></g><g v="sing"></g><g v="gent"></g></l></v></tfr></token><token id="648695" text=","><tfr rev_id="1480805" t=","><v><l id="0" t=","><g v="PNCT"></g></l></v></tfr></token><token id="648696" text="Луизианского"><tfr rev_id="4164143" t="Луизианского"><v><l id="151369" t="луизианский"><g v="ADJF"></g><g v="masc"></g><g v="sing"></g><g v="gent"></g></l></v><v><l id="151369" t="луизианский"><g v="ADJF"></g><g v="anim"></g><g v="masc"></g><g v="sing"></g><g v="accs"></g></l></v></tfr></token><token id="648697" text="университета"><tfr rev_id="1480807" t="университета"><v><l id="358281" t="университет"><g v="NOUN"></g><g v="inan"></g><g v="masc"></g><g v="sing"></g><g v="gent"></g></l></v></tfr></token><token id="648698" text="имени"><tfr rev_id="2934918" t="имени"><v><l id="121947" t="имя"><g v="NOUN"></g><g v="inan"></g><g v="neut"></g><g v="sing"></g><g v="gent"></g></l></v></tfr></token><token id="648699" text="Макниза"><tfr rev_id="1480809" t="Макниза"><v><l id="0" t="макниза"><g v="UNKN"></g></l></v></tfr></token><token id="648700" text="и"><tfr rev_id="1480810" t="и"><v><l id="116949" t="и"><g v="CONJ"></g></l></v><v><l id="116950" t="и"><g v="INTJ"></g></l></v></tfr></token><token id="648701" text="Пекинского"><tfr rev_id="4205157" t="Пекинского"><v><l id="225750" t="пекинский"><g v="ADJF"></g><g v="masc"></g><g v="sing"></g><g v="gent"></g></l></v><v><l id="225750" t="пекинский"><g v="ADJF"></g><g v="anim"></g><g v="masc"></g><g v="sing"></g><g v="accs"></g></l></v></tfr></token><token id="648702" text="университета"><tfr rev_id="1480812" t="университета"><v><l id="358281" t="университет"><g v="NOUN"></g><g v="inan"></g><g v="masc"></g><g v="sing"></g><g v="gent"></g></l></v></tfr></token><token id="648703" text=","><tfr rev_id="1480813" t=","><v><l id="0" t=","><g v="PNCT"></g></l></v></tfr></token><token id="648704" text="и"><tfr rev_id="1480814" t="и"><v><l id="116949" t="и"><g v="CONJ"></g></l></v><v><l id="116950" t="и"><g v="INTJ"></g></l></v></tfr></token><token id="648705" text="экспериментальной"><tfr rev_id="4296851" t="экспериментальной"><v><l id="383571" t="экспериментальный"><g v="ADJF"></g><g v="femn"></g><g v="sing"></g><g v="loct"></g></l></v></tfr></token><token id="648706" text="работе"><tfr rev_id="3226281" t="работе"><v><l id="290501" t="работа"><g v="NOUN"></g><g v="inan"></g><g v="femn"></g><g v="sing"></g><g v="loct"></g></l></v></tfr></token><token id="648707" text=","><tfr rev_id="1480817" t=","><v><l id="0" t=","><g v="PNCT"></g></l></v></tfr></token><token id="648708" text="проделанной"><tfr rev_id="3419388" t="проделанной"><v><l id="279050" t="проделанный"><g v="PRTF"></g><g v="perf"></g><g v="tran"></g><g v="past"></g><g v="pssv"></g><g v="femn"></g><g v="sing"></g><g v="loct"></g></l></v></tfr></token><token id="648709" text="в"><tfr rev_id="1480819" t="в"><v><l id="37409" t="в"><g v="PREP"></g></l></v></tfr></token><token id="648710" text="Университете"><tfr rev_id="1480820" t="Университете"><v><l id="358281" t="университет"><g v="NOUN"></g><g v="inan"></g><g v="masc"></g><g v="sing"></g><g v="loct"></g></l></v></tfr></token><token id="648711" text="Джона"><tfr rev_id="3542776" t="Джона"><v><l id="83062" t="джон"><g v="NOUN"></g><g v="anim"></g><g v="masc"></g><g v="Name"></g><g v="sing"></g><g v="gent"></g></l></v></tfr></token><token id="648712" text="Хопкинса"><tfr rev_id="1480822" t="Хопкинса"><v><l id="0" t="хопкинса"><g v="UNKN"></g></l></v></tfr></token><token id="648713" text="."><tfr rev_id="1480823" t="."><v><l id="0" t="."><g v="PNCT"></g></l></v></tfr></token></tokens></sentence></paragraph><paragraph id="11540"><sentence id="36275"><source>В отличии от обычных супергалогенов, представляющих собой атом металла, окружённый галогенными атомами, магнитные супергалогены, обнаруженные в данной работе, состоят из стехиометрических металл-галогенных функциональных групп с присоединённым галогеном.</source><tokens><token id="648714" text="В"><tfr rev_id="1480824" t="В"><v><l id="37409" t="в"><g v="PREP"></g></l></v></tfr></token><token id="648715" text="отличии"><tfr rev_id="1480825" t="отличии"><v><l id="215156" t="отличие"><g v="NOUN"></g><g v="inan"></g><g v="neut"></g><g v="sing"></g><g v="loct"></g></l></v></tfr></token><token id="648716" text="от"><tfr rev_id="1480826" t="от"><v><l id="211644" t="от"><g v="PREP"></g></l></v></tfr></token><token id="648717" text="обычных"><tfr rev_id="3532521" t="обычных"><v><l id="202049" t="обычный"><g v="ADJF"></g><g v="Qual"></g><g v="plur"></g><g v="gent"></g></l></v></tfr></token><token id="648718" text="супергалогенов"><tfr rev_id="1480828" t="супергалогенов"><v><l id="0" t="супергалогенов"><g v="UNKN"></g></l></v></tfr></token><token id="648719" text=","><tfr rev_id="1480829" t=","><v><l id="0" t=","><g v="PNCT"></g></l></v></tfr></token><token id="648720" text="представляющих"><tfr rev_id="1480830" t="представляющих"><v><l id="267114" t="представляющий"><g v="PRTF"></g><g v="impf"></g><g v="tran"></g><g v="pres"></g><g v="actv"></g><g v="plur"></g><g v="gent"></g></l></v><v><l id="267114" t="представляющий"><g v="PRTF"></g><g v="impf"></g><g v="tran"></g><g v="pres"></g><g v="actv"></g><g v="anim"></g><g v="plur"></g><g v="accs"></g></l></v><v><l id="267114" t="представляющий"><g v="PRTF"></g><g v="impf"></g><g v="tran"></g><g v="pres"></g><g v="actv"></g><g v="plur"></g><g v="loct"></g></l></v></tfr></token><token id="648721" text="собой"><tfr rev_id="3636389" t="собой"><v><l id="317456" t="себя"><g v="NPRO"></g><g v="Anph"></g><g v="sing"></g><g v="ablt"></g></l></v></tfr></token><token id="648722" text="атом"><tfr rev_id="3531293" t="атом"><v><l id="19587" t="атом"><g v="NOUN"></g><g v="inan"></g><g v="masc"></g><g v="sing"></g><g v="accs"></g></l></v></tfr></token><token id="648723" text="металла"><tfr rev_id="1480833" t="металла"><v><l id="158887" t="металл"><g v="NOUN"></g><g v="inan"></g><g v="masc"></g><g v="sing"></g><g v="gent"></g></l></v></tfr></token><token id="648724" text=","><tfr rev_id="1480834" t=","><v><l id="0" t=","><g v="PNCT"></g></l></v></tfr></token><token id="648725" text="окружённый"><tfr rev_id="1480835" t="окружённый"><v><l id="205541" t="окружённый"><g v="PRTF"></g><g v="perf"></g><g v="tran"></g><g v="past"></g><g v="pssv"></g><g v="masc"></g><g v="sing"></g><g v="nomn"></g></l></v><v><l id="205541" t="окружённый"><g v="PRTF"></g><g v="perf"></g><g v="tran"></g><g v="past"></g><g v="pssv"></g><g v="inan"></g><g v="masc"></g><g v="sing"></g><g v="accs"></g></l></v></tfr></token><token id="648726" text="галогенными"><tfr rev_id="1480836" t="галогенными"><v><l id="66627" t="галогенный"><g v="ADJF"></g><g v="Qual"></g><g v="plur"></g><g v="ablt"></g></l></v></tfr></token><token id="648727" text="атомами"><tfr rev_id="1480837" t="атомами"><v><l id="19587" t="атом"><g v="NOUN"></g><g v="inan"></g><g v="masc"></g><g v="plur"></g><g v="ablt"></g></l></v></tfr></token><token id="648728" text=","><tfr rev_id="1480838" t=","><v><l id="0" t=","><g v="PNCT"></g></l></v></tfr></token><token id="648729" text="магнитные"><tfr rev_id="3764186" t="магнитные"><v><l id="152713" t="магнитный"><g v="ADJF"></g><g v="Qual"></g><g v="plur"></g><g v="nomn"></g></l></v></tfr></token><token id="648730" text="супергалогены"><tfr rev_id="1480840" t="супергалогены"><v><l id="0" t="супергалогены"><g v="UNKN"></g></l></v></tfr></token><token id="648731" text=","><tfr rev_id="1480841" t=","><v><l id="0" t=","><g v="PNCT"></g></l></v></tfr></token><token id="648732" text="обнаруженные"><tfr rev_id="1480842" t="обнаруженные"><v><l id="197782" t="обнаруженный"><g v="PRTF"></g><g v="perf"></g><g v="tran"></g><g v="past"></g><g v="pssv"></g><g v="plur"></g><g v="nomn"></g></l></v><v><l id="197782" t="обнаруженный"><g v="PRTF"></g><g v="perf"></g><g v="tran"></g><g v="past"></g><g v="pssv"></g><g v="inan"></g><g v="plur"></g><g v="accs"></g></l></v></tfr></token><token id="648733" text="в"><tfr rev_id="1480843" t="в"><v><l id="37409" t="в"><g v="PREP"></g></l></v></tfr></token><token id="648734" text="данной"><tfr rev_id="4502228" t="данной"><v><l id="78303" t="данный"><g v="ADJF"></g><g v="Apro"></g><g v="femn"></g><g v="sing"></g><g v="gent"></g></l></v><v><l id="78303" t="данный"><g v="ADJF"></g><g v="Apro"></g><g v="femn"></g><g v="sing"></g><g v="datv"></g></l></v><v><l id="78303" t="данный"><g v="ADJF"></g><g v="Apro"></g><g v="femn"></g><g v="sing"></g><g v="ablt"></g></l></v><v><l id="78303" t="данный"><g v="ADJF"></g><g v="Apro"></g><g v="femn"></g><g v="sing"></g><g v="loct"></g></l></v></tfr></token><token id="648735" text="работе"><tfr rev_id="3556334" t="работе"><v><l id="290501" t="работа"><g v="NOUN"></g><g v="inan"></g><g v="femn"></g><g v="sing"></g><g v="loct"></g></l></v></tfr></token><token id="648736" text=","><tfr rev_id="1480846" t=","><v><l id="0" t=","><g v="PNCT"></g></l></v></tfr></token><token id="648737" text="состоят"><tfr rev_id="1480847" t="состоят"><v><l id="330563" t="состою"><g v="VERB"></g><g v="impf"></g><g v="intr"></g><g v="plur"></g><g v="3per"></g><g v="pres"></g><g v="indc"></g></l></v></tfr></token><token id="648738" text="из"><tfr rev_id="1671386" t="из"><v><l id="117677" t="из"><g v="PREP"></g></l></v></tfr></token><token id="648739" text="стехиометрических"><tfr rev_id="3666682" t="стехиометрических"><v><l id="336089" t="стехиометрический"><g v="ADJF"></g><g v="plur"></g><g v="gent"></g></l></v></tfr></token><token id="648740" text="металл-галогенных"><tfr rev_id="1480850" t="металл-галогенных"><v><l id="0" t="металл-галогенных"><g v="UNKN"></g></l></v></tfr></token><token id="648741" text="функциональных"><tfr rev_id="4355918" t="функциональных"><v><l id="368666" t="функциональный"><g v="ADJF"></g><g v="Qual"></g><g v="plur"></g><g v="gent"></g></l></v></tfr></token><token id="648742" text="групп"><tfr rev_id="1480852" t="групп"><v><l id="76092" t="группа"><g v="NOUN"></g><g v="inan"></g><g v="femn"></g><g v="plur"></g><g v="gent"></g></l></v></tfr></token><token id="648743" text="с"><tfr rev_id="1480853" t="с"><v><l id="311151" t="с"><g v="PREP"></g></l></v></tfr></token><token id="648744" text="присоединённым"><tfr rev_id="4360236" t="присоединённым"><v><l id="274431" t="присоединённый"><g v="PRTF"></g><g v="perf"></g><g v="tran"></g><g v="past"></g><g v="pssv"></g><g v="masc"></g><g v="sing"></g><g v="ablt"></g></l></v></tfr></token><token id="648745" text="галогеном"><tfr rev_id="1480855" t="галогеном"><v><l id="66621" t="галоген"><g v="NOUN"></g><g v="inan"></g><g v="masc"></g><g v="sing"></g><g v="ablt"></g></l></v></tfr></token><token id="648746" text="."><tfr rev_id="1480856" t="."><v><l id="0" t="."><g v="PNCT"></g></l></v></tfr></token></tokens></sentence></paragraph><paragraph id="11541"><sentence id="36276"><source>Новые химические вещества, известные как магнитные супергалогены, похожи по своим свойствам на простые галогены, представляющие собой класс химических элементов, проявляющих выраженные окислительные свойства (в этот класс входят, например, иод, бром, фтор, хлор).</source><tokens><token id="648747" text="Новые"><tfr rev_id="4154242" t="Новые"><v><l id="191918" t="новый"><g v="ADJF"></g><g v="Qual"></g><g v="plur"></g><g v="nomn"></g></l></v><v><l id="191918" t="новый"><g v="ADJF"></g><g v="Qual"></g><g v="inan"></g><g v="plur"></g><g v="accs"></g></l></v></tfr></token><token id="648748" text="химические"><tfr rev_id="3767431" t="химические"><v><l id="370201" t="химический"><g v="ADJF"></g><g v="plur"></g><g v="nomn"></g></l></v></tfr></token><token id="648749" text="вещества"><tfr rev_id="3768602" t="вещества"><v><l id="42497" t="вещество"><g v="NOUN"></g><g v="inan"></g><g v="neut"></g><g v="plur"></g><g v="nomn"></g></l></v></tfr></token><token id="648750" text=","><tfr rev_id="1480860" t=","><v><l id="0" t=","><g v="PNCT"></g></l></v></tfr></token><token id="648751" text="известные"><tfr rev_id="3748425" t="известные"><v><l id="118144" t="известный"><g v="ADJF"></g><g v="Qual"></g><g v="plur"></g><g v="nomn"></g></l></v></tfr></token><token id="648752" text="как"><tfr rev_id="1480862" t="как"><v><l id="128190" t="как"><g v="CONJ"></g></l></v><v><l id="128191" t="как"><g v="PRCL"></g></l></v><v><l id="128192" t="как"><g v="ADVB"></g><g v="Ques"></g></l></v></tfr></token><token id="648753" text="магнитные"><tfr rev_id="4084272" t="магнитные"><v><l id="152713" t="магнитный"><g v="ADJF"></g><g v="Qual"></g><g v="plur"></g><g v="nomn"></g></l></v></tfr></token><token id="648754" text="супергалогены"><tfr rev_id="1480864" t="супергалогены"><v><l id="0" t="супергалогены"><g v="UNKN"></g></l></v></tfr></token><token id="648755" text=","><tfr rev_id="1480865" t=","><v><l id="0" t=","><g v="PNCT"></g></l></v></tfr></token><token id="648756" text="похожи"><tfr rev_id="1480866" t="похожи"><v><l id="264399" t="похож"><g v="ADJS"></g><g v="Qual"></g><g v="plur"></g></l></v></tfr></token><token id="648757" text="по"><tfr rev_id="1480867" t="по"><v><l id="241240" t="по"><g v="PREP"></g></l></v></tfr></token><token id="648758" text="своим"><tfr rev_id="3668263" t="своим"><v><l id="316379" t="свой"><g v="ADJF"></g><g v="Apro"></g><g v="Anph"></g><g v="plur"></g><g v="datv"></g></l></v></tfr></token><token id="648759" text="свойствам"><tfr rev_id="1480869" t="свойствам"><v><l id="316394" t="свойство"><g v="NOUN"></g><g v="inan"></g><g v="neut"></g><g v="plur"></g><g v="datv"></g></l></v></tfr></token><token id="648760" text="на"><tfr rev_id="3333631" t="на"><v><l id="166264" t="на"><g v="PREP"></g></l></v></tfr></token><token id="648761" text="простые"><tfr rev_id="3474482" t="простые"><v><l id="285047" t="простой"><g v="ADJF"></g><g v="Qual"></g><g v="inan"></g><g v="plur"></g><g v="accs"></g></l></v></tfr></token><token id="648762" text="галогены"><tfr rev_id="3727992" t="галогены"><v><l id="66621" t="галоген"><g v="NOUN"></g><g v="inan"></g><g v="masc"></g><g v="plur"></g><g v="accs"></g></l></v></tfr></token><token id="648763" text=","><tfr rev_id="1480873" t=","><v><l id="0" t=","><g v="PNCT"></g></l></v></tfr></token><token id="648764" text="представляющие"><tfr rev_id="1480874" t="представляющие"><v><l id="267114" t="представляющий"><g v="PRTF"></g><g v="impf"></g><g v="tran"></g><g v="pres"></g><g v="actv"></g><g v="plur"></g><g v="nomn"></g></l></v><v><l id="267114" t="представляющий"><g v="PRTF"></g><g v="impf"></g><g v="tran"></g><g v="pres"></g><g v="actv"></g><g v="inan"></g><g v="plur"></g><g v="accs"></g></l></v></tfr></token><token id="648765" text="собой"><tfr rev_id="3636390" t="собой"><v><l id="317456" t="себя"><g v="NPRO"></g><g v="Anph"></g><g v="sing"></g><g v="ablt"></g></l></v></tfr></token><token id="648766" text="класс"><tfr rev_id="1480876" t="класс"><v><l id="133889" t="класс"><g v="NOUN"></g><g v="inan"></g><g v="masc"></g><g v="sing"></g><g v="nomn"></g></l></v><v><l id="133889" t="класс"><g v="NOUN"></g><g v="inan"></g><g v="masc"></g><g v="sing"></g><g v="accs"></g></l></v></tfr></token><token id="648767" text="химических"><tfr rev_id="4420576" t="химических"><v><l id="370201" t="химический"><g v="ADJF"></g><g v="plur"></g><g v="gent"></g></l></v></tfr></token><token id="648768" text="элементов"><tfr rev_id="1480878" t="элементов"><v><l id="384688" t="элемент"><g v="NOUN"></g><g v="inan"></g><g v="masc"></g><g v="plur"></g><g v="gent"></g></l></v></tfr></token><token id="648769" text=","><tfr rev_id="1480879" t=","><v><l id="0" t=","><g v="PNCT"></g></l></v></tfr></token><token id="648770" text="проявляющих"><tfr rev_id="1480880" t="проявляющих"><v><l id="287964" t="проявляющий"><g v="PRTF"></g><g v="impf"></g><g v="tran"></g><g v="pres"></g><g v="actv"></g><g v="plur"></g><g v="gent"></g></l></v><v><l id="287964" t="проявляющий"><g v="PRTF"></g><g v="impf"></g><g v="tran"></g><g v="pres"></g><g v="actv"></g><g v="anim"></g><g v="plur"></g><g v="accs"></g></l></v><v><l id="287964" t="проявляющий"><g v="PRTF"></g><g v="impf"></g><g v="tran"></g><g v="pres"></g><g v="actv"></g><g v="plur"></g><g v="loct"></g></l></v></tfr></token><token id="648771" text="выраженные"><tfr rev_id="1480881" t="выраженные"><v><l id="61199" t="выраженный"><g v="ADJF"></g><g v="plur"></g><g v="nomn"></g></l></v><v><l id="61199" t="выраженный"><g v="ADJF"></g><g v="inan"></g><g v="plur"></g><g v="accs"></g></l></v><v><l id="61214" t="выраженный"><g v="PRTF"></g><g v="perf"></g><g v="tran"></g><g v="past"></g><g v="pssv"></g><g v="plur"></g><g v="nomn"></g></l></v><v><l id="61214" t="выраженный"><g v="PRTF"></g><g v="perf"></g><g v="tran"></g><g v="past"></g><g v="pssv"></g><g v="inan"></g><g v="plur"></g><g v="accs"></g></l></v></tfr></token><token id="648772" text="окислительные"><tfr rev_id="3861508" t="окислительные"><v><l id="204743" t="окислительный"><g v="ADJF"></g><g v="inan"></g><g v="plur"></g><g v="accs"></g></l></v></tfr></token><token id="648773" text="свойства"><tfr rev_id="3793834" t="свойства"><v><l id="316394" t="свойство"><g v="NOUN"></g><g v="inan"></g><g v="neut"></g><g v="plur"></g><g v="accs"></g></l></v></tfr></token><token id="648774" text="("><tfr rev_id="1480884" t="("><v><l id="0" t="("><g v="PNCT"></g></l></v></tfr></token><token id="648775" text="в"><tfr rev_id="1480885" t="в"><v><l id="37409" t="в"><g v="PREP"></g></l></v></tfr></token><token id="648776" text="этот"><tfr rev_id="4432123" t="этот"><v><l id="386581" t="этот"><g v="ADJF"></g><g v="Subx"></g><g v="Apro"></g><g v="Anph"></g><g v="masc"></g><g v="sing"></g><g v="nomn"></g></l></v><v><l id="386581" t="этот"><g v="ADJF"></g><g v="Subx"></g><g v="Apro"></g><g v="Anph"></g><g v="inan"></g><g v="masc"></g><g v="sing"></g><g v="accs"></g></l></v></tfr></token><token id="648777" text="класс"><tfr rev_id="1480887" t="класс"><v><l id="133889" t="класс"><g v="NOUN"></g><g v="inan"></g><g v="masc"></g><g v="sing"></g><g v="nomn"></g></l></v><v><l id="133889" t="класс"><g v="NOUN"></g><g v="inan"></g><g v="masc"></g><g v="sing"></g><g v="accs"></g></l></v></tfr></token><token id="648778" text="входят"><tfr rev_id="1480888" t="входят"><v><l id="55354" t="вхожу"><g v="VERB"></g><g v="impf"></g><g v="intr"></g><g v="plur"></g><g v="3per"></g><g v="pres"></g><g v="indc"></g></l></v></tfr></token><token id="648779" text=","><tfr rev_id="1480889" t=","><v><l id="0" t=","><g v="PNCT"></g></l></v></tfr></token><token id="648780" text="например"><tfr rev_id="1480890" t="например"><v><l id="174036" t="например"><g v="CONJ"></g><g v="Prnt"></g></l></v></tfr></token><token id="648781" text=","><tfr rev_id="1480891" t=","><v><l id="0" t=","><g v="PNCT"></g></l></v></tfr></token><token id="648782" text="иод"><tfr rev_id="4106971" t="иод"><v><l id="123690" t="иод"><g v="NOUN"></g><g v="inan"></g><g v="masc"></g><g v="sing"></g><g v="nomn"></g></l></v></tfr></token><token id="648783" text=","><tfr rev_id="1480893" t=","><v><l id="0" t=","><g v="PNCT"></g></l></v></tfr></token><token id="648784" text="бром"><tfr rev_id="4096314" t="бром"><v><l id="34150" t="бром"><g v="NOUN"></g><g v="inan"></g><g v="masc"></g><g v="sing"></g><g v="nomn"></g></l></v></tfr></token><token id="648785" text=","><tfr rev_id="1480895" t=","><v><l id="0" t=","><g v="PNCT"></g></l></v></tfr></token><token id="648786" text="фтор"><tfr rev_id="3506430" t="фтор"><v><l id="368429" t="фтор"><g v="NOUN"></g><g v="inan"></g><g v="masc"></g><g v="sing"></g><g v="nomn"></g></l></v></tfr></token><token id="648787" text=","><tfr rev_id="1480897" t=","><v><l id="0" t=","><g v="PNCT"></g></l></v></tfr></token><token id="648788" text="хлор"><tfr rev_id="3498824" t="хлор"><v><l id="370733" t="хлор"><g v="NOUN"></g><g v="inan"></g><g v="masc"></g><g v="sing"></g><g v="nomn"></g></l></v><v><l id="370733" t="хлор"><g v="NOUN"></g><g v="inan"></g><g v="masc"></g><g v="sing"></g><g v="accs"></g></l></v></tfr></token><token id="648789" text=")"><tfr rev_id="1480899" t=")"><v><l id="0" t=")"><g v="PNCT"></g></l></v></tfr></token><token id="648790" text="."><tfr rev_id="1480900" t="."><v><l id="0" t="."><g v="PNCT"></g></l></v></tfr></token></tokens></sentence><sentence id="36277"><source>Название «галоген» означает «образующий соль», поскольку каждый из перечисленных выше элементов является основой для создания той или иной соли.</source><tokens><token id="648791" text="Название"><tfr rev_id="3689127" t="Название"><v><l id="170336" t="название"><g v="NOUN"></g><g v="inan"></g><g v="neut"></g><g v="sing"></g><g v="nomn"></g></l></v></tfr></token><token id="648792" text="«"><tfr rev_id="2445523" t="«"><v><l id="0" t="«"><g v="PNCT"></g></l></v></tfr></token><token id="648793" text="галоген"><tfr rev_id="3301284" t="галоген"><v><l id="66621" t="галоген"><g v="NOUN"></g><g v="inan"></g><g v="masc"></g><g v="sing"></g><g v="nomn"></g></l></v></tfr></token><token id="648794" text="»"><tfr rev_id="2445524" t="»"><v><l id="0" t="»"><g v="PNCT"></g></l></v></tfr></token><token id="648795" text="означает"><tfr rev_id="1480905" t="означает"><v><l id="204299" t="означаю"><g v="VERB"></g><g v="impf"></g><g v="tran"></g><g v="sing"></g><g v="3per"></g><g v="pres"></g><g v="indc"></g></l></v></tfr></token><token id="648796" text="«"><tfr rev_id="2445525" t="«"><v><l id="0" t="«"><g v="PNCT"></g></l></v></tfr></token><token id="648797" text="образующий"><tfr rev_id="1480907" t="образующий"><v><l id="198814" t="образующий"><g v="PRTF"></g><g v="impf"></g><g v="tran"></g><g v="pres"></g><g v="actv"></g><g v="masc"></g><g v="sing"></g><g v="nomn"></g></l></v><v><l id="198814" t="образующий"><g v="PRTF"></g><g v="impf"></g><g v="tran"></g><g v="pres"></g><g v="actv"></g><g v="inan"></g><g v="masc"></g><g v="sing"></g><g v="accs"></g></l></v></tfr></token><token id="648798" text="соль"><tfr rev_id="4555640" t="соль"><v><l id="329277" t="соль"><g v="NOUN"></g><g v="inan"></g><g v="femn"></g><g v="sing"></g><g v="accs"></g></l></v></tfr></token><token id="648799" text="»"><tfr rev_id="2445526" t="»"><v><l id="0" t="»"><g v="PNCT"></g></l></v></tfr></token><token id="648800" text=","><tfr rev_id="1480910" t=","><v><l id="0" t=","><g v="PNCT"></g></l></v></tfr></token><token id="648801" text="поскольку"><tfr rev_id="1480911" t="поскольку"><v><l id="261429" t="поскольку"><g v="CONJ"></g></l></v></tfr></token><token id="648802" text="каждый"><tfr rev_id="4429585" t="каждый"><v><l id="127875" t="каждый"><g v="ADJF"></g><g v="Subx"></g><g v="Apro"></g><g v="masc"></g><g v="sing"></g><g v="nomn"></g></l></v><v><l id="127875" t="каждый"><g v="ADJF"></g><g v="Subx"></g><g v="Apro"></g><g v="inan"></g><g v="masc"></g><g v="sing"></g><g v="accs"></g></l></v></tfr></token><token id="648803" text="из"><tfr rev_id="2603287" t="из"><v><l id="117677" t="из"><g v="PREP"></g></l></v></tfr></token><token id="648804" text="перечисленных"><tfr rev_id="1480914" t="перечисленных"><v><l id="236688" t="перечисленный"><g v="ADJF"></g><g v="Qual"></g><g v="plur"></g><g v="gent"></g></l></v><v><l id="236688" t="перечисленный"><g v="ADJF"></g><g v="Qual"></g><g v="anim"></g><g v="plur"></g><g v="accs"></g></l></v><v><l id="236688" t="перечисленный"><g v="ADJF"></g><g v="Qual"></g><g v="plur"></g><g v="loct"></g></l></v><v><l id="236699" t="перечисленный"><g v="PRTF"></g><g v="perf"></g><g v="tran"></g><g v="past"></g><g v="pssv"></g><g v="plur"></g><g v="gent"></g></l></v><v><l id="236699" t="перечисленный"><g v="PRTF"></g><g v="perf"></g><g v="tran"></g><g v="past"></g><g v="pssv"></g><g v="anim"></g><g v="plur"></g><g v="accs"></g></l></v><v><l id="236699" t="перечисленный"><g v="PRTF"></g><g v="perf"></g><g v="tran"></g><g v="past"></g><g v="pssv"></g><g v="plur"></g><g v="loct"></g></l></v></tfr></token><token id="648805" text="выше"><tfr rev_id="1480915" t="выше"><v><l id="62139" t="выше"><g v="COMP"></g><g v="Qual"></g></l></v><v><l id="64413" t="выша"><g v="NOUN"></g><g v="inan"></g><g v="femn"></g><g v="Sgtm"></g><g v="Geox"></g><g v="sing"></g><g v="datv"></g></l></v><v><l id="64413" t="выша"><g v="NOUN"></g><g v="inan"></g><g v="femn"></g><g v="Sgtm"></g><g v="Geox"></g><g v="sing"></g><g v="loct"></g></l></v><v><l id="64505" t="выше"><g v="PREP"></g></l></v><v><l id="64506" t="выше"><g v="ADVB"></g></l></v></tfr></token><token id="648806" text="элементов"><tfr rev_id="1480916" t="элементов"><v><l id="384688" t="элемент"><g v="NOUN"></g><g v="inan"></g><g v="masc"></g><g v="plur"></g><g v="gent"></g></l></v></tfr></token><token id="648807" text="является"><tfr rev_id="1480917" t="является"><v><l id="387385" t="являюсь"><g v="VERB"></g><g v="impf"></g><g v="intr"></g><g v="sing"></g><g v="3per"></g><g v="pres"></g><g v="indc"></g></l></v></tfr></token><token id="648808" text="основой"><tfr rev_id="1480918" t="основой"><v><l id="210574" t="основа"><g v="NOUN"></g><g v="inan"></g><g v="femn"></g><g v="sing"></g><g v="ablt"></g></l></v></tfr></token><token id="648809" text="для"><tfr rev_id="3445398" t="для"><v><l id="85032" t="для"><g v="PREP"></g></l></v></tfr></token><token id="648810" text="создания"><tfr rev_id="4570951" t="создания"><v><l id="328580" t="создание"><g v="NOUN"></g><g v="inan"></g><g v="neut"></g><g v="Inmx"></g><g v="plur"></g><g v="accs"></g></l></v><v><l id="328580" t="создание"><g v="NOUN"></g><g v="inan"></g><g v="neut"></g><g v="Inmx"></g><g v="plur"></g><g v="nomn"></g></l></v><v><l id="328580" t="создание"><g v="NOUN"></g><g v="inan"></g><g v="neut"></g><g v="Inmx"></g><g v="sing"></g><g v="gent"></g></l></v></tfr></token><token id="648811" text="той"><tfr rev_id="4314949" t="той"><v><l id="348430" t="тот"><g v="ADJF"></g><g v="Subx"></g><g v="Apro"></g><g v="Anph"></g><g v="femn"></g><g v="sing"></g><g v="gent"></g></l></v></tfr></token><token id="648812" text="или"><tfr rev_id="3787270" t="или"><v><l id="121146" t="или"><g v="CONJ"></g></l></v></tfr></token><token id="648813" text="иной"><tfr rev_id="3803777" t="иной"><v><l id="122715" t="иной"><g v="ADJF"></g><g v="Subx"></g><g v="Apro"></g><g v="femn"></g><g v="sing"></g><g v="gent"></g></l></v><v><l id="122715" t="иной"><g v="ADJF"></g><g v="Subx"></g><g v="Apro"></g><g v="femn"></g><g v="sing"></g><g v="datv"></g></l></v><v><l id="122715" t="иной"><g v="ADJF"></g><g v="Subx"></g><g v="Apro"></g><g v="femn"></g><g v="sing"></g><g v="ablt"></g></l></v><v><l id="122715" t="иной"><g v="ADJF"></g><g v="Subx"></g><g v="Apro"></g><g v="femn"></g><g v="sing"></g><g v="loct"></g></l></v></tfr></token><token id="648814" text="соли"><tfr rev_id="3549489" t="соли"><v><l id="329277" t="соль"><g v="NOUN"></g><g v="inan"></g><g v="femn"></g><g v="sing"></g><g v="gent"></g></l></v></tfr></token><token id="648815" text="."><tfr rev_id="1480925" t="."><v><l id="0" t="."><g v="PNCT"></g></l></v></tfr></token></tokens></sentence></paragraph><paragraph id="11542"><sentence id="36278"><source>Согласно исследованиям учёных супергалогены очень похожи на галогены, в том смысле, что они образуют отрицательно заряженные ионы, однако их способность присоединять электроны значительно выше, чем у обычных галогенов.</source><tokens><token id="648816" text="Согласно"><tfr rev_id="4490539" t="Согласно"><v><l id="328255" t="согласно"><g v="PREP"></g></l></v></tfr></token><token id="648817" text="исследованиям"><tfr rev_id="1480927" t="исследованиям"><v><l id="125799" t="исследование"><g v="NOUN"></g><g v="inan"></g><g v="neut"></g><g v="plur"></g><g v="datv"></g></l></v></tfr></token><token id="648818" text="учёных"><tfr rev_id="4484767" t="учёных"><v><l id="363100" t="учёный"><g v="NOUN"></g><g v="anim"></g><g v="masc"></g><g v="plur"></g><g v="gent"></g></l></v></tfr></token><token id="648819" text="супергалогены"><tfr rev_id="1480929" t="супергалогены"><v><l id="0" t="супергалогены"><g v="UNKN"></g></l></v></tfr></token><token id="648820" text="очень"><tfr rev_id="1480930" t="очень"><v><l id="221681" t="очень"><g v="ADVB"></g></l></v></tfr></token><token id="648821" text="похожи"><tfr rev_id="1480931" t="похожи"><v><l id="264399" t="похож"><g v="ADJS"></g><g v="Qual"></g><g v="plur"></g></l></v></tfr></token><token id="648822" text="на"><tfr rev_id="3394874" t="на"><v><l id="166264" t="на"><g v="PREP"></g></l></v></tfr></token><token id="648823" text="галогены"><tfr rev_id="3727569" t="галогены"><v><l id="66621" t="галоген"><g v="NOUN"></g><g v="inan"></g><g v="masc"></g><g v="plur"></g><g v="accs"></g></l></v></tfr></token><token id="648824" text=","><tfr rev_id="1480934" t=","><v><l id="0" t=","><g v="PNCT"></g></l></v></tfr></token><token id="648825" text="в"><tfr rev_id="1480935" t="в"><v><l id="37409" t="в"><g v="PREP"></g></l></v></tfr></token><token id="648826" text="том"><tfr rev_id="4376236" t="том"><v><l id="348430" t="тот"><g v="ADJF"></g><g v="Subx"></g><g v="Apro"></g><g v="Anph"></g><g v="masc"></g><g v="sing"></g><g v="loct"></g></l></v></tfr></token><token id="648827" text="смысле"><tfr rev_id="1480937" t="смысле"><v><l id="326999" t="смысл"><g v="NOUN"></g><g v="inan"></g><g v="masc"></g><g v="sing"></g><g v="loct"></g></l></v></tfr></token><token id="648828" text=","><tfr rev_id="1480938" t=","><v><l id="0" t=","><g v="PNCT"></g></l></v></tfr></token><token id="648829" text="что"><tfr rev_id="3197264" t="что"><v><l id="377004" t="что"><g v="CONJ"></g></l></v><v><l id="377005" t="что"><g v="NPRO"></g><g v="neut"></g><g v="sing"></g><g v="nomn"></g></l></v><v><l id="377005" t="что"><g v="NPRO"></g><g v="neut"></g><g v="sing"></g><g v="accs"></g></l></v><v><l id="377006" t="что"><g v="ADVB"></g><g v="Ques"></g></l></v><v><l id="388695" t="что"><g v="PRCL"></g></l></v></tfr></token><token id="648830" text="они"><tfr rev_id="3599418" t="они"><v><l id="206619" t="они"><g v="NPRO"></g><g v="3per"></g><g v="Anph"></g><g v="plur"></g><g v="nomn"></g></l></v></tfr></token><token id="648831" text="образуют"><tfr rev_id="1480941" t="образуют"><v><l id="198810" t="образовал"><g v="VERB"></g><g v="perf"></g><g v="tran"></g><g v="plur"></g><g v="3per"></g><g v="futr"></g><g v="indc"></g></l></v><v><l id="198811" t="образую"><g v="VERB"></g><g v="impf"></g><g v="tran"></g><g v="plur"></g><g v="3per"></g><g v="pres"></g><g v="indc"></g></l></v></tfr></token><token id="648832" text="отрицательно"><tfr rev_id="1480942" t="отрицательно"><v><l id="217577" t="отрицательно"><g v="ADVB"></g></l></v><v><l id="217581" t="отрицателен"><g v="ADJS"></g><g v="Qual"></g><g v="neut"></g><g v="sing"></g></l></v></tfr></token><token id="648833" text="заряженные"><tfr rev_id="1480943" t="заряженные"><v><l id="109133" t="заряжённый"><g v="PRTF"></g><g v="perf"></g><g v="tran"></g><g v="past"></g><g v="pssv"></g><g v="plur"></g><g v="nomn"></g><g v="Infr"></g></l></v><v><l id="109133" t="заряжённый"><g v="PRTF"></g><g v="perf"></g><g v="tran"></g><g v="past"></g><g v="pssv"></g><g v="plur"></g><g v="nomn"></g></l></v><v><l id="109133" t="заряжённый"><g v="PRTF"></g><g v="perf"></g><g v="tran"></g><g v="past"></g><g v="pssv"></g><g v="inan"></g><g v="plur"></g><g v="accs"></g><g v="Infr"></g></l></v><v><l id="109133" t="заряжённый"><g v="PRTF"></g><g v="perf"></g><g v="tran"></g><g v="past"></g><g v="pssv"></g><g v="inan"></g><g v="plur"></g><g v="accs"></g></l></v></tfr></token><token id="648834" text="ионы"><tfr rev_id="3793788" t="ионы"><v><l id="123721" t="ион"><g v="NOUN"></g><g v="inan"></g><g v="masc"></g><g v="plur"></g><g v="accs"></g></l></v></tfr></token><token id="648835" text=","><tfr rev_id="1480945" t=","><v><l id="0" t=","><g v="PNCT"></g></l></v></tfr></token><token id="648836" text="однако"><tfr rev_id="2624574" t="однако"><v><l id="203386" t="однако"><g v="INTJ"></g></l></v><v><l id="203387" t="однако"><g v="CONJ"></g><g v="Prnt"></g></l></v></tfr></token><token id="648837" text="их"><tfr rev_id="4491958" t="их"><v><l id="127205" t="их"><g v="ADJF"></g><g v="Fixd"></g><g v="Apro"></g><g v="Anph"></g><g v="femn"></g><g v="sing"></g><g v="nomn"></g></l></v><v><l id="127205" t="их"><g v="ADJF"></g><g v="Fixd"></g><g v="Apro"></g><g v="Anph"></g><g v="femn"></g><g v="sing"></g><g v="gent"></g></l></v><v><l id="127205" t="их"><g v="ADJF"></g><g v="Fixd"></g><g v="Apro"></g><g v="Anph"></g><g v="femn"></g><g v="sing"></g><g v="datv"></g></l></v><v><l id="127205" t="их"><g v="ADJF"></g><g v="Fixd"></g><g v="Apro"></g><g v="Anph"></g><g v="femn"></g><g v="sing"></g><g v="accs"></g></l></v><v><l id="127205" t="их"><g v="ADJF"></g><g v="Fixd"></g><g v="Apro"></g><g v="Anph"></g><g v="femn"></g><g v="sing"></g><g v="ablt"></g></l></v><v><l id="127205" t="их"><g v="ADJF"></g><g v="Fixd"></g><g v="Apro"></g><g v="Anph"></g><g v="femn"></g><g v="sing"></g><g v="loct"></g></l></v></tfr></token><token id="648838" text="способность"><tfr rev_id="1480948" t="способность"><v><l id="332836" t="способность"><g v="NOUN"></g><g v="inan"></g><g v="femn"></g><g v="sing"></g><g v="nomn"></g></l></v><v><l id="332836" t="способность"><g v="NOUN"></g><g v="inan"></g><g v="femn"></g><g v="sing"></g><g v="accs"></g></l></v></tfr></token><token id="648839" text="присоединять"><tfr rev_id="1480949" t="присоединять"><v><l id="274439" t="присоединять"><g v="INFN"></g><g v="impf"></g><g v="tran"></g></l></v></tfr></token><token id="648840" text="электроны"><tfr rev_id="3757040" t="электроны"><v><l id="384339" t="электрон"><g v="NOUN"></g><g v="inan"></g><g v="masc"></g><g v="plur"></g><g v="accs"></g></l></v></tfr></token><token id="648841" text="значительно"><tfr rev_id="3526610" t="значительно"><v><l id="116024" t="значительно"><g v="ADVB"></g></l></v></tfr></token><token id="648842" text="выше"><tfr rev_id="1480952" t="выше"><v><l id="62139" t="выше"><g v="COMP"></g><g v="Qual"></g></l></v><v><l id="64413" t="выша"><g v="NOUN"></g><g v="inan"></g><g v="femn"></g><g v="Sgtm"></g><g v="Geox"></g><g v="sing"></g><g v="datv"></g></l></v><v><l id="64413" t="выша"><g v="NOUN"></g><g v="inan"></g><g v="femn"></g><g v="Sgtm"></g><g v="Geox"></g><g v="sing"></g><g v="loct"></g></l></v><v><l id="64505" t="выше"><g v="PREP"></g></l></v><v><l id="64506" t="выше"><g v="ADVB"></g></l></v></tfr></token><token id="648843" text=","><tfr rev_id="1480953" t=","><v><l id="0" t=","><g v="PNCT"></g></l></v></tfr></token><token id="648844" text="чем"><tfr rev_id="4307300" t="чем"><v><l id="375161" t="чем"><g v="CONJ"></g></l></v></tfr></token><token id="648845" text="у"><tfr rev_id="3327492" t="у"><v><l id="352818" t="у"><g v="PREP"></g></l></v></tfr></token><token id="648846" text="обычных"><tfr rev_id="4407985" t="обычных"><v><l id="202049" t="обычный"><g v="ADJF"></g><g v="Qual"></g><g v="plur"></g><g v="gent"></g></l></v></tfr></token><token id="648847" text="галогенов"><tfr rev_id="1480957" t="галогенов"><v><l id="66621" t="галоген"><g v="NOUN"></g><g v="inan"></g><g v="masc"></g><g v="plur"></g><g v="gent"></g></l></v></tfr></token><token id="648848" text="."><tfr rev_id="1480958" t="."><v><l id="0" t="."><g v="PNCT"></g></l></v></tfr></token></tokens></sentence><sentence id="36279"><source>Отрицательные ионы могут быть использованы как окислительные агенты, например, для очистки воздуха.</source><tokens><token id="648849" text="Отрицательные"><tfr rev_id="4083805" t="Отрицательные"><v><l id="217579" t="отрицательный"><g v="ADJF"></g><g v="Qual"></g><g v="plur"></g><g v="nomn"></g></l></v></tfr></token><token id="648850" text="ионы"><tfr rev_id="4340947" t="ионы"><v><l id="123721" t="ион"><g v="NOUN"></g><g v="inan"></g><g v="masc"></g><g v="plur"></g><g v="nomn"></g></l></v></tfr></token><token id="648851" text="могут"><tfr rev_id="1480961" t="могут"><v><l id="164485" t="могу"><g v="VERB"></g><g v="impf"></g><g v="intr"></g><g v="plur"></g><g v="3per"></g><g v="pres"></g><g v="indc"></g></l></v></tfr></token><token id="648852" text="быть"><tfr rev_id="1480962" t="быть"><v><l id="37266" t="быть"><g v="INFN"></g><g v="impf"></g><g v="intr"></g></l></v></tfr></token><token id="648853" text="использованы"><tfr rev_id="1480963" t="использованы"><v><l id="125429" t="использован"><g v="PRTS"></g><g v="perf"></g><g v="past"></g><g v="pssv"></g><g v="plur"></g></l></v><v><l id="125430" t="использован"><g v="PRTS"></g><g v="impf"></g><g v="past"></g><g v="pssv"></g><g v="plur"></g></l></v></tfr></token><token id="648854" text="как"><tfr rev_id="1480964" t="как"><v><l id="128190" t="как"><g v="CONJ"></g></l></v><v><l id="128191" t="как"><g v="PRCL"></g></l></v><v><l id="128192" t="как"><g v="ADVB"></g><g v="Ques"></g></l></v></tfr></token><token id="648855" text="окислительные"><tfr rev_id="3751533" t="окислительные"><v><l id="204743" t="окислительный"><g v="ADJF"></g><g v="plur"></g><g v="nomn"></g></l></v></tfr></token><token id="648856" text="агенты"><tfr rev_id="4292655" t="агенты"><v><l id="3929" t="агент"><g v="NOUN"></g><g v="inan"></g><g v="masc"></g><g v="plur"></g><g v="nomn"></g></l></v></tfr></token><token id="648857" text=","><tfr rev_id="1480967" t=","><v><l id="0" t=","><g v="PNCT"></g></l></v></tfr></token><token id="648858" text="например"><tfr rev_id="1480968" t="например"><v><l id="174036" t="например"><g v="CONJ"></g><g v="Prnt"></g></l></v></tfr></token><token id="648859" text=","><tfr rev_id="1480969" t=","><v><l id="0" t=","><g v="PNCT"></g></l></v></tfr></token><token id="648860" text="для"><tfr rev_id="3391605" t="для"><v><l id="85032" t="для"><g v="PREP"></g></l></v></tfr></token><token id="648861" text="очистки"><tfr rev_id="3439974" t="очистки"><v><l id="221842" t="очистка"><g v="NOUN"></g><g v="inan"></g><g v="femn"></g><g v="sing"></g><g v="gent"></g></l></v></tfr></token><token id="648862" text="воздуха"><tfr rev_id="1480972" t="воздуха"><v><l id="49093" t="воздух"><g v="NOUN"></g><g v="inan"></g><g v="masc"></g><g v="sing"></g><g v="gen1"></g></l></v></tfr></token><token id="648863" text="."><tfr rev_id="1480973" t="."><v><l id="0" t="."><g v="PNCT"></g></l></v></tfr></token></tokens></sentence></paragraph></paragraphs></text>