<?xml version="1.0" encoding="utf-8"?><text id="1251" parent="56" name="В ночь с 26 на 27 марта Российская Федерация навсегда переходит на летнее время"><tags><tag>url:http://ru.wikinews.org/w/index.php?title=В_ночь_с_26_на_27_марта_Российская_Федерация_навсегда_переходит_на_летнее_время&amp;oldid=53360</tag><tag>Автор:http://ru.wikinews.org/wiki/Участник:Schekinov Alexey Victorovich</tag><tag>Дата:26/03</tag><tag>Год:2011</tag><tag>Гео:ВикиКатегория:Россия</tag></tags><paragraphs><paragraph id="11543"><sentence id="36280"><source>В ночь с 26 на 27 марта 2011 года Россия навсегда переходит на летнее время.</source><tokens><token id="648864" text="В"><tfr rev_id="1480974" t="В"><v><l id="37409" t="в"><g v="PREP"></g></l></v></tfr></token><token id="648865" text="ночь"><tfr rev_id="4107981" t="ночь"><v><l id="192469" t="ночь"><g v="NOUN"></g><g v="inan"></g><g v="femn"></g><g v="sing"></g><g v="accs"></g></l></v></tfr></token><token id="648866" text="с"><tfr rev_id="1480976" t="с"><v><l id="311151" t="с"><g v="PREP"></g></l></v></tfr></token><token id="648867" text="26"><tfr rev_id="2462203" t="26"><v><l id="0" t="26"><g v="NUMB"></g></l></v></tfr></token><token id="648868" text="на"><tfr rev_id="2912532" t="на"><v><l id="166264" t="на"><g v="PREP"></g></l></v><v><l id="388676" t="на"><g v="INTJ"></g></l></v></tfr></token><token id="648869" text="27"><tfr rev_id="2462204" t="27"><v><l id="0" t="27"><g v="NUMB"></g></l></v></tfr></token><token id="648870" text="марта"><tfr rev_id="4323396" t="марта"><v><l id="155465" t="март"><g v="NOUN"></g><g v="inan"></g><g v="masc"></g><g v="sing"></g><g v="gent"></g></l></v></tfr></token><token id="648871" text="2011"><tfr rev_id="2462205" t="2011"><v><l id="0" t="2011"><g v="NUMB"></g></l></v></tfr></token><token id="648872" text="года"><tfr rev_id="3415528" t="года"><v><l id="72149" t="год"><g v="NOUN"></g><g v="inan"></g><g v="masc"></g><g v="sing"></g><g v="gen1"></g></l></v><v><l id="72149" t="год"><g v="NOUN"></g><g v="inan"></g><g v="masc"></g><g v="plur"></g><g v="nomn"></g><g v="Infr"></g></l></v><v><l id="72149" t="год"><g v="NOUN"></g><g v="inan"></g><g v="masc"></g><g v="plur"></g><g v="accs"></g><g v="Infr"></g></l></v></tfr></token><token id="648873" text="Россия"><tfr rev_id="1480983" t="Россия"><v><l id="309322" t="россия"><g v="NOUN"></g><g v="inan"></g><g v="femn"></g><g v="Sgtm"></g><g v="Geox"></g><g v="sing"></g><g v="nomn"></g></l></v></tfr></token><token id="648874" text="навсегда"><tfr rev_id="1480984" t="навсегда"><v><l id="167523" t="навсегда"><g v="ADVB"></g></l></v></tfr></token><token id="648875" text="переходит"><tfr rev_id="2703900" t="переходит"><v><l id="236374" t="перехожу"><g v="VERB"></g><g v="impf"></g><g v="tran"></g><g v="sing"></g><g v="3per"></g><g v="pres"></g><g v="indc"></g></l></v></tfr></token><token id="648876" text="на"><tfr rev_id="3342192" t="на"><v><l id="166264" t="на"><g v="PREP"></g></l></v></tfr></token><token id="648877" text="летнее"><tfr rev_id="3815036" t="летнее"><v><l id="148685" t="летний"><g v="ADJF"></g><g v="neut"></g><g v="sing"></g><g v="nomn"></g></l></v><v><l id="148685" t="летний"><g v="ADJF"></g><g v="neut"></g><g v="sing"></g><g v="accs"></g></l></v></tfr></token><token id="648878" text="время"><tfr rev_id="1480988" t="время"><v><l id="53149" t="время"><g v="NOUN"></g><g v="inan"></g><g v="neut"></g><g v="sing"></g><g v="nomn"></g></l></v><v><l id="53149" t="время"><g v="NOUN"></g><g v="inan"></g><g v="neut"></g><g v="sing"></g><g v="accs"></g></l></v></tfr></token><token id="648879" text="."><tfr rev_id="1480989" t="."><v><l id="0" t="."><g v="PNCT"></g></l></v></tfr></token></tokens></sentence><sentence id="36281"><source>27 марта в 02.00 по местному времени, во всех часовых поясах РФ, стрелки часов будут переведены на один час вперёд.</source><tokens><token id="648880" text="27"><tfr rev_id="2462206" t="27"><v><l id="0" t="27"><g v="NUMB"></g></l></v></tfr></token><token id="648881" text="марта"><tfr rev_id="4331853" t="марта"><v><l id="155465" t="март"><g v="NOUN"></g><g v="inan"></g><g v="masc"></g><g v="sing"></g><g v="gent"></g></l></v></tfr></token><token id="648882" text="в"><tfr rev_id="1480992" t="в"><v><l id="37409" t="в"><g v="PREP"></g></l></v></tfr></token><token id="648883" text="02.00"><tfr rev_id="2462207" t="02.00"><v><l id="0" t="02.00"><g v="NUMB"></g></l></v></tfr></token><token id="648884" text="по"><tfr rev_id="1480994" t="по"><v><l id="241240" t="по"><g v="PREP"></g></l></v></tfr></token><token id="648885" text="местному"><tfr rev_id="3454383" t="местному"><v><l id="158819" t="местный"><g v="ADJF"></g><g v="Qual"></g><g v="neut"></g><g v="sing"></g><g v="datv"></g></l></v></tfr></token><token id="648886" text="времени"><tfr rev_id="3549308" t="времени"><v><l id="53149" t="время"><g v="NOUN"></g><g v="inan"></g><g v="neut"></g><g v="sing"></g><g v="datv"></g></l></v></tfr></token><token id="648887" text=","><tfr rev_id="1480997" t=","><v><l id="0" t=","><g v="PNCT"></g></l></v></tfr></token><token id="648888" text="во"><tfr rev_id="2920287" t="во"><v><l id="37409" t="в"><g v="PREP"></g><g v="Vpre"></g></l></v></tfr></token><token id="648889" text="всех"><tfr rev_id="4572464" t="всех"><v><l id="42156" t="весь"><g v="ADJF"></g><g v="Subx"></g><g v="Apro"></g><g v="plur"></g><g v="loct"></g></l></v></tfr></token><token id="648890" text="часовых"><tfr rev_id="4427519" t="часовых"><v><l id="374746" t="часовой"><g v="ADJF"></g><g v="plur"></g><g v="loct"></g></l></v></tfr></token><token id="648891" text="поясах"><tfr rev_id="1481001" t="поясах"><v><l id="265530" t="пояс"><g v="NOUN"></g><g v="inan"></g><g v="masc"></g><g v="plur"></g><g v="loct"></g></l></v></tfr></token><token id="648892" text="РФ"><tfr rev_id="4171279" t="РФ"><v><l id="310486" t="рф"><g v="NOUN"></g><g v="inan"></g><g v="femn"></g><g v="Sgtm"></g><g v="Fixd"></g><g v="Abbr"></g><g v="Geox"></g><g v="sing"></g><g v="gent"></g></l></v></tfr></token><token id="648893" text=","><tfr rev_id="1481003" t=","><v><l id="0" t=","><g v="PNCT"></g></l></v></tfr></token><token id="648894" text="стрелки"><tfr rev_id="4292656" t="стрелки"><v><l id="337376" t="стрелка"><g v="NOUN"></g><g v="inan"></g><g v="femn"></g><g v="plur"></g><g v="nomn"></g></l></v></tfr></token><token id="648895" text="часов"><tfr rev_id="1481005" t="часов"><v><l id="374736" t="час"><g v="NOUN"></g><g v="inan"></g><g v="masc"></g><g v="plur"></g><g v="gent"></g></l></v><v><l id="374822" t="часы"><g v="NOUN"></g><g v="inan"></g><g v="GNdr"></g><g v="Pltm"></g><g v="plur"></g><g v="gent"></g></l></v></tfr></token><token id="648896" text="будут"><tfr rev_id="1481006" t="будут"><v><l id="37265" t="есть"><g v="VERB"></g><g v="impf"></g><g v="intr"></g><g v="plur"></g><g v="3per"></g><g v="futr"></g><g v="indc"></g></l></v></tfr></token><token id="648897" text="переведены"><tfr rev_id="1481007" t="переведены"><v><l id="227147" t="переведён"><g v="PRTS"></g><g v="perf"></g><g v="past"></g><g v="pssv"></g><g v="plur"></g></l></v></tfr></token><token id="648898" text="на"><tfr rev_id="3337711" t="на"><v><l id="166264" t="на"><g v="PREP"></g></l></v></tfr></token><token id="648899" text="один"><tfr rev_id="4299678" t="один"><v><l id="203319" t="один"><g v="ADJF"></g><g v="Apro"></g><g v="Anum"></g><g v="masc"></g><g v="sing"></g><g v="nomn"></g></l></v><v><l id="203319" t="один"><g v="ADJF"></g><g v="Apro"></g><g v="Anum"></g><g v="inan"></g><g v="masc"></g><g v="sing"></g><g v="accs"></g></l></v></tfr></token><token id="648900" text="час"><tfr rev_id="1481010" t="час"><v><l id="374736" t="час"><g v="NOUN"></g><g v="inan"></g><g v="masc"></g><g v="sing"></g><g v="nomn"></g></l></v><v><l id="374736" t="час"><g v="NOUN"></g><g v="inan"></g><g v="masc"></g><g v="sing"></g><g v="accs"></g></l></v></tfr></token><token id="648901" text="вперёд"><tfr rev_id="4421430" t="вперёд"><v><l id="52340" t="вперёд"><g v="ADVB"></g></l></v></tfr></token><token id="648902" text="."><tfr rev_id="1481012" t="."><v><l id="0" t="."><g v="PNCT"></g></l></v></tfr></token></tokens></sentence></paragraph><paragraph id="11544"><sentence id="36282"><source>Такое распоряжение было дано правительству президентом Российской Федерации Дмитрием Анатольевичем Медведевым 8 февраля 2011 года; согласно которому, осенью 2011 года обратный перевод стрелок часов осуществляться не будет.</source><tokens><token id="648903" text="Такое"><tfr rev_id="1481013" t="Такое"><v><l id="342491" t="такой"><g v="ADJF"></g><g v="Apro"></g><g v="neut"></g><g v="sing"></g><g v="nomn"></g></l></v><v><l id="342491" t="такой"><g v="ADJF"></g><g v="Apro"></g><g v="neut"></g><g v="sing"></g><g v="accs"></g></l></v></tfr></token><token id="648904" text="распоряжение"><tfr rev_id="4096451" t="распоряжение"><v><l id="300175" t="распоряжение"><g v="NOUN"></g><g v="inan"></g><g v="neut"></g><g v="sing"></g><g v="nomn"></g></l></v></tfr></token><token id="648905" text="было"><tfr rev_id="3094285" t="было"><v><l id="37265" t="есть"><g v="VERB"></g><g v="impf"></g><g v="intr"></g><g v="neut"></g><g v="sing"></g><g v="past"></g><g v="indc"></g></l></v></tfr></token><token id="648906" text="дано"><tfr rev_id="1481016" t="дано"><v><l id="78550" t="дан"><g v="PRTS"></g><g v="perf"></g><g v="past"></g><g v="pssv"></g><g v="neut"></g><g v="sing"></g></l></v></tfr></token><token id="648907" text="правительству"><tfr rev_id="1481017" t="правительству"><v><l id="265638" t="правительство"><g v="NOUN"></g><g v="inan"></g><g v="neut"></g><g v="sing"></g><g v="datv"></g></l></v></tfr></token><token id="648908" text="президентом"><tfr rev_id="1481018" t="президентом"><v><l id="267449" t="президент"><g v="NOUN"></g><g v="anim"></g><g v="masc"></g><g v="sing"></g><g v="ablt"></g></l></v></tfr></token><token id="648909" text="Российской"><tfr rev_id="4316286" t="Российской"><v><l id="309319" t="российский"><g v="ADJF"></g><g v="femn"></g><g v="sing"></g><g v="gent"></g></l></v></tfr></token><token id="648910" text="Федерации"><tfr rev_id="3492238" t="Федерации"><v><l id="364940" t="федерация"><g v="NOUN"></g><g v="inan"></g><g v="femn"></g><g v="sing"></g><g v="gent"></g></l></v><v><l id="364940" t="федерация"><g v="NOUN"></g><g v="inan"></g><g v="femn"></g><g v="sing"></g><g v="datv"></g></l></v><v><l id="364940" t="федерация"><g v="NOUN"></g><g v="inan"></g><g v="femn"></g><g v="sing"></g><g v="loct"></g></l></v></tfr></token><token id="648911" text="Дмитрием"><tfr rev_id="1481021" t="Дмитрием"><v><l id="85055" t="дмитрий"><g v="NOUN"></g><g v="anim"></g><g v="masc"></g><g v="Name"></g><g v="sing"></g><g v="ablt"></g></l></v></tfr></token><token id="648912" text="Анатольевичем"><tfr rev_id="4533103" t="Анатольевичем"><v><l id="12452" t="анатольевич"><g v="NOUN"></g><g v="anim"></g><g v="masc"></g><g v="Patr"></g><g v="sing"></g><g v="ablt"></g></l></v></tfr></token><token id="648913" text="Медведевым"><tfr rev_id="3495984" t="Медведевым"><v><l id="156959" t="медведев"><g v="NOUN"></g><g v="anim"></g><g v="masc"></g><g v="Sgtm"></g><g v="Surn"></g><g v="sing"></g><g v="ablt"></g></l></v></tfr></token><token id="648914" text="8"><tfr rev_id="2462208" t="8"><v><l id="0" t="8"><g v="NUMB"></g></l></v></tfr></token><token id="648915" text="февраля"><tfr rev_id="1481025" t="февраля"><v><l id="364920" t="февраль"><g v="NOUN"></g><g v="inan"></g><g v="masc"></g><g v="sing"></g><g v="gent"></g></l></v></tfr></token><token id="648916" text="2011"><tfr rev_id="2462209" t="2011"><v><l id="0" t="2011"><g v="NUMB"></g></l></v></tfr></token><token id="648917" text="года"><tfr rev_id="3497145" t="года"><v><l id="72149" t="год"><g v="NOUN"></g><g v="inan"></g><g v="masc"></g><g v="sing"></g><g v="gen1"></g></l></v></tfr></token><token id="648918" text=";"><tfr rev_id="1481028" t=";"><v><l id="0" t=";"><g v="PNCT"></g></l></v></tfr></token><token id="648919" text="согласно"><tfr rev_id="4463729" t="согласно"><v><l id="328255" t="согласно"><g v="PREP"></g></l></v></tfr></token><token id="648920" text="которому"><tfr rev_id="4076806" t="которому"><v><l id="141203" t="который"><g v="ADJF"></g><g v="Apro"></g><g v="Subx"></g><g v="Anph"></g><g v="neut"></g><g v="sing"></g><g v="datv"></g></l></v></tfr></token><token id="648921" text=","><tfr rev_id="1481031" t=","><v><l id="0" t=","><g v="PNCT"></g></l></v></tfr></token><token id="648922" text="осенью"><tfr rev_id="4277262" t="осенью"><v><l id="209823" t="осень"><g v="NOUN"></g><g v="inan"></g><g v="femn"></g><g v="sing"></g><g v="ablt"></g></l></v></tfr></token><token id="648923" text="2011"><tfr rev_id="2462210" t="2011"><v><l id="0" t="2011"><g v="NUMB"></g></l></v></tfr></token><token id="648924" text="года"><tfr rev_id="3415530" t="года"><v><l id="72149" t="год"><g v="NOUN"></g><g v="inan"></g><g v="masc"></g><g v="sing"></g><g v="gen1"></g></l></v></tfr></token><token id="648925" text="обратный"><tfr rev_id="1481035" t="обратный"><v><l id="198939" t="обратный"><g v="ADJF"></g><g v="Qual"></g><g v="masc"></g><g v="sing"></g><g v="nomn"></g></l></v><v><l id="198939" t="обратный"><g v="ADJF"></g><g v="Qual"></g><g v="inan"></g><g v="masc"></g><g v="sing"></g><g v="accs"></g></l></v></tfr></token><token id="648926" text="перевод"><tfr rev_id="1481036" t="перевод"><v><l id="227265" t="перевод"><g v="NOUN"></g><g v="inan"></g><g v="masc"></g><g v="sing"></g><g v="nomn"></g></l></v><v><l id="227265" t="перевод"><g v="NOUN"></g><g v="inan"></g><g v="masc"></g><g v="sing"></g><g v="accs"></g></l></v></tfr></token><token id="648927" text="стрелок"><tfr rev_id="3439850" t="стрелок"><v><l id="337376" t="стрелка"><g v="NOUN"></g><g v="inan"></g><g v="femn"></g><g v="plur"></g><g v="gent"></g></l></v></tfr></token><token id="648928" text="часов"><tfr rev_id="1481038" t="часов"><v><l id="374736" t="час"><g v="NOUN"></g><g v="inan"></g><g v="masc"></g><g v="plur"></g><g v="gent"></g></l></v><v><l id="374822" t="часы"><g v="NOUN"></g><g v="inan"></g><g v="GNdr"></g><g v="Pltm"></g><g v="plur"></g><g v="gent"></g></l></v></tfr></token><token id="648929" text="осуществляться"><tfr rev_id="1481039" t="осуществляться"><v><l id="211547" t="осуществляться"><g v="INFN"></g><g v="impf"></g><g v="intr"></g></l></v></tfr></token><token id="648930" text="не"><tfr rev_id="1481040" t="не"><v><l id="178876" t="не"><g v="PRCL"></g></l></v></tfr></token><token id="648931" text="будет"><tfr rev_id="1481041" t="будет"><v><l id="37265" t="есть"><g v="VERB"></g><g v="impf"></g><g v="intr"></g><g v="sing"></g><g v="3per"></g><g v="futr"></g><g v="indc"></g></l></v></tfr></token><token id="648932" text="."><tfr rev_id="1481042" t="."><v><l id="0" t="."><g v="PNCT"></g></l></v></tfr></token></tokens></sentence><sentence id="36283"><source>Свое решение российский президент прокомментировал следующим образом:</source><tokens><token id="648933" text="Свое"><tfr rev_id="3632817" t="Свое"><v><l id="316379" t="свой"><g v="ADJF"></g><g v="Apro"></g><g v="Anph"></g><g v="neut"></g><g v="sing"></g><g v="nomn"></g></l></v><v><l id="316379" t="свой"><g v="ADJF"></g><g v="Apro"></g><g v="Anph"></g><g v="neut"></g><g v="sing"></g><g v="accs"></g></l></v></tfr></token><token id="648934" text="решение"><tfr rev_id="3679074" t="решение"><v><l id="307350" t="решение"><g v="NOUN"></g><g v="inan"></g><g v="neut"></g><g v="sing"></g><g v="accs"></g></l></v></tfr></token><token id="648935" text="российский"><tfr rev_id="1481045" t="российский"><v><l id="309319" t="российский"><g v="ADJF"></g><g v="masc"></g><g v="sing"></g><g v="nomn"></g></l></v><v><l id="309319" t="российский"><g v="ADJF"></g><g v="inan"></g><g v="masc"></g><g v="sing"></g><g v="accs"></g></l></v></tfr></token><token id="648936" text="президент"><tfr rev_id="1481046" t="президент"><v><l id="267449" t="президент"><g v="NOUN"></g><g v="anim"></g><g v="masc"></g><g v="sing"></g><g v="nomn"></g></l></v></tfr></token><token id="648937" text="прокомментировал"><tfr rev_id="1481047" t="прокомментировал"><v><l id="280912" t="прокомментировал"><g v="VERB"></g><g v="perf"></g><g v="tran"></g><g v="masc"></g><g v="sing"></g><g v="past"></g><g v="indc"></g></l></v></tfr></token><token id="648938" text="следующим"><tfr rev_id="1481048" t="следующим"><v><l id="324749" t="следующий"><g v="PRTF"></g><g v="impf"></g><g v="intr"></g><g v="pres"></g><g v="actv"></g><g v="masc"></g><g v="sing"></g><g v="ablt"></g></l></v><v><l id="324749" t="следующий"><g v="PRTF"></g><g v="impf"></g><g v="intr"></g><g v="pres"></g><g v="actv"></g><g v="neut"></g><g v="sing"></g><g v="ablt"></g></l></v><v><l id="324749" t="следующий"><g v="PRTF"></g><g v="impf"></g><g v="intr"></g><g v="pres"></g><g v="actv"></g><g v="plur"></g><g v="datv"></g></l></v><v><l id="324769" t="следующий"><g v="ADJF"></g><g v="masc"></g><g v="sing"></g><g v="ablt"></g></l></v><v><l id="324769" t="следующий"><g v="ADJF"></g><g v="neut"></g><g v="sing"></g><g v="ablt"></g></l></v><v><l id="324769" t="следующий"><g v="ADJF"></g><g v="plur"></g><g v="datv"></g></l></v></tfr></token><token id="648939" text="образом"><tfr rev_id="1481049" t="образом"><v><l id="198787" t="образ"><g v="NOUN"></g><g v="inan"></g><g v="masc"></g><g v="sing"></g><g v="ablt"></g></l></v></tfr></token><token id="648940" text=":"><tfr rev_id="1481050" t=":"><v><l id="0" t=":"><g v="PNCT"></g></l></v></tfr></token></tokens></sentence><sentence id="36284"><source>«Мы один раз еще испытаем неприятность, потому что как раз переход на"летнее"время - это уменьшение сна на один час, но после этого неприятности закончатся...</source><tokens><token id="648941" text="«"><tfr rev_id="2445527" t="«"><v><l id="0" t="«"><g v="PNCT"></g></l></v></tfr></token><token id="648942" text="Мы"><tfr rev_id="1481052" t="Мы"><v><l id="165750" t="мы"><g v="NPRO"></g><g v="1per"></g><g v="plur"></g><g v="nomn"></g></l></v></tfr></token><token id="648943" text="один"><tfr rev_id="4299679" t="один"><v><l id="203319" t="один"><g v="ADJF"></g><g v="Apro"></g><g v="Anum"></g><g v="inan"></g><g v="masc"></g><g v="sing"></g><g v="accs"></g></l></v></tfr></token><token id="648944" text="раз"><tfr rev_id="4488166" t="раз"><v><l id="291500" t="раз"><g v="NOUN"></g><g v="inan"></g><g v="masc"></g><g v="sing"></g><g v="nomn"></g></l></v><v><l id="291500" t="раз"><g v="NOUN"></g><g v="inan"></g><g v="masc"></g><g v="sing"></g><g v="accs"></g></l></v></tfr></token><token id="648945" text="еще"><tfr rev_id="1481055" t="еще"><v><l id="95551" t="ещё"><g v="PRCL"></g></l></v><v><l id="95552" t="ещё"><g v="ADVB"></g></l></v></tfr></token><token id="648946" text="испытаем"><tfr rev_id="1481056" t="испытаем"><v><l id="125668" t="испытал"><g v="VERB"></g><g v="perf"></g><g v="tran"></g><g v="plur"></g><g v="1per"></g><g v="futr"></g><g v="indc"></g></l></v><v><l id="125668" t="испытал"><g v="VERB"></g><g v="perf"></g><g v="tran"></g><g v="sing"></g><g v="impr"></g><g v="incl"></g></l></v></tfr></token><token id="648947" text="неприятность"><tfr rev_id="3478004" t="неприятность"><v><l id="186767" t="неприятность"><g v="NOUN"></g><g v="inan"></g><g v="femn"></g><g v="sing"></g><g v="accs"></g></l></v></tfr></token><token id="648948" text=","><tfr rev_id="1481058" t=","><v><l id="0" t=","><g v="PNCT"></g></l></v></tfr></token><token id="648949" text="потому"><tfr rev_id="1481059" t="потому"><v><l id="263335" t="потому"><g v="ADVB"></g><g v="Dmns"></g></l></v></tfr></token><token id="648950" text="что"><tfr rev_id="3197265" t="что"><v><l id="377004" t="что"><g v="CONJ"></g></l></v><v><l id="377005" t="что"><g v="NPRO"></g><g v="neut"></g><g v="sing"></g><g v="nomn"></g></l></v><v><l id="377005" t="что"><g v="NPRO"></g><g v="neut"></g><g v="sing"></g><g v="accs"></g></l></v><v><l id="377006" t="что"><g v="ADVB"></g><g v="Ques"></g></l></v><v><l id="388695" t="что"><g v="PRCL"></g></l></v></tfr></token><token id="648951" text="как"><tfr rev_id="1481061" t="как"><v><l id="128190" t="как"><g v="CONJ"></g></l></v><v><l id="128191" t="как"><g v="PRCL"></g></l></v><v><l id="128192" t="как"><g v="ADVB"></g><g v="Ques"></g></l></v></tfr></token><token id="648952" text="раз"><tfr rev_id="4507280" t="раз"><v><l id="291499" t="раз"><g v="ADVB"></g></l></v></tfr></token><token id="648953" text="переход"><tfr rev_id="1481063" t="переход"><v><l id="236373" t="переход"><g v="NOUN"></g><g v="inan"></g><g v="masc"></g><g v="sing"></g><g v="nomn"></g></l></v><v><l id="236373" t="переход"><g v="NOUN"></g><g v="inan"></g><g v="masc"></g><g v="sing"></g><g v="accs"></g></l></v></tfr></token><token id="648954" text="на"><tfr rev_id="3334494" t="на"><v><l id="166264" t="на"><g v="PREP"></g></l></v></tfr></token><token id="648955" text="&quot;"><tfr rev_id="1481065" t="&quot;"><v><l id="0" t="&quot;"><g v="PNCT"></g></l></v></tfr></token><token id="648956" text="летнее"><tfr rev_id="3815037" t="летнее"><v><l id="148685" t="летний"><g v="ADJF"></g><g v="neut"></g><g v="sing"></g><g v="nomn"></g></l></v><v><l id="148685" t="летний"><g v="ADJF"></g><g v="neut"></g><g v="sing"></g><g v="accs"></g></l></v></tfr></token><token id="648957" text="&quot;"><tfr rev_id="1481067" t="&quot;"><v><l id="0" t="&quot;"><g v="PNCT"></g></l></v></tfr></token><token id="648958" text="время"><tfr rev_id="3301248" t="время"><v><l id="53149" t="время"><g v="NOUN"></g><g v="inan"></g><g v="neut"></g><g v="sing"></g><g v="accs"></g></l></v></tfr></token><token id="648959" text="-"><tfr rev_id="1481069" t="-"><v><l id="0" t="-"><g v="PNCT"></g></l></v></tfr></token><token id="648960" text="это"><tfr rev_id="4441686" t="это"><v><l id="386574" t="это"><g v="PRCL"></g></l></v><v><l id="386575" t="это"><g v="NPRO"></g><g v="neut"></g><g v="sing"></g><g v="nomn"></g></l></v><v><l id="386575" t="это"><g v="NPRO"></g><g v="neut"></g><g v="sing"></g><g v="accs"></g></l></v><v><l id="386581" t="этот"><g v="ADJF"></g><g v="Subx"></g><g v="Apro"></g><g v="Anph"></g><g v="neut"></g><g v="sing"></g><g v="nomn"></g></l></v><v><l id="386581" t="этот"><g v="ADJF"></g><g v="Subx"></g><g v="Apro"></g><g v="Anph"></g><g v="neut"></g><g v="sing"></g><g v="accs"></g></l></v></tfr></token><token id="648961" text="уменьшение"><tfr rev_id="4107974" t="уменьшение"><v><l id="357492" t="уменьшение"><g v="NOUN"></g><g v="inan"></g><g v="neut"></g><g v="sing"></g><g v="nomn"></g></l></v></tfr></token><token id="648962" text="сна"><tfr rev_id="1481072" t="сна"><v><l id="329403" t="сон"><g v="NOUN"></g><g v="inan"></g><g v="masc"></g><g v="sing"></g><g v="gent"></g></l></v></tfr></token><token id="648963" text="на"><tfr rev_id="3345369" t="на"><v><l id="166264" t="на"><g v="PREP"></g></l></v></tfr></token><token id="648964" text="один"><tfr rev_id="4299680" t="один"><v><l id="203319" t="один"><g v="ADJF"></g><g v="Apro"></g><g v="Anum"></g><g v="masc"></g><g v="sing"></g><g v="nomn"></g></l></v><v><l id="203319" t="один"><g v="ADJF"></g><g v="Apro"></g><g v="Anum"></g><g v="inan"></g><g v="masc"></g><g v="sing"></g><g v="accs"></g></l></v></tfr></token><token id="648965" text="час"><tfr rev_id="1481075" t="час"><v><l id="374736" t="час"><g v="NOUN"></g><g v="inan"></g><g v="masc"></g><g v="sing"></g><g v="nomn"></g></l></v><v><l id="374736" t="час"><g v="NOUN"></g><g v="inan"></g><g v="masc"></g><g v="sing"></g><g v="accs"></g></l></v></tfr></token><token id="648966" text=","><tfr rev_id="1481076" t=","><v><l id="0" t=","><g v="PNCT"></g></l></v></tfr></token><token id="648967" text="но"><tfr rev_id="1481077" t="но"><v><l id="191429" t="но"><g v="CONJ"></g></l></v><v><l id="191430" t="но"><g v="INTJ"></g></l></v></tfr></token><token id="648968" text="после"><tfr rev_id="4407107" t="после"><v><l id="261542" t="после"><g v="PREP"></g></l></v></tfr></token><token id="648969" text="этого"><tfr rev_id="4472257" t="этого"><v><l id="386575" t="это"><g v="NPRO"></g><g v="neut"></g><g v="sing"></g><g v="gent"></g></l></v></tfr></token><token id="648970" text="неприятности"><tfr rev_id="3815282" t="неприятности"><v><l id="186767" t="неприятность"><g v="NOUN"></g><g v="inan"></g><g v="femn"></g><g v="plur"></g><g v="nomn"></g></l></v></tfr></token><token id="648971" text="закончатся"><tfr rev_id="1481081" t="закончатся"><v><l id="103837" t="закончился"><g v="VERB"></g><g v="perf"></g><g v="intr"></g><g v="plur"></g><g v="3per"></g><g v="futr"></g><g v="indc"></g></l></v></tfr></token><token id="648972" text="..."><tfr rev_id="1481082" t="..."><v><l id="0" t="..."><g v="PNCT"></g></l></v></tfr></token></tokens></sentence><sentence id="36285"><source>В то же время у нас будет пролонгированный светлый день.</source><tokens><token id="648973" text="В"><tfr rev_id="1481083" t="В"><v><l id="37409" t="в"><g v="PREP"></g></l></v></tfr></token><token id="648974" text="то"><tfr rev_id="3777613" t="то"><v><l id="346835" t="то"><g v="CONJ"></g></l></v><v><l id="346836" t="то"><g v="PRCL"></g></l></v><v><l id="348430" t="тот"><g v="ADJF"></g><g v="Subx"></g><g v="Apro"></g><g v="Anph"></g><g v="neut"></g><g v="sing"></g><g v="nomn"></g></l></v><v><l id="348430" t="тот"><g v="ADJF"></g><g v="Subx"></g><g v="Apro"></g><g v="Anph"></g><g v="neut"></g><g v="sing"></g><g v="accs"></g></l></v></tfr></token><token id="648975" text="же"><tfr rev_id="1481085" t="же"><v><l id="96208" t="же"><g v="CONJ"></g></l></v><v><l id="96209" t="же"><g v="PRCL"></g></l></v></tfr></token><token id="648976" text="время"><tfr rev_id="3531597" t="время"><v><l id="53149" t="время"><g v="NOUN"></g><g v="inan"></g><g v="neut"></g><g v="sing"></g><g v="accs"></g></l></v></tfr></token><token id="648977" text="у"><tfr rev_id="3328192" t="у"><v><l id="352818" t="у"><g v="PREP"></g></l></v></tfr></token><token id="648978" text="нас"><tfr rev_id="4175276" t="нас"><v><l id="165750" t="мы"><g v="NPRO"></g><g v="1per"></g><g v="plur"></g><g v="gent"></g></l></v></tfr></token><token id="648979" text="будет"><tfr rev_id="1481089" t="будет"><v><l id="37265" t="есть"><g v="VERB"></g><g v="impf"></g><g v="intr"></g><g v="sing"></g><g v="3per"></g><g v="futr"></g><g v="indc"></g></l></v></tfr></token><token id="648980" text="пролонгированный"><tfr rev_id="1481090" t="пролонгированный"><v><l id="281614" t="пролонгированный"><g v="PRTF"></g><g v="perf"></g><g v="tran"></g><g v="past"></g><g v="pssv"></g><g v="masc"></g><g v="sing"></g><g v="nomn"></g></l></v><v><l id="281614" t="пролонгированный"><g v="PRTF"></g><g v="perf"></g><g v="tran"></g><g v="past"></g><g v="pssv"></g><g v="inan"></g><g v="masc"></g><g v="sing"></g><g v="accs"></g></l></v><v><l id="281615" t="пролонгированный"><g v="PRTF"></g><g v="impf"></g><g v="tran"></g><g v="past"></g><g v="pssv"></g><g v="masc"></g><g v="sing"></g><g v="nomn"></g></l></v><v><l id="281615" t="пролонгированный"><g v="PRTF"></g><g v="impf"></g><g v="tran"></g><g v="past"></g><g v="pssv"></g><g v="inan"></g><g v="masc"></g><g v="sing"></g><g v="accs"></g></l></v></tfr></token><token id="648981" text="светлый"><tfr rev_id="1481091" t="светлый"><v><l id="315662" t="светлый"><g v="ADJF"></g><g v="Qual"></g><g v="masc"></g><g v="sing"></g><g v="nomn"></g></l></v><v><l id="315662" t="светлый"><g v="ADJF"></g><g v="Qual"></g><g v="inan"></g><g v="masc"></g><g v="sing"></g><g v="accs"></g></l></v></tfr></token><token id="648982" text="день"><tfr rev_id="1715353" t="день"><v><l id="81427" t="день"><g v="NOUN"></g><g v="inan"></g><g v="masc"></g><g v="sing"></g><g v="nomn"></g></l></v><v><l id="81427" t="день"><g v="NOUN"></g><g v="inan"></g><g v="masc"></g><g v="sing"></g><g v="accs"></g></l></v></tfr></token><token id="648983" text="."><tfr rev_id="1481093" t="."><v><l id="0" t="."><g v="PNCT"></g></l></v></tfr></token></tokens></sentence><sentence id="36286"><source>Для страны в целом это полезно».</source><tokens><token id="648984" text="Для"><tfr rev_id="2707394" t="Для"><v><l id="85032" t="для"><g v="PREP"></g></l></v></tfr></token><token id="648985" text="страны"><tfr rev_id="2693639" t="страны"><v><l id="337100" t="страна"><g v="NOUN"></g><g v="inan"></g><g v="femn"></g><g v="sing"></g><g v="gent"></g></l></v></tfr></token><token id="648986" text="в"><tfr rev_id="1481096" t="в"><v><l id="37409" t="в"><g v="PREP"></g></l></v></tfr></token><token id="648987" text="целом"><tfr rev_id="4154245" t="целом"><v><l id="373197" t="целое"><g v="NOUN"></g><g v="inan"></g><g v="neut"></g><g v="sing"></g><g v="loct"></g></l></v></tfr></token><token id="648988" text="это"><tfr rev_id="4441687" t="это"><v><l id="386574" t="это"><g v="PRCL"></g></l></v><v><l id="386575" t="это"><g v="NPRO"></g><g v="neut"></g><g v="sing"></g><g v="nomn"></g></l></v><v><l id="386575" t="это"><g v="NPRO"></g><g v="neut"></g><g v="sing"></g><g v="accs"></g></l></v><v><l id="386581" t="этот"><g v="ADJF"></g><g v="Subx"></g><g v="Apro"></g><g v="Anph"></g><g v="neut"></g><g v="sing"></g><g v="nomn"></g></l></v><v><l id="386581" t="этот"><g v="ADJF"></g><g v="Subx"></g><g v="Apro"></g><g v="Anph"></g><g v="neut"></g><g v="sing"></g><g v="accs"></g></l></v></tfr></token><token id="648989" text="полезно"><tfr rev_id="1481099" t="полезно"><v><l id="255318" t="полезно"><g v="ADVB"></g><g v="Prdx"></g></l></v><v><l id="255323" t="полезен"><g v="ADJS"></g><g v="Qual"></g><g v="neut"></g><g v="sing"></g></l></v></tfr></token><token id="648990" text="»"><tfr rev_id="2445528" t="»"><v><l id="0" t="»"><g v="PNCT"></g></l></v></tfr></token><token id="648991" text="."><tfr rev_id="1481101" t="."><v><l id="0" t="."><g v="PNCT"></g></l></v></tfr></token></tokens></sentence></paragraph><paragraph id="11545"><sentence id="36287"><source>Причину своего решения глава государства объяснил тем, что постоянные переходы с летного времени на зимнее и обратно связаны не только с дискомфортом; «необходимость адаптироваться связана и со стрессом, и с заболеваниями» отметил президент России.</source><tokens><token id="648992" text="Причину"><tfr rev_id="1481102" t="Причину"><v><l id="276522" t="причина"><g v="NOUN"></g><g v="inan"></g><g v="femn"></g><g v="sing"></g><g v="accs"></g></l></v></tfr></token><token id="648993" text="своего"><tfr rev_id="3946352" t="своего"><v><l id="316379" t="свой"><g v="ADJF"></g><g v="Apro"></g><g v="Anph"></g><g v="neut"></g><g v="sing"></g><g v="gent"></g></l></v></tfr></token><token id="648994" text="решения"><tfr rev_id="3453371" t="решения"><v><l id="307350" t="решение"><g v="NOUN"></g><g v="inan"></g><g v="neut"></g><g v="sing"></g><g v="gent"></g></l></v></tfr></token><token id="648995" text="глава"><tfr rev_id="4525730" t="глава"><v><l id="70790" t="глава"><g v="NOUN"></g><g v="anim"></g><g v="ms-f"></g><g v="sing"></g><g v="nomn"></g></l></v></tfr></token><token id="648996" text="государства"><tfr rev_id="4100251" t="государства"><v><l id="74164" t="государство"><g v="NOUN"></g><g v="inan"></g><g v="neut"></g><g v="sing"></g><g v="gent"></g></l></v></tfr></token><token id="648997" text="объяснил"><tfr rev_id="1481107" t="объяснил"><v><l id="201923" t="объяснил"><g v="VERB"></g><g v="perf"></g><g v="tran"></g><g v="masc"></g><g v="sing"></g><g v="past"></g><g v="indc"></g></l></v></tfr></token><token id="648998" text="тем"><tfr rev_id="4504414" t="тем"><v><l id="348430" t="тот"><g v="ADJF"></g><g v="Subx"></g><g v="Apro"></g><g v="Anph"></g><g v="masc"></g><g v="sing"></g><g v="ablt"></g></l></v><v><l id="348430" t="тот"><g v="ADJF"></g><g v="Subx"></g><g v="Apro"></g><g v="Anph"></g><g v="neut"></g><g v="sing"></g><g v="ablt"></g></l></v></tfr></token><token id="648999" text=","><tfr rev_id="1481109" t=","><v><l id="0" t=","><g v="PNCT"></g></l></v></tfr></token><token id="649000" text="что"><tfr rev_id="3197266" t="что"><v><l id="377004" t="что"><g v="CONJ"></g></l></v><v><l id="377005" t="что"><g v="NPRO"></g><g v="neut"></g><g v="sing"></g><g v="nomn"></g></l></v><v><l id="377005" t="что"><g v="NPRO"></g><g v="neut"></g><g v="sing"></g><g v="accs"></g></l></v><v><l id="377006" t="что"><g v="ADVB"></g><g v="Ques"></g></l></v><v><l id="388695" t="что"><g v="PRCL"></g></l></v></tfr></token><token id="649001" text="постоянные"><tfr rev_id="4084799" t="постоянные"><v><l id="262409" t="постоянный"><g v="ADJF"></g><g v="Qual"></g><g v="plur"></g><g v="nomn"></g></l></v></tfr></token><token id="649002" text="переходы"><tfr rev_id="3728172" t="переходы"><v><l id="236373" t="переход"><g v="NOUN"></g><g v="inan"></g><g v="masc"></g><g v="plur"></g><g v="nomn"></g></l></v></tfr></token><token id="649003" text="с"><tfr rev_id="1481113" t="с"><v><l id="311151" t="с"><g v="PREP"></g></l></v></tfr></token><token id="649004" text="летного"><tfr rev_id="4572113" t="летного"><v><l id="146078" t="лётный"><g v="ADJF"></g><g v="neut"></g><g v="sing"></g><g v="gent"></g></l></v></tfr></token><token id="649005" text="времени"><tfr rev_id="3549465" t="времени"><v><l id="53149" t="время"><g v="NOUN"></g><g v="inan"></g><g v="neut"></g><g v="sing"></g><g v="gent"></g></l></v></tfr></token><token id="649006" text="на"><tfr rev_id="3475899" t="на"><v><l id="166264" t="на"><g v="PREP"></g></l></v></tfr></token><token id="649007" text="зимнее"><tfr rev_id="3810130" t="зимнее"><v><l id="115420" t="зимний"><g v="ADJF"></g><g v="neut"></g><g v="sing"></g><g v="nomn"></g></l></v><v><l id="115420" t="зимний"><g v="ADJF"></g><g v="neut"></g><g v="sing"></g><g v="accs"></g></l></v></tfr></token><token id="649008" text="и"><tfr rev_id="1481118" t="и"><v><l id="116949" t="и"><g v="CONJ"></g></l></v><v><l id="116950" t="и"><g v="INTJ"></g></l></v></tfr></token><token id="649009" text="обратно"><tfr rev_id="1481119" t="обратно"><v><l id="198932" t="обратно"><g v="ADVB"></g></l></v><v><l id="198940" t="обратен"><g v="ADJS"></g><g v="Qual"></g><g v="neut"></g><g v="sing"></g></l></v></tfr></token><token id="649010" text="связаны"><tfr rev_id="1481120" t="связаны"><v><l id="316534" t="связан"><g v="PRTS"></g><g v="perf"></g><g v="past"></g><g v="pssv"></g><g v="plur"></g></l></v></tfr></token><token id="649011" text="не"><tfr rev_id="1481121" t="не"><v><l id="178876" t="не"><g v="PRCL"></g></l></v></tfr></token><token id="649012" text="только"><tfr rev_id="3784118" t="только"><v><l id="347395" t="только"><g v="CONJ"></g></l></v><v><l id="347396" t="только"><g v="PRCL"></g></l></v><v><l id="390053" t="только"><g v="ADVB"></g></l></v></tfr></token><token id="649013" text="с"><tfr rev_id="1481123" t="с"><v><l id="311151" t="с"><g v="PREP"></g></l></v></tfr></token><token id="649014" text="дискомфортом"><tfr rev_id="1481124" t="дискомфортом"><v><l id="84318" t="дискомфорт"><g v="NOUN"></g><g v="inan"></g><g v="masc"></g><g v="sing"></g><g v="ablt"></g></l></v></tfr></token><token id="649015" text=";"><tfr rev_id="1481125" t=";"><v><l id="0" t=";"><g v="PNCT"></g></l></v></tfr></token><token id="649016" text="«"><tfr rev_id="2445529" t="«"><v><l id="0" t="«"><g v="PNCT"></g></l></v></tfr></token><token id="649017" text="необходимость"><tfr rev_id="1481127" t="необходимость"><v><l id="184807" t="необходимость"><g v="NOUN"></g><g v="inan"></g><g v="femn"></g><g v="sing"></g><g v="nomn"></g></l></v><v><l id="184807" t="необходимость"><g v="NOUN"></g><g v="inan"></g><g v="femn"></g><g v="sing"></g><g v="accs"></g></l></v></tfr></token><token id="649018" text="адаптироваться"><tfr rev_id="1481128" t="адаптироваться"><v><l id="4599" t="адаптироваться"><g v="INFN"></g><g v="perf"></g><g v="intr"></g></l></v><v><l id="4600" t="адаптироваться"><g v="INFN"></g><g v="impf"></g><g v="intr"></g></l></v></tfr></token><token id="649019" text="связана"><tfr rev_id="1481129" t="связана"><v><l id="316534" t="связан"><g v="PRTS"></g><g v="perf"></g><g v="past"></g><g v="pssv"></g><g v="femn"></g><g v="sing"></g></l></v></tfr></token><token id="649020" text="и"><tfr rev_id="3692936" t="и"><v><l id="116949" t="и"><g v="CONJ"></g></l></v></tfr></token><token id="649021" text="со"><tfr rev_id="2919241" t="со"><v><l id="311151" t="с"><g v="PREP"></g><g v="Vpre"></g></l></v></tfr></token><token id="649022" text="стрессом"><tfr rev_id="1481132" t="стрессом"><v><l id="337527" t="стресс"><g v="NOUN"></g><g v="inan"></g><g v="masc"></g><g v="sing"></g><g v="ablt"></g></l></v></tfr></token><token id="649023" text=","><tfr rev_id="1481133" t=","><v><l id="0" t=","><g v="PNCT"></g></l></v></tfr></token><token id="649024" text="и"><tfr rev_id="1481134" t="и"><v><l id="116949" t="и"><g v="CONJ"></g></l></v><v><l id="116950" t="и"><g v="INTJ"></g></l></v></tfr></token><token id="649025" text="с"><tfr rev_id="1481135" t="с"><v><l id="311151" t="с"><g v="PREP"></g></l></v></tfr></token><token id="649026" text="заболеваниями"><tfr rev_id="1481136" t="заболеваниями"><v><l id="98704" t="заболевание"><g v="NOUN"></g><g v="inan"></g><g v="neut"></g><g v="plur"></g><g v="ablt"></g></l></v></tfr></token><token id="649027" text="»"><tfr rev_id="2445530" t="»"><v><l id="0" t="»"><g v="PNCT"></g></l></v></tfr></token><token id="649028" text="отметил"><tfr rev_id="1481138" t="отметил"><v><l id="215584" t="отметил"><g v="VERB"></g><g v="perf"></g><g v="tran"></g><g v="masc"></g><g v="sing"></g><g v="past"></g><g v="indc"></g></l></v></tfr></token><token id="649029" text="президент"><tfr rev_id="1481139" t="президент"><v><l id="267449" t="президент"><g v="NOUN"></g><g v="anim"></g><g v="masc"></g><g v="sing"></g><g v="nomn"></g></l></v></tfr></token><token id="649030" text="России"><tfr rev_id="2782222" t="России"><v><l id="309322" t="россия"><g v="NOUN"></g><g v="inan"></g><g v="femn"></g><g v="Sgtm"></g><g v="Geox"></g><g v="sing"></g><g v="gent"></g></l></v></tfr></token><token id="649031" text="."><tfr rev_id="1481141" t="."><v><l id="0" t="."><g v="PNCT"></g></l></v></tfr></token></tokens></sentence></paragraph></paragraphs></text>