<?xml version="1.0" encoding="utf-8"?><text id="1253" parent="56" name="Лунные планы Китая"><tags><tag>Автор:http://ru.wikinews.org/wiki/Участник:Ygrek</tag><tag>Дата:09/03</tag><tag>Год:2006</tag><tag>Тема:ВикиКатегория:Космонавтика</tag><tag>Тема:ВикиКатегория:Космонавтика Китая</tag><tag>Тема:ВикиКатегория:Наука и технологии</tag><tag>url:http://ru.wikinews.org/w/index.php?title=Лунные_планы_Китая&amp;oldid=74206</tag></tags><paragraphs><paragraph id="11553"><sentence id="36300"><source>В Китае ещё в 2004 году Госсоветом КНР был утверждён проект «Чанъэ», нацеленный на исследования Луны.</source><tokens><token id="649293" text="В"><tfr rev_id="1481403" t="В"><v><l id="37409" t="в"><g v="PREP"></g></l></v></tfr></token><token id="649294" text="Китае"><tfr rev_id="1481404" t="Китае"><v><l id="133640" t="китай"><g v="NOUN"></g><g v="inan"></g><g v="masc"></g><g v="Sgtm"></g><g v="Geox"></g><g v="sing"></g><g v="loct"></g></l></v></tfr></token><token id="649295" text="ещё"><tfr rev_id="1481405" t="ещё"><v><l id="95551" t="ещё"><g v="PRCL"></g></l></v><v><l id="95552" t="ещё"><g v="ADVB"></g></l></v></tfr></token><token id="649296" text="в"><tfr rev_id="1481406" t="в"><v><l id="37409" t="в"><g v="PREP"></g></l></v></tfr></token><token id="649297" text="2004"><tfr rev_id="2462213" t="2004"><v><l id="0" t="2004"><g v="NUMB"></g></l></v></tfr></token><token id="649298" text="году"><tfr rev_id="3045864" t="году"><v><l id="72149" t="год"><g v="NOUN"></g><g v="inan"></g><g v="masc"></g><g v="sing"></g><g v="loc2"></g></l></v></tfr></token><token id="649299" text="Госсоветом"><tfr rev_id="1481409" t="Госсоветом"><v><l id="74078" t="госсовет"><g v="NOUN"></g><g v="inan"></g><g v="masc"></g><g v="Orgn"></g><g v="sing"></g><g v="ablt"></g></l></v></tfr></token><token id="649300" text="КНР"><tfr rev_id="4448266" t="КНР"><v><l id="134887" t="кнр"><g v="NOUN"></g><g v="inan"></g><g v="femn"></g><g v="Sgtm"></g><g v="Fixd"></g><g v="Abbr"></g><g v="Geox"></g><g v="sing"></g><g v="gent"></g></l></v></tfr></token><token id="649301" text="был"><tfr rev_id="1481411" t="был"><v><l id="37265" t="есть"><g v="VERB"></g><g v="impf"></g><g v="intr"></g><g v="masc"></g><g v="sing"></g><g v="past"></g><g v="indc"></g></l></v></tfr></token><token id="649302" text="утверждён"><tfr rev_id="1481412" t="утверждён"><v><l id="361700" t="утверждён"><g v="PRTS"></g><g v="perf"></g><g v="past"></g><g v="pssv"></g><g v="masc"></g><g v="sing"></g></l></v></tfr></token><token id="649303" text="проект"><tfr rev_id="3269565" t="проект"><v><l id="279545" t="проект"><g v="NOUN"></g><g v="inan"></g><g v="masc"></g><g v="sing"></g><g v="nomn"></g></l></v></tfr></token><token id="649304" text="«"><tfr rev_id="2445531" t="«"><v><l id="0" t="«"><g v="PNCT"></g></l></v></tfr></token><token id="649305" text="Чанъэ"><tfr rev_id="1481415" t="Чанъэ"><v><l id="0" t="чанъэ"><g v="UNKN"></g></l></v></tfr></token><token id="649306" text="»"><tfr rev_id="2445532" t="»"><v><l id="0" t="»"><g v="PNCT"></g></l></v></tfr></token><token id="649307" text=","><tfr rev_id="1481417" t=","><v><l id="0" t=","><g v="PNCT"></g></l></v></tfr></token><token id="649308" text="нацеленный"><tfr rev_id="1481418" t="нацеленный"><v><l id="178047" t="нацеленный"><g v="PRTF"></g><g v="perf"></g><g v="tran"></g><g v="past"></g><g v="pssv"></g><g v="masc"></g><g v="sing"></g><g v="nomn"></g></l></v><v><l id="178047" t="нацеленный"><g v="PRTF"></g><g v="perf"></g><g v="tran"></g><g v="past"></g><g v="pssv"></g><g v="inan"></g><g v="masc"></g><g v="sing"></g><g v="accs"></g></l></v></tfr></token><token id="649309" text="на"><tfr rev_id="3337436" t="на"><v><l id="166264" t="на"><g v="PREP"></g></l></v></tfr></token><token id="649310" text="исследования"><tfr rev_id="3747566" t="исследования"><v><l id="125799" t="исследование"><g v="NOUN"></g><g v="inan"></g><g v="neut"></g><g v="plur"></g><g v="accs"></g></l></v></tfr></token><token id="649311" text="Луны"><tfr rev_id="3457914" t="Луны"><v><l id="151474" t="луна"><g v="NOUN"></g><g v="inan"></g><g v="femn"></g><g v="sing"></g><g v="gent"></g></l></v></tfr></token><token id="649312" text="."><tfr rev_id="1481422" t="."><v><l id="0" t="."><g v="PNCT"></g></l></v></tfr></token></tokens></sentence><sentence id="36301"><source>Реализация проекта будет проходить в три этапа.</source><tokens><token id="649313" text="Реализация"><tfr rev_id="1481423" t="Реализация"><v><l id="304404" t="реализация"><g v="NOUN"></g><g v="inan"></g><g v="femn"></g><g v="sing"></g><g v="nomn"></g></l></v></tfr></token><token id="649314" text="проекта"><tfr rev_id="1481424" t="проекта"><v><l id="279545" t="проект"><g v="NOUN"></g><g v="inan"></g><g v="masc"></g><g v="sing"></g><g v="gent"></g></l></v></tfr></token><token id="649315" text="будет"><tfr rev_id="1481425" t="будет"><v><l id="37265" t="есть"><g v="VERB"></g><g v="impf"></g><g v="intr"></g><g v="sing"></g><g v="3per"></g><g v="futr"></g><g v="indc"></g></l></v></tfr></token><token id="649316" text="проходить"><tfr rev_id="1481426" t="проходить"><v><l id="287184" t="проходить"><g v="INFN"></g><g v="impf"></g><g v="tran"></g></l></v><v><l id="287191" t="проходить"><g v="INFN"></g><g v="perf"></g><g v="intr"></g></l></v></tfr></token><token id="649317" text="в"><tfr rev_id="1481427" t="в"><v><l id="37409" t="в"><g v="PREP"></g></l></v></tfr></token><token id="649318" text="три"><tfr rev_id="2635365" t="три"><v><l id="349973" t="три"><g v="NUMR"></g><g v="nomn"></g></l></v><v><l id="349973" t="три"><g v="NUMR"></g><g v="inan"></g><g v="accs"></g></l></v></tfr></token><token id="649319" text="этапа"><tfr rev_id="1481429" t="этапа"><v><l id="386427" t="этап"><g v="NOUN"></g><g v="inan"></g><g v="masc"></g><g v="sing"></g><g v="gent"></g></l></v></tfr></token><token id="649320" text="."><tfr rev_id="1481430" t="."><v><l id="0" t="."><g v="PNCT"></g></l></v></tfr></token></tokens></sentence></paragraph><paragraph id="11554"><sentence id="36302"><source>• в 2004 — 2007 годах запланирован запуск спутника «Чанъэ-1», который должен выйти на орбиту вокруг Луны и работать на этой орбите в течение года.</source><tokens><token id="649321" text="•"><tfr rev_id="2445533" t="•"><v><l id="0" t="•"><g v="PNCT"></g></l></v></tfr></token><token id="649322" text="в"><tfr rev_id="1481432" t="в"><v><l id="37409" t="в"><g v="PREP"></g></l></v></tfr></token><token id="649323" text="2004"><tfr rev_id="2462214" t="2004"><v><l id="0" t="2004"><g v="NUMB"></g></l></v></tfr></token><token id="649324" text="—"><tfr rev_id="2445534" t="—"><v><l id="0" t="—"><g v="PNCT"></g></l></v></tfr></token><token id="649325" text="2007"><tfr rev_id="2462215" t="2007"><v><l id="0" t="2007"><g v="NUMB"></g></l></v></tfr></token><token id="649326" text="годах"><tfr rev_id="1481436" t="годах"><v><l id="72149" t="год"><g v="NOUN"></g><g v="inan"></g><g v="masc"></g><g v="plur"></g><g v="loct"></g></l></v></tfr></token><token id="649327" text="запланирован"><tfr rev_id="1481437" t="запланирован"><v><l id="107370" t="запланирован"><g v="PRTS"></g><g v="perf"></g><g v="past"></g><g v="pssv"></g><g v="masc"></g><g v="sing"></g></l></v></tfr></token><token id="649328" text="запуск"><tfr rev_id="1481438" t="запуск"><v><l id="108302" t="запуск"><g v="NOUN"></g><g v="inan"></g><g v="masc"></g><g v="sing"></g><g v="nomn"></g></l></v><v><l id="108302" t="запуск"><g v="NOUN"></g><g v="inan"></g><g v="masc"></g><g v="sing"></g><g v="accs"></g></l></v></tfr></token><token id="649329" text="спутника"><tfr rev_id="4341669" t="спутника"><v><l id="333235" t="спутник"><g v="NOUN"></g><g v="inan"></g><g v="masc"></g><g v="sing"></g><g v="gent"></g></l></v></tfr></token><token id="649330" text="«"><tfr rev_id="2445535" t="«"><v><l id="0" t="«"><g v="PNCT"></g></l></v></tfr></token><token id="649331" text="Чанъэ-1"><tfr rev_id="1481441" t="Чанъэ-1"><v><l id="0" t="Чанъэ-1"><g v="UNKN"></g></l></v></tfr></token><token id="649332" text="»"><tfr rev_id="2445536" t="»"><v><l id="0" t="»"><g v="PNCT"></g></l></v></tfr></token><token id="649333" text=","><tfr rev_id="1481443" t=","><v><l id="0" t=","><g v="PNCT"></g></l></v></tfr></token><token id="649334" text="который"><tfr rev_id="3637450" t="который"><v><l id="141203" t="который"><g v="ADJF"></g><g v="Apro"></g><g v="Subx"></g><g v="Anph"></g><g v="masc"></g><g v="sing"></g><g v="nomn"></g></l></v><v><l id="141203" t="который"><g v="ADJF"></g><g v="Apro"></g><g v="Subx"></g><g v="Anph"></g><g v="inan"></g><g v="masc"></g><g v="sing"></g><g v="accs"></g></l></v></tfr></token><token id="649335" text="должен"><tfr rev_id="2558792" t="должен"><v><l id="87975" t="должен"><g v="ADJS"></g><g v="masc"></g><g v="sing"></g></l></v></tfr></token><token id="649336" text="выйти"><tfr rev_id="1481446" t="выйти"><v><l id="57750" t="выйти"><g v="INFN"></g><g v="perf"></g><g v="intr"></g></l></v></tfr></token><token id="649337" text="на"><tfr rev_id="3333680" t="на"><v><l id="166264" t="на"><g v="PREP"></g></l></v></tfr></token><token id="649338" text="орбиту"><tfr rev_id="1481448" t="орбиту"><v><l id="208727" t="орбита"><g v="NOUN"></g><g v="inan"></g><g v="femn"></g><g v="sing"></g><g v="accs"></g></l></v></tfr></token><token id="649339" text="вокруг"><tfr rev_id="4420973" t="вокруг"><v><l id="49813" t="вокруг"><g v="PREP"></g></l></v></tfr></token><token id="649340" text="Луны"><tfr rev_id="3489652" t="Луны"><v><l id="151474" t="луна"><g v="NOUN"></g><g v="inan"></g><g v="femn"></g><g v="sing"></g><g v="gent"></g></l></v></tfr></token><token id="649341" text="и"><tfr rev_id="3410541" t="и"><v><l id="116949" t="и"><g v="CONJ"></g></l></v></tfr></token><token id="649342" text="работать"><tfr rev_id="1481452" t="работать"><v><l id="290503" t="работать"><g v="INFN"></g><g v="impf"></g><g v="intr"></g></l></v></tfr></token><token id="649343" text="на"><tfr rev_id="3345800" t="на"><v><l id="166264" t="на"><g v="PREP"></g></l></v></tfr></token><token id="649344" text="этой"><tfr rev_id="4438027" t="этой"><v><l id="386581" t="этот"><g v="ADJF"></g><g v="Subx"></g><g v="Apro"></g><g v="Anph"></g><g v="femn"></g><g v="sing"></g><g v="loct"></g></l></v></tfr></token><token id="649345" text="орбите"><tfr rev_id="3541045" t="орбите"><v><l id="208727" t="орбита"><g v="NOUN"></g><g v="inan"></g><g v="femn"></g><g v="sing"></g><g v="loct"></g></l></v></tfr></token><token id="649346" text="в"><tfr rev_id="1481456" t="в"><v><l id="37409" t="в"><g v="PREP"></g></l></v></tfr></token><token id="649347" text="течение"><tfr rev_id="3300827" t="течение"><v><l id="346009" t="течение"><g v="NOUN"></g><g v="inan"></g><g v="neut"></g><g v="sing"></g><g v="accs"></g></l></v></tfr></token><token id="649348" text="года"><tfr rev_id="3482286" t="года"><v><l id="72149" t="год"><g v="NOUN"></g><g v="inan"></g><g v="masc"></g><g v="sing"></g><g v="gen1"></g></l></v></tfr></token><token id="649349" text="."><tfr rev_id="1481459" t="."><v><l id="0" t="."><g v="PNCT"></g></l></v></tfr></token></tokens></sentence><sentence id="36303"><source>• в 2007 — 2012 годах доставка лунохода на поверхность Луны.</source><tokens><token id="649350" text="•"><tfr rev_id="2445537" t="•"><v><l id="0" t="•"><g v="PNCT"></g></l></v></tfr></token><token id="649351" text="в"><tfr rev_id="1481461" t="в"><v><l id="37409" t="в"><g v="PREP"></g></l></v></tfr></token><token id="649352" text="2007"><tfr rev_id="2462216" t="2007"><v><l id="0" t="2007"><g v="NUMB"></g></l></v></tfr></token><token id="649353" text="—"><tfr rev_id="2445538" t="—"><v><l id="0" t="—"><g v="PNCT"></g></l></v></tfr></token><token id="649354" text="2012"><tfr rev_id="2462217" t="2012"><v><l id="0" t="2012"><g v="NUMB"></g></l></v></tfr></token><token id="649355" text="годах"><tfr rev_id="1481465" t="годах"><v><l id="72149" t="год"><g v="NOUN"></g><g v="inan"></g><g v="masc"></g><g v="plur"></g><g v="loct"></g></l></v></tfr></token><token id="649356" text="доставка"><tfr rev_id="1481466" t="доставка"><v><l id="90446" t="доставка"><g v="NOUN"></g><g v="inan"></g><g v="femn"></g><g v="sing"></g><g v="nomn"></g></l></v></tfr></token><token id="649357" text="лунохода"><tfr rev_id="1481467" t="лунохода"><v><l id="151507" t="луноход"><g v="NOUN"></g><g v="inan"></g><g v="masc"></g><g v="sing"></g><g v="gent"></g></l></v></tfr></token><token id="649358" text="на"><tfr rev_id="3344045" t="на"><v><l id="166264" t="на"><g v="PREP"></g></l></v></tfr></token><token id="649359" text="поверхность"><tfr rev_id="4107400" t="поверхность"><v><l id="242247" t="поверхность"><g v="NOUN"></g><g v="inan"></g><g v="femn"></g><g v="sing"></g><g v="accs"></g></l></v></tfr></token><token id="649360" text="Луны"><tfr rev_id="3448338" t="Луны"><v><l id="151474" t="луна"><g v="NOUN"></g><g v="inan"></g><g v="femn"></g><g v="sing"></g><g v="gent"></g></l></v></tfr></token><token id="649361" text="."><tfr rev_id="1481471" t="."><v><l id="0" t="."><g v="PNCT"></g></l></v></tfr></token></tokens></sentence><sentence id="36304"><source>• в 2012 — 2017 годах возвращение на Землю образцов лунного грунта.</source><tokens><token id="649362" text="•"><tfr rev_id="2445539" t="•"><v><l id="0" t="•"><g v="PNCT"></g></l></v></tfr></token><token id="649363" text="в"><tfr rev_id="1481473" t="в"><v><l id="37409" t="в"><g v="PREP"></g></l></v></tfr></token><token id="649364" text="2012"><tfr rev_id="2462218" t="2012"><v><l id="0" t="2012"><g v="NUMB"></g></l></v></tfr></token><token id="649365" text="—"><tfr rev_id="2445540" t="—"><v><l id="0" t="—"><g v="PNCT"></g></l></v></tfr></token><token id="649366" text="2017"><tfr rev_id="2462219" t="2017"><v><l id="0" t="2017"><g v="NUMB"></g></l></v></tfr></token><token id="649367" text="годах"><tfr rev_id="1481477" t="годах"><v><l id="72149" t="год"><g v="NOUN"></g><g v="inan"></g><g v="masc"></g><g v="plur"></g><g v="loct"></g></l></v></tfr></token><token id="649368" text="возвращение"><tfr rev_id="4240553" t="возвращение"><v><l id="48845" t="возвращение"><g v="NOUN"></g><g v="inan"></g><g v="neut"></g><g v="sing"></g><g v="nomn"></g></l></v></tfr></token><token id="649369" text="на"><tfr rev_id="3341997" t="на"><v><l id="166264" t="на"><g v="PREP"></g></l></v></tfr></token><token id="649370" text="Землю"><tfr rev_id="1481480" t="Землю"><v><l id="115091" t="земля"><g v="NOUN"></g><g v="inan"></g><g v="femn"></g><g v="sing"></g><g v="accs"></g></l></v></tfr></token><token id="649371" text="образцов"><tfr rev_id="4208806" t="образцов"><v><l id="198788" t="образец"><g v="NOUN"></g><g v="inan"></g><g v="masc"></g><g v="plur"></g><g v="gent"></g></l></v></tfr></token><token id="649372" text="лунного"><tfr rev_id="4448705" t="лунного"><v><l id="151498" t="лунный"><g v="ADJF"></g><g v="Qual"></g><g v="masc"></g><g v="sing"></g><g v="gent"></g></l></v></tfr></token><token id="649373" text="грунта"><tfr rev_id="1481483" t="грунта"><v><l id="76049" t="грунт"><g v="NOUN"></g><g v="inan"></g><g v="masc"></g><g v="sing"></g><g v="gent"></g></l></v></tfr></token><token id="649374" text="."><tfr rev_id="1481484" t="."><v><l id="0" t="."><g v="PNCT"></g></l></v></tfr></token></tokens></sentence></paragraph><paragraph id="11555"><sentence id="36305"><source>После выполнения этой программы, Китай приступит к планированию пилотируемого полёта на Луну.</source><tokens><token id="649375" text="После"><tfr rev_id="4407265" t="После"><v><l id="261542" t="после"><g v="PREP"></g></l></v></tfr></token><token id="649376" text="выполнения"><tfr rev_id="3492287" t="выполнения"><v><l id="60619" t="выполнение"><g v="NOUN"></g><g v="inan"></g><g v="neut"></g><g v="sing"></g><g v="gent"></g></l></v></tfr></token><token id="649377" text="этой"><tfr rev_id="4438028" t="этой"><v><l id="386581" t="этот"><g v="ADJF"></g><g v="Subx"></g><g v="Apro"></g><g v="Anph"></g><g v="femn"></g><g v="sing"></g><g v="gent"></g></l></v></tfr></token><token id="649378" text="программы"><tfr rev_id="3483856" t="программы"><v><l id="278686" t="программа"><g v="NOUN"></g><g v="inan"></g><g v="femn"></g><g v="sing"></g><g v="gent"></g></l></v></tfr></token><token id="649379" text=","><tfr rev_id="1481489" t=","><v><l id="0" t=","><g v="PNCT"></g></l></v></tfr></token><token id="649380" text="Китай"><tfr rev_id="1481490" t="Китай"><v><l id="133640" t="китай"><g v="NOUN"></g><g v="inan"></g><g v="masc"></g><g v="Sgtm"></g><g v="Geox"></g><g v="sing"></g><g v="nomn"></g></l></v><v><l id="133640" t="китай"><g v="NOUN"></g><g v="inan"></g><g v="masc"></g><g v="Sgtm"></g><g v="Geox"></g><g v="sing"></g><g v="accs"></g></l></v></tfr></token><token id="649381" text="приступит"><tfr rev_id="1481491" t="приступит"><v><l id="274930" t="приступил"><g v="VERB"></g><g v="perf"></g><g v="intr"></g><g v="sing"></g><g v="3per"></g><g v="futr"></g><g v="indc"></g></l></v></tfr></token><token id="649382" text="к"><tfr rev_id="1481492" t="к"><v><l id="127460" t="к"><g v="PREP"></g></l></v></tfr></token><token id="649383" text="планированию"><tfr rev_id="1481493" t="планированию"><v><l id="239712" t="планирование"><g v="NOUN"></g><g v="inan"></g><g v="neut"></g><g v="sing"></g><g v="datv"></g></l></v></tfr></token><token id="649384" text="пилотируемого"><tfr rev_id="3443205" t="пилотируемого"><v><l id="238726" t="пилотируемый"><g v="PRTF"></g><g v="impf"></g><g v="tran"></g><g v="pres"></g><g v="pssv"></g><g v="masc"></g><g v="sing"></g><g v="gent"></g></l></v><v><l id="238726" t="пилотируемый"><g v="PRTF"></g><g v="impf"></g><g v="tran"></g><g v="pres"></g><g v="pssv"></g><g v="anim"></g><g v="masc"></g><g v="sing"></g><g v="accs"></g></l></v></tfr></token><token id="649385" text="полёта"><tfr rev_id="1481495" t="полёта"><v><l id="255108" t="полёт"><g v="NOUN"></g><g v="inan"></g><g v="masc"></g><g v="sing"></g><g v="gent"></g></l></v></tfr></token><token id="649386" text="на"><tfr rev_id="3344569" t="на"><v><l id="166264" t="на"><g v="PREP"></g></l></v></tfr></token><token id="649387" text="Луну"><tfr rev_id="1481497" t="Луну"><v><l id="151474" t="луна"><g v="NOUN"></g><g v="inan"></g><g v="femn"></g><g v="sing"></g><g v="accs"></g></l></v></tfr></token><token id="649388" text="."><tfr rev_id="1481498" t="."><v><l id="0" t="."><g v="PNCT"></g></l></v></tfr></token></tokens></sentence></paragraph><paragraph id="11556"><sentence id="36306"><source>В настоящий момент уже изготовлены некоторые приборы, которые будут установлены на спутнике «Чанъэ-1», который должен отправиться к Луне.</source><tokens><token id="649389" text="В"><tfr rev_id="1481499" t="В"><v><l id="37409" t="в"><g v="PREP"></g></l></v></tfr></token><token id="649390" text="настоящий"><tfr rev_id="1481500" t="настоящий"><v><l id="176151" t="настоящий"><g v="ADJF"></g><g v="masc"></g><g v="sing"></g><g v="nomn"></g></l></v><v><l id="176151" t="настоящий"><g v="ADJF"></g><g v="inan"></g><g v="masc"></g><g v="sing"></g><g v="accs"></g></l></v></tfr></token><token id="649391" text="момент"><tfr rev_id="4104071" t="момент"><v><l id="163050" t="момент"><g v="NOUN"></g><g v="inan"></g><g v="masc"></g><g v="sing"></g><g v="accs"></g></l></v></tfr></token><token id="649392" text="уже"><tfr rev_id="2692824" t="уже"><v><l id="355422" t="уж"><g v="NOUN"></g><g v="anim"></g><g v="masc"></g><g v="sing"></g><g v="loct"></g></l></v><v><l id="355498" t="уже"><g v="ADVB"></g></l></v><v><l id="355674" t="уже"><g v="COMP"></g><g v="Qual"></g></l></v><v><l id="388673" t="уже"><g v="PRCL"></g></l></v></tfr></token><token id="649393" text="изготовлены"><tfr rev_id="1481503" t="изготовлены"><v><l id="118608" t="изготовлен"><g v="PRTS"></g><g v="perf"></g><g v="past"></g><g v="pssv"></g><g v="plur"></g></l></v></tfr></token><token id="649394" text="некоторые"><tfr rev_id="4474823" t="некоторые"><v><l id="183542" t="некоторый"><g v="ADJF"></g><g v="Apro"></g><g v="plur"></g><g v="nomn"></g></l></v><v><l id="183542" t="некоторый"><g v="ADJF"></g><g v="Apro"></g><g v="inan"></g><g v="plur"></g><g v="accs"></g></l></v></tfr></token><token id="649395" text="приборы"><tfr rev_id="3409640" t="приборы"><v><l id="268878" t="прибор"><g v="NOUN"></g><g v="inan"></g><g v="masc"></g><g v="plur"></g><g v="nomn"></g></l></v></tfr></token><token id="649396" text=","><tfr rev_id="1481506" t=","><v><l id="0" t=","><g v="PNCT"></g></l></v></tfr></token><token id="649397" text="которые"><tfr rev_id="4092563" t="которые"><v><l id="141203" t="который"><g v="ADJF"></g><g v="Apro"></g><g v="Subx"></g><g v="Anph"></g><g v="plur"></g><g v="nomn"></g></l></v></tfr></token><token id="649398" text="будут"><tfr rev_id="1481508" t="будут"><v><l id="37265" t="есть"><g v="VERB"></g><g v="impf"></g><g v="intr"></g><g v="plur"></g><g v="3per"></g><g v="futr"></g><g v="indc"></g></l></v></tfr></token><token id="649399" text="установлены"><tfr rev_id="1481509" t="установлены"><v><l id="360985" t="установлен"><g v="PRTS"></g><g v="perf"></g><g v="past"></g><g v="pssv"></g><g v="plur"></g></l></v></tfr></token><token id="649400" text="на"><tfr rev_id="3395209" t="на"><v><l id="166264" t="на"><g v="PREP"></g></l></v></tfr></token><token id="649401" text="спутнике"><tfr rev_id="4331832" t="спутнике"><v><l id="333235" t="спутник"><g v="NOUN"></g><g v="inan"></g><g v="masc"></g><g v="sing"></g><g v="loct"></g></l></v></tfr></token><token id="649402" text="«"><tfr rev_id="2445541" t="«"><v><l id="0" t="«"><g v="PNCT"></g></l></v></tfr></token><token id="649403" text="Чанъэ-1"><tfr rev_id="1481513" t="Чанъэ-1"><v><l id="0" t="Чанъэ-1"><g v="UNKN"></g></l></v></tfr></token><token id="649404" text="»"><tfr rev_id="2445542" t="»"><v><l id="0" t="»"><g v="PNCT"></g></l></v></tfr></token><token id="649405" text=","><tfr rev_id="1481515" t=","><v><l id="0" t=","><g v="PNCT"></g></l></v></tfr></token><token id="649406" text="который"><tfr rev_id="3637451" t="который"><v><l id="141203" t="который"><g v="ADJF"></g><g v="Apro"></g><g v="Subx"></g><g v="Anph"></g><g v="masc"></g><g v="sing"></g><g v="nomn"></g></l></v><v><l id="141203" t="который"><g v="ADJF"></g><g v="Apro"></g><g v="Subx"></g><g v="Anph"></g><g v="inan"></g><g v="masc"></g><g v="sing"></g><g v="accs"></g></l></v></tfr></token><token id="649407" text="должен"><tfr rev_id="2558793" t="должен"><v><l id="87975" t="должен"><g v="ADJS"></g><g v="masc"></g><g v="sing"></g></l></v></tfr></token><token id="649408" text="отправиться"><tfr rev_id="1481518" t="отправиться"><v><l id="216945" t="отправиться"><g v="INFN"></g><g v="perf"></g><g v="intr"></g></l></v></tfr></token><token id="649409" text="к"><tfr rev_id="1481519" t="к"><v><l id="127460" t="к"><g v="PREP"></g></l></v></tfr></token><token id="649410" text="Луне"><tfr rev_id="3541067" t="Луне"><v><l id="151474" t="луна"><g v="NOUN"></g><g v="inan"></g><g v="femn"></g><g v="sing"></g><g v="datv"></g></l></v></tfr></token><token id="649411" text="."><tfr rev_id="1481521" t="."><v><l id="0" t="."><g v="PNCT"></g></l></v></tfr></token></tokens></sentence></paragraph><paragraph id="11557"><sentence id="36307"><source>Руководителем программы исследования Луны является Академик Академии наук Китая Оуян Цзяюань.</source><tokens><token id="649412" text="Руководителем"><tfr rev_id="1481522" t="Руководителем"><v><l id="309980" t="руководитель"><g v="NOUN"></g><g v="anim"></g><g v="masc"></g><g v="sing"></g><g v="ablt"></g></l></v></tfr></token><token id="649413" text="программы"><tfr rev_id="3432396" t="программы"><v><l id="278686" t="программа"><g v="NOUN"></g><g v="inan"></g><g v="femn"></g><g v="sing"></g><g v="gent"></g></l></v></tfr></token><token id="649414" text="исследования"><tfr rev_id="3501009" t="исследования"><v><l id="125799" t="исследование"><g v="NOUN"></g><g v="inan"></g><g v="neut"></g><g v="sing"></g><g v="gent"></g></l></v></tfr></token><token id="649415" text="Луны"><tfr rev_id="3444399" t="Луны"><v><l id="151474" t="луна"><g v="NOUN"></g><g v="inan"></g><g v="femn"></g><g v="sing"></g><g v="gent"></g></l></v></tfr></token><token id="649416" text="является"><tfr rev_id="1481526" t="является"><v><l id="387385" t="являюсь"><g v="VERB"></g><g v="impf"></g><g v="intr"></g><g v="sing"></g><g v="3per"></g><g v="pres"></g><g v="indc"></g></l></v></tfr></token><token id="649417" text="Академик"><tfr rev_id="1481527" t="Академик"><v><l id="6762" t="академик"><g v="NOUN"></g><g v="anim"></g><g v="masc"></g><g v="sing"></g><g v="nomn"></g></l></v></tfr></token><token id="649418" text="Академии"><tfr rev_id="4179455" t="Академии"><v><l id="6770" t="академия"><g v="NOUN"></g><g v="inan"></g><g v="femn"></g><g v="sing"></g><g v="gent"></g></l></v></tfr></token><token id="649419" text="наук"><tfr rev_id="1481529" t="наук"><v><l id="177429" t="наука"><g v="NOUN"></g><g v="inan"></g><g v="femn"></g><g v="plur"></g><g v="gent"></g></l></v></tfr></token><token id="649420" text="Китая"><tfr rev_id="1481530" t="Китая"><v><l id="133640" t="китай"><g v="NOUN"></g><g v="inan"></g><g v="masc"></g><g v="Sgtm"></g><g v="Geox"></g><g v="sing"></g><g v="gent"></g></l></v></tfr></token><token id="649421" text="Оуян"><tfr rev_id="1481531" t="Оуян"><v><l id="0" t="оуян"><g v="UNKN"></g></l></v></tfr></token><token id="649422" text="Цзяюань"><tfr rev_id="1481532" t="Цзяюань"><v><l id="0" t="цзяюань"><g v="UNKN"></g></l></v></tfr></token><token id="649423" text="."><tfr rev_id="1481533" t="."><v><l id="0" t="."><g v="PNCT"></g></l></v></tfr></token></tokens></sentence></paragraph></paragraphs></text>