<?xml version="1.0" encoding="utf-8"?><text id="1254" parent="56" name="Через 50 лет после восстания — уличные бои"><tags><tag>Автор:http://ru.wikinews.org/wiki/Участник:Ygrek</tag><tag>url:http://ru.wikinews.org/w/index.php?title=Через_50_лет_после_восстания_—_уличные_бои&amp;oldid=58958</tag><tag>Дата:23/10</tag><tag>Год:2006</tag><tag>Гео:ВикиКатегория:Венгрия</tag><tag>Тема:ВикиКатегория:Политика</tag></tags><paragraphs><paragraph id="11558"><sentence id="36308"><source>В Венгрии отмечается пятидесятая годовщина народного восстания против коммунистического господства.</source><tokens><token id="649424" text="В"><tfr rev_id="1481534" t="В"><v><l id="37409" t="в"><g v="PREP"></g></l></v></tfr></token><token id="649425" text="Венгрии"><tfr rev_id="2627822" t="Венгрии"><v><l id="40896" t="венгрия"><g v="NOUN"></g><g v="inan"></g><g v="femn"></g><g v="Sgtm"></g><g v="Geox"></g><g v="sing"></g><g v="loct"></g></l></v></tfr></token><token id="649426" text="отмечается"><tfr rev_id="1481536" t="отмечается"><v><l id="215607" t="отмечаюсь"><g v="VERB"></g><g v="impf"></g><g v="intr"></g><g v="sing"></g><g v="3per"></g><g v="pres"></g><g v="indc"></g></l></v></tfr></token><token id="649427" text="пятидесятая"><tfr rev_id="1481537" t="пятидесятая"><v><l id="290328" t="пятидесятый"><g v="ADJF"></g><g v="Anum"></g><g v="femn"></g><g v="sing"></g><g v="nomn"></g></l></v></tfr></token><token id="649428" text="годовщина"><tfr rev_id="1481538" t="годовщина"><v><l id="72200" t="годовщина"><g v="NOUN"></g><g v="inan"></g><g v="femn"></g><g v="sing"></g><g v="nomn"></g></l></v></tfr></token><token id="649429" text="народного"><tfr rev_id="3408262" t="народного"><v><l id="174724" t="народный"><g v="ADJF"></g><g v="Qual"></g><g v="neut"></g><g v="sing"></g><g v="gent"></g></l></v></tfr></token><token id="649430" text="восстания"><tfr rev_id="3437191" t="восстания"><v><l id="51871" t="восстание"><g v="NOUN"></g><g v="inan"></g><g v="neut"></g><g v="sing"></g><g v="gent"></g></l></v></tfr></token><token id="649431" text="против"><tfr rev_id="4484970" t="против"><v><l id="285790" t="против"><g v="PREP"></g></l></v></tfr></token><token id="649432" text="коммунистического"><tfr rev_id="3539035" t="коммунистического"><v><l id="137054" t="коммунистический"><g v="ADJF"></g><g v="neut"></g><g v="sing"></g><g v="gent"></g></l></v></tfr></token><token id="649433" text="господства"><tfr rev_id="3456687" t="господства"><v><l id="74046" t="господство"><g v="NOUN"></g><g v="inan"></g><g v="neut"></g><g v="sing"></g><g v="gent"></g></l></v></tfr></token><token id="649434" text="."><tfr rev_id="1481544" t="."><v><l id="0" t="."><g v="PNCT"></g></l></v></tfr></token></tokens></sentence><sentence id="36309"><source>В Будапеште состоялось два торжественных мероприятия по этому поводу.</source><tokens><token id="649435" text="В"><tfr rev_id="1481545" t="В"><v><l id="37409" t="в"><g v="PREP"></g></l></v></tfr></token><token id="649436" text="Будапеште"><tfr rev_id="1481546" t="Будапеште"><v><l id="35011" t="будапешт"><g v="NOUN"></g><g v="inan"></g><g v="masc"></g><g v="Geox"></g><g v="sing"></g><g v="loct"></g></l></v></tfr></token><token id="649437" text="состоялось"><tfr rev_id="1481547" t="состоялось"><v><l id="330568" t="состоялся"><g v="VERB"></g><g v="perf"></g><g v="intr"></g><g v="neut"></g><g v="sing"></g><g v="past"></g><g v="indc"></g></l></v></tfr></token><token id="649438" text="два"><tfr rev_id="4450445" t="два"><v><l id="78668" t="два"><g v="NUMR"></g><g v="masc"></g><g v="nomn"></g></l></v><v><l id="78668" t="два"><g v="NUMR"></g><g v="inan"></g><g v="masc"></g><g v="accs"></g></l></v><v><l id="78668" t="два"><g v="NUMR"></g><g v="neut"></g><g v="nomn"></g></l></v><v><l id="78668" t="два"><g v="NUMR"></g><g v="inan"></g><g v="neut"></g><g v="accs"></g></l></v></tfr></token><token id="649439" text="торжественных"><tfr rev_id="4402606" t="торжественных"><v><l id="348068" t="торжественный"><g v="ADJF"></g><g v="Qual"></g><g v="plur"></g><g v="gent"></g></l></v></tfr></token><token id="649440" text="мероприятия"><tfr rev_id="3493746" t="мероприятия"><v><l id="158644" t="мероприятие"><g v="NOUN"></g><g v="inan"></g><g v="neut"></g><g v="sing"></g><g v="gent"></g></l></v></tfr></token><token id="649441" text="по"><tfr rev_id="1481551" t="по"><v><l id="241240" t="по"><g v="PREP"></g></l></v></tfr></token><token id="649442" text="этому"><tfr rev_id="4472833" t="этому"><v><l id="386581" t="этот"><g v="ADJF"></g><g v="Subx"></g><g v="Apro"></g><g v="Anph"></g><g v="masc"></g><g v="sing"></g><g v="datv"></g></l></v></tfr></token><token id="649443" text="поводу"><tfr rev_id="3812033" t="поводу"><v><l id="242551" t="повод"><g v="NOUN"></g><g v="inan"></g><g v="masc"></g><g v="sing"></g><g v="datv"></g></l></v></tfr></token><token id="649444" text="."><tfr rev_id="1481554" t="."><v><l id="0" t="."><g v="PNCT"></g></l></v></tfr></token></tokens></sentence><sentence id="36310"><source>Одно — официальное на площади Героев и другое недалеко от национальной радиостанции, где 50 лет назад происходил тяжелые бои.</source><tokens><token id="649445" text="Одно"><tfr rev_id="4303088" t="Одно"><v><l id="203319" t="один"><g v="ADJF"></g><g v="Apro"></g><g v="Anum"></g><g v="neut"></g><g v="sing"></g><g v="nomn"></g></l></v><v><l id="203319" t="один"><g v="ADJF"></g><g v="Apro"></g><g v="Anum"></g><g v="neut"></g><g v="sing"></g><g v="accs"></g></l></v></tfr></token><token id="649446" text="—"><tfr rev_id="2445543" t="—"><v><l id="0" t="—"><g v="PNCT"></g></l></v></tfr></token><token id="649447" text="официальное"><tfr rev_id="1481557" t="официальное"><v><l id="220939" t="официальный"><g v="ADJF"></g><g v="neut"></g><g v="sing"></g><g v="nomn"></g></l></v><v><l id="220939" t="официальный"><g v="ADJF"></g><g v="neut"></g><g v="sing"></g><g v="accs"></g></l></v></tfr></token><token id="649448" text="на"><tfr rev_id="3338084" t="на"><v><l id="166264" t="на"><g v="PREP"></g></l></v></tfr></token><token id="649449" text="площади"><tfr rev_id="3556571" t="площади"><v><l id="240936" t="площадь"><g v="NOUN"></g><g v="inan"></g><g v="femn"></g><g v="sing"></g><g v="loct"></g></l></v></tfr></token><token id="649450" text="Героев"><tfr rev_id="3538023" t="Героев"><v><l id="69212" t="герой"><g v="NOUN"></g><g v="anim"></g><g v="masc"></g><g v="plur"></g><g v="gent"></g></l></v></tfr></token><token id="649451" text="и"><tfr rev_id="3544618" t="и"><v><l id="116949" t="и"><g v="CONJ"></g></l></v></tfr></token><token id="649452" text="другое"><tfr rev_id="3561148" t="другое"><v><l id="92342" t="другой"><g v="ADJF"></g><g v="Apro"></g><g v="Subx"></g><g v="neut"></g><g v="sing"></g><g v="nomn"></g></l></v><v><l id="92342" t="другой"><g v="ADJF"></g><g v="Apro"></g><g v="Subx"></g><g v="neut"></g><g v="sing"></g><g v="accs"></g></l></v></tfr></token><token id="649453" text="недалеко"><tfr rev_id="4239327" t="недалеко"><v><l id="180629" t="недалеко"><g v="ADVB"></g></l></v></tfr></token><token id="649454" text="от"><tfr rev_id="1481564" t="от"><v><l id="211644" t="от"><g v="PREP"></g></l></v></tfr></token><token id="649455" text="национальной"><tfr rev_id="3554046" t="национальной"><v><l id="178150" t="национальный"><g v="ADJF"></g><g v="femn"></g><g v="sing"></g><g v="gent"></g></l></v></tfr></token><token id="649456" text="радиостанции"><tfr rev_id="4288075" t="радиостанции"><v><l id="291209" t="радиостанция"><g v="NOUN"></g><g v="inan"></g><g v="femn"></g><g v="sing"></g><g v="gent"></g></l></v></tfr></token><token id="649457" text=","><tfr rev_id="1481567" t=","><v><l id="0" t=","><g v="PNCT"></g></l></v></tfr></token><token id="649458" text="где"><tfr rev_id="2636484" t="где"><v><l id="67984" t="где"><g v="ADVB"></g><g v="Ques"></g></l></v><v><l id="388669" t="где"><g v="CONJ"></g></l></v></tfr></token><token id="649459" text="50"><tfr rev_id="2462220" t="50"><v><l id="0" t="50"><g v="NUMB"></g></l></v></tfr></token><token id="649460" text="лет"><tfr rev_id="3451368" t="лет"><v><l id="72149" t="год"><g v="NOUN"></g><g v="inan"></g><g v="masc"></g><g v="plur"></g><g v="gent"></g></l></v></tfr></token><token id="649461" text="назад"><tfr rev_id="1481571" t="назад"><v><l id="170252" t="назад"><g v="ADVB"></g></l></v></tfr></token><token id="649462" text="происходил"><tfr rev_id="1481572" t="происходил"><v><l id="280286" t="происхожу"><g v="VERB"></g><g v="impf"></g><g v="intr"></g><g v="masc"></g><g v="sing"></g><g v="past"></g><g v="indc"></g></l></v></tfr></token><token id="649463" text="тяжелые"><tfr rev_id="3818886" t="тяжелые"><v><l id="352656" t="тяжёлый"><g v="ADJF"></g><g v="Qual"></g><g v="plur"></g><g v="nomn"></g></l></v></tfr></token><token id="649464" text="бои"><tfr rev_id="4292657" t="бои"><v><l id="31906" t="бой"><g v="NOUN"></g><g v="inan"></g><g v="masc"></g><g v="plur"></g><g v="nomn"></g></l></v></tfr></token><token id="649465" text="."><tfr rev_id="1481575" t="."><v><l id="0" t="."><g v="PNCT"></g></l></v></tfr></token></tokens></sentence></paragraph><paragraph id="11559"><sentence id="36311"><source>В Парламенте венгерский Премьер-министр Ференц Дюрчань говорил о ценностях свободы и ответственности.</source><tokens><token id="649466" text="В"><tfr rev_id="1481576" t="В"><v><l id="37409" t="в"><g v="PREP"></g></l></v></tfr></token><token id="649467" text="Парламенте"><tfr rev_id="1481577" t="Парламенте"><v><l id="224156" t="парламент"><g v="NOUN"></g><g v="inan"></g><g v="masc"></g><g v="sing"></g><g v="loct"></g></l></v></tfr></token><token id="649468" text="венгерский"><tfr rev_id="1481578" t="венгерский"><v><l id="40893" t="венгерский"><g v="ADJF"></g><g v="masc"></g><g v="sing"></g><g v="nomn"></g></l></v><v><l id="40893" t="венгерский"><g v="ADJF"></g><g v="inan"></g><g v="masc"></g><g v="sing"></g><g v="accs"></g></l></v></tfr></token><token id="649469" text="Премьер-министр"><tfr rev_id="1481579" t="Премьер-министр"><v><l id="267776" t="премьер-министр"><g v="NOUN"></g><g v="anim"></g><g v="masc"></g><g v="sing"></g><g v="nomn"></g></l></v></tfr></token><token id="649470" text="Ференц"><tfr rev_id="1481580" t="Ференц"><v><l id="365323" t="ференц"><g v="NOUN"></g><g v="anim"></g><g v="masc"></g><g v="Name"></g><g v="sing"></g><g v="nomn"></g></l></v></tfr></token><token id="649471" text="Дюрчань"><tfr rev_id="1481581" t="Дюрчань"><v><l id="0" t="дюрчань"><g v="UNKN"></g></l></v></tfr></token><token id="649472" text="говорил"><tfr rev_id="1481582" t="говорил"><v><l id="72053" t="говорю"><g v="VERB"></g><g v="impf"></g><g v="tran"></g><g v="masc"></g><g v="sing"></g><g v="past"></g><g v="indc"></g></l></v></tfr></token><token id="649473" text="о"><tfr rev_id="3230500" t="о"><v><l id="192977" t="о"><g v="PREP"></g></l></v></tfr></token><token id="649474" text="ценностях"><tfr rev_id="1481584" t="ценностях"><v><l id="373345" t="ценность"><g v="NOUN"></g><g v="inan"></g><g v="femn"></g><g v="plur"></g><g v="loct"></g></l></v></tfr></token><token id="649475" text="свободы"><tfr rev_id="3434827" t="свободы"><v><l id="316212" t="свобода"><g v="NOUN"></g><g v="inan"></g><g v="femn"></g><g v="sing"></g><g v="gent"></g></l></v></tfr></token><token id="649476" text="и"><tfr rev_id="3495379" t="и"><v><l id="116949" t="и"><g v="CONJ"></g></l></v></tfr></token><token id="649477" text="ответственности"><tfr rev_id="4314166" t="ответственности"><v><l id="212442" t="ответственность"><g v="NOUN"></g><g v="inan"></g><g v="femn"></g><g v="sing"></g><g v="gent"></g></l></v></tfr></token><token id="649478" text="."><tfr rev_id="1481588" t="."><v><l id="0" t="."><g v="PNCT"></g></l></v></tfr></token></tokens></sentence><sentence id="36312"><source>50 лет назад речь шла о свободе, сегодня о её оформлении.</source><tokens><token id="649479" text="50"><tfr rev_id="2462221" t="50"><v><l id="0" t="50"><g v="NUMB"></g></l></v></tfr></token><token id="649480" text="лет"><tfr rev_id="2699295" t="лет"><v><l id="72149" t="год"><g v="NOUN"></g><g v="inan"></g><g v="masc"></g><g v="plur"></g><g v="gent"></g></l></v></tfr></token><token id="649481" text="назад"><tfr rev_id="1481591" t="назад"><v><l id="170252" t="назад"><g v="ADVB"></g></l></v></tfr></token><token id="649482" text="речь"><tfr rev_id="4107172" t="речь"><v><l id="307325" t="речь"><g v="NOUN"></g><g v="inan"></g><g v="femn"></g><g v="sing"></g><g v="nomn"></g></l></v></tfr></token><token id="649483" text="шла"><tfr rev_id="1481593" t="шла"><v><l id="117566" t="иду"><g v="VERB"></g><g v="impf"></g><g v="intr"></g><g v="femn"></g><g v="sing"></g><g v="past"></g><g v="indc"></g></l></v></tfr></token><token id="649484" text="о"><tfr rev_id="3328861" t="о"><v><l id="192977" t="о"><g v="PREP"></g></l></v></tfr></token><token id="649485" text="свободе"><tfr rev_id="3555024" t="свободе"><v><l id="316212" t="свобода"><g v="NOUN"></g><g v="inan"></g><g v="femn"></g><g v="sing"></g><g v="loct"></g></l></v></tfr></token><token id="649486" text=","><tfr rev_id="1481596" t=","><v><l id="0" t=","><g v="PNCT"></g></l></v></tfr></token><token id="649487" text="сегодня"><tfr rev_id="1481597" t="сегодня"><v><l id="317730" t="сегодня"><g v="ADVB"></g></l></v></tfr></token><token id="649488" text="о"><tfr rev_id="3328125" t="о"><v><l id="192977" t="о"><g v="PREP"></g></l></v></tfr></token><token id="649489" text="её"><tfr rev_id="4515006" t="её"><v><l id="94433" t="её"><g v="ADJF"></g><g v="Fixd"></g><g v="Apro"></g><g v="Anph"></g><g v="neut"></g><g v="sing"></g><g v="nomn"></g></l></v><v><l id="94433" t="её"><g v="ADJF"></g><g v="Fixd"></g><g v="Apro"></g><g v="Anph"></g><g v="neut"></g><g v="sing"></g><g v="gent"></g></l></v><v><l id="94433" t="её"><g v="ADJF"></g><g v="Fixd"></g><g v="Apro"></g><g v="Anph"></g><g v="neut"></g><g v="sing"></g><g v="datv"></g></l></v><v><l id="94433" t="её"><g v="ADJF"></g><g v="Fixd"></g><g v="Apro"></g><g v="Anph"></g><g v="neut"></g><g v="sing"></g><g v="accs"></g></l></v><v><l id="94433" t="её"><g v="ADJF"></g><g v="Fixd"></g><g v="Apro"></g><g v="Anph"></g><g v="neut"></g><g v="sing"></g><g v="ablt"></g></l></v><v><l id="94433" t="её"><g v="ADJF"></g><g v="Fixd"></g><g v="Apro"></g><g v="Anph"></g><g v="neut"></g><g v="sing"></g><g v="loct"></g></l></v></tfr></token><token id="649490" text="оформлении"><tfr rev_id="1481600" t="оформлении"><v><l id="220972" t="оформление"><g v="NOUN"></g><g v="inan"></g><g v="neut"></g><g v="sing"></g><g v="loct"></g></l></v></tfr></token><token id="649491" text="."><tfr rev_id="1481601" t="."><v><l id="0" t="."><g v="PNCT"></g></l></v></tfr></token></tokens></sentence><sentence id="36313"><source>«Сегодня мы знаем, что это труднее, чем мы думали 17 лет назад»,</source><tokens><token id="649492" text="«"><tfr rev_id="2445544" t="«"><v><l id="0" t="«"><g v="PNCT"></g></l></v></tfr></token><token id="649493" text="Сегодня"><tfr rev_id="1481603" t="Сегодня"><v><l id="317730" t="сегодня"><g v="ADVB"></g></l></v></tfr></token><token id="649494" text="мы"><tfr rev_id="1481604" t="мы"><v><l id="165750" t="мы"><g v="NPRO"></g><g v="1per"></g><g v="plur"></g><g v="nomn"></g></l></v></tfr></token><token id="649495" text="знаем"><tfr rev_id="2635223" t="знаем"><v><l id="115989" t="знаю"><g v="VERB"></g><g v="impf"></g><g v="tran"></g><g v="plur"></g><g v="1per"></g><g v="pres"></g><g v="indc"></g></l></v></tfr></token><token id="649496" text=","><tfr rev_id="1481606" t=","><v><l id="0" t=","><g v="PNCT"></g></l></v></tfr></token><token id="649497" text="что"><tfr rev_id="3197270" t="что"><v><l id="377004" t="что"><g v="CONJ"></g></l></v><v><l id="377005" t="что"><g v="NPRO"></g><g v="neut"></g><g v="sing"></g><g v="nomn"></g></l></v><v><l id="377005" t="что"><g v="NPRO"></g><g v="neut"></g><g v="sing"></g><g v="accs"></g></l></v><v><l id="377006" t="что"><g v="ADVB"></g><g v="Ques"></g></l></v><v><l id="388695" t="что"><g v="PRCL"></g></l></v></tfr></token><token id="649498" text="это"><tfr rev_id="4342232" t="это"><v><l id="386575" t="это"><g v="NPRO"></g><g v="neut"></g><g v="sing"></g><g v="nomn"></g></l></v><v><l id="386575" t="это"><g v="NPRO"></g><g v="neut"></g><g v="sing"></g><g v="accs"></g></l></v></tfr></token><token id="649499" text="труднее"><tfr rev_id="1481609" t="труднее"><v><l id="350855" t="труднее"><g v="COMP"></g><g v="Qual"></g></l></v></tfr></token><token id="649500" text=","><tfr rev_id="1481610" t=","><v><l id="0" t=","><g v="PNCT"></g></l></v></tfr></token><token id="649501" text="чем"><tfr rev_id="4320172" t="чем"><v><l id="375161" t="чем"><g v="CONJ"></g></l></v></tfr></token><token id="649502" text="мы"><tfr rev_id="1481612" t="мы"><v><l id="165750" t="мы"><g v="NPRO"></g><g v="1per"></g><g v="plur"></g><g v="nomn"></g></l></v></tfr></token><token id="649503" text="думали"><tfr rev_id="1481613" t="думали"><v><l id="92996" t="думаю"><g v="VERB"></g><g v="impf"></g><g v="tran"></g><g v="plur"></g><g v="past"></g><g v="indc"></g></l></v><v><l id="93001" t="думаю"><g v="VERB"></g><g v="impf"></g><g v="intr"></g><g v="plur"></g><g v="past"></g><g v="indc"></g></l></v></tfr></token><token id="649504" text="17"><tfr rev_id="2462222" t="17"><v><l id="0" t="17"><g v="NUMB"></g></l></v></tfr></token><token id="649505" text="лет"><tfr rev_id="3470781" t="лет"><v><l id="72149" t="год"><g v="NOUN"></g><g v="inan"></g><g v="masc"></g><g v="plur"></g><g v="gent"></g></l></v></tfr></token><token id="649506" text="назад"><tfr rev_id="1481616" t="назад"><v><l id="170252" t="назад"><g v="ADVB"></g></l></v></tfr></token><token id="649507" text="»"><tfr rev_id="2445545" t="»"><v><l id="0" t="»"><g v="PNCT"></g></l></v></tfr></token><token id="649508" text=","><tfr rev_id="1481618" t=","><v><l id="0" t=","><g v="PNCT"></g></l></v></tfr></token></tokens></sentence><sentence id="36314"><source>сказал Дюрчань.</source><tokens><token id="649509" text="сказал"><tfr rev_id="1481619" t="сказал"><v><l id="321532" t="сказал"><g v="VERB"></g><g v="perf"></g><g v="tran"></g><g v="masc"></g><g v="sing"></g><g v="past"></g><g v="indc"></g></l></v></tfr></token><token id="649510" text="Дюрчань"><tfr rev_id="1481620" t="Дюрчань"><v><l id="0" t="дюрчань"><g v="UNKN"></g></l></v></tfr></token><token id="649511" text="."><tfr rev_id="1481621" t="."><v><l id="0" t="."><g v="PNCT"></g></l></v></tfr></token></tokens></sentence></paragraph><paragraph id="11560"><sentence id="36315"><source>Одновременно с речью Дюрчаня в парламенте, полицейские атаковали сотни демонстрантов резиновыми дубинками, стремясь не допустить их к зданию парламента.</source><tokens><token id="649512" text="Одновременно"><tfr rev_id="1481622" t="Одновременно"><v><l id="203393" t="одновременно"><g v="ADVB"></g></l></v><v><l id="203396" t="одновременен"><g v="ADJS"></g><g v="Qual"></g><g v="neut"></g><g v="sing"></g></l></v></tfr></token><token id="649513" text="с"><tfr rev_id="1481623" t="с"><v><l id="311151" t="с"><g v="PREP"></g></l></v></tfr></token><token id="649514" text="речью"><tfr rev_id="1481624" t="речью"><v><l id="307325" t="речь"><g v="NOUN"></g><g v="inan"></g><g v="femn"></g><g v="sing"></g><g v="ablt"></g></l></v></tfr></token><token id="649515" text="Дюрчаня"><tfr rev_id="1481625" t="Дюрчаня"><v><l id="0" t="дюрчаня"><g v="UNKN"></g></l></v></tfr></token><token id="649516" text="в"><tfr rev_id="1481626" t="в"><v><l id="37409" t="в"><g v="PREP"></g></l></v></tfr></token><token id="649517" text="парламенте"><tfr rev_id="1481627" t="парламенте"><v><l id="224156" t="парламент"><g v="NOUN"></g><g v="inan"></g><g v="masc"></g><g v="sing"></g><g v="loct"></g></l></v></tfr></token><token id="649518" text=","><tfr rev_id="1481628" t=","><v><l id="0" t=","><g v="PNCT"></g></l></v></tfr></token><token id="649519" text="полицейские"><tfr rev_id="4154249" t="полицейские"><v><l id="255964" t="полицейский"><g v="NOUN"></g><g v="anim"></g><g v="masc"></g><g v="plur"></g><g v="nomn"></g></l></v></tfr></token><token id="649520" text="атаковали"><tfr rev_id="1481630" t="атаковали"><v><l id="19320" t="атаковал"><g v="VERB"></g><g v="perf"></g><g v="tran"></g><g v="plur"></g><g v="past"></g><g v="indc"></g></l></v><v><l id="19321" t="атакую"><g v="VERB"></g><g v="impf"></g><g v="tran"></g><g v="plur"></g><g v="past"></g><g v="indc"></g></l></v></tfr></token><token id="649521" text="сотни"><tfr rev_id="3804876" t="сотни"><v><l id="330847" t="сотня"><g v="NOUN"></g><g v="inan"></g><g v="femn"></g><g v="plur"></g><g v="accs"></g></l></v></tfr></token><token id="649522" text="демонстрантов"><tfr rev_id="3945020" t="демонстрантов"><v><l id="81014" t="демонстрант"><g v="NOUN"></g><g v="anim"></g><g v="masc"></g><g v="plur"></g><g v="gent"></g></l></v></tfr></token><token id="649523" text="резиновыми"><tfr rev_id="1481633" t="резиновыми"><v><l id="305294" t="резиновый"><g v="ADJF"></g><g v="Qual"></g><g v="plur"></g><g v="ablt"></g></l></v></tfr></token><token id="649524" text="дубинками"><tfr rev_id="1481634" t="дубинками"><v><l id="92608" t="дубинка"><g v="NOUN"></g><g v="inan"></g><g v="femn"></g><g v="plur"></g><g v="ablt"></g></l></v></tfr></token><token id="649525" text=","><tfr rev_id="1481635" t=","><v><l id="0" t=","><g v="PNCT"></g></l></v></tfr></token><token id="649526" text="стремясь"><tfr rev_id="1481636" t="стремясь"><v><l id="337464" t="стремясь"><g v="GRND"></g><g v="impf"></g><g v="intr"></g><g v="pres"></g></l></v></tfr></token><token id="649527" text="не"><tfr rev_id="1481637" t="не"><v><l id="178876" t="не"><g v="PRCL"></g></l></v></tfr></token><token id="649528" text="допустить"><tfr rev_id="1481638" t="допустить"><v><l id="89498" t="допустить"><g v="INFN"></g><g v="perf"></g><g v="tran"></g></l></v></tfr></token><token id="649529" text="их"><tfr rev_id="4204297" t="их"><v><l id="206619" t="они"><g v="NPRO"></g><g v="3per"></g><g v="Anph"></g><g v="plur"></g><g v="gent"></g></l></v><v><l id="206619" t="они"><g v="NPRO"></g><g v="3per"></g><g v="Anph"></g><g v="plur"></g><g v="accs"></g></l></v></tfr></token><token id="649530" text="к"><tfr rev_id="1481640" t="к"><v><l id="127460" t="к"><g v="PREP"></g></l></v></tfr></token><token id="649531" text="зданию"><tfr rev_id="1481641" t="зданию"><v><l id="114695" t="здание"><g v="NOUN"></g><g v="inan"></g><g v="neut"></g><g v="sing"></g><g v="datv"></g></l></v></tfr></token><token id="649532" text="парламента"><tfr rev_id="1481642" t="парламента"><v><l id="224156" t="парламент"><g v="NOUN"></g><g v="inan"></g><g v="masc"></g><g v="sing"></g><g v="gent"></g></l></v></tfr></token><token id="649533" text="."><tfr rev_id="1481643" t="."><v><l id="0" t="."><g v="PNCT"></g></l></v></tfr></token></tokens></sentence><sentence id="36316"><source>Репортёр агентства Рейтер сообщает о резиновых пулях и слезоточивом газе, которые применили полицейские.</source><tokens><token id="649534" text="Репортёр"><tfr rev_id="1481644" t="Репортёр"><v><l id="306611" t="репортёр"><g v="NOUN"></g><g v="anim"></g><g v="masc"></g><g v="sing"></g><g v="nomn"></g></l></v></tfr></token><token id="649535" text="агентства"><tfr rev_id="3264298" t="агентства"><v><l id="3934" t="агентство"><g v="NOUN"></g><g v="inan"></g><g v="neut"></g><g v="sing"></g><g v="gent"></g></l></v></tfr></token><token id="649536" text="Рейтер"><tfr rev_id="4163077" t="Рейтер"><v><l id="305603" t="рейтер"><g v="NOUN"></g><g v="inan"></g><g v="masc"></g><g v="sing"></g><g v="nomn"></g></l></v><v><l id="305603" t="рейтер"><g v="NOUN"></g><g v="inan"></g><g v="masc"></g><g v="sing"></g><g v="accs"></g></l></v></tfr></token><token id="649537" text="сообщает"><tfr rev_id="1481647" t="сообщает"><v><l id="329538" t="сообщаю"><g v="VERB"></g><g v="impf"></g><g v="tran"></g><g v="sing"></g><g v="3per"></g><g v="pres"></g><g v="indc"></g></l></v></tfr></token><token id="649538" text="о"><tfr rev_id="3328829" t="о"><v><l id="192977" t="о"><g v="PREP"></g></l></v></tfr></token><token id="649539" text="резиновых"><tfr rev_id="3285430" t="резиновых"><v><l id="305294" t="резиновый"><g v="ADJF"></g><g v="Qual"></g><g v="plur"></g><g v="loct"></g></l></v></tfr></token><token id="649540" text="пулях"><tfr rev_id="1481650" t="пулях"><v><l id="289150" t="пуля"><g v="NOUN"></g><g v="inan"></g><g v="femn"></g><g v="plur"></g><g v="loct"></g></l></v></tfr></token><token id="649541" text="и"><tfr rev_id="3671886" t="и"><v><l id="116949" t="и"><g v="CONJ"></g></l></v></tfr></token><token id="649542" text="слезоточивом"><tfr rev_id="4161210" t="слезоточивом"><v><l id="324807" t="слезоточивый"><g v="ADJF"></g><g v="masc"></g><g v="sing"></g><g v="loct"></g></l></v></tfr></token><token id="649543" text="газе"><tfr rev_id="4181465" t="газе"><v><l id="65788" t="газ"><g v="NOUN"></g><g v="inan"></g><g v="masc"></g><g v="sing"></g><g v="loc1"></g></l></v></tfr></token><token id="649544" text=","><tfr rev_id="1481654" t=","><v><l id="0" t=","><g v="PNCT"></g></l></v></tfr></token><token id="649545" text="которые"><tfr rev_id="4084211" t="которые"><v><l id="141203" t="который"><g v="ADJF"></g><g v="Apro"></g><g v="Subx"></g><g v="Anph"></g><g v="inan"></g><g v="plur"></g><g v="accs"></g></l></v></tfr></token><token id="649546" text="применили"><tfr rev_id="1481656" t="применили"><v><l id="271952" t="применил"><g v="VERB"></g><g v="perf"></g><g v="tran"></g><g v="plur"></g><g v="past"></g><g v="indc"></g></l></v></tfr></token><token id="649547" text="полицейские"><tfr rev_id="4154250" t="полицейские"><v><l id="255964" t="полицейский"><g v="NOUN"></g><g v="anim"></g><g v="masc"></g><g v="plur"></g><g v="nomn"></g></l></v></tfr></token><token id="649548" text="."><tfr rev_id="1481658" t="."><v><l id="0" t="."><g v="PNCT"></g></l></v></tfr></token></tokens></sentence><sentence id="36317"><source>Демонстранты захватили танк Т-34, который был установлен в память о событиях 50-и летней давности, и направили этот танк против полиции.</source><tokens><token id="649549" text="Демонстранты"><tfr rev_id="1481659" t="Демонстранты"><v><l id="81014" t="демонстрант"><g v="NOUN"></g><g v="anim"></g><g v="masc"></g><g v="plur"></g><g v="nomn"></g></l></v></tfr></token><token id="649550" text="захватили"><tfr rev_id="1481660" t="захватили"><v><l id="112672" t="захватил"><g v="VERB"></g><g v="perf"></g><g v="tran"></g><g v="plur"></g><g v="past"></g><g v="indc"></g></l></v></tfr></token><token id="649551" text="танк"><tfr rev_id="1481661" t="танк"><v><l id="342956" t="танк"><g v="NOUN"></g><g v="inan"></g><g v="masc"></g><g v="sing"></g><g v="nomn"></g></l></v><v><l id="342956" t="танк"><g v="NOUN"></g><g v="inan"></g><g v="masc"></g><g v="sing"></g><g v="accs"></g></l></v></tfr></token><token id="649552" text="Т-34"><tfr rev_id="1481662" t="Т-34"><v><l id="0" t="Т-34"><g v="UNKN"></g></l></v></tfr></token><token id="649553" text=","><tfr rev_id="1481663" t=","><v><l id="0" t=","><g v="PNCT"></g></l></v></tfr></token><token id="649554" text="который"><tfr rev_id="4097773" t="который"><v><l id="141203" t="который"><g v="ADJF"></g><g v="Apro"></g><g v="Subx"></g><g v="Anph"></g><g v="masc"></g><g v="sing"></g><g v="nomn"></g></l></v></tfr></token><token id="649555" text="был"><tfr rev_id="1481665" t="был"><v><l id="37265" t="есть"><g v="VERB"></g><g v="impf"></g><g v="intr"></g><g v="masc"></g><g v="sing"></g><g v="past"></g><g v="indc"></g></l></v></tfr></token><token id="649556" text="установлен"><tfr rev_id="4348337" t="установлен"><v><l id="360985" t="установлен"><g v="PRTS"></g><g v="perf"></g><g v="past"></g><g v="pssv"></g><g v="masc"></g><g v="sing"></g></l></v></tfr></token><token id="649557" text="в"><tfr rev_id="1481667" t="в"><v><l id="37409" t="в"><g v="PREP"></g></l></v></tfr></token><token id="649558" text="память"><tfr rev_id="3547579" t="память"><v><l id="223174" t="память"><g v="NOUN"></g><g v="inan"></g><g v="femn"></g><g v="sing"></g><g v="accs"></g></l></v></tfr></token><token id="649559" text="о"><tfr rev_id="2781276" t="о"><v><l id="192977" t="о"><g v="PREP"></g></l></v></tfr></token><token id="649560" text="событиях"><tfr rev_id="1481670" t="событиях"><v><l id="327850" t="событие"><g v="NOUN"></g><g v="inan"></g><g v="neut"></g><g v="plur"></g><g v="loct"></g></l></v></tfr></token><token id="649561" text="50-и"><tfr rev_id="1481671" t="50-и"><v><l id="0" t="50-и"><g v="UNKN"></g></l></v></tfr></token><token id="649562" text="летней"><tfr rev_id="4394849" t="летней"><v><l id="148685" t="летний"><g v="ADJF"></g><g v="femn"></g><g v="sing"></g><g v="gent"></g></l></v></tfr></token><token id="649563" text="давности"><tfr rev_id="3502620" t="давности"><v><l id="77712" t="давность"><g v="NOUN"></g><g v="inan"></g><g v="femn"></g><g v="sing"></g><g v="gent"></g></l></v><v><l id="77712" t="давность"><g v="NOUN"></g><g v="inan"></g><g v="femn"></g><g v="sing"></g><g v="datv"></g></l></v><v><l id="77712" t="давность"><g v="NOUN"></g><g v="inan"></g><g v="femn"></g><g v="sing"></g><g v="loct"></g></l></v></tfr></token><token id="649564" text=","><tfr rev_id="1481674" t=","><v><l id="0" t=","><g v="PNCT"></g></l></v></tfr></token><token id="649565" text="и"><tfr rev_id="1481675" t="и"><v><l id="116949" t="и"><g v="CONJ"></g></l></v><v><l id="116950" t="и"><g v="INTJ"></g></l></v></tfr></token><token id="649566" text="направили"><tfr rev_id="1481676" t="направили"><v><l id="173952" t="направил"><g v="VERB"></g><g v="perf"></g><g v="tran"></g><g v="plur"></g><g v="past"></g><g v="indc"></g></l></v></tfr></token><token id="649567" text="этот"><tfr rev_id="4432124" t="этот"><v><l id="386581" t="этот"><g v="ADJF"></g><g v="Subx"></g><g v="Apro"></g><g v="Anph"></g><g v="masc"></g><g v="sing"></g><g v="nomn"></g></l></v><v><l id="386581" t="этот"><g v="ADJF"></g><g v="Subx"></g><g v="Apro"></g><g v="Anph"></g><g v="inan"></g><g v="masc"></g><g v="sing"></g><g v="accs"></g></l></v></tfr></token><token id="649568" text="танк"><tfr rev_id="3702319" t="танк"><v><l id="342956" t="танк"><g v="NOUN"></g><g v="inan"></g><g v="masc"></g><g v="sing"></g><g v="accs"></g></l></v></tfr></token><token id="649569" text="против"><tfr rev_id="4485383" t="против"><v><l id="285790" t="против"><g v="PREP"></g></l></v></tfr></token><token id="649570" text="полиции"><tfr rev_id="3488812" t="полиции"><v><l id="255975" t="полиция"><g v="NOUN"></g><g v="inan"></g><g v="femn"></g><g v="sing"></g><g v="gent"></g></l></v><v><l id="255975" t="полиция"><g v="NOUN"></g><g v="inan"></g><g v="femn"></g><g v="sing"></g><g v="datv"></g></l></v><v><l id="255975" t="полиция"><g v="NOUN"></g><g v="inan"></g><g v="femn"></g><g v="sing"></g><g v="loct"></g></l></v></tfr></token><token id="649571" text="."><tfr rev_id="1481681" t="."><v><l id="0" t="."><g v="PNCT"></g></l></v></tfr></token></tokens></sentence><sentence id="36318"><source>Применив слезоточивый газ и водомёты, полиции удалось остановить танк.</source><tokens><token id="649572" text="Применив"><tfr rev_id="1481682" t="Применив"><v><l id="271957" t="применив"><g v="GRND"></g><g v="perf"></g><g v="tran"></g><g v="past"></g></l></v></tfr></token><token id="649573" text="слезоточивый"><tfr rev_id="1481683" t="слезоточивый"><v><l id="324807" t="слезоточивый"><g v="ADJF"></g><g v="masc"></g><g v="sing"></g><g v="nomn"></g></l></v><v><l id="324807" t="слезоточивый"><g v="ADJF"></g><g v="inan"></g><g v="masc"></g><g v="sing"></g><g v="accs"></g></l></v></tfr></token><token id="649574" text="газ"><tfr rev_id="3300481" t="газ"><v><l id="65788" t="газ"><g v="NOUN"></g><g v="inan"></g><g v="masc"></g><g v="sing"></g><g v="accs"></g></l></v></tfr></token><token id="649575" text="и"><tfr rev_id="1481685" t="и"><v><l id="116949" t="и"><g v="CONJ"></g></l></v><v><l id="116950" t="и"><g v="INTJ"></g></l></v></tfr></token><token id="649576" text="водомёты"><tfr rev_id="3748043" t="водомёты"><v><l id="48201" t="водомёт"><g v="NOUN"></g><g v="inan"></g><g v="masc"></g><g v="plur"></g><g v="accs"></g></l></v></tfr></token><token id="649577" text=","><tfr rev_id="1481687" t=","><v><l id="0" t=","><g v="PNCT"></g></l></v></tfr></token><token id="649578" text="полиции"><tfr rev_id="3493722" t="полиции"><v><l id="255975" t="полиция"><g v="NOUN"></g><g v="inan"></g><g v="femn"></g><g v="sing"></g><g v="gent"></g></l></v><v><l id="255975" t="полиция"><g v="NOUN"></g><g v="inan"></g><g v="femn"></g><g v="sing"></g><g v="datv"></g></l></v><v><l id="255975" t="полиция"><g v="NOUN"></g><g v="inan"></g><g v="femn"></g><g v="sing"></g><g v="loct"></g></l></v></tfr></token><token id="649579" text="удалось"><tfr rev_id="1481689" t="удалось"><v><l id="354717" t="удался"><g v="VERB"></g><g v="perf"></g><g v="intr"></g><g v="neut"></g><g v="sing"></g><g v="past"></g><g v="indc"></g></l></v></tfr></token><token id="649580" text="остановить"><tfr rev_id="1481690" t="остановить"><v><l id="210860" t="остановить"><g v="INFN"></g><g v="perf"></g><g v="tran"></g></l></v></tfr></token><token id="649581" text="танк"><tfr rev_id="4212080" t="танк"><v><l id="342956" t="танк"><g v="NOUN"></g><g v="inan"></g><g v="masc"></g><g v="sing"></g><g v="accs"></g></l></v></tfr></token><token id="649582" text="."><tfr rev_id="1481692" t="."><v><l id="0" t="."><g v="PNCT"></g></l></v></tfr></token></tokens></sentence><sentence id="36319"><source>Демонстранты забрасывали полицейских камнями.</source><tokens><token id="649583" text="Демонстранты"><tfr rev_id="1481693" t="Демонстранты"><v><l id="81014" t="демонстрант"><g v="NOUN"></g><g v="anim"></g><g v="masc"></g><g v="plur"></g><g v="nomn"></g></l></v></tfr></token><token id="649584" text="забрасывали"><tfr rev_id="1481694" t="забрасывали"><v><l id="98862" t="забрасываю"><g v="VERB"></g><g v="impf"></g><g v="tran"></g><g v="plur"></g><g v="past"></g><g v="indc"></g></l></v></tfr></token><token id="649585" text="полицейских"><tfr rev_id="4484777" t="полицейских"><v><l id="255964" t="полицейский"><g v="NOUN"></g><g v="anim"></g><g v="masc"></g><g v="plur"></g><g v="accs"></g></l></v></tfr></token><token id="649586" text="камнями"><tfr rev_id="1481696" t="камнями"><v><l id="128937" t="камень"><g v="NOUN"></g><g v="inan"></g><g v="masc"></g><g v="plur"></g><g v="ablt"></g></l></v></tfr></token><token id="649587" text="."><tfr rev_id="1481697" t="."><v><l id="0" t="."><g v="PNCT"></g></l></v></tfr></token></tokens></sentence></paragraph><paragraph id="11561"><sentence id="36320"><source>Минимум 27 человек были травмированы, но не тяжело.</source><tokens><token id="649588" text="Минимум"><tfr rev_id="4321037" t="Минимум"><v><l id="388667" t="минимум"><g v="PRCL"></g></l></v></tfr></token><token id="649589" text="27"><tfr rev_id="2462223" t="27"><v><l id="0" t="27"><g v="NUMB"></g></l></v></tfr></token><token id="649590" text="человек"><tfr rev_id="3505473" t="человек"><v><l id="375073" t="человек"><g v="NOUN"></g><g v="anim"></g><g v="masc"></g><g v="plur"></g><g v="gent"></g></l></v></tfr></token><token id="649591" text="были"><tfr rev_id="1714492" t="были"><v><l id="37265" t="есть"><g v="VERB"></g><g v="impf"></g><g v="intr"></g><g v="plur"></g><g v="past"></g><g v="indc"></g></l></v></tfr></token><token id="649592" text="травмированы"><tfr rev_id="1481702" t="травмированы"><v><l id="348683" t="травмирован"><g v="PRTS"></g><g v="perf"></g><g v="past"></g><g v="pssv"></g><g v="plur"></g></l></v><v><l id="348684" t="травмирован"><g v="PRTS"></g><g v="impf"></g><g v="past"></g><g v="pssv"></g><g v="plur"></g></l></v></tfr></token><token id="649593" text=","><tfr rev_id="1481703" t=","><v><l id="0" t=","><g v="PNCT"></g></l></v></tfr></token><token id="649594" text="но"><tfr rev_id="3554436" t="но"><v><l id="191429" t="но"><g v="CONJ"></g></l></v></tfr></token><token id="649595" text="не"><tfr rev_id="1481705" t="не"><v><l id="178876" t="не"><g v="PRCL"></g></l></v></tfr></token><token id="649596" text="тяжело"><tfr rev_id="3526621" t="тяжело"><v><l id="352689" t="тяжело"><g v="ADVB"></g><g v="Prdx"></g></l></v></tfr></token><token id="649597" text="."><tfr rev_id="1481707" t="."><v><l id="0" t="."><g v="PNCT"></g></l></v></tfr></token></tokens></sentence><sentence id="36321"><source>Было арестовано множество демонстрантов.</source><tokens><token id="649598" text="Было"><tfr rev_id="2781015" t="Было"><v><l id="37265" t="есть"><g v="VERB"></g><g v="impf"></g><g v="intr"></g><g v="neut"></g><g v="sing"></g><g v="past"></g><g v="indc"></g></l></v></tfr></token><token id="649599" text="арестовано"><tfr rev_id="1481709" t="арестовано"><v><l id="16270" t="арестован"><g v="PRTS"></g><g v="perf"></g><g v="past"></g><g v="pssv"></g><g v="neut"></g><g v="sing"></g></l></v></tfr></token><token id="649600" text="множество"><tfr rev_id="4212078" t="множество"><v><l id="162121" t="множество"><g v="NOUN"></g><g v="inan"></g><g v="neut"></g><g v="sing"></g><g v="nomn"></g></l></v></tfr></token><token id="649601" text="демонстрантов"><tfr rev_id="2369366" t="демонстрантов"><v><l id="81014" t="демонстрант"><g v="NOUN"></g><g v="anim"></g><g v="masc"></g><g v="plur"></g><g v="gent"></g></l></v></tfr></token><token id="649602" text="."><tfr rev_id="1481712" t="."><v><l id="0" t="."><g v="PNCT"></g></l></v></tfr></token></tokens></sentence><sentence id="36322"><source>Демонстранты протестовали, как и все последние недели, против социалистического правительства, премьер-министр которого лгал во время выборов.</source><tokens><token id="649603" text="Демонстранты"><tfr rev_id="1481713" t="Демонстранты"><v><l id="81014" t="демонстрант"><g v="NOUN"></g><g v="anim"></g><g v="masc"></g><g v="plur"></g><g v="nomn"></g></l></v></tfr></token><token id="649604" text="протестовали"><tfr rev_id="1481714" t="протестовали"><v><l id="285774" t="протестую"><g v="VERB"></g><g v="impf"></g><g v="intr"></g><g v="plur"></g><g v="past"></g><g v="indc"></g></l></v></tfr></token><token id="649605" text=","><tfr rev_id="1481715" t=","><v><l id="0" t=","><g v="PNCT"></g></l></v></tfr></token><token id="649606" text="как"><tfr rev_id="1481716" t="как"><v><l id="128190" t="как"><g v="CONJ"></g></l></v><v><l id="128191" t="как"><g v="PRCL"></g></l></v><v><l id="128192" t="как"><g v="ADVB"></g><g v="Ques"></g></l></v></tfr></token><token id="649607" text="и"><tfr rev_id="1481717" t="и"><v><l id="116949" t="и"><g v="CONJ"></g></l></v><v><l id="116950" t="и"><g v="INTJ"></g></l></v></tfr></token><token id="649608" text="все"><tfr rev_id="4499963" t="все"><v><l id="42156" t="весь"><g v="ADJF"></g><g v="Subx"></g><g v="Apro"></g><g v="inan"></g><g v="plur"></g><g v="accs"></g></l></v><v><l id="42156" t="весь"><g v="ADJF"></g><g v="Subx"></g><g v="Apro"></g><g v="plur"></g><g v="nomn"></g></l></v></tfr></token><token id="649609" text="последние"><tfr rev_id="3812914" t="последние"><v><l id="261565" t="последний"><g v="ADJF"></g><g v="inan"></g><g v="plur"></g><g v="accs"></g></l></v></tfr></token><token id="649610" text="недели"><tfr rev_id="3814640" t="недели"><v><l id="180718" t="неделя"><g v="NOUN"></g><g v="inan"></g><g v="femn"></g><g v="plur"></g><g v="accs"></g></l></v></tfr></token><token id="649611" text=","><tfr rev_id="1481721" t=","><v><l id="0" t=","><g v="PNCT"></g></l></v></tfr></token><token id="649612" text="против"><tfr rev_id="4485141" t="против"><v><l id="285790" t="против"><g v="PREP"></g></l></v></tfr></token><token id="649613" text="социалистического"><tfr rev_id="3472497" t="социалистического"><v><l id="331049" t="социалистический"><g v="ADJF"></g><g v="neut"></g><g v="sing"></g><g v="gent"></g></l></v></tfr></token><token id="649614" text="правительства"><tfr rev_id="3488211" t="правительства"><v><l id="265638" t="правительство"><g v="NOUN"></g><g v="inan"></g><g v="neut"></g><g v="sing"></g><g v="gent"></g></l></v></tfr></token><token id="649615" text=","><tfr rev_id="1481725" t=","><v><l id="0" t=","><g v="PNCT"></g></l></v></tfr></token><token id="649616" text="премьер-министр"><tfr rev_id="1481726" t="премьер-министр"><v><l id="267776" t="премьер-министр"><g v="NOUN"></g><g v="anim"></g><g v="masc"></g><g v="sing"></g><g v="nomn"></g></l></v></tfr></token><token id="649617" text="которого"><tfr rev_id="3638371" t="которого"><v><l id="141203" t="который"><g v="ADJF"></g><g v="Apro"></g><g v="Subx"></g><g v="Anph"></g><g v="neut"></g><g v="sing"></g><g v="gent"></g></l></v></tfr></token><token id="649618" text="лгал"><tfr rev_id="1481728" t="лгал"><v><l id="147254" t="лгу"><g v="VERB"></g><g v="impf"></g><g v="intr"></g><g v="masc"></g><g v="sing"></g><g v="past"></g><g v="indc"></g></l></v></tfr></token><token id="649619" text="во"><tfr rev_id="2920288" t="во"><v><l id="37409" t="в"><g v="PREP"></g><g v="Vpre"></g></l></v></tfr></token><token id="649620" text="время"><tfr rev_id="1481730" t="время"><v><l id="53149" t="время"><g v="NOUN"></g><g v="inan"></g><g v="neut"></g><g v="sing"></g><g v="nomn"></g></l></v><v><l id="53149" t="время"><g v="NOUN"></g><g v="inan"></g><g v="neut"></g><g v="sing"></g><g v="accs"></g></l></v></tfr></token><token id="649621" text="выборов"><tfr rev_id="1481731" t="выборов"><v><l id="55719" t="выбор"><g v="NOUN"></g><g v="inan"></g><g v="masc"></g><g v="plur"></g><g v="gent"></g></l></v><v><l id="55749" t="выборы"><g v="NOUN"></g><g v="inan"></g><g v="GNdr"></g><g v="Pltm"></g><g v="plur"></g><g v="gent"></g></l></v></tfr></token><token id="649622" text="."><tfr rev_id="1481732" t="."><v><l id="0" t="."><g v="PNCT"></g></l></v></tfr></token></tokens></sentence><sentence id="36323"><source>Уже в воскресенье многие ветераны событий 1956 года отказались пожать руку Премьер-министру Дюрчаню.</source><tokens><token id="649623" text="Уже"><tfr rev_id="2692825" t="Уже"><v><l id="355422" t="уж"><g v="NOUN"></g><g v="anim"></g><g v="masc"></g><g v="sing"></g><g v="loct"></g></l></v><v><l id="355498" t="уже"><g v="ADVB"></g></l></v><v><l id="355674" t="уже"><g v="COMP"></g><g v="Qual"></g></l></v><v><l id="388673" t="уже"><g v="PRCL"></g></l></v></tfr></token><token id="649624" text="в"><tfr rev_id="1481734" t="в"><v><l id="37409" t="в"><g v="PREP"></g></l></v></tfr></token><token id="649625" text="воскресенье"><tfr rev_id="4470465" t="воскресенье"><v><l id="51393" t="воскресение"><g v="NOUN"></g><g v="inan"></g><g v="neut"></g><g v="sing"></g><g v="accs"></g><g v="V-be"></g></l></v><v><l id="51406" t="воскресенье"><g v="NOUN"></g><g v="inan"></g><g v="neut"></g><g v="sing"></g><g v="accs"></g></l></v></tfr></token><token id="649626" text="многие"><tfr rev_id="4472428" t="многие"><v><l id="161427" t="многий"><g v="ADJF"></g><g v="Apro"></g><g v="plur"></g><g v="nomn"></g></l></v><v><l id="161427" t="многий"><g v="ADJF"></g><g v="Apro"></g><g v="inan"></g><g v="plur"></g><g v="accs"></g></l></v></tfr></token><token id="649627" text="ветераны"><tfr rev_id="1481737" t="ветераны"><v><l id="42186" t="ветеран"><g v="NOUN"></g><g v="anim"></g><g v="masc"></g><g v="plur"></g><g v="nomn"></g></l></v></tfr></token><token id="649628" text="событий"><tfr rev_id="1481738" t="событий"><v><l id="327850" t="событие"><g v="NOUN"></g><g v="inan"></g><g v="neut"></g><g v="plur"></g><g v="gent"></g></l></v></tfr></token><token id="649629" text="1956"><tfr rev_id="2462224" t="1956"><v><l id="0" t="1956"><g v="NUMB"></g></l></v></tfr></token><token id="649630" text="года"><tfr rev_id="3432152" t="года"><v><l id="72149" t="год"><g v="NOUN"></g><g v="inan"></g><g v="masc"></g><g v="sing"></g><g v="gen1"></g></l></v></tfr></token><token id="649631" text="отказались"><tfr rev_id="1481741" t="отказались"><v><l id="213938" t="отказался"><g v="VERB"></g><g v="perf"></g><g v="intr"></g><g v="plur"></g><g v="past"></g><g v="indc"></g></l></v></tfr></token><token id="649632" text="пожать"><tfr rev_id="1481742" t="пожать"><v><l id="253069" t="пожать"><g v="INFN"></g><g v="perf"></g><g v="tran"></g></l></v><v><l id="253075" t="пожать"><g v="INFN"></g><g v="perf"></g><g v="tran"></g></l></v></tfr></token><token id="649633" text="руку"><tfr rev_id="1481743" t="руку"><v><l id="309953" t="рука"><g v="NOUN"></g><g v="inan"></g><g v="femn"></g><g v="sing"></g><g v="accs"></g></l></v></tfr></token><token id="649634" text="Премьер-министру"><tfr rev_id="1481744" t="Премьер-министру"><v><l id="267776" t="премьер-министр"><g v="NOUN"></g><g v="anim"></g><g v="masc"></g><g v="sing"></g><g v="datv"></g></l></v></tfr></token><token id="649635" text="Дюрчаню"><tfr rev_id="1481745" t="Дюрчаню"><v><l id="0" t="дюрчаню"><g v="UNKN"></g></l></v></tfr></token><token id="649636" text="."><tfr rev_id="1481746" t="."><v><l id="0" t="."><g v="PNCT"></g></l></v></tfr></token></tokens></sentence></paragraph><paragraph id="11562"><sentence id="36324"><source>Демонстранты собирались на площади Корвин (Corvin-Platz), где в 1956 году тысячи восставших сражались с Красной Армией.</source><tokens><token id="649637" text="Демонстранты"><tfr rev_id="1481747" t="Демонстранты"><v><l id="81014" t="демонстрант"><g v="NOUN"></g><g v="anim"></g><g v="masc"></g><g v="plur"></g><g v="nomn"></g></l></v></tfr></token><token id="649638" text="собирались"><tfr rev_id="1481748" t="собирались"><v><l id="327680" t="собираюсь"><g v="VERB"></g><g v="impf"></g><g v="intr"></g><g v="plur"></g><g v="past"></g><g v="indc"></g></l></v></tfr></token><token id="649639" text="на"><tfr rev_id="3344458" t="на"><v><l id="166264" t="на"><g v="PREP"></g></l></v></tfr></token><token id="649640" text="площади"><tfr rev_id="4178194" t="площади"><v><l id="240936" t="площадь"><g v="NOUN"></g><g v="inan"></g><g v="femn"></g><g v="sing"></g><g v="loct"></g></l></v></tfr></token><token id="649641" text="Корвин"><tfr rev_id="1481751" t="Корвин"><v><l id="0" t="корвин"><g v="UNKN"></g></l></v></tfr></token><token id="649642" text="("><tfr rev_id="1481752" t="("><v><l id="0" t="("><g v="PNCT"></g></l></v></tfr></token><token id="649643" text="Corvin-Platz"><tfr rev_id="2475052" t="Corvin-Platz"><v><l id="0" t="Corvin-Platz"><g v="LATN"></g></l></v></tfr></token><token id="649644" text=")"><tfr rev_id="1481754" t=")"><v><l id="0" t=")"><g v="PNCT"></g></l></v></tfr></token><token id="649645" text=","><tfr rev_id="1481755" t=","><v><l id="0" t=","><g v="PNCT"></g></l></v></tfr></token><token id="649646" text="где"><tfr rev_id="2636485" t="где"><v><l id="67984" t="где"><g v="ADVB"></g><g v="Ques"></g></l></v><v><l id="388669" t="где"><g v="CONJ"></g></l></v></tfr></token><token id="649647" text="в"><tfr rev_id="1481757" t="в"><v><l id="37409" t="в"><g v="PREP"></g></l></v></tfr></token><token id="649648" text="1956"><tfr rev_id="2462225" t="1956"><v><l id="0" t="1956"><g v="NUMB"></g></l></v></tfr></token><token id="649649" text="году"><tfr rev_id="3045730" t="году"><v><l id="72149" t="год"><g v="NOUN"></g><g v="inan"></g><g v="masc"></g><g v="sing"></g><g v="loc2"></g></l></v></tfr></token><token id="649650" text="тысячи"><tfr rev_id="3795964" t="тысячи"><v><l id="352230" t="тысяча"><g v="NOUN"></g><g v="inan"></g><g v="femn"></g><g v="plur"></g><g v="nomn"></g></l></v></tfr></token><token id="649651" text="восставших"><tfr rev_id="3944105" t="восставших"><v><l id="51893" t="восставший"><g v="PRTF"></g><g v="perf"></g><g v="intr"></g><g v="past"></g><g v="actv"></g><g v="plur"></g><g v="gent"></g></l></v></tfr></token><token id="649652" text="сражались"><tfr rev_id="1481762" t="сражались"><v><l id="333358" t="сражаюсь"><g v="VERB"></g><g v="impf"></g><g v="intr"></g><g v="plur"></g><g v="past"></g><g v="indc"></g></l></v></tfr></token><token id="649653" text="с"><tfr rev_id="1481763" t="с"><v><l id="311151" t="с"><g v="PREP"></g></l></v></tfr></token><token id="649654" text="Красной"><tfr rev_id="1481764" t="Красной"><v><l id="141718" t="красная"><g v="NOUN"></g><g v="inan"></g><g v="femn"></g><g v="Sgtm"></g><g v="Geox"></g><g v="sing"></g><g v="gent"></g></l></v><v><l id="141718" t="красная"><g v="NOUN"></g><g v="inan"></g><g v="femn"></g><g v="Sgtm"></g><g v="Geox"></g><g v="sing"></g><g v="datv"></g></l></v><v><l id="141718" t="красная"><g v="NOUN"></g><g v="inan"></g><g v="femn"></g><g v="Sgtm"></g><g v="Geox"></g><g v="sing"></g><g v="ablt"></g></l></v><v><l id="141718" t="красная"><g v="NOUN"></g><g v="inan"></g><g v="femn"></g><g v="Sgtm"></g><g v="Geox"></g><g v="sing"></g><g v="loct"></g></l></v><v><l id="142014" t="красный"><g v="ADJF"></g><g v="Qual"></g><g v="femn"></g><g v="sing"></g><g v="gent"></g></l></v><v><l id="142014" t="красный"><g v="ADJF"></g><g v="Qual"></g><g v="femn"></g><g v="sing"></g><g v="datv"></g></l></v><v><l id="142014" t="красный"><g v="ADJF"></g><g v="Qual"></g><g v="femn"></g><g v="sing"></g><g v="ablt"></g></l></v><v><l id="142014" t="красный"><g v="ADJF"></g><g v="Qual"></g><g v="femn"></g><g v="sing"></g><g v="loct"></g></l></v></tfr></token><token id="649655" text="Армией"><tfr rev_id="1481765" t="Армией"><v><l id="16905" t="армия"><g v="NOUN"></g><g v="inan"></g><g v="femn"></g><g v="sing"></g><g v="ablt"></g></l></v></tfr></token><token id="649656" text="."><tfr rev_id="1481766" t="."><v><l id="0" t="."><g v="PNCT"></g></l></v></tfr></token></tokens></sentence><sentence id="36325"><source>Демонстранты скандировали «56» и «Предатели».</source><tokens><token id="649657" text="Демонстранты"><tfr rev_id="1481767" t="Демонстранты"><v><l id="81014" t="демонстрант"><g v="NOUN"></g><g v="anim"></g><g v="masc"></g><g v="plur"></g><g v="nomn"></g></l></v></tfr></token><token id="649658" text="скандировали"><tfr rev_id="1481768" t="скандировали"><v><l id="321783" t="скандирую"><g v="VERB"></g><g v="impf"></g><g v="tran"></g><g v="plur"></g><g v="past"></g><g v="indc"></g></l></v></tfr></token><token id="649659" text="«"><tfr rev_id="2445546" t="«"><v><l id="0" t="«"><g v="PNCT"></g></l></v></tfr></token><token id="649660" text="56"><tfr rev_id="2462226" t="56"><v><l id="0" t="56"><g v="NUMB"></g></l></v></tfr></token><token id="649661" text="»"><tfr rev_id="2445547" t="»"><v><l id="0" t="»"><g v="PNCT"></g></l></v></tfr></token><token id="649662" text="и"><tfr rev_id="1481772" t="и"><v><l id="116949" t="и"><g v="CONJ"></g></l></v><v><l id="116950" t="и"><g v="INTJ"></g></l></v></tfr></token><token id="649663" text="«"><tfr rev_id="2445548" t="«"><v><l id="0" t="«"><g v="PNCT"></g></l></v></tfr></token><token id="649664" text="Предатели"><tfr rev_id="1481774" t="Предатели"><v><l id="266222" t="предатель"><g v="NOUN"></g><g v="anim"></g><g v="masc"></g><g v="plur"></g><g v="nomn"></g></l></v></tfr></token><token id="649665" text="»"><tfr rev_id="2445549" t="»"><v><l id="0" t="»"><g v="PNCT"></g></l></v></tfr></token><token id="649666" text="."><tfr rev_id="1481776" t="."><v><l id="0" t="."><g v="PNCT"></g></l></v></tfr></token></tokens></sentence><sentence id="36326"><source>На их лозунгах можно было прочесть:</source><tokens><token id="649667" text="На"><tfr rev_id="3344546" t="На"><v><l id="166264" t="на"><g v="PREP"></g></l></v></tfr></token><token id="649668" text="их"><tfr rev_id="4491524" t="их"><v><l id="127205" t="их"><g v="ADJF"></g><g v="Fixd"></g><g v="Apro"></g><g v="Anph"></g><g v="plur"></g><g v="nomn"></g></l></v><v><l id="127205" t="их"><g v="ADJF"></g><g v="Fixd"></g><g v="Apro"></g><g v="Anph"></g><g v="plur"></g><g v="gent"></g></l></v><v><l id="127205" t="их"><g v="ADJF"></g><g v="Fixd"></g><g v="Apro"></g><g v="Anph"></g><g v="plur"></g><g v="datv"></g></l></v><v><l id="127205" t="их"><g v="ADJF"></g><g v="Fixd"></g><g v="Apro"></g><g v="Anph"></g><g v="plur"></g><g v="accs"></g></l></v><v><l id="127205" t="их"><g v="ADJF"></g><g v="Fixd"></g><g v="Apro"></g><g v="Anph"></g><g v="plur"></g><g v="ablt"></g></l></v><v><l id="127205" t="их"><g v="ADJF"></g><g v="Fixd"></g><g v="Apro"></g><g v="Anph"></g><g v="plur"></g><g v="loct"></g></l></v></tfr></token><token id="649669" text="лозунгах"><tfr rev_id="1481779" t="лозунгах"><v><l id="150604" t="лозунг"><g v="NOUN"></g><g v="inan"></g><g v="masc"></g><g v="plur"></g><g v="loct"></g></l></v></tfr></token><token id="649670" text="можно"><tfr rev_id="1481780" t="можно"><v><l id="162467" t="можно"><g v="PRED"></g><g v="pres"></g></l></v></tfr></token><token id="649671" text="было"><tfr rev_id="3125054" t="было"><v><l id="37265" t="есть"><g v="VERB"></g><g v="impf"></g><g v="intr"></g><g v="neut"></g><g v="sing"></g><g v="past"></g><g v="indc"></g></l></v></tfr></token><token id="649672" text="прочесть"><tfr rev_id="1481782" t="прочесть"><v><l id="287470" t="прочесть"><g v="INFN"></g><g v="perf"></g><g v="tran"></g></l></v></tfr></token><token id="649673" text=":"><tfr rev_id="1481783" t=":"><v><l id="0" t=":"><g v="PNCT"></g></l></v></tfr></token></tokens></sentence><sentence id="36327"><source>«Дорогие гости!</source><tokens><token id="649674" text="«"><tfr rev_id="2445550" t="«"><v><l id="0" t="«"><g v="PNCT"></g></l></v></tfr></token><token id="649675" text="Дорогие"><tfr rev_id="3750360" t="Дорогие"><v><l id="89724" t="дорогой"><g v="ADJF"></g><g v="Qual"></g><g v="plur"></g><g v="nomn"></g></l></v></tfr></token><token id="649676" text="гости"><tfr rev_id="1715970" t="гости"><v><l id="74145" t="гость"><g v="NOUN"></g><g v="anim"></g><g v="masc"></g><g v="plur"></g><g v="nomn"></g></l></v></tfr></token><token id="649677" text="!"><tfr rev_id="1481787" t="!"><v><l id="0" t="!"><g v="PNCT"></g></l></v></tfr></token></tokens></sentence><sentence id="36328"><source>Добро пожаловать в страну Дюрчаня, где ложь выглядит как правда и где грех считается добродетелью».</source><tokens><token id="649678" text="Добро"><tfr rev_id="3359568" t="Добро"><v><l id="85383" t="добро"><g v="ADVB"></g></l></v><v><l id="85384" t="добро"><g v="CONJ"></g></l></v><v><l id="85385" t="добро"><g v="NOUN"></g><g v="inan"></g><g v="neut"></g><g v="Sgtm"></g><g v="sing"></g><g v="nomn"></g></l></v><v><l id="85385" t="добро"><g v="NOUN"></g><g v="inan"></g><g v="neut"></g><g v="Sgtm"></g><g v="sing"></g><g v="accs"></g></l></v><v><l id="85386" t="добро"><g v="PRCL"></g></l></v><v><l id="85555" t="добр"><g v="ADJS"></g><g v="Qual"></g><g v="neut"></g><g v="sing"></g></l></v></tfr></token><token id="649679" text="пожаловать"><tfr rev_id="1481789" t="пожаловать"><v><l id="253023" t="пожаловать"><g v="INFN"></g><g v="perf"></g><g v="tran"></g></l></v></tfr></token><token id="649680" text="в"><tfr rev_id="1481790" t="в"><v><l id="37409" t="в"><g v="PREP"></g></l></v></tfr></token><token id="649681" text="страну"><tfr rev_id="1481791" t="страну"><v><l id="337100" t="страна"><g v="NOUN"></g><g v="inan"></g><g v="femn"></g><g v="sing"></g><g v="accs"></g></l></v></tfr></token><token id="649682" text="Дюрчаня"><tfr rev_id="1481792" t="Дюрчаня"><v><l id="0" t="дюрчаня"><g v="UNKN"></g></l></v></tfr></token><token id="649683" text=","><tfr rev_id="1481793" t=","><v><l id="0" t=","><g v="PNCT"></g></l></v></tfr></token><token id="649684" text="где"><tfr rev_id="2636486" t="где"><v><l id="67984" t="где"><g v="ADVB"></g><g v="Ques"></g></l></v><v><l id="388669" t="где"><g v="CONJ"></g></l></v></tfr></token><token id="649685" text="ложь"><tfr rev_id="4379941" t="ложь"><v><l id="150578" t="ложь"><g v="NOUN"></g><g v="inan"></g><g v="femn"></g><g v="sing"></g><g v="nomn"></g></l></v></tfr></token><token id="649686" text="выглядит"><tfr rev_id="1481796" t="выглядит"><v><l id="56595" t="выглядел"><g v="VERB"></g><g v="perf"></g><g v="tran"></g><g v="sing"></g><g v="3per"></g><g v="futr"></g><g v="indc"></g></l></v><v><l id="56599" t="выгляжу"><g v="VERB"></g><g v="impf"></g><g v="intr"></g><g v="sing"></g><g v="3per"></g><g v="pres"></g><g v="indc"></g></l></v></tfr></token><token id="649687" text="как"><tfr rev_id="1481797" t="как"><v><l id="128190" t="как"><g v="CONJ"></g></l></v><v><l id="128191" t="как"><g v="PRCL"></g></l></v><v><l id="128192" t="как"><g v="ADVB"></g><g v="Ques"></g></l></v></tfr></token><token id="649688" text="правда"><tfr rev_id="2625144" t="правда"><v><l id="265572" t="правда"><g v="NOUN"></g><g v="inan"></g><g v="femn"></g><g v="sing"></g><g v="nomn"></g></l></v><v><l id="265574" t="правда"><g v="PRCL"></g></l></v><v><l id="265575" t="правда"><g v="CONJ"></g><g v="Prnt"></g></l></v></tfr></token><token id="649689" text="и"><tfr rev_id="1481799" t="и"><v><l id="116949" t="и"><g v="CONJ"></g></l></v><v><l id="116950" t="и"><g v="INTJ"></g></l></v></tfr></token><token id="649690" text="где"><tfr rev_id="2636487" t="где"><v><l id="67984" t="где"><g v="ADVB"></g><g v="Ques"></g></l></v><v><l id="388669" t="где"><g v="CONJ"></g></l></v></tfr></token><token id="649691" text="грех"><tfr rev_id="1481801" t="грех"><v><l id="75103" t="грех"><g v="NOUN"></g><g v="inan"></g><g v="masc"></g><g v="sing"></g><g v="nomn"></g></l></v><v><l id="75103" t="грех"><g v="NOUN"></g><g v="inan"></g><g v="masc"></g><g v="sing"></g><g v="accs"></g></l></v><v><l id="75104" t="грех"><g v="PRED"></g><g v="pres"></g></l></v></tfr></token><token id="649692" text="считается"><tfr rev_id="1481802" t="считается"><v><l id="341335" t="считаюсь"><g v="VERB"></g><g v="impf"></g><g v="intr"></g><g v="sing"></g><g v="3per"></g><g v="pres"></g><g v="indc"></g></l></v></tfr></token><token id="649693" text="добродетелью"><tfr rev_id="1481803" t="добродетелью"><v><l id="85417" t="добродетель"><g v="NOUN"></g><g v="inan"></g><g v="femn"></g><g v="sing"></g><g v="ablt"></g></l></v></tfr></token><token id="649694" text="»"><tfr rev_id="2445551" t="»"><v><l id="0" t="»"><g v="PNCT"></g></l></v></tfr></token><token id="649695" text="."><tfr rev_id="1481805" t="."><v><l id="0" t="."><g v="PNCT"></g></l></v></tfr></token></tokens></sentence></paragraph><paragraph id="11563"><sentence id="36329"><source>23 октября 1956 года венгерское народное восстание началось мирными демонстрациями студентов, которые требовали больше демократии и прекращения сталинской тирании.</source><tokens><token id="649696" text="23"><tfr rev_id="2462227" t="23"><v><l id="0" t="23"><g v="NUMB"></g></l></v></tfr></token><token id="649697" text="октября"><tfr rev_id="1481807" t="октября"><v><l id="205725" t="октябрь"><g v="NOUN"></g><g v="inan"></g><g v="masc"></g><g v="sing"></g><g v="gent"></g></l></v></tfr></token><token id="649698" text="1956"><tfr rev_id="2462228" t="1956"><v><l id="0" t="1956"><g v="NUMB"></g></l></v></tfr></token><token id="649699" text="года"><tfr rev_id="3415533" t="года"><v><l id="72149" t="год"><g v="NOUN"></g><g v="inan"></g><g v="masc"></g><g v="sing"></g><g v="gen1"></g></l></v></tfr></token><token id="649700" text="венгерское"><tfr rev_id="4154252" t="венгерское"><v><l id="40893" t="венгерский"><g v="ADJF"></g><g v="neut"></g><g v="sing"></g><g v="nomn"></g></l></v><v><l id="40893" t="венгерский"><g v="ADJF"></g><g v="neut"></g><g v="sing"></g><g v="accs"></g></l></v></tfr></token><token id="649701" text="народное"><tfr rev_id="1481811" t="народное"><v><l id="174724" t="народный"><g v="ADJF"></g><g v="Qual"></g><g v="neut"></g><g v="sing"></g><g v="nomn"></g></l></v><v><l id="174724" t="народный"><g v="ADJF"></g><g v="Qual"></g><g v="neut"></g><g v="sing"></g><g v="accs"></g></l></v></tfr></token><token id="649702" text="восстание"><tfr rev_id="3544131" t="восстание"><v><l id="51871" t="восстание"><g v="NOUN"></g><g v="inan"></g><g v="neut"></g><g v="sing"></g><g v="nomn"></g></l></v></tfr></token><token id="649703" text="началось"><tfr rev_id="1481813" t="началось"><v><l id="178230" t="начался"><g v="VERB"></g><g v="perf"></g><g v="intr"></g><g v="neut"></g><g v="sing"></g><g v="past"></g><g v="indc"></g></l></v></tfr></token><token id="649704" text="мирными"><tfr rev_id="1481814" t="мирными"><v><l id="160883" t="мирный"><g v="ADJF"></g><g v="Qual"></g><g v="plur"></g><g v="ablt"></g></l></v></tfr></token><token id="649705" text="демонстрациями"><tfr rev_id="1481815" t="демонстрациями"><v><l id="81024" t="демонстрация"><g v="NOUN"></g><g v="inan"></g><g v="femn"></g><g v="plur"></g><g v="ablt"></g></l></v></tfr></token><token id="649706" text="студентов"><tfr rev_id="4355590" t="студентов"><v><l id="338210" t="студент"><g v="NOUN"></g><g v="anim"></g><g v="masc"></g><g v="plur"></g><g v="gent"></g></l></v></tfr></token><token id="649707" text=","><tfr rev_id="1481817" t=","><v><l id="0" t=","><g v="PNCT"></g></l></v></tfr></token><token id="649708" text="которые"><tfr rev_id="3817561" t="которые"><v><l id="141203" t="который"><g v="ADJF"></g><g v="Apro"></g><g v="Subx"></g><g v="Anph"></g><g v="plur"></g><g v="nomn"></g></l></v></tfr></token><token id="649709" text="требовали"><tfr rev_id="1481819" t="требовали"><v><l id="349467" t="требую"><g v="VERB"></g><g v="impf"></g><g v="tran"></g><g v="plur"></g><g v="past"></g><g v="indc"></g></l></v></tfr></token><token id="649710" text="больше"><tfr rev_id="2558490" t="больше"><v><l id="32325" t="больше"><g v="ADVB"></g></l></v><v><l id="32447" t="больше"><g v="COMP"></g><g v="Qual"></g></l></v></tfr></token><token id="649711" text="демократии"><tfr rev_id="4177382" t="демократии"><v><l id="80998" t="демократия"><g v="NOUN"></g><g v="inan"></g><g v="femn"></g><g v="sing"></g><g v="gent"></g></l></v></tfr></token><token id="649712" text="и"><tfr rev_id="1481822" t="и"><v><l id="116949" t="и"><g v="CONJ"></g></l></v><v><l id="116950" t="и"><g v="INTJ"></g></l></v></tfr></token><token id="649713" text="прекращения"><tfr rev_id="3483845" t="прекращения"><v><l id="267615" t="прекращение"><g v="NOUN"></g><g v="inan"></g><g v="neut"></g><g v="sing"></g><g v="gent"></g></l></v></tfr></token><token id="649714" text="сталинской"><tfr rev_id="4343412" t="сталинской"><v><l id="334519" t="сталинский"><g v="ADJF"></g><g v="femn"></g><g v="sing"></g><g v="gent"></g></l></v></tfr></token><token id="649715" text="тирании"><tfr rev_id="3503497" t="тирании"><v><l id="346406" t="тирания"><g v="NOUN"></g><g v="inan"></g><g v="femn"></g><g v="sing"></g><g v="gent"></g></l></v><v><l id="346406" t="тирания"><g v="NOUN"></g><g v="inan"></g><g v="femn"></g><g v="sing"></g><g v="datv"></g></l></v><v><l id="346406" t="тирания"><g v="NOUN"></g><g v="inan"></g><g v="femn"></g><g v="sing"></g><g v="loct"></g></l></v></tfr></token><token id="649716" text="."><tfr rev_id="1481826" t="."><v><l id="0" t="."><g v="PNCT"></g></l></v></tfr></token></tokens></sentence><sentence id="36330"><source>В этот же день, вечером, раздались первые выстрелы.</source><tokens><token id="649717" text="В"><tfr rev_id="1481827" t="В"><v><l id="37409" t="в"><g v="PREP"></g></l></v></tfr></token><token id="649718" text="этот"><tfr rev_id="4432125" t="этот"><v><l id="386581" t="этот"><g v="ADJF"></g><g v="Subx"></g><g v="Apro"></g><g v="Anph"></g><g v="masc"></g><g v="sing"></g><g v="nomn"></g></l></v><v><l id="386581" t="этот"><g v="ADJF"></g><g v="Subx"></g><g v="Apro"></g><g v="Anph"></g><g v="inan"></g><g v="masc"></g><g v="sing"></g><g v="accs"></g></l></v></tfr></token><token id="649719" text="же"><tfr rev_id="1481829" t="же"><v><l id="96208" t="же"><g v="CONJ"></g></l></v><v><l id="96209" t="же"><g v="PRCL"></g></l></v></tfr></token><token id="649720" text="день"><tfr rev_id="1716244" t="день"><v><l id="81427" t="день"><g v="NOUN"></g><g v="inan"></g><g v="masc"></g><g v="sing"></g><g v="nomn"></g></l></v><v><l id="81427" t="день"><g v="NOUN"></g><g v="inan"></g><g v="masc"></g><g v="sing"></g><g v="accs"></g></l></v></tfr></token><token id="649721" text=","><tfr rev_id="1481831" t=","><v><l id="0" t=","><g v="PNCT"></g></l></v></tfr></token><token id="649722" text="вечером"><tfr rev_id="4263786" t="вечером"><v><l id="42391" t="вечером"><g v="ADVB"></g></l></v></tfr></token><token id="649723" text=","><tfr rev_id="1481833" t=","><v><l id="0" t=","><g v="PNCT"></g></l></v></tfr></token><token id="649724" text="раздались"><tfr rev_id="1481834" t="раздались"><v><l id="293471" t="раздался"><g v="VERB"></g><g v="perf"></g><g v="intr"></g><g v="plur"></g><g v="past"></g><g v="indc"></g></l></v></tfr></token><token id="649725" text="первые"><tfr rev_id="4154253" t="первые"><v><l id="226359" t="первый"><g v="ADJF"></g><g v="Anum"></g><g v="plur"></g><g v="nomn"></g></l></v><v><l id="226359" t="первый"><g v="ADJF"></g><g v="Anum"></g><g v="inan"></g><g v="plur"></g><g v="accs"></g></l></v></tfr></token><token id="649726" text="выстрелы"><tfr rev_id="3716160" t="выстрелы"><v><l id="62743" t="выстрел"><g v="NOUN"></g><g v="inan"></g><g v="masc"></g><g v="plur"></g><g v="nomn"></g></l></v></tfr></token><token id="649727" text="."><tfr rev_id="1481837" t="."><v><l id="0" t="."><g v="PNCT"></g></l></v></tfr></token></tokens></sentence><sentence id="36331"><source>Восстание продолжалось до ноября, погибло более 2000 венгров.</source><tokens><token id="649728" text="Восстание"><tfr rev_id="4105761" t="Восстание"><v><l id="51871" t="восстание"><g v="NOUN"></g><g v="inan"></g><g v="neut"></g><g v="sing"></g><g v="nomn"></g></l></v></tfr></token><token id="649729" text="продолжалось"><tfr rev_id="1481839" t="продолжалось"><v><l id="279222" t="продолжаюсь"><g v="VERB"></g><g v="impf"></g><g v="intr"></g><g v="neut"></g><g v="sing"></g><g v="past"></g><g v="indc"></g></l></v></tfr></token><token id="649730" text="до"><tfr rev_id="1481840" t="до"><v><l id="85153" t="до"><g v="PREP"></g></l></v></tfr></token><token id="649731" text="ноября"><tfr rev_id="1481841" t="ноября"><v><l id="192482" t="ноябрь"><g v="NOUN"></g><g v="inan"></g><g v="masc"></g><g v="sing"></g><g v="gent"></g></l></v></tfr></token><token id="649732" text=","><tfr rev_id="1481842" t=","><v><l id="0" t=","><g v="PNCT"></g></l></v></tfr></token><token id="649733" text="погибло"><tfr rev_id="1481843" t="погибло"><v><l id="243191" t="погиб"><g v="VERB"></g><g v="perf"></g><g v="intr"></g><g v="neut"></g><g v="sing"></g><g v="past"></g><g v="indc"></g></l></v></tfr></token><token id="649734" text="более"><tfr rev_id="1481844" t="более"><v><l id="32065" t="более"><g v="ADVB"></g></l></v></tfr></token><token id="649735" text="2000"><tfr rev_id="2462229" t="2000"><v><l id="0" t="2000"><g v="NUMB"></g></l></v></tfr></token><token id="649736" text="венгров"><tfr rev_id="4200285" t="венгров"><v><l id="40895" t="венгр"><g v="NOUN"></g><g v="anim"></g><g v="masc"></g><g v="plur"></g><g v="gent"></g></l></v></tfr></token><token id="649737" text="."><tfr rev_id="1481847" t="."><v><l id="0" t="."><g v="PNCT"></g></l></v></tfr></token></tokens></sentence><sentence id="36332"><source>Советское руководство сообщало, что с их стороны было 700 погибших.</source><tokens><token id="649738" text="Советское"><tfr rev_id="1481848" t="Советское"><v><l id="327999" t="советский"><g v="ADJF"></g><g v="neut"></g><g v="sing"></g><g v="nomn"></g></l></v><v><l id="327999" t="советский"><g v="ADJF"></g><g v="neut"></g><g v="sing"></g><g v="accs"></g></l></v></tfr></token><token id="649739" text="руководство"><tfr rev_id="3430721" t="руководство"><v><l id="310004" t="руководство"><g v="NOUN"></g><g v="inan"></g><g v="neut"></g><g v="sing"></g><g v="nomn"></g></l></v></tfr></token><token id="649740" text="сообщало"><tfr rev_id="1481850" t="сообщало"><v><l id="329538" t="сообщаю"><g v="VERB"></g><g v="impf"></g><g v="tran"></g><g v="neut"></g><g v="sing"></g><g v="past"></g><g v="indc"></g></l></v></tfr></token><token id="649741" text=","><tfr rev_id="1481851" t=","><v><l id="0" t=","><g v="PNCT"></g></l></v></tfr></token><token id="649742" text="что"><tfr rev_id="3197271" t="что"><v><l id="377004" t="что"><g v="CONJ"></g></l></v><v><l id="377005" t="что"><g v="NPRO"></g><g v="neut"></g><g v="sing"></g><g v="nomn"></g></l></v><v><l id="377005" t="что"><g v="NPRO"></g><g v="neut"></g><g v="sing"></g><g v="accs"></g></l></v><v><l id="377006" t="что"><g v="ADVB"></g><g v="Ques"></g></l></v><v><l id="388695" t="что"><g v="PRCL"></g></l></v></tfr></token><token id="649743" text="с"><tfr rev_id="1481853" t="с"><v><l id="311151" t="с"><g v="PREP"></g></l></v></tfr></token><token id="649744" text="их"><tfr rev_id="4458011" t="их"><v><l id="127205" t="их"><g v="ADJF"></g><g v="Fixd"></g><g v="Apro"></g><g v="Anph"></g><g v="femn"></g><g v="sing"></g><g v="nomn"></g></l></v><v><l id="127205" t="их"><g v="ADJF"></g><g v="Fixd"></g><g v="Apro"></g><g v="Anph"></g><g v="femn"></g><g v="sing"></g><g v="gent"></g></l></v><v><l id="127205" t="их"><g v="ADJF"></g><g v="Fixd"></g><g v="Apro"></g><g v="Anph"></g><g v="femn"></g><g v="sing"></g><g v="datv"></g></l></v><v><l id="127205" t="их"><g v="ADJF"></g><g v="Fixd"></g><g v="Apro"></g><g v="Anph"></g><g v="femn"></g><g v="sing"></g><g v="accs"></g></l></v><v><l id="127205" t="их"><g v="ADJF"></g><g v="Fixd"></g><g v="Apro"></g><g v="Anph"></g><g v="femn"></g><g v="sing"></g><g v="ablt"></g></l></v><v><l id="127205" t="их"><g v="ADJF"></g><g v="Fixd"></g><g v="Apro"></g><g v="Anph"></g><g v="femn"></g><g v="sing"></g><g v="loct"></g></l></v></tfr></token><token id="649745" text="стороны"><tfr rev_id="3440221" t="стороны"><v><l id="336894" t="сторона"><g v="NOUN"></g><g v="inan"></g><g v="femn"></g><g v="sing"></g><g v="gent"></g></l></v></tfr></token><token id="649746" text="было"><tfr rev_id="3124412" t="было"><v><l id="37265" t="есть"><g v="VERB"></g><g v="impf"></g><g v="intr"></g><g v="neut"></g><g v="sing"></g><g v="past"></g><g v="indc"></g></l></v></tfr></token><token id="649747" text="700"><tfr rev_id="2462230" t="700"><v><l id="0" t="700"><g v="NUMB"></g></l></v></tfr></token><token id="649748" text="погибших"><tfr rev_id="4455623" t="погибших"><v><l id="243193" t="погибший"><g v="PRTF"></g><g v="perf"></g><g v="intr"></g><g v="past"></g><g v="actv"></g><g v="plur"></g><g v="gent"></g></l></v></tfr></token><token id="649749" text="."><tfr rev_id="1481859" t="."><v><l id="0" t="."><g v="PNCT"></g></l></v></tfr></token></tokens></sentence><sentence id="36333"><source>После разгрома восстания более 200 000 венгров бежали из страны.</source><tokens><token id="649750" text="После"><tfr rev_id="4292124" t="После"><v><l id="261542" t="после"><g v="PREP"></g></l></v></tfr></token><token id="649751" text="разгрома"><tfr rev_id="1481861" t="разгрома"><v><l id="293234" t="разгром"><g v="NOUN"></g><g v="inan"></g><g v="masc"></g><g v="sing"></g><g v="gent"></g></l></v></tfr></token><token id="649752" text="восстания"><tfr rev_id="3436971" t="восстания"><v><l id="51871" t="восстание"><g v="NOUN"></g><g v="inan"></g><g v="neut"></g><g v="sing"></g><g v="gent"></g></l></v></tfr></token><token id="649753" text="более"><tfr rev_id="1481863" t="более"><v><l id="32065" t="более"><g v="ADVB"></g></l></v></tfr></token><token id="649754" text="200"><tfr rev_id="2462231" t="200"><v><l id="0" t="200"><g v="NUMB"></g></l></v></tfr></token><token id="649755" text="000"><tfr rev_id="2462232" t="000"><v><l id="0" t="000"><g v="NUMB"></g></l></v></tfr></token><token id="649756" text="венгров"><tfr rev_id="4384192" t="венгров"><v><l id="40895" t="венгр"><g v="NOUN"></g><g v="anim"></g><g v="masc"></g><g v="plur"></g><g v="gent"></g></l></v></tfr></token><token id="649757" text="бежали"><tfr rev_id="1481867" t="бежали"><v><l id="25453" t="бегу"><g v="VERB"></g><g v="impf"></g><g v="intr"></g><g v="plur"></g><g v="past"></g><g v="indc"></g></l></v><v><l id="25458" t="бежал"><g v="VERB"></g><g v="perf"></g><g v="intr"></g><g v="plur"></g><g v="past"></g><g v="indc"></g></l></v></tfr></token><token id="649758" text="из"><tfr rev_id="2604113" t="из"><v><l id="117677" t="из"><g v="PREP"></g></l></v></tfr></token><token id="649759" text="страны"><tfr rev_id="3469553" t="страны"><v><l id="337100" t="страна"><g v="NOUN"></g><g v="inan"></g><g v="femn"></g><g v="sing"></g><g v="gent"></g></l></v></tfr></token><token id="649760" text="."><tfr rev_id="1481870" t="."><v><l id="0" t="."><g v="PNCT"></g></l></v></tfr></token></tokens></sentence><sentence id="36334"><source>Премьер-министр Венгрии Имре Надь был обвинён в участии в восстании и в 1958 году казнен.</source><tokens><token id="649761" text="Премьер-министр"><tfr rev_id="1481871" t="Премьер-министр"><v><l id="267776" t="премьер-министр"><g v="NOUN"></g><g v="anim"></g><g v="masc"></g><g v="sing"></g><g v="nomn"></g></l></v></tfr></token><token id="649762" text="Венгрии"><tfr rev_id="3455503" t="Венгрии"><v><l id="40896" t="венгрия"><g v="NOUN"></g><g v="inan"></g><g v="femn"></g><g v="Sgtm"></g><g v="Geox"></g><g v="sing"></g><g v="gent"></g></l></v></tfr></token><token id="649763" text="Имре"><tfr rev_id="3498947" t="Имре"><v><l id="121936" t="имре"><g v="NOUN"></g><g v="anim"></g><g v="masc"></g><g v="Sgtm"></g><g v="Fixd"></g><g v="Name"></g><g v="sing"></g><g v="nomn"></g></l></v></tfr></token><token id="649764" text="Надь"><tfr rev_id="3502388" t="Надь"><v><l id="0" t="Надь"><g v="UNKN"></g></l></v></tfr></token><token id="649765" text="был"><tfr rev_id="1481875" t="был"><v><l id="37265" t="есть"><g v="VERB"></g><g v="impf"></g><g v="intr"></g><g v="masc"></g><g v="sing"></g><g v="past"></g><g v="indc"></g></l></v></tfr></token><token id="649766" text="обвинён"><tfr rev_id="1481876" t="обвинён"><v><l id="193420" t="обвинён"><g v="PRTS"></g><g v="perf"></g><g v="past"></g><g v="pssv"></g><g v="masc"></g><g v="sing"></g></l></v></tfr></token><token id="649767" text="в"><tfr rev_id="1481877" t="в"><v><l id="37409" t="в"><g v="PREP"></g></l></v></tfr></token><token id="649768" text="участии"><tfr rev_id="1481878" t="участии"><v><l id="363132" t="участие"><g v="NOUN"></g><g v="inan"></g><g v="neut"></g><g v="sing"></g><g v="loct"></g></l></v></tfr></token><token id="649769" text="в"><tfr rev_id="1481879" t="в"><v><l id="37409" t="в"><g v="PREP"></g></l></v></tfr></token><token id="649770" text="восстании"><tfr rev_id="1481880" t="восстании"><v><l id="51871" t="восстание"><g v="NOUN"></g><g v="inan"></g><g v="neut"></g><g v="sing"></g><g v="loct"></g></l></v></tfr></token><token id="649771" text="и"><tfr rev_id="4288853" t="и"><v><l id="116949" t="и"><g v="CONJ"></g></l></v></tfr></token><token id="649772" text="в"><tfr rev_id="1481882" t="в"><v><l id="37409" t="в"><g v="PREP"></g></l></v></tfr></token><token id="649773" text="1958"><tfr rev_id="2462233" t="1958"><v><l id="0" t="1958"><g v="NUMB"></g></l></v></tfr></token><token id="649774" text="году"><tfr rev_id="2827617" t="году"><v><l id="72149" t="год"><g v="NOUN"></g><g v="inan"></g><g v="masc"></g><g v="sing"></g><g v="loc2"></g></l></v></tfr></token><token id="649775" text="казнен"><tfr rev_id="1481885" t="казнен"><v><l id="128050" t="казнён"><g v="PRTS"></g><g v="perf"></g><g v="past"></g><g v="pssv"></g><g v="masc"></g><g v="sing"></g></l></v><v><l id="128051" t="казнён"><g v="PRTS"></g><g v="impf"></g><g v="past"></g><g v="pssv"></g><g v="masc"></g><g v="sing"></g></l></v></tfr></token><token id="649776" text="."><tfr rev_id="1481886" t="."><v><l id="0" t="."><g v="PNCT"></g></l></v></tfr></token></tokens></sentence><sentence id="36335"><source>Вместе с ним были казнены ещё около 200 человек.</source><tokens><token id="649777" text="Вместе"><tfr rev_id="1481887" t="Вместе"><v><l id="47122" t="вместе"><g v="ADVB"></g></l></v></tfr></token><token id="649778" text="с"><tfr rev_id="1481888" t="с"><v><l id="311151" t="с"><g v="PREP"></g></l></v></tfr></token><token id="649779" text="ним"><tfr rev_id="4530632" t="ним"><v><l id="206541" t="он"><g v="NPRO"></g><g v="masc"></g><g v="3per"></g><g v="Anph"></g><g v="sing"></g><g v="ablt"></g><g v="Af-p"></g></l></v><v><l id="206649" t="оно"><g v="NPRO"></g><g v="neut"></g><g v="3per"></g><g v="Anph"></g><g v="sing"></g><g v="ablt"></g><g v="Af-p"></g></l></v></tfr></token><token id="649780" text="были"><tfr rev_id="1715955" t="были"><v><l id="37265" t="есть"><g v="VERB"></g><g v="impf"></g><g v="intr"></g><g v="plur"></g><g v="past"></g><g v="indc"></g></l></v></tfr></token><token id="649781" text="казнены"><tfr rev_id="1481891" t="казнены"><v><l id="128050" t="казнён"><g v="PRTS"></g><g v="perf"></g><g v="past"></g><g v="pssv"></g><g v="plur"></g></l></v><v><l id="128051" t="казнён"><g v="PRTS"></g><g v="impf"></g><g v="past"></g><g v="pssv"></g><g v="plur"></g></l></v></tfr></token><token id="649782" text="ещё"><tfr rev_id="1481892" t="ещё"><v><l id="95551" t="ещё"><g v="PRCL"></g></l></v><v><l id="95552" t="ещё"><g v="ADVB"></g></l></v></tfr></token><token id="649783" text="около"><tfr rev_id="4422149" t="около"><v><l id="205005" t="около"><g v="PREP"></g></l></v></tfr></token><token id="649784" text="200"><tfr rev_id="2462234" t="200"><v><l id="0" t="200"><g v="NUMB"></g></l></v></tfr></token><token id="649785" text="человек"><tfr rev_id="2636972" t="человек"><v><l id="375073" t="человек"><g v="NOUN"></g><g v="anim"></g><g v="masc"></g><g v="plur"></g><g v="gent"></g></l></v></tfr></token><token id="649786" text="."><tfr rev_id="1481896" t="."><v><l id="0" t="."><g v="PNCT"></g></l></v></tfr></token></tokens></sentence></paragraph></paragraphs></text>