<?xml version="1.0" encoding="utf-8"?><text id="1265" parent="603" name="0011305 Celebrations :)"><tags><tag>url:http://happy-mystx.livejournal.com/11305.html</tag><tag>Год:2009</tag><tag>Дата:30/09</tag><tag>Время:11:55</tag><tag>ЖЖ:Настроение:content</tag><tag>ЖЖ:Метка:celebrations</tag></tags><paragraphs><paragraph id="11693"><sentence id="36665"><source>Celebrations :)</source><tokens><token id="656395" text="Celebrations"><tfr rev_id="2475076" t="Celebrations"><v><l id="0" t="Celebrations"><g v="LATN"></g></l></v></tfr></token><token id="656396" text=":)"><tfr rev_id="1488504" t=":)"><v><l id="0" t=":)"><g v="PNCT"></g></l></v></tfr></token></tokens></sentence></paragraph><paragraph id="11694"><sentence id="36666"><source>Только что пришел с приема губернатора, где наш авторский коллектив поздравляли с победой в областном конкурсе научно-исследовательских работ.</source><tokens><token id="656397" text="Только"><tfr rev_id="3784134" t="Только"><v><l id="347395" t="только"><g v="CONJ"></g></l></v><v><l id="347396" t="только"><g v="PRCL"></g></l></v><v><l id="390053" t="только"><g v="ADVB"></g></l></v></tfr></token><token id="656398" text="что"><tfr rev_id="3197350" t="что"><v><l id="377004" t="что"><g v="CONJ"></g></l></v><v><l id="377005" t="что"><g v="NPRO"></g><g v="neut"></g><g v="sing"></g><g v="nomn"></g></l></v><v><l id="377005" t="что"><g v="NPRO"></g><g v="neut"></g><g v="sing"></g><g v="accs"></g></l></v><v><l id="377006" t="что"><g v="ADVB"></g><g v="Ques"></g></l></v><v><l id="388695" t="что"><g v="PRCL"></g></l></v></tfr></token><token id="656399" text="пришел"><tfr rev_id="1488507" t="пришел"><v><l id="270737" t="пришёл"><g v="VERB"></g><g v="perf"></g><g v="intr"></g><g v="masc"></g><g v="sing"></g><g v="past"></g><g v="indc"></g></l></v></tfr></token><token id="656400" text="с"><tfr rev_id="1488508" t="с"><v><l id="311151" t="с"><g v="PREP"></g></l></v></tfr></token><token id="656401" text="приема"><tfr rev_id="1488509" t="приема"><v><l id="268626" t="приём"><g v="NOUN"></g><g v="inan"></g><g v="masc"></g><g v="sing"></g><g v="gent"></g></l></v></tfr></token><token id="656402" text="губернатора"><tfr rev_id="4389598" t="губернатора"><v><l id="76396" t="губернатор"><g v="NOUN"></g><g v="anim"></g><g v="masc"></g><g v="sing"></g><g v="gent"></g></l></v></tfr></token><token id="656403" text=","><tfr rev_id="1488511" t=","><v><l id="0" t=","><g v="PNCT"></g></l></v></tfr></token><token id="656404" text="где"><tfr rev_id="2636492" t="где"><v><l id="67984" t="где"><g v="ADVB"></g><g v="Ques"></g></l></v><v><l id="388669" t="где"><g v="CONJ"></g></l></v></tfr></token><token id="656405" text="наш"><tfr rev_id="1488513" t="наш"><v><l id="178492" t="наш"><g v="ADJF"></g><g v="Apro"></g><g v="masc"></g><g v="sing"></g><g v="nomn"></g></l></v><v><l id="178492" t="наш"><g v="ADJF"></g><g v="Apro"></g><g v="inan"></g><g v="masc"></g><g v="sing"></g><g v="accs"></g></l></v></tfr></token><token id="656406" text="авторский"><tfr rev_id="1488514" t="авторский"><v><l id="3435" t="авторский"><g v="ADJF"></g><g v="masc"></g><g v="sing"></g><g v="nomn"></g></l></v><v><l id="3435" t="авторский"><g v="ADJF"></g><g v="inan"></g><g v="masc"></g><g v="sing"></g><g v="accs"></g></l></v></tfr></token><token id="656407" text="коллектив"><tfr rev_id="3488323" t="коллектив"><v><l id="136019" t="коллектив"><g v="NOUN"></g><g v="inan"></g><g v="masc"></g><g v="sing"></g><g v="accs"></g></l></v></tfr></token><token id="656408" text="поздравляли"><tfr rev_id="1488516" t="поздравляли"><v><l id="253527" t="поздравляю"><g v="VERB"></g><g v="impf"></g><g v="tran"></g><g v="plur"></g><g v="past"></g><g v="indc"></g></l></v></tfr></token><token id="656409" text="с"><tfr rev_id="1488517" t="с"><v><l id="311151" t="с"><g v="PREP"></g></l></v></tfr></token><token id="656410" text="победой"><tfr rev_id="1488518" t="победой"><v><l id="241476" t="победа"><g v="NOUN"></g><g v="inan"></g><g v="femn"></g><g v="sing"></g><g v="ablt"></g></l></v></tfr></token><token id="656411" text="в"><tfr rev_id="1488519" t="в"><v><l id="37409" t="в"><g v="PREP"></g></l></v></tfr></token><token id="656412" text="областном"><tfr rev_id="3946311" t="областном"><v><l id="196227" t="областной"><g v="ADJF"></g><g v="masc"></g><g v="sing"></g><g v="loct"></g></l></v></tfr></token><token id="656413" text="конкурсе"><tfr rev_id="1488521" t="конкурсе"><v><l id="137916" t="конкурс"><g v="NOUN"></g><g v="inan"></g><g v="masc"></g><g v="sing"></g><g v="loct"></g></l></v></tfr></token><token id="656414" text="научно-исследовательских"><tfr rev_id="4198155" t="научно-исследовательских"><v><l id="177533" t="научно-исследовательский"><g v="ADJF"></g><g v="plur"></g><g v="gent"></g></l></v></tfr></token><token id="656415" text="работ"><tfr rev_id="1488523" t="работ"><v><l id="290501" t="работа"><g v="NOUN"></g><g v="inan"></g><g v="femn"></g><g v="plur"></g><g v="gent"></g></l></v></tfr></token><token id="656416" text="."><tfr rev_id="1488524" t="."><v><l id="0" t="."><g v="PNCT"></g></l></v></tfr></token></tokens></sentence><sentence id="36667"><source>Бывает же такое - делаешь, делаешь что-нибудь и вот тебе подарок.</source><tokens><token id="656417" text="Бывает"><tfr rev_id="4232126" t="Бывает"><v><l id="36997" t="бываю"><g v="VERB"></g><g v="impf"></g><g v="intr"></g><g v="sing"></g><g v="3per"></g><g v="pres"></g><g v="indc"></g></l></v></tfr></token><token id="656418" text="же"><tfr rev_id="1488526" t="же"><v><l id="96208" t="же"><g v="CONJ"></g></l></v><v><l id="96209" t="же"><g v="PRCL"></g></l></v></tfr></token><token id="656419" text="такое"><tfr rev_id="1488527" t="такое"><v><l id="342491" t="такой"><g v="ADJF"></g><g v="Apro"></g><g v="neut"></g><g v="sing"></g><g v="nomn"></g></l></v><v><l id="342491" t="такой"><g v="ADJF"></g><g v="Apro"></g><g v="neut"></g><g v="sing"></g><g v="accs"></g></l></v></tfr></token><token id="656420" text="-"><tfr rev_id="1488528" t="-"><v><l id="0" t="-"><g v="PNCT"></g></l></v></tfr></token><token id="656421" text="делаешь"><tfr rev_id="1488529" t="делаешь"><v><l id="80526" t="делаю"><g v="VERB"></g><g v="impf"></g><g v="tran"></g><g v="sing"></g><g v="2per"></g><g v="pres"></g><g v="indc"></g></l></v></tfr></token><token id="656422" text=","><tfr rev_id="1488530" t=","><v><l id="0" t=","><g v="PNCT"></g></l></v></tfr></token><token id="656423" text="делаешь"><tfr rev_id="1488531" t="делаешь"><v><l id="80526" t="делаю"><g v="VERB"></g><g v="impf"></g><g v="tran"></g><g v="sing"></g><g v="2per"></g><g v="pres"></g><g v="indc"></g></l></v></tfr></token><token id="656424" text="что-нибудь"><tfr rev_id="2699547" t="что-нибудь"><v><l id="377008" t="что-нибудь"><g v="NPRO"></g><g v="neut"></g><g v="sing"></g><g v="accs"></g></l></v></tfr></token><token id="656425" text="и"><tfr rev_id="3696868" t="и"><v><l id="116949" t="и"><g v="CONJ"></g></l></v></tfr></token><token id="656426" text="вот"><tfr rev_id="3363384" t="вот"><v><l id="52157" t="вот"><g v="PRCL"></g></l></v></tfr></token><token id="656427" text="тебе"><tfr rev_id="4236610" t="тебе"><v><l id="352128" t="ты"><g v="NPRO"></g><g v="2per"></g><g v="sing"></g><g v="datv"></g></l></v></tfr></token><token id="656428" text="подарок"><tfr rev_id="3549768" t="подарок"><v><l id="243876" t="подарок"><g v="NOUN"></g><g v="inan"></g><g v="masc"></g><g v="sing"></g><g v="nomn"></g></l></v></tfr></token><token id="656429" text="."><tfr rev_id="1488537" t="."><v><l id="0" t="."><g v="PNCT"></g></l></v></tfr></token></tokens></sentence></paragraph><paragraph id="11798"><sentence id="36668"><source>Сама новость тут.</source><tokens><token id="656430" text="Сама"><tfr rev_id="1488538" t="Сама"><v><l id="312034" t="сам"><g v="ADJF"></g><g v="Apro"></g><g v="femn"></g><g v="sing"></g><g v="nomn"></g></l></v></tfr></token><token id="656431" text="новость"><tfr rev_id="4094956" t="новость"><v><l id="191855" t="новость"><g v="NOUN"></g><g v="inan"></g><g v="femn"></g><g v="sing"></g><g v="nomn"></g></l></v></tfr></token><token id="656432" text="тут"><tfr rev_id="4264000" t="тут"><v><l id="351923" t="тут"><g v="ADVB"></g><g v="Dmns"></g></l></v></tfr></token><token id="656433" text="."><tfr rev_id="1488541" t="."><v><l id="0" t="."><g v="PNCT"></g></l></v></tfr></token></tokens></sentence></paragraph></paragraphs></text>