<?xml version="1.0" encoding="utf-8"?><text id="1276" parent="603" name="0016473 Кинотеатрродина"><tags><tag>url:http://happy-mystx.livejournal.com/16473.html</tag><tag>Год:2010</tag><tag>Дата:06/02</tag><tag>Время:23:42</tag><tag>ЖЖ:Настроение:calm</tag></tags><paragraphs><paragraph id="11747"><sentence id="36793"><source>Кинотеатрродина</source><tokens><token id="658156" text="Кинотеатрродина"><tfr rev_id="1490264" t="Кинотеатрродина"><v><l id="0" t="кинотеатрродина"><g v="UNKN"></g></l></v></tfr></token></tokens></sentence></paragraph><paragraph id="11748"><sentence id="36794"><source>Как ни странно, но из всего просмотра"Аватара"в три-дэ, мне больше всего запомнился тизер к выходящей скоро"Алисе в стране чудес"Тима Бертона.</source><tokens><token id="658157" text="Как"><tfr rev_id="1490265" t="Как"><v><l id="128190" t="как"><g v="CONJ"></g></l></v><v><l id="128191" t="как"><g v="PRCL"></g></l></v><v><l id="128192" t="как"><g v="ADVB"></g><g v="Ques"></g></l></v></tfr></token><token id="658158" text="ни"><tfr rev_id="1490266" t="ни"><v><l id="190307" t="ни"><g v="CONJ"></g></l></v><v><l id="190308" t="ни"><g v="PRCL"></g></l></v></tfr></token><token id="658159" text="странно"><tfr rev_id="1490267" t="странно"><v><l id="337118" t="странно"><g v="ADVB"></g><g v="Prdx"></g></l></v><v><l id="337135" t="странен"><g v="ADJS"></g><g v="Qual"></g><g v="neut"></g><g v="sing"></g></l></v></tfr></token><token id="658160" text=","><tfr rev_id="1490268" t=","><v><l id="0" t=","><g v="PNCT"></g></l></v></tfr></token><token id="658161" text="но"><tfr rev_id="1490269" t="но"><v><l id="191429" t="но"><g v="CONJ"></g></l></v><v><l id="191430" t="но"><g v="INTJ"></g></l></v></tfr></token><token id="658162" text="из"><tfr rev_id="2503620" t="из"><v><l id="117677" t="из"><g v="PREP"></g></l></v></tfr></token><token id="658163" text="всего"><tfr rev_id="4515661" t="всего"><v><l id="42156" t="весь"><g v="ADJF"></g><g v="Subx"></g><g v="Apro"></g><g v="masc"></g><g v="sing"></g><g v="gent"></g></l></v><v><l id="42156" t="весь"><g v="ADJF"></g><g v="Subx"></g><g v="Apro"></g><g v="anim"></g><g v="masc"></g><g v="sing"></g><g v="accs"></g></l></v></tfr></token><token id="658164" text="просмотра"><tfr rev_id="1490272" t="просмотра"><v><l id="284681" t="просмотр"><g v="NOUN"></g><g v="inan"></g><g v="masc"></g><g v="sing"></g><g v="gent"></g></l></v></tfr></token><token id="658165" text="&quot;"><tfr rev_id="1490273" t="&quot;"><v><l id="0" t="&quot;"><g v="PNCT"></g></l></v></tfr></token><token id="658166" text="Аватара"><tfr rev_id="4083256" t="Аватара"><v><l id="388538" t="аватар"><g v="NOUN"></g><g v="inan"></g><g v="masc"></g><g v="sing"></g><g v="gent"></g></l></v></tfr></token><token id="658167" text="&quot;"><tfr rev_id="1490275" t="&quot;"><v><l id="0" t="&quot;"><g v="PNCT"></g></l></v></tfr></token><token id="658168" text="в"><tfr rev_id="1490276" t="в"><v><l id="37409" t="в"><g v="PREP"></g></l></v></tfr></token><token id="658169" text="три-дэ"><tfr rev_id="1490277" t="три-дэ"><v><l id="0" t="три-дэ"><g v="UNKN"></g></l></v></tfr></token><token id="658170" text=","><tfr rev_id="1490278" t=","><v><l id="0" t=","><g v="PNCT"></g></l></v></tfr></token><token id="658171" text="мне"><tfr rev_id="4201722" t="мне"><v><l id="387317" t="я"><g v="NPRO"></g><g v="1per"></g><g v="sing"></g><g v="datv"></g></l></v></tfr></token><token id="658172" text="больше"><tfr rev_id="2558494" t="больше"><v><l id="32325" t="больше"><g v="ADVB"></g></l></v><v><l id="32447" t="больше"><g v="COMP"></g><g v="Qual"></g></l></v></tfr></token><token id="658173" text="всего"><tfr rev_id="4496458" t="всего"><v><l id="42156" t="весь"><g v="ADJF"></g><g v="Subx"></g><g v="Apro"></g><g v="masc"></g><g v="sing"></g><g v="gent"></g></l></v><v><l id="42156" t="весь"><g v="ADJF"></g><g v="Subx"></g><g v="Apro"></g><g v="anim"></g><g v="masc"></g><g v="sing"></g><g v="accs"></g></l></v><v><l id="42156" t="весь"><g v="ADJF"></g><g v="Subx"></g><g v="Apro"></g><g v="neut"></g><g v="sing"></g><g v="gent"></g></l></v></tfr></token><token id="658174" text="запомнился"><tfr rev_id="1490282" t="запомнился"><v><l id="107752" t="запомнился"><g v="VERB"></g><g v="perf"></g><g v="intr"></g><g v="masc"></g><g v="sing"></g><g v="past"></g><g v="indc"></g></l></v></tfr></token><token id="658175" text="тизер"><tfr rev_id="4540085" t="тизер"><v><l id="392561" t="тизер"><g v="NOUN"></g><g v="inan"></g><g v="masc"></g><g v="sing"></g><g v="accs"></g></l></v><v><l id="392561" t="тизер"><g v="NOUN"></g><g v="inan"></g><g v="masc"></g><g v="sing"></g><g v="nomn"></g></l></v></tfr></token><token id="658176" text="к"><tfr rev_id="1490284" t="к"><v><l id="127460" t="к"><g v="PREP"></g></l></v></tfr></token><token id="658177" text="выходящей"><tfr rev_id="4342162" t="выходящей"><v><l id="63964" t="выходящий"><g v="PRTF"></g><g v="impf"></g><g v="intr"></g><g v="pres"></g><g v="actv"></g><g v="femn"></g><g v="sing"></g><g v="datv"></g></l></v></tfr></token><token id="658178" text="скоро"><tfr rev_id="4092433" t="скоро"><v><l id="323234" t="скоро"><g v="ADVB"></g></l></v></tfr></token><token id="658179" text="&quot;"><tfr rev_id="1490287" t="&quot;"><v><l id="0" t="&quot;"><g v="PNCT"></g></l></v></tfr></token><token id="658180" text="Алисе"><tfr rev_id="4282108" t="Алисе"><v><l id="9365" t="алиса"><g v="NOUN"></g><g v="anim"></g><g v="femn"></g><g v="Name"></g><g v="sing"></g><g v="datv"></g></l></v></tfr></token><token id="658181" text="в"><tfr rev_id="1490289" t="в"><v><l id="37409" t="в"><g v="PREP"></g></l></v></tfr></token><token id="658182" text="стране"><tfr rev_id="3226444" t="стране"><v><l id="337100" t="страна"><g v="NOUN"></g><g v="inan"></g><g v="femn"></g><g v="sing"></g><g v="loct"></g></l></v></tfr></token><token id="658183" text="чудес"><tfr rev_id="1490291" t="чудес"><v><l id="377189" t="чудо"><g v="NOUN"></g><g v="inan"></g><g v="neut"></g><g v="plur"></g><g v="gent"></g></l></v></tfr></token><token id="658184" text="&quot;"><tfr rev_id="1490292" t="&quot;"><v><l id="0" t="&quot;"><g v="PNCT"></g></l></v></tfr></token><token id="658185" text="Тима"><tfr rev_id="3648996" t="Тима"><v><l id="389037" t="тим"><g v="NOUN"></g><g v="anim"></g><g v="masc"></g><g v="Name"></g><g v="sing"></g><g v="gent"></g></l></v></tfr></token><token id="658186" text="Бертона"><tfr rev_id="4506876" t="Бертона"><v><l id="28100" t="бертон"><g v="NOUN"></g><g v="anim"></g><g v="masc"></g><g v="Sgtm"></g><g v="Surn"></g><g v="sing"></g><g v="gent"></g></l></v></tfr></token><token id="658187" text="."><tfr rev_id="1490295" t="."><v><l id="0" t="."><g v="PNCT"></g></l></v></tfr></token></tokens></sentence><sentence id="36795"><source>Наверное потому, что я испохабил себе все впечатление просмотром в два-дэ.</source><tokens><token id="658188" text="Наверное"><tfr rev_id="1490296" t="Наверное"><v><l id="167059" t="наверное"><g v="CONJ"></g><g v="Prnt"></g></l></v><v><l id="167060" t="наверное"><g v="ADVB"></g></l></v></tfr></token><token id="658189" text="потому"><tfr rev_id="1490297" t="потому"><v><l id="263335" t="потому"><g v="ADVB"></g><g v="Dmns"></g></l></v></tfr></token><token id="658190" text=","><tfr rev_id="1490298" t=","><v><l id="0" t=","><g v="PNCT"></g></l></v></tfr></token><token id="658191" text="что"><tfr rev_id="3197381" t="что"><v><l id="377004" t="что"><g v="CONJ"></g></l></v><v><l id="377005" t="что"><g v="NPRO"></g><g v="neut"></g><g v="sing"></g><g v="nomn"></g></l></v><v><l id="377005" t="что"><g v="NPRO"></g><g v="neut"></g><g v="sing"></g><g v="accs"></g></l></v><v><l id="377006" t="что"><g v="ADVB"></g><g v="Ques"></g></l></v><v><l id="388695" t="что"><g v="PRCL"></g></l></v></tfr></token><token id="658192" text="я"><tfr rev_id="1490300" t="я"><v><l id="387317" t="я"><g v="NPRO"></g><g v="1per"></g><g v="sing"></g><g v="nomn"></g></l></v></tfr></token><token id="658193" text="испохабил"><tfr rev_id="1490301" t="испохабил"><v><l id="125472" t="испохабил"><g v="VERB"></g><g v="perf"></g><g v="tran"></g><g v="masc"></g><g v="sing"></g><g v="past"></g><g v="indc"></g></l></v></tfr></token><token id="658194" text="себе"><tfr rev_id="4399344" t="себе"><v><l id="317456" t="себя"><g v="NPRO"></g><g v="Anph"></g><g v="sing"></g><g v="datv"></g></l></v></tfr></token><token id="658195" text="все"><tfr rev_id="4538971" t="все"><v><l id="42156" t="весь"><g v="ADJF"></g><g v="Subx"></g><g v="Apro"></g><g v="neut"></g><g v="sing"></g><g v="accs"></g></l></v><v><l id="42156" t="весь"><g v="ADJF"></g><g v="Subx"></g><g v="Apro"></g><g v="neut"></g><g v="sing"></g><g v="nomn"></g></l></v></tfr></token><token id="658196" text="впечатление"><tfr rev_id="3486471" t="впечатление"><v><l id="52404" t="впечатление"><g v="NOUN"></g><g v="inan"></g><g v="neut"></g><g v="sing"></g><g v="accs"></g></l></v></tfr></token><token id="658197" text="просмотром"><tfr rev_id="1490305" t="просмотром"><v><l id="284681" t="просмотр"><g v="NOUN"></g><g v="inan"></g><g v="masc"></g><g v="sing"></g><g v="ablt"></g></l></v></tfr></token><token id="658198" text="в"><tfr rev_id="1490306" t="в"><v><l id="37409" t="в"><g v="PREP"></g></l></v></tfr></token><token id="658199" text="два-дэ"><tfr rev_id="1490307" t="два-дэ"><v><l id="0" t="два-дэ"><g v="UNKN"></g></l></v></tfr></token><token id="658200" text="."><tfr rev_id="1490308" t="."><v><l id="0" t="."><g v="PNCT"></g></l></v></tfr></token></tokens></sentence></paragraph></paragraphs></text>