<?xml version="1.0" encoding="utf-8"?><text id="1284" parent="226" name="18080 В Москву впервые приехал Алекс Грей"><tags><tag>url:http://www.chaskor.ru/news/v_moskvu_vpervye_priehal_aleks_grej_18080</tag><tag>Год:2010</tag><tag>Дата:21/06</tag><tag>Тема:ЧасКор:Культура</tag><tag>Тема:ЧасКор:Культура/Изобразительное искусство</tag></tags><paragraphs><paragraph id="11785"><sentence id="36890"><source>В Москву впервые приехал Алекс Грей</source><tokens><token id="659930" text="В"><tfr rev_id="1492028" t="В"><v><l id="37409" t="в"><g v="PREP"></g></l></v></tfr></token><token id="659931" text="Москву"><tfr rev_id="1492029" t="Москву"><v><l id="163901" t="москва"><g v="NOUN"></g><g v="inan"></g><g v="femn"></g><g v="Sgtm"></g><g v="Geox"></g><g v="sing"></g><g v="accs"></g></l></v></tfr></token><token id="659932" text="впервые"><tfr rev_id="1492030" t="впервые"><v><l id="52345" t="впервые"><g v="ADVB"></g></l></v></tfr></token><token id="659933" text="приехал"><tfr rev_id="1492031" t="приехал"><v><l id="270371" t="приехал"><g v="VERB"></g><g v="perf"></g><g v="intr"></g><g v="masc"></g><g v="sing"></g><g v="past"></g><g v="indc"></g></l></v></tfr></token><token id="659934" text="Алекс"><tfr rev_id="3264317" t="Алекс"><v><l id="8496" t="алекс"><g v="NOUN"></g><g v="anim"></g><g v="masc"></g><g v="Name"></g><g v="sing"></g><g v="nomn"></g></l></v></tfr></token><token id="659935" text="Грей"><tfr rev_id="4371397" t="Грей"><v><l id="390508" t="грей"><g v="NOUN"></g><g v="anim"></g><g v="masc"></g><g v="Sgtm"></g><g v="Surn"></g><g v="sing"></g><g v="nomn"></g></l></v></tfr></token></tokens></sentence><sentence id="36891"><source>Работы известного художника-визионёра называют классикой психоделической живописи.</source><tokens><token id="659936" text="Работы"><tfr rev_id="3726535" t="Работы"><v><l id="290501" t="работа"><g v="NOUN"></g><g v="inan"></g><g v="femn"></g><g v="plur"></g><g v="accs"></g></l></v></tfr></token><token id="659937" text="известного"><tfr rev_id="4448666" t="известного"><v><l id="118144" t="известный"><g v="ADJF"></g><g v="Qual"></g><g v="masc"></g><g v="sing"></g><g v="gent"></g></l></v></tfr></token><token id="659938" text="художника"><tfr rev_id="3302642" t="художника"><v><l id="372466" t="художник"><g v="NOUN"></g><g v="anim"></g><g v="masc"></g><g v="sing"></g><g v="gent"></g></l></v></tfr></token><token id="659939" text="-"><tfr rev_id="1492037" t="-"><v><l id="0" t="-"><g v="PNCT"></g></l></v></tfr></token><token id="659940" text="визионёра"><tfr rev_id="3701934" t="визионёра"><v><l id="44704" t="визионер"><g v="NOUN"></g><g v="anim"></g><g v="masc"></g><g v="sing"></g><g v="gent"></g></l></v></tfr></token><token id="659941" text="называют"><tfr rev_id="1492039" t="называют"><v><l id="170473" t="называю"><g v="VERB"></g><g v="impf"></g><g v="tran"></g><g v="plur"></g><g v="3per"></g><g v="pres"></g><g v="indc"></g></l></v></tfr></token><token id="659942" text="классикой"><tfr rev_id="1492040" t="классикой"><v><l id="133891" t="классика"><g v="NOUN"></g><g v="inan"></g><g v="femn"></g><g v="sing"></g><g v="ablt"></g></l></v></tfr></token><token id="659943" text="психоделической"><tfr rev_id="4167418" t="психоделической"><v><l id="288606" t="психоделический"><g v="ADJF"></g><g v="femn"></g><g v="sing"></g><g v="gent"></g></l></v></tfr></token><token id="659944" text="живописи"><tfr rev_id="3556676" t="живописи"><v><l id="97058" t="живопись"><g v="NOUN"></g><g v="inan"></g><g v="femn"></g><g v="sing"></g><g v="gent"></g></l></v></tfr></token><token id="659945" text="."><tfr rev_id="1492043" t="."><v><l id="0" t="."><g v="PNCT"></g></l></v></tfr></token></tokens></sentence></paragraph><paragraph id="11786"><sentence id="36892"><source>Российскую столицу впервые посетил известнейший художник-визионёр Алекс Грей.</source><tokens><token id="659946" text="Российскую"><tfr rev_id="1492044" t="Российскую"><v><l id="309319" t="российский"><g v="ADJF"></g><g v="femn"></g><g v="sing"></g><g v="accs"></g></l></v></tfr></token><token id="659947" text="столицу"><tfr rev_id="1492045" t="столицу"><v><l id="336588" t="столица"><g v="NOUN"></g><g v="inan"></g><g v="femn"></g><g v="sing"></g><g v="accs"></g></l></v></tfr></token><token id="659948" text="впервые"><tfr rev_id="1492046" t="впервые"><v><l id="52345" t="впервые"><g v="ADVB"></g></l></v></tfr></token><token id="659949" text="посетил"><tfr rev_id="1492047" t="посетил"><v><l id="261300" t="посетил"><g v="VERB"></g><g v="perf"></g><g v="tran"></g><g v="masc"></g><g v="sing"></g><g v="past"></g><g v="indc"></g></l></v></tfr></token><token id="659950" text="известнейший"><tfr rev_id="3806580" t="известнейший"><v><l id="118145" t="известнейший"><g v="ADJF"></g><g v="Supr"></g><g v="Qual"></g><g v="masc"></g><g v="sing"></g><g v="nomn"></g></l></v></tfr></token><token id="659951" text="художник"><tfr rev_id="1492049" t="художник"><v><l id="372466" t="художник"><g v="NOUN"></g><g v="anim"></g><g v="masc"></g><g v="sing"></g><g v="nomn"></g></l></v></tfr></token><token id="659952" text="-"><tfr rev_id="1492050" t="-"><v><l id="0" t="-"><g v="PNCT"></g></l></v></tfr></token><token id="659953" text="визионёр"><tfr rev_id="1492051" t="визионёр"><v><l id="44704" t="визионер"><g v="NOUN"></g><g v="anim"></g><g v="masc"></g><g v="sing"></g><g v="nomn"></g></l></v></tfr></token><token id="659954" text="Алекс"><tfr rev_id="3434380" t="Алекс"><v><l id="8496" t="алекс"><g v="NOUN"></g><g v="anim"></g><g v="masc"></g><g v="Name"></g><g v="sing"></g><g v="nomn"></g></l></v></tfr></token><token id="659955" text="Грей"><tfr rev_id="4371389" t="Грей"><v><l id="390508" t="грей"><g v="NOUN"></g><g v="anim"></g><g v="masc"></g><g v="Sgtm"></g><g v="Surn"></g><g v="sing"></g><g v="nomn"></g></l></v></tfr></token><token id="659956" text="."><tfr rev_id="1492054" t="."><v><l id="0" t="."><g v="PNCT"></g></l></v></tfr></token></tokens></sentence><sentence id="36893"><source>Его выставки проходят с аншлагом по всему миру, и открывшиеся в московской галерее Елены Врублевской «Трансфигурации» не стали исключением.</source><tokens><token id="659957" text="Его"><tfr rev_id="4228009" t="Его"><v><l id="94208" t="его"><g v="ADJF"></g><g v="Fixd"></g><g v="Apro"></g><g v="Anph"></g><g v="plur"></g><g v="nomn"></g></l></v><v><l id="94208" t="его"><g v="ADJF"></g><g v="Fixd"></g><g v="Apro"></g><g v="Anph"></g><g v="plur"></g><g v="gent"></g></l></v><v><l id="94208" t="его"><g v="ADJF"></g><g v="Fixd"></g><g v="Apro"></g><g v="Anph"></g><g v="plur"></g><g v="datv"></g></l></v><v><l id="94208" t="его"><g v="ADJF"></g><g v="Fixd"></g><g v="Apro"></g><g v="Anph"></g><g v="plur"></g><g v="accs"></g></l></v><v><l id="94208" t="его"><g v="ADJF"></g><g v="Fixd"></g><g v="Apro"></g><g v="Anph"></g><g v="plur"></g><g v="ablt"></g></l></v><v><l id="94208" t="его"><g v="ADJF"></g><g v="Fixd"></g><g v="Apro"></g><g v="Anph"></g><g v="plur"></g><g v="loct"></g></l></v></tfr></token><token id="659958" text="выставки"><tfr rev_id="3802254" t="выставки"><v><l id="62597" t="выставка"><g v="NOUN"></g><g v="inan"></g><g v="femn"></g><g v="plur"></g><g v="nomn"></g></l></v></tfr></token><token id="659959" text="проходят"><tfr rev_id="1492057" t="проходят"><v><l id="287183" t="прохожу"><g v="VERB"></g><g v="impf"></g><g v="tran"></g><g v="plur"></g><g v="3per"></g><g v="pres"></g><g v="indc"></g></l></v><v><l id="287190" t="проходил"><g v="VERB"></g><g v="perf"></g><g v="intr"></g><g v="plur"></g><g v="3per"></g><g v="futr"></g><g v="indc"></g></l></v></tfr></token><token id="659960" text="с"><tfr rev_id="1492058" t="с"><v><l id="311151" t="с"><g v="PREP"></g></l></v></tfr></token><token id="659961" text="аншлагом"><tfr rev_id="1492059" t="аншлагом"><v><l id="15013" t="аншлаг"><g v="NOUN"></g><g v="inan"></g><g v="masc"></g><g v="sing"></g><g v="ablt"></g></l></v></tfr></token><token id="659962" text="по"><tfr rev_id="1492060" t="по"><v><l id="241240" t="по"><g v="PREP"></g></l></v></tfr></token><token id="659963" text="всему"><tfr rev_id="4130238" t="всему"><v><l id="42156" t="весь"><g v="ADJF"></g><g v="Subx"></g><g v="Apro"></g><g v="masc"></g><g v="sing"></g><g v="datv"></g></l></v></tfr></token><token id="659964" text="миру"><tfr rev_id="3717334" t="миру"><v><l id="160807" t="мир"><g v="NOUN"></g><g v="inan"></g><g v="masc"></g><g v="sing"></g><g v="datv"></g></l></v></tfr></token><token id="659965" text=","><tfr rev_id="1492063" t=","><v><l id="0" t=","><g v="PNCT"></g></l></v></tfr></token><token id="659966" text="и"><tfr rev_id="4092892" t="и"><v><l id="116949" t="и"><g v="CONJ"></g></l></v></tfr></token><token id="659967" text="открывшиеся"><tfr rev_id="1492065" t="открывшиеся"><v><l id="214762" t="открывшийся"><g v="PRTF"></g><g v="perf"></g><g v="intr"></g><g v="past"></g><g v="actv"></g><g v="plur"></g><g v="nomn"></g></l></v><v><l id="214762" t="открывшийся"><g v="PRTF"></g><g v="perf"></g><g v="intr"></g><g v="past"></g><g v="actv"></g><g v="inan"></g><g v="plur"></g><g v="accs"></g></l></v></tfr></token><token id="659968" text="в"><tfr rev_id="1492066" t="в"><v><l id="37409" t="в"><g v="PREP"></g></l></v></tfr></token><token id="659969" text="московской"><tfr rev_id="4315489" t="московской"><v><l id="163933" t="московский"><g v="ADJF"></g><g v="femn"></g><g v="sing"></g><g v="loct"></g></l></v></tfr></token><token id="659970" text="галерее"><tfr rev_id="3540171" t="галерее"><v><l id="66444" t="галерея"><g v="NOUN"></g><g v="inan"></g><g v="femn"></g><g v="sing"></g><g v="loct"></g></l></v></tfr></token><token id="659971" text="Елены"><tfr rev_id="3498465" t="Елены"><v><l id="94629" t="елена"><g v="NOUN"></g><g v="anim"></g><g v="femn"></g><g v="Name"></g><g v="sing"></g><g v="gent"></g></l></v></tfr></token><token id="659972" text="Врублевской"><tfr rev_id="4354266" t="Врублевской"><v><l id="53199" t="врублевская"><g v="NOUN"></g><g v="anim"></g><g v="femn"></g><g v="Sgtm"></g><g v="Surn"></g><g v="sing"></g><g v="gent"></g></l></v></tfr></token><token id="659973" text="«"><tfr rev_id="2445819" t="«"><v><l id="0" t="«"><g v="PNCT"></g></l></v></tfr></token><token id="659974" text="Трансфигурации"><tfr rev_id="1492072" t="Трансфигурации"><v><l id="0" t="трансфигурации"><g v="UNKN"></g></l></v></tfr></token><token id="659975" text="»"><tfr rev_id="2445820" t="»"><v><l id="0" t="»"><g v="PNCT"></g></l></v></tfr></token><token id="659976" text="не"><tfr rev_id="1492074" t="не"><v><l id="178876" t="не"><g v="PRCL"></g></l></v></tfr></token><token id="659977" text="стали"><tfr rev_id="1715964" t="стали"><v><l id="335164" t="стал"><g v="VERB"></g><g v="perf"></g><g v="intr"></g><g v="plur"></g><g v="past"></g><g v="indc"></g></l></v></tfr></token><token id="659978" text="исключением"><tfr rev_id="1492076" t="исключением"><v><l id="124356" t="исключение"><g v="NOUN"></g><g v="inan"></g><g v="neut"></g><g v="sing"></g><g v="ablt"></g></l></v></tfr></token><token id="659979" text="."><tfr rev_id="1492077" t="."><v><l id="0" t="."><g v="PNCT"></g></l></v></tfr></token></tokens></sentence><sentence id="36894"><source>В Москве Алекс с женой и соавтором Элиссон Грей сделали презентацию выставки в галерее Врублевской, продемонстрировали мистериальную постановку в одном из московских клубов, а 21 и 22 июня в рамках XVII Всемирного трансперсонального конгресса состоится практический семинар Алекса и Элиссон Грей «Визионёрское искусство».</source><tokens><token id="659980" text="В"><tfr rev_id="1492078" t="В"><v><l id="37409" t="в"><g v="PREP"></g></l></v></tfr></token><token id="659981" text="Москве"><tfr rev_id="2623332" t="Москве"><v><l id="163901" t="москва"><g v="NOUN"></g><g v="inan"></g><g v="femn"></g><g v="Sgtm"></g><g v="Geox"></g><g v="sing"></g><g v="loct"></g></l></v></tfr></token><token id="659982" text="Алекс"><tfr rev_id="3490083" t="Алекс"><v><l id="8496" t="алекс"><g v="NOUN"></g><g v="anim"></g><g v="masc"></g><g v="Name"></g><g v="sing"></g><g v="nomn"></g></l></v></tfr></token><token id="659983" text="с"><tfr rev_id="1492081" t="с"><v><l id="311151" t="с"><g v="PREP"></g></l></v></tfr></token><token id="659984" text="женой"><tfr rev_id="1492082" t="женой"><v><l id="96662" t="жена"><g v="NOUN"></g><g v="anim"></g><g v="femn"></g><g v="sing"></g><g v="ablt"></g></l></v></tfr></token><token id="659985" text="и"><tfr rev_id="1492083" t="и"><v><l id="116949" t="и"><g v="CONJ"></g></l></v><v><l id="116950" t="и"><g v="INTJ"></g></l></v></tfr></token><token id="659986" text="соавтором"><tfr rev_id="1492084" t="соавтором"><v><l id="327604" t="соавтор"><g v="NOUN"></g><g v="anim"></g><g v="masc"></g><g v="sing"></g><g v="ablt"></g></l></v></tfr></token><token id="659987" text="Элиссон"><tfr rev_id="1492085" t="Элиссон"><v><l id="0" t="элиссон"><g v="UNKN"></g></l></v></tfr></token><token id="659988" text="Грей"><tfr rev_id="4353719" t="Грей"><v><l id="0" t="Грей"><g v="UNKN"></g></l></v></tfr></token><token id="659989" text="сделали"><tfr rev_id="1492087" t="сделали"><v><l id="317246" t="сделал"><g v="VERB"></g><g v="perf"></g><g v="tran"></g><g v="plur"></g><g v="past"></g><g v="indc"></g></l></v></tfr></token><token id="659990" text="презентацию"><tfr rev_id="1492088" t="презентацию"><v><l id="267429" t="презентация"><g v="NOUN"></g><g v="inan"></g><g v="femn"></g><g v="sing"></g><g v="accs"></g></l></v></tfr></token><token id="659991" text="выставки"><tfr rev_id="3437508" t="выставки"><v><l id="62597" t="выставка"><g v="NOUN"></g><g v="inan"></g><g v="femn"></g><g v="sing"></g><g v="gent"></g></l></v></tfr></token><token id="659992" text="в"><tfr rev_id="1492090" t="в"><v><l id="37409" t="в"><g v="PREP"></g></l></v></tfr></token><token id="659993" text="галерее"><tfr rev_id="3540186" t="галерее"><v><l id="66444" t="галерея"><g v="NOUN"></g><g v="inan"></g><g v="femn"></g><g v="sing"></g><g v="loct"></g></l></v></tfr></token><token id="659994" text="Врублевской"><tfr rev_id="4353742" t="Врублевской"><v><l id="53199" t="врублевская"><g v="NOUN"></g><g v="anim"></g><g v="femn"></g><g v="Sgtm"></g><g v="Surn"></g><g v="sing"></g><g v="gent"></g></l></v></tfr></token><token id="659995" text=","><tfr rev_id="1492093" t=","><v><l id="0" t=","><g v="PNCT"></g></l></v></tfr></token><token id="659996" text="продемонстрировали"><tfr rev_id="1492094" t="продемонстрировали"><v><l id="279070" t="продемонстрировал"><g v="VERB"></g><g v="perf"></g><g v="tran"></g><g v="plur"></g><g v="past"></g><g v="indc"></g></l></v></tfr></token><token id="659997" text="мистериальную"><tfr rev_id="1492095" t="мистериальную"><v><l id="161052" t="мистериальный"><g v="ADJF"></g><g v="femn"></g><g v="sing"></g><g v="accs"></g></l></v></tfr></token><token id="659998" text="постановку"><tfr rev_id="1492096" t="постановку"><v><l id="262153" t="постановка"><g v="NOUN"></g><g v="inan"></g><g v="femn"></g><g v="sing"></g><g v="accs"></g></l></v></tfr></token><token id="659999" text="в"><tfr rev_id="1492097" t="в"><v><l id="37409" t="в"><g v="PREP"></g></l></v></tfr></token><token id="660000" text="одном"><tfr rev_id="4301557" t="одном"><v><l id="203319" t="один"><g v="ADJF"></g><g v="Apro"></g><g v="Anum"></g><g v="masc"></g><g v="sing"></g><g v="loct"></g></l></v></tfr></token><token id="660001" text="из"><tfr rev_id="2602369" t="из"><v><l id="117677" t="из"><g v="PREP"></g></l></v></tfr></token><token id="660002" text="московских"><tfr rev_id="4405804" t="московских"><v><l id="163933" t="московский"><g v="ADJF"></g><g v="plur"></g><g v="gent"></g></l></v></tfr></token><token id="660003" text="клубов"><tfr rev_id="1492101" t="клубов"><v><l id="134630" t="клуб"><g v="NOUN"></g><g v="inan"></g><g v="masc"></g><g v="plur"></g><g v="gent"></g></l></v></tfr></token><token id="660004" text=","><tfr rev_id="1492102" t=","><v><l id="0" t=","><g v="PNCT"></g></l></v></tfr></token><token id="660005" text="а"><tfr rev_id="1492103" t="а"><v><l id="51" t="а"><g v="CONJ"></g></l></v><v><l id="52" t="а"><g v="INTJ"></g></l></v><v><l id="53" t="а"><g v="PRCL"></g></l></v></tfr></token><token id="660006" text="21"><tfr rev_id="2462348" t="21"><v><l id="0" t="21"><g v="NUMB"></g></l></v></tfr></token><token id="660007" text="и"><tfr rev_id="3712139" t="и"><v><l id="116949" t="и"><g v="CONJ"></g></l></v></tfr></token><token id="660008" text="22"><tfr rev_id="2462349" t="22"><v><l id="0" t="22"><g v="NUMB"></g></l></v></tfr></token><token id="660009" text="июня"><tfr rev_id="1492107" t="июня"><v><l id="127302" t="июнь"><g v="NOUN"></g><g v="inan"></g><g v="masc"></g><g v="sing"></g><g v="gent"></g></l></v></tfr></token><token id="660010" text="в"><tfr rev_id="1492108" t="в"><v><l id="37409" t="в"><g v="PREP"></g></l></v></tfr></token><token id="660011" text="рамках"><tfr rev_id="1492109" t="рамках"><v><l id="297819" t="рамка"><g v="NOUN"></g><g v="inan"></g><g v="femn"></g><g v="plur"></g><g v="loct"></g></l></v></tfr></token><token id="660012" text="XVII"><tfr rev_id="2627190" t="XVII"><v><l id="0" t="XVII"><g v="ROMN"></g></l></v></tfr></token><token id="660013" text="Всемирного"><tfr rev_id="4167707" t="Всемирного"><v><l id="53444" t="всемирный"><g v="ADJF"></g><g v="Qual"></g><g v="masc"></g><g v="sing"></g><g v="gent"></g></l></v><v><l id="53444" t="всемирный"><g v="ADJF"></g><g v="Qual"></g><g v="anim"></g><g v="masc"></g><g v="sing"></g><g v="accs"></g></l></v></tfr></token><token id="660014" text="трансперсонального"><tfr rev_id="4579525" t="трансперсонального"><v><l id="394635" t="трансперсональный"><g v="ADJF"></g><g v="sing"></g><g v="masc"></g><g v="anim"></g><g v="accs"></g></l></v><v><l id="394635" t="трансперсональный"><g v="ADJF"></g><g v="sing"></g><g v="masc"></g><g v="gent"></g></l></v><v><l id="394635" t="трансперсональный"><g v="ADJF"></g><g v="sing"></g><g v="neut"></g><g v="gent"></g></l></v></tfr></token><token id="660015" text="конгресса"><tfr rev_id="1492113" t="конгресса"><v><l id="137668" t="конгресс"><g v="NOUN"></g><g v="inan"></g><g v="masc"></g><g v="sing"></g><g v="gent"></g></l></v></tfr></token><token id="660016" text="состоится"><tfr rev_id="1492114" t="состоится"><v><l id="330568" t="состоялся"><g v="VERB"></g><g v="perf"></g><g v="intr"></g><g v="sing"></g><g v="3per"></g><g v="futr"></g><g v="indc"></g></l></v></tfr></token><token id="660017" text="практический"><tfr rev_id="1492115" t="практический"><v><l id="265905" t="практический"><g v="ADJF"></g><g v="masc"></g><g v="sing"></g><g v="nomn"></g></l></v><v><l id="265905" t="практический"><g v="ADJF"></g><g v="inan"></g><g v="masc"></g><g v="sing"></g><g v="accs"></g></l></v></tfr></token><token id="660018" text="семинар"><tfr rev_id="1492116" t="семинар"><v><l id="318611" t="семинар"><g v="NOUN"></g><g v="inan"></g><g v="masc"></g><g v="sing"></g><g v="nomn"></g></l></v><v><l id="318611" t="семинар"><g v="NOUN"></g><g v="inan"></g><g v="masc"></g><g v="sing"></g><g v="accs"></g></l></v></tfr></token><token id="660019" text="Алекса"><tfr rev_id="4398357" t="Алекса"><v><l id="8496" t="алекс"><g v="NOUN"></g><g v="anim"></g><g v="masc"></g><g v="Name"></g><g v="sing"></g><g v="gent"></g></l></v></tfr></token><token id="660020" text="и"><tfr rev_id="1492118" t="и"><v><l id="116949" t="и"><g v="CONJ"></g></l></v><v><l id="116950" t="и"><g v="INTJ"></g></l></v></tfr></token><token id="660021" text="Элиссон"><tfr rev_id="1492119" t="Элиссон"><v><l id="0" t="элиссон"><g v="UNKN"></g></l></v></tfr></token><token id="660022" text="Грей"><tfr rev_id="4353720" t="Грей"><v><l id="0" t="Грей"><g v="UNKN"></g></l></v></tfr></token><token id="660023" text="«"><tfr rev_id="2445821" t="«"><v><l id="0" t="«"><g v="PNCT"></g></l></v></tfr></token><token id="660024" text="Визионёрское"><tfr rev_id="1492122" t="Визионёрское"><v><l id="44706" t="визионерский"><g v="ADJF"></g><g v="neut"></g><g v="sing"></g><g v="nomn"></g></l></v><v><l id="44706" t="визионерский"><g v="ADJF"></g><g v="neut"></g><g v="sing"></g><g v="accs"></g></l></v></tfr></token><token id="660025" text="искусство"><tfr rev_id="4103283" t="искусство"><v><l id="124885" t="искусство"><g v="NOUN"></g><g v="inan"></g><g v="neut"></g><g v="sing"></g><g v="nomn"></g></l></v></tfr></token><token id="660026" text="»"><tfr rev_id="2445822" t="»"><v><l id="0" t="»"><g v="PNCT"></g></l></v></tfr></token><token id="660027" text="."><tfr rev_id="1492125" t="."><v><l id="0" t="."><g v="PNCT"></g></l></v></tfr></token></tokens></sentence></paragraph><paragraph id="11787"><sentence id="36895"><source>На картинах Грея человек изображён с микроскопической точностью.</source><tokens><token id="660028" text="На"><tfr rev_id="3330656" t="На"><v><l id="166264" t="на"><g v="PREP"></g></l></v></tfr></token><token id="660029" text="картинах"><tfr rev_id="1492127" t="картинах"><v><l id="130773" t="картина"><g v="NOUN"></g><g v="inan"></g><g v="femn"></g><g v="plur"></g><g v="loct"></g></l></v></tfr></token><token id="660030" text="Грея"><tfr rev_id="4466584" t="Грея"><v><l id="390508" t="грей"><g v="NOUN"></g><g v="anim"></g><g v="masc"></g><g v="Sgtm"></g><g v="Surn"></g><g v="sing"></g><g v="accs"></g></l></v><v><l id="390508" t="грей"><g v="NOUN"></g><g v="anim"></g><g v="masc"></g><g v="Sgtm"></g><g v="Surn"></g><g v="sing"></g><g v="gent"></g></l></v></tfr></token><token id="660031" text="человек"><tfr rev_id="3462443" t="человек"><v><l id="375073" t="человек"><g v="NOUN"></g><g v="anim"></g><g v="masc"></g><g v="sing"></g><g v="nomn"></g></l></v></tfr></token><token id="660032" text="изображён"><tfr rev_id="1492130" t="изображён"><v><l id="120158" t="изображён"><g v="PRTS"></g><g v="perf"></g><g v="past"></g><g v="pssv"></g><g v="masc"></g><g v="sing"></g></l></v></tfr></token><token id="660033" text="с"><tfr rev_id="1492131" t="с"><v><l id="311151" t="с"><g v="PREP"></g></l></v></tfr></token><token id="660034" text="микроскопической"><tfr rev_id="4423511" t="микроскопической"><v><l id="159967" t="микроскопический"><g v="ADJF"></g><g v="femn"></g><g v="sing"></g><g v="ablt"></g></l></v></tfr></token><token id="660035" text="точностью"><tfr rev_id="1492133" t="точностью"><v><l id="348517" t="точность"><g v="NOUN"></g><g v="inan"></g><g v="femn"></g><g v="sing"></g><g v="ablt"></g></l></v></tfr></token><token id="660036" text="."><tfr rev_id="1492134" t="."><v><l id="0" t="."><g v="PNCT"></g></l></v></tfr></token></tokens></sentence><sentence id="36896"><source>Однако основа его работ — это духовные практики и колоссальный визионёрский опыт, которые и определяют его своеобразный авторский стиль.</source><tokens><token id="660037" text="Однако"><tfr rev_id="2624590" t="Однако"><v><l id="203386" t="однако"><g v="INTJ"></g></l></v><v><l id="203387" t="однако"><g v="CONJ"></g><g v="Prnt"></g></l></v></tfr></token><token id="660038" text="основа"><tfr rev_id="1492136" t="основа"><v><l id="210574" t="основа"><g v="NOUN"></g><g v="inan"></g><g v="femn"></g><g v="sing"></g><g v="nomn"></g></l></v></tfr></token><token id="660039" text="его"><tfr rev_id="4490908" t="его"><v><l id="94208" t="его"><g v="ADJF"></g><g v="Fixd"></g><g v="Apro"></g><g v="Anph"></g><g v="plur"></g><g v="nomn"></g></l></v><v><l id="94208" t="его"><g v="ADJF"></g><g v="Fixd"></g><g v="Apro"></g><g v="Anph"></g><g v="plur"></g><g v="gent"></g></l></v><v><l id="94208" t="его"><g v="ADJF"></g><g v="Fixd"></g><g v="Apro"></g><g v="Anph"></g><g v="plur"></g><g v="datv"></g></l></v><v><l id="94208" t="его"><g v="ADJF"></g><g v="Fixd"></g><g v="Apro"></g><g v="Anph"></g><g v="plur"></g><g v="accs"></g></l></v><v><l id="94208" t="его"><g v="ADJF"></g><g v="Fixd"></g><g v="Apro"></g><g v="Anph"></g><g v="plur"></g><g v="ablt"></g></l></v><v><l id="94208" t="его"><g v="ADJF"></g><g v="Fixd"></g><g v="Apro"></g><g v="Anph"></g><g v="plur"></g><g v="loct"></g></l></v></tfr></token><token id="660040" text="работ"><tfr rev_id="1492138" t="работ"><v><l id="290501" t="работа"><g v="NOUN"></g><g v="inan"></g><g v="femn"></g><g v="plur"></g><g v="gent"></g></l></v></tfr></token><token id="660041" text="—"><tfr rev_id="2445823" t="—"><v><l id="0" t="—"><g v="PNCT"></g></l></v></tfr></token><token id="660042" text="это"><tfr rev_id="4441743" t="это"><v><l id="386574" t="это"><g v="PRCL"></g></l></v><v><l id="386575" t="это"><g v="NPRO"></g><g v="neut"></g><g v="sing"></g><g v="nomn"></g></l></v><v><l id="386575" t="это"><g v="NPRO"></g><g v="neut"></g><g v="sing"></g><g v="accs"></g></l></v><v><l id="386581" t="этот"><g v="ADJF"></g><g v="Subx"></g><g v="Apro"></g><g v="Anph"></g><g v="neut"></g><g v="sing"></g><g v="nomn"></g></l></v><v><l id="386581" t="этот"><g v="ADJF"></g><g v="Subx"></g><g v="Apro"></g><g v="Anph"></g><g v="neut"></g><g v="sing"></g><g v="accs"></g></l></v></tfr></token><token id="660043" text="духовные"><tfr rev_id="4234737" t="духовные"><v><l id="93335" t="духовный"><g v="ADJF"></g><g v="Qual"></g><g v="plur"></g><g v="nomn"></g></l></v><v><l id="93335" t="духовный"><g v="ADJF"></g><g v="Qual"></g><g v="inan"></g><g v="plur"></g><g v="accs"></g></l></v></tfr></token><token id="660044" text="практики"><tfr rev_id="4292667" t="практики"><v><l id="265884" t="практика"><g v="NOUN"></g><g v="inan"></g><g v="femn"></g><g v="plur"></g><g v="nomn"></g></l></v></tfr></token><token id="660045" text="и"><tfr rev_id="1492143" t="и"><v><l id="116949" t="и"><g v="CONJ"></g></l></v><v><l id="116950" t="и"><g v="INTJ"></g></l></v></tfr></token><token id="660046" text="колоссальный"><tfr rev_id="1492144" t="колоссальный"><v><l id="136366" t="колоссальный"><g v="ADJF"></g><g v="Qual"></g><g v="masc"></g><g v="sing"></g><g v="nomn"></g></l></v><v><l id="136366" t="колоссальный"><g v="ADJF"></g><g v="Qual"></g><g v="inan"></g><g v="masc"></g><g v="sing"></g><g v="accs"></g></l></v></tfr></token><token id="660047" text="визионёрский"><tfr rev_id="1492145" t="визионёрский"><v><l id="44706" t="визионерский"><g v="ADJF"></g><g v="masc"></g><g v="sing"></g><g v="nomn"></g></l></v><v><l id="44706" t="визионерский"><g v="ADJF"></g><g v="inan"></g><g v="masc"></g><g v="sing"></g><g v="accs"></g></l></v></tfr></token><token id="660048" text="опыт"><tfr rev_id="3269666" t="опыт"><v><l id="208575" t="опыт"><g v="NOUN"></g><g v="inan"></g><g v="masc"></g><g v="sing"></g><g v="nomn"></g></l></v></tfr></token><token id="660049" text=","><tfr rev_id="1492147" t=","><v><l id="0" t=","><g v="PNCT"></g></l></v></tfr></token><token id="660050" text="которые"><tfr rev_id="3758114" t="которые"><v><l id="141203" t="который"><g v="ADJF"></g><g v="Apro"></g><g v="Subx"></g><g v="Anph"></g><g v="plur"></g><g v="nomn"></g></l></v></tfr></token><token id="660051" text="и"><tfr rev_id="4208359" t="и"><v><l id="116949" t="и"><g v="CONJ"></g></l></v></tfr></token><token id="660052" text="определяют"><tfr rev_id="1492150" t="определяют"><v><l id="208012" t="определяю"><g v="VERB"></g><g v="impf"></g><g v="tran"></g><g v="plur"></g><g v="3per"></g><g v="pres"></g><g v="indc"></g></l></v></tfr></token><token id="660053" text="его"><tfr rev_id="4457295" t="его"><v><l id="94208" t="его"><g v="ADJF"></g><g v="Fixd"></g><g v="Apro"></g><g v="Anph"></g><g v="masc"></g><g v="sing"></g><g v="nomn"></g></l></v><v><l id="94208" t="его"><g v="ADJF"></g><g v="Fixd"></g><g v="Apro"></g><g v="Anph"></g><g v="masc"></g><g v="sing"></g><g v="gent"></g></l></v><v><l id="94208" t="его"><g v="ADJF"></g><g v="Fixd"></g><g v="Apro"></g><g v="Anph"></g><g v="masc"></g><g v="sing"></g><g v="datv"></g></l></v><v><l id="94208" t="его"><g v="ADJF"></g><g v="Fixd"></g><g v="Apro"></g><g v="Anph"></g><g v="masc"></g><g v="sing"></g><g v="accs"></g></l></v><v><l id="94208" t="его"><g v="ADJF"></g><g v="Fixd"></g><g v="Apro"></g><g v="Anph"></g><g v="masc"></g><g v="sing"></g><g v="ablt"></g></l></v><v><l id="94208" t="его"><g v="ADJF"></g><g v="Fixd"></g><g v="Apro"></g><g v="Anph"></g><g v="masc"></g><g v="sing"></g><g v="loct"></g></l></v></tfr></token><token id="660054" text="своеобразный"><tfr rev_id="1492152" t="своеобразный"><v><l id="316344" t="своеобразный"><g v="ADJF"></g><g v="Qual"></g><g v="masc"></g><g v="sing"></g><g v="nomn"></g></l></v><v><l id="316344" t="своеобразный"><g v="ADJF"></g><g v="Qual"></g><g v="inan"></g><g v="masc"></g><g v="sing"></g><g v="accs"></g></l></v></tfr></token><token id="660055" text="авторский"><tfr rev_id="1492153" t="авторский"><v><l id="3435" t="авторский"><g v="ADJF"></g><g v="masc"></g><g v="sing"></g><g v="nomn"></g></l></v><v><l id="3435" t="авторский"><g v="ADJF"></g><g v="inan"></g><g v="masc"></g><g v="sing"></g><g v="accs"></g></l></v></tfr></token><token id="660056" text="стиль"><tfr rev_id="1492154" t="стиль"><v><l id="336195" t="стиль"><g v="NOUN"></g><g v="inan"></g><g v="masc"></g><g v="sing"></g><g v="nomn"></g></l></v><v><l id="336195" t="стиль"><g v="NOUN"></g><g v="inan"></g><g v="masc"></g><g v="sing"></g><g v="accs"></g></l></v></tfr></token><token id="660057" text="."><tfr rev_id="1492155" t="."><v><l id="0" t="."><g v="PNCT"></g></l></v></tfr></token></tokens></sentence><sentence id="36897"><source>Работы Грея называют классикой психоделической живописи.</source><tokens><token id="660058" text="Работы"><tfr rev_id="3749216" t="Работы"><v><l id="290501" t="работа"><g v="NOUN"></g><g v="inan"></g><g v="femn"></g><g v="plur"></g><g v="accs"></g></l></v></tfr></token><token id="660059" text="Грея"><tfr rev_id="4466561" t="Грея"><v><l id="390508" t="грей"><g v="NOUN"></g><g v="anim"></g><g v="masc"></g><g v="Sgtm"></g><g v="Surn"></g><g v="sing"></g><g v="accs"></g></l></v><v><l id="390508" t="грей"><g v="NOUN"></g><g v="anim"></g><g v="masc"></g><g v="Sgtm"></g><g v="Surn"></g><g v="sing"></g><g v="gent"></g></l></v></tfr></token><token id="660060" text="называют"><tfr rev_id="1492158" t="называют"><v><l id="170473" t="называю"><g v="VERB"></g><g v="impf"></g><g v="tran"></g><g v="plur"></g><g v="3per"></g><g v="pres"></g><g v="indc"></g></l></v></tfr></token><token id="660061" text="классикой"><tfr rev_id="1492159" t="классикой"><v><l id="133891" t="классика"><g v="NOUN"></g><g v="inan"></g><g v="femn"></g><g v="sing"></g><g v="ablt"></g></l></v></tfr></token><token id="660062" text="психоделической"><tfr rev_id="3946513" t="психоделической"><v><l id="288606" t="психоделический"><g v="ADJF"></g><g v="femn"></g><g v="sing"></g><g v="gent"></g></l></v></tfr></token><token id="660063" text="живописи"><tfr rev_id="3553416" t="живописи"><v><l id="97058" t="живопись"><g v="NOUN"></g><g v="inan"></g><g v="femn"></g><g v="sing"></g><g v="gent"></g></l></v></tfr></token><token id="660064" text="."><tfr rev_id="1492162" t="."><v><l id="0" t="."><g v="PNCT"></g></l></v></tfr></token></tokens></sentence><sentence id="36898"><source>Он начал изучать изобразительное искусство в 70-х годах, посещая занятия в нескольких арт-колледжах США.</source><tokens><token id="660065" text="Он"><tfr rev_id="3575747" t="Он"><v><l id="206541" t="он"><g v="NPRO"></g><g v="masc"></g><g v="3per"></g><g v="Anph"></g><g v="sing"></g><g v="nomn"></g></l></v></tfr></token><token id="660066" text="начал"><tfr rev_id="1715037" t="начал"><v><l id="178224" t="начал"><g v="VERB"></g><g v="perf"></g><g v="tran"></g><g v="masc"></g><g v="sing"></g><g v="past"></g><g v="indc"></g></l></v></tfr></token><token id="660067" text="изучать"><tfr rev_id="1492165" t="изучать"><v><l id="120783" t="изучать"><g v="INFN"></g><g v="impf"></g><g v="tran"></g></l></v></tfr></token><token id="660068" text="изобразительное"><tfr rev_id="3282804" t="изобразительное"><v><l id="120151" t="изобразительный"><g v="ADJF"></g><g v="Qual"></g><g v="neut"></g><g v="sing"></g><g v="accs"></g></l></v></tfr></token><token id="660069" text="искусство"><tfr rev_id="4102934" t="искусство"><v><l id="124885" t="искусство"><g v="NOUN"></g><g v="inan"></g><g v="neut"></g><g v="sing"></g><g v="accs"></g></l></v></tfr></token><token id="660070" text="в"><tfr rev_id="1492168" t="в"><v><l id="37409" t="в"><g v="PREP"></g></l></v></tfr></token><token id="660071" text="70-х"><tfr rev_id="4578738" t="70-х"><v><l id="393247" t="70-й"><g v="ADJF"></g><g v="Abbr"></g><g v="Anum"></g><g v="anim"></g><g v="plur"></g><g v="accs"></g></l></v><v><l id="393247" t="70-й"><g v="ADJF"></g><g v="Abbr"></g><g v="Anum"></g><g v="plur"></g><g v="gent"></g></l></v><v><l id="393247" t="70-й"><g v="ADJF"></g><g v="Abbr"></g><g v="Anum"></g><g v="plur"></g><g v="loct"></g></l></v></tfr></token><token id="660072" text="годах"><tfr rev_id="1492170" t="годах"><v><l id="72149" t="год"><g v="NOUN"></g><g v="inan"></g><g v="masc"></g><g v="plur"></g><g v="loct"></g></l></v></tfr></token><token id="660073" text=","><tfr rev_id="1492171" t=","><v><l id="0" t=","><g v="PNCT"></g></l></v></tfr></token><token id="660074" text="посещая"><tfr rev_id="1492172" t="посещая"><v><l id="261327" t="посещая"><g v="GRND"></g><g v="impf"></g><g v="tran"></g><g v="pres"></g></l></v></tfr></token><token id="660075" text="занятия"><tfr rev_id="3761318" t="занятия"><v><l id="106572" t="занятие"><g v="NOUN"></g><g v="inan"></g><g v="neut"></g><g v="plur"></g><g v="accs"></g></l></v></tfr></token><token id="660076" text="в"><tfr rev_id="1492174" t="в"><v><l id="37409" t="в"><g v="PREP"></g></l></v></tfr></token><token id="660077" text="нескольких"><tfr rev_id="2781489" t="нескольких"><v><l id="188126" t="несколько"><g v="NUMR"></g><g v="loct"></g></l></v></tfr></token><token id="660078" text="арт-колледжах"><tfr rev_id="4542007" t="арт-колледжах"><v><l id="393212" t="арт-колледж"><g v="NOUN"></g><g v="inan"></g><g v="masc"></g><g v="plur"></g><g v="loct"></g></l></v></tfr></token><token id="660079" text="США"><tfr rev_id="3811418" t="США"><v><l id="341371" t="сша"><g v="NOUN"></g><g v="inan"></g><g v="GNdr"></g><g v="Pltm"></g><g v="Fixd"></g><g v="Abbr"></g><g v="Geox"></g><g v="plur"></g><g v="gent"></g></l></v></tfr></token><token id="660080" text="."><tfr rev_id="1492178" t="."><v><l id="0" t="."><g v="PNCT"></g></l></v></tfr></token></tokens></sentence><sentence id="36899"><source>Около пяти лет проработал в патологоанатомическом отделении Гарвардской медицинской академии.</source><tokens><token id="660081" text="Около"><tfr rev_id="4421650" t="Около"><v><l id="205005" t="около"><g v="PREP"></g></l></v></tfr></token><token id="660082" text="пяти"><tfr rev_id="4361578" t="пяти"><v><l id="290440" t="пять"><g v="NUMR"></g><g v="gent"></g></l></v></tfr></token><token id="660083" text="лет"><tfr rev_id="3439643" t="лет"><v><l id="72149" t="год"><g v="NOUN"></g><g v="inan"></g><g v="masc"></g><g v="plur"></g><g v="gent"></g></l></v></tfr></token><token id="660084" text="проработал"><tfr rev_id="1492182" t="проработал"><v><l id="283528" t="проработал"><g v="VERB"></g><g v="perf"></g><g v="tran"></g><g v="masc"></g><g v="sing"></g><g v="past"></g><g v="indc"></g></l></v></tfr></token><token id="660085" text="в"><tfr rev_id="1492183" t="в"><v><l id="37409" t="в"><g v="PREP"></g></l></v></tfr></token><token id="660086" text="патологоанатомическом"><tfr rev_id="3673607" t="патологоанатомическом"><v><l id="225078" t="патологоанатомический"><g v="ADJF"></g><g v="neut"></g><g v="sing"></g><g v="loct"></g></l></v></tfr></token><token id="660087" text="отделении"><tfr rev_id="1492185" t="отделении"><v><l id="213368" t="отделение"><g v="NOUN"></g><g v="inan"></g><g v="neut"></g><g v="sing"></g><g v="loct"></g></l></v></tfr></token><token id="660088" text="Гарвардской"><tfr rev_id="3946545" t="Гарвардской"><v><l id="67263" t="гарвардский"><g v="ADJF"></g><g v="femn"></g><g v="sing"></g><g v="gent"></g></l></v></tfr></token><token id="660089" text="медицинской"><tfr rev_id="4173130" t="медицинской"><v><l id="157067" t="медицинский"><g v="ADJF"></g><g v="femn"></g><g v="sing"></g><g v="gent"></g></l></v></tfr></token><token id="660090" text="академии"><tfr rev_id="4286327" t="академии"><v><l id="6770" t="академия"><g v="NOUN"></g><g v="inan"></g><g v="femn"></g><g v="sing"></g><g v="gent"></g></l></v></tfr></token><token id="660091" text="."><tfr rev_id="1492189" t="."><v><l id="0" t="."><g v="PNCT"></g></l></v></tfr></token></tokens></sentence><sentence id="36900"><source>Этот опыт стал серьёзной предпосылкой для дальнейших занятий живописью и в том числе для иллюстрирования медицинских текстов и пособий.</source><tokens><token id="660092" text="Этот"><tfr rev_id="4432135" t="Этот"><v><l id="386581" t="этот"><g v="ADJF"></g><g v="Subx"></g><g v="Apro"></g><g v="Anph"></g><g v="masc"></g><g v="sing"></g><g v="nomn"></g></l></v><v><l id="386581" t="этот"><g v="ADJF"></g><g v="Subx"></g><g v="Apro"></g><g v="Anph"></g><g v="inan"></g><g v="masc"></g><g v="sing"></g><g v="accs"></g></l></v></tfr></token><token id="660093" text="опыт"><tfr rev_id="3488324" t="опыт"><v><l id="208575" t="опыт"><g v="NOUN"></g><g v="inan"></g><g v="masc"></g><g v="sing"></g><g v="nomn"></g></l></v></tfr></token><token id="660094" text="стал"><tfr rev_id="1492192" t="стал"><v><l id="335164" t="стал"><g v="VERB"></g><g v="perf"></g><g v="intr"></g><g v="masc"></g><g v="sing"></g><g v="past"></g><g v="indc"></g></l></v></tfr></token><token id="660095" text="серьёзной"><tfr rev_id="1492193" t="серьёзной"><v><l id="319559" t="серьёзный"><g v="ADJF"></g><g v="Qual"></g><g v="femn"></g><g v="sing"></g><g v="gent"></g></l></v><v><l id="319559" t="серьёзный"><g v="ADJF"></g><g v="Qual"></g><g v="femn"></g><g v="sing"></g><g v="datv"></g></l></v><v><l id="319559" t="серьёзный"><g v="ADJF"></g><g v="Qual"></g><g v="femn"></g><g v="sing"></g><g v="ablt"></g></l></v><v><l id="319559" t="серьёзный"><g v="ADJF"></g><g v="Qual"></g><g v="femn"></g><g v="sing"></g><g v="loct"></g></l></v></tfr></token><token id="660096" text="предпосылкой"><tfr rev_id="1492194" t="предпосылкой"><v><l id="266865" t="предпосылка"><g v="NOUN"></g><g v="inan"></g><g v="femn"></g><g v="sing"></g><g v="ablt"></g></l></v></tfr></token><token id="660097" text="для"><tfr rev_id="2922751" t="для"><v><l id="85032" t="для"><g v="PREP"></g></l></v></tfr></token><token id="660098" text="дальнейших"><tfr rev_id="4370675" t="дальнейших"><v><l id="77996" t="дальнейший"><g v="ADJF"></g><g v="plur"></g><g v="gent"></g></l></v></tfr></token><token id="660099" text="занятий"><tfr rev_id="1492197" t="занятий"><v><l id="106572" t="занятие"><g v="NOUN"></g><g v="inan"></g><g v="neut"></g><g v="plur"></g><g v="gent"></g></l></v></tfr></token><token id="660100" text="живописью"><tfr rev_id="1492198" t="живописью"><v><l id="97058" t="живопись"><g v="NOUN"></g><g v="inan"></g><g v="femn"></g><g v="sing"></g><g v="ablt"></g></l></v></tfr></token><token id="660101" text="и"><tfr rev_id="1492199" t="и"><v><l id="116949" t="и"><g v="CONJ"></g></l></v><v><l id="116950" t="и"><g v="INTJ"></g></l></v></tfr></token><token id="660102" text="в"><tfr rev_id="1492200" t="в"><v><l id="37409" t="в"><g v="PREP"></g></l></v></tfr></token><token id="660103" text="том"><tfr rev_id="4310959" t="том"><v><l id="348430" t="тот"><g v="ADJF"></g><g v="Subx"></g><g v="Apro"></g><g v="Anph"></g><g v="neut"></g><g v="sing"></g><g v="loct"></g></l></v></tfr></token><token id="660104" text="числе"><tfr rev_id="1492202" t="числе"><v><l id="376585" t="число"><g v="NOUN"></g><g v="inan"></g><g v="neut"></g><g v="sing"></g><g v="loct"></g></l></v></tfr></token><token id="660105" text="для"><tfr rev_id="3445429" t="для"><v><l id="85032" t="для"><g v="PREP"></g></l></v></tfr></token><token id="660106" text="иллюстрирования"><tfr rev_id="3451329" t="иллюстрирования"><v><l id="121272" t="иллюстрирование"><g v="NOUN"></g><g v="inan"></g><g v="neut"></g><g v="sing"></g><g v="gent"></g></l></v></tfr></token><token id="660107" text="медицинских"><tfr rev_id="4159433" t="медицинских"><v><l id="157067" t="медицинский"><g v="ADJF"></g><g v="plur"></g><g v="gent"></g></l></v></tfr></token><token id="660108" text="текстов"><tfr rev_id="1492206" t="текстов"><v><l id="344022" t="текст"><g v="NOUN"></g><g v="inan"></g><g v="masc"></g><g v="plur"></g><g v="gent"></g></l></v></tfr></token><token id="660109" text="и"><tfr rev_id="1492207" t="и"><v><l id="116949" t="и"><g v="CONJ"></g></l></v><v><l id="116950" t="и"><g v="INTJ"></g></l></v></tfr></token><token id="660110" text="пособий"><tfr rev_id="1492208" t="пособий"><v><l id="261817" t="пособие"><g v="NOUN"></g><g v="inan"></g><g v="neut"></g><g v="plur"></g><g v="gent"></g></l></v></tfr></token><token id="660111" text="."><tfr rev_id="1492209" t="."><v><l id="0" t="."><g v="PNCT"></g></l></v></tfr></token></tokens></sentence><sentence id="36901"><source>Отличная подготовка в области анатомии впоследствии помогла Грею соединить в картинах видение тонкого мира с физическим.</source><tokens><token id="660112" text="Отличная"><tfr rev_id="1492210" t="Отличная"><v><l id="215176" t="отличный"><g v="ADJF"></g><g v="Qual"></g><g v="femn"></g><g v="sing"></g><g v="nomn"></g></l></v></tfr></token><token id="660113" text="подготовка"><tfr rev_id="1492211" t="подготовка"><v><l id="245114" t="подготовка"><g v="NOUN"></g><g v="inan"></g><g v="femn"></g><g v="sing"></g><g v="nomn"></g></l></v></tfr></token><token id="660114" text="в"><tfr rev_id="1492212" t="в"><v><l id="37409" t="в"><g v="PREP"></g></l></v></tfr></token><token id="660115" text="области"><tfr rev_id="4313986" t="области"><v><l id="196229" t="область"><g v="NOUN"></g><g v="inan"></g><g v="femn"></g><g v="sing"></g><g v="loct"></g></l></v></tfr></token><token id="660116" text="анатомии"><tfr rev_id="3559033" t="анатомии"><v><l id="12486" t="анатомия"><g v="NOUN"></g><g v="inan"></g><g v="femn"></g><g v="sing"></g><g v="gent"></g></l></v></tfr></token><token id="660117" text="впоследствии"><tfr rev_id="1492215" t="впоследствии"><v><l id="52667" t="впоследствии"><g v="ADVB"></g></l></v></tfr></token><token id="660118" text="помогла"><tfr rev_id="1492216" t="помогла"><v><l id="257948" t="помог"><g v="VERB"></g><g v="perf"></g><g v="intr"></g><g v="femn"></g><g v="sing"></g><g v="past"></g><g v="indc"></g></l></v></tfr></token><token id="660119" text="Грею"><tfr rev_id="4371412" t="Грею"><v><l id="390508" t="грей"><g v="NOUN"></g><g v="anim"></g><g v="masc"></g><g v="Sgtm"></g><g v="Surn"></g><g v="sing"></g><g v="datv"></g></l></v></tfr></token><token id="660120" text="соединить"><tfr rev_id="1492218" t="соединить"><v><l id="328491" t="соединить"><g v="INFN"></g><g v="perf"></g><g v="tran"></g></l></v></tfr></token><token id="660121" text="в"><tfr rev_id="1492219" t="в"><v><l id="37409" t="в"><g v="PREP"></g></l></v></tfr></token><token id="660122" text="картинах"><tfr rev_id="1492220" t="картинах"><v><l id="130773" t="картина"><g v="NOUN"></g><g v="inan"></g><g v="femn"></g><g v="plur"></g><g v="loct"></g></l></v></tfr></token><token id="660123" text="видение"><tfr rev_id="4106988" t="видение"><v><l id="44464" t="видение"><g v="NOUN"></g><g v="inan"></g><g v="neut"></g><g v="sing"></g><g v="accs"></g></l></v></tfr></token><token id="660124" text="тонкого"><tfr rev_id="4448748" t="тонкого"><v><l id="347620" t="тонкий"><g v="ADJF"></g><g v="Qual"></g><g v="masc"></g><g v="sing"></g><g v="gent"></g></l></v></tfr></token><token id="660125" text="мира"><tfr rev_id="3715030" t="мира"><v><l id="160807" t="мир"><g v="NOUN"></g><g v="inan"></g><g v="masc"></g><g v="sing"></g><g v="gen1"></g></l></v></tfr></token><token id="660126" text="с"><tfr rev_id="1492224" t="с"><v><l id="311151" t="с"><g v="PREP"></g></l></v></tfr></token><token id="660127" text="физическим"><tfr rev_id="4412038" t="физическим"><v><l id="365737" t="физический"><g v="ADJF"></g><g v="masc"></g><g v="sing"></g><g v="ablt"></g></l></v></tfr></token><token id="660128" text="."><tfr rev_id="1492226" t="."><v><l id="0" t="."><g v="PNCT"></g></l></v></tfr></token></tokens></sentence><sentence id="36902"><source>Сюжеты и идеи для большинства картин Алекса Грея рождаются в медитативном состоянии и во время арт-перфомансов, которые он проводит, путешествуя по миру.</source><tokens><token id="660129" text="Сюжеты"><tfr rev_id="3749433" t="Сюжеты"><v><l id="341892" t="сюжет"><g v="NOUN"></g><g v="inan"></g><g v="masc"></g><g v="plur"></g><g v="nomn"></g></l></v></tfr></token><token id="660130" text="и"><tfr rev_id="1492228" t="и"><v><l id="116949" t="и"><g v="CONJ"></g></l></v><v><l id="116950" t="и"><g v="INTJ"></g></l></v></tfr></token><token id="660131" text="идеи"><tfr rev_id="3796453" t="идеи"><v><l id="117499" t="идея"><g v="NOUN"></g><g v="inan"></g><g v="femn"></g><g v="plur"></g><g v="nomn"></g></l></v></tfr></token><token id="660132" text="для"><tfr rev_id="3452860" t="для"><v><l id="85032" t="для"><g v="PREP"></g></l></v></tfr></token><token id="660133" text="большинства"><tfr rev_id="1492231" t="большинства"><v><l id="32441" t="большинство"><g v="NOUN"></g><g v="inan"></g><g v="neut"></g><g v="Sgtm"></g><g v="sing"></g><g v="gent"></g></l></v></tfr></token><token id="660134" text="картин"><tfr rev_id="1492232" t="картин"><v><l id="130773" t="картина"><g v="NOUN"></g><g v="inan"></g><g v="femn"></g><g v="plur"></g><g v="gent"></g></l></v></tfr></token><token id="660135" text="Алекса"><tfr rev_id="4396844" t="Алекса"><v><l id="8496" t="алекс"><g v="NOUN"></g><g v="anim"></g><g v="masc"></g><g v="Name"></g><g v="sing"></g><g v="gent"></g></l></v></tfr></token><token id="660136" text="Грея"><tfr rev_id="4466586" t="Грея"><v><l id="390508" t="грей"><g v="NOUN"></g><g v="anim"></g><g v="masc"></g><g v="Sgtm"></g><g v="Surn"></g><g v="sing"></g><g v="accs"></g></l></v><v><l id="390508" t="грей"><g v="NOUN"></g><g v="anim"></g><g v="masc"></g><g v="Sgtm"></g><g v="Surn"></g><g v="sing"></g><g v="gent"></g></l></v></tfr></token><token id="660137" text="рождаются"><tfr rev_id="1492235" t="рождаются"><v><l id="308452" t="рождаюсь"><g v="VERB"></g><g v="impf"></g><g v="intr"></g><g v="plur"></g><g v="3per"></g><g v="pres"></g><g v="indc"></g></l></v></tfr></token><token id="660138" text="в"><tfr rev_id="1492236" t="в"><v><l id="37409" t="в"><g v="PREP"></g></l></v></tfr></token><token id="660139" text="медитативном"><tfr rev_id="3431138" t="медитативном"><v><l id="157054" t="медитативный"><g v="ADJF"></g><g v="neut"></g><g v="sing"></g><g v="loct"></g></l></v></tfr></token><token id="660140" text="состоянии"><tfr rev_id="1492238" t="состоянии"><v><l id="330557" t="состояние"><g v="NOUN"></g><g v="inan"></g><g v="neut"></g><g v="sing"></g><g v="loct"></g></l></v></tfr></token><token id="660141" text="и"><tfr rev_id="1492239" t="и"><v><l id="116949" t="и"><g v="CONJ"></g></l></v><v><l id="116950" t="и"><g v="INTJ"></g></l></v></tfr></token><token id="660142" text="во"><tfr rev_id="2920301" t="во"><v><l id="37409" t="в"><g v="PREP"></g><g v="Vpre"></g></l></v></tfr></token><token id="660143" text="время"><tfr rev_id="1492241" t="время"><v><l id="53149" t="время"><g v="NOUN"></g><g v="inan"></g><g v="neut"></g><g v="sing"></g><g v="nomn"></g></l></v><v><l id="53149" t="время"><g v="NOUN"></g><g v="inan"></g><g v="neut"></g><g v="sing"></g><g v="accs"></g></l></v></tfr></token><token id="660144" text="арт-перфомансов"><tfr rev_id="4542012" t="арт-перфомансов"><v><l id="393217" t="арт-перфоманс"><g v="NOUN"></g><g v="inan"></g><g v="masc"></g><g v="plur"></g><g v="gent"></g></l></v></tfr></token><token id="660145" text=","><tfr rev_id="1492243" t=","><v><l id="0" t=","><g v="PNCT"></g></l></v></tfr></token><token id="660146" text="которые"><tfr rev_id="3795225" t="которые"><v><l id="141203" t="который"><g v="ADJF"></g><g v="Apro"></g><g v="Subx"></g><g v="Anph"></g><g v="inan"></g><g v="plur"></g><g v="accs"></g></l></v></tfr></token><token id="660147" text="он"><tfr rev_id="3575748" t="он"><v><l id="206541" t="он"><g v="NPRO"></g><g v="masc"></g><g v="3per"></g><g v="Anph"></g><g v="sing"></g><g v="nomn"></g></l></v></tfr></token><token id="660148" text="проводит"><tfr rev_id="1492246" t="проводит"><v><l id="278002" t="провожу"><g v="VERB"></g><g v="impf"></g><g v="tran"></g><g v="sing"></g><g v="3per"></g><g v="pres"></g><g v="indc"></g></l></v><v><l id="278009" t="проводил"><g v="VERB"></g><g v="perf"></g><g v="tran"></g><g v="sing"></g><g v="3per"></g><g v="futr"></g><g v="indc"></g></l></v></tfr></token><token id="660149" text=","><tfr rev_id="1492247" t=","><v><l id="0" t=","><g v="PNCT"></g></l></v></tfr></token><token id="660150" text="путешествуя"><tfr rev_id="1492248" t="путешествуя"><v><l id="289578" t="путешествуя"><g v="GRND"></g><g v="impf"></g><g v="intr"></g><g v="pres"></g></l></v></tfr></token><token id="660151" text="по"><tfr rev_id="1492249" t="по"><v><l id="241240" t="по"><g v="PREP"></g></l></v></tfr></token><token id="660152" text="миру"><tfr rev_id="3717732" t="миру"><v><l id="160807" t="мир"><g v="NOUN"></g><g v="inan"></g><g v="masc"></g><g v="sing"></g><g v="datv"></g></l></v></tfr></token><token id="660153" text="."><tfr rev_id="1492251" t="."><v><l id="0" t="."><g v="PNCT"></g></l></v></tfr></token></tokens></sentence><sentence id="36903"><source>На этих перфомансах он рисует вживую, дополняя яркую визуальную часть поэтическим и отчасти магическим действом.</source><tokens><token id="660154" text="На"><tfr rev_id="3395042" t="На"><v><l id="166264" t="на"><g v="PREP"></g></l></v></tfr></token><token id="660155" text="этих"><tfr rev_id="4447106" t="этих"><v><l id="386581" t="этот"><g v="ADJF"></g><g v="Subx"></g><g v="Apro"></g><g v="Anph"></g><g v="plur"></g><g v="loct"></g></l></v></tfr></token><token id="660156" text="перфомансах"><tfr rev_id="4539991" t="перфомансах"><v><l id="392502" t="перфоманс"><g v="NOUN"></g><g v="inan"></g><g v="masc"></g><g v="plur"></g><g v="loct"></g></l></v></tfr></token><token id="660157" text="он"><tfr rev_id="3575749" t="он"><v><l id="206541" t="он"><g v="NPRO"></g><g v="masc"></g><g v="3per"></g><g v="Anph"></g><g v="sing"></g><g v="nomn"></g></l></v></tfr></token><token id="660158" text="рисует"><tfr rev_id="1492256" t="рисует"><v><l id="307789" t="рисую"><g v="VERB"></g><g v="impf"></g><g v="tran"></g><g v="sing"></g><g v="3per"></g><g v="pres"></g><g v="indc"></g></l></v></tfr></token><token id="660159" text="вживую"><tfr rev_id="3523786" t="вживую"><v><l id="389076" t="вживую"><g v="ADVB"></g></l></v></tfr></token><token id="660160" text=","><tfr rev_id="1492258" t=","><v><l id="0" t=","><g v="PNCT"></g></l></v></tfr></token><token id="660161" text="дополняя"><tfr rev_id="1492259" t="дополняя"><v><l id="89320" t="дополняя"><g v="GRND"></g><g v="impf"></g><g v="tran"></g><g v="pres"></g></l></v></tfr></token><token id="660162" text="яркую"><tfr rev_id="1492260" t="яркую"><v><l id="388042" t="яркий"><g v="ADJF"></g><g v="Qual"></g><g v="femn"></g><g v="sing"></g><g v="accs"></g></l></v></tfr></token><token id="660163" text="визуальную"><tfr rev_id="1492261" t="визуальную"><v><l id="44755" t="визуальный"><g v="ADJF"></g><g v="Qual"></g><g v="femn"></g><g v="sing"></g><g v="accs"></g></l></v></tfr></token><token id="660164" text="часть"><tfr rev_id="1492262" t="часть"><v><l id="374820" t="часть"><g v="NOUN"></g><g v="inan"></g><g v="femn"></g><g v="sing"></g><g v="nomn"></g></l></v><v><l id="374820" t="часть"><g v="NOUN"></g><g v="inan"></g><g v="femn"></g><g v="sing"></g><g v="accs"></g></l></v></tfr></token><token id="660165" text="поэтическим"><tfr rev_id="4415457" t="поэтическим"><v><l id="265484" t="поэтический"><g v="ADJF"></g><g v="neut"></g><g v="sing"></g><g v="ablt"></g></l></v></tfr></token><token id="660166" text="и"><tfr rev_id="3551006" t="и"><v><l id="116949" t="и"><g v="CONJ"></g></l></v></tfr></token><token id="660167" text="отчасти"><tfr rev_id="1492265" t="отчасти"><v><l id="220019" t="отчасти"><g v="ADVB"></g></l></v></tfr></token><token id="660168" text="магическим"><tfr rev_id="4318044" t="магическим"><v><l id="152642" t="магический"><g v="ADJF"></g><g v="neut"></g><g v="sing"></g><g v="ablt"></g></l></v></tfr></token><token id="660169" text="действом"><tfr rev_id="1492267" t="действом"><v><l id="80101" t="действо"><g v="NOUN"></g><g v="inan"></g><g v="neut"></g><g v="sing"></g><g v="ablt"></g></l></v></tfr></token><token id="660170" text="."><tfr rev_id="1492268" t="."><v><l id="0" t="."><g v="PNCT"></g></l></v></tfr></token></tokens></sentence><sentence id="36904"><source>Одна из самых сложных работ Грея — «Капелла священных зеркал» в Нью-Йорке, в которой Грей проявил себя и как архитектор.</source><tokens><token id="660171" text="Одна"><tfr rev_id="4301876" t="Одна"><v><l id="203319" t="один"><g v="ADJF"></g><g v="Apro"></g><g v="Anum"></g><g v="femn"></g><g v="sing"></g><g v="nomn"></g></l></v></tfr></token><token id="660172" text="из"><tfr rev_id="2604067" t="из"><v><l id="117677" t="из"><g v="PREP"></g></l></v></tfr></token><token id="660173" text="самых"><tfr rev_id="4400689" t="самых"><v><l id="313174" t="самый"><g v="ADJF"></g><g v="Apro"></g><g v="plur"></g><g v="gent"></g></l></v></tfr></token><token id="660174" text="сложных"><tfr rev_id="1492272" t="сложных"><v><l id="325278" t="сложный"><g v="ADJF"></g><g v="Qual"></g><g v="plur"></g><g v="gent"></g></l></v><v><l id="325278" t="сложный"><g v="ADJF"></g><g v="Qual"></g><g v="anim"></g><g v="plur"></g><g v="accs"></g></l></v><v><l id="325278" t="сложный"><g v="ADJF"></g><g v="Qual"></g><g v="plur"></g><g v="loct"></g></l></v></tfr></token><token id="660175" text="работ"><tfr rev_id="1492273" t="работ"><v><l id="290501" t="работа"><g v="NOUN"></g><g v="inan"></g><g v="femn"></g><g v="plur"></g><g v="gent"></g></l></v></tfr></token><token id="660176" text="Грея"><tfr rev_id="4466594" t="Грея"><v><l id="390508" t="грей"><g v="NOUN"></g><g v="anim"></g><g v="masc"></g><g v="Sgtm"></g><g v="Surn"></g><g v="sing"></g><g v="accs"></g></l></v><v><l id="390508" t="грей"><g v="NOUN"></g><g v="anim"></g><g v="masc"></g><g v="Sgtm"></g><g v="Surn"></g><g v="sing"></g><g v="gent"></g></l></v></tfr></token><token id="660177" text="—"><tfr rev_id="2445824" t="—"><v><l id="0" t="—"><g v="PNCT"></g></l></v></tfr></token><token id="660178" text="«"><tfr rev_id="2445825" t="«"><v><l id="0" t="«"><g v="PNCT"></g></l></v></tfr></token><token id="660179" text="Капелла"><tfr rev_id="1492277" t="Капелла"><v><l id="129637" t="капелла"><g v="NOUN"></g><g v="inan"></g><g v="femn"></g><g v="sing"></g><g v="nomn"></g></l></v></tfr></token><token id="660180" text="священных"><tfr rev_id="4409195" t="священных"><v><l id="316671" t="священный"><g v="ADJF"></g><g v="Qual"></g><g v="plur"></g><g v="gent"></g></l></v></tfr></token><token id="660181" text="зеркал"><tfr rev_id="1492279" t="зеркал"><v><l id="115209" t="зеркало"><g v="NOUN"></g><g v="inan"></g><g v="neut"></g><g v="plur"></g><g v="gent"></g></l></v></tfr></token><token id="660182" text="»"><tfr rev_id="2445826" t="»"><v><l id="0" t="»"><g v="PNCT"></g></l></v></tfr></token><token id="660183" text="в"><tfr rev_id="1492281" t="в"><v><l id="37409" t="в"><g v="PREP"></g></l></v></tfr></token><token id="660184" text="Нью-Йорке"><tfr rev_id="1492282" t="Нью-Йорке"><v><l id="192831" t="нью-йорк"><g v="NOUN"></g><g v="inan"></g><g v="masc"></g><g v="Geox"></g><g v="sing"></g><g v="loct"></g></l></v></tfr></token><token id="660185" text=","><tfr rev_id="1492283" t=","><v><l id="0" t=","><g v="PNCT"></g></l></v></tfr></token><token id="660186" text="в"><tfr rev_id="1492284" t="в"><v><l id="37409" t="в"><g v="PREP"></g></l></v></tfr></token><token id="660187" text="которой"><tfr rev_id="4076647" t="которой"><v><l id="141203" t="который"><g v="ADJF"></g><g v="Apro"></g><g v="Subx"></g><g v="Anph"></g><g v="femn"></g><g v="sing"></g><g v="loct"></g></l></v></tfr></token><token id="660188" text="Грей"><tfr rev_id="4371416" t="Грей"><v><l id="390508" t="грей"><g v="NOUN"></g><g v="anim"></g><g v="masc"></g><g v="Sgtm"></g><g v="Surn"></g><g v="sing"></g><g v="nomn"></g></l></v></tfr></token><token id="660189" text="проявил"><tfr rev_id="1492287" t="проявил"><v><l id="287950" t="проявил"><g v="VERB"></g><g v="perf"></g><g v="tran"></g><g v="masc"></g><g v="sing"></g><g v="past"></g><g v="indc"></g></l></v></tfr></token><token id="660190" text="себя"><tfr rev_id="3634986" t="себя"><v><l id="317456" t="себя"><g v="NPRO"></g><g v="Anph"></g><g v="sing"></g><g v="accs"></g></l></v></tfr></token><token id="660191" text="и"><tfr rev_id="1492289" t="и"><v><l id="116949" t="и"><g v="CONJ"></g></l></v><v><l id="116950" t="и"><g v="INTJ"></g></l></v></tfr></token><token id="660192" text="как"><tfr rev_id="1492290" t="как"><v><l id="128190" t="как"><g v="CONJ"></g></l></v><v><l id="128191" t="как"><g v="PRCL"></g></l></v><v><l id="128192" t="как"><g v="ADVB"></g><g v="Ques"></g></l></v></tfr></token><token id="660193" text="архитектор"><tfr rev_id="1492291" t="архитектор"><v><l id="17842" t="архитектор"><g v="NOUN"></g><g v="anim"></g><g v="masc"></g><g v="sing"></g><g v="nomn"></g></l></v></tfr></token><token id="660194" text="."><tfr rev_id="1492292" t="."><v><l id="0" t="."><g v="PNCT"></g></l></v></tfr></token></tokens></sentence><sentence id="36905"><source>Она была создана Алексом совместно с Элиссон и выступает одновременно и как экспозиция картин и скульптур, и как танцпол, и как место для медитаций, и как зал для проведения лекций и мастер-классов.</source><tokens><token id="660195" text="Она"><tfr rev_id="3586536" t="Она"><v><l id="206544" t="она"><g v="NPRO"></g><g v="femn"></g><g v="3per"></g><g v="Anph"></g><g v="sing"></g><g v="nomn"></g></l></v></tfr></token><token id="660196" text="была"><tfr rev_id="1492294" t="была"><v><l id="37265" t="есть"><g v="VERB"></g><g v="impf"></g><g v="intr"></g><g v="femn"></g><g v="sing"></g><g v="past"></g><g v="indc"></g></l></v></tfr></token><token id="660197" text="создана"><tfr rev_id="1492295" t="создана"><v><l id="328589" t="создан"><g v="PRTS"></g><g v="perf"></g><g v="past"></g><g v="pssv"></g><g v="femn"></g><g v="sing"></g></l></v></tfr></token><token id="660198" text="Алексом"><tfr rev_id="1492296" t="Алексом"><v><l id="8496" t="алекс"><g v="NOUN"></g><g v="anim"></g><g v="masc"></g><g v="Name"></g><g v="sing"></g><g v="ablt"></g></l></v></tfr></token><token id="660199" text="совместно"><tfr rev_id="1492297" t="совместно"><v><l id="328111" t="совместно"><g v="ADVB"></g><g v="Prdx"></g></l></v><v><l id="328116" t="совместен"><g v="ADJS"></g><g v="Qual"></g><g v="neut"></g><g v="sing"></g></l></v></tfr></token><token id="660200" text="с"><tfr rev_id="1492298" t="с"><v><l id="311151" t="с"><g v="PREP"></g></l></v></tfr></token><token id="660201" text="Элиссон"><tfr rev_id="1492299" t="Элиссон"><v><l id="0" t="элиссон"><g v="UNKN"></g></l></v></tfr></token><token id="660202" text="и"><tfr rev_id="1492300" t="и"><v><l id="116949" t="и"><g v="CONJ"></g></l></v><v><l id="116950" t="и"><g v="INTJ"></g></l></v></tfr></token><token id="660203" text="выступает"><tfr rev_id="1492301" t="выступает"><v><l id="62880" t="выступаю"><g v="VERB"></g><g v="impf"></g><g v="intr"></g><g v="sing"></g><g v="3per"></g><g v="pres"></g><g v="indc"></g></l></v></tfr></token><token id="660204" text="одновременно"><tfr rev_id="1492302" t="одновременно"><v><l id="203393" t="одновременно"><g v="ADVB"></g></l></v><v><l id="203396" t="одновременен"><g v="ADJS"></g><g v="Qual"></g><g v="neut"></g><g v="sing"></g></l></v></tfr></token><token id="660205" text="и"><tfr rev_id="1492303" t="и"><v><l id="116949" t="и"><g v="CONJ"></g></l></v><v><l id="116950" t="и"><g v="INTJ"></g></l></v></tfr></token><token id="660206" text="как"><tfr rev_id="1492304" t="как"><v><l id="128190" t="как"><g v="CONJ"></g></l></v><v><l id="128191" t="как"><g v="PRCL"></g></l></v><v><l id="128192" t="как"><g v="ADVB"></g><g v="Ques"></g></l></v></tfr></token><token id="660207" text="экспозиция"><tfr rev_id="1492305" t="экспозиция"><v><l id="383650" t="экспозиция"><g v="NOUN"></g><g v="inan"></g><g v="femn"></g><g v="sing"></g><g v="nomn"></g></l></v></tfr></token><token id="660208" text="картин"><tfr rev_id="1492306" t="картин"><v><l id="130773" t="картина"><g v="NOUN"></g><g v="inan"></g><g v="femn"></g><g v="plur"></g><g v="gent"></g></l></v></tfr></token><token id="660209" text="и"><tfr rev_id="1492307" t="и"><v><l id="116949" t="и"><g v="CONJ"></g></l></v><v><l id="116950" t="и"><g v="INTJ"></g></l></v></tfr></token><token id="660210" text="скульптур"><tfr rev_id="1492308" t="скульптур"><v><l id="323939" t="скульптура"><g v="NOUN"></g><g v="inan"></g><g v="femn"></g><g v="plur"></g><g v="gent"></g></l></v></tfr></token><token id="660211" text=","><tfr rev_id="1492309" t=","><v><l id="0" t=","><g v="PNCT"></g></l></v></tfr></token><token id="660212" text="и"><tfr rev_id="3688659" t="и"><v><l id="116949" t="и"><g v="CONJ"></g></l></v></tfr></token><token id="660213" text="как"><tfr rev_id="1492311" t="как"><v><l id="128190" t="как"><g v="CONJ"></g></l></v><v><l id="128191" t="как"><g v="PRCL"></g></l></v><v><l id="128192" t="как"><g v="ADVB"></g><g v="Ques"></g></l></v></tfr></token><token id="660214" text="танцпол"><tfr rev_id="1492312" t="танцпол"><v><l id="0" t="танцпол"><g v="UNKN"></g></l></v></tfr></token><token id="660215" text=","><tfr rev_id="1492313" t=","><v><l id="0" t=","><g v="PNCT"></g></l></v></tfr></token><token id="660216" text="и"><tfr rev_id="1492314" t="и"><v><l id="116949" t="и"><g v="CONJ"></g></l></v><v><l id="116950" t="и"><g v="INTJ"></g></l></v></tfr></token><token id="660217" text="как"><tfr rev_id="1492315" t="как"><v><l id="128190" t="как"><g v="CONJ"></g></l></v><v><l id="128191" t="как"><g v="PRCL"></g></l></v><v><l id="128192" t="как"><g v="ADVB"></g><g v="Ques"></g></l></v></tfr></token><token id="660218" text="место"><tfr rev_id="1492316" t="место"><v><l id="158822" t="место"><g v="NOUN"></g><g v="inan"></g><g v="neut"></g><g v="sing"></g><g v="nomn"></g></l></v><v><l id="158822" t="место"><g v="NOUN"></g><g v="inan"></g><g v="neut"></g><g v="sing"></g><g v="accs"></g></l></v></tfr></token><token id="660219" text="для"><tfr rev_id="3445648" t="для"><v><l id="85032" t="для"><g v="PREP"></g></l></v></tfr></token><token id="660220" text="медитаций"><tfr rev_id="1492318" t="медитаций"><v><l id="157056" t="медитация"><g v="NOUN"></g><g v="inan"></g><g v="femn"></g><g v="plur"></g><g v="gent"></g></l></v></tfr></token><token id="660221" text=","><tfr rev_id="1492319" t=","><v><l id="0" t=","><g v="PNCT"></g></l></v></tfr></token><token id="660222" text="и"><tfr rev_id="3410552" t="и"><v><l id="116949" t="и"><g v="CONJ"></g></l></v></tfr></token><token id="660223" text="как"><tfr rev_id="1492321" t="как"><v><l id="128190" t="как"><g v="CONJ"></g></l></v><v><l id="128191" t="как"><g v="PRCL"></g></l></v><v><l id="128192" t="как"><g v="ADVB"></g><g v="Ques"></g></l></v></tfr></token><token id="660224" text="зал"><tfr rev_id="4215231" t="зал"><v><l id="104463" t="зал"><g v="NOUN"></g><g v="inan"></g><g v="masc"></g><g v="sing"></g><g v="nomn"></g></l></v></tfr></token><token id="660225" text="для"><tfr rev_id="3445662" t="для"><v><l id="85032" t="для"><g v="PREP"></g></l></v></tfr></token><token id="660226" text="проведения"><tfr rev_id="3438377" t="проведения"><v><l id="277705" t="проведение"><g v="NOUN"></g><g v="inan"></g><g v="neut"></g><g v="sing"></g><g v="gent"></g></l></v></tfr></token><token id="660227" text="лекций"><tfr rev_id="1492325" t="лекций"><v><l id="147944" t="лекция"><g v="NOUN"></g><g v="inan"></g><g v="femn"></g><g v="plur"></g><g v="gent"></g></l></v></tfr></token><token id="660228" text="и"><tfr rev_id="1492326" t="и"><v><l id="116949" t="и"><g v="CONJ"></g></l></v><v><l id="116950" t="и"><g v="INTJ"></g></l></v></tfr></token><token id="660229" text="мастер-классов"><tfr rev_id="2508383" t="мастер-классов"><v><l id="388578" t="мастер-класс"><g v="NOUN"></g><g v="inan"></g><g v="masc"></g><g v="plur"></g><g v="gent"></g></l></v></tfr></token><token id="660230" text="."><tfr rev_id="1492328" t="."><v><l id="0" t="."><g v="PNCT"></g></l></v></tfr></token></tokens></sentence></paragraph><paragraph id="11788"><sentence id="36906"><source>О создателе абстрактной живописи читайте в статье Частного корреспондента «Царь абстракционизма»</source><tokens><token id="660231" text="О"><tfr rev_id="2781350" t="О"><v><l id="192977" t="о"><g v="PREP"></g></l></v></tfr></token><token id="660232" text="создателе"><tfr rev_id="1492330" t="создателе"><v><l id="328583" t="создатель"><g v="NOUN"></g><g v="anim"></g><g v="masc"></g><g v="sing"></g><g v="loct"></g></l></v></tfr></token><token id="660233" text="абстрактной"><tfr rev_id="4424196" t="абстрактной"><v><l id="1916" t="абстрактный"><g v="ADJF"></g><g v="Qual"></g><g v="femn"></g><g v="sing"></g><g v="gent"></g></l></v></tfr></token><token id="660234" text="живописи"><tfr rev_id="4345687" t="живописи"><v><l id="97058" t="живопись"><g v="NOUN"></g><g v="inan"></g><g v="femn"></g><g v="sing"></g><g v="gent"></g></l></v></tfr></token><token id="660235" text="читайте"><tfr rev_id="1492333" t="читайте"><v><l id="376719" t="читаю"><g v="VERB"></g><g v="impf"></g><g v="tran"></g><g v="plur"></g><g v="impr"></g><g v="excl"></g></l></v></tfr></token><token id="660236" text="в"><tfr rev_id="1492334" t="в"><v><l id="37409" t="в"><g v="PREP"></g></l></v></tfr></token><token id="660237" text="статье"><tfr rev_id="3447568" t="статье"><v><l id="335173" t="статья"><g v="NOUN"></g><g v="inan"></g><g v="femn"></g><g v="sing"></g><g v="loct"></g></l></v></tfr></token><token id="660238" text="Частного"><tfr rev_id="4349136" t="Частного"><v><l id="374795" t="частный"><g v="ADJF"></g><g v="Qual"></g><g v="masc"></g><g v="sing"></g><g v="gent"></g></l></v><v><l id="374795" t="частный"><g v="ADJF"></g><g v="Qual"></g><g v="anim"></g><g v="masc"></g><g v="sing"></g><g v="accs"></g></l></v></tfr></token><token id="660239" text="корреспондента"><tfr rev_id="4461560" t="корреспондента"><v><l id="140239" t="корреспондент"><g v="NOUN"></g><g v="anim"></g><g v="masc"></g><g v="sing"></g><g v="gent"></g></l></v></tfr></token><token id="660240" text="«"><tfr rev_id="2445827" t="«"><v><l id="0" t="«"><g v="PNCT"></g></l></v></tfr></token><token id="660241" text="Царь"><tfr rev_id="1492339" t="Царь"><v><l id="372826" t="царь"><g v="NOUN"></g><g v="anim"></g><g v="masc"></g><g v="sing"></g><g v="nomn"></g></l></v></tfr></token><token id="660242" text="абстракционизма"><tfr rev_id="1492340" t="абстракционизма"><v><l id="1920" t="абстракционизм"><g v="NOUN"></g><g v="inan"></g><g v="masc"></g><g v="sing"></g><g v="gent"></g></l></v></tfr></token><token id="660243" text="»"><tfr rev_id="2445828" t="»"><v><l id="0" t="»"><g v="PNCT"></g></l></v></tfr></token></tokens></sentence></paragraph></paragraphs></text>