<?xml version="1.0" encoding="utf-8"?><text id="1285" parent="602" name="0099886 вернулась с берегов Онеги"><tags><tag>url:http://l-i-d-y-a.livejournal.com/99886.html</tag><tag>Год:2009</tag><tag>Дата:17/09</tag><tag>Время:18:29</tag><tag>ЖЖ:Метка:russir</tag></tags><paragraphs><paragraph id="11800"><sentence id="36907"><source>вернулась с берегов Онеги</source><tokens><token id="660244" text="вернулась"><tfr rev_id="1492342" t="вернулась"><v><l id="41483" t="вернулся"><g v="VERB"></g><g v="perf"></g><g v="intr"></g><g v="femn"></g><g v="sing"></g><g v="past"></g><g v="indc"></g></l></v></tfr></token><token id="660245" text="с"><tfr rev_id="1492343" t="с"><v><l id="311151" t="с"><g v="PREP"></g></l></v></tfr></token><token id="660246" text="берегов"><tfr rev_id="1492344" t="берегов"><v><l id="27758" t="берег"><g v="NOUN"></g><g v="inan"></g><g v="masc"></g><g v="plur"></g><g v="gent"></g></l></v></tfr></token><token id="660247" text="Онеги"><tfr rev_id="1492345" t="Онеги"><v><l id="206569" t="онега"><g v="NOUN"></g><g v="inan"></g><g v="femn"></g><g v="Sgtm"></g><g v="Geox"></g><g v="sing"></g><g v="gent"></g></l></v></tfr></token></tokens></sentence></paragraph><paragraph id="11801"><sentence id="36908"><source>Вернулась с Руссир'а.</source><tokens><token id="660248" text="Вернулась"><tfr rev_id="1492346" t="Вернулась"><v><l id="41483" t="вернулся"><g v="VERB"></g><g v="perf"></g><g v="intr"></g><g v="femn"></g><g v="sing"></g><g v="past"></g><g v="indc"></g></l></v></tfr></token><token id="660249" text="с"><tfr rev_id="1492347" t="с"><v><l id="311151" t="с"><g v="PREP"></g></l></v></tfr></token><token id="660250" text="Руссир'а"><tfr rev_id="1492348" t="Руссир'а"><v><l id="0" t="руссир'а"><g v="UNKN"></g></l></v></tfr></token><token id="660251" text="."><tfr rev_id="1492349" t="."><v><l id="0" t="."><g v="PNCT"></g></l></v></tfr></token></tokens></sentence><sentence id="36909"><source>На длинный отчет вряд ли сподоблюсь (тем более в воскресенье снова уезжаю, на сей раз в Киев).</source><tokens><token id="660252" text="На"><tfr rev_id="3394029" t="На"><v><l id="166264" t="на"><g v="PREP"></g></l></v></tfr></token><token id="660253" text="длинный"><tfr rev_id="1492351" t="длинный"><v><l id="85005" t="длинный"><g v="ADJF"></g><g v="Qual"></g><g v="masc"></g><g v="sing"></g><g v="nomn"></g></l></v><v><l id="85005" t="длинный"><g v="ADJF"></g><g v="Qual"></g><g v="inan"></g><g v="masc"></g><g v="sing"></g><g v="accs"></g></l></v></tfr></token><token id="660254" text="отчет"><tfr rev_id="4106974" t="отчет"><v><l id="219980" t="отчёт"><g v="NOUN"></g><g v="inan"></g><g v="masc"></g><g v="sing"></g><g v="accs"></g></l></v></tfr></token><token id="660255" text="вряд"><tfr rev_id="1492353" t="вряд"><v><l id="53258" t="вряд"><g v="ADVB"></g></l></v></tfr></token><token id="660256" text="ли"><tfr rev_id="4466819" t="ли"><v><l id="148847" t="ли"><g v="CONJ"></g></l></v><v><l id="148848" t="ли"><g v="PRCL"></g></l></v></tfr></token><token id="660257" text="сподоблюсь"><tfr rev_id="1492355" t="сподоблюсь"><v><l id="332611" t="сподобился"><g v="VERB"></g><g v="perf"></g><g v="intr"></g><g v="sing"></g><g v="1per"></g><g v="futr"></g><g v="indc"></g></l></v></tfr></token><token id="660258" text="("><tfr rev_id="1492356" t="("><v><l id="0" t="("><g v="PNCT"></g></l></v></tfr></token><token id="660259" text="тем"><tfr rev_id="4492356" t="тем"><v><l id="344449" t="тем"><g v="CONJ"></g></l></v></tfr></token><token id="660260" text="более"><tfr rev_id="1492358" t="более"><v><l id="32065" t="более"><g v="ADVB"></g></l></v></tfr></token><token id="660261" text="в"><tfr rev_id="1492359" t="в"><v><l id="37409" t="в"><g v="PREP"></g></l></v></tfr></token><token id="660262" text="воскресенье"><tfr rev_id="4486091" t="воскресенье"><v><l id="51393" t="воскресение"><g v="NOUN"></g><g v="inan"></g><g v="neut"></g><g v="sing"></g><g v="accs"></g><g v="V-be"></g></l></v><v><l id="51406" t="воскресенье"><g v="NOUN"></g><g v="inan"></g><g v="neut"></g><g v="sing"></g><g v="accs"></g></l></v></tfr></token><token id="660263" text="снова"><tfr rev_id="1492361" t="снова"><v><l id="327458" t="снова"><g v="ADVB"></g></l></v></tfr></token><token id="660264" text="уезжаю"><tfr rev_id="1492362" t="уезжаю"><v><l id="355392" t="уезжаю"><g v="VERB"></g><g v="impf"></g><g v="intr"></g><g v="sing"></g><g v="1per"></g><g v="pres"></g><g v="indc"></g></l></v></tfr></token><token id="660265" text=","><tfr rev_id="1492363" t=","><v><l id="0" t=","><g v="PNCT"></g></l></v></tfr></token><token id="660266" text="на"><tfr rev_id="3475787" t="на"><v><l id="166264" t="на"><g v="PREP"></g></l></v></tfr></token><token id="660267" text="сей"><tfr rev_id="4218939" t="сей"><v><l id="317879" t="сей"><g v="ADJF"></g><g v="Apro"></g><g v="Subx"></g><g v="masc"></g><g v="sing"></g><g v="nomn"></g></l></v><v><l id="317879" t="сей"><g v="ADJF"></g><g v="Apro"></g><g v="Subx"></g><g v="inan"></g><g v="masc"></g><g v="sing"></g><g v="accs"></g></l></v></tfr></token><token id="660268" text="раз"><tfr rev_id="4510605" t="раз"><v><l id="291500" t="раз"><g v="NOUN"></g><g v="inan"></g><g v="masc"></g><g v="sing"></g><g v="nomn"></g></l></v><v><l id="291500" t="раз"><g v="NOUN"></g><g v="inan"></g><g v="masc"></g><g v="sing"></g><g v="accs"></g></l></v></tfr></token><token id="660269" text="в"><tfr rev_id="1492367" t="в"><v><l id="37409" t="в"><g v="PREP"></g></l></v></tfr></token><token id="660270" text="Киев"><tfr rev_id="4167870" t="Киев"><v><l id="132726" t="киев"><g v="NOUN"></g><g v="inan"></g><g v="masc"></g><g v="Geox"></g><g v="sing"></g><g v="accs"></g></l></v></tfr></token><token id="660271" text=")"><tfr rev_id="1492369" t=")"><v><l id="0" t=")"><g v="PNCT"></g></l></v></tfr></token><token id="660272" text="."><tfr rev_id="1492370" t="."><v><l id="0" t="."><g v="PNCT"></g></l></v></tfr></token></tokens></sentence></paragraph><paragraph id="11802"><sentence id="36910"><source>Общее ощущение - приятная усталость.</source><tokens><token id="660273" text="Общее"><tfr rev_id="3812211" t="Общее"><v><l id="201663" t="общий"><g v="ADJF"></g><g v="neut"></g><g v="sing"></g><g v="nomn"></g></l></v><v><l id="201663" t="общий"><g v="ADJF"></g><g v="neut"></g><g v="sing"></g><g v="accs"></g></l></v></tfr></token><token id="660274" text="ощущение"><tfr rev_id="1492372" t="ощущение"><v><l id="222333" t="ощущение"><g v="NOUN"></g><g v="inan"></g><g v="neut"></g><g v="sing"></g><g v="nomn"></g></l></v><v><l id="222333" t="ощущение"><g v="NOUN"></g><g v="inan"></g><g v="neut"></g><g v="sing"></g><g v="accs"></g></l></v></tfr></token><token id="660275" text="-"><tfr rev_id="1492373" t="-"><v><l id="0" t="-"><g v="PNCT"></g></l></v></tfr></token><token id="660276" text="приятная"><tfr rev_id="1492374" t="приятная"><v><l id="277012" t="приятный"><g v="ADJF"></g><g v="Qual"></g><g v="femn"></g><g v="sing"></g><g v="nomn"></g></l></v></tfr></token><token id="660277" text="усталость"><tfr rev_id="1492375" t="усталость"><v><l id="360962" t="усталость"><g v="NOUN"></g><g v="inan"></g><g v="femn"></g><g v="sing"></g><g v="nomn"></g></l></v><v><l id="360962" t="усталость"><g v="NOUN"></g><g v="inan"></g><g v="femn"></g><g v="sing"></g><g v="accs"></g></l></v></tfr></token><token id="660278" text="."><tfr rev_id="1492376" t="."><v><l id="0" t="."><g v="PNCT"></g></l></v></tfr></token></tokens></sentence><sentence id="36911"><source>Пять пар каждый день, начиная с половины девятого утра - а прогулять что-либо невозможно, потому что все дико интересно.</source><tokens><token id="660279" text="Пять"><tfr rev_id="1492377" t="Пять"><v><l id="290440" t="пять"><g v="NUMR"></g><g v="nomn"></g></l></v><v><l id="290440" t="пять"><g v="NUMR"></g><g v="accs"></g></l></v></tfr></token><token id="660280" text="пар"><tfr rev_id="2628575" t="пар"><v><l id="223626" t="пара"><g v="NOUN"></g><g v="inan"></g><g v="femn"></g><g v="plur"></g><g v="gent"></g></l></v></tfr></token><token id="660281" text="каждый"><tfr rev_id="4429593" t="каждый"><v><l id="127875" t="каждый"><g v="ADJF"></g><g v="Subx"></g><g v="Apro"></g><g v="masc"></g><g v="sing"></g><g v="nomn"></g></l></v><v><l id="127875" t="каждый"><g v="ADJF"></g><g v="Subx"></g><g v="Apro"></g><g v="inan"></g><g v="masc"></g><g v="sing"></g><g v="accs"></g></l></v></tfr></token><token id="660282" text="день"><tfr rev_id="1715698" t="день"><v><l id="81427" t="день"><g v="NOUN"></g><g v="inan"></g><g v="masc"></g><g v="sing"></g><g v="nomn"></g></l></v><v><l id="81427" t="день"><g v="NOUN"></g><g v="inan"></g><g v="masc"></g><g v="sing"></g><g v="accs"></g></l></v></tfr></token><token id="660283" text=","><tfr rev_id="1492381" t=","><v><l id="0" t=","><g v="PNCT"></g></l></v></tfr></token><token id="660284" text="начиная"><tfr rev_id="1492382" t="начиная"><v><l id="178346" t="начиная"><g v="GRND"></g><g v="impf"></g><g v="tran"></g><g v="pres"></g></l></v></tfr></token><token id="660285" text="с"><tfr rev_id="1492383" t="с"><v><l id="311151" t="с"><g v="PREP"></g></l></v></tfr></token><token id="660286" text="половины"><tfr rev_id="4322408" t="половины"><v><l id="256181" t="половина"><g v="NOUN"></g><g v="inan"></g><g v="femn"></g><g v="sing"></g><g v="gent"></g></l></v></tfr></token><token id="660287" text="девятого"><tfr rev_id="3481933" t="девятого"><v><l id="79530" t="девятый"><g v="ADJF"></g><g v="Anum"></g><g v="masc"></g><g v="sing"></g><g v="gent"></g></l></v><v><l id="79530" t="девятый"><g v="ADJF"></g><g v="Anum"></g><g v="anim"></g><g v="masc"></g><g v="sing"></g><g v="accs"></g></l></v></tfr></token><token id="660288" text="утра"><tfr rev_id="3500560" t="утра"><v><l id="362468" t="утро"><g v="NOUN"></g><g v="inan"></g><g v="neut"></g><g v="sing"></g><g v="gent"></g></l></v></tfr></token><token id="660289" text="-"><tfr rev_id="1492387" t="-"><v><l id="0" t="-"><g v="PNCT"></g></l></v></tfr></token><token id="660290" text="а"><tfr rev_id="4103685" t="а"><v><l id="51" t="а"><g v="CONJ"></g></l></v></tfr></token><token id="660291" text="прогулять"><tfr rev_id="1492389" t="прогулять"><v><l id="278869" t="прогулять"><g v="INFN"></g><g v="perf"></g><g v="tran"></g></l></v></tfr></token><token id="660292" text="что-либо"><tfr rev_id="2699544" t="что-либо"><v><l id="377007" t="что-либо"><g v="NPRO"></g><g v="neut"></g><g v="sing"></g><g v="accs"></g></l></v></tfr></token><token id="660293" text="невозможно"><tfr rev_id="3657074" t="невозможно"><v><l id="179947" t="невозможно"><g v="ADVB"></g><g v="Prdx"></g></l></v></tfr></token><token id="660294" text=","><tfr rev_id="1492392" t=","><v><l id="0" t=","><g v="PNCT"></g></l></v></tfr></token><token id="660295" text="потому"><tfr rev_id="1492393" t="потому"><v><l id="263335" t="потому"><g v="ADVB"></g><g v="Dmns"></g></l></v></tfr></token><token id="660296" text="что"><tfr rev_id="3197399" t="что"><v><l id="377004" t="что"><g v="CONJ"></g></l></v><v><l id="377005" t="что"><g v="NPRO"></g><g v="neut"></g><g v="sing"></g><g v="nomn"></g></l></v><v><l id="377005" t="что"><g v="NPRO"></g><g v="neut"></g><g v="sing"></g><g v="accs"></g></l></v><v><l id="377006" t="что"><g v="ADVB"></g><g v="Ques"></g></l></v><v><l id="388695" t="что"><g v="PRCL"></g></l></v></tfr></token><token id="660297" text="все"><tfr rev_id="4538144" t="все"><v><l id="42156" t="весь"><g v="ADJF"></g><g v="Subx"></g><g v="Apro"></g><g v="neut"></g><g v="sing"></g><g v="accs"></g></l></v><v><l id="42156" t="весь"><g v="ADJF"></g><g v="Subx"></g><g v="Apro"></g><g v="neut"></g><g v="sing"></g><g v="nomn"></g></l></v></tfr></token><token id="660298" text="дико"><tfr rev_id="3526772" t="дико"><v><l id="83779" t="дико"><g v="ADVB"></g></l></v></tfr></token><token id="660299" text="интересно"><tfr rev_id="1492397" t="интересно"><v><l id="123170" t="интересно"><g v="ADVB"></g><g v="Prdx"></g></l></v><v><l id="123174" t="интересен"><g v="ADJS"></g><g v="Qual"></g><g v="neut"></g><g v="sing"></g></l></v></tfr></token><token id="660300" text="."><tfr rev_id="1492398" t="."><v><l id="0" t="."><g v="PNCT"></g></l></v></tfr></token></tokens></sentence><sentence id="36912"><source>Лично я по ночам могла только спать, хотя вопли других участников иногда до номера доносились, а утром мне докладывали недостающие подробности.</source><tokens><token id="660301" text="Лично"><tfr rev_id="1492399" t="Лично"><v><l id="150204" t="лично"><g v="ADVB"></g></l></v><v><l id="150212" t="личен"><g v="ADJS"></g><g v="Qual"></g><g v="neut"></g><g v="sing"></g></l></v></tfr></token><token id="660302" text="я"><tfr rev_id="1492400" t="я"><v><l id="387317" t="я"><g v="NPRO"></g><g v="1per"></g><g v="sing"></g><g v="nomn"></g></l></v></tfr></token><token id="660303" text="по"><tfr rev_id="1492401" t="по"><v><l id="241240" t="по"><g v="PREP"></g></l></v></tfr></token><token id="660304" text="ночам"><tfr rev_id="1492402" t="ночам"><v><l id="192469" t="ночь"><g v="NOUN"></g><g v="inan"></g><g v="femn"></g><g v="plur"></g><g v="datv"></g></l></v></tfr></token><token id="660305" text="могла"><tfr rev_id="1492403" t="могла"><v><l id="164485" t="могу"><g v="VERB"></g><g v="impf"></g><g v="intr"></g><g v="femn"></g><g v="sing"></g><g v="past"></g><g v="indc"></g></l></v></tfr></token><token id="660306" text="только"><tfr rev_id="3784139" t="только"><v><l id="347395" t="только"><g v="CONJ"></g></l></v><v><l id="347396" t="только"><g v="PRCL"></g></l></v><v><l id="390053" t="только"><g v="ADVB"></g></l></v></tfr></token><token id="660307" text="спать"><tfr rev_id="1492405" t="спать"><v><l id="331612" t="спать"><g v="INFN"></g><g v="impf"></g><g v="intr"></g></l></v></tfr></token><token id="660308" text=","><tfr rev_id="1492406" t=","><v><l id="0" t=","><g v="PNCT"></g></l></v></tfr></token><token id="660309" text="хотя"><tfr rev_id="3888056" t="хотя"><v><l id="371732" t="хотя"><g v="CONJ"></g></l></v></tfr></token><token id="660310" text="вопли"><tfr rev_id="3756943" t="вопли"><v><l id="50828" t="вопль"><g v="NOUN"></g><g v="inan"></g><g v="masc"></g><g v="plur"></g><g v="nomn"></g></l></v></tfr></token><token id="660311" text="других"><tfr rev_id="3945543" t="других"><v><l id="92342" t="другой"><g v="ADJF"></g><g v="Apro"></g><g v="Subx"></g><g v="plur"></g><g v="gent"></g></l></v></tfr></token><token id="660312" text="участников"><tfr rev_id="3945035" t="участников"><v><l id="363151" t="участник"><g v="NOUN"></g><g v="anim"></g><g v="masc"></g><g v="plur"></g><g v="gent"></g></l></v></tfr></token><token id="660313" text="иногда"><tfr rev_id="1492411" t="иногда"><v><l id="122703" t="иногда"><g v="ADVB"></g></l></v></tfr></token><token id="660314" text="до"><tfr rev_id="1492412" t="до"><v><l id="85153" t="до"><g v="PREP"></g></l></v></tfr></token><token id="660315" text="номера"><tfr rev_id="3455923" t="номера"><v><l id="192067" t="номер"><g v="NOUN"></g><g v="inan"></g><g v="masc"></g><g v="sing"></g><g v="gent"></g></l></v></tfr></token><token id="660316" text="доносились"><tfr rev_id="1492414" t="доносились"><v><l id="88781" t="доношусь"><g v="VERB"></g><g v="impf"></g><g v="intr"></g><g v="plur"></g><g v="past"></g><g v="indc"></g></l></v><v><l id="88786" t="доносился"><g v="VERB"></g><g v="perf"></g><g v="intr"></g><g v="plur"></g><g v="past"></g><g v="indc"></g></l></v></tfr></token><token id="660317" text=","><tfr rev_id="1492415" t=","><v><l id="0" t=","><g v="PNCT"></g></l></v></tfr></token><token id="660318" text="а"><tfr rev_id="2606389" t="а"><v><l id="51" t="а"><g v="CONJ"></g></l></v></tfr></token><token id="660319" text="утром"><tfr rev_id="4150689" t="утром"><v><l id="362492" t="утром"><g v="ADVB"></g></l></v></tfr></token><token id="660320" text="мне"><tfr rev_id="4201941" t="мне"><v><l id="387317" t="я"><g v="NPRO"></g><g v="1per"></g><g v="sing"></g><g v="datv"></g></l></v></tfr></token><token id="660321" text="докладывали"><tfr rev_id="1492419" t="докладывали"><v><l id="87243" t="докладываю"><g v="VERB"></g><g v="impf"></g><g v="tran"></g><g v="plur"></g><g v="past"></g><g v="indc"></g></l></v></tfr></token><token id="660322" text="недостающие"><tfr rev_id="1492420" t="недостающие"><v><l id="181673" t="недостающий"><g v="PRTF"></g><g v="impf"></g><g v="intr"></g><g v="pres"></g><g v="actv"></g><g v="plur"></g><g v="nomn"></g></l></v><v><l id="181673" t="недостающий"><g v="PRTF"></g><g v="impf"></g><g v="intr"></g><g v="pres"></g><g v="actv"></g><g v="inan"></g><g v="plur"></g><g v="accs"></g></l></v><v><l id="181688" t="недостающий"><g v="ADJF"></g><g v="plur"></g><g v="nomn"></g></l></v><v><l id="181688" t="недостающий"><g v="ADJF"></g><g v="inan"></g><g v="plur"></g><g v="accs"></g></l></v></tfr></token><token id="660323" text="подробности"><tfr rev_id="3765751" t="подробности"><v><l id="249801" t="подробность"><g v="NOUN"></g><g v="inan"></g><g v="femn"></g><g v="plur"></g><g v="accs"></g></l></v></tfr></token><token id="660324" text="."><tfr rev_id="1492422" t="."><v><l id="0" t="."><g v="PNCT"></g></l></v></tfr></token></tokens></sentence></paragraph><paragraph id="11803"><sentence id="36913"><source>Если честно, утомляет.</source><tokens><token id="660325" text="Если"><tfr rev_id="1492423" t="Если"><v><l id="95365" t="если"><g v="CONJ"></g></l></v></tfr></token><token id="660326" text="честно"><tfr rev_id="1492424" t="честно"><v><l id="376034" t="честно"><g v="ADVB"></g></l></v><v><l id="376044" t="честен"><g v="ADJS"></g><g v="Qual"></g><g v="neut"></g><g v="sing"></g></l></v></tfr></token><token id="660327" text=","><tfr rev_id="1492425" t=","><v><l id="0" t=","><g v="PNCT"></g></l></v></tfr></token><token id="660328" text="утомляет"><tfr rev_id="1492426" t="утомляет"><v><l id="362152" t="утомляю"><g v="VERB"></g><g v="impf"></g><g v="tran"></g><g v="sing"></g><g v="3per"></g><g v="pres"></g><g v="indc"></g></l></v></tfr></token><token id="660329" text="."><tfr rev_id="1492427" t="."><v><l id="0" t="."><g v="PNCT"></g></l></v></tfr></token></tokens></sentence><sentence id="36914"><source>Может, приходя в Университет, я  когда-нибудь и сморкалась украдкой в занавеску, но уж точно никому потом про это не рассказывала.</source><tokens><token id="660330" text="Может"><tfr rev_id="4229873" t="Может"><v><l id="162457" t="может"><g v="CONJ"></g><g v="Prnt"></g></l></v></tfr></token><token id="660331" text=","><tfr rev_id="1492429" t=","><v><l id="0" t=","><g v="PNCT"></g></l></v></tfr></token><token id="660332" text="приходя"><tfr rev_id="1492430" t="приходя"><v><l id="276253" t="приходя"><g v="GRND"></g><g v="impf"></g><g v="intr"></g><g v="pres"></g></l></v></tfr></token><token id="660333" text="в"><tfr rev_id="1492431" t="в"><v><l id="37409" t="в"><g v="PREP"></g></l></v></tfr></token><token id="660334" text="Университет"><tfr rev_id="1492432" t="Университет"><v><l id="358281" t="университет"><g v="NOUN"></g><g v="inan"></g><g v="masc"></g><g v="sing"></g><g v="nomn"></g></l></v><v><l id="358281" t="университет"><g v="NOUN"></g><g v="inan"></g><g v="masc"></g><g v="sing"></g><g v="accs"></g></l></v></tfr></token><token id="660335" text=","><tfr rev_id="1492433" t=","><v><l id="0" t=","><g v="PNCT"></g></l></v></tfr></token><token id="660336" text="я"><tfr rev_id="1492434" t="я"><v><l id="387317" t="я"><g v="NPRO"></g><g v="1per"></g><g v="sing"></g><g v="nomn"></g></l></v></tfr></token><token id="660337" text="когда-нибудь"><tfr rev_id="1492435" t="когда-нибудь"><v><l id="135242" t="когда-нибудь"><g v="ADVB"></g></l></v></tfr></token><token id="660338" text="и"><tfr rev_id="1492436" t="и"><v><l id="116949" t="и"><g v="CONJ"></g></l></v><v><l id="116950" t="и"><g v="INTJ"></g></l></v></tfr></token><token id="660339" text="сморкалась"><tfr rev_id="1492437" t="сморкалась"><v><l id="326720" t="сморкаюсь"><g v="VERB"></g><g v="impf"></g><g v="intr"></g><g v="femn"></g><g v="sing"></g><g v="past"></g><g v="indc"></g></l></v></tfr></token><token id="660340" text="украдкой"><tfr rev_id="1492438" t="украдкой"><v><l id="356364" t="украдкой"><g v="ADVB"></g></l></v></tfr></token><token id="660341" text="в"><tfr rev_id="1492439" t="в"><v><l id="37409" t="в"><g v="PREP"></g></l></v></tfr></token><token id="660342" text="занавеску"><tfr rev_id="1492440" t="занавеску"><v><l id="106270" t="занавеска"><g v="NOUN"></g><g v="inan"></g><g v="femn"></g><g v="sing"></g><g v="accs"></g></l></v></tfr></token><token id="660343" text=","><tfr rev_id="1492441" t=","><v><l id="0" t=","><g v="PNCT"></g></l></v></tfr></token><token id="660344" text="но"><tfr rev_id="1492442" t="но"><v><l id="191429" t="но"><g v="CONJ"></g></l></v><v><l id="191430" t="но"><g v="INTJ"></g></l></v></tfr></token><token id="660345" text="уж"><tfr rev_id="1492443" t="уж"><v><l id="355420" t="уж"><g v="ADVB"></g></l></v><v><l id="355421" t="уж"><g v="PRCL"></g></l></v><v><l id="355422" t="уж"><g v="NOUN"></g><g v="anim"></g><g v="masc"></g><g v="sing"></g><g v="nomn"></g></l></v></tfr></token><token id="660346" text="точно"><tfr rev_id="4509225" t="точно"><v><l id="348514" t="точно"><g v="ADVB"></g></l></v><v><l id="348515" t="точно"><g v="CONJ"></g></l></v><v><l id="348521" t="точен"><g v="ADJS"></g><g v="Qual"></g><g v="neut"></g><g v="sing"></g></l></v></tfr></token><token id="660347" text="никому"><tfr rev_id="1492445" t="никому"><v><l id="191016" t="никто"><g v="NPRO"></g><g v="sing"></g><g v="datv"></g></l></v></tfr></token><token id="660348" text="потом"><tfr rev_id="4264770" t="потом"><v><l id="263319" t="потом"><g v="ADVB"></g></l></v></tfr></token><token id="660349" text="про"><tfr rev_id="1492447" t="про"><v><l id="277024" t="про"><g v="PREP"></g></l></v></tfr></token><token id="660350" text="это"><tfr rev_id="4497632" t="это"><v><l id="386575" t="это"><g v="NPRO"></g><g v="neut"></g><g v="sing"></g><g v="nomn"></g></l></v><v><l id="386575" t="это"><g v="NPRO"></g><g v="neut"></g><g v="sing"></g><g v="accs"></g></l></v></tfr></token><token id="660351" text="не"><tfr rev_id="1492449" t="не"><v><l id="178876" t="не"><g v="PRCL"></g></l></v></tfr></token><token id="660352" text="рассказывала"><tfr rev_id="1492450" t="рассказывала"><v><l id="300983" t="рассказываю"><g v="VERB"></g><g v="impf"></g><g v="tran"></g><g v="femn"></g><g v="sing"></g><g v="past"></g><g v="indc"></g></l></v></tfr></token><token id="660353" text="."><tfr rev_id="1492451" t="."><v><l id="0" t="."><g v="PNCT"></g></l></v></tfr></token></tokens></sentence><sentence id="36915"><source>Это образно говоря, необразно просто лень.</source><tokens><token id="660354" text="Это"><tfr rev_id="4441745" t="Это"><v><l id="386574" t="это"><g v="PRCL"></g></l></v><v><l id="386575" t="это"><g v="NPRO"></g><g v="neut"></g><g v="sing"></g><g v="nomn"></g></l></v><v><l id="386575" t="это"><g v="NPRO"></g><g v="neut"></g><g v="sing"></g><g v="accs"></g></l></v><v><l id="386581" t="этот"><g v="ADJF"></g><g v="Subx"></g><g v="Apro"></g><g v="Anph"></g><g v="neut"></g><g v="sing"></g><g v="nomn"></g></l></v><v><l id="386581" t="этот"><g v="ADJF"></g><g v="Subx"></g><g v="Apro"></g><g v="Anph"></g><g v="neut"></g><g v="sing"></g><g v="accs"></g></l></v></tfr></token><token id="660355" text="образно"><tfr rev_id="1492453" t="образно"><v><l id="198791" t="образно"><g v="ADVB"></g></l></v><v><l id="198796" t="образен"><g v="ADJS"></g><g v="Qual"></g><g v="neut"></g><g v="sing"></g></l></v></tfr></token><token id="660356" text="говоря"><tfr rev_id="1492454" t="говоря"><v><l id="72061" t="говоря"><g v="GRND"></g><g v="impf"></g><g v="tran"></g><g v="pres"></g></l></v></tfr></token><token id="660357" text=","><tfr rev_id="1492455" t=","><v><l id="0" t=","><g v="PNCT"></g></l></v></tfr></token><token id="660358" text="необразно"><tfr rev_id="1492456" t="необразно"><v><l id="184755" t="необразен"><g v="ADJS"></g><g v="neut"></g><g v="sing"></g></l></v></tfr></token><token id="660359" text="просто"><tfr rev_id="1492457" t="просто"><v><l id="285025" t="просто"><g v="ADVB"></g><g v="Prdx"></g></l></v><v><l id="285026" t="просто"><g v="PRCL"></g></l></v><v><l id="285050" t="прост"><g v="ADJS"></g><g v="Qual"></g><g v="neut"></g><g v="sing"></g></l></v></tfr></token><token id="660360" text="лень"><tfr rev_id="4469718" t="лень"><v><l id="148188" t="лень"><g v="NOUN"></g><g v="inan"></g><g v="femn"></g><g v="sing"></g><g v="nomn"></g></l></v><v><l id="148188" t="лень"><g v="NOUN"></g><g v="inan"></g><g v="femn"></g><g v="sing"></g><g v="accs"></g></l></v><v><l id="148189" t="лень"><g v="PRED"></g><g v="pres"></g></l></v></tfr></token><token id="660361" text="."><tfr rev_id="1492459" t="."><v><l id="0" t="."><g v="PNCT"></g></l></v></tfr></token></tokens></sentence></paragraph><paragraph id="11804"><sentence id="36916"><source>А ежели кому кажется, что я ханжа и зануда, то так оно и есть.</source><tokens><token id="660362" text="А"><tfr rev_id="1492460" t="А"><v><l id="51" t="а"><g v="CONJ"></g></l></v><v><l id="52" t="а"><g v="INTJ"></g></l></v><v><l id="53" t="а"><g v="PRCL"></g></l></v></tfr></token><token id="660363" text="ежели"><tfr rev_id="1492461" t="ежели"><v><l id="94462" t="ежели"><g v="CONJ"></g></l></v></tfr></token><token id="660364" text="кому"><tfr rev_id="3726341" t="кому"><v><l id="144216" t="кто"><g v="NPRO"></g><g v="masc"></g><g v="sing"></g><g v="datv"></g></l></v></tfr></token><token id="660365" text="кажется"><tfr rev_id="4229555" t="кажется"><v><l id="127940" t="кажусь"><g v="VERB"></g><g v="impf"></g><g v="intr"></g><g v="sing"></g><g v="3per"></g><g v="pres"></g><g v="indc"></g></l></v></tfr></token><token id="660366" text=","><tfr rev_id="1492464" t=","><v><l id="0" t=","><g v="PNCT"></g></l></v></tfr></token><token id="660367" text="что"><tfr rev_id="3197400" t="что"><v><l id="377004" t="что"><g v="CONJ"></g></l></v><v><l id="377005" t="что"><g v="NPRO"></g><g v="neut"></g><g v="sing"></g><g v="nomn"></g></l></v><v><l id="377005" t="что"><g v="NPRO"></g><g v="neut"></g><g v="sing"></g><g v="accs"></g></l></v><v><l id="377006" t="что"><g v="ADVB"></g><g v="Ques"></g></l></v><v><l id="388695" t="что"><g v="PRCL"></g></l></v></tfr></token><token id="660368" text="я"><tfr rev_id="1492466" t="я"><v><l id="387317" t="я"><g v="NPRO"></g><g v="1per"></g><g v="sing"></g><g v="nomn"></g></l></v></tfr></token><token id="660369" text="ханжа"><tfr rev_id="4527648" t="ханжа"><v><l id="369327" t="ханжа"><g v="NOUN"></g><g v="anim"></g><g v="ms-f"></g><g v="sing"></g><g v="nomn"></g></l></v></tfr></token><token id="660370" text="и"><tfr rev_id="3553077" t="и"><v><l id="116949" t="и"><g v="CONJ"></g></l></v></tfr></token><token id="660371" text="зануда"><tfr rev_id="4453112" t="зануда"><v><l id="106497" t="зануда"><g v="NOUN"></g><g v="anim"></g><g v="ms-f"></g><g v="sing"></g><g v="nomn"></g></l></v></tfr></token><token id="660372" text=","><tfr rev_id="1492470" t=","><v><l id="0" t=","><g v="PNCT"></g></l></v></tfr></token><token id="660373" text="то"><tfr rev_id="3777635" t="то"><v><l id="346835" t="то"><g v="CONJ"></g></l></v><v><l id="346836" t="то"><g v="PRCL"></g></l></v><v><l id="348430" t="тот"><g v="ADJF"></g><g v="Subx"></g><g v="Apro"></g><g v="Anph"></g><g v="neut"></g><g v="sing"></g><g v="nomn"></g></l></v><v><l id="348430" t="тот"><g v="ADJF"></g><g v="Subx"></g><g v="Apro"></g><g v="Anph"></g><g v="neut"></g><g v="sing"></g><g v="accs"></g></l></v></tfr></token><token id="660374" text="так"><tfr rev_id="1492472" t="так"><v><l id="342451" t="так"><g v="CONJ"></g></l></v><v><l id="342452" t="так"><g v="PRCL"></g></l></v><v><l id="342453" t="так"><g v="ADVB"></g><g v="Dmns"></g></l></v></tfr></token><token id="660375" text="оно"><tfr rev_id="3590785" t="оно"><v><l id="206649" t="оно"><g v="NPRO"></g><g v="neut"></g><g v="3per"></g><g v="Anph"></g><g v="sing"></g><g v="nomn"></g></l></v></tfr></token><token id="660376" text="и"><tfr rev_id="1492474" t="и"><v><l id="116949" t="и"><g v="CONJ"></g></l></v><v><l id="116950" t="и"><g v="INTJ"></g></l></v></tfr></token><token id="660377" text="есть"><tfr rev_id="4393407" t="есть"><v><l id="37265" t="есть"><g v="VERB"></g><g v="impf"></g><g v="intr"></g><g v="sing"></g><g v="3per"></g><g v="pres"></g><g v="indc"></g></l></v><v><l id="37265" t="есть"><g v="VERB"></g><g v="impf"></g><g v="intr"></g><g v="plur"></g><g v="3per"></g><g v="pres"></g><g v="indc"></g></l></v></tfr></token><token id="660378" text="."><tfr rev_id="1492476" t="."><v><l id="0" t="."><g v="PNCT"></g></l></v></tfr></token></tokens></sentence><sentence id="36917"><source>Зато у меня самые красивые студентки и лучше всех танцуют.</source><tokens><token id="660379" text="Зато"><tfr rev_id="1492477" t="Зато"><v><l id="111564" t="зато"><g v="CONJ"></g></l></v></tfr></token><token id="660380" text="у"><tfr rev_id="3327603" t="у"><v><l id="352818" t="у"><g v="PREP"></g></l></v></tfr></token><token id="660381" text="меня"><tfr rev_id="3472244" t="меня"><v><l id="387317" t="я"><g v="NPRO"></g><g v="1per"></g><g v="sing"></g><g v="gent"></g></l></v></tfr></token><token id="660382" text="самые"><tfr rev_id="3756848" t="самые"><v><l id="313174" t="самый"><g v="ADJF"></g><g v="Apro"></g><g v="plur"></g><g v="nomn"></g></l></v></tfr></token><token id="660383" text="красивые"><tfr rev_id="3793618" t="красивые"><v><l id="141641" t="красивый"><g v="ADJF"></g><g v="Qual"></g><g v="plur"></g><g v="nomn"></g></l></v></tfr></token><token id="660384" text="студентки"><tfr rev_id="3482663" t="студентки"><v><l id="338212" t="студентка"><g v="NOUN"></g><g v="anim"></g><g v="femn"></g><g v="plur"></g><g v="nomn"></g></l></v></tfr></token><token id="660385" text="и"><tfr rev_id="1492483" t="и"><v><l id="116949" t="и"><g v="CONJ"></g></l></v><v><l id="116950" t="и"><g v="INTJ"></g></l></v></tfr></token><token id="660386" text="лучше"><tfr rev_id="1492484" t="лучше"><v><l id="151661" t="лучше"><g v="PRCL"></g></l></v><v><l id="371670" t="лучше"><g v="COMP"></g><g v="Qual"></g></l></v></tfr></token><token id="660387" text="всех"><tfr rev_id="4572305" t="всех"><v><l id="42156" t="весь"><g v="ADJF"></g><g v="Subx"></g><g v="Apro"></g><g v="plur"></g><g v="gent"></g></l></v></tfr></token><token id="660388" text="танцуют"><tfr rev_id="1492486" t="танцуют"><v><l id="343008" t="танцую"><g v="VERB"></g><g v="impf"></g><g v="tran"></g><g v="plur"></g><g v="3per"></g><g v="pres"></g><g v="indc"></g></l></v></tfr></token><token id="660389" text="."><tfr rev_id="1492487" t="."><v><l id="0" t="."><g v="PNCT"></g></l></v></tfr></token></tokens></sentence></paragraph><paragraph id="11805"><sentence id="36918"><source>Про научную программу написано здесь.</source><tokens><token id="660390" text="Про"><tfr rev_id="1492488" t="Про"><v><l id="277024" t="про"><g v="PREP"></g></l></v></tfr></token><token id="660391" text="научную"><tfr rev_id="1492489" t="научную"><v><l id="177544" t="научный"><g v="ADJF"></g><g v="Qual"></g><g v="femn"></g><g v="sing"></g><g v="accs"></g></l></v></tfr></token><token id="660392" text="программу"><tfr rev_id="1492490" t="программу"><v><l id="278686" t="программа"><g v="NOUN"></g><g v="inan"></g><g v="femn"></g><g v="sing"></g><g v="accs"></g></l></v></tfr></token><token id="660393" text="написано"><tfr rev_id="1492491" t="написано"><v><l id="173438" t="написан"><g v="PRTS"></g><g v="perf"></g><g v="past"></g><g v="pssv"></g><g v="neut"></g><g v="sing"></g></l></v></tfr></token><token id="660394" text="здесь"><tfr rev_id="1492492" t="здесь"><v><l id="114703" t="здесь"><g v="ADVB"></g><g v="Prdx"></g></l></v></tfr></token><token id="660395" text="."><tfr rev_id="1492493" t="."><v><l id="0" t="."><g v="PNCT"></g></l></v></tfr></token></tokens></sentence><sentence id="36919"><source>Там же вскоре появятся слайды и видеозаписи лекций.</source><tokens><token id="660396" text="Там"><tfr rev_id="1492494" t="Там"><v><l id="342752" t="там"><g v="PRCL"></g></l></v><v><l id="342753" t="там"><g v="ADVB"></g><g v="Dmns"></g></l></v></tfr></token><token id="660397" text="же"><tfr rev_id="1492495" t="же"><v><l id="96208" t="же"><g v="CONJ"></g></l></v><v><l id="96209" t="же"><g v="PRCL"></g></l></v></tfr></token><token id="660398" text="вскоре"><tfr rev_id="1492496" t="вскоре"><v><l id="53849" t="вскоре"><g v="ADVB"></g></l></v></tfr></token><token id="660399" text="появятся"><tfr rev_id="1492497" t="появятся"><v><l id="265507" t="появился"><g v="VERB"></g><g v="perf"></g><g v="intr"></g><g v="plur"></g><g v="3per"></g><g v="futr"></g><g v="indc"></g></l></v></tfr></token><token id="660400" text="слайды"><tfr rev_id="3716264" t="слайды"><v><l id="324637" t="слайд"><g v="NOUN"></g><g v="inan"></g><g v="masc"></g><g v="plur"></g><g v="nomn"></g></l></v></tfr></token><token id="660401" text="и"><tfr rev_id="1492499" t="и"><v><l id="116949" t="и"><g v="CONJ"></g></l></v><v><l id="116950" t="и"><g v="INTJ"></g></l></v></tfr></token><token id="660402" text="видеозаписи"><tfr rev_id="3805591" t="видеозаписи"><v><l id="44484" t="видеозапись"><g v="NOUN"></g><g v="inan"></g><g v="femn"></g><g v="plur"></g><g v="nomn"></g></l></v></tfr></token><token id="660403" text="лекций"><tfr rev_id="1492501" t="лекций"><v><l id="147944" t="лекция"><g v="NOUN"></g><g v="inan"></g><g v="femn"></g><g v="plur"></g><g v="gent"></g></l></v></tfr></token><token id="660404" text="."><tfr rev_id="1492502" t="."><v><l id="0" t="."><g v="PNCT"></g></l></v></tfr></token></tokens></sentence><sentence id="36920"><source>Я была на всех трех Руссирах, и программа этого, мне кажется, была самой сильной.</source><tokens><token id="660405" text="Я"><tfr rev_id="1492503" t="Я"><v><l id="387317" t="я"><g v="NPRO"></g><g v="1per"></g><g v="sing"></g><g v="nomn"></g></l></v></tfr></token><token id="660406" text="была"><tfr rev_id="1492504" t="была"><v><l id="37265" t="есть"><g v="VERB"></g><g v="impf"></g><g v="intr"></g><g v="femn"></g><g v="sing"></g><g v="past"></g><g v="indc"></g></l></v></tfr></token><token id="660407" text="на"><tfr rev_id="3335093" t="на"><v><l id="166264" t="на"><g v="PREP"></g></l></v></tfr></token><token id="660408" text="всех"><tfr rev_id="4135856" t="всех"><v><l id="42156" t="весь"><g v="ADJF"></g><g v="Subx"></g><g v="Apro"></g><g v="plur"></g><g v="loct"></g></l></v></tfr></token><token id="660409" text="трех"><tfr rev_id="2838447" t="трех"><v><l id="349973" t="три"><g v="NUMR"></g><g v="loct"></g></l></v></tfr></token><token id="660410" text="Руссирах"><tfr rev_id="1492508" t="Руссирах"><v><l id="0" t="руссирах"><g v="UNKN"></g></l></v></tfr></token><token id="660411" text=","><tfr rev_id="1492509" t=","><v><l id="0" t=","><g v="PNCT"></g></l></v></tfr></token><token id="660412" text="и"><tfr rev_id="1492510" t="и"><v><l id="116949" t="и"><g v="CONJ"></g></l></v><v><l id="116950" t="и"><g v="INTJ"></g></l></v></tfr></token><token id="660413" text="программа"><tfr rev_id="1492511" t="программа"><v><l id="278686" t="программа"><g v="NOUN"></g><g v="inan"></g><g v="femn"></g><g v="sing"></g><g v="nomn"></g></l></v></tfr></token><token id="660414" text="этого"><tfr rev_id="4433373" t="этого"><v><l id="386581" t="этот"><g v="ADJF"></g><g v="Subx"></g><g v="Apro"></g><g v="Anph"></g><g v="masc"></g><g v="sing"></g><g v="gent"></g></l></v><v><l id="386581" t="этот"><g v="ADJF"></g><g v="Subx"></g><g v="Apro"></g><g v="Anph"></g><g v="anim"></g><g v="masc"></g><g v="sing"></g><g v="accs"></g></l></v></tfr></token><token id="660415" text=","><tfr rev_id="1492513" t=","><v><l id="0" t=","><g v="PNCT"></g></l></v></tfr></token><token id="660416" text="мне"><tfr rev_id="4208761" t="мне"><v><l id="387317" t="я"><g v="NPRO"></g><g v="1per"></g><g v="sing"></g><g v="datv"></g></l></v></tfr></token><token id="660417" text="кажется"><tfr rev_id="4212307" t="кажется"><v><l id="127940" t="кажусь"><g v="VERB"></g><g v="impf"></g><g v="intr"></g><g v="sing"></g><g v="3per"></g><g v="pres"></g><g v="indc"></g></l></v></tfr></token><token id="660418" text=","><tfr rev_id="1492516" t=","><v><l id="0" t=","><g v="PNCT"></g></l></v></tfr></token><token id="660419" text="была"><tfr rev_id="1492517" t="была"><v><l id="37265" t="есть"><g v="VERB"></g><g v="impf"></g><g v="intr"></g><g v="femn"></g><g v="sing"></g><g v="past"></g><g v="indc"></g></l></v></tfr></token><token id="660420" text="самой"><tfr rev_id="3711173" t="самой"><v><l id="312034" t="сам"><g v="ADJF"></g><g v="Apro"></g><g v="femn"></g><g v="sing"></g><g v="ablt"></g></l></v><v><l id="313174" t="самый"><g v="ADJF"></g><g v="Apro"></g><g v="femn"></g><g v="sing"></g><g v="ablt"></g></l></v></tfr></token><token id="660421" text="сильной"><tfr rev_id="3946685" t="сильной"><v><l id="320610" t="сильный"><g v="ADJF"></g><g v="Qual"></g><g v="femn"></g><g v="sing"></g><g v="ablt"></g></l></v></tfr></token><token id="660422" text="."><tfr rev_id="1492520" t="."><v><l id="0" t="."><g v="PNCT"></g></l></v></tfr></token></tokens></sentence><sentence id="36921"><source>Практически не было провальных лекций (если не считать пары эксцессов) и уровень изложения в целом адекватный - не слишком поверхностный, но достаточно внятный.</source><tokens><token id="660423" text="Практически"><tfr rev_id="1492521" t="Практически"><v><l id="265904" t="практически"><g v="ADVB"></g></l></v></tfr></token><token id="660424" text="не"><tfr rev_id="1492522" t="не"><v><l id="178876" t="не"><g v="PRCL"></g></l></v></tfr></token><token id="660425" text="было"><tfr rev_id="3124268" t="было"><v><l id="37265" t="есть"><g v="VERB"></g><g v="impf"></g><g v="intr"></g><g v="neut"></g><g v="sing"></g><g v="past"></g><g v="indc"></g></l></v></tfr></token><token id="660426" text="провальных"><tfr rev_id="3646461" t="провальных"><v><l id="277652" t="провальный"><g v="ADJF"></g><g v="plur"></g><g v="gent"></g></l></v></tfr></token><token id="660427" text="лекций"><tfr rev_id="1492525" t="лекций"><v><l id="147944" t="лекция"><g v="NOUN"></g><g v="inan"></g><g v="femn"></g><g v="plur"></g><g v="gent"></g></l></v></tfr></token><token id="660428" text="("><tfr rev_id="1492526" t="("><v><l id="0" t="("><g v="PNCT"></g></l></v></tfr></token><token id="660429" text="если"><tfr rev_id="1492527" t="если"><v><l id="95365" t="если"><g v="CONJ"></g></l></v></tfr></token><token id="660430" text="не"><tfr rev_id="1492528" t="не"><v><l id="178876" t="не"><g v="PRCL"></g></l></v></tfr></token><token id="660431" text="считать"><tfr rev_id="1492529" t="считать"><v><l id="341321" t="считать"><g v="INFN"></g><g v="impf"></g><g v="tran"></g></l></v><v><l id="341330" t="считать"><g v="INFN"></g><g v="perf"></g><g v="tran"></g></l></v></tfr></token><token id="660432" text="пары"><tfr rev_id="4505404" t="пары"><v><l id="223626" t="пара"><g v="NOUN"></g><g v="inan"></g><g v="femn"></g><g v="sing"></g><g v="gent"></g></l></v></tfr></token><token id="660433" text="эксцессов"><tfr rev_id="1492531" t="эксцессов"><v><l id="383913" t="эксцесс"><g v="NOUN"></g><g v="inan"></g><g v="masc"></g><g v="plur"></g><g v="gent"></g></l></v></tfr></token><token id="660434" text=")"><tfr rev_id="1492532" t=")"><v><l id="0" t=")"><g v="PNCT"></g></l></v></tfr></token><token id="660435" text="и"><tfr rev_id="1492533" t="и"><v><l id="116949" t="и"><g v="CONJ"></g></l></v><v><l id="116950" t="и"><g v="INTJ"></g></l></v></tfr></token><token id="660436" text="уровень"><tfr rev_id="3503412" t="уровень"><v><l id="359953" t="уровень"><g v="NOUN"></g><g v="inan"></g><g v="masc"></g><g v="sing"></g><g v="nomn"></g></l></v></tfr></token><token id="660437" text="изложения"><tfr rev_id="2636825" t="изложения"><v><l id="119197" t="изложение"><g v="NOUN"></g><g v="inan"></g><g v="neut"></g><g v="sing"></g><g v="gent"></g></l></v></tfr></token><token id="660438" text="в"><tfr rev_id="1492536" t="в"><v><l id="37409" t="в"><g v="PREP"></g></l></v></tfr></token><token id="660439" text="целом"><tfr rev_id="4234739" t="целом"><v><l id="373197" t="целое"><g v="NOUN"></g><g v="inan"></g><g v="neut"></g><g v="sing"></g><g v="loct"></g></l></v></tfr></token><token id="660440" text="адекватный"><tfr rev_id="1492538" t="адекватный"><v><l id="4703" t="адекватный"><g v="ADJF"></g><g v="Qual"></g><g v="masc"></g><g v="sing"></g><g v="nomn"></g></l></v><v><l id="4703" t="адекватный"><g v="ADJF"></g><g v="Qual"></g><g v="inan"></g><g v="masc"></g><g v="sing"></g><g v="accs"></g></l></v></tfr></token><token id="660441" text="-"><tfr rev_id="1492539" t="-"><v><l id="0" t="-"><g v="PNCT"></g></l></v></tfr></token><token id="660442" text="не"><tfr rev_id="1492540" t="не"><v><l id="178876" t="не"><g v="PRCL"></g></l></v></tfr></token><token id="660443" text="слишком"><tfr rev_id="1492541" t="слишком"><v><l id="325109" t="слишком"><g v="ADVB"></g></l></v></tfr></token><token id="660444" text="поверхностный"><tfr rev_id="1492542" t="поверхностный"><v><l id="242243" t="поверхностный"><g v="ADJF"></g><g v="Qual"></g><g v="masc"></g><g v="sing"></g><g v="nomn"></g></l></v><v><l id="242243" t="поверхностный"><g v="ADJF"></g><g v="Qual"></g><g v="inan"></g><g v="masc"></g><g v="sing"></g><g v="accs"></g></l></v></tfr></token><token id="660445" text=","><tfr rev_id="1492543" t=","><v><l id="0" t=","><g v="PNCT"></g></l></v></tfr></token><token id="660446" text="но"><tfr rev_id="1492544" t="но"><v><l id="191429" t="но"><g v="CONJ"></g></l></v><v><l id="191430" t="но"><g v="INTJ"></g></l></v></tfr></token><token id="660447" text="достаточно"><tfr rev_id="1492545" t="достаточно"><v><l id="90477" t="достаточно"><g v="ADVB"></g><g v="Prdx"></g></l></v><v><l id="90480" t="достаточен"><g v="ADJS"></g><g v="Qual"></g><g v="neut"></g><g v="sing"></g></l></v></tfr></token><token id="660448" text="внятный"><tfr rev_id="1492546" t="внятный"><v><l id="47916" t="внятный"><g v="ADJF"></g><g v="Qual"></g><g v="masc"></g><g v="sing"></g><g v="nomn"></g></l></v><v><l id="47916" t="внятный"><g v="ADJF"></g><g v="Qual"></g><g v="inan"></g><g v="masc"></g><g v="sing"></g><g v="accs"></g></l></v></tfr></token><token id="660449" text="."><tfr rev_id="1492547" t="."><v><l id="0" t="."><g v="PNCT"></g></l></v></tfr></token></tokens></sentence><sentence id="36922"><source>Вообще очень трудно на такую разномастную аудиторию готовить курсы - чтобы и моя второкурсница, и выпускники мехматов нашли для себя что-то интересное.</source><tokens><token id="660450" text="Вообще"><tfr rev_id="1492548" t="Вообще"><v><l id="50732" t="вообще"><g v="CONJ"></g><g v="Prnt"></g></l></v><v><l id="50733" t="вообще"><g v="ADVB"></g></l></v></tfr></token><token id="660451" text="очень"><tfr rev_id="1492549" t="очень"><v><l id="221681" t="очень"><g v="ADVB"></g></l></v></tfr></token><token id="660452" text="трудно"><tfr rev_id="1492550" t="трудно"><v><l id="350750" t="трудно"><g v="ADVB"></g><g v="Prdx"></g></l></v><v><l id="350854" t="труден"><g v="ADJS"></g><g v="Qual"></g><g v="neut"></g><g v="sing"></g></l></v></tfr></token><token id="660453" text="на"><tfr rev_id="3341975" t="на"><v><l id="166264" t="на"><g v="PREP"></g></l></v></tfr></token><token id="660454" text="такую"><tfr rev_id="1492552" t="такую"><v><l id="342491" t="такой"><g v="ADJF"></g><g v="Apro"></g><g v="femn"></g><g v="sing"></g><g v="accs"></g></l></v></tfr></token><token id="660455" text="разномастную"><tfr rev_id="1492553" t="разномастную"><v><l id="295799" t="разномастный"><g v="ADJF"></g><g v="femn"></g><g v="sing"></g><g v="accs"></g></l></v></tfr></token><token id="660456" text="аудиторию"><tfr rev_id="1492554" t="аудиторию"><v><l id="19864" t="аудитория"><g v="NOUN"></g><g v="inan"></g><g v="femn"></g><g v="sing"></g><g v="accs"></g></l></v></tfr></token><token id="660457" text="готовить"><tfr rev_id="1492555" t="готовить"><v><l id="74205" t="готовить"><g v="INFN"></g><g v="impf"></g><g v="tran"></g></l></v></tfr></token><token id="660458" text="курсы"><tfr rev_id="3727809" t="курсы"><v><l id="145471" t="курс"><g v="NOUN"></g><g v="inan"></g><g v="masc"></g><g v="plur"></g><g v="accs"></g></l></v></tfr></token><token id="660459" text="-"><tfr rev_id="1492557" t="-"><v><l id="0" t="-"><g v="PNCT"></g></l></v></tfr></token><token id="660460" text="чтобы"><tfr rev_id="1492558" t="чтобы"><v><l id="377013" t="чтобы"><g v="CONJ"></g></l></v><v><l id="377014" t="чтобы"><g v="PRCL"></g></l></v></tfr></token><token id="660461" text="и"><tfr rev_id="1492559" t="и"><v><l id="116949" t="и"><g v="CONJ"></g></l></v><v><l id="116950" t="и"><g v="INTJ"></g></l></v></tfr></token><token id="660462" text="моя"><tfr rev_id="2368699" t="моя"><v><l id="162570" t="мой"><g v="ADJF"></g><g v="Apro"></g><g v="femn"></g><g v="sing"></g><g v="nomn"></g></l></v></tfr></token><token id="660463" text="второкурсница"><tfr rev_id="1492561" t="второкурсница"><v><l id="55050" t="второкурсница"><g v="NOUN"></g><g v="anim"></g><g v="femn"></g><g v="sing"></g><g v="nomn"></g></l></v></tfr></token><token id="660464" text=","><tfr rev_id="1492562" t=","><v><l id="0" t=","><g v="PNCT"></g></l></v></tfr></token><token id="660465" text="и"><tfr rev_id="1492563" t="и"><v><l id="116949" t="и"><g v="CONJ"></g></l></v><v><l id="116950" t="и"><g v="INTJ"></g></l></v></tfr></token><token id="660466" text="выпускники"><tfr rev_id="1492564" t="выпускники"><v><l id="61010" t="выпускник"><g v="NOUN"></g><g v="anim"></g><g v="masc"></g><g v="plur"></g><g v="nomn"></g></l></v></tfr></token><token id="660467" text="мехматов"><tfr rev_id="1492565" t="мехматов"><v><l id="159419" t="мехмат"><g v="NOUN"></g><g v="inan"></g><g v="masc"></g><g v="plur"></g><g v="gent"></g></l></v></tfr></token><token id="660468" text="нашли"><tfr rev_id="1492566" t="нашли"><v><l id="170611" t="нашёл"><g v="VERB"></g><g v="perf"></g><g v="tran"></g><g v="plur"></g><g v="past"></g><g v="indc"></g></l></v><v><l id="175518" t="наслал"><g v="VERB"></g><g v="perf"></g><g v="tran"></g><g v="sing"></g><g v="impr"></g><g v="excl"></g></l></v></tfr></token><token id="660469" text="для"><tfr rev_id="3391635" t="для"><v><l id="85032" t="для"><g v="PREP"></g></l></v></tfr></token><token id="660470" text="себя"><tfr rev_id="3634987" t="себя"><v><l id="317456" t="себя"><g v="NPRO"></g><g v="Anph"></g><g v="sing"></g><g v="gent"></g></l></v></tfr></token><token id="660471" text="что-то"><tfr rev_id="4490305" t="что-то"><v><l id="377010" t="что-то"><g v="NPRO"></g><g v="neut"></g><g v="sing"></g><g v="nomn"></g></l></v><v><l id="377010" t="что-то"><g v="NPRO"></g><g v="neut"></g><g v="sing"></g><g v="accs"></g></l></v></tfr></token><token id="660472" text="интересное"><tfr rev_id="4408774" t="интересное"><v><l id="123172" t="интересный"><g v="ADJF"></g><g v="Qual"></g><g v="neut"></g><g v="sing"></g><g v="accs"></g></l></v></tfr></token><token id="660473" text="."><tfr rev_id="1492571" t="."><v><l id="0" t="."><g v="PNCT"></g></l></v></tfr></token></tokens></sentence><sentence id="36923"><source>Наши лекторы с этим справились блестяще, а у одного, к тому же, очаровательные ушки...</source><tokens><token id="660474" text="Наши"><tfr rev_id="4084861" t="Наши"><v><l id="178492" t="наш"><g v="ADJF"></g><g v="Apro"></g><g v="plur"></g><g v="nomn"></g></l></v></tfr></token><token id="660475" text="лекторы"><tfr rev_id="1492573" t="лекторы"><v><l id="147934" t="лектор"><g v="NOUN"></g><g v="anim"></g><g v="masc"></g><g v="plur"></g><g v="nomn"></g></l></v></tfr></token><token id="660476" text="с"><tfr rev_id="1492574" t="с"><v><l id="311151" t="с"><g v="PREP"></g></l></v></tfr></token><token id="660477" text="этим"><tfr rev_id="3497957" t="этим"><v><l id="386575" t="это"><g v="NPRO"></g><g v="neut"></g><g v="sing"></g><g v="ablt"></g></l></v></tfr></token><token id="660478" text="справились"><tfr rev_id="1492576" t="справились"><v><l id="332899" t="справился"><g v="VERB"></g><g v="perf"></g><g v="intr"></g><g v="plur"></g><g v="past"></g><g v="indc"></g></l></v></tfr></token><token id="660479" text="блестяще"><tfr rev_id="1492577" t="блестяще"><v><l id="30819" t="блестяще"><g v="ADVB"></g></l></v><v><l id="30821" t="блестящ"><g v="ADJS"></g><g v="Qual"></g><g v="neut"></g><g v="sing"></g></l></v></tfr></token><token id="660480" text=","><tfr rev_id="1492578" t=","><v><l id="0" t=","><g v="PNCT"></g></l></v></tfr></token><token id="660481" text="а"><tfr rev_id="1492579" t="а"><v><l id="51" t="а"><g v="CONJ"></g></l></v><v><l id="52" t="а"><g v="INTJ"></g></l></v><v><l id="53" t="а"><g v="PRCL"></g></l></v></tfr></token><token id="660482" text="у"><tfr rev_id="3327571" t="у"><v><l id="352818" t="у"><g v="PREP"></g></l></v></tfr></token><token id="660483" text="одного"><tfr rev_id="4300627" t="одного"><v><l id="203319" t="один"><g v="ADJF"></g><g v="Apro"></g><g v="Anum"></g><g v="masc"></g><g v="sing"></g><g v="gent"></g></l></v><v><l id="203319" t="один"><g v="ADJF"></g><g v="Apro"></g><g v="Anum"></g><g v="anim"></g><g v="masc"></g><g v="sing"></g><g v="accs"></g></l></v></tfr></token><token id="660484" text=","><tfr rev_id="1492582" t=","><v><l id="0" t=","><g v="PNCT"></g></l></v></tfr></token><token id="660485" text="к"><tfr rev_id="1492583" t="к"><v><l id="127460" t="к"><g v="PREP"></g></l></v></tfr></token><token id="660486" text="тому"><tfr rev_id="4317761" t="тому"><v><l id="348430" t="тот"><g v="ADJF"></g><g v="Subx"></g><g v="Apro"></g><g v="Anph"></g><g v="neut"></g><g v="sing"></g><g v="datv"></g></l></v></tfr></token><token id="660487" text="же"><tfr rev_id="1492585" t="же"><v><l id="96208" t="же"><g v="CONJ"></g></l></v><v><l id="96209" t="же"><g v="PRCL"></g></l></v></tfr></token><token id="660488" text=","><tfr rev_id="1492586" t=","><v><l id="0" t=","><g v="PNCT"></g></l></v></tfr></token><token id="660489" text="очаровательные"><tfr rev_id="3879999" t="очаровательные"><v><l id="221621" t="очаровательный"><g v="ADJF"></g><g v="Qual"></g><g v="plur"></g><g v="nomn"></g></l></v></tfr></token><token id="660490" text="ушки"><tfr rev_id="3749709" t="ушки"><v><l id="363541" t="ушко"><g v="NOUN"></g><g v="inan"></g><g v="neut"></g><g v="plur"></g><g v="nomn"></g></l></v></tfr></token><token id="660491" text="..."><tfr rev_id="1492589" t="..."><v><l id="0" t="..."><g v="PNCT"></g></l></v></tfr></token></tokens></sentence></paragraph><paragraph id="11806"><sentence id="36924"><source>P.S. Мой телефон впал в маразм и разучился отправлять смски.</source><tokens><token id="660492" text="P"><tfr rev_id="2475120" t="P"><v><l id="0" t="P"><g v="LATN"></g></l></v></tfr></token><token id="660493" text="."><tfr rev_id="1492591" t="."><v><l id="0" t="."><g v="PNCT"></g></l></v></tfr></token><token id="660494" text="S"><tfr rev_id="2475121" t="S"><v><l id="0" t="S"><g v="LATN"></g></l></v></tfr></token><token id="660495" text="."><tfr rev_id="1492593" t="."><v><l id="0" t="."><g v="PNCT"></g></l></v></tfr></token><token id="660496" text="Мой"><tfr rev_id="4176122" t="Мой"><v><l id="162570" t="мой"><g v="ADJF"></g><g v="Apro"></g><g v="masc"></g><g v="sing"></g><g v="nomn"></g></l></v><v><l id="162570" t="мой"><g v="ADJF"></g><g v="Apro"></g><g v="inan"></g><g v="masc"></g><g v="sing"></g><g v="accs"></g></l></v></tfr></token><token id="660497" text="телефон"><tfr rev_id="3506413" t="телефон"><v><l id="344325" t="телефон"><g v="NOUN"></g><g v="inan"></g><g v="masc"></g><g v="sing"></g><g v="nomn"></g></l></v></tfr></token><token id="660498" text="впал"><tfr rev_id="4495719" t="впал"><v><l id="52318" t="впал"><g v="VERB"></g><g v="perf"></g><g v="intr"></g><g v="masc"></g><g v="sing"></g><g v="past"></g><g v="indc"></g></l></v></tfr></token><token id="660499" text="в"><tfr rev_id="1492597" t="в"><v><l id="37409" t="в"><g v="PREP"></g></l></v></tfr></token><token id="660500" text="маразм"><tfr rev_id="1492598" t="маразм"><v><l id="154964" t="маразм"><g v="NOUN"></g><g v="inan"></g><g v="masc"></g><g v="sing"></g><g v="nomn"></g></l></v><v><l id="154964" t="маразм"><g v="NOUN"></g><g v="inan"></g><g v="masc"></g><g v="sing"></g><g v="accs"></g></l></v></tfr></token><token id="660501" text="и"><tfr rev_id="1492599" t="и"><v><l id="116949" t="и"><g v="CONJ"></g></l></v><v><l id="116950" t="и"><g v="INTJ"></g></l></v></tfr></token><token id="660502" text="разучился"><tfr rev_id="1492600" t="разучился"><v><l id="297225" t="разучился"><g v="VERB"></g><g v="perf"></g><g v="intr"></g><g v="masc"></g><g v="sing"></g><g v="past"></g><g v="indc"></g></l></v></tfr></token><token id="660503" text="отправлять"><tfr rev_id="1492601" t="отправлять"><v><l id="216951" t="отправлять"><g v="INFN"></g><g v="impf"></g><g v="tran"></g></l></v></tfr></token><token id="660504" text="смски"><tfr rev_id="3794573" t="смски"><v><l id="326845" t="смска"><g v="NOUN"></g><g v="inan"></g><g v="femn"></g><g v="plur"></g><g v="accs"></g></l></v></tfr></token><token id="660505" text="."><tfr rev_id="1492603" t="."><v><l id="0" t="."><g v="PNCT"></g></l></v></tfr></token></tokens></sentence><sentence id="36925"><source>Но получать пока может, я всех вас читаю и фыркаю в усы.</source><tokens><token id="660506" text="Но"><tfr rev_id="1492604" t="Но"><v><l id="191429" t="но"><g v="CONJ"></g></l></v><v><l id="191430" t="но"><g v="INTJ"></g></l></v></tfr></token><token id="660507" text="получать"><tfr rev_id="1492605" t="получать"><v><l id="256944" t="получать"><g v="INFN"></g><g v="impf"></g><g v="tran"></g></l></v></tfr></token><token id="660508" text="пока"><tfr rev_id="4210944" t="пока"><v><l id="253968" t="пока"><g v="ADVB"></g></l></v></tfr></token><token id="660509" text="может"><tfr rev_id="4229707" t="может"><v><l id="164485" t="могу"><g v="VERB"></g><g v="impf"></g><g v="intr"></g><g v="sing"></g><g v="3per"></g><g v="pres"></g><g v="indc"></g></l></v></tfr></token><token id="660510" text=","><tfr rev_id="1492608" t=","><v><l id="0" t=","><g v="PNCT"></g></l></v></tfr></token><token id="660511" text="я"><tfr rev_id="1492609" t="я"><v><l id="387317" t="я"><g v="NPRO"></g><g v="1per"></g><g v="sing"></g><g v="nomn"></g></l></v></tfr></token><token id="660512" text="всех"><tfr rev_id="4420462" t="всех"><v><l id="42156" t="весь"><g v="ADJF"></g><g v="Subx"></g><g v="Apro"></g><g v="anim"></g><g v="plur"></g><g v="accs"></g></l></v></tfr></token><token id="660513" text="вас"><tfr rev_id="4199169" t="вас"><v><l id="55560" t="вы"><g v="NPRO"></g><g v="2per"></g><g v="plur"></g><g v="accs"></g></l></v></tfr></token><token id="660514" text="читаю"><tfr rev_id="1492612" t="читаю"><v><l id="376719" t="читаю"><g v="VERB"></g><g v="impf"></g><g v="tran"></g><g v="sing"></g><g v="1per"></g><g v="pres"></g><g v="indc"></g></l></v></tfr></token><token id="660515" text="и"><tfr rev_id="1492613" t="и"><v><l id="116949" t="и"><g v="CONJ"></g></l></v><v><l id="116950" t="и"><g v="INTJ"></g></l></v></tfr></token><token id="660516" text="фыркаю"><tfr rev_id="1492614" t="фыркаю"><v><l id="368844" t="фыркаю"><g v="VERB"></g><g v="impf"></g><g v="intr"></g><g v="sing"></g><g v="1per"></g><g v="pres"></g><g v="indc"></g></l></v></tfr></token><token id="660517" text="в"><tfr rev_id="1492615" t="в"><v><l id="37409" t="в"><g v="PREP"></g></l></v></tfr></token><token id="660518" text="усы"><tfr rev_id="3805375" t="усы"><v><l id="360146" t="ус"><g v="NOUN"></g><g v="inan"></g><g v="masc"></g><g v="plur"></g><g v="accs"></g></l></v></tfr></token><token id="660519" text="."><tfr rev_id="1492617" t="."><v><l id="0" t="."><g v="PNCT"></g></l></v></tfr></token></tokens></sentence></paragraph></paragraphs></text>