<?xml version="1.0" encoding="utf-8"?><text id="1286" parent="602" name="0120411 утро овощей"><tags><tag>url:http://l-i-d-y-a.livejournal.com/120411.html</tag><tag>Год:2010</tag><tag>Дата:02/03</tag><tag>Время:14:29</tag><tag>ЖЖ:Метка:внутр и внеш</tag></tags><paragraphs><paragraph id="11807"><sentence id="36926"><source>утро овощей</source><tokens><token id="660520" text="утро"><tfr rev_id="1492618" t="утро"><v><l id="362468" t="утро"><g v="NOUN"></g><g v="inan"></g><g v="neut"></g><g v="sing"></g><g v="nomn"></g></l></v><v><l id="362468" t="утро"><g v="NOUN"></g><g v="inan"></g><g v="neut"></g><g v="sing"></g><g v="accs"></g></l></v></tfr></token><token id="660521" text="овощей"><tfr rev_id="1492619" t="овощей"><v><l id="202267" t="овощ"><g v="NOUN"></g><g v="inan"></g><g v="masc"></g><g v="plur"></g><g v="gent"></g></l></v></tfr></token></tokens></sentence></paragraph><paragraph id="11820"><sentence id="36927"><source>От сырости кепка сама собой прижимается к плечам, шея упраздняется, я ничего не вижу, кроме снега, воды и мокрого снега.</source><tokens><token id="660522" text="От"><tfr rev_id="1492620" t="От"><v><l id="211644" t="от"><g v="PREP"></g></l></v></tfr></token><token id="660523" text="сырости"><tfr rev_id="4025795" t="сырости"><v><l id="341756" t="сырость"><g v="NOUN"></g><g v="inan"></g><g v="femn"></g><g v="sing"></g><g v="gent"></g></l></v></tfr></token><token id="660524" text="кепка"><tfr rev_id="1492622" t="кепка"><v><l id="132463" t="кепка"><g v="NOUN"></g><g v="inan"></g><g v="femn"></g><g v="sing"></g><g v="nomn"></g></l></v></tfr></token><token id="660525" text="сама"><tfr rev_id="1492623" t="сама"><v><l id="312034" t="сам"><g v="ADJF"></g><g v="Apro"></g><g v="femn"></g><g v="sing"></g><g v="nomn"></g></l></v></tfr></token><token id="660526" text="собой"><tfr rev_id="3636396" t="собой"><v><l id="317456" t="себя"><g v="NPRO"></g><g v="Anph"></g><g v="sing"></g><g v="ablt"></g></l></v></tfr></token><token id="660527" text="прижимается"><tfr rev_id="1492625" t="прижимается"><v><l id="270482" t="прижимаюсь"><g v="VERB"></g><g v="impf"></g><g v="intr"></g><g v="sing"></g><g v="3per"></g><g v="pres"></g><g v="indc"></g></l></v></tfr></token><token id="660528" text="к"><tfr rev_id="1492626" t="к"><v><l id="127460" t="к"><g v="PREP"></g></l></v></tfr></token><token id="660529" text="плечам"><tfr rev_id="4473534" t="плечам"><v><l id="240427" t="плечо"><g v="NOUN"></g><g v="inan"></g><g v="neut"></g><g v="plur"></g><g v="datv"></g></l></v></tfr></token><token id="660530" text=","><tfr rev_id="1492628" t=","><v><l id="0" t=","><g v="PNCT"></g></l></v></tfr></token><token id="660531" text="шея"><tfr rev_id="1492629" t="шея"><v><l id="379441" t="шея"><g v="NOUN"></g><g v="inan"></g><g v="femn"></g><g v="sing"></g><g v="nomn"></g></l></v></tfr></token><token id="660532" text="упраздняется"><tfr rev_id="1492630" t="упраздняется"><v><l id="359267" t="упраздняюсь"><g v="VERB"></g><g v="impf"></g><g v="intr"></g><g v="sing"></g><g v="3per"></g><g v="pres"></g><g v="indc"></g></l></v></tfr></token><token id="660533" text=","><tfr rev_id="1492631" t=","><v><l id="0" t=","><g v="PNCT"></g></l></v></tfr></token><token id="660534" text="я"><tfr rev_id="1492632" t="я"><v><l id="387317" t="я"><g v="NPRO"></g><g v="1per"></g><g v="sing"></g><g v="nomn"></g></l></v></tfr></token><token id="660535" text="ничего"><tfr rev_id="4465665" t="ничего"><v><l id="191376" t="ничего"><g v="ADVB"></g></l></v><v><l id="191377" t="ничего"><g v="PRCL"></g></l></v><v><l id="191386" t="ничто"><g v="NPRO"></g><g v="neut"></g><g v="sing"></g><g v="gent"></g></l></v><v><l id="390659" t="ничего"><g v="NPRO"></g><g v="neut"></g><g v="sing"></g><g v="nomn"></g></l></v></tfr></token><token id="660536" text="не"><tfr rev_id="1492634" t="не"><v><l id="178876" t="не"><g v="PRCL"></g></l></v></tfr></token><token id="660537" text="вижу"><tfr rev_id="1492635" t="вижу"><v><l id="44564" t="вижу"><g v="VERB"></g><g v="impf"></g><g v="tran"></g><g v="sing"></g><g v="1per"></g><g v="pres"></g><g v="indc"></g></l></v></tfr></token><token id="660538" text=","><tfr rev_id="1492636" t=","><v><l id="0" t=","><g v="PNCT"></g></l></v></tfr></token><token id="660539" text="кроме"><tfr rev_id="1492637" t="кроме"><v><l id="143259" t="кроме"><g v="PREP"></g></l></v></tfr></token><token id="660540" text="снега"><tfr rev_id="3482714" t="снега"><v><l id="327215" t="снег"><g v="NOUN"></g><g v="inan"></g><g v="masc"></g><g v="sing"></g><g v="gen1"></g></l></v></tfr></token><token id="660541" text=","><tfr rev_id="1492639" t=","><v><l id="0" t=","><g v="PNCT"></g></l></v></tfr></token><token id="660542" text="воды"><tfr rev_id="3495972" t="воды"><v><l id="48014" t="вода"><g v="NOUN"></g><g v="inan"></g><g v="femn"></g><g v="sing"></g><g v="gent"></g></l></v></tfr></token><token id="660543" text="и"><tfr rev_id="3409128" t="и"><v><l id="116949" t="и"><g v="CONJ"></g></l></v></tfr></token><token id="660544" text="мокрого"><tfr rev_id="4205974" t="мокрого"><v><l id="162641" t="мокрый"><g v="ADJF"></g><g v="Qual"></g><g v="masc"></g><g v="sing"></g><g v="gent"></g></l></v><v><l id="162641" t="мокрый"><g v="ADJF"></g><g v="Qual"></g><g v="anim"></g><g v="masc"></g><g v="sing"></g><g v="accs"></g></l></v></tfr></token><token id="660545" text="снега"><tfr rev_id="3436952" t="снега"><v><l id="327215" t="снег"><g v="NOUN"></g><g v="inan"></g><g v="masc"></g><g v="sing"></g><g v="gen1"></g></l></v></tfr></token><token id="660546" text="."><tfr rev_id="1492644" t="."><v><l id="0" t="."><g v="PNCT"></g></l></v></tfr></token></tokens></sentence><sentence id="36928"><source>К тому же я не выспалась и на заседание кафедры плетусь с тем же энтузиазмом, который у меня обычно вызывает поход к зубному врачу.</source><tokens><token id="660547" text="К"><tfr rev_id="1492645" t="К"><v><l id="127460" t="к"><g v="PREP"></g></l></v></tfr></token><token id="660548" text="тому"><tfr rev_id="4385043" t="тому"><v><l id="348430" t="тот"><g v="ADJF"></g><g v="Subx"></g><g v="Apro"></g><g v="Anph"></g><g v="neut"></g><g v="sing"></g><g v="datv"></g></l></v></tfr></token><token id="660549" text="же"><tfr rev_id="1492647" t="же"><v><l id="96208" t="же"><g v="CONJ"></g></l></v><v><l id="96209" t="же"><g v="PRCL"></g></l></v></tfr></token><token id="660550" text="я"><tfr rev_id="1492648" t="я"><v><l id="387317" t="я"><g v="NPRO"></g><g v="1per"></g><g v="sing"></g><g v="nomn"></g></l></v></tfr></token><token id="660551" text="не"><tfr rev_id="1492649" t="не"><v><l id="178876" t="не"><g v="PRCL"></g></l></v></tfr></token><token id="660552" text="выспалась"><tfr rev_id="1492650" t="выспалась"><v><l id="62543" t="выспался"><g v="VERB"></g><g v="perf"></g><g v="intr"></g><g v="femn"></g><g v="sing"></g><g v="past"></g><g v="indc"></g></l></v></tfr></token><token id="660553" text="и"><tfr rev_id="1492651" t="и"><v><l id="116949" t="и"><g v="CONJ"></g></l></v><v><l id="116950" t="и"><g v="INTJ"></g></l></v></tfr></token><token id="660554" text="на"><tfr rev_id="3340359" t="на"><v><l id="166264" t="на"><g v="PREP"></g></l></v></tfr></token><token id="660555" text="заседание"><tfr rev_id="4348380" t="заседание"><v><l id="109402" t="заседание"><g v="NOUN"></g><g v="inan"></g><g v="neut"></g><g v="sing"></g><g v="accs"></g></l></v></tfr></token><token id="660556" text="кафедры"><tfr rev_id="2695621" t="кафедры"><v><l id="131537" t="кафедра"><g v="NOUN"></g><g v="inan"></g><g v="femn"></g><g v="sing"></g><g v="gent"></g></l></v></tfr></token><token id="660557" text="плетусь"><tfr rev_id="1492655" t="плетусь"><v><l id="240374" t="плетусь"><g v="VERB"></g><g v="impf"></g><g v="intr"></g><g v="sing"></g><g v="1per"></g><g v="pres"></g><g v="indc"></g></l></v></tfr></token><token id="660558" text="с"><tfr rev_id="1492656" t="с"><v><l id="311151" t="с"><g v="PREP"></g></l></v></tfr></token><token id="660559" text="тем"><tfr rev_id="4538747" t="тем"><v><l id="348430" t="тот"><g v="ADJF"></g><g v="Subx"></g><g v="Apro"></g><g v="Anph"></g><g v="masc"></g><g v="sing"></g><g v="ablt"></g></l></v><v><l id="348430" t="тот"><g v="ADJF"></g><g v="Subx"></g><g v="Apro"></g><g v="Anph"></g><g v="neut"></g><g v="sing"></g><g v="ablt"></g></l></v></tfr></token><token id="660560" text="же"><tfr rev_id="1492658" t="же"><v><l id="96208" t="же"><g v="CONJ"></g></l></v><v><l id="96209" t="же"><g v="PRCL"></g></l></v></tfr></token><token id="660561" text="энтузиазмом"><tfr rev_id="1492659" t="энтузиазмом"><v><l id="385700" t="энтузиазм"><g v="NOUN"></g><g v="inan"></g><g v="masc"></g><g v="sing"></g><g v="ablt"></g></l></v></tfr></token><token id="660562" text=","><tfr rev_id="1492660" t=","><v><l id="0" t=","><g v="PNCT"></g></l></v></tfr></token><token id="660563" text="который"><tfr rev_id="3637460" t="который"><v><l id="141203" t="который"><g v="ADJF"></g><g v="Apro"></g><g v="Subx"></g><g v="Anph"></g><g v="masc"></g><g v="sing"></g><g v="nomn"></g></l></v><v><l id="141203" t="который"><g v="ADJF"></g><g v="Apro"></g><g v="Subx"></g><g v="Anph"></g><g v="inan"></g><g v="masc"></g><g v="sing"></g><g v="accs"></g></l></v></tfr></token><token id="660564" text="у"><tfr rev_id="3332615" t="у"><v><l id="352818" t="у"><g v="PREP"></g></l></v></tfr></token><token id="660565" text="меня"><tfr rev_id="3460684" t="меня"><v><l id="387317" t="я"><g v="NPRO"></g><g v="1per"></g><g v="sing"></g><g v="gent"></g></l></v></tfr></token><token id="660566" text="обычно"><tfr rev_id="1492664" t="обычно"><v><l id="202047" t="обычно"><g v="ADVB"></g></l></v><v><l id="202051" t="обычен"><g v="ADJS"></g><g v="Qual"></g><g v="neut"></g><g v="sing"></g></l></v></tfr></token><token id="660567" text="вызывает"><tfr rev_id="1492665" t="вызывает"><v><l id="57671" t="вызываю"><g v="VERB"></g><g v="impf"></g><g v="tran"></g><g v="sing"></g><g v="3per"></g><g v="pres"></g><g v="indc"></g></l></v></tfr></token><token id="660568" text="поход"><tfr rev_id="4093274" t="поход"><v><l id="264370" t="поход"><g v="NOUN"></g><g v="inan"></g><g v="masc"></g><g v="sing"></g><g v="nomn"></g></l></v></tfr></token><token id="660569" text="к"><tfr rev_id="1492667" t="к"><v><l id="127460" t="к"><g v="PREP"></g></l></v></tfr></token><token id="660570" text="зубному"><tfr rev_id="4306858" t="зубному"><v><l id="116632" t="зубной"><g v="ADJF"></g><g v="masc"></g><g v="sing"></g><g v="datv"></g></l></v></tfr></token><token id="660571" text="врачу"><tfr rev_id="1492669" t="врачу"><v><l id="53020" t="врач"><g v="NOUN"></g><g v="anim"></g><g v="masc"></g><g v="sing"></g><g v="datv"></g></l></v></tfr></token><token id="660572" text="."><tfr rev_id="1492670" t="."><v><l id="0" t="."><g v="PNCT"></g></l></v></tfr></token></tokens></sentence><sentence id="36929"><source>По давней привычке, которая всегда вызывала ужас у моей мамы, разговариваю сама с собой.</source><tokens><token id="660573" text="По"><tfr rev_id="1492671" t="По"><v><l id="241240" t="по"><g v="PREP"></g></l></v></tfr></token><token id="660574" text="давней"><tfr rev_id="1492672" t="давней"><v><l id="77701" t="давний"><g v="ADJF"></g><g v="Qual"></g><g v="femn"></g><g v="sing"></g><g v="gent"></g></l></v><v><l id="77701" t="давний"><g v="ADJF"></g><g v="Qual"></g><g v="femn"></g><g v="sing"></g><g v="datv"></g></l></v><v><l id="77701" t="давний"><g v="ADJF"></g><g v="Qual"></g><g v="femn"></g><g v="sing"></g><g v="ablt"></g></l></v><v><l id="77701" t="давний"><g v="ADJF"></g><g v="Qual"></g><g v="femn"></g><g v="sing"></g><g v="loct"></g></l></v><v><l id="77704" t="давнее"><g v="COMP"></g><g v="Qual"></g><g v="V-ej"></g></l></v></tfr></token><token id="660575" text="привычке"><tfr rev_id="3472007" t="привычке"><v><l id="269597" t="привычка"><g v="NOUN"></g><g v="inan"></g><g v="femn"></g><g v="sing"></g><g v="datv"></g></l></v></tfr></token><token id="660576" text=","><tfr rev_id="1492674" t=","><v><l id="0" t=","><g v="PNCT"></g></l></v></tfr></token><token id="660577" text="которая"><tfr rev_id="3639838" t="которая"><v><l id="141203" t="который"><g v="ADJF"></g><g v="Apro"></g><g v="Subx"></g><g v="Anph"></g><g v="femn"></g><g v="sing"></g><g v="nomn"></g></l></v></tfr></token><token id="660578" text="всегда"><tfr rev_id="1492676" t="всегда"><v><l id="53369" t="всегда"><g v="ADVB"></g></l></v></tfr></token><token id="660579" text="вызывала"><tfr rev_id="1492677" t="вызывала"><v><l id="57671" t="вызываю"><g v="VERB"></g><g v="impf"></g><g v="tran"></g><g v="femn"></g><g v="sing"></g><g v="past"></g><g v="indc"></g></l></v></tfr></token><token id="660580" text="ужас"><tfr rev_id="3679069" t="ужас"><v><l id="355455" t="ужас"><g v="NOUN"></g><g v="inan"></g><g v="masc"></g><g v="sing"></g><g v="accs"></g></l></v></tfr></token><token id="660581" text="у"><tfr rev_id="3332804" t="у"><v><l id="352818" t="у"><g v="PREP"></g></l></v></tfr></token><token id="660582" text="моей"><tfr rev_id="4170186" t="моей"><v><l id="162570" t="мой"><g v="ADJF"></g><g v="Apro"></g><g v="femn"></g><g v="sing"></g><g v="gent"></g></l></v></tfr></token><token id="660583" text="мамы"><tfr rev_id="3495143" t="мамы"><v><l id="154483" t="мама"><g v="NOUN"></g><g v="anim"></g><g v="femn"></g><g v="sing"></g><g v="gent"></g></l></v></tfr></token><token id="660584" text=","><tfr rev_id="1492682" t=","><v><l id="0" t=","><g v="PNCT"></g></l></v></tfr></token><token id="660585" text="разговариваю"><tfr rev_id="1492683" t="разговариваю"><v><l id="293002" t="разговариваю"><g v="VERB"></g><g v="impf"></g><g v="intr"></g><g v="sing"></g><g v="1per"></g><g v="pres"></g><g v="indc"></g></l></v></tfr></token><token id="660586" text="сама"><tfr rev_id="1492684" t="сама"><v><l id="312034" t="сам"><g v="ADJF"></g><g v="Apro"></g><g v="femn"></g><g v="sing"></g><g v="nomn"></g></l></v></tfr></token><token id="660587" text="с"><tfr rev_id="1492685" t="с"><v><l id="311151" t="с"><g v="PREP"></g></l></v></tfr></token><token id="660588" text="собой"><tfr rev_id="3636397" t="собой"><v><l id="317456" t="себя"><g v="NPRO"></g><g v="Anph"></g><g v="sing"></g><g v="ablt"></g></l></v></tfr></token><token id="660589" text="."><tfr rev_id="1492687" t="."><v><l id="0" t="."><g v="PNCT"></g></l></v></tfr></token></tokens></sentence><sentence id="36930"><source>Вдруг у меня над ухом раздается знакомый голос - меня обгоняет старший товарищ, милейший коллега, известный среди студентов под прозвищем"Пастернак".</source><tokens><token id="660590" text="Вдруг"><tfr rev_id="1492688" t="Вдруг"><v><l id="40194" t="вдруг"><g v="ADVB"></g></l></v></tfr></token><token id="660591" text="у"><tfr rev_id="1492689" t="у"><v><l id="352818" t="у"><g v="PREP"></g></l></v><v><l id="352819" t="у"><g v="INTJ"></g></l></v></tfr></token><token id="660592" text="меня"><tfr rev_id="2928120" t="меня"><v><l id="387317" t="я"><g v="NPRO"></g><g v="1per"></g><g v="sing"></g><g v="gent"></g></l></v></tfr></token><token id="660593" text="над"><tfr rev_id="1492691" t="над"><v><l id="168356" t="над"><g v="PREP"></g></l></v></tfr></token><token id="660594" text="ухом"><tfr rev_id="1492692" t="ухом"><v><l id="362933" t="ухо"><g v="NOUN"></g><g v="inan"></g><g v="neut"></g><g v="sing"></g><g v="ablt"></g></l></v></tfr></token><token id="660595" text="раздается"><tfr rev_id="1492693" t="раздается"><v><l id="293392" t="раздаюсь"><g v="VERB"></g><g v="impf"></g><g v="intr"></g><g v="sing"></g><g v="3per"></g><g v="pres"></g><g v="indc"></g></l></v></tfr></token><token id="660596" text="знакомый"><tfr rev_id="1492694" t="знакомый"><v><l id="115927" t="знакомый"><g v="ADJF"></g><g v="Subx"></g><g v="Qual"></g><g v="masc"></g><g v="sing"></g><g v="nomn"></g></l></v><v><l id="115927" t="знакомый"><g v="ADJF"></g><g v="Subx"></g><g v="Qual"></g><g v="inan"></g><g v="masc"></g><g v="sing"></g><g v="accs"></g></l></v></tfr></token><token id="660597" text="голос"><tfr rev_id="4096062" t="голос"><v><l id="72469" t="голос"><g v="NOUN"></g><g v="inan"></g><g v="masc"></g><g v="sing"></g><g v="nomn"></g></l></v></tfr></token><token id="660598" text="-"><tfr rev_id="1492696" t="-"><v><l id="0" t="-"><g v="PNCT"></g></l></v></tfr></token><token id="660599" text="меня"><tfr rev_id="2850100" t="меня"><v><l id="387317" t="я"><g v="NPRO"></g><g v="1per"></g><g v="sing"></g><g v="accs"></g></l></v></tfr></token><token id="660600" text="обгоняет"><tfr rev_id="1492698" t="обгоняет"><v><l id="193766" t="обгоняю"><g v="VERB"></g><g v="impf"></g><g v="tran"></g><g v="sing"></g><g v="3per"></g><g v="pres"></g><g v="indc"></g></l></v></tfr></token><token id="660601" text="старший"><tfr rev_id="4234741" t="старший"><v><l id="335024" t="старший"><g v="ADJF"></g><g v="masc"></g><g v="sing"></g><g v="nomn"></g></l></v><v><l id="335024" t="старший"><g v="ADJF"></g><g v="inan"></g><g v="masc"></g><g v="sing"></g><g v="accs"></g></l></v></tfr></token><token id="660602" text="товарищ"><tfr rev_id="1492700" t="товарищ"><v><l id="346864" t="товарищ"><g v="NOUN"></g><g v="anim"></g><g v="masc"></g><g v="sing"></g><g v="nomn"></g></l></v></tfr></token><token id="660603" text=","><tfr rev_id="1492701" t=","><v><l id="0" t=","><g v="PNCT"></g></l></v></tfr></token><token id="660604" text="милейший"><tfr rev_id="2782866" t="милейший"><v><l id="160357" t="милейший"><g v="ADJF"></g><g v="Supr"></g><g v="Qual"></g><g v="masc"></g><g v="sing"></g><g v="nomn"></g></l></v></tfr></token><token id="660605" text="коллега"><tfr rev_id="4527235" t="коллега"><v><l id="136008" t="коллега"><g v="NOUN"></g><g v="anim"></g><g v="ms-f"></g><g v="sing"></g><g v="nomn"></g></l></v></tfr></token><token id="660606" text=","><tfr rev_id="1492704" t=","><v><l id="0" t=","><g v="PNCT"></g></l></v></tfr></token><token id="660607" text="известный"><tfr rev_id="1492705" t="известный"><v><l id="118144" t="известный"><g v="ADJF"></g><g v="Qual"></g><g v="masc"></g><g v="sing"></g><g v="nomn"></g></l></v><v><l id="118144" t="известный"><g v="ADJF"></g><g v="Qual"></g><g v="inan"></g><g v="masc"></g><g v="sing"></g><g v="accs"></g></l></v></tfr></token><token id="660608" text="среди"><tfr rev_id="1492706" t="среди"><v><l id="333473" t="среди"><g v="PREP"></g></l></v></tfr></token><token id="660609" text="студентов"><tfr rev_id="3502426" t="студентов"><v><l id="338210" t="студент"><g v="NOUN"></g><g v="anim"></g><g v="masc"></g><g v="plur"></g><g v="gent"></g></l></v></tfr></token><token id="660610" text="под"><tfr rev_id="2503304" t="под"><v><l id="243755" t="под"><g v="PREP"></g></l></v></tfr></token><token id="660611" text="прозвищем"><tfr rev_id="1492709" t="прозвищем"><v><l id="279902" t="прозвище"><g v="NOUN"></g><g v="inan"></g><g v="neut"></g><g v="sing"></g><g v="ablt"></g></l></v></tfr></token><token id="660612" text="&quot;"><tfr rev_id="1492710" t="&quot;"><v><l id="0" t="&quot;"><g v="PNCT"></g></l></v></tfr></token><token id="660613" text="Пастернак"><tfr rev_id="4453004" t="Пастернак"><v><l id="224854" t="пастернак"><g v="NOUN"></g><g v="inan"></g><g v="masc"></g><g v="sing"></g><g v="nomn"></g></l></v><v><l id="224854" t="пастернак"><g v="NOUN"></g><g v="inan"></g><g v="masc"></g><g v="sing"></g><g v="accs"></g></l></v><v><l id="390655" t="пастернак"><g v="NOUN"></g><g v="anim"></g><g v="masc"></g><g v="Sgtm"></g><g v="Surn"></g><g v="sing"></g><g v="nomn"></g></l></v></tfr></token><token id="660614" text="&quot;"><tfr rev_id="1492712" t="&quot;"><v><l id="0" t="&quot;"><g v="PNCT"></g></l></v></tfr></token><token id="660615" text="."><tfr rev_id="1492713" t="."><v><l id="0" t="."><g v="PNCT"></g></l></v></tfr></token></tokens></sentence></paragraph><paragraph id="11808"><sentence id="36931"><source>Он меня не видит - смотрит широко открытыми глазами прямо перед собой, говорит довольно громко и неразборчиво.</source><tokens><token id="660616" text="Он"><tfr rev_id="3575750" t="Он"><v><l id="206541" t="он"><g v="NPRO"></g><g v="masc"></g><g v="3per"></g><g v="Anph"></g><g v="sing"></g><g v="nomn"></g></l></v></tfr></token><token id="660617" text="меня"><tfr rev_id="3460701" t="меня"><v><l id="387317" t="я"><g v="NPRO"></g><g v="1per"></g><g v="sing"></g><g v="accs"></g></l></v></tfr></token><token id="660618" text="не"><tfr rev_id="1492716" t="не"><v><l id="178876" t="не"><g v="PRCL"></g></l></v></tfr></token><token id="660619" text="видит"><tfr rev_id="1492717" t="видит"><v><l id="44564" t="вижу"><g v="VERB"></g><g v="impf"></g><g v="tran"></g><g v="sing"></g><g v="3per"></g><g v="pres"></g><g v="indc"></g></l></v></tfr></token><token id="660620" text="-"><tfr rev_id="1492718" t="-"><v><l id="0" t="-"><g v="PNCT"></g></l></v></tfr></token><token id="660621" text="смотрит"><tfr rev_id="1492719" t="смотрит"><v><l id="326798" t="смотрю"><g v="VERB"></g><g v="impf"></g><g v="tran"></g><g v="sing"></g><g v="3per"></g><g v="pres"></g><g v="indc"></g></l></v></tfr></token><token id="660622" text="широко"><tfr rev_id="4092272" t="широко"><v><l id="379823" t="широко"><g v="ADVB"></g></l></v></tfr></token><token id="660623" text="открытыми"><tfr rev_id="1492721" t="открытыми"><v><l id="214751" t="открытый"><g v="ADJF"></g><g v="Qual"></g><g v="plur"></g><g v="ablt"></g></l></v><v><l id="214757" t="открытый"><g v="PRTF"></g><g v="perf"></g><g v="tran"></g><g v="past"></g><g v="pssv"></g><g v="plur"></g><g v="ablt"></g></l></v></tfr></token><token id="660624" text="глазами"><tfr rev_id="1492722" t="глазами"><v><l id="70992" t="глаз"><g v="NOUN"></g><g v="inan"></g><g v="masc"></g><g v="plur"></g><g v="ablt"></g></l></v></tfr></token><token id="660625" text="прямо"><tfr rev_id="1492723" t="прямо"><v><l id="288257" t="прямо"><g v="ADVB"></g></l></v><v><l id="288258" t="прямо"><g v="PRCL"></g></l></v><v><l id="288272" t="прям"><g v="ADJS"></g><g v="Qual"></g><g v="neut"></g><g v="sing"></g></l></v></tfr></token><token id="660626" text="перед"><tfr rev_id="2602842" t="перед"><v><l id="228071" t="перед"><g v="PREP"></g></l></v></tfr></token><token id="660627" text="собой"><tfr rev_id="3636398" t="собой"><v><l id="317456" t="себя"><g v="NPRO"></g><g v="Anph"></g><g v="sing"></g><g v="ablt"></g></l></v></tfr></token><token id="660628" text=","><tfr rev_id="1492726" t=","><v><l id="0" t=","><g v="PNCT"></g></l></v></tfr></token><token id="660629" text="говорит"><tfr rev_id="1492727" t="говорит"><v><l id="72053" t="говорю"><g v="VERB"></g><g v="impf"></g><g v="tran"></g><g v="sing"></g><g v="3per"></g><g v="pres"></g><g v="indc"></g></l></v></tfr></token><token id="660630" text="довольно"><tfr rev_id="1492728" t="довольно"><v><l id="86034" t="довольно"><g v="ADVB"></g><g v="Prdx"></g></l></v><v><l id="86038" t="доволен"><g v="ADJS"></g><g v="Qual"></g><g v="neut"></g><g v="sing"></g></l></v></tfr></token><token id="660631" text="громко"><tfr rev_id="1492729" t="громко"><v><l id="75664" t="громок"><g v="ADJS"></g><g v="Qual"></g><g v="neut"></g><g v="sing"></g></l></v><v><l id="75666" t="громко"><g v="ADVB"></g></l></v></tfr></token><token id="660632" text="и"><tfr rev_id="1492730" t="и"><v><l id="116949" t="и"><g v="CONJ"></g></l></v><v><l id="116950" t="и"><g v="INTJ"></g></l></v></tfr></token><token id="660633" text="неразборчиво"><tfr rev_id="1492731" t="неразборчиво"><v><l id="187180" t="неразборчив"><g v="ADJS"></g><g v="Qual"></g><g v="neut"></g><g v="sing"></g></l></v></tfr></token><token id="660634" text="."><tfr rev_id="1492732" t="."><v><l id="0" t="."><g v="PNCT"></g></l></v></tfr></token></tokens></sentence><sentence id="36932"><source>Блютуза я не заметила.</source><tokens><token id="660635" text="Блютуза"><tfr rev_id="1492733" t="Блютуза"><v><l id="0" t="блютуза"><g v="UNKN"></g></l></v></tfr></token><token id="660636" text="я"><tfr rev_id="1492734" t="я"><v><l id="387317" t="я"><g v="NPRO"></g><g v="1per"></g><g v="sing"></g><g v="nomn"></g></l></v></tfr></token><token id="660637" text="не"><tfr rev_id="1492735" t="не"><v><l id="178876" t="не"><g v="PRCL"></g></l></v></tfr></token><token id="660638" text="заметила"><tfr rev_id="1492736" t="заметила"><v><l id="105525" t="заметил"><g v="VERB"></g><g v="perf"></g><g v="tran"></g><g v="femn"></g><g v="sing"></g><g v="past"></g><g v="indc"></g></l></v></tfr></token><token id="660639" text="."><tfr rev_id="1492737" t="."><v><l id="0" t="."><g v="PNCT"></g></l></v></tfr></token></tokens></sentence></paragraph><paragraph id="11809"><sentence id="36933"><source>В голове бродят какие-то научно-фантастические ассоциации - сырость, загадочная кафедра, преподаватели-зомби...</source><tokens><token id="660640" text="В"><tfr rev_id="1492738" t="В"><v><l id="37409" t="в"><g v="PREP"></g></l></v></tfr></token><token id="660641" text="голове"><tfr rev_id="4322980" t="голове"><v><l id="72304" t="голова"><g v="NOUN"></g><g v="inan"></g><g v="femn"></g><g v="sing"></g><g v="loct"></g></l></v></tfr></token><token id="660642" text="бродят"><tfr rev_id="1492740" t="бродят"><v><l id="34102" t="брожу"><g v="VERB"></g><g v="impf"></g><g v="intr"></g><g v="plur"></g><g v="3per"></g><g v="pres"></g><g v="indc"></g></l></v></tfr></token><token id="660643" text="какие-то"><tfr rev_id="4084298" t="какие-то"><v><l id="128227" t="какой-то"><g v="ADJF"></g><g v="Apro"></g><g v="plur"></g><g v="nomn"></g></l></v></tfr></token><token id="660644" text="научно-фантастические"><tfr rev_id="3764142" t="научно-фантастические"><v><l id="177542" t="научно-фантастический"><g v="ADJF"></g><g v="plur"></g><g v="nomn"></g></l></v></tfr></token><token id="660645" text="ассоциации"><tfr rev_id="3796729" t="ассоциации"><v><l id="18836" t="ассоциация"><g v="NOUN"></g><g v="inan"></g><g v="femn"></g><g v="plur"></g><g v="nomn"></g></l></v></tfr></token><token id="660646" text="-"><tfr rev_id="1492744" t="-"><v><l id="0" t="-"><g v="PNCT"></g></l></v></tfr></token><token id="660647" text="сырость"><tfr rev_id="2782322" t="сырость"><v><l id="341756" t="сырость"><g v="NOUN"></g><g v="inan"></g><g v="femn"></g><g v="sing"></g><g v="nomn"></g></l></v></tfr></token><token id="660648" text=","><tfr rev_id="1492746" t=","><v><l id="0" t=","><g v="PNCT"></g></l></v></tfr></token><token id="660649" text="загадочная"><tfr rev_id="1492747" t="загадочная"><v><l id="100240" t="загадочный"><g v="ADJF"></g><g v="Qual"></g><g v="femn"></g><g v="sing"></g><g v="nomn"></g></l></v></tfr></token><token id="660650" text="кафедра"><tfr rev_id="1492748" t="кафедра"><v><l id="131537" t="кафедра"><g v="NOUN"></g><g v="inan"></g><g v="femn"></g><g v="sing"></g><g v="nomn"></g></l></v></tfr></token><token id="660651" text=","><tfr rev_id="1492749" t=","><v><l id="0" t=","><g v="PNCT"></g></l></v></tfr></token><token id="660652" text="преподаватели"><tfr rev_id="1492750" t="преподаватели"><v><l id="267948" t="преподаватель"><g v="NOUN"></g><g v="anim"></g><g v="masc"></g><g v="plur"></g><g v="nomn"></g></l></v></tfr></token><token id="660653" text="-"><tfr rev_id="1492751" t="-"><v><l id="0" t="-"><g v="PNCT"></g></l></v></tfr></token><token id="660654" text="зомби"><tfr rev_id="4571983" t="зомби"><v><l id="116337" t="зомби"><g v="NOUN"></g><g v="anim"></g><g v="masc"></g><g v="Fixd"></g><g v="plur"></g><g v="nomn"></g></l></v></tfr></token><token id="660655" text="..."><tfr rev_id="1492753" t="..."><v><l id="0" t="..."><g v="PNCT"></g></l></v></tfr></token></tokens></sentence><sentence id="36934"><source>здороваемся мы уже на вахте, где берут ключи и где над моим откровенным 11-20 красуется целомудренное 11-00 Пастернака.</source><tokens><token id="660656" text="здороваемся"><tfr rev_id="1492754" t="здороваемся"><v><l id="114722" t="здороваюсь"><g v="VERB"></g><g v="impf"></g><g v="intr"></g><g v="plur"></g><g v="1per"></g><g v="pres"></g><g v="indc"></g></l></v></tfr></token><token id="660657" text="мы"><tfr rev_id="1492755" t="мы"><v><l id="165750" t="мы"><g v="NPRO"></g><g v="1per"></g><g v="plur"></g><g v="nomn"></g></l></v></tfr></token><token id="660658" text="уже"><tfr rev_id="2692840" t="уже"><v><l id="355422" t="уж"><g v="NOUN"></g><g v="anim"></g><g v="masc"></g><g v="sing"></g><g v="loct"></g></l></v><v><l id="355498" t="уже"><g v="ADVB"></g></l></v><v><l id="355674" t="уже"><g v="COMP"></g><g v="Qual"></g></l></v><v><l id="388673" t="уже"><g v="PRCL"></g></l></v></tfr></token><token id="660659" text="на"><tfr rev_id="3394452" t="на"><v><l id="166264" t="на"><g v="PREP"></g></l></v></tfr></token><token id="660660" text="вахте"><tfr rev_id="2737537" t="вахте"><v><l id="39354" t="вахта"><g v="NOUN"></g><g v="inan"></g><g v="femn"></g><g v="sing"></g><g v="loct"></g></l></v></tfr></token><token id="660661" text=","><tfr rev_id="1492759" t=","><v><l id="0" t=","><g v="PNCT"></g></l></v></tfr></token><token id="660662" text="где"><tfr rev_id="2636498" t="где"><v><l id="67984" t="где"><g v="ADVB"></g><g v="Ques"></g></l></v><v><l id="388669" t="где"><g v="CONJ"></g></l></v></tfr></token><token id="660663" text="берут"><tfr rev_id="1492761" t="берут"><v><l id="33652" t="беру"><g v="VERB"></g><g v="impf"></g><g v="tran"></g><g v="plur"></g><g v="3per"></g><g v="pres"></g><g v="indc"></g></l></v></tfr></token><token id="660664" text="ключи"><tfr rev_id="2757291" t="ключи"><v><l id="134733" t="ключ"><g v="NOUN"></g><g v="inan"></g><g v="masc"></g><g v="plur"></g><g v="accs"></g></l></v></tfr></token><token id="660665" text="и"><tfr rev_id="3462668" t="и"><v><l id="116949" t="и"><g v="CONJ"></g></l></v></tfr></token><token id="660666" text="где"><tfr rev_id="2636499" t="где"><v><l id="67984" t="где"><g v="ADVB"></g><g v="Ques"></g></l></v><v><l id="388669" t="где"><g v="CONJ"></g></l></v></tfr></token><token id="660667" text="над"><tfr rev_id="1492765" t="над"><v><l id="168356" t="над"><g v="PREP"></g></l></v></tfr></token><token id="660668" text="моим"><tfr rev_id="4414615" t="моим"><v><l id="162570" t="мой"><g v="ADJF"></g><g v="Apro"></g><g v="neut"></g><g v="sing"></g><g v="ablt"></g></l></v></tfr></token><token id="660669" text="откровенным"><tfr rev_id="4171809" t="откровенным"><v><l id="214690" t="откровенный"><g v="ADJF"></g><g v="Qual"></g><g v="neut"></g><g v="sing"></g><g v="ablt"></g></l></v></tfr></token><token id="660670" text="11-20"><tfr rev_id="4146831" t="11-20"><v><l id="0" t="11-20"><g v="UNKN"></g></l></v></tfr></token><token id="660671" text="красуется"><tfr rev_id="1492769" t="красуется"><v><l id="142022" t="красуюсь"><g v="VERB"></g><g v="impf"></g><g v="intr"></g><g v="sing"></g><g v="3per"></g><g v="pres"></g><g v="indc"></g></l></v></tfr></token><token id="660672" text="целомудренное"><tfr rev_id="3756383" t="целомудренное"><v><l id="373200" t="целомудренный"><g v="ADJF"></g><g v="Qual"></g><g v="neut"></g><g v="sing"></g><g v="nomn"></g></l></v></tfr></token><token id="660673" text="11-00"><tfr rev_id="4146832" t="11-00"><v><l id="0" t="11-00"><g v="UNKN"></g></l></v></tfr></token><token id="660674" text="Пастернака"><tfr rev_id="4456606" t="Пастернака"><v><l id="390655" t="пастернак"><g v="NOUN"></g><g v="anim"></g><g v="masc"></g><g v="Sgtm"></g><g v="Surn"></g><g v="sing"></g><g v="accs"></g></l></v><v><l id="390655" t="пастернак"><g v="NOUN"></g><g v="anim"></g><g v="masc"></g><g v="Sgtm"></g><g v="Surn"></g><g v="sing"></g><g v="gent"></g></l></v></tfr></token><token id="660675" text="."><tfr rev_id="1492773" t="."><v><l id="0" t="."><g v="PNCT"></g></l></v></tfr></token></tokens></sentence></paragraph></paragraphs></text>