<?xml version="1.0" encoding="utf-8"?><text id="129" parent="56" name="Венесуэла и Куба в одной связке"><tags><tag>url:http://ru.wikinews.org/w/index.php?title=Венесуэла_и_Куба_в_одной_связке&amp;oldid=51486</tag><tag>Автор:http://ru.wikinews.org/wiki/Участник:Akishin D.</tag><tag>Дата:24/01</tag><tag>Год:2011</tag><tag>Гео:ВикиКатегория:Венесуэла</tag><tag>Гео:ВикиКатегория:Куба</tag><tag>Тема:ВикиКатегория:Экономика</tag></tags><paragraphs><paragraph id="2758"><sentence id="8710"><source>Специальное судно приступило в субботу к укладке на океанское дно 1600-километрового кабеля от Венесуэлы до Кубы.</source><tokens><token id="168470" text="Специальное"><tfr rev_id="1003269" t="Специальное"><v><l id="331875" t="специальный"><g v="ADJF"></g><g v="neut"></g><g v="sing"></g><g v="nomn"></g></l></v><v><l id="331875" t="специальный"><g v="ADJF"></g><g v="neut"></g><g v="sing"></g><g v="accs"></g></l></v></tfr></token><token id="168471" text="судно"><tfr rev_id="2703234" t="судно"><v><l id="339014" t="судно"><g v="NOUN"></g><g v="inan"></g><g v="neut"></g><g v="sing"></g><g v="nomn"></g></l></v><v><l id="339014" t="судно"><g v="NOUN"></g><g v="inan"></g><g v="neut"></g><g v="sing"></g><g v="accs"></g></l></v><v><l id="339015" t="судно"><g v="NOUN"></g><g v="inan"></g><g v="neut"></g><g v="sing"></g><g v="nomn"></g></l></v><v><l id="339015" t="судно"><g v="NOUN"></g><g v="inan"></g><g v="neut"></g><g v="sing"></g><g v="accs"></g></l></v></tfr></token><token id="168472" text="приступило"><tfr rev_id="1003271" t="приступило"><v><l id="274930" t="приступил"><g v="VERB"></g><g v="perf"></g><g v="intr"></g><g v="neut"></g><g v="sing"></g><g v="past"></g><g v="indc"></g></l></v></tfr></token><token id="168473" text="в"><tfr rev_id="1003272" t="в"><v><l id="37409" t="в"><g v="PREP"></g></l></v></tfr></token><token id="168474" text="субботу"><tfr rev_id="1003273" t="субботу"><v><l id="338556" t="суббота"><g v="NOUN"></g><g v="inan"></g><g v="femn"></g><g v="sing"></g><g v="accs"></g></l></v></tfr></token><token id="168475" text="к"><tfr rev_id="1003274" t="к"><v><l id="127460" t="к"><g v="PREP"></g></l></v></tfr></token><token id="168476" text="укладке"><tfr rev_id="3471995" t="укладке"><v><l id="356095" t="укладка"><g v="NOUN"></g><g v="inan"></g><g v="femn"></g><g v="sing"></g><g v="datv"></g></l></v></tfr></token><token id="168477" text="на"><tfr rev_id="3330541" t="на"><v><l id="166264" t="на"><g v="PREP"></g></l></v></tfr></token><token id="168478" text="океанское"><tfr rev_id="1003277" t="океанское"><v><l id="204693" t="океанский"><g v="ADJF"></g><g v="neut"></g><g v="sing"></g><g v="nomn"></g></l></v><v><l id="204693" t="океанский"><g v="ADJF"></g><g v="neut"></g><g v="sing"></g><g v="accs"></g></l></v></tfr></token><token id="168479" text="дно"><tfr rev_id="3282418" t="дно"><v><l id="85138" t="дно"><g v="NOUN"></g><g v="inan"></g><g v="neut"></g><g v="sing"></g><g v="accs"></g></l></v></tfr></token><token id="168480" text="1600-километрового"><tfr rev_id="1003279" t="1600-километрового"><v><l id="0" t="1600-километрового"><g v="UNKN"></g></l></v></tfr></token><token id="168481" text="кабеля"><tfr rev_id="1003280" t="кабеля"><v><l id="127569" t="кабель"><g v="NOUN"></g><g v="inan"></g><g v="masc"></g><g v="sing"></g><g v="gent"></g></l></v></tfr></token><token id="168482" text="от"><tfr rev_id="1003281" t="от"><v><l id="211644" t="от"><g v="PREP"></g></l></v></tfr></token><token id="168483" text="Венесуэлы"><tfr rev_id="1003282" t="Венесуэлы"><v><l id="40957" t="венесуэла"><g v="NOUN"></g><g v="inan"></g><g v="femn"></g><g v="Sgtm"></g><g v="Geox"></g><g v="sing"></g><g v="gent"></g></l></v></tfr></token><token id="168484" text="до"><tfr rev_id="1003283" t="до"><v><l id="85153" t="до"><g v="PREP"></g></l></v></tfr></token><token id="168485" text="Кубы"><tfr rev_id="3447952" t="Кубы"><v><l id="144227" t="куба"><g v="NOUN"></g><g v="inan"></g><g v="femn"></g><g v="Sgtm"></g><g v="Geox"></g><g v="sing"></g><g v="gent"></g></l></v></tfr></token><token id="168486" text="."><tfr rev_id="1003285" t="."><v><l id="0" t="."><g v="PNCT"></g></l></v></tfr></token></tokens></sentence><sentence id="8711"><source>Работы должны занять две недели.</source><tokens><token id="168487" text="Работы"><tfr rev_id="3802590" t="Работы"><v><l id="290501" t="работа"><g v="NOUN"></g><g v="inan"></g><g v="femn"></g><g v="plur"></g><g v="nomn"></g></l></v></tfr></token><token id="168488" text="должны"><tfr rev_id="2559096" t="должны"><v><l id="87975" t="должен"><g v="ADJS"></g><g v="plur"></g></l></v></tfr></token><token id="168489" text="занять"><tfr rev_id="1003288" t="занять"><v><l id="106584" t="занять"><g v="INFN"></g><g v="perf"></g><g v="tran"></g></l></v></tfr></token><token id="168490" text="две"><tfr rev_id="1003289" t="две"><v><l id="78668" t="два"><g v="NUMR"></g><g v="femn"></g><g v="nomn"></g></l></v><v><l id="78668" t="два"><g v="NUMR"></g><g v="inan"></g><g v="femn"></g><g v="accs"></g></l></v></tfr></token><token id="168491" text="недели"><tfr rev_id="3465169" t="недели"><v><l id="180718" t="неделя"><g v="NOUN"></g><g v="inan"></g><g v="femn"></g><g v="sing"></g><g v="gent"></g></l></v></tfr></token><token id="168492" text="."><tfr rev_id="1003291" t="."><v><l id="0" t="."><g v="PNCT"></g></l></v></tfr></token></tokens></sentence><sentence id="8712"><source>Проект ориентировочной стоимостью $70 млн откроет жителям острова доступ на информационный суперхайвей, а также улучшит качество международной телефонной связи.</source><tokens><token id="168493" text="Проект"><tfr rev_id="1003292" t="Проект"><v><l id="279545" t="проект"><g v="NOUN"></g><g v="inan"></g><g v="masc"></g><g v="sing"></g><g v="nomn"></g></l></v><v><l id="279545" t="проект"><g v="NOUN"></g><g v="inan"></g><g v="masc"></g><g v="sing"></g><g v="accs"></g></l></v></tfr></token><token id="168494" text="ориентировочной"><tfr rev_id="3558961" t="ориентировочной"><v><l id="209071" t="ориентировочный"><g v="ADJF"></g><g v="femn"></g><g v="sing"></g><g v="ablt"></g></l></v></tfr></token><token id="168495" text="стоимостью"><tfr rev_id="1003294" t="стоимостью"><v><l id="336463" t="стоимость"><g v="NOUN"></g><g v="inan"></g><g v="femn"></g><g v="sing"></g><g v="ablt"></g></l></v></tfr></token><token id="168496" text="$"><tfr rev_id="4334227" t="$"><v><l id="0" t="$"><g v="SYMB"></g></l></v></tfr></token><token id="168497" text="70"><tfr rev_id="2456280" t="70"><v><l id="0" t="70"><g v="NUMB"></g></l></v></tfr></token><token id="168498" text="млн"><tfr rev_id="4287376" t="млн"><v><l id="389040" t="млн"><g v="NOUN"></g><g v="inan"></g><g v="masc"></g><g v="Fixd"></g><g v="Abbr"></g><g v="plur"></g><g v="gent"></g></l></v></tfr></token><token id="168499" text="откроет"><tfr rev_id="1003298" t="откроет"><v><l id="214754" t="открыл"><g v="VERB"></g><g v="perf"></g><g v="tran"></g><g v="sing"></g><g v="3per"></g><g v="futr"></g><g v="indc"></g></l></v></tfr></token><token id="168500" text="жителям"><tfr rev_id="1003299" t="жителям"><v><l id="97562" t="житель"><g v="NOUN"></g><g v="anim"></g><g v="masc"></g><g v="plur"></g><g v="datv"></g></l></v></tfr></token><token id="168501" text="острова"><tfr rev_id="3508997" t="острова"><v><l id="211180" t="остров"><g v="NOUN"></g><g v="inan"></g><g v="masc"></g><g v="sing"></g><g v="gent"></g></l></v></tfr></token><token id="168502" text="доступ"><tfr rev_id="4101940" t="доступ"><v><l id="90727" t="доступ"><g v="NOUN"></g><g v="inan"></g><g v="masc"></g><g v="sing"></g><g v="accs"></g></l></v></tfr></token><token id="168503" text="на"><tfr rev_id="3394409" t="на"><v><l id="166264" t="на"><g v="PREP"></g></l></v></tfr></token><token id="168504" text="информационный"><tfr rev_id="1003303" t="информационный"><v><l id="123573" t="информационный"><g v="ADJF"></g><g v="masc"></g><g v="sing"></g><g v="nomn"></g></l></v><v><l id="123573" t="информационный"><g v="ADJF"></g><g v="inan"></g><g v="masc"></g><g v="sing"></g><g v="accs"></g></l></v></tfr></token><token id="168505" text="суперхайвей"><tfr rev_id="1003304" t="суперхайвей"><v><l id="0" t="суперхайвей"><g v="UNKN"></g></l></v></tfr></token><token id="168506" text=","><tfr rev_id="1003305" t=","><v><l id="0" t=","><g v="PNCT"></g></l></v></tfr></token><token id="168507" text="а"><tfr rev_id="1003306" t="а"><v><l id="51" t="а"><g v="CONJ"></g></l></v><v><l id="52" t="а"><g v="INTJ"></g></l></v><v><l id="53" t="а"><g v="PRCL"></g></l></v></tfr></token><token id="168508" text="также"><tfr rev_id="4267158" t="также"><v><l id="342482" t="также"><g v="PRCL"></g></l></v></tfr></token><token id="168509" text="улучшит"><tfr rev_id="1003308" t="улучшит"><v><l id="357035" t="улучшил"><g v="VERB"></g><g v="perf"></g><g v="tran"></g><g v="sing"></g><g v="3per"></g><g v="futr"></g><g v="indc"></g></l></v></tfr></token><token id="168510" text="качество"><tfr rev_id="1003309" t="качество"><v><l id="131638" t="качество"><g v="NOUN"></g><g v="inan"></g><g v="neut"></g><g v="sing"></g><g v="nomn"></g></l></v><v><l id="131638" t="качество"><g v="NOUN"></g><g v="inan"></g><g v="neut"></g><g v="sing"></g><g v="accs"></g></l></v></tfr></token><token id="168511" text="международной"><tfr rev_id="4317304" t="международной"><v><l id="157346" t="международный"><g v="ADJF"></g><g v="femn"></g><g v="sing"></g><g v="gent"></g></l></v></tfr></token><token id="168512" text="телефонной"><tfr rev_id="2948718" t="телефонной"><v><l id="344362" t="телефонный"><g v="ADJF"></g><g v="Qual"></g><g v="femn"></g><g v="sing"></g><g v="gent"></g></l></v></tfr></token><token id="168513" text="связи"><tfr rev_id="4392895" t="связи"><v><l id="316572" t="связь"><g v="NOUN"></g><g v="inan"></g><g v="femn"></g><g v="sing"></g><g v="gent"></g></l></v></tfr></token><token id="168514" text="."><tfr rev_id="1003313" t="."><v><l id="0" t="."><g v="PNCT"></g></l></v></tfr></token></tokens></sentence></paragraph><paragraph id="2759"><sentence id="8713"><source>Куба была отрезана от всемирной паутины кабельных телекоммуникаций в результате наложенного Вашингтоном эмбарго на торговлю с коммунистическим государством.</source><tokens><token id="168515" text="Куба"><tfr rev_id="3782966" t="Куба"><v><l id="144227" t="куба"><g v="NOUN"></g><g v="inan"></g><g v="femn"></g><g v="Sgtm"></g><g v="Geox"></g><g v="sing"></g><g v="nomn"></g></l></v></tfr></token><token id="168516" text="была"><tfr rev_id="1003315" t="была"><v><l id="37265" t="есть"><g v="VERB"></g><g v="impf"></g><g v="intr"></g><g v="femn"></g><g v="sing"></g><g v="past"></g><g v="indc"></g></l></v></tfr></token><token id="168517" text="отрезана"><tfr rev_id="1003316" t="отрезана"><v><l id="217396" t="отрезан"><g v="PRTS"></g><g v="perf"></g><g v="past"></g><g v="pssv"></g><g v="femn"></g><g v="sing"></g></l></v></tfr></token><token id="168518" text="от"><tfr rev_id="1003317" t="от"><v><l id="211644" t="от"><g v="PREP"></g></l></v></tfr></token><token id="168519" text="всемирной"><tfr rev_id="4173815" t="всемирной"><v><l id="53444" t="всемирный"><g v="ADJF"></g><g v="Qual"></g><g v="femn"></g><g v="sing"></g><g v="gent"></g></l></v></tfr></token><token id="168520" text="паутины"><tfr rev_id="1003319" t="паутины"><v><l id="225292" t="паутина"><g v="NOUN"></g><g v="inan"></g><g v="femn"></g><g v="sing"></g><g v="gent"></g></l></v><v><l id="225292" t="паутина"><g v="NOUN"></g><g v="inan"></g><g v="femn"></g><g v="plur"></g><g v="nomn"></g></l></v><v><l id="225292" t="паутина"><g v="NOUN"></g><g v="inan"></g><g v="femn"></g><g v="plur"></g><g v="accs"></g></l></v></tfr></token><token id="168521" text="кабельных"><tfr rev_id="4163199" t="кабельных"><v><l id="127571" t="кабельный"><g v="ADJF"></g><g v="Qual"></g><g v="plur"></g><g v="gent"></g></l></v></tfr></token><token id="168522" text="телекоммуникаций"><tfr rev_id="1003321" t="телекоммуникаций"><v><l id="344183" t="телекоммуникация"><g v="NOUN"></g><g v="inan"></g><g v="femn"></g><g v="plur"></g><g v="gent"></g></l></v></tfr></token><token id="168523" text="в"><tfr rev_id="1003322" t="в"><v><l id="37409" t="в"><g v="PREP"></g></l></v></tfr></token><token id="168524" text="результате"><tfr rev_id="1003323" t="результате"><v><l id="305391" t="результат"><g v="NOUN"></g><g v="inan"></g><g v="masc"></g><g v="sing"></g><g v="loct"></g></l></v></tfr></token><token id="168525" text="наложенного"><tfr rev_id="3442658" t="наложенного"><v><l id="172067" t="наложенный"><g v="PRTF"></g><g v="perf"></g><g v="tran"></g><g v="past"></g><g v="pssv"></g><g v="neut"></g><g v="sing"></g><g v="gent"></g></l></v></tfr></token><token id="168526" text="Вашингтоном"><tfr rev_id="1003325" t="Вашингтоном"><v><l id="39406" t="вашингтон"><g v="NOUN"></g><g v="inan"></g><g v="masc"></g><g v="Geox"></g><g v="sing"></g><g v="ablt"></g></l></v></tfr></token><token id="168527" text="эмбарго"><tfr rev_id="4169731" t="эмбарго"><v><l id="385156" t="эмбарго"><g v="NOUN"></g><g v="inan"></g><g v="neut"></g><g v="Fixd"></g><g v="sing"></g><g v="gent"></g></l></v></tfr></token><token id="168528" text="на"><tfr rev_id="3338810" t="на"><v><l id="166264" t="на"><g v="PREP"></g></l></v></tfr></token><token id="168529" text="торговлю"><tfr rev_id="1003328" t="торговлю"><v><l id="348035" t="торговля"><g v="NOUN"></g><g v="inan"></g><g v="femn"></g><g v="sing"></g><g v="accs"></g></l></v></tfr></token><token id="168530" text="с"><tfr rev_id="1003329" t="с"><v><l id="311151" t="с"><g v="PREP"></g></l></v></tfr></token><token id="168531" text="коммунистическим"><tfr rev_id="4413914" t="коммунистическим"><v><l id="137054" t="коммунистический"><g v="ADJF"></g><g v="neut"></g><g v="sing"></g><g v="ablt"></g></l></v></tfr></token><token id="168532" text="государством"><tfr rev_id="1003331" t="государством"><v><l id="74164" t="государство"><g v="NOUN"></g><g v="inan"></g><g v="neut"></g><g v="sing"></g><g v="ablt"></g></l></v></tfr></token><token id="168533" text="."><tfr rev_id="1003332" t="."><v><l id="0" t="."><g v="PNCT"></g></l></v></tfr></token></tokens></sentence><sentence id="8714"><source>Фирмы, нарушавшие этот запрет, попадали в «черный список».</source><tokens><token id="168534" text="Фирмы"><tfr rev_id="4205904" t="Фирмы"><v><l id="366226" t="фирма"><g v="NOUN"></g><g v="inan"></g><g v="femn"></g><g v="plur"></g><g v="nomn"></g></l></v></tfr></token><token id="168535" text=","><tfr rev_id="1003334" t=","><v><l id="0" t=","><g v="PNCT"></g></l></v></tfr></token><token id="168536" text="нарушавшие"><tfr rev_id="1003335" t="нарушавшие"><v><l id="174874" t="нарушавший"><g v="PRTF"></g><g v="impf"></g><g v="tran"></g><g v="past"></g><g v="actv"></g><g v="plur"></g><g v="nomn"></g></l></v><v><l id="174874" t="нарушавший"><g v="PRTF"></g><g v="impf"></g><g v="tran"></g><g v="past"></g><g v="actv"></g><g v="inan"></g><g v="plur"></g><g v="accs"></g></l></v></tfr></token><token id="168537" text="этот"><tfr rev_id="4431736" t="этот"><v><l id="386581" t="этот"><g v="ADJF"></g><g v="Subx"></g><g v="Apro"></g><g v="Anph"></g><g v="masc"></g><g v="sing"></g><g v="nomn"></g></l></v><v><l id="386581" t="этот"><g v="ADJF"></g><g v="Subx"></g><g v="Apro"></g><g v="Anph"></g><g v="inan"></g><g v="masc"></g><g v="sing"></g><g v="accs"></g></l></v></tfr></token><token id="168538" text="запрет"><tfr rev_id="1712606" t="запрет"><v><l id="107924" t="запрет"><g v="NOUN"></g><g v="inan"></g><g v="masc"></g><g v="sing"></g><g v="nomn"></g></l></v><v><l id="107924" t="запрет"><g v="NOUN"></g><g v="inan"></g><g v="masc"></g><g v="sing"></g><g v="accs"></g></l></v></tfr></token><token id="168539" text=","><tfr rev_id="1003338" t=","><v><l id="0" t=","><g v="PNCT"></g></l></v></tfr></token><token id="168540" text="попадали"><tfr rev_id="1003339" t="попадали"><v><l id="258942" t="попадаю"><g v="VERB"></g><g v="impf"></g><g v="intr"></g><g v="plur"></g><g v="past"></g><g v="indc"></g></l></v><v><l id="258947" t="попадал"><g v="VERB"></g><g v="perf"></g><g v="intr"></g><g v="plur"></g><g v="past"></g><g v="indc"></g></l></v></tfr></token><token id="168541" text="в"><tfr rev_id="1003340" t="в"><v><l id="37409" t="в"><g v="PREP"></g></l></v></tfr></token><token id="168542" text="«"><tfr rev_id="2427420" t="«"><v><l id="0" t="«"><g v="PNCT"></g></l></v></tfr></token><token id="168543" text="черный"><tfr rev_id="4218865" t="черный"><v><l id="374408" t="чёрный"><g v="ADJF"></g><g v="Qual"></g><g v="masc"></g><g v="sing"></g><g v="nomn"></g></l></v><v><l id="374408" t="чёрный"><g v="ADJF"></g><g v="Qual"></g><g v="inan"></g><g v="masc"></g><g v="sing"></g><g v="accs"></g></l></v></tfr></token><token id="168544" text="список"><tfr rev_id="2782544" t="список"><v><l id="332279" t="список"><g v="NOUN"></g><g v="inan"></g><g v="masc"></g><g v="sing"></g><g v="accs"></g></l></v></tfr></token><token id="168545" text="»"><tfr rev_id="2427421" t="»"><v><l id="0" t="»"><g v="PNCT"></g></l></v></tfr></token><token id="168546" text="."><tfr rev_id="1003345" t="."><v><l id="0" t="."><g v="PNCT"></g></l></v></tfr></token></tokens></sentence><sentence id="8715"><source>В 2009 году администрация президента Обамы смягчило ограничения, открыв возможность для американских компаниий вести дела с Кубой.</source><tokens><token id="168547" text="В"><tfr rev_id="1003346" t="В"><v><l id="37409" t="в"><g v="PREP"></g></l></v></tfr></token><token id="168548" text="2009"><tfr rev_id="2456281" t="2009"><v><l id="0" t="2009"><g v="NUMB"></g></l></v></tfr></token><token id="168549" text="году"><tfr rev_id="2964634" t="году"><v><l id="72149" t="год"><g v="NOUN"></g><g v="inan"></g><g v="masc"></g><g v="sing"></g><g v="loc2"></g></l></v></tfr></token><token id="168550" text="администрация"><tfr rev_id="1003349" t="администрация"><v><l id="5057" t="администрация"><g v="NOUN"></g><g v="inan"></g><g v="femn"></g><g v="sing"></g><g v="nomn"></g></l></v></tfr></token><token id="168551" text="президента"><tfr rev_id="3675985" t="президента"><v><l id="267449" t="президент"><g v="NOUN"></g><g v="anim"></g><g v="masc"></g><g v="sing"></g><g v="gent"></g></l></v></tfr></token><token id="168552" text="Обамы"><tfr rev_id="4576128" t="Обамы"><v><l id="388472" t="обама"><g v="NOUN"></g><g v="anim"></g><g v="ms-f"></g><g v="Sgtm"></g><g v="Surn"></g><g v="sing"></g><g v="gent"></g></l></v></tfr></token><token id="168553" text="смягчило"><tfr rev_id="1003352" t="смягчило"><v><l id="327073" t="смягчил"><g v="VERB"></g><g v="perf"></g><g v="tran"></g><g v="neut"></g><g v="sing"></g><g v="past"></g><g v="indc"></g></l></v></tfr></token><token id="168554" text="ограничения"><tfr rev_id="3800550" t="ограничения"><v><l id="202915" t="ограничение"><g v="NOUN"></g><g v="inan"></g><g v="neut"></g><g v="plur"></g><g v="accs"></g></l></v></tfr></token><token id="168555" text=","><tfr rev_id="1003354" t=","><v><l id="0" t=","><g v="PNCT"></g></l></v></tfr></token><token id="168556" text="открыв"><tfr rev_id="1003355" t="открыв"><v><l id="214759" t="открыв"><g v="GRND"></g><g v="perf"></g><g v="tran"></g><g v="past"></g></l></v></tfr></token><token id="168557" text="возможность"><tfr rev_id="1003356" t="возможность"><v><l id="49410" t="возможность"><g v="NOUN"></g><g v="inan"></g><g v="femn"></g><g v="sing"></g><g v="nomn"></g></l></v><v><l id="49410" t="возможность"><g v="NOUN"></g><g v="inan"></g><g v="femn"></g><g v="sing"></g><g v="accs"></g></l></v></tfr></token><token id="168558" text="для"><tfr rev_id="3391693" t="для"><v><l id="85032" t="для"><g v="PREP"></g></l></v></tfr></token><token id="168559" text="американских"><tfr rev_id="4408982" t="американских"><v><l id="11429" t="американский"><g v="ADJF"></g><g v="plur"></g><g v="gent"></g></l></v></tfr></token><token id="168560" text="компаниий"><tfr rev_id="1003359" t="компаниий"><v><l id="0" t="компаниий"><g v="UNKN"></g></l></v></tfr></token><token id="168561" text="вести"><tfr rev_id="1712715" t="вести"><v><l id="42111" t="вести"><g v="INFN"></g><g v="impf"></g><g v="tran"></g></l></v></tfr></token><token id="168562" text="дела"><tfr rev_id="3757743" t="дела"><v><l id="80628" t="дело"><g v="NOUN"></g><g v="inan"></g><g v="neut"></g><g v="plur"></g><g v="accs"></g></l></v></tfr></token><token id="168563" text="с"><tfr rev_id="1003362" t="с"><v><l id="311151" t="с"><g v="PREP"></g></l></v></tfr></token><token id="168564" text="Кубой"><tfr rev_id="1003363" t="Кубой"><v><l id="144227" t="куба"><g v="NOUN"></g><g v="inan"></g><g v="femn"></g><g v="Sgtm"></g><g v="Geox"></g><g v="sing"></g><g v="ablt"></g></l></v></tfr></token><token id="168565" text="."><tfr rev_id="1003364" t="."><v><l id="0" t="."><g v="PNCT"></g></l></v></tfr></token></tokens></sentence><sentence id="8716"><source>Однако предложение одной из телекоммуникационных фирм США о прокладке кабеля получило от Гаваны отказ.</source><tokens><token id="168566" text="Однако"><tfr rev_id="2624155" t="Однако"><v><l id="203386" t="однако"><g v="INTJ"></g></l></v><v><l id="203387" t="однако"><g v="CONJ"></g><g v="Prnt"></g></l></v></tfr></token><token id="168567" text="предложение"><tfr rev_id="3679183" t="предложение"><v><l id="266539" t="предложение"><g v="NOUN"></g><g v="inan"></g><g v="neut"></g><g v="sing"></g><g v="nomn"></g></l></v></tfr></token><token id="168568" text="одной"><tfr rev_id="4302217" t="одной"><v><l id="203319" t="один"><g v="ADJF"></g><g v="Apro"></g><g v="Anum"></g><g v="femn"></g><g v="sing"></g><g v="gent"></g></l></v></tfr></token><token id="168569" text="из"><tfr rev_id="2557479" t="из"><v><l id="117677" t="из"><g v="PREP"></g></l></v></tfr></token><token id="168570" text="телекоммуникационных"><tfr rev_id="3410955" t="телекоммуникационных"><v><l id="344182" t="телекоммуникационный"><g v="ADJF"></g><g v="plur"></g><g v="gent"></g></l></v></tfr></token><token id="168571" text="фирм"><tfr rev_id="1003370" t="фирм"><v><l id="366226" t="фирма"><g v="NOUN"></g><g v="inan"></g><g v="femn"></g><g v="plur"></g><g v="gent"></g></l></v></tfr></token><token id="168572" text="США"><tfr rev_id="4572975" t="США"><v><l id="341371" t="сша"><g v="NOUN"></g><g v="inan"></g><g v="GNdr"></g><g v="Pltm"></g><g v="Fixd"></g><g v="Abbr"></g><g v="Geox"></g><g v="plur"></g><g v="gent"></g></l></v></tfr></token><token id="168573" text="о"><tfr rev_id="3282941" t="о"><v><l id="192977" t="о"><g v="PREP"></g></l></v></tfr></token><token id="168574" text="прокладке"><tfr rev_id="3540187" t="прокладке"><v><l id="280686" t="прокладка"><g v="NOUN"></g><g v="inan"></g><g v="femn"></g><g v="sing"></g><g v="loct"></g></l></v></tfr></token><token id="168575" text="кабеля"><tfr rev_id="1003374" t="кабеля"><v><l id="127569" t="кабель"><g v="NOUN"></g><g v="inan"></g><g v="masc"></g><g v="sing"></g><g v="gent"></g></l></v></tfr></token><token id="168576" text="получило"><tfr rev_id="1003375" t="получило"><v><l id="256959" t="получил"><g v="VERB"></g><g v="perf"></g><g v="tran"></g><g v="neut"></g><g v="sing"></g><g v="past"></g><g v="indc"></g></l></v></tfr></token><token id="168577" text="от"><tfr rev_id="1003376" t="от"><v><l id="211644" t="от"><g v="PREP"></g></l></v></tfr></token><token id="168578" text="Гаваны"><tfr rev_id="1003377" t="Гаваны"><v><l id="65440" t="гавана"><g v="NOUN"></g><g v="inan"></g><g v="femn"></g><g v="Sgtm"></g><g v="Geox"></g><g v="sing"></g><g v="gent"></g></l></v></tfr></token><token id="168579" text="отказ"><tfr rev_id="1003378" t="отказ"><v><l id="213927" t="отказ"><g v="NOUN"></g><g v="inan"></g><g v="masc"></g><g v="sing"></g><g v="nomn"></g></l></v><v><l id="213927" t="отказ"><g v="NOUN"></g><g v="inan"></g><g v="masc"></g><g v="sing"></g><g v="accs"></g></l></v></tfr></token><token id="168580" text="."><tfr rev_id="1003379" t="."><v><l id="0" t="."><g v="PNCT"></g></l></v></tfr></token></tokens></sentence></paragraph></paragraphs></text>