<?xml version="1.0" encoding="utf-8"?><text id="1291" parent="602" name="0058595 пора в отпуск"><tags><tag>url:http://l-i-d-y-a.livejournal.com/58595.html</tag><tag>Год:2008</tag><tag>Дата:12/07</tag><tag>Время:01:51</tag><tag>ЖЖ:Метка:внутр и внеш</tag></tags><paragraphs><paragraph id="11827"><sentence id="36956"><source>пора в отпуск</source><tokens><token id="660929" text="пора"><tfr rev_id="1493027" t="пора"><v><l id="259871" t="пора"><g v="NOUN"></g><g v="inan"></g><g v="femn"></g><g v="sing"></g><g v="nomn"></g></l></v><v><l id="259872" t="пора"><g v="PRED"></g><g v="pres"></g></l></v></tfr></token><token id="660930" text="в"><tfr rev_id="1493028" t="в"><v><l id="37409" t="в"><g v="PREP"></g></l></v></tfr></token><token id="660931" text="отпуск"><tfr rev_id="3409494" t="отпуск"><v><l id="217128" t="отпуск"><g v="NOUN"></g><g v="inan"></g><g v="masc"></g><g v="sing"></g><g v="accs"></g></l></v></tfr></token></tokens></sentence></paragraph><paragraph id="11828"><sentence id="36957"><source>- Дайте мне, пожалуйста, ессе с ментолом и джаву золотую синюю...</source><tokens><token id="660932" text="-"><tfr rev_id="1493030" t="-"><v><l id="0" t="-"><g v="PNCT"></g></l></v></tfr></token><token id="660933" text="Дайте"><tfr rev_id="1493031" t="Дайте"><v><l id="78546" t="дал"><g v="VERB"></g><g v="perf"></g><g v="tran"></g><g v="plur"></g><g v="impr"></g><g v="excl"></g></l></v></tfr></token><token id="660934" text="мне"><tfr rev_id="4202029" t="мне"><v><l id="387317" t="я"><g v="NPRO"></g><g v="1per"></g><g v="sing"></g><g v="datv"></g></l></v></tfr></token><token id="660935" text=","><tfr rev_id="1493033" t=","><v><l id="0" t=","><g v="PNCT"></g></l></v></tfr></token><token id="660936" text="пожалуйста"><tfr rev_id="1493034" t="пожалуйста"><v><l id="253034" t="пожалуйста"><g v="PRCL"></g></l></v><v><l id="253035" t="пожалуйста"><g v="INTJ"></g></l></v></tfr></token><token id="660937" text=","><tfr rev_id="1493035" t=","><v><l id="0" t=","><g v="PNCT"></g></l></v></tfr></token><token id="660938" text="ессе"><tfr rev_id="1493036" t="ессе"><v><l id="0" t="ессе"><g v="UNKN"></g></l></v></tfr></token><token id="660939" text="с"><tfr rev_id="1493037" t="с"><v><l id="311151" t="с"><g v="PREP"></g></l></v></tfr></token><token id="660940" text="ментолом"><tfr rev_id="1493038" t="ментолом"><v><l id="158408" t="ментол"><g v="NOUN"></g><g v="inan"></g><g v="masc"></g><g v="sing"></g><g v="ablt"></g></l></v></tfr></token><token id="660941" text="и"><tfr rev_id="1493039" t="и"><v><l id="116949" t="и"><g v="CONJ"></g></l></v><v><l id="116950" t="и"><g v="INTJ"></g></l></v></tfr></token><token id="660942" text="джаву"><tfr rev_id="1493040" t="джаву"><v><l id="0" t="джаву"><g v="UNKN"></g></l></v></tfr></token><token id="660943" text="золотую"><tfr rev_id="1493041" t="золотую"><v><l id="116228" t="золотой"><g v="ADJF"></g><g v="femn"></g><g v="sing"></g><g v="accs"></g></l></v></tfr></token><token id="660944" text="синюю"><tfr rev_id="1493042" t="синюю"><v><l id="320957" t="синий"><g v="ADJF"></g><g v="Qual"></g><g v="femn"></g><g v="sing"></g><g v="accs"></g></l></v></tfr></token><token id="660945" text="..."><tfr rev_id="1493043" t="..."><v><l id="0" t="..."><g v="PNCT"></g></l></v></tfr></token></tokens></sentence></paragraph></paragraphs></text>