<?xml version="1.0" encoding="utf-8"?><text id="1292" parent="602" name="0158954 обрывки"><tags><tag>url:http://l-i-d-y-a.livejournal.com/158954.html</tag><tag>Год:2010</tag><tag>Дата:23/12</tag><tag>Время:22:03</tag><tag>ЖЖ:Метка:семейное</tag></tags><paragraphs><paragraph id="11829"><sentence id="36958"><source>обрывки</source><tokens><token id="660946" text="обрывки"><tfr rev_id="3749987" t="обрывки"><v><l id="199354" t="обрывок"><g v="NOUN"></g><g v="inan"></g><g v="masc"></g><g v="plur"></g><g v="nomn"></g></l></v></tfr></token></tokens></sentence></paragraph><paragraph id="11830"><sentence id="36959"><source>Выхожу на кухню.</source><tokens><token id="660947" text="Выхожу"><tfr rev_id="1493045" t="Выхожу"><v><l id="63962" t="выхожу"><g v="VERB"></g><g v="impf"></g><g v="intr"></g><g v="sing"></g><g v="1per"></g><g v="pres"></g><g v="indc"></g></l></v><v><l id="63967" t="выходил"><g v="VERB"></g><g v="perf"></g><g v="tran"></g><g v="sing"></g><g v="1per"></g><g v="futr"></g><g v="indc"></g></l></v></tfr></token><token id="660948" text="на"><tfr rev_id="3335771" t="на"><v><l id="166264" t="на"><g v="PREP"></g></l></v></tfr></token><token id="660949" text="кухню"><tfr rev_id="1493047" t="кухню"><v><l id="145818" t="кухня"><g v="NOUN"></g><g v="inan"></g><g v="femn"></g><g v="sing"></g><g v="accs"></g></l></v></tfr></token><token id="660950" text="."><tfr rev_id="1493048" t="."><v><l id="0" t="."><g v="PNCT"></g></l></v></tfr></token></tokens></sentence><sentence id="36960"><source>Муж разговаривает по телефону:</source><tokens><token id="660951" text="Муж"><tfr rev_id="4280322" t="Муж"><v><l id="164704" t="муж"><g v="NOUN"></g><g v="anim"></g><g v="masc"></g><g v="sing"></g><g v="nomn"></g></l></v></tfr></token><token id="660952" text="разговаривает"><tfr rev_id="1493050" t="разговаривает"><v><l id="293002" t="разговариваю"><g v="VERB"></g><g v="impf"></g><g v="intr"></g><g v="sing"></g><g v="3per"></g><g v="pres"></g><g v="indc"></g></l></v></tfr></token><token id="660953" text="по"><tfr rev_id="1493051" t="по"><v><l id="241240" t="по"><g v="PREP"></g></l></v></tfr></token><token id="660954" text="телефону"><tfr rev_id="1493052" t="телефону"><v><l id="344325" t="телефон"><g v="NOUN"></g><g v="inan"></g><g v="masc"></g><g v="sing"></g><g v="datv"></g></l></v></tfr></token><token id="660955" text=":"><tfr rev_id="1493053" t=":"><v><l id="0" t=":"><g v="PNCT"></g></l></v></tfr></token></tokens></sentence></paragraph><paragraph id="11831"><sentence id="36961"><source>- Каждый из этих отрезков имеет мощность меньше, чем континуум...</source><tokens><token id="660956" text="-"><tfr rev_id="1493054" t="-"><v><l id="0" t="-"><g v="PNCT"></g></l></v></tfr></token><token id="660957" text="Каждый"><tfr rev_id="4429594" t="Каждый"><v><l id="127875" t="каждый"><g v="ADJF"></g><g v="Subx"></g><g v="Apro"></g><g v="masc"></g><g v="sing"></g><g v="nomn"></g></l></v><v><l id="127875" t="каждый"><g v="ADJF"></g><g v="Subx"></g><g v="Apro"></g><g v="inan"></g><g v="masc"></g><g v="sing"></g><g v="accs"></g></l></v></tfr></token><token id="660958" text="из"><tfr rev_id="2602366" t="из"><v><l id="117677" t="из"><g v="PREP"></g></l></v></tfr></token><token id="660959" text="этих"><tfr rev_id="4447107" t="этих"><v><l id="386581" t="этот"><g v="ADJF"></g><g v="Subx"></g><g v="Apro"></g><g v="Anph"></g><g v="plur"></g><g v="gent"></g></l></v></tfr></token><token id="660960" text="отрезков"><tfr rev_id="1493058" t="отрезков"><v><l id="217437" t="отрезок"><g v="NOUN"></g><g v="inan"></g><g v="masc"></g><g v="plur"></g><g v="gent"></g></l></v></tfr></token><token id="660961" text="имеет"><tfr rev_id="1493059" t="имеет"><v><l id="121610" t="имею"><g v="VERB"></g><g v="impf"></g><g v="tran"></g><g v="sing"></g><g v="3per"></g><g v="pres"></g><g v="indc"></g></l></v></tfr></token><token id="660962" text="мощность"><tfr rev_id="4101221" t="мощность"><v><l id="164527" t="мощность"><g v="NOUN"></g><g v="inan"></g><g v="femn"></g><g v="sing"></g><g v="accs"></g></l></v></tfr></token><token id="660963" text="меньше"><tfr rev_id="4266760" t="меньше"><v><l id="153697" t="меньше"><g v="COMP"></g><g v="Qual"></g></l></v></tfr></token><token id="660964" text=","><tfr rev_id="1493062" t=","><v><l id="0" t=","><g v="PNCT"></g></l></v></tfr></token><token id="660965" text="чем"><tfr rev_id="4282187" t="чем"><v><l id="375161" t="чем"><g v="CONJ"></g></l></v></tfr></token><token id="660966" text="континуум"><tfr rev_id="1493064" t="континуум"><v><l id="138372" t="континуум"><g v="NOUN"></g><g v="inan"></g><g v="masc"></g><g v="sing"></g><g v="nomn"></g></l></v><v><l id="138372" t="континуум"><g v="NOUN"></g><g v="inan"></g><g v="masc"></g><g v="sing"></g><g v="accs"></g></l></v></tfr></token><token id="660967" text="..."><tfr rev_id="1493065" t="..."><v><l id="0" t="..."><g v="PNCT"></g></l></v></tfr></token></tokens></sentence></paragraph><paragraph id="11832"><sentence id="36962"><source>- Передай привет Даньке, - говорю я.</source><tokens><token id="660968" text="-"><tfr rev_id="1493066" t="-"><v><l id="0" t="-"><g v="PNCT"></g></l></v></tfr></token><token id="660969" text="Передай"><tfr rev_id="1493067" t="Передай"><v><l id="228159" t="передал"><g v="VERB"></g><g v="perf"></g><g v="tran"></g><g v="sing"></g><g v="impr"></g><g v="excl"></g></l></v></tfr></token><token id="660970" text="привет"><tfr rev_id="4448223" t="привет"><v><l id="269215" t="привет"><g v="NOUN"></g><g v="inan"></g><g v="masc"></g><g v="sing"></g><g v="nomn"></g></l></v><v><l id="269215" t="привет"><g v="NOUN"></g><g v="inan"></g><g v="masc"></g><g v="sing"></g><g v="accs"></g></l></v><v><l id="390564" t="привет"><g v="INTJ"></g></l></v></tfr></token><token id="660971" text="Даньке"><tfr rev_id="4555904" t="Даньке"><v><l id="390814" t="данька"><g v="NOUN"></g><g v="anim"></g><g v="ms-f"></g><g v="Name"></g><g v="sing"></g><g v="datv"></g></l></v></tfr></token><token id="660972" text=","><tfr rev_id="1493070" t=","><v><l id="0" t=","><g v="PNCT"></g></l></v></tfr></token><token id="660973" text="-"><tfr rev_id="1493071" t="-"><v><l id="0" t="-"><g v="PNCT"></g></l></v></tfr></token><token id="660974" text="говорю"><tfr rev_id="1493072" t="говорю"><v><l id="72053" t="говорю"><g v="VERB"></g><g v="impf"></g><g v="tran"></g><g v="sing"></g><g v="1per"></g><g v="pres"></g><g v="indc"></g></l></v></tfr></token><token id="660975" text="я"><tfr rev_id="1493073" t="я"><v><l id="387317" t="я"><g v="NPRO"></g><g v="1per"></g><g v="sing"></g><g v="nomn"></g></l></v></tfr></token><token id="660976" text="."><tfr rev_id="1493074" t="."><v><l id="0" t="."><g v="PNCT"></g></l></v></tfr></token></tokens></sentence></paragraph><paragraph id="11833"><sentence id="36963"><source>- Тебе привет от Лиды.</source><tokens><token id="660977" text="-"><tfr rev_id="1493075" t="-"><v><l id="0" t="-"><g v="PNCT"></g></l></v></tfr></token><token id="660978" text="Тебе"><tfr rev_id="4201513" t="Тебе"><v><l id="352128" t="ты"><g v="NPRO"></g><g v="2per"></g><g v="sing"></g><g v="datv"></g></l></v></tfr></token><token id="660979" text="привет"><tfr rev_id="4576403" t="привет"><v><l id="269215" t="привет"><g v="NOUN"></g><g v="inan"></g><g v="masc"></g><g v="sing"></g><g v="nomn"></g></l></v></tfr></token><token id="660980" text="от"><tfr rev_id="1493078" t="от"><v><l id="211644" t="от"><g v="PREP"></g></l></v></tfr></token><token id="660981" text="Лиды"><tfr rev_id="4219880" t="Лиды"><v><l id="149002" t="лида"><g v="NOUN"></g><g v="anim"></g><g v="femn"></g><g v="Name"></g><g v="sing"></g><g v="gent"></g></l></v></tfr></token><token id="660982" text="."><tfr rev_id="1493080" t="."><v><l id="0" t="."><g v="PNCT"></g></l></v></tfr></token></tokens></sentence><sentence id="36964"><source>Это не имеет отношения к задаче, это просто так.</source><tokens><token id="660983" text="Это"><tfr rev_id="4441747" t="Это"><v><l id="386574" t="это"><g v="PRCL"></g></l></v><v><l id="386575" t="это"><g v="NPRO"></g><g v="neut"></g><g v="sing"></g><g v="nomn"></g></l></v><v><l id="386575" t="это"><g v="NPRO"></g><g v="neut"></g><g v="sing"></g><g v="accs"></g></l></v><v><l id="386581" t="этот"><g v="ADJF"></g><g v="Subx"></g><g v="Apro"></g><g v="Anph"></g><g v="neut"></g><g v="sing"></g><g v="nomn"></g></l></v><v><l id="386581" t="этот"><g v="ADJF"></g><g v="Subx"></g><g v="Apro"></g><g v="Anph"></g><g v="neut"></g><g v="sing"></g><g v="accs"></g></l></v></tfr></token><token id="660984" text="не"><tfr rev_id="1493082" t="не"><v><l id="178876" t="не"><g v="PRCL"></g></l></v></tfr></token><token id="660985" text="имеет"><tfr rev_id="1493083" t="имеет"><v><l id="121610" t="имею"><g v="VERB"></g><g v="impf"></g><g v="tran"></g><g v="sing"></g><g v="3per"></g><g v="pres"></g><g v="indc"></g></l></v></tfr></token><token id="660986" text="отношения"><tfr rev_id="3438224" t="отношения"><v><l id="215944" t="отношение"><g v="NOUN"></g><g v="inan"></g><g v="neut"></g><g v="sing"></g><g v="gent"></g></l></v></tfr></token><token id="660987" text="к"><tfr rev_id="1493085" t="к"><v><l id="127460" t="к"><g v="PREP"></g></l></v></tfr></token><token id="660988" text="задаче"><tfr rev_id="3552778" t="задаче"><v><l id="101455" t="задача"><g v="NOUN"></g><g v="inan"></g><g v="femn"></g><g v="sing"></g><g v="datv"></g></l></v></tfr></token><token id="660989" text=","><tfr rev_id="1493087" t=","><v><l id="0" t=","><g v="PNCT"></g></l></v></tfr></token><token id="660990" text="это"><tfr rev_id="4497766" t="это"><v><l id="386575" t="это"><g v="NPRO"></g><g v="neut"></g><g v="sing"></g><g v="nomn"></g></l></v><v><l id="386575" t="это"><g v="NPRO"></g><g v="neut"></g><g v="sing"></g><g v="accs"></g></l></v></tfr></token><token id="660991" text="просто"><tfr rev_id="1493089" t="просто"><v><l id="285025" t="просто"><g v="ADVB"></g><g v="Prdx"></g></l></v><v><l id="285026" t="просто"><g v="PRCL"></g></l></v><v><l id="285050" t="прост"><g v="ADJS"></g><g v="Qual"></g><g v="neut"></g><g v="sing"></g></l></v></tfr></token><token id="660992" text="так"><tfr rev_id="1493090" t="так"><v><l id="342451" t="так"><g v="CONJ"></g></l></v><v><l id="342452" t="так"><g v="PRCL"></g></l></v><v><l id="342453" t="так"><g v="ADVB"></g><g v="Dmns"></g></l></v></tfr></token><token id="660993" text="."><tfr rev_id="1493091" t="."><v><l id="0" t="."><g v="PNCT"></g></l></v></tfr></token></tokens></sentence><sentence id="36965"><source>Так вот, каждый мудрец делает следующее: он смотрит на других мудрецов и выбирает того, у который наибольший номер в этом смысле частичной упорядоченности...</source><tokens><token id="660994" text="Так"><tfr rev_id="1493092" t="Так"><v><l id="342451" t="так"><g v="CONJ"></g></l></v><v><l id="342452" t="так"><g v="PRCL"></g></l></v><v><l id="342453" t="так"><g v="ADVB"></g><g v="Dmns"></g></l></v></tfr></token><token id="660995" text="вот"><tfr rev_id="3363392" t="вот"><v><l id="52157" t="вот"><g v="PRCL"></g></l></v></tfr></token><token id="660996" text=","><tfr rev_id="1493094" t=","><v><l id="0" t=","><g v="PNCT"></g></l></v></tfr></token><token id="660997" text="каждый"><tfr rev_id="4429595" t="каждый"><v><l id="127875" t="каждый"><g v="ADJF"></g><g v="Subx"></g><g v="Apro"></g><g v="masc"></g><g v="sing"></g><g v="nomn"></g></l></v><v><l id="127875" t="каждый"><g v="ADJF"></g><g v="Subx"></g><g v="Apro"></g><g v="inan"></g><g v="masc"></g><g v="sing"></g><g v="accs"></g></l></v></tfr></token><token id="660998" text="мудрец"><tfr rev_id="1493096" t="мудрец"><v><l id="164674" t="мудрец"><g v="NOUN"></g><g v="anim"></g><g v="masc"></g><g v="sing"></g><g v="nomn"></g></l></v></tfr></token><token id="660999" text="делает"><tfr rev_id="1493097" t="делает"><v><l id="80526" t="делаю"><g v="VERB"></g><g v="impf"></g><g v="tran"></g><g v="sing"></g><g v="3per"></g><g v="pres"></g><g v="indc"></g></l></v></tfr></token><token id="661000" text="следующее"><tfr rev_id="3810324" t="следующее"><v><l id="324749" t="следующий"><g v="PRTF"></g><g v="impf"></g><g v="intr"></g><g v="pres"></g><g v="actv"></g><g v="neut"></g><g v="sing"></g><g v="nomn"></g></l></v><v><l id="324749" t="следующий"><g v="PRTF"></g><g v="impf"></g><g v="intr"></g><g v="pres"></g><g v="actv"></g><g v="neut"></g><g v="sing"></g><g v="accs"></g></l></v><v><l id="324769" t="следующий"><g v="ADJF"></g><g v="neut"></g><g v="sing"></g><g v="nomn"></g></l></v><v><l id="324769" t="следующий"><g v="ADJF"></g><g v="neut"></g><g v="sing"></g><g v="accs"></g></l></v></tfr></token><token id="661001" text=":"><tfr rev_id="1493099" t=":"><v><l id="0" t=":"><g v="PNCT"></g></l></v></tfr></token><token id="661002" text="он"><tfr rev_id="3575753" t="он"><v><l id="206541" t="он"><g v="NPRO"></g><g v="masc"></g><g v="3per"></g><g v="Anph"></g><g v="sing"></g><g v="nomn"></g></l></v></tfr></token><token id="661003" text="смотрит"><tfr rev_id="1493101" t="смотрит"><v><l id="326798" t="смотрю"><g v="VERB"></g><g v="impf"></g><g v="tran"></g><g v="sing"></g><g v="3per"></g><g v="pres"></g><g v="indc"></g></l></v></tfr></token><token id="661004" text="на"><tfr rev_id="3345150" t="на"><v><l id="166264" t="на"><g v="PREP"></g></l></v></tfr></token><token id="661005" text="других"><tfr rev_id="3562129" t="других"><v><l id="92342" t="другой"><g v="ADJF"></g><g v="Apro"></g><g v="Subx"></g><g v="anim"></g><g v="plur"></g><g v="accs"></g></l></v></tfr></token><token id="661006" text="мудрецов"><tfr rev_id="4358834" t="мудрецов"><v><l id="164674" t="мудрец"><g v="NOUN"></g><g v="anim"></g><g v="masc"></g><g v="plur"></g><g v="accs"></g></l></v></tfr></token><token id="661007" text="и"><tfr rev_id="1493105" t="и"><v><l id="116949" t="и"><g v="CONJ"></g></l></v><v><l id="116950" t="и"><g v="INTJ"></g></l></v></tfr></token><token id="661008" text="выбирает"><tfr rev_id="1493106" t="выбирает"><v><l id="55639" t="выбираю"><g v="VERB"></g><g v="impf"></g><g v="tran"></g><g v="sing"></g><g v="3per"></g><g v="pres"></g><g v="indc"></g></l></v></tfr></token><token id="661009" text="того"><tfr rev_id="4375952" t="того"><v><l id="348430" t="тот"><g v="ADJF"></g><g v="Subx"></g><g v="Apro"></g><g v="Anph"></g><g v="masc"></g><g v="sing"></g><g v="gent"></g></l></v><v><l id="348430" t="тот"><g v="ADJF"></g><g v="Subx"></g><g v="Apro"></g><g v="Anph"></g><g v="anim"></g><g v="masc"></g><g v="sing"></g><g v="accs"></g></l></v></tfr></token><token id="661010" text=","><tfr rev_id="1493108" t=","><v><l id="0" t=","><g v="PNCT"></g></l></v></tfr></token><token id="661011" text="у"><tfr rev_id="3332736" t="у"><v><l id="352818" t="у"><g v="PREP"></g></l></v></tfr></token><token id="661012" text="который"><tfr rev_id="3637461" t="который"><v><l id="141203" t="который"><g v="ADJF"></g><g v="Apro"></g><g v="Subx"></g><g v="Anph"></g><g v="masc"></g><g v="sing"></g><g v="nomn"></g></l></v><v><l id="141203" t="который"><g v="ADJF"></g><g v="Apro"></g><g v="Subx"></g><g v="Anph"></g><g v="inan"></g><g v="masc"></g><g v="sing"></g><g v="accs"></g></l></v></tfr></token><token id="661013" text="наибольший"><tfr rev_id="1493111" t="наибольший"><v><l id="32448" t="наибольший"><g v="ADJF"></g><g v="Supr"></g><g v="Qual"></g><g v="masc"></g><g v="sing"></g><g v="nomn"></g></l></v><v><l id="32448" t="наибольший"><g v="ADJF"></g><g v="Supr"></g><g v="Qual"></g><g v="inan"></g><g v="masc"></g><g v="sing"></g><g v="accs"></g></l></v></tfr></token><token id="661014" text="номер"><tfr rev_id="4095695" t="номер"><v><l id="192067" t="номер"><g v="NOUN"></g><g v="inan"></g><g v="masc"></g><g v="sing"></g><g v="nomn"></g></l></v></tfr></token><token id="661015" text="в"><tfr rev_id="1493113" t="в"><v><l id="37409" t="в"><g v="PREP"></g></l></v></tfr></token><token id="661016" text="этом"><tfr rev_id="4435785" t="этом"><v><l id="386581" t="этот"><g v="ADJF"></g><g v="Subx"></g><g v="Apro"></g><g v="Anph"></g><g v="masc"></g><g v="sing"></g><g v="loct"></g></l></v></tfr></token><token id="661017" text="смысле"><tfr rev_id="1493115" t="смысле"><v><l id="326999" t="смысл"><g v="NOUN"></g><g v="inan"></g><g v="masc"></g><g v="sing"></g><g v="loct"></g></l></v></tfr></token><token id="661018" text="частичной"><tfr rev_id="2948695" t="частичной"><v><l id="374770" t="частичный"><g v="ADJF"></g><g v="Qual"></g><g v="femn"></g><g v="sing"></g><g v="gent"></g></l></v></tfr></token><token id="661019" text="упорядоченности"><tfr rev_id="4280881" t="упорядоченности"><v><l id="359132" t="упорядоченность"><g v="NOUN"></g><g v="inan"></g><g v="femn"></g><g v="sing"></g><g v="gent"></g></l></v></tfr></token><token id="661020" text="..."><tfr rev_id="1493118" t="..."><v><l id="0" t="..."><g v="PNCT"></g></l></v></tfr></token></tokens></sentence></paragraph><paragraph id="11834"><sentence id="36966"><source>Да, была какая-то задача про бесконечное количество бесконечномудрых мудрецов, которые делают бесконечный объем вычислений за конечное время.</source><tokens><token id="661021" text="Да"><tfr rev_id="1493119" t="Да"><v><l id="77569" t="да"><g v="CONJ"></g></l></v><v><l id="77570" t="да"><g v="PRCL"></g></l></v><v><l id="77571" t="да"><g v="INTJ"></g></l></v></tfr></token><token id="661022" text=","><tfr rev_id="1493120" t=","><v><l id="0" t=","><g v="PNCT"></g></l></v></tfr></token><token id="661023" text="была"><tfr rev_id="1493121" t="была"><v><l id="37265" t="есть"><g v="VERB"></g><g v="impf"></g><g v="intr"></g><g v="femn"></g><g v="sing"></g><g v="past"></g><g v="indc"></g></l></v></tfr></token><token id="661024" text="какая-то"><tfr rev_id="1493122" t="какая-то"><v><l id="128227" t="какой-то"><g v="ADJF"></g><g v="Apro"></g><g v="femn"></g><g v="sing"></g><g v="nomn"></g></l></v></tfr></token><token id="661025" text="задача"><tfr rev_id="1493123" t="задача"><v><l id="101455" t="задача"><g v="NOUN"></g><g v="inan"></g><g v="femn"></g><g v="sing"></g><g v="nomn"></g></l></v></tfr></token><token id="661026" text="про"><tfr rev_id="1493124" t="про"><v><l id="277024" t="про"><g v="PREP"></g></l></v></tfr></token><token id="661027" text="бесконечное"><tfr rev_id="1493125" t="бесконечное"><v><l id="28217" t="бесконечный"><g v="ADJF"></g><g v="Qual"></g><g v="neut"></g><g v="sing"></g><g v="nomn"></g></l></v><v><l id="28217" t="бесконечный"><g v="ADJF"></g><g v="Qual"></g><g v="neut"></g><g v="sing"></g><g v="accs"></g></l></v></tfr></token><token id="661028" text="количество"><tfr rev_id="3551509" t="количество"><v><l id="135983" t="количество"><g v="NOUN"></g><g v="inan"></g><g v="neut"></g><g v="sing"></g><g v="accs"></g></l></v></tfr></token><token id="661029" text="бесконечномудрых"><tfr rev_id="1493127" t="бесконечномудрых"><v><l id="0" t="бесконечномудрых"><g v="UNKN"></g></l></v></tfr></token><token id="661030" text="мудрецов"><tfr rev_id="3547195" t="мудрецов"><v><l id="164674" t="мудрец"><g v="NOUN"></g><g v="anim"></g><g v="masc"></g><g v="plur"></g><g v="gent"></g></l></v></tfr></token><token id="661031" text=","><tfr rev_id="1493129" t=","><v><l id="0" t=","><g v="PNCT"></g></l></v></tfr></token><token id="661032" text="которые"><tfr rev_id="3816226" t="которые"><v><l id="141203" t="который"><g v="ADJF"></g><g v="Apro"></g><g v="Subx"></g><g v="Anph"></g><g v="plur"></g><g v="nomn"></g></l></v></tfr></token><token id="661033" text="делают"><tfr rev_id="1493131" t="делают"><v><l id="80526" t="делаю"><g v="VERB"></g><g v="impf"></g><g v="tran"></g><g v="plur"></g><g v="3per"></g><g v="pres"></g><g v="indc"></g></l></v></tfr></token><token id="661034" text="бесконечный"><tfr rev_id="1493132" t="бесконечный"><v><l id="28217" t="бесконечный"><g v="ADJF"></g><g v="Qual"></g><g v="masc"></g><g v="sing"></g><g v="nomn"></g></l></v><v><l id="28217" t="бесконечный"><g v="ADJF"></g><g v="Qual"></g><g v="inan"></g><g v="masc"></g><g v="sing"></g><g v="accs"></g></l></v></tfr></token><token id="661035" text="объем"><tfr rev_id="1715758" t="объем"><v><l id="201701" t="объём"><g v="NOUN"></g><g v="inan"></g><g v="masc"></g><g v="sing"></g><g v="nomn"></g></l></v><v><l id="201701" t="объём"><g v="NOUN"></g><g v="inan"></g><g v="masc"></g><g v="sing"></g><g v="accs"></g></l></v></tfr></token><token id="661036" text="вычислений"><tfr rev_id="1493134" t="вычислений"><v><l id="64273" t="вычисление"><g v="NOUN"></g><g v="inan"></g><g v="neut"></g><g v="plur"></g><g v="gent"></g></l></v></tfr></token><token id="661037" text="за"><tfr rev_id="1493135" t="за"><v><l id="98043" t="за"><g v="PREP"></g></l></v></tfr></token><token id="661038" text="конечное"><tfr rev_id="1493136" t="конечное"><v><l id="137821" t="конечный"><g v="ADJF"></g><g v="Qual"></g><g v="neut"></g><g v="sing"></g><g v="nomn"></g></l></v><v><l id="137821" t="конечный"><g v="ADJF"></g><g v="Qual"></g><g v="neut"></g><g v="sing"></g><g v="accs"></g></l></v></tfr></token><token id="661039" text="время"><tfr rev_id="1493137" t="время"><v><l id="53149" t="время"><g v="NOUN"></g><g v="inan"></g><g v="neut"></g><g v="sing"></g><g v="nomn"></g></l></v><v><l id="53149" t="время"><g v="NOUN"></g><g v="inan"></g><g v="neut"></g><g v="sing"></g><g v="accs"></g></l></v></tfr></token><token id="661040" text="."><tfr rev_id="1493138" t="."><v><l id="0" t="."><g v="PNCT"></g></l></v></tfr></token></tokens></sentence><sentence id="36967"><source>Но условие ее я не воспроизведу, потому что математические задачи он мне обычно рассказывает в случае бессоницы и на словах"омега в степени омега в степени омега"я, как правило, засыпаю.</source><tokens><token id="661041" text="Но"><tfr rev_id="1493139" t="Но"><v><l id="191429" t="но"><g v="CONJ"></g></l></v><v><l id="191430" t="но"><g v="INTJ"></g></l></v></tfr></token><token id="661042" text="условие"><tfr rev_id="4101985" t="условие"><v><l id="360556" t="условие"><g v="NOUN"></g><g v="inan"></g><g v="neut"></g><g v="sing"></g><g v="accs"></g></l></v></tfr></token><token id="661043" text="ее"><tfr rev_id="4514695" t="ее"><v><l id="94433" t="её"><g v="ADJF"></g><g v="Fixd"></g><g v="Apro"></g><g v="Anph"></g><g v="neut"></g><g v="sing"></g><g v="nomn"></g></l></v><v><l id="94433" t="её"><g v="ADJF"></g><g v="Fixd"></g><g v="Apro"></g><g v="Anph"></g><g v="neut"></g><g v="sing"></g><g v="gent"></g></l></v><v><l id="94433" t="её"><g v="ADJF"></g><g v="Fixd"></g><g v="Apro"></g><g v="Anph"></g><g v="neut"></g><g v="sing"></g><g v="datv"></g></l></v><v><l id="94433" t="её"><g v="ADJF"></g><g v="Fixd"></g><g v="Apro"></g><g v="Anph"></g><g v="neut"></g><g v="sing"></g><g v="accs"></g></l></v><v><l id="94433" t="её"><g v="ADJF"></g><g v="Fixd"></g><g v="Apro"></g><g v="Anph"></g><g v="neut"></g><g v="sing"></g><g v="ablt"></g></l></v><v><l id="94433" t="её"><g v="ADJF"></g><g v="Fixd"></g><g v="Apro"></g><g v="Anph"></g><g v="neut"></g><g v="sing"></g><g v="loct"></g></l></v></tfr></token><token id="661044" text="я"><tfr rev_id="1493142" t="я"><v><l id="387317" t="я"><g v="NPRO"></g><g v="1per"></g><g v="sing"></g><g v="nomn"></g></l></v></tfr></token><token id="661045" text="не"><tfr rev_id="1493143" t="не"><v><l id="178876" t="не"><g v="PRCL"></g></l></v></tfr></token><token id="661046" text="воспроизведу"><tfr rev_id="1493144" t="воспроизведу"><v><l id="51706" t="воспроизвёл"><g v="VERB"></g><g v="perf"></g><g v="tran"></g><g v="sing"></g><g v="1per"></g><g v="futr"></g><g v="indc"></g></l></v></tfr></token><token id="661047" text=","><tfr rev_id="1493145" t=","><v><l id="0" t=","><g v="PNCT"></g></l></v></tfr></token><token id="661048" text="потому"><tfr rev_id="1493146" t="потому"><v><l id="263335" t="потому"><g v="ADVB"></g><g v="Dmns"></g></l></v></tfr></token><token id="661049" text="что"><tfr rev_id="3197405" t="что"><v><l id="377004" t="что"><g v="CONJ"></g></l></v><v><l id="377005" t="что"><g v="NPRO"></g><g v="neut"></g><g v="sing"></g><g v="nomn"></g></l></v><v><l id="377005" t="что"><g v="NPRO"></g><g v="neut"></g><g v="sing"></g><g v="accs"></g></l></v><v><l id="377006" t="что"><g v="ADVB"></g><g v="Ques"></g></l></v><v><l id="388695" t="что"><g v="PRCL"></g></l></v></tfr></token><token id="661050" text="математические"><tfr rev_id="4075820" t="математические"><v><l id="156188" t="математический"><g v="ADJF"></g><g v="inan"></g><g v="plur"></g><g v="accs"></g></l></v></tfr></token><token id="661051" text="задачи"><tfr rev_id="3765417" t="задачи"><v><l id="101455" t="задача"><g v="NOUN"></g><g v="inan"></g><g v="femn"></g><g v="plur"></g><g v="accs"></g></l></v></tfr></token><token id="661052" text="он"><tfr rev_id="3575754" t="он"><v><l id="206541" t="он"><g v="NPRO"></g><g v="masc"></g><g v="3per"></g><g v="Anph"></g><g v="sing"></g><g v="nomn"></g></l></v></tfr></token><token id="661053" text="мне"><tfr rev_id="4202130" t="мне"><v><l id="387317" t="я"><g v="NPRO"></g><g v="1per"></g><g v="sing"></g><g v="datv"></g></l></v></tfr></token><token id="661054" text="обычно"><tfr rev_id="3526465" t="обычно"><v><l id="202047" t="обычно"><g v="ADVB"></g></l></v></tfr></token><token id="661055" text="рассказывает"><tfr rev_id="1493153" t="рассказывает"><v><l id="300983" t="рассказываю"><g v="VERB"></g><g v="impf"></g><g v="tran"></g><g v="sing"></g><g v="3per"></g><g v="pres"></g><g v="indc"></g></l></v></tfr></token><token id="661056" text="в"><tfr rev_id="1493154" t="в"><v><l id="37409" t="в"><g v="PREP"></g></l></v></tfr></token><token id="661057" text="случае"><tfr rev_id="1493155" t="случае"><v><l id="325472" t="случай"><g v="NOUN"></g><g v="inan"></g><g v="masc"></g><g v="sing"></g><g v="loct"></g></l></v></tfr></token><token id="661058" text="бессоницы"><tfr rev_id="1493156" t="бессоницы"><v><l id="28790" t="бессоница"><g v="NOUN"></g><g v="inan"></g><g v="femn"></g><g v="Sgtm"></g><g v="Erro"></g><g v="sing"></g><g v="gent"></g></l></v></tfr></token><token id="661059" text="и"><tfr rev_id="1493157" t="и"><v><l id="116949" t="и"><g v="CONJ"></g></l></v><v><l id="116950" t="и"><g v="INTJ"></g></l></v></tfr></token><token id="661060" text="на"><tfr rev_id="3337380" t="на"><v><l id="166264" t="на"><g v="PREP"></g></l></v></tfr></token><token id="661061" text="словах"><tfr rev_id="1493159" t="словах"><v><l id="325168" t="слово"><g v="NOUN"></g><g v="inan"></g><g v="neut"></g><g v="plur"></g><g v="loct"></g></l></v></tfr></token><token id="661062" text="&quot;"><tfr rev_id="1493160" t="&quot;"><v><l id="0" t="&quot;"><g v="PNCT"></g></l></v></tfr></token><token id="661063" text="омега"><tfr rev_id="4293073" t="омега"><v><l id="206306" t="омега"><g v="NOUN"></g><g v="inan"></g><g v="femn"></g><g v="sing"></g><g v="nomn"></g></l></v></tfr></token><token id="661064" text="в"><tfr rev_id="1493162" t="в"><v><l id="37409" t="в"><g v="PREP"></g></l></v></tfr></token><token id="661065" text="степени"><tfr rev_id="3546635" t="степени"><v><l id="335806" t="степень"><g v="NOUN"></g><g v="inan"></g><g v="femn"></g><g v="sing"></g><g v="loct"></g></l></v></tfr></token><token id="661066" text="омега"><tfr rev_id="4181315" t="омега"><v><l id="206306" t="омега"><g v="NOUN"></g><g v="inan"></g><g v="femn"></g><g v="sing"></g><g v="nomn"></g></l></v></tfr></token><token id="661067" text="в"><tfr rev_id="1493165" t="в"><v><l id="37409" t="в"><g v="PREP"></g></l></v></tfr></token><token id="661068" text="степени"><tfr rev_id="4178050" t="степени"><v><l id="335806" t="степень"><g v="NOUN"></g><g v="inan"></g><g v="femn"></g><g v="sing"></g><g v="loct"></g></l></v></tfr></token><token id="661069" text="омега"><tfr rev_id="4175788" t="омега"><v><l id="206306" t="омега"><g v="NOUN"></g><g v="inan"></g><g v="femn"></g><g v="sing"></g><g v="nomn"></g></l></v></tfr></token><token id="661070" text="&quot;"><tfr rev_id="1493168" t="&quot;"><v><l id="0" t="&quot;"><g v="PNCT"></g></l></v></tfr></token><token id="661071" text="я"><tfr rev_id="1493169" t="я"><v><l id="387317" t="я"><g v="NPRO"></g><g v="1per"></g><g v="sing"></g><g v="nomn"></g></l></v></tfr></token><token id="661072" text=","><tfr rev_id="1493170" t=","><v><l id="0" t=","><g v="PNCT"></g></l></v></tfr></token><token id="661073" text="как"><tfr rev_id="1493171" t="как"><v><l id="128190" t="как"><g v="CONJ"></g></l></v><v><l id="128191" t="как"><g v="PRCL"></g></l></v><v><l id="128192" t="как"><g v="ADVB"></g><g v="Ques"></g></l></v></tfr></token><token id="661074" text="правило"><tfr rev_id="3555187" t="правило"><v><l id="265619" t="правило"><g v="NOUN"></g><g v="inan"></g><g v="neut"></g><g v="sing"></g><g v="nomn"></g></l></v></tfr></token><token id="661075" text=","><tfr rev_id="1493173" t=","><v><l id="0" t=","><g v="PNCT"></g></l></v></tfr></token><token id="661076" text="засыпаю"><tfr rev_id="1493174" t="засыпаю"><v><l id="110931" t="засыпаю"><g v="VERB"></g><g v="impf"></g><g v="tran"></g><g v="sing"></g><g v="1per"></g><g v="pres"></g><g v="indc"></g></l></v><v><l id="110938" t="засыпаю"><g v="VERB"></g><g v="impf"></g><g v="intr"></g><g v="sing"></g><g v="1per"></g><g v="pres"></g><g v="indc"></g></l></v></tfr></token><token id="661077" text="."><tfr rev_id="1493175" t="."><v><l id="0" t="."><g v="PNCT"></g></l></v></tfr></token></tokens></sentence></paragraph></paragraphs></text>