<?xml version="1.0" encoding="utf-8"?><text id="1294" parent="602" name="0087030 гулять нельзя работать"><tags><tag>url:http://l-i-d-y-a.livejournal.com/87030.html</tag><tag>Год:2009</tag><tag>Дата:28/04</tag><tag>Время:18:40</tag><tag>ЖЖ:Метка:внутр и внеш</tag><tag>ЖЖ:Метка:педагогическое</tag></tags><paragraphs><paragraph id="11839"><sentence id="36974"><source>гулять нельзя работать</source><tokens><token id="661156" text="гулять"><tfr rev_id="1493254" t="гулять"><v><l id="76841" t="гулять"><g v="INFN"></g><g v="impf"></g><g v="intr"></g></l></v></tfr></token><token id="661157" text="нельзя"><tfr rev_id="1493255" t="нельзя"><v><l id="183884" t="нельзя"><g v="PRED"></g><g v="pres"></g></l></v></tfr></token><token id="661158" text="работать"><tfr rev_id="1493256" t="работать"><v><l id="290503" t="работать"><g v="INFN"></g><g v="impf"></g><g v="intr"></g></l></v></tfr></token></tokens></sentence></paragraph><paragraph id="11840"><sentence id="36975"><source>Так, кто мне сегодня еще не позвонил и не встретил случайно на улице?</source><tokens><token id="661159" text="Так"><tfr rev_id="1493257" t="Так"><v><l id="342451" t="так"><g v="CONJ"></g></l></v><v><l id="342452" t="так"><g v="PRCL"></g></l></v><v><l id="342453" t="так"><g v="ADVB"></g><g v="Dmns"></g></l></v></tfr></token><token id="661160" text=","><tfr rev_id="1493258" t=","><v><l id="0" t=","><g v="PNCT"></g></l></v></tfr></token><token id="661161" text="кто"><tfr rev_id="1493259" t="кто"><v><l id="144216" t="кто"><g v="NPRO"></g><g v="masc"></g><g v="sing"></g><g v="nomn"></g></l></v></tfr></token><token id="661162" text="мне"><tfr rev_id="4200923" t="мне"><v><l id="387317" t="я"><g v="NPRO"></g><g v="1per"></g><g v="sing"></g><g v="datv"></g></l></v></tfr></token><token id="661163" text="сегодня"><tfr rev_id="1493261" t="сегодня"><v><l id="317730" t="сегодня"><g v="ADVB"></g></l></v></tfr></token><token id="661164" text="еще"><tfr rev_id="1493262" t="еще"><v><l id="95551" t="ещё"><g v="PRCL"></g></l></v><v><l id="95552" t="ещё"><g v="ADVB"></g></l></v></tfr></token><token id="661165" text="не"><tfr rev_id="1493263" t="не"><v><l id="178876" t="не"><g v="PRCL"></g></l></v></tfr></token><token id="661166" text="позвонил"><tfr rev_id="1493264" t="позвонил"><v><l id="253443" t="позвонил"><g v="VERB"></g><g v="perf"></g><g v="intr"></g><g v="masc"></g><g v="sing"></g><g v="past"></g><g v="indc"></g></l></v></tfr></token><token id="661167" text="и"><tfr rev_id="1493265" t="и"><v><l id="116949" t="и"><g v="CONJ"></g></l></v><v><l id="116950" t="и"><g v="INTJ"></g></l></v></tfr></token><token id="661168" text="не"><tfr rev_id="1493266" t="не"><v><l id="178876" t="не"><g v="PRCL"></g></l></v></tfr></token><token id="661169" text="встретил"><tfr rev_id="1493267" t="встретил"><v><l id="54520" t="встретил"><g v="VERB"></g><g v="perf"></g><g v="tran"></g><g v="masc"></g><g v="sing"></g><g v="past"></g><g v="indc"></g></l></v></tfr></token><token id="661170" text="случайно"><tfr rev_id="1493268" t="случайно"><v><l id="325473" t="случайно"><g v="ADVB"></g></l></v><v><l id="325474" t="случайно"><g v="CONJ"></g><g v="Prnt"></g></l></v><v><l id="325478" t="случаен"><g v="ADJS"></g><g v="Qual"></g><g v="neut"></g><g v="sing"></g></l></v></tfr></token><token id="661171" text="на"><tfr rev_id="3338431" t="на"><v><l id="166264" t="на"><g v="PREP"></g></l></v></tfr></token><token id="661172" text="улице"><tfr rev_id="3540021" t="улице"><v><l id="356890" t="улица"><g v="NOUN"></g><g v="inan"></g><g v="femn"></g><g v="sing"></g><g v="loct"></g></l></v></tfr></token><token id="661173" text="?"><tfr rev_id="1493271" t="?"><v><l id="0" t="?"><g v="PNCT"></g></l></v></tfr></token></tokens></sentence><sentence id="36976"><source>С 19-30 до 20-00 я буду прогуливаться по Малому проспекту.</source><tokens><token id="661174" text="С"><tfr rev_id="1493272" t="С"><v><l id="311151" t="с"><g v="PREP"></g></l></v></tfr></token><token id="661175" text="19-30"><tfr rev_id="4146810" t="19-30"><v><l id="0" t="19-30"><g v="UNKN"></g></l></v></tfr></token><token id="661176" text="до"><tfr rev_id="1493274" t="до"><v><l id="85153" t="до"><g v="PREP"></g></l></v></tfr></token><token id="661177" text="20-00"><tfr rev_id="4146811" t="20-00"><v><l id="0" t="20-00"><g v="UNKN"></g></l></v></tfr></token><token id="661178" text="я"><tfr rev_id="1493276" t="я"><v><l id="387317" t="я"><g v="NPRO"></g><g v="1per"></g><g v="sing"></g><g v="nomn"></g></l></v></tfr></token><token id="661179" text="буду"><tfr rev_id="1493277" t="буду"><v><l id="37265" t="есть"><g v="VERB"></g><g v="impf"></g><g v="intr"></g><g v="sing"></g><g v="1per"></g><g v="futr"></g><g v="indc"></g></l></v></tfr></token><token id="661180" text="прогуливаться"><tfr rev_id="1493278" t="прогуливаться"><v><l id="278855" t="прогуливаться"><g v="INFN"></g><g v="impf"></g><g v="intr"></g></l></v></tfr></token><token id="661181" text="по"><tfr rev_id="1493279" t="по"><v><l id="241240" t="по"><g v="PREP"></g></l></v></tfr></token><token id="661182" text="Малому"><tfr rev_id="4306859" t="Малому"><v><l id="154377" t="малый"><g v="ADJF"></g><g v="Qual"></g><g v="masc"></g><g v="sing"></g><g v="datv"></g></l></v></tfr></token><token id="661183" text="проспекту"><tfr rev_id="1493281" t="проспекту"><v><l id="284779" t="проспект"><g v="NOUN"></g><g v="inan"></g><g v="masc"></g><g v="sing"></g><g v="datv"></g></l></v></tfr></token><token id="661184" text="."><tfr rev_id="1493282" t="."><v><l id="0" t="."><g v="PNCT"></g></l></v></tfr></token></tokens></sentence><sentence id="36977"><source>День стремительно улетает в трубу и в хмельное весеннее веселье.</source><tokens><token id="661185" text="День"><tfr rev_id="4108410" t="День"><v><l id="81427" t="день"><g v="NOUN"></g><g v="inan"></g><g v="masc"></g><g v="sing"></g><g v="nomn"></g></l></v></tfr></token><token id="661186" text="стремительно"><tfr rev_id="1493284" t="стремительно"><v><l id="337445" t="стремительно"><g v="ADVB"></g></l></v><v><l id="337449" t="стремителен"><g v="ADJS"></g><g v="Qual"></g><g v="neut"></g><g v="sing"></g></l></v></tfr></token><token id="661187" text="улетает"><tfr rev_id="1493285" t="улетает"><v><l id="356798" t="улетаю"><g v="VERB"></g><g v="impf"></g><g v="intr"></g><g v="sing"></g><g v="3per"></g><g v="pres"></g><g v="indc"></g></l></v></tfr></token><token id="661188" text="в"><tfr rev_id="1493286" t="в"><v><l id="37409" t="в"><g v="PREP"></g></l></v></tfr></token><token id="661189" text="трубу"><tfr rev_id="1493287" t="трубу"><v><l id="350608" t="труба"><g v="NOUN"></g><g v="inan"></g><g v="femn"></g><g v="sing"></g><g v="accs"></g></l></v></tfr></token><token id="661190" text="и"><tfr rev_id="3724267" t="и"><v><l id="116949" t="и"><g v="CONJ"></g></l></v></tfr></token><token id="661191" text="в"><tfr rev_id="1493289" t="в"><v><l id="37409" t="в"><g v="PREP"></g></l></v></tfr></token><token id="661192" text="хмельное"><tfr rev_id="1493290" t="хмельное"><v><l id="370994" t="хмельной"><g v="ADJF"></g><g v="Qual"></g><g v="neut"></g><g v="sing"></g><g v="nomn"></g></l></v><v><l id="370994" t="хмельной"><g v="ADJF"></g><g v="Qual"></g><g v="neut"></g><g v="sing"></g><g v="accs"></g></l></v><v><l id="370997" t="хмельный"><g v="ADJF"></g><g v="Qual"></g><g v="neut"></g><g v="sing"></g><g v="nomn"></g></l></v><v><l id="370997" t="хмельный"><g v="ADJF"></g><g v="Qual"></g><g v="neut"></g><g v="sing"></g><g v="accs"></g></l></v></tfr></token><token id="661193" text="весеннее"><tfr rev_id="3813709" t="весеннее"><v><l id="41993" t="весенний"><g v="ADJF"></g><g v="neut"></g><g v="sing"></g><g v="nomn"></g></l></v><v><l id="41993" t="весенний"><g v="ADJF"></g><g v="neut"></g><g v="sing"></g><g v="accs"></g></l></v></tfr></token><token id="661194" text="веселье"><tfr rev_id="4465378" t="веселье"><v><l id="41948" t="веселье"><g v="NOUN"></g><g v="inan"></g><g v="neut"></g><g v="sing"></g><g v="accs"></g></l></v></tfr></token><token id="661195" text="."><tfr rev_id="1493293" t="."><v><l id="0" t="."><g v="PNCT"></g></l></v></tfr></token></tokens></sentence></paragraph><paragraph id="11841"><sentence id="36978"><source>Похоже, такое не только со мной - последний встреченный уже не спрашивал"Ты откуда?"или"Какими судьбами?", а лишь беспомощно хватал ртом воздух и размахивал руками, пытаясь всплыть.</source><tokens><token id="661196" text="Похоже"><tfr rev_id="4368899" t="Похоже"><v><l id="264396" t="похоже"><g v="CONJ"></g><g v="Prnt"></g></l></v><v><l id="264399" t="похож"><g v="ADJS"></g><g v="Qual"></g><g v="neut"></g><g v="sing"></g></l></v><v><l id="390510" t="похоже"><g v="ADVB"></g></l></v></tfr></token><token id="661197" text=","><tfr rev_id="1493295" t=","><v><l id="0" t=","><g v="PNCT"></g></l></v></tfr></token><token id="661198" text="такое"><tfr rev_id="1493296" t="такое"><v><l id="342491" t="такой"><g v="ADJF"></g><g v="Apro"></g><g v="neut"></g><g v="sing"></g><g v="nomn"></g></l></v><v><l id="342491" t="такой"><g v="ADJF"></g><g v="Apro"></g><g v="neut"></g><g v="sing"></g><g v="accs"></g></l></v></tfr></token><token id="661199" text="не"><tfr rev_id="1493297" t="не"><v><l id="178876" t="не"><g v="PRCL"></g></l></v></tfr></token><token id="661200" text="только"><tfr rev_id="3784140" t="только"><v><l id="347395" t="только"><g v="CONJ"></g></l></v><v><l id="347396" t="только"><g v="PRCL"></g></l></v><v><l id="390053" t="только"><g v="ADVB"></g></l></v></tfr></token><token id="661201" text="со"><tfr rev_id="2919255" t="со"><v><l id="311151" t="с"><g v="PREP"></g><g v="Vpre"></g></l></v></tfr></token><token id="661202" text="мной"><tfr rev_id="1493300" t="мной"><v><l id="387317" t="я"><g v="NPRO"></g><g v="1per"></g><g v="sing"></g><g v="ablt"></g></l></v></tfr></token><token id="661203" text="-"><tfr rev_id="1493301" t="-"><v><l id="0" t="-"><g v="PNCT"></g></l></v></tfr></token><token id="661204" text="последний"><tfr rev_id="1493302" t="последний"><v><l id="261565" t="последний"><g v="ADJF"></g><g v="masc"></g><g v="sing"></g><g v="nomn"></g></l></v><v><l id="261565" t="последний"><g v="ADJF"></g><g v="inan"></g><g v="masc"></g><g v="sing"></g><g v="accs"></g></l></v></tfr></token><token id="661205" text="встреченный"><tfr rev_id="1493303" t="встреченный"><v><l id="54523" t="встреченный"><g v="PRTF"></g><g v="perf"></g><g v="tran"></g><g v="past"></g><g v="pssv"></g><g v="masc"></g><g v="sing"></g><g v="nomn"></g></l></v><v><l id="54523" t="встреченный"><g v="PRTF"></g><g v="perf"></g><g v="tran"></g><g v="past"></g><g v="pssv"></g><g v="inan"></g><g v="masc"></g><g v="sing"></g><g v="accs"></g></l></v></tfr></token><token id="661206" text="уже"><tfr rev_id="2692841" t="уже"><v><l id="355422" t="уж"><g v="NOUN"></g><g v="anim"></g><g v="masc"></g><g v="sing"></g><g v="loct"></g></l></v><v><l id="355498" t="уже"><g v="ADVB"></g></l></v><v><l id="355674" t="уже"><g v="COMP"></g><g v="Qual"></g></l></v><v><l id="388673" t="уже"><g v="PRCL"></g></l></v></tfr></token><token id="661207" text="не"><tfr rev_id="1493305" t="не"><v><l id="178876" t="не"><g v="PRCL"></g></l></v></tfr></token><token id="661208" text="спрашивал"><tfr rev_id="1493306" t="спрашивал"><v><l id="332935" t="спрашиваю"><g v="VERB"></g><g v="impf"></g><g v="tran"></g><g v="masc"></g><g v="sing"></g><g v="past"></g><g v="indc"></g></l></v></tfr></token><token id="661209" text="&quot;"><tfr rev_id="1493307" t="&quot;"><v><l id="0" t="&quot;"><g v="PNCT"></g></l></v></tfr></token><token id="661210" text="Ты"><tfr rev_id="1493308" t="Ты"><v><l id="352128" t="ты"><g v="NPRO"></g><g v="2per"></g><g v="sing"></g><g v="nomn"></g></l></v></tfr></token><token id="661211" text="откуда"><tfr rev_id="1493309" t="откуда"><v><l id="214764" t="откуда"><g v="ADVB"></g><g v="Ques"></g></l></v></tfr></token><token id="661212" text="?"><tfr rev_id="1493310" t="?"><v><l id="0" t="?"><g v="PNCT"></g></l></v></tfr></token><token id="661213" text="&quot;"><tfr rev_id="1493311" t="&quot;"><v><l id="0" t="&quot;"><g v="PNCT"></g></l></v></tfr></token><token id="661214" text="или"><tfr rev_id="3787296" t="или"><v><l id="121146" t="или"><g v="CONJ"></g></l></v></tfr></token><token id="661215" text="&quot;"><tfr rev_id="1493313" t="&quot;"><v><l id="0" t="&quot;"><g v="PNCT"></g></l></v></tfr></token><token id="661216" text="Какими"><tfr rev_id="1493314" t="Какими"><v><l id="128224" t="какой"><g v="ADJF"></g><g v="Apro"></g><g v="plur"></g><g v="ablt"></g></l></v></tfr></token><token id="661217" text="судьбами"><tfr rev_id="1493315" t="судьбами"><v><l id="339107" t="судьба"><g v="NOUN"></g><g v="inan"></g><g v="femn"></g><g v="plur"></g><g v="ablt"></g></l></v></tfr></token><token id="661218" text="?"><tfr rev_id="1493316" t="?"><v><l id="0" t="?"><g v="PNCT"></g></l></v></tfr></token><token id="661219" text="&quot;"><tfr rev_id="1493317" t="&quot;"><v><l id="0" t="&quot;"><g v="PNCT"></g></l></v></tfr></token><token id="661220" text=","><tfr rev_id="1493318" t=","><v><l id="0" t=","><g v="PNCT"></g></l></v></tfr></token><token id="661221" text="а"><tfr rev_id="1493319" t="а"><v><l id="51" t="а"><g v="CONJ"></g></l></v><v><l id="52" t="а"><g v="INTJ"></g></l></v><v><l id="53" t="а"><g v="PRCL"></g></l></v></tfr></token><token id="661222" text="лишь"><tfr rev_id="1493320" t="лишь"><v><l id="150259" t="лишь"><g v="CONJ"></g></l></v><v><l id="150260" t="лишь"><g v="PRCL"></g></l></v></tfr></token><token id="661223" text="беспомощно"><tfr rev_id="1493321" t="беспомощно"><v><l id="28464" t="беспомощно"><g v="ADVB"></g></l></v><v><l id="28468" t="беспомощен"><g v="ADJS"></g><g v="Qual"></g><g v="neut"></g><g v="sing"></g></l></v></tfr></token><token id="661224" text="хватал"><tfr rev_id="1493322" t="хватал"><v><l id="369806" t="хватаю"><g v="VERB"></g><g v="impf"></g><g v="tran"></g><g v="masc"></g><g v="sing"></g><g v="past"></g><g v="indc"></g></l></v></tfr></token><token id="661225" text="ртом"><tfr rev_id="4215683" t="ртом"><v><l id="309497" t="рот"><g v="NOUN"></g><g v="inan"></g><g v="masc"></g><g v="sing"></g><g v="ablt"></g></l></v></tfr></token><token id="661226" text="воздух"><tfr rev_id="3530763" t="воздух"><v><l id="49093" t="воздух"><g v="NOUN"></g><g v="inan"></g><g v="masc"></g><g v="sing"></g><g v="accs"></g></l></v></tfr></token><token id="661227" text="и"><tfr rev_id="3538818" t="и"><v><l id="116949" t="и"><g v="CONJ"></g></l></v></tfr></token><token id="661228" text="размахивал"><tfr rev_id="1493326" t="размахивал"><v><l id="294864" t="размахиваю"><g v="VERB"></g><g v="impf"></g><g v="intr"></g><g v="masc"></g><g v="sing"></g><g v="past"></g><g v="indc"></g></l></v></tfr></token><token id="661229" text="руками"><tfr rev_id="1493327" t="руками"><v><l id="309953" t="рука"><g v="NOUN"></g><g v="inan"></g><g v="femn"></g><g v="plur"></g><g v="ablt"></g></l></v></tfr></token><token id="661230" text=","><tfr rev_id="1493328" t=","><v><l id="0" t=","><g v="PNCT"></g></l></v></tfr></token><token id="661231" text="пытаясь"><tfr rev_id="1493329" t="пытаясь"><v><l id="290090" t="пытаясь"><g v="GRND"></g><g v="impf"></g><g v="intr"></g><g v="pres"></g></l></v></tfr></token><token id="661232" text="всплыть"><tfr rev_id="1493330" t="всплыть"><v><l id="54148" t="всплыть"><g v="INFN"></g><g v="perf"></g><g v="intr"></g></l></v></tfr></token><token id="661233" text="."><tfr rev_id="1493331" t="."><v><l id="0" t="."><g v="PNCT"></g></l></v></tfr></token></tokens></sentence></paragraph><paragraph id="11842"><sentence id="36979"><source>А из-за вечернего урока в школе алкоголиков я сегодня еще и в жестком мини.</source><tokens><token id="661234" text="А"><tfr rev_id="1493332" t="А"><v><l id="51" t="а"><g v="CONJ"></g></l></v><v><l id="52" t="а"><g v="INTJ"></g></l></v><v><l id="53" t="а"><g v="PRCL"></g></l></v></tfr></token><token id="661235" text="из-за"><tfr rev_id="1493333" t="из-за"><v><l id="117678" t="из-за"><g v="PREP"></g></l></v></tfr></token><token id="661236" text="вечернего"><tfr rev_id="4166831" t="вечернего"><v><l id="42384" t="вечерний"><g v="ADJF"></g><g v="masc"></g><g v="sing"></g><g v="gent"></g></l></v><v><l id="42384" t="вечерний"><g v="ADJF"></g><g v="anim"></g><g v="masc"></g><g v="sing"></g><g v="accs"></g></l></v></tfr></token><token id="661237" text="урока"><tfr rev_id="1493335" t="урока"><v><l id="360028" t="урок"><g v="NOUN"></g><g v="inan"></g><g v="masc"></g><g v="sing"></g><g v="gent"></g></l></v></tfr></token><token id="661238" text="в"><tfr rev_id="1493336" t="в"><v><l id="37409" t="в"><g v="PREP"></g></l></v></tfr></token><token id="661239" text="школе"><tfr rev_id="2931207" t="школе"><v><l id="380220" t="школа"><g v="NOUN"></g><g v="inan"></g><g v="femn"></g><g v="sing"></g><g v="loct"></g></l></v></tfr></token><token id="661240" text="алкоголиков"><tfr rev_id="4355614" t="алкоголиков"><v><l id="9615" t="алкоголик"><g v="NOUN"></g><g v="anim"></g><g v="masc"></g><g v="plur"></g><g v="gent"></g></l></v></tfr></token><token id="661241" text="я"><tfr rev_id="1493339" t="я"><v><l id="387317" t="я"><g v="NPRO"></g><g v="1per"></g><g v="sing"></g><g v="nomn"></g></l></v></tfr></token><token id="661242" text="сегодня"><tfr rev_id="1493340" t="сегодня"><v><l id="317730" t="сегодня"><g v="ADVB"></g></l></v></tfr></token><token id="661243" text="еще"><tfr rev_id="1493341" t="еще"><v><l id="95551" t="ещё"><g v="PRCL"></g></l></v><v><l id="95552" t="ещё"><g v="ADVB"></g></l></v></tfr></token><token id="661244" text="и"><tfr rev_id="1493342" t="и"><v><l id="116949" t="и"><g v="CONJ"></g></l></v><v><l id="116950" t="и"><g v="INTJ"></g></l></v></tfr></token><token id="661245" text="в"><tfr rev_id="1493343" t="в"><v><l id="37409" t="в"><g v="PREP"></g></l></v></tfr></token><token id="661246" text="жестком"><tfr rev_id="3449198" t="жестком"><v><l id="95578" t="жёсткий"><g v="ADJF"></g><g v="Qual"></g><g v="neut"></g><g v="sing"></g><g v="loct"></g></l></v></tfr></token><token id="661247" text="мини"><tfr rev_id="4399779" t="мини"><v><l id="0" t="мини"><g v="UNKN"></g></l></v></tfr></token><token id="661248" text="."><tfr rev_id="1493346" t="."><v><l id="0" t="."><g v="PNCT"></g></l></v></tfr></token></tokens></sentence><sentence id="36980"><source>На нашей Буренке сегодня было очаравательное седло.</source><tokens><token id="661249" text="На"><tfr rev_id="3394251" t="На"><v><l id="166264" t="на"><g v="PREP"></g></l></v></tfr></token><token id="661250" text="нашей"><tfr rev_id="4399527" t="нашей"><v><l id="178492" t="наш"><g v="ADJF"></g><g v="Apro"></g><g v="femn"></g><g v="sing"></g><g v="loct"></g></l></v></tfr></token><token id="661251" text="Буренке"><tfr rev_id="2931199" t="Буренке"><v><l id="35899" t="бурёнка"><g v="NOUN"></g><g v="anim"></g><g v="femn"></g><g v="sing"></g><g v="loct"></g></l></v></tfr></token><token id="661252" text="сегодня"><tfr rev_id="1493350" t="сегодня"><v><l id="317730" t="сегодня"><g v="ADVB"></g></l></v></tfr></token><token id="661253" text="было"><tfr rev_id="3124500" t="было"><v><l id="37265" t="есть"><g v="VERB"></g><g v="impf"></g><g v="intr"></g><g v="neut"></g><g v="sing"></g><g v="past"></g><g v="indc"></g></l></v></tfr></token><token id="661254" text="очаравательное"><tfr rev_id="1493352" t="очаравательное"><v><l id="0" t="очаравательное"><g v="UNKN"></g></l></v></tfr></token><token id="661255" text="седло"><tfr rev_id="1493353" t="седло"><v><l id="317803" t="седло"><g v="NOUN"></g><g v="inan"></g><g v="neut"></g><g v="sing"></g><g v="nomn"></g></l></v><v><l id="317803" t="седло"><g v="NOUN"></g><g v="inan"></g><g v="neut"></g><g v="sing"></g><g v="accs"></g></l></v></tfr></token><token id="661256" text="."><tfr rev_id="1493354" t="."><v><l id="0" t="."><g v="PNCT"></g></l></v></tfr></token></tokens></sentence><sentence id="36981"><source>Я такое вообще не ношу, а оно к тому же предполагает каблук - и вот несусь я на этом каблуке за автобусом - он-то как раз был ожидаемым, я ему рукой махала и подпрыгивала, он притормозил, но не остановился - я думала, дальше остановится, и побежала - но потом осознала, что моей четвертой космической тут недостаточно, остановилось и крикнула ему в спину"Сволочь!!!"</source><tokens><token id="661257" text="Я"><tfr rev_id="1493355" t="Я"><v><l id="387317" t="я"><g v="NPRO"></g><g v="1per"></g><g v="sing"></g><g v="nomn"></g></l></v></tfr></token><token id="661258" text="такое"><tfr rev_id="1493356" t="такое"><v><l id="342491" t="такой"><g v="ADJF"></g><g v="Apro"></g><g v="neut"></g><g v="sing"></g><g v="nomn"></g></l></v><v><l id="342491" t="такой"><g v="ADJF"></g><g v="Apro"></g><g v="neut"></g><g v="sing"></g><g v="accs"></g></l></v></tfr></token><token id="661259" text="вообще"><tfr rev_id="1493357" t="вообще"><v><l id="50732" t="вообще"><g v="CONJ"></g><g v="Prnt"></g></l></v><v><l id="50733" t="вообще"><g v="ADVB"></g></l></v></tfr></token><token id="661260" text="не"><tfr rev_id="1493358" t="не"><v><l id="178876" t="не"><g v="PRCL"></g></l></v></tfr></token><token id="661261" text="ношу"><tfr rev_id="1714909" t="ношу"><v><l id="192322" t="ношу"><g v="VERB"></g><g v="impf"></g><g v="tran"></g><g v="sing"></g><g v="1per"></g><g v="pres"></g><g v="indc"></g></l></v></tfr></token><token id="661262" text=","><tfr rev_id="1493360" t=","><v><l id="0" t=","><g v="PNCT"></g></l></v></tfr></token><token id="661263" text="а"><tfr rev_id="1493361" t="а"><v><l id="51" t="а"><g v="CONJ"></g></l></v><v><l id="52" t="а"><g v="INTJ"></g></l></v><v><l id="53" t="а"><g v="PRCL"></g></l></v></tfr></token><token id="661264" text="оно"><tfr rev_id="3590786" t="оно"><v><l id="206649" t="оно"><g v="NPRO"></g><g v="neut"></g><g v="3per"></g><g v="Anph"></g><g v="sing"></g><g v="nomn"></g></l></v></tfr></token><token id="661265" text="к"><tfr rev_id="1493363" t="к"><v><l id="127460" t="к"><g v="PREP"></g></l></v></tfr></token><token id="661266" text="тому"><tfr rev_id="3772020" t="тому"><v><l id="348430" t="тот"><g v="ADJF"></g><g v="Subx"></g><g v="Apro"></g><g v="Anph"></g><g v="neut"></g><g v="sing"></g><g v="datv"></g></l></v></tfr></token><token id="661267" text="же"><tfr rev_id="1493365" t="же"><v><l id="96208" t="же"><g v="CONJ"></g></l></v><v><l id="96209" t="же"><g v="PRCL"></g></l></v></tfr></token><token id="661268" text="предполагает"><tfr rev_id="1493366" t="предполагает"><v><l id="266813" t="предполагаю"><g v="VERB"></g><g v="impf"></g><g v="tran"></g><g v="sing"></g><g v="3per"></g><g v="pres"></g><g v="indc"></g></l></v></tfr></token><token id="661269" text="каблук"><tfr rev_id="4100754" t="каблук"><v><l id="127598" t="каблук"><g v="NOUN"></g><g v="inan"></g><g v="masc"></g><g v="sing"></g><g v="accs"></g></l></v></tfr></token><token id="661270" text="-"><tfr rev_id="1493368" t="-"><v><l id="0" t="-"><g v="PNCT"></g></l></v></tfr></token><token id="661271" text="и"><tfr rev_id="4200008" t="и"><v><l id="116949" t="и"><g v="CONJ"></g></l></v></tfr></token><token id="661272" text="вот"><tfr rev_id="3363393" t="вот"><v><l id="52157" t="вот"><g v="PRCL"></g></l></v></tfr></token><token id="661273" text="несусь"><tfr rev_id="1493371" t="несусь"><v><l id="188692" t="несусь"><g v="VERB"></g><g v="impf"></g><g v="intr"></g><g v="sing"></g><g v="1per"></g><g v="pres"></g><g v="indc"></g></l></v></tfr></token><token id="661274" text="я"><tfr rev_id="1493372" t="я"><v><l id="387317" t="я"><g v="NPRO"></g><g v="1per"></g><g v="sing"></g><g v="nomn"></g></l></v></tfr></token><token id="661275" text="на"><tfr rev_id="3330411" t="на"><v><l id="166264" t="на"><g v="PREP"></g></l></v></tfr></token><token id="661276" text="этом"><tfr rev_id="4462272" t="этом"><v><l id="386581" t="этот"><g v="ADJF"></g><g v="Subx"></g><g v="Apro"></g><g v="Anph"></g><g v="masc"></g><g v="sing"></g><g v="loct"></g></l></v></tfr></token><token id="661277" text="каблуке"><tfr rev_id="1493375" t="каблуке"><v><l id="127598" t="каблук"><g v="NOUN"></g><g v="inan"></g><g v="masc"></g><g v="sing"></g><g v="loct"></g></l></v></tfr></token><token id="661278" text="за"><tfr rev_id="1493376" t="за"><v><l id="98043" t="за"><g v="PREP"></g></l></v></tfr></token><token id="661279" text="автобусом"><tfr rev_id="1493377" t="автобусом"><v><l id="3021" t="автобус"><g v="NOUN"></g><g v="inan"></g><g v="masc"></g><g v="sing"></g><g v="ablt"></g></l></v></tfr></token><token id="661280" text="-"><tfr rev_id="1493378" t="-"><v><l id="0" t="-"><g v="PNCT"></g></l></v></tfr></token><token id="661281" text="он"><tfr rev_id="3575755" t="он"><v><l id="206541" t="он"><g v="NPRO"></g><g v="masc"></g><g v="3per"></g><g v="Anph"></g><g v="sing"></g><g v="nomn"></g></l></v></tfr></token><token id="661282" text="-"><tfr rev_id="1493380" t="-"><v><l id="0" t="-"><g v="PNCT"></g></l></v></tfr></token><token id="661283" text="то"><tfr rev_id="3777636" t="то"><v><l id="346835" t="то"><g v="CONJ"></g></l></v><v><l id="346836" t="то"><g v="PRCL"></g></l></v><v><l id="348430" t="тот"><g v="ADJF"></g><g v="Subx"></g><g v="Apro"></g><g v="Anph"></g><g v="neut"></g><g v="sing"></g><g v="nomn"></g></l></v><v><l id="348430" t="тот"><g v="ADJF"></g><g v="Subx"></g><g v="Apro"></g><g v="Anph"></g><g v="neut"></g><g v="sing"></g><g v="accs"></g></l></v></tfr></token><token id="661284" text="как"><tfr rev_id="1493382" t="как"><v><l id="128190" t="как"><g v="CONJ"></g></l></v><v><l id="128191" t="как"><g v="PRCL"></g></l></v><v><l id="128192" t="как"><g v="ADVB"></g><g v="Ques"></g></l></v></tfr></token><token id="661285" text="раз"><tfr rev_id="4486243" t="раз"><v><l id="291499" t="раз"><g v="ADVB"></g></l></v></tfr></token><token id="661286" text="был"><tfr rev_id="1493384" t="был"><v><l id="37265" t="есть"><g v="VERB"></g><g v="impf"></g><g v="intr"></g><g v="masc"></g><g v="sing"></g><g v="past"></g><g v="indc"></g></l></v></tfr></token><token id="661287" text="ожидаемым"><tfr rev_id="2761167" t="ожидаемым"><v><l id="203949" t="ожидаемый"><g v="PRTF"></g><g v="impf"></g><g v="tran"></g><g v="pres"></g><g v="pssv"></g><g v="masc"></g><g v="sing"></g><g v="ablt"></g></l></v></tfr></token><token id="661288" text=","><tfr rev_id="1493386" t=","><v><l id="0" t=","><g v="PNCT"></g></l></v></tfr></token><token id="661289" text="я"><tfr rev_id="1493387" t="я"><v><l id="387317" t="я"><g v="NPRO"></g><g v="1per"></g><g v="sing"></g><g v="nomn"></g></l></v></tfr></token><token id="661290" text="ему"><tfr rev_id="4528917" t="ему"><v><l id="206541" t="он"><g v="NPRO"></g><g v="masc"></g><g v="3per"></g><g v="Anph"></g><g v="sing"></g><g v="datv"></g></l></v><v><l id="206649" t="оно"><g v="NPRO"></g><g v="neut"></g><g v="3per"></g><g v="Anph"></g><g v="sing"></g><g v="datv"></g></l></v></tfr></token><token id="661291" text="рукой"><tfr rev_id="1493389" t="рукой"><v><l id="309953" t="рука"><g v="NOUN"></g><g v="inan"></g><g v="femn"></g><g v="sing"></g><g v="ablt"></g></l></v></tfr></token><token id="661292" text="махала"><tfr rev_id="1493390" t="махала"><v><l id="156527" t="махаю"><g v="VERB"></g><g v="impf"></g><g v="intr"></g><g v="femn"></g><g v="sing"></g><g v="past"></g><g v="indc"></g></l></v></tfr></token><token id="661293" text="и"><tfr rev_id="1493391" t="и"><v><l id="116949" t="и"><g v="CONJ"></g></l></v><v><l id="116950" t="и"><g v="INTJ"></g></l></v></tfr></token><token id="661294" text="подпрыгивала"><tfr rev_id="1493392" t="подпрыгивала"><v><l id="249158" t="подпрыгиваю"><g v="VERB"></g><g v="impf"></g><g v="intr"></g><g v="femn"></g><g v="sing"></g><g v="past"></g><g v="indc"></g></l></v></tfr></token><token id="661295" text=","><tfr rev_id="1493393" t=","><v><l id="0" t=","><g v="PNCT"></g></l></v></tfr></token><token id="661296" text="он"><tfr rev_id="3575756" t="он"><v><l id="206541" t="он"><g v="NPRO"></g><g v="masc"></g><g v="3per"></g><g v="Anph"></g><g v="sing"></g><g v="nomn"></g></l></v></tfr></token><token id="661297" text="притормозил"><tfr rev_id="1493395" t="притормозил"><v><l id="275588" t="притормозил"><g v="VERB"></g><g v="perf"></g><g v="tran"></g><g v="masc"></g><g v="sing"></g><g v="past"></g><g v="indc"></g></l></v></tfr></token><token id="661298" text=","><tfr rev_id="1493396" t=","><v><l id="0" t=","><g v="PNCT"></g></l></v></tfr></token><token id="661299" text="но"><tfr rev_id="1493397" t="но"><v><l id="191429" t="но"><g v="CONJ"></g></l></v><v><l id="191430" t="но"><g v="INTJ"></g></l></v></tfr></token><token id="661300" text="не"><tfr rev_id="1493398" t="не"><v><l id="178876" t="не"><g v="PRCL"></g></l></v></tfr></token><token id="661301" text="остановился"><tfr rev_id="1493399" t="остановился"><v><l id="210865" t="остановился"><g v="VERB"></g><g v="perf"></g><g v="intr"></g><g v="masc"></g><g v="sing"></g><g v="past"></g><g v="indc"></g></l></v></tfr></token><token id="661302" text="-"><tfr rev_id="1493400" t="-"><v><l id="0" t="-"><g v="PNCT"></g></l></v></tfr></token><token id="661303" text="я"><tfr rev_id="1493401" t="я"><v><l id="387317" t="я"><g v="NPRO"></g><g v="1per"></g><g v="sing"></g><g v="nomn"></g></l></v></tfr></token><token id="661304" text="думала"><tfr rev_id="1493402" t="думала"><v><l id="92996" t="думаю"><g v="VERB"></g><g v="impf"></g><g v="tran"></g><g v="femn"></g><g v="sing"></g><g v="past"></g><g v="indc"></g></l></v><v><l id="93001" t="думаю"><g v="VERB"></g><g v="impf"></g><g v="intr"></g><g v="femn"></g><g v="sing"></g><g v="past"></g><g v="indc"></g></l></v></tfr></token><token id="661305" text=","><tfr rev_id="1493403" t=","><v><l id="0" t=","><g v="PNCT"></g></l></v></tfr></token><token id="661306" text="дальше"><tfr rev_id="1493404" t="дальше"><v><l id="77926" t="дальше"><g v="COMP"></g><g v="Qual"></g></l></v></tfr></token><token id="661307" text="остановится"><tfr rev_id="1493405" t="остановится"><v><l id="210865" t="остановился"><g v="VERB"></g><g v="perf"></g><g v="intr"></g><g v="sing"></g><g v="3per"></g><g v="futr"></g><g v="indc"></g></l></v></tfr></token><token id="661308" text=","><tfr rev_id="1493406" t=","><v><l id="0" t=","><g v="PNCT"></g></l></v></tfr></token><token id="661309" text="и"><tfr rev_id="1493407" t="и"><v><l id="116949" t="и"><g v="CONJ"></g></l></v><v><l id="116950" t="и"><g v="INTJ"></g></l></v></tfr></token><token id="661310" text="побежала"><tfr rev_id="4411268" t="побежала"><v><l id="241517" t="побежал"><g v="VERB"></g><g v="perf"></g><g v="intr"></g><g v="femn"></g><g v="sing"></g><g v="past"></g><g v="indc"></g></l></v></tfr></token><token id="661311" text="-"><tfr rev_id="1493409" t="-"><v><l id="0" t="-"><g v="PNCT"></g></l></v></tfr></token><token id="661312" text="но"><tfr rev_id="1493410" t="но"><v><l id="191429" t="но"><g v="CONJ"></g></l></v><v><l id="191430" t="но"><g v="INTJ"></g></l></v></tfr></token><token id="661313" text="потом"><tfr rev_id="4151075" t="потом"><v><l id="263319" t="потом"><g v="ADVB"></g></l></v></tfr></token><token id="661314" text="осознала"><tfr rev_id="1493412" t="осознала"><v><l id="210708" t="осознал"><g v="VERB"></g><g v="perf"></g><g v="tran"></g><g v="femn"></g><g v="sing"></g><g v="past"></g><g v="indc"></g></l></v></tfr></token><token id="661315" text=","><tfr rev_id="1493413" t=","><v><l id="0" t=","><g v="PNCT"></g></l></v></tfr></token><token id="661316" text="что"><tfr rev_id="3197406" t="что"><v><l id="377004" t="что"><g v="CONJ"></g></l></v><v><l id="377005" t="что"><g v="NPRO"></g><g v="neut"></g><g v="sing"></g><g v="nomn"></g></l></v><v><l id="377005" t="что"><g v="NPRO"></g><g v="neut"></g><g v="sing"></g><g v="accs"></g></l></v><v><l id="377006" t="что"><g v="ADVB"></g><g v="Ques"></g></l></v><v><l id="388695" t="что"><g v="PRCL"></g></l></v></tfr></token><token id="661317" text="моей"><tfr rev_id="3823939" t="моей"><v><l id="162570" t="мой"><g v="ADJF"></g><g v="Apro"></g><g v="femn"></g><g v="sing"></g><g v="gent"></g></l></v></tfr></token><token id="661318" text="четвертой"><tfr rev_id="4380747" t="четвертой"><v><l id="376074" t="четвёртый"><g v="ADJF"></g><g v="Anum"></g><g v="femn"></g><g v="sing"></g><g v="gent"></g></l></v></tfr></token><token id="661319" text="космической"><tfr rev_id="3711024" t="космической"><v><l id="140606" t="космический"><g v="ADJF"></g><g v="femn"></g><g v="sing"></g><g v="gent"></g></l></v></tfr></token><token id="661320" text="тут"><tfr rev_id="4265158" t="тут"><v><l id="351923" t="тут"><g v="ADVB"></g><g v="Dmns"></g></l></v></tfr></token><token id="661321" text="недостаточно"><tfr rev_id="4139166" t="недостаточно"><v><l id="181679" t="недостаточно"><g v="ADVB"></g></l></v><v><l id="181683" t="недостаточен"><g v="ADJS"></g><g v="Qual"></g><g v="neut"></g><g v="sing"></g></l></v><v><l id="390151" t="недостаточно"><g v="NUMR"></g><g v="accs"></g></l></v><v><l id="390151" t="недостаточно"><g v="NUMR"></g><g v="nomn"></g></l></v></tfr></token><token id="661322" text=","><tfr rev_id="1493420" t=","><v><l id="0" t=","><g v="PNCT"></g></l></v></tfr></token><token id="661323" text="остановилось"><tfr rev_id="1493421" t="остановилось"><v><l id="210865" t="остановился"><g v="VERB"></g><g v="perf"></g><g v="intr"></g><g v="neut"></g><g v="sing"></g><g v="past"></g><g v="indc"></g></l></v></tfr></token><token id="661324" text="и"><tfr rev_id="3529733" t="и"><v><l id="116949" t="и"><g v="CONJ"></g></l></v></tfr></token><token id="661325" text="крикнула"><tfr rev_id="1493423" t="крикнула"><v><l id="142738" t="крикнул"><g v="VERB"></g><g v="perf"></g><g v="intr"></g><g v="femn"></g><g v="sing"></g><g v="past"></g><g v="indc"></g></l></v></tfr></token><token id="661326" text="ему"><tfr rev_id="4528918" t="ему"><v><l id="206541" t="он"><g v="NPRO"></g><g v="masc"></g><g v="3per"></g><g v="Anph"></g><g v="sing"></g><g v="datv"></g></l></v><v><l id="206649" t="оно"><g v="NPRO"></g><g v="neut"></g><g v="3per"></g><g v="Anph"></g><g v="sing"></g><g v="datv"></g></l></v></tfr></token><token id="661327" text="в"><tfr rev_id="1493425" t="в"><v><l id="37409" t="в"><g v="PREP"></g></l></v></tfr></token><token id="661328" text="спину"><tfr rev_id="4181499" t="спину"><v><l id="332140" t="спина"><g v="NOUN"></g><g v="inan"></g><g v="femn"></g><g v="sing"></g><g v="accs"></g></l></v></tfr></token><token id="661329" text="&quot;"><tfr rev_id="1493427" t="&quot;"><v><l id="0" t="&quot;"><g v="PNCT"></g></l></v></tfr></token><token id="661330" text="Сволочь"><tfr rev_id="1712970" t="Сволочь"><v><l id="316421" t="сволочь"><g v="NOUN"></g><g v="anim"></g><g v="femn"></g><g v="sing"></g><g v="nomn"></g></l></v><v><l id="316421" t="сволочь"><g v="NOUN"></g><g v="anim"></g><g v="femn"></g><g v="sing"></g><g v="accs"></g></l></v></tfr></token><token id="661331" text="!!!"><tfr rev_id="1493429" t="!!!"><v><l id="0" t="!!!"><g v="PNCT"></g></l></v></tfr></token><token id="661332" text="&quot;"><tfr rev_id="1493430" t="&quot;"><v><l id="0" t="&quot;"><g v="PNCT"></g></l></v></tfr></token></tokens></sentence></paragraph><paragraph id="11843"><sentence id="36985"><source>...И тут из ниоткуда материализовались мои первокурсники и интеллигентно сказали"Здравствуйте".</source><tokens><token id="661333" text="..."><tfr rev_id="1493431" t="..."><v><l id="0" t="..."><g v="PNCT"></g></l></v></tfr></token><token id="661334" text="И"><tfr rev_id="1493432" t="И"><v><l id="116949" t="и"><g v="CONJ"></g></l></v><v><l id="116950" t="и"><g v="INTJ"></g></l></v></tfr></token><token id="661335" text="тут"><tfr rev_id="4264781" t="тут"><v><l id="351923" t="тут"><g v="ADVB"></g><g v="Dmns"></g></l></v></tfr></token><token id="661336" text="из"><tfr rev_id="2603907" t="из"><v><l id="117677" t="из"><g v="PREP"></g></l></v></tfr></token><token id="661337" text="ниоткуда"><tfr rev_id="1493435" t="ниоткуда"><v><l id="191112" t="ниоткуда"><g v="ADVB"></g></l></v></tfr></token><token id="661338" text="материализовались"><tfr rev_id="1493436" t="материализовались"><v><l id="156219" t="материализовался"><g v="VERB"></g><g v="perf"></g><g v="intr"></g><g v="plur"></g><g v="past"></g><g v="indc"></g></l></v><v><l id="156220" t="материализуюсь"><g v="VERB"></g><g v="impf"></g><g v="intr"></g><g v="plur"></g><g v="past"></g><g v="indc"></g></l></v></tfr></token><token id="661339" text="мои"><tfr rev_id="4086127" t="мои"><v><l id="162570" t="мой"><g v="ADJF"></g><g v="Apro"></g><g v="plur"></g><g v="nomn"></g></l></v></tfr></token><token id="661340" text="первокурсники"><tfr rev_id="1493438" t="первокурсники"><v><l id="226245" t="первокурсник"><g v="NOUN"></g><g v="anim"></g><g v="masc"></g><g v="plur"></g><g v="nomn"></g></l></v></tfr></token><token id="661341" text="и"><tfr rev_id="4208378" t="и"><v><l id="116949" t="и"><g v="CONJ"></g></l></v></tfr></token><token id="661342" text="интеллигентно"><tfr rev_id="3647194" t="интеллигентно"><v><l id="123075" t="интеллигентен"><g v="ADJS"></g><g v="Qual"></g><g v="neut"></g><g v="sing"></g></l></v><v><l id="389235" t="интеллигентно"><g v="ADVB"></g></l></v></tfr></token><token id="661343" text="сказали"><tfr rev_id="1493441" t="сказали"><v><l id="321532" t="сказал"><g v="VERB"></g><g v="perf"></g><g v="tran"></g><g v="plur"></g><g v="past"></g><g v="indc"></g></l></v></tfr></token><token id="661344" text="&quot;"><tfr rev_id="1493442" t="&quot;"><v><l id="0" t="&quot;"><g v="PNCT"></g></l></v></tfr></token><token id="661345" text="Здравствуйте"><tfr rev_id="4307895" t="Здравствуйте"><v><l id="389784" t="здравствуйте"><g v="INTJ"></g></l></v></tfr></token><token id="661346" text="&quot;"><tfr rev_id="1493444" t="&quot;"><v><l id="0" t="&quot;"><g v="PNCT"></g></l></v></tfr></token><token id="661347" text="."><tfr rev_id="1493445" t="."><v><l id="0" t="."><g v="PNCT"></g></l></v></tfr></token></tokens></sentence></paragraph></paragraphs></text>