<?xml version="1.0" encoding="utf-8"?><text id="1295" parent="602" name="0026317 смотреть"><tags><tag>url:http://l-i-d-y-a.livejournal.com/26317.html</tag><tag>Год:2008</tag><tag>Дата:05/01</tag><tag>Время:03:59</tag><tag>ЖЖ:Метка:urbi et orbi</tag><tag>ЖЖ:Метка:впечатления</tag></tags><paragraphs><paragraph id="11844"><sentence id="36986"><source>Смотреть</source><tokens><token id="661348" text="Смотреть"><tfr rev_id="1493446" t="Смотреть"><v><l id="326799" t="смотреть"><g v="INFN"></g><g v="impf"></g><g v="tran"></g></l></v></tfr></token></tokens></sentence></paragraph><paragraph id="11845"><sentence id="36987"><source>Я плакала.</source><tokens><token id="661349" text="Я"><tfr rev_id="1493447" t="Я"><v><l id="387317" t="я"><g v="NPRO"></g><g v="1per"></g><g v="sing"></g><g v="nomn"></g></l></v></tfr></token><token id="661350" text="плакала"><tfr rev_id="1493448" t="плакала"><v><l id="239594" t="плачу"><g v="VERB"></g><g v="impf"></g><g v="intr"></g><g v="femn"></g><g v="sing"></g><g v="past"></g><g v="indc"></g></l></v></tfr></token><token id="661351" text="."><tfr rev_id="1493449" t="."><v><l id="0" t="."><g v="PNCT"></g></l></v></tfr></token></tokens></sentence><sentence id="36988"><source>Я смеялась.</source><tokens><token id="661352" text="Я"><tfr rev_id="1493450" t="Я"><v><l id="387317" t="я"><g v="NPRO"></g><g v="1per"></g><g v="sing"></g><g v="nomn"></g></l></v></tfr></token><token id="661353" text="смеялась"><tfr rev_id="1493451" t="смеялась"><v><l id="326336" t="смеюсь"><g v="VERB"></g><g v="impf"></g><g v="intr"></g><g v="femn"></g><g v="sing"></g><g v="past"></g><g v="indc"></g></l></v></tfr></token><token id="661354" text="."><tfr rev_id="1493452" t="."><v><l id="0" t="."><g v="PNCT"></g></l></v></tfr></token></tokens></sentence><sentence id="36989"><source>Я чувствовала.</source><tokens><token id="661355" text="Я"><tfr rev_id="1493453" t="Я"><v><l id="387317" t="я"><g v="NPRO"></g><g v="1per"></g><g v="sing"></g><g v="nomn"></g></l></v></tfr></token><token id="661356" text="чувствовала"><tfr rev_id="1493454" t="чувствовала"><v><l id="377085" t="чувствую"><g v="VERB"></g><g v="impf"></g><g v="tran"></g><g v="femn"></g><g v="sing"></g><g v="past"></g><g v="indc"></g></l></v></tfr></token><token id="661357" text="."><tfr rev_id="1493455" t="."><v><l id="0" t="."><g v="PNCT"></g></l></v></tfr></token></tokens></sentence><sentence id="36990"><source>Я боялась.</source><tokens><token id="661358" text="Я"><tfr rev_id="1493456" t="Я"><v><l id="387317" t="я"><g v="NPRO"></g><g v="1per"></g><g v="sing"></g><g v="nomn"></g></l></v></tfr></token><token id="661359" text="боялась"><tfr rev_id="1493457" t="боялась"><v><l id="33346" t="боюсь"><g v="VERB"></g><g v="impf"></g><g v="intr"></g><g v="femn"></g><g v="sing"></g><g v="past"></g><g v="indc"></g></l></v></tfr></token><token id="661360" text="."><tfr rev_id="1493458" t="."><v><l id="0" t="."><g v="PNCT"></g></l></v></tfr></token></tokens></sentence><sentence id="36991"><source>Я размышляла.</source><tokens><token id="661361" text="Я"><tfr rev_id="1493459" t="Я"><v><l id="387317" t="я"><g v="NPRO"></g><g v="1per"></g><g v="sing"></g><g v="nomn"></g></l></v></tfr></token><token id="661362" text="размышляла"><tfr rev_id="1493460" t="размышляла"><v><l id="295543" t="размышляю"><g v="VERB"></g><g v="impf"></g><g v="intr"></g><g v="femn"></g><g v="sing"></g><g v="past"></g><g v="indc"></g></l></v></tfr></token><token id="661363" text="."><tfr rev_id="1493461" t="."><v><l id="0" t="."><g v="PNCT"></g></l></v></tfr></token></tokens></sentence></paragraph><paragraph id="11846"><sentence id="36992"><source>"Персиполис"в Доме кино.</source><tokens><token id="661364" text="&quot;"><tfr rev_id="1493462" t="&quot;"><v><l id="0" t="&quot;"><g v="PNCT"></g></l></v></tfr></token><token id="661365" text="Персиполис"><tfr rev_id="1493463" t="Персиполис"><v><l id="0" t="персиполис"><g v="UNKN"></g></l></v></tfr></token><token id="661366" text="&quot;"><tfr rev_id="1493464" t="&quot;"><v><l id="0" t="&quot;"><g v="PNCT"></g></l></v></tfr></token><token id="661367" text="в"><tfr rev_id="1493465" t="в"><v><l id="37409" t="в"><g v="PREP"></g></l></v></tfr></token><token id="661368" text="Доме"><tfr rev_id="1493466" t="Доме"><v><l id="88152" t="дом"><g v="NOUN"></g><g v="inan"></g><g v="masc"></g><g v="sing"></g><g v="loc1"></g></l></v></tfr></token><token id="661369" text="кино"><tfr rev_id="4178885" t="кино"><v><l id="132966" t="кино"><g v="NOUN"></g><g v="inan"></g><g v="neut"></g><g v="Fixd"></g><g v="sing"></g><g v="gent"></g></l></v></tfr></token><token id="661370" text="."><tfr rev_id="1493468" t="."><v><l id="0" t="."><g v="PNCT"></g></l></v></tfr></token></tokens></sentence><sentence id="36993"><source>Про девочку, чье детство пришлось на годы Иранской революции, а юность - на установление в родном Тегеране исламского режима.</source><tokens><token id="661371" text="Про"><tfr rev_id="1493469" t="Про"><v><l id="277024" t="про"><g v="PREP"></g></l></v></tfr></token><token id="661372" text="девочку"><tfr rev_id="1493470" t="девочку"><v><l id="79375" t="девочка"><g v="NOUN"></g><g v="anim"></g><g v="femn"></g><g v="sing"></g><g v="accs"></g></l></v></tfr></token><token id="661373" text=","><tfr rev_id="1493471" t=","><v><l id="0" t=","><g v="PNCT"></g></l></v></tfr></token><token id="661374" text="чье"><tfr rev_id="4369934" t="чье"><v><l id="374967" t="чей"><g v="ADJF"></g><g v="Apro"></g><g v="neut"></g><g v="sing"></g><g v="nomn"></g></l></v></tfr></token><token id="661375" text="детство"><tfr rev_id="1493473" t="детство"><v><l id="82261" t="детство"><g v="NOUN"></g><g v="inan"></g><g v="neut"></g><g v="sing"></g><g v="nomn"></g></l></v><v><l id="82261" t="детство"><g v="NOUN"></g><g v="inan"></g><g v="neut"></g><g v="sing"></g><g v="accs"></g></l></v></tfr></token><token id="661376" text="пришлось"><tfr rev_id="1493474" t="пришлось"><v><l id="270741" t="пришёлся"><g v="VERB"></g><g v="perf"></g><g v="intr"></g><g v="neut"></g><g v="sing"></g><g v="past"></g><g v="indc"></g></l></v></tfr></token><token id="661377" text="на"><tfr rev_id="3343851" t="на"><v><l id="166264" t="на"><g v="PREP"></g></l></v></tfr></token><token id="661378" text="годы"><tfr rev_id="3727646" t="годы"><v><l id="72149" t="год"><g v="NOUN"></g><g v="inan"></g><g v="masc"></g><g v="plur"></g><g v="accs"></g></l></v></tfr></token><token id="661379" text="Иранской"><tfr rev_id="4173110" t="Иранской"><v><l id="123920" t="иранский"><g v="ADJF"></g><g v="femn"></g><g v="sing"></g><g v="gent"></g></l></v></tfr></token><token id="661380" text="революции"><tfr rev_id="4177489" t="революции"><v><l id="304733" t="революция"><g v="NOUN"></g><g v="inan"></g><g v="femn"></g><g v="sing"></g><g v="gent"></g></l></v></tfr></token><token id="661381" text=","><tfr rev_id="1493479" t=","><v><l id="0" t=","><g v="PNCT"></g></l></v></tfr></token><token id="661382" text="а"><tfr rev_id="3487554" t="а"><v><l id="51" t="а"><g v="CONJ"></g></l></v></tfr></token><token id="661383" text="юность"><tfr rev_id="4212722" t="юность"><v><l id="387068" t="юность"><g v="NOUN"></g><g v="inan"></g><g v="femn"></g><g v="sing"></g><g v="nomn"></g></l></v></tfr></token><token id="661384" text="-"><tfr rev_id="1493482" t="-"><v><l id="0" t="-"><g v="PNCT"></g></l></v></tfr></token><token id="661385" text="на"><tfr rev_id="3339168" t="на"><v><l id="166264" t="на"><g v="PREP"></g></l></v></tfr></token><token id="661386" text="установление"><tfr rev_id="4095659" t="установление"><v><l id="360992" t="установление"><g v="NOUN"></g><g v="inan"></g><g v="neut"></g><g v="sing"></g><g v="accs"></g></l></v></tfr></token><token id="661387" text="в"><tfr rev_id="1493485" t="в"><v><l id="37409" t="в"><g v="PREP"></g></l></v></tfr></token><token id="661388" text="родном"><tfr rev_id="3674594" t="родном"><v><l id="308360" t="родной"><g v="ADJF"></g><g v="masc"></g><g v="sing"></g><g v="loct"></g></l></v></tfr></token><token id="661389" text="Тегеране"><tfr rev_id="1493487" t="Тегеране"><v><l id="343909" t="тегеран"><g v="NOUN"></g><g v="inan"></g><g v="masc"></g><g v="Geox"></g><g v="sing"></g><g v="loct"></g></l></v></tfr></token><token id="661390" text="исламского"><tfr rev_id="3946355" t="исламского"><v><l id="124941" t="исламский"><g v="ADJF"></g><g v="masc"></g><g v="sing"></g><g v="gent"></g></l></v><v><l id="124941" t="исламский"><g v="ADJF"></g><g v="anim"></g><g v="masc"></g><g v="sing"></g><g v="accs"></g></l></v></tfr></token><token id="661391" text="режима"><tfr rev_id="1493489" t="режима"><v><l id="305124" t="режим"><g v="NOUN"></g><g v="inan"></g><g v="masc"></g><g v="sing"></g><g v="gent"></g></l></v></tfr></token><token id="661392" text="."><tfr rev_id="1493490" t="."><v><l id="0" t="."><g v="PNCT"></g></l></v></tfr></token></tokens></sentence><sentence id="36994"><source>Про то, как политика внедряется в повседневную жизнь, преломляется детским сознанием, ломает судьбы.</source><tokens><token id="661393" text="Про"><tfr rev_id="1493491" t="Про"><v><l id="277024" t="про"><g v="PREP"></g></l></v></tfr></token><token id="661394" text="то"><tfr rev_id="3777637" t="то"><v><l id="346835" t="то"><g v="CONJ"></g></l></v><v><l id="346836" t="то"><g v="PRCL"></g></l></v><v><l id="348430" t="тот"><g v="ADJF"></g><g v="Subx"></g><g v="Apro"></g><g v="Anph"></g><g v="neut"></g><g v="sing"></g><g v="nomn"></g></l></v><v><l id="348430" t="тот"><g v="ADJF"></g><g v="Subx"></g><g v="Apro"></g><g v="Anph"></g><g v="neut"></g><g v="sing"></g><g v="accs"></g></l></v></tfr></token><token id="661395" text=","><tfr rev_id="1493493" t=","><v><l id="0" t=","><g v="PNCT"></g></l></v></tfr></token><token id="661396" text="как"><tfr rev_id="1493494" t="как"><v><l id="128190" t="как"><g v="CONJ"></g></l></v><v><l id="128191" t="как"><g v="PRCL"></g></l></v><v><l id="128192" t="как"><g v="ADVB"></g><g v="Ques"></g></l></v></tfr></token><token id="661397" text="политика"><tfr rev_id="3806258" t="политика"><v><l id="255853" t="политика"><g v="NOUN"></g><g v="inan"></g><g v="femn"></g><g v="sing"></g><g v="nomn"></g></l></v></tfr></token><token id="661398" text="внедряется"><tfr rev_id="1493496" t="внедряется"><v><l id="47353" t="внедряюсь"><g v="VERB"></g><g v="impf"></g><g v="intr"></g><g v="sing"></g><g v="3per"></g><g v="pres"></g><g v="indc"></g></l></v></tfr></token><token id="661399" text="в"><tfr rev_id="1493497" t="в"><v><l id="37409" t="в"><g v="PREP"></g></l></v></tfr></token><token id="661400" text="повседневную"><tfr rev_id="1493498" t="повседневную"><v><l id="242759" t="повседневный"><g v="ADJF"></g><g v="femn"></g><g v="sing"></g><g v="accs"></g></l></v></tfr></token><token id="661401" text="жизнь"><tfr rev_id="4240421" t="жизнь"><v><l id="97314" t="жизнь"><g v="NOUN"></g><g v="inan"></g><g v="femn"></g><g v="sing"></g><g v="accs"></g></l></v></tfr></token><token id="661402" text=","><tfr rev_id="1493500" t=","><v><l id="0" t=","><g v="PNCT"></g></l></v></tfr></token><token id="661403" text="преломляется"><tfr rev_id="1493501" t="преломляется"><v><l id="267671" t="преломляюсь"><g v="VERB"></g><g v="impf"></g><g v="intr"></g><g v="sing"></g><g v="3per"></g><g v="pres"></g><g v="indc"></g></l></v></tfr></token><token id="661404" text="детским"><tfr rev_id="4502314" t="детским"><v><l id="82258" t="детский"><g v="ADJF"></g><g v="masc"></g><g v="sing"></g><g v="ablt"></g></l></v><v><l id="82258" t="детский"><g v="ADJF"></g><g v="neut"></g><g v="sing"></g><g v="ablt"></g></l></v></tfr></token><token id="661405" text="сознанием"><tfr rev_id="1493503" t="сознанием"><v><l id="328644" t="сознание"><g v="NOUN"></g><g v="inan"></g><g v="neut"></g><g v="sing"></g><g v="ablt"></g></l></v></tfr></token><token id="661406" text=","><tfr rev_id="1493504" t=","><v><l id="0" t=","><g v="PNCT"></g></l></v></tfr></token><token id="661407" text="ломает"><tfr rev_id="1493505" t="ломает"><v><l id="150745" t="ломаю"><g v="VERB"></g><g v="impf"></g><g v="tran"></g><g v="sing"></g><g v="3per"></g><g v="pres"></g><g v="indc"></g></l></v></tfr></token><token id="661408" text="судьбы"><tfr rev_id="3800653" t="судьбы"><v><l id="339107" t="судьба"><g v="NOUN"></g><g v="inan"></g><g v="femn"></g><g v="plur"></g><g v="accs"></g></l></v></tfr></token><token id="661409" text="."><tfr rev_id="1493507" t="."><v><l id="0" t="."><g v="PNCT"></g></l></v></tfr></token></tokens></sentence></paragraph><paragraph id="11847"><sentence id="36995"><source>- Ну вот, Лидка опять про свое - подумали утомленные читатели.</source><tokens><token id="661410" text="-"><tfr rev_id="1493508" t="-"><v><l id="0" t="-"><g v="PNCT"></g></l></v></tfr></token><token id="661411" text="Ну"><tfr rev_id="3661767" t="Ну"><v><l id="192525" t="ну"><g v="PRCL"></g></l></v></tfr></token><token id="661412" text="вот"><tfr rev_id="3661828" t="вот"><v><l id="52157" t="вот"><g v="PRCL"></g></l></v></tfr></token><token id="661413" text=","><tfr rev_id="1493511" t=","><v><l id="0" t=","><g v="PNCT"></g></l></v></tfr></token><token id="661414" text="Лидка"><tfr rev_id="1493512" t="Лидка"><v><l id="0" t="лидка"><g v="UNKN"></g></l></v></tfr></token><token id="661415" text="опять"><tfr rev_id="1493513" t="опять"><v><l id="208612" t="опять"><g v="ADVB"></g></l></v></tfr></token><token id="661416" text="про"><tfr rev_id="1493514" t="про"><v><l id="277024" t="про"><g v="PREP"></g></l></v></tfr></token><token id="661417" text="свое"><tfr rev_id="3632821" t="свое"><v><l id="316379" t="свой"><g v="ADJF"></g><g v="Apro"></g><g v="Anph"></g><g v="neut"></g><g v="sing"></g><g v="nomn"></g></l></v><v><l id="316379" t="свой"><g v="ADJF"></g><g v="Apro"></g><g v="Anph"></g><g v="neut"></g><g v="sing"></g><g v="accs"></g></l></v></tfr></token><token id="661418" text="-"><tfr rev_id="1493516" t="-"><v><l id="0" t="-"><g v="PNCT"></g></l></v></tfr></token><token id="661419" text="подумали"><tfr rev_id="1493517" t="подумали"><v><l id="251926" t="подумал"><g v="VERB"></g><g v="perf"></g><g v="intr"></g><g v="plur"></g><g v="past"></g><g v="indc"></g></l></v></tfr></token><token id="661420" text="утомленные"><tfr rev_id="1493518" t="утомленные"><v><l id="362137" t="утомлённый"><g v="PRTF"></g><g v="perf"></g><g v="tran"></g><g v="past"></g><g v="pssv"></g><g v="plur"></g><g v="nomn"></g></l></v><v><l id="362137" t="утомлённый"><g v="PRTF"></g><g v="perf"></g><g v="tran"></g><g v="past"></g><g v="pssv"></g><g v="inan"></g><g v="plur"></g><g v="accs"></g></l></v><v><l id="362146" t="утомлённый"><g v="ADJF"></g><g v="Qual"></g><g v="plur"></g><g v="nomn"></g></l></v><v><l id="362146" t="утомлённый"><g v="ADJF"></g><g v="Qual"></g><g v="inan"></g><g v="plur"></g><g v="accs"></g></l></v></tfr></token><token id="661421" text="читатели"><tfr rev_id="1493519" t="читатели"><v><l id="376715" t="читатель"><g v="NOUN"></g><g v="anim"></g><g v="masc"></g><g v="plur"></g><g v="nomn"></g></l></v></tfr></token><token id="661422" text="."><tfr rev_id="1493520" t="."><v><l id="0" t="."><g v="PNCT"></g></l></v></tfr></token></tokens></sentence></paragraph><paragraph id="11848"><sentence id="36996"><source>А вы сходите и посмотрите.</source><tokens><token id="661423" text="А"><tfr rev_id="1493521" t="А"><v><l id="51" t="а"><g v="CONJ"></g></l></v><v><l id="52" t="а"><g v="INTJ"></g></l></v><v><l id="53" t="а"><g v="PRCL"></g></l></v></tfr></token><token id="661424" text="вы"><tfr rev_id="1493522" t="вы"><v><l id="55560" t="вы"><g v="NPRO"></g><g v="2per"></g><g v="plur"></g><g v="nomn"></g></l></v></tfr></token><token id="661425" text="сходите"><tfr rev_id="1493523" t="сходите"><v><l id="340875" t="схожу"><g v="VERB"></g><g v="impf"></g><g v="intr"></g><g v="plur"></g><g v="2per"></g><g v="pres"></g><g v="indc"></g></l></v><v><l id="340875" t="схожу"><g v="VERB"></g><g v="impf"></g><g v="intr"></g><g v="plur"></g><g v="impr"></g><g v="excl"></g></l></v><v><l id="340880" t="сходил"><g v="VERB"></g><g v="perf"></g><g v="intr"></g><g v="plur"></g><g v="2per"></g><g v="futr"></g><g v="indc"></g></l></v><v><l id="340880" t="сходил"><g v="VERB"></g><g v="perf"></g><g v="intr"></g><g v="plur"></g><g v="impr"></g><g v="excl"></g></l></v></tfr></token><token id="661426" text="и"><tfr rev_id="3411101" t="и"><v><l id="116949" t="и"><g v="CONJ"></g></l></v></tfr></token><token id="661427" text="посмотрите"><tfr rev_id="1493525" t="посмотрите"><v><l id="261790" t="посмотрел"><g v="VERB"></g><g v="perf"></g><g v="tran"></g><g v="plur"></g><g v="2per"></g><g v="futr"></g><g v="indc"></g></l></v><v><l id="261790" t="посмотрел"><g v="VERB"></g><g v="perf"></g><g v="tran"></g><g v="plur"></g><g v="impr"></g><g v="excl"></g></l></v></tfr></token><token id="661428" text="."><tfr rev_id="1493526" t="."><v><l id="0" t="."><g v="PNCT"></g></l></v></tfr></token></tokens></sentence><sentence id="36997"><source>Оно красивое.</source><tokens><token id="661429" text="Оно"><tfr rev_id="3590787" t="Оно"><v><l id="206649" t="оно"><g v="NPRO"></g><g v="neut"></g><g v="3per"></g><g v="Anph"></g><g v="sing"></g><g v="nomn"></g></l></v></tfr></token><token id="661430" text="красивое"><tfr rev_id="1493528" t="красивое"><v><l id="141641" t="красивый"><g v="ADJF"></g><g v="Qual"></g><g v="neut"></g><g v="sing"></g><g v="nomn"></g></l></v><v><l id="141641" t="красивый"><g v="ADJF"></g><g v="Qual"></g><g v="neut"></g><g v="sing"></g><g v="accs"></g></l></v></tfr></token><token id="661431" text="."><tfr rev_id="1493529" t="."><v><l id="0" t="."><g v="PNCT"></g></l></v></tfr></token></tokens></sentence><sentence id="36998"><source>Лаконичная, но очень сильная графика.</source><tokens><token id="661432" text="Лаконичная"><tfr rev_id="1493530" t="Лаконичная"><v><l id="146585" t="лаконичный"><g v="ADJF"></g><g v="Qual"></g><g v="femn"></g><g v="sing"></g><g v="nomn"></g></l></v></tfr></token><token id="661433" text=","><tfr rev_id="1493531" t=","><v><l id="0" t=","><g v="PNCT"></g></l></v></tfr></token><token id="661434" text="но"><tfr rev_id="3551064" t="но"><v><l id="191429" t="но"><g v="CONJ"></g></l></v></tfr></token><token id="661435" text="очень"><tfr rev_id="1493533" t="очень"><v><l id="221681" t="очень"><g v="ADVB"></g></l></v></tfr></token><token id="661436" text="сильная"><tfr rev_id="1493534" t="сильная"><v><l id="320610" t="сильный"><g v="ADJF"></g><g v="Qual"></g><g v="femn"></g><g v="sing"></g><g v="nomn"></g></l></v></tfr></token><token id="661437" text="графика"><tfr rev_id="4083021" t="графика"><v><l id="74787" t="графика"><g v="NOUN"></g><g v="inan"></g><g v="femn"></g><g v="sing"></g><g v="nomn"></g></l></v></tfr></token><token id="661438" text="."><tfr rev_id="1493536" t="."><v><l id="0" t="."><g v="PNCT"></g></l></v></tfr></token></tokens></sentence><sentence id="36999"><source>Смотришь на одном дыхании и стараешься не пропустить ни одной детали.</source><tokens><token id="661439" text="Смотришь"><tfr rev_id="1493537" t="Смотришь"><v><l id="326798" t="смотрю"><g v="VERB"></g><g v="impf"></g><g v="tran"></g><g v="sing"></g><g v="2per"></g><g v="pres"></g><g v="indc"></g></l></v></tfr></token><token id="661440" text="на"><tfr rev_id="2912683" t="на"><v><l id="166264" t="на"><g v="PREP"></g></l></v><v><l id="388676" t="на"><g v="INTJ"></g></l></v></tfr></token><token id="661441" text="одном"><tfr rev_id="4301558" t="одном"><v><l id="203319" t="один"><g v="ADJF"></g><g v="Apro"></g><g v="Anum"></g><g v="neut"></g><g v="sing"></g><g v="loct"></g></l></v></tfr></token><token id="661442" text="дыхании"><tfr rev_id="1493540" t="дыхании"><v><l id="93575" t="дыхание"><g v="NOUN"></g><g v="inan"></g><g v="neut"></g><g v="sing"></g><g v="loct"></g></l></v></tfr></token><token id="661443" text="и"><tfr rev_id="1493541" t="и"><v><l id="116949" t="и"><g v="CONJ"></g></l></v><v><l id="116950" t="и"><g v="INTJ"></g></l></v></tfr></token><token id="661444" text="стараешься"><tfr rev_id="1493542" t="стараешься"><v><l id="334746" t="стараюсь"><g v="VERB"></g><g v="impf"></g><g v="intr"></g><g v="sing"></g><g v="2per"></g><g v="pres"></g><g v="indc"></g></l></v></tfr></token><token id="661445" text="не"><tfr rev_id="1493543" t="не"><v><l id="178876" t="не"><g v="PRCL"></g></l></v></tfr></token><token id="661446" text="пропустить"><tfr rev_id="1493544" t="пропустить"><v><l id="283471" t="пропустить"><g v="INFN"></g><g v="perf"></g><g v="tran"></g></l></v></tfr></token><token id="661447" text="ни"><tfr rev_id="1493545" t="ни"><v><l id="190307" t="ни"><g v="CONJ"></g></l></v><v><l id="190308" t="ни"><g v="PRCL"></g></l></v></tfr></token><token id="661448" text="одной"><tfr rev_id="4302360" t="одной"><v><l id="203319" t="один"><g v="ADJF"></g><g v="Apro"></g><g v="Anum"></g><g v="femn"></g><g v="sing"></g><g v="gent"></g></l></v></tfr></token><token id="661449" text="детали"><tfr rev_id="3553162" t="детали"><v><l id="82149" t="деталь"><g v="NOUN"></g><g v="inan"></g><g v="femn"></g><g v="sing"></g><g v="gent"></g></l></v></tfr></token><token id="661450" text="."><tfr rev_id="1493548" t="."><v><l id="0" t="."><g v="PNCT"></g></l></v></tfr></token></tokens></sentence><sentence id="37000"><source>Оно про жизнь на самом деле, про взросление, про то, как трудно быть одновременно порядочным и счастливым.</source><tokens><token id="661451" text="Оно"><tfr rev_id="3590788" t="Оно"><v><l id="206649" t="оно"><g v="NPRO"></g><g v="neut"></g><g v="3per"></g><g v="Anph"></g><g v="sing"></g><g v="nomn"></g></l></v></tfr></token><token id="661452" text="про"><tfr rev_id="1493550" t="про"><v><l id="277024" t="про"><g v="PREP"></g></l></v></tfr></token><token id="661453" text="жизнь"><tfr rev_id="3465943" t="жизнь"><v><l id="97314" t="жизнь"><g v="NOUN"></g><g v="inan"></g><g v="femn"></g><g v="sing"></g><g v="accs"></g></l></v></tfr></token><token id="661454" text="на"><tfr rev_id="3342350" t="на"><v><l id="166264" t="на"><g v="PREP"></g></l></v></tfr></token><token id="661455" text="самом"><tfr rev_id="3539115" t="самом"><v><l id="312034" t="сам"><g v="ADJF"></g><g v="Apro"></g><g v="neut"></g><g v="sing"></g><g v="loct"></g></l></v><v><l id="313174" t="самый"><g v="ADJF"></g><g v="Apro"></g><g v="neut"></g><g v="sing"></g><g v="loct"></g></l></v></tfr></token><token id="661456" text="деле"><tfr rev_id="1493554" t="деле"><v><l id="80628" t="дело"><g v="NOUN"></g><g v="inan"></g><g v="neut"></g><g v="sing"></g><g v="loct"></g></l></v></tfr></token><token id="661457" text=","><tfr rev_id="1493555" t=","><v><l id="0" t=","><g v="PNCT"></g></l></v></tfr></token><token id="661458" text="про"><tfr rev_id="1493556" t="про"><v><l id="277024" t="про"><g v="PREP"></g></l></v></tfr></token><token id="661459" text="взросление"><tfr rev_id="4566616" t="взросление"><v><l id="393866" t="взросление"><g v="NOUN"></g><g v="inan"></g><g v="neut"></g><g v="sing"></g><g v="accs"></g></l></v><v><l id="393866" t="взросление"><g v="NOUN"></g><g v="inan"></g><g v="neut"></g><g v="sing"></g><g v="nomn"></g></l></v></tfr></token><token id="661460" text=","><tfr rev_id="1493558" t=","><v><l id="0" t=","><g v="PNCT"></g></l></v></tfr></token><token id="661461" text="про"><tfr rev_id="1493559" t="про"><v><l id="277024" t="про"><g v="PREP"></g></l></v></tfr></token><token id="661462" text="то"><tfr rev_id="4347715" t="то"><v><l id="348430" t="тот"><g v="ADJF"></g><g v="Subx"></g><g v="Apro"></g><g v="Anph"></g><g v="neut"></g><g v="sing"></g><g v="nomn"></g></l></v><v><l id="348430" t="тот"><g v="ADJF"></g><g v="Subx"></g><g v="Apro"></g><g v="Anph"></g><g v="neut"></g><g v="sing"></g><g v="accs"></g></l></v></tfr></token><token id="661463" text=","><tfr rev_id="1493561" t=","><v><l id="0" t=","><g v="PNCT"></g></l></v></tfr></token><token id="661464" text="как"><tfr rev_id="1493562" t="как"><v><l id="128190" t="как"><g v="CONJ"></g></l></v><v><l id="128191" t="как"><g v="PRCL"></g></l></v><v><l id="128192" t="как"><g v="ADVB"></g><g v="Ques"></g></l></v></tfr></token><token id="661465" text="трудно"><tfr rev_id="1493563" t="трудно"><v><l id="350750" t="трудно"><g v="ADVB"></g><g v="Prdx"></g></l></v><v><l id="350854" t="труден"><g v="ADJS"></g><g v="Qual"></g><g v="neut"></g><g v="sing"></g></l></v></tfr></token><token id="661466" text="быть"><tfr rev_id="1493564" t="быть"><v><l id="37266" t="быть"><g v="INFN"></g><g v="impf"></g><g v="intr"></g></l></v></tfr></token><token id="661467" text="одновременно"><tfr rev_id="1493565" t="одновременно"><v><l id="203393" t="одновременно"><g v="ADVB"></g></l></v><v><l id="203396" t="одновременен"><g v="ADJS"></g><g v="Qual"></g><g v="neut"></g><g v="sing"></g></l></v></tfr></token><token id="661468" text="порядочным"><tfr rev_id="4212544" t="порядочным"><v><l id="260985" t="порядочный"><g v="ADJF"></g><g v="Qual"></g><g v="masc"></g><g v="sing"></g><g v="ablt"></g></l></v></tfr></token><token id="661469" text="и"><tfr rev_id="1493567" t="и"><v><l id="116949" t="и"><g v="CONJ"></g></l></v><v><l id="116950" t="и"><g v="INTJ"></g></l></v></tfr></token><token id="661470" text="счастливым"><tfr rev_id="4349900" t="счастливым"><v><l id="341182" t="счастливый"><g v="ADJF"></g><g v="Qual"></g><g v="masc"></g><g v="sing"></g><g v="ablt"></g></l></v></tfr></token><token id="661471" text="."><tfr rev_id="1493569" t="."><v><l id="0" t="."><g v="PNCT"></g></l></v></tfr></token></tokens></sentence><sentence id="37001"><source>Да что я тут соловьем разливаюсь...</source><tokens><token id="661472" text="Да"><tfr rev_id="3962420" t="Да"><v><l id="77570" t="да"><g v="PRCL"></g></l></v></tfr></token><token id="661473" text="что"><tfr rev_id="3197407" t="что"><v><l id="377004" t="что"><g v="CONJ"></g></l></v><v><l id="377005" t="что"><g v="NPRO"></g><g v="neut"></g><g v="sing"></g><g v="nomn"></g></l></v><v><l id="377005" t="что"><g v="NPRO"></g><g v="neut"></g><g v="sing"></g><g v="accs"></g></l></v><v><l id="377006" t="что"><g v="ADVB"></g><g v="Ques"></g></l></v><v><l id="388695" t="что"><g v="PRCL"></g></l></v></tfr></token><token id="661474" text="я"><tfr rev_id="1493572" t="я"><v><l id="387317" t="я"><g v="NPRO"></g><g v="1per"></g><g v="sing"></g><g v="nomn"></g></l></v></tfr></token><token id="661475" text="тут"><tfr rev_id="3947969" t="тут"><v><l id="351923" t="тут"><g v="ADVB"></g><g v="Dmns"></g></l></v></tfr></token><token id="661476" text="соловьем"><tfr rev_id="1493574" t="соловьем"><v><l id="329098" t="соловей"><g v="NOUN"></g><g v="anim"></g><g v="masc"></g><g v="sing"></g><g v="ablt"></g></l></v></tfr></token><token id="661477" text="разливаюсь"><tfr rev_id="1493575" t="разливаюсь"><v><l id="294439" t="разливаюсь"><g v="VERB"></g><g v="impf"></g><g v="intr"></g><g v="sing"></g><g v="1per"></g><g v="pres"></g><g v="indc"></g></l></v></tfr></token><token id="661478" text="..."><tfr rev_id="1493576" t="..."><v><l id="0" t="..."><g v="PNCT"></g></l></v></tfr></token></tokens></sentence><sentence id="37002"><source>Просто шедевр.</source><tokens><token id="661479" text="Просто"><tfr rev_id="1493577" t="Просто"><v><l id="285025" t="просто"><g v="ADVB"></g><g v="Prdx"></g></l></v><v><l id="285026" t="просто"><g v="PRCL"></g></l></v><v><l id="285050" t="прост"><g v="ADJS"></g><g v="Qual"></g><g v="neut"></g><g v="sing"></g></l></v></tfr></token><token id="661480" text="шедевр"><tfr rev_id="1493578" t="шедевр"><v><l id="378923" t="шедевр"><g v="NOUN"></g><g v="inan"></g><g v="masc"></g><g v="sing"></g><g v="nomn"></g></l></v><v><l id="378923" t="шедевр"><g v="NOUN"></g><g v="inan"></g><g v="masc"></g><g v="sing"></g><g v="accs"></g></l></v></tfr></token><token id="661481" text="."><tfr rev_id="1493579" t="."><v><l id="0" t="."><g v="PNCT"></g></l></v></tfr></token></tokens></sentence></paragraph></paragraphs></text>