<?xml version="1.0" encoding="utf-8"?><text id="1298" parent="602" name="0069482 модные тенденции"><tags><tag>url:http://l-i-d-y-a.livejournal.com/69482.html</tag><tag>Год:2008</tag><tag>Дата:14/12</tag><tag>Время:00:11</tag><tag>ЖЖ:Метка:нет слов</tag></tags><paragraphs><paragraph id="11865"><sentence id="37064"><source>модные тенденции</source><tokens><token id="662604" text="модные"><tfr rev_id="3815065" t="модные"><v><l id="162403" t="модный"><g v="ADJF"></g><g v="Qual"></g><g v="plur"></g><g v="nomn"></g></l></v></tfr></token><token id="662605" text="тенденции"><tfr rev_id="1494702" t="тенденции"><v><l id="344675" t="тенденция"><g v="NOUN"></g><g v="inan"></g><g v="femn"></g><g v="sing"></g><g v="gent"></g></l></v><v><l id="344675" t="тенденция"><g v="NOUN"></g><g v="inan"></g><g v="femn"></g><g v="sing"></g><g v="datv"></g></l></v><v><l id="344675" t="тенденция"><g v="NOUN"></g><g v="inan"></g><g v="femn"></g><g v="sing"></g><g v="loct"></g></l></v><v><l id="344675" t="тенденция"><g v="NOUN"></g><g v="inan"></g><g v="femn"></g><g v="plur"></g><g v="nomn"></g></l></v><v><l id="344675" t="тенденция"><g v="NOUN"></g><g v="inan"></g><g v="femn"></g><g v="plur"></g><g v="accs"></g></l></v></tfr></token></tokens></sentence></paragraph><paragraph id="11866"><sentence id="37065"><source>Слышала по радио, что нынче в моде украшения с живыми рыбками: прозрачный кулон или браслет, в ктором плавает микроскопическая рыбка.</source><tokens><token id="662606" text="Слышала"><tfr rev_id="1494703" t="Слышала"><v><l id="325563" t="слышу"><g v="VERB"></g><g v="impf"></g><g v="tran"></g><g v="femn"></g><g v="sing"></g><g v="past"></g><g v="indc"></g></l></v></tfr></token><token id="662607" text="по"><tfr rev_id="1494704" t="по"><v><l id="241240" t="по"><g v="PREP"></g></l></v></tfr></token><token id="662608" text="радио"><tfr rev_id="3808189" t="радио"><v><l id="290919" t="радио"><g v="NOUN"></g><g v="inan"></g><g v="neut"></g><g v="Fixd"></g><g v="sing"></g><g v="datv"></g></l></v></tfr></token><token id="662609" text=","><tfr rev_id="1494706" t=","><v><l id="0" t=","><g v="PNCT"></g></l></v></tfr></token><token id="662610" text="что"><tfr rev_id="3197427" t="что"><v><l id="377004" t="что"><g v="CONJ"></g></l></v><v><l id="377005" t="что"><g v="NPRO"></g><g v="neut"></g><g v="sing"></g><g v="nomn"></g></l></v><v><l id="377005" t="что"><g v="NPRO"></g><g v="neut"></g><g v="sing"></g><g v="accs"></g></l></v><v><l id="377006" t="что"><g v="ADVB"></g><g v="Ques"></g></l></v><v><l id="388695" t="что"><g v="PRCL"></g></l></v></tfr></token><token id="662611" text="нынче"><tfr rev_id="1494708" t="нынче"><v><l id="192796" t="нынче"><g v="ADVB"></g></l></v></tfr></token><token id="662612" text="в"><tfr rev_id="1494709" t="в"><v><l id="37409" t="в"><g v="PREP"></g></l></v></tfr></token><token id="662613" text="моде"><tfr rev_id="3545999" t="моде"><v><l id="162252" t="мода"><g v="NOUN"></g><g v="inan"></g><g v="femn"></g><g v="sing"></g><g v="loct"></g></l></v></tfr></token><token id="662614" text="украшения"><tfr rev_id="3795056" t="украшения"><v><l id="356428" t="украшение"><g v="NOUN"></g><g v="inan"></g><g v="neut"></g><g v="plur"></g><g v="nomn"></g></l></v></tfr></token><token id="662615" text="с"><tfr rev_id="1494712" t="с"><v><l id="311151" t="с"><g v="PREP"></g></l></v></tfr></token><token id="662616" text="живыми"><tfr rev_id="4234756" t="живыми"><v><l id="97033" t="живой"><g v="ADJF"></g><g v="Qual"></g><g v="plur"></g><g v="ablt"></g></l></v></tfr></token><token id="662617" text="рыбками"><tfr rev_id="1494714" t="рыбками"><v><l id="310539" t="рыбка"><g v="NOUN"></g><g v="anim"></g><g v="femn"></g><g v="plur"></g><g v="ablt"></g></l></v></tfr></token><token id="662618" text=":"><tfr rev_id="1494715" t=":"><v><l id="0" t=":"><g v="PNCT"></g></l></v></tfr></token><token id="662619" text="прозрачный"><tfr rev_id="4159808" t="прозрачный"><v><l id="279985" t="прозрачный"><g v="ADJF"></g><g v="Qual"></g><g v="masc"></g><g v="sing"></g><g v="nomn"></g></l></v></tfr></token><token id="662620" text="кулон"><tfr rev_id="1494717" t="кулон"><v><l id="144765" t="кулон"><g v="NOUN"></g><g v="inan"></g><g v="masc"></g><g v="sing"></g><g v="nomn"></g></l></v><v><l id="144765" t="кулон"><g v="NOUN"></g><g v="inan"></g><g v="masc"></g><g v="sing"></g><g v="accs"></g></l></v></tfr></token><token id="662621" text="или"><tfr rev_id="3787301" t="или"><v><l id="121146" t="или"><g v="CONJ"></g></l></v></tfr></token><token id="662622" text="браслет"><tfr rev_id="1494719" t="браслет"><v><l id="33556" t="браслет"><g v="NOUN"></g><g v="inan"></g><g v="masc"></g><g v="sing"></g><g v="nomn"></g></l></v><v><l id="33556" t="браслет"><g v="NOUN"></g><g v="inan"></g><g v="masc"></g><g v="sing"></g><g v="accs"></g></l></v></tfr></token><token id="662623" text=","><tfr rev_id="1494720" t=","><v><l id="0" t=","><g v="PNCT"></g></l></v></tfr></token><token id="662624" text="в"><tfr rev_id="1494721" t="в"><v><l id="37409" t="в"><g v="PREP"></g></l></v></tfr></token><token id="662625" text="ктором"><tfr rev_id="1494722" t="ктором"><v><l id="0" t="ктором"><g v="UNKN"></g></l></v></tfr></token><token id="662626" text="плавает"><tfr rev_id="1494723" t="плавает"><v><l id="239465" t="плаваю"><g v="VERB"></g><g v="impf"></g><g v="intr"></g><g v="sing"></g><g v="3per"></g><g v="pres"></g><g v="indc"></g></l></v></tfr></token><token id="662627" text="микроскопическая"><tfr rev_id="1494724" t="микроскопическая"><v><l id="159967" t="микроскопический"><g v="ADJF"></g><g v="femn"></g><g v="sing"></g><g v="nomn"></g></l></v></tfr></token><token id="662628" text="рыбка"><tfr rev_id="1494725" t="рыбка"><v><l id="310539" t="рыбка"><g v="NOUN"></g><g v="anim"></g><g v="femn"></g><g v="sing"></g><g v="nomn"></g></l></v></tfr></token><token id="662629" text="."><tfr rev_id="1494726" t="."><v><l id="0" t="."><g v="PNCT"></g></l></v></tfr></token></tokens></sentence></paragraph><paragraph id="11867"><sentence id="37066"><source>Рыбки могут жить в питательном растворе до трех месяцев.</source><tokens><token id="662630" text="Рыбки"><tfr rev_id="2693401" t="Рыбки"><v><l id="310539" t="рыбка"><g v="NOUN"></g><g v="anim"></g><g v="femn"></g><g v="plur"></g><g v="nomn"></g></l></v></tfr></token><token id="662631" text="могут"><tfr rev_id="1494728" t="могут"><v><l id="164485" t="могу"><g v="VERB"></g><g v="impf"></g><g v="intr"></g><g v="plur"></g><g v="3per"></g><g v="pres"></g><g v="indc"></g></l></v></tfr></token><token id="662632" text="жить"><tfr rev_id="1494729" t="жить"><v><l id="97604" t="жить"><g v="INFN"></g><g v="impf"></g><g v="intr"></g></l></v></tfr></token><token id="662633" text="в"><tfr rev_id="1494730" t="в"><v><l id="37409" t="в"><g v="PREP"></g></l></v></tfr></token><token id="662634" text="питательном"><tfr rev_id="2585568" t="питательном"><v><l id="239209" t="питательный"><g v="ADJF"></g><g v="Qual"></g><g v="masc"></g><g v="sing"></g><g v="loct"></g></l></v></tfr></token><token id="662635" text="растворе"><tfr rev_id="1494732" t="растворе"><v><l id="301897" t="раствор"><g v="NOUN"></g><g v="inan"></g><g v="masc"></g><g v="sing"></g><g v="loct"></g></l></v></tfr></token><token id="662636" text="до"><tfr rev_id="1494733" t="до"><v><l id="85153" t="до"><g v="PREP"></g></l></v></tfr></token><token id="662637" text="трех"><tfr rev_id="2781508" t="трех"><v><l id="349973" t="три"><g v="NUMR"></g><g v="gent"></g></l></v></tfr></token><token id="662638" text="месяцев"><tfr rev_id="1494735" t="месяцев"><v><l id="158841" t="месяц"><g v="NOUN"></g><g v="inan"></g><g v="masc"></g><g v="plur"></g><g v="gent"></g></l></v></tfr></token><token id="662639" text="."><tfr rev_id="1494736" t="."><v><l id="0" t="."><g v="PNCT"></g></l></v></tfr></token></tokens></sentence></paragraph></paragraphs></text>