<?xml version="1.0" encoding="utf-8"?><text id="1304" parent="56" name="В России почти 3 миллиона «тяжёлых пьяниц»"><tags><tag>Автор:http://ru.wikinews.org/wiki/Участник:Potupin</tag><tag>Дата:22/09</tag><tag>Год:2008</tag><tag>url:http://ru.wikinews.org/w/index.php?title=В_России_почти_3_миллиона_«тяжёлых_пьяниц»&amp;oldid=15697</tag></tags><paragraphs><paragraph id="11941"><sentence id="37218"><source>Минздравсоцразвития России разработал Концепцию государственной политики по снижению масштабов алкоголизации.</source><tokens><token id="664837" text="Минздравсоцразвития"><tfr rev_id="4250386" t="Минздравсоцразвития"><v><l id="388951" t="минздравсоцразвития"><g v="NOUN"></g><g v="inan"></g><g v="neut"></g><g v="Sgtm"></g><g v="Fixd"></g><g v="Orgn"></g><g v="sing"></g><g v="nomn"></g></l></v></tfr></token><token id="664838" text="России"><tfr rev_id="2934889" t="России"><v><l id="309322" t="россия"><g v="NOUN"></g><g v="inan"></g><g v="femn"></g><g v="Sgtm"></g><g v="Geox"></g><g v="sing"></g><g v="gent"></g></l></v></tfr></token><token id="664839" text="разработал"><tfr rev_id="1496934" t="разработал"><v><l id="296475" t="разработал"><g v="VERB"></g><g v="perf"></g><g v="tran"></g><g v="masc"></g><g v="sing"></g><g v="past"></g><g v="indc"></g></l></v></tfr></token><token id="664840" text="Концепцию"><tfr rev_id="1496935" t="Концепцию"><v><l id="138952" t="концепция"><g v="NOUN"></g><g v="inan"></g><g v="femn"></g><g v="sing"></g><g v="accs"></g></l></v></tfr></token><token id="664841" text="государственной"><tfr rev_id="3711131" t="государственной"><v><l id="74161" t="государственный"><g v="ADJF"></g><g v="femn"></g><g v="sing"></g><g v="gent"></g></l></v></tfr></token><token id="664842" text="политики"><tfr rev_id="3498665" t="политики"><v><l id="255853" t="политика"><g v="NOUN"></g><g v="inan"></g><g v="femn"></g><g v="sing"></g><g v="gent"></g></l></v></tfr></token><token id="664843" text="по"><tfr rev_id="1496938" t="по"><v><l id="241240" t="по"><g v="PREP"></g></l></v></tfr></token><token id="664844" text="снижению"><tfr rev_id="1496939" t="снижению"><v><l id="327355" t="снижение"><g v="NOUN"></g><g v="inan"></g><g v="neut"></g><g v="sing"></g><g v="datv"></g></l></v></tfr></token><token id="664845" text="масштабов"><tfr rev_id="1496940" t="масштабов"><v><l id="156135" t="масштаб"><g v="NOUN"></g><g v="inan"></g><g v="masc"></g><g v="plur"></g><g v="gent"></g></l></v></tfr></token><token id="664846" text="алкоголизации"><tfr rev_id="4345696" t="алкоголизации"><v><l id="9613" t="алкоголизация"><g v="NOUN"></g><g v="inan"></g><g v="femn"></g><g v="sing"></g><g v="gent"></g></l></v></tfr></token><token id="664847" text="."><tfr rev_id="1496942" t="."><v><l id="0" t="."><g v="PNCT"></g></l></v></tfr></token></tokens></sentence><sentence id="37219"><source>В настоящее время она обсуждается на всероссийском форуме «Здоровье нации — основа процветания России».</source><tokens><token id="664848" text="В"><tfr rev_id="1496943" t="В"><v><l id="37409" t="в"><g v="PREP"></g></l></v></tfr></token><token id="664849" text="настоящее"><tfr rev_id="4281679" t="настоящее"><v><l id="176151" t="настоящий"><g v="ADJF"></g><g v="neut"></g><g v="sing"></g><g v="nomn"></g></l></v><v><l id="176151" t="настоящий"><g v="ADJF"></g><g v="neut"></g><g v="sing"></g><g v="accs"></g></l></v></tfr></token><token id="664850" text="время"><tfr rev_id="1496945" t="время"><v><l id="53149" t="время"><g v="NOUN"></g><g v="inan"></g><g v="neut"></g><g v="sing"></g><g v="nomn"></g></l></v><v><l id="53149" t="время"><g v="NOUN"></g><g v="inan"></g><g v="neut"></g><g v="sing"></g><g v="accs"></g></l></v></tfr></token><token id="664851" text="она"><tfr rev_id="3586539" t="она"><v><l id="206544" t="она"><g v="NPRO"></g><g v="femn"></g><g v="3per"></g><g v="Anph"></g><g v="sing"></g><g v="nomn"></g></l></v></tfr></token><token id="664852" text="обсуждается"><tfr rev_id="1496947" t="обсуждается"><v><l id="200175" t="обсуждаюсь"><g v="VERB"></g><g v="impf"></g><g v="intr"></g><g v="sing"></g><g v="3per"></g><g v="pres"></g><g v="indc"></g></l></v></tfr></token><token id="664853" text="на"><tfr rev_id="3338534" t="на"><v><l id="166264" t="на"><g v="PREP"></g></l></v></tfr></token><token id="664854" text="всероссийском"><tfr rev_id="3549266" t="всероссийском"><v><l id="53524" t="всероссийский"><g v="ADJF"></g><g v="masc"></g><g v="sing"></g><g v="loct"></g></l></v></tfr></token><token id="664855" text="форуме"><tfr rev_id="1496950" t="форуме"><v><l id="367349" t="форум"><g v="NOUN"></g><g v="inan"></g><g v="masc"></g><g v="sing"></g><g v="loct"></g></l></v></tfr></token><token id="664856" text="«"><tfr rev_id="2445992" t="«"><v><l id="0" t="«"><g v="PNCT"></g></l></v></tfr></token><token id="664857" text="Здоровье"><tfr rev_id="4486180" t="Здоровье"><v><l id="114746" t="здоровье"><g v="NOUN"></g><g v="inan"></g><g v="neut"></g><g v="sing"></g><g v="nomn"></g></l></v></tfr></token><token id="664858" text="нации"><tfr rev_id="4345697" t="нации"><v><l id="178157" t="нация"><g v="NOUN"></g><g v="inan"></g><g v="femn"></g><g v="sing"></g><g v="gent"></g></l></v></tfr></token><token id="664859" text="—"><tfr rev_id="2445993" t="—"><v><l id="0" t="—"><g v="PNCT"></g></l></v></tfr></token><token id="664860" text="основа"><tfr rev_id="1496955" t="основа"><v><l id="210574" t="основа"><g v="NOUN"></g><g v="inan"></g><g v="femn"></g><g v="sing"></g><g v="nomn"></g></l></v></tfr></token><token id="664861" text="процветания"><tfr rev_id="3495919" t="процветания"><v><l id="287310" t="процветание"><g v="NOUN"></g><g v="inan"></g><g v="neut"></g><g v="sing"></g><g v="gent"></g></l></v></tfr></token><token id="664862" text="России"><tfr rev_id="3455409" t="России"><v><l id="309322" t="россия"><g v="NOUN"></g><g v="inan"></g><g v="femn"></g><g v="Sgtm"></g><g v="Geox"></g><g v="sing"></g><g v="gent"></g></l></v></tfr></token><token id="664863" text="»"><tfr rev_id="2445994" t="»"><v><l id="0" t="»"><g v="PNCT"></g></l></v></tfr></token><token id="664864" text="."><tfr rev_id="1496959" t="."><v><l id="0" t="."><g v="PNCT"></g></l></v></tfr></token></tokens></sentence><sentence id="37220"><source>Одновременно проект находится на рассмотрении в заинтересованных министерствах и ведомствах России.</source><tokens><token id="664865" text="Одновременно"><tfr rev_id="1496960" t="Одновременно"><v><l id="203393" t="одновременно"><g v="ADVB"></g></l></v><v><l id="203396" t="одновременен"><g v="ADJS"></g><g v="Qual"></g><g v="neut"></g><g v="sing"></g></l></v></tfr></token><token id="664866" text="проект"><tfr rev_id="3506534" t="проект"><v><l id="279545" t="проект"><g v="NOUN"></g><g v="inan"></g><g v="masc"></g><g v="sing"></g><g v="nomn"></g></l></v></tfr></token><token id="664867" text="находится"><tfr rev_id="1496962" t="находится"><v><l id="177898" t="нахожусь"><g v="VERB"></g><g v="impf"></g><g v="intr"></g><g v="sing"></g><g v="3per"></g><g v="pres"></g><g v="indc"></g></l></v><v><l id="177903" t="находился"><g v="VERB"></g><g v="perf"></g><g v="intr"></g><g v="sing"></g><g v="3per"></g><g v="futr"></g><g v="indc"></g></l></v></tfr></token><token id="664868" text="на"><tfr rev_id="3342542" t="на"><v><l id="166264" t="на"><g v="PREP"></g></l></v></tfr></token><token id="664869" text="рассмотрении"><tfr rev_id="1496964" t="рассмотрении"><v><l id="301146" t="рассмотрение"><g v="NOUN"></g><g v="inan"></g><g v="neut"></g><g v="sing"></g><g v="loct"></g></l></v></tfr></token><token id="664870" text="в"><tfr rev_id="1496965" t="в"><v><l id="37409" t="в"><g v="PREP"></g></l></v></tfr></token><token id="664871" text="заинтересованных"><tfr rev_id="1496966" t="заинтересованных"><v><l id="102709" t="заинтересованный"><g v="ADJF"></g><g v="Qual"></g><g v="plur"></g><g v="gent"></g></l></v><v><l id="102709" t="заинтересованный"><g v="ADJF"></g><g v="Qual"></g><g v="anim"></g><g v="plur"></g><g v="accs"></g></l></v><v><l id="102709" t="заинтересованный"><g v="ADJF"></g><g v="Qual"></g><g v="plur"></g><g v="loct"></g></l></v><v><l id="102715" t="заинтересованный"><g v="PRTF"></g><g v="perf"></g><g v="tran"></g><g v="past"></g><g v="pssv"></g><g v="plur"></g><g v="gent"></g></l></v><v><l id="102715" t="заинтересованный"><g v="PRTF"></g><g v="perf"></g><g v="tran"></g><g v="past"></g><g v="pssv"></g><g v="anim"></g><g v="plur"></g><g v="accs"></g></l></v><v><l id="102715" t="заинтересованный"><g v="PRTF"></g><g v="perf"></g><g v="tran"></g><g v="past"></g><g v="pssv"></g><g v="plur"></g><g v="loct"></g></l></v></tfr></token><token id="664872" text="министерствах"><tfr rev_id="1496967" t="министерствах"><v><l id="160612" t="министерство"><g v="NOUN"></g><g v="inan"></g><g v="neut"></g><g v="plur"></g><g v="loct"></g></l></v></tfr></token><token id="664873" text="и"><tfr rev_id="3553067" t="и"><v><l id="116949" t="и"><g v="CONJ"></g></l></v></tfr></token><token id="664874" text="ведомствах"><tfr rev_id="1496969" t="ведомствах"><v><l id="40354" t="ведомство"><g v="NOUN"></g><g v="inan"></g><g v="neut"></g><g v="plur"></g><g v="loct"></g></l></v></tfr></token><token id="664875" text="России"><tfr rev_id="2782176" t="России"><v><l id="309322" t="россия"><g v="NOUN"></g><g v="inan"></g><g v="femn"></g><g v="Sgtm"></g><g v="Geox"></g><g v="sing"></g><g v="gent"></g></l></v></tfr></token><token id="664876" text="."><tfr rev_id="1496971" t="."><v><l id="0" t="."><g v="PNCT"></g></l></v></tfr></token></tokens></sentence></paragraph><paragraph id="11942"><sentence id="37221"><source>В проекте предусмотрены различные методы борьбы с пьянством и алгололизмом, в том числе меры по ограничению потребления алкогольных напитков в стране, недопущение на рынок продукции, не отвечающей стандартам качества, различные виды профилактики.</source><tokens><token id="664877" text="В"><tfr rev_id="1496972" t="В"><v><l id="37409" t="в"><g v="PREP"></g></l></v></tfr></token><token id="664878" text="проекте"><tfr rev_id="1496973" t="проекте"><v><l id="279545" t="проект"><g v="NOUN"></g><g v="inan"></g><g v="masc"></g><g v="sing"></g><g v="loct"></g></l></v></tfr></token><token id="664879" text="предусмотрены"><tfr rev_id="1496974" t="предусмотрены"><v><l id="267314" t="предусмотрен"><g v="PRTS"></g><g v="perf"></g><g v="past"></g><g v="pssv"></g><g v="plur"></g></l></v></tfr></token><token id="664880" text="различные"><tfr rev_id="3794394" t="различные"><v><l id="294553" t="различный"><g v="ADJF"></g><g v="Qual"></g><g v="plur"></g><g v="nomn"></g></l></v></tfr></token><token id="664881" text="методы"><tfr rev_id="3812683" t="методы"><v><l id="159259" t="метод"><g v="NOUN"></g><g v="inan"></g><g v="masc"></g><g v="plur"></g><g v="nomn"></g></l></v></tfr></token><token id="664882" text="борьбы"><tfr rev_id="1496977" t="борьбы"><v><l id="33103" t="борьба"><g v="NOUN"></g><g v="inan"></g><g v="femn"></g><g v="Sgtm"></g><g v="sing"></g><g v="gent"></g></l></v></tfr></token><token id="664883" text="с"><tfr rev_id="1496978" t="с"><v><l id="311151" t="с"><g v="PREP"></g></l></v></tfr></token><token id="664884" text="пьянством"><tfr rev_id="1496979" t="пьянством"><v><l id="290217" t="пьянство"><g v="NOUN"></g><g v="inan"></g><g v="neut"></g><g v="sing"></g><g v="ablt"></g></l></v></tfr></token><token id="664885" text="и"><tfr rev_id="1496980" t="и"><v><l id="116949" t="и"><g v="CONJ"></g></l></v><v><l id="116950" t="и"><g v="INTJ"></g></l></v></tfr></token><token id="664886" text="алгололизмом"><tfr rev_id="1496981" t="алгололизмом"><v><l id="0" t="алгололизмом"><g v="UNKN"></g></l></v></tfr></token><token id="664887" text=","><tfr rev_id="1496982" t=","><v><l id="0" t=","><g v="PNCT"></g></l></v></tfr></token><token id="664888" text="в"><tfr rev_id="1496983" t="в"><v><l id="37409" t="в"><g v="PREP"></g></l></v></tfr></token><token id="664889" text="том"><tfr rev_id="4373368" t="том"><v><l id="348430" t="тот"><g v="ADJF"></g><g v="Subx"></g><g v="Apro"></g><g v="Anph"></g><g v="neut"></g><g v="sing"></g><g v="loct"></g></l></v></tfr></token><token id="664890" text="числе"><tfr rev_id="1496985" t="числе"><v><l id="376585" t="число"><g v="NOUN"></g><g v="inan"></g><g v="neut"></g><g v="sing"></g><g v="loct"></g></l></v></tfr></token><token id="664891" text="меры"><tfr rev_id="3796057" t="меры"><v><l id="158460" t="мера"><g v="NOUN"></g><g v="inan"></g><g v="femn"></g><g v="plur"></g><g v="nomn"></g></l></v></tfr></token><token id="664892" text="по"><tfr rev_id="1496987" t="по"><v><l id="241240" t="по"><g v="PREP"></g></l></v></tfr></token><token id="664893" text="ограничению"><tfr rev_id="1496988" t="ограничению"><v><l id="202915" t="ограничение"><g v="NOUN"></g><g v="inan"></g><g v="neut"></g><g v="sing"></g><g v="datv"></g></l></v></tfr></token><token id="664894" text="потребления"><tfr rev_id="1717463" t="потребления"><v><l id="263534" t="потребление"><g v="NOUN"></g><g v="inan"></g><g v="neut"></g><g v="sing"></g><g v="gent"></g></l></v></tfr></token><token id="664895" text="алкогольных"><tfr rev_id="2927771" t="алкогольных"><v><l id="9621" t="алкогольный"><g v="ADJF"></g><g v="plur"></g><g v="gent"></g></l></v></tfr></token><token id="664896" text="напитков"><tfr rev_id="1496991" t="напитков"><v><l id="173450" t="напиток"><g v="NOUN"></g><g v="inan"></g><g v="masc"></g><g v="plur"></g><g v="gent"></g></l></v></tfr></token><token id="664897" text="в"><tfr rev_id="1496992" t="в"><v><l id="37409" t="в"><g v="PREP"></g></l></v></tfr></token><token id="664898" text="стране"><tfr rev_id="3546082" t="стране"><v><l id="337100" t="страна"><g v="NOUN"></g><g v="inan"></g><g v="femn"></g><g v="sing"></g><g v="loct"></g></l></v></tfr></token><token id="664899" text=","><tfr rev_id="1496994" t=","><v><l id="0" t=","><g v="PNCT"></g></l></v></tfr></token><token id="664900" text="недопущение"><tfr rev_id="1496995" t="недопущение"><v><l id="181528" t="недопущение"><g v="NOUN"></g><g v="inan"></g><g v="neut"></g><g v="sing"></g><g v="nomn"></g></l></v><v><l id="181528" t="недопущение"><g v="NOUN"></g><g v="inan"></g><g v="neut"></g><g v="sing"></g><g v="accs"></g></l></v></tfr></token><token id="664901" text="на"><tfr rev_id="3335725" t="на"><v><l id="166264" t="на"><g v="PREP"></g></l></v></tfr></token><token id="664902" text="рынок"><tfr rev_id="4107443" t="рынок"><v><l id="310781" t="рынок"><g v="NOUN"></g><g v="inan"></g><g v="masc"></g><g v="sing"></g><g v="accs"></g></l></v></tfr></token><token id="664903" text="продукции"><tfr rev_id="4178610" t="продукции"><v><l id="279370" t="продукция"><g v="NOUN"></g><g v="inan"></g><g v="femn"></g><g v="sing"></g><g v="gent"></g></l></v></tfr></token><token id="664904" text=","><tfr rev_id="1496999" t=","><v><l id="0" t=","><g v="PNCT"></g></l></v></tfr></token><token id="664905" text="не"><tfr rev_id="1497000" t="не"><v><l id="178876" t="не"><g v="PRCL"></g></l></v></tfr></token><token id="664906" text="отвечающей"><tfr rev_id="4341997" t="отвечающей"><v><l id="212456" t="отвечающий"><g v="PRTF"></g><g v="impf"></g><g v="intr"></g><g v="pres"></g><g v="actv"></g><g v="femn"></g><g v="sing"></g><g v="gent"></g></l></v></tfr></token><token id="664907" text="стандартам"><tfr rev_id="1497002" t="стандартам"><v><l id="334571" t="стандарт"><g v="NOUN"></g><g v="inan"></g><g v="masc"></g><g v="plur"></g><g v="datv"></g></l></v></tfr></token><token id="664908" text="качества"><tfr rev_id="3505535" t="качества"><v><l id="131638" t="качество"><g v="NOUN"></g><g v="inan"></g><g v="neut"></g><g v="sing"></g><g v="gent"></g></l></v></tfr></token><token id="664909" text=","><tfr rev_id="1497004" t=","><v><l id="0" t=","><g v="PNCT"></g></l></v></tfr></token><token id="664910" text="различные"><tfr rev_id="3812997" t="различные"><v><l id="294553" t="различный"><g v="ADJF"></g><g v="Qual"></g><g v="plur"></g><g v="nomn"></g></l></v></tfr></token><token id="664911" text="виды"><tfr rev_id="3750000" t="виды"><v><l id="44437" t="вид"><g v="NOUN"></g><g v="inan"></g><g v="masc"></g><g v="plur"></g><g v="nomn"></g></l></v></tfr></token><token id="664912" text="профилактики"><tfr rev_id="3264438" t="профилактики"><v><l id="286941" t="профилактика"><g v="NOUN"></g><g v="inan"></g><g v="femn"></g><g v="sing"></g><g v="gent"></g></l></v></tfr></token><token id="664913" text="."><tfr rev_id="1497008" t="."><v><l id="0" t="."><g v="PNCT"></g></l></v></tfr></token></tokens></sentence><sentence id="37222"><source>Но самое главное - активная пропаганда здорового образа жизни, особенно среди молодёжи.</source><tokens><token id="664914" text="Но"><tfr rev_id="1497009" t="Но"><v><l id="191429" t="но"><g v="CONJ"></g></l></v><v><l id="191430" t="но"><g v="INTJ"></g></l></v></tfr></token><token id="664915" text="самое"><tfr rev_id="1497010" t="самое"><v><l id="312034" t="сам"><g v="ADJF"></g><g v="Apro"></g><g v="femn"></g><g v="sing"></g><g v="accs"></g><g v="Arch"></g></l></v><v><l id="313174" t="самый"><g v="ADJF"></g><g v="Apro"></g><g v="neut"></g><g v="sing"></g><g v="nomn"></g></l></v><v><l id="313174" t="самый"><g v="ADJF"></g><g v="Apro"></g><g v="neut"></g><g v="sing"></g><g v="accs"></g></l></v></tfr></token><token id="664916" text="главное"><tfr rev_id="1497011" t="главное"><v><l id="70838" t="главное"><g v="CONJ"></g><g v="Prnt"></g></l></v><v><l id="70839" t="главное"><g v="NOUN"></g><g v="inan"></g><g v="neut"></g><g v="sing"></g><g v="nomn"></g></l></v><v><l id="70839" t="главное"><g v="NOUN"></g><g v="inan"></g><g v="neut"></g><g v="sing"></g><g v="accs"></g></l></v><v><l id="70842" t="главный"><g v="ADJF"></g><g v="Qual"></g><g v="neut"></g><g v="sing"></g><g v="nomn"></g></l></v><v><l id="70842" t="главный"><g v="ADJF"></g><g v="Qual"></g><g v="neut"></g><g v="sing"></g><g v="accs"></g></l></v></tfr></token><token id="664917" text="-"><tfr rev_id="1497012" t="-"><v><l id="0" t="-"><g v="PNCT"></g></l></v></tfr></token><token id="664918" text="активная"><tfr rev_id="1497013" t="активная"><v><l id="7665" t="активный"><g v="ADJF"></g><g v="Qual"></g><g v="femn"></g><g v="sing"></g><g v="nomn"></g></l></v></tfr></token><token id="664919" text="пропаганда"><tfr rev_id="1497014" t="пропаганда"><v><l id="282704" t="пропаганда"><g v="NOUN"></g><g v="inan"></g><g v="femn"></g><g v="sing"></g><g v="nomn"></g></l></v></tfr></token><token id="664920" text="здорового"><tfr rev_id="3431219" t="здорового"><v><l id="114742" t="здоровый"><g v="ADJF"></g><g v="Qual"></g><g v="masc"></g><g v="sing"></g><g v="gent"></g></l></v><v><l id="114742" t="здоровый"><g v="ADJF"></g><g v="Qual"></g><g v="anim"></g><g v="masc"></g><g v="sing"></g><g v="accs"></g></l></v></tfr></token><token id="664921" text="образа"><tfr rev_id="3444664" t="образа"><v><l id="198787" t="образ"><g v="NOUN"></g><g v="inan"></g><g v="masc"></g><g v="sing"></g><g v="gent"></g></l></v></tfr></token><token id="664922" text="жизни"><tfr rev_id="4345698" t="жизни"><v><l id="97314" t="жизнь"><g v="NOUN"></g><g v="inan"></g><g v="femn"></g><g v="sing"></g><g v="gent"></g></l></v></tfr></token><token id="664923" text=","><tfr rev_id="1497018" t=","><v><l id="0" t=","><g v="PNCT"></g></l></v></tfr></token><token id="664924" text="особенно"><tfr rev_id="3426600" t="особенно"><v><l id="210627" t="особенно"><g v="ADVB"></g></l></v><v><l id="210630" t="особен"><g v="ADJS"></g><g v="Qual"></g><g v="neut"></g><g v="sing"></g></l></v><v><l id="388746" t="особенно"><g v="PRCL"></g></l></v></tfr></token><token id="664925" text="среди"><tfr rev_id="1497020" t="среди"><v><l id="333473" t="среди"><g v="PREP"></g></l></v></tfr></token><token id="664926" text="молодёжи"><tfr rev_id="4269918" t="молодёжи"><v><l id="162804" t="молодёжь"><g v="NOUN"></g><g v="inan"></g><g v="femn"></g><g v="sing"></g><g v="gent"></g></l></v></tfr></token><token id="664927" text="."><tfr rev_id="1497022" t="."><v><l id="0" t="."><g v="PNCT"></g></l></v></tfr></token></tokens></sentence><sentence id="37223"><source>На эти цели планируется выделить солидные денежные суммы.</source><tokens><token id="664928" text="На"><tfr rev_id="3338972" t="На"><v><l id="166264" t="на"><g v="PREP"></g></l></v></tfr></token><token id="664929" text="эти"><tfr rev_id="4446165" t="эти"><v><l id="386581" t="этот"><g v="ADJF"></g><g v="Subx"></g><g v="Apro"></g><g v="Anph"></g><g v="inan"></g><g v="plur"></g><g v="accs"></g></l></v></tfr></token><token id="664930" text="цели"><tfr rev_id="3807166" t="цели"><v><l id="373216" t="цель"><g v="NOUN"></g><g v="inan"></g><g v="femn"></g><g v="plur"></g><g v="accs"></g></l></v></tfr></token><token id="664931" text="планируется"><tfr rev_id="1497026" t="планируется"><v><l id="239722" t="планируюсь"><g v="VERB"></g><g v="impf"></g><g v="intr"></g><g v="sing"></g><g v="3per"></g><g v="pres"></g><g v="indc"></g></l></v></tfr></token><token id="664932" text="выделить"><tfr rev_id="1497027" t="выделить"><v><l id="57032" t="выделить"><g v="INFN"></g><g v="perf"></g><g v="tran"></g></l></v></tfr></token><token id="664933" text="солидные"><tfr rev_id="3794005" t="солидные"><v><l id="329009" t="солидный"><g v="ADJF"></g><g v="Qual"></g><g v="inan"></g><g v="plur"></g><g v="accs"></g></l></v></tfr></token><token id="664934" text="денежные"><tfr rev_id="3808713" t="денежные"><v><l id="81269" t="денежный"><g v="ADJF"></g><g v="Qual"></g><g v="inan"></g><g v="plur"></g><g v="accs"></g></l></v></tfr></token><token id="664935" text="суммы"><tfr rev_id="3794506" t="суммы"><v><l id="339516" t="сумма"><g v="NOUN"></g><g v="inan"></g><g v="femn"></g><g v="plur"></g><g v="accs"></g></l></v></tfr></token><token id="664936" text="."><tfr rev_id="1497031" t="."><v><l id="0" t="."><g v="PNCT"></g></l></v></tfr></token></tokens></sentence></paragraph><paragraph id="11943"><sentence id="37224"><source>Пока что проблема алкоголизма является очень серьёзной, назрушающей здоровье нации.</source><tokens><token id="664937" text="Пока"><tfr rev_id="4454995" t="Пока"><v><l id="253968" t="пока"><g v="ADVB"></g></l></v></tfr></token><token id="664938" text="что"><tfr rev_id="3197440" t="что"><v><l id="377004" t="что"><g v="CONJ"></g></l></v><v><l id="377005" t="что"><g v="NPRO"></g><g v="neut"></g><g v="sing"></g><g v="nomn"></g></l></v><v><l id="377005" t="что"><g v="NPRO"></g><g v="neut"></g><g v="sing"></g><g v="accs"></g></l></v><v><l id="377006" t="что"><g v="ADVB"></g><g v="Ques"></g></l></v><v><l id="388695" t="что"><g v="PRCL"></g></l></v></tfr></token><token id="664939" text="проблема"><tfr rev_id="1497034" t="проблема"><v><l id="277255" t="проблема"><g v="NOUN"></g><g v="inan"></g><g v="femn"></g><g v="sing"></g><g v="nomn"></g></l></v></tfr></token><token id="664940" text="алкоголизма"><tfr rev_id="1497035" t="алкоголизма"><v><l id="9614" t="алкоголизм"><g v="NOUN"></g><g v="inan"></g><g v="masc"></g><g v="sing"></g><g v="gent"></g></l></v></tfr></token><token id="664941" text="является"><tfr rev_id="1497036" t="является"><v><l id="387385" t="являюсь"><g v="VERB"></g><g v="impf"></g><g v="intr"></g><g v="sing"></g><g v="3per"></g><g v="pres"></g><g v="indc"></g></l></v></tfr></token><token id="664942" text="очень"><tfr rev_id="1497037" t="очень"><v><l id="221681" t="очень"><g v="ADVB"></g></l></v></tfr></token><token id="664943" text="серьёзной"><tfr rev_id="4170165" t="серьёзной"><v><l id="319559" t="серьёзный"><g v="ADJF"></g><g v="Qual"></g><g v="femn"></g><g v="sing"></g><g v="ablt"></g></l></v></tfr></token><token id="664944" text=","><tfr rev_id="1497039" t=","><v><l id="0" t=","><g v="PNCT"></g></l></v></tfr></token><token id="664945" text="назрушающей"><tfr rev_id="1497040" t="назрушающей"><v><l id="0" t="назрушающей"><g v="UNKN"></g></l></v></tfr></token><token id="664946" text="здоровье"><tfr rev_id="4426279" t="здоровье"><v><l id="114746" t="здоровье"><g v="NOUN"></g><g v="inan"></g><g v="neut"></g><g v="sing"></g><g v="accs"></g></l></v></tfr></token><token id="664947" text="нации"><tfr rev_id="3555530" t="нации"><v><l id="178157" t="нация"><g v="NOUN"></g><g v="inan"></g><g v="femn"></g><g v="sing"></g><g v="gent"></g></l></v></tfr></token><token id="664948" text="."><tfr rev_id="1497043" t="."><v><l id="0" t="."><g v="PNCT"></g></l></v></tfr></token></tokens></sentence><sentence id="37225"><source>По данным медицинской статистики, 2% населения России страдает тяжёлым болезненным пьянством.</source><tokens><token id="664949" text="По"><tfr rev_id="1497044" t="По"><v><l id="241240" t="по"><g v="PREP"></g></l></v></tfr></token><token id="664950" text="данным"><tfr rev_id="4535411" t="данным"><v><l id="78302" t="данные"><g v="NOUN"></g><g v="inan"></g><g v="GNdr"></g><g v="Pltm"></g><g v="plur"></g><g v="datv"></g></l></v></tfr></token><token id="664951" text="медицинской"><tfr rev_id="4173851" t="медицинской"><v><l id="157067" t="медицинский"><g v="ADJF"></g><g v="femn"></g><g v="sing"></g><g v="gent"></g></l></v></tfr></token><token id="664952" text="статистики"><tfr rev_id="3446688" t="статистики"><v><l id="335112" t="статистика"><g v="NOUN"></g><g v="inan"></g><g v="femn"></g><g v="sing"></g><g v="gent"></g></l></v></tfr></token><token id="664953" text=","><tfr rev_id="1497048" t=","><v><l id="0" t=","><g v="PNCT"></g></l></v></tfr></token><token id="664954" text="2"><tfr rev_id="2462466" t="2"><v><l id="0" t="2"><g v="NUMB"></g></l></v></tfr></token><token id="664955" text="%"><tfr rev_id="2445995" t="%"><v><l id="0" t="%"><g v="PNCT"></g></l></v></tfr></token><token id="664956" text="населения"><tfr rev_id="3469649" t="населения"><v><l id="175227" t="население"><g v="NOUN"></g><g v="inan"></g><g v="neut"></g><g v="sing"></g><g v="gent"></g></l></v></tfr></token><token id="664957" text="России"><tfr rev_id="3455583" t="России"><v><l id="309322" t="россия"><g v="NOUN"></g><g v="inan"></g><g v="femn"></g><g v="Sgtm"></g><g v="Geox"></g><g v="sing"></g><g v="gent"></g></l></v></tfr></token><token id="664958" text="страдает"><tfr rev_id="1497053" t="страдает"><v><l id="337058" t="страдаю"><g v="VERB"></g><g v="impf"></g><g v="intr"></g><g v="sing"></g><g v="3per"></g><g v="pres"></g><g v="indc"></g></l></v></tfr></token><token id="664959" text="тяжёлым"><tfr rev_id="4412244" t="тяжёлым"><v><l id="352656" t="тяжёлый"><g v="ADJF"></g><g v="Qual"></g><g v="neut"></g><g v="sing"></g><g v="ablt"></g></l></v></tfr></token><token id="664960" text="болезненным"><tfr rev_id="4399848" t="болезненным"><v><l id="32071" t="болезненный"><g v="ADJF"></g><g v="Qual"></g><g v="neut"></g><g v="sing"></g><g v="ablt"></g></l></v></tfr></token><token id="664961" text="пьянством"><tfr rev_id="1497056" t="пьянством"><v><l id="290217" t="пьянство"><g v="NOUN"></g><g v="inan"></g><g v="neut"></g><g v="sing"></g><g v="ablt"></g></l></v></tfr></token><token id="664962" text="."><tfr rev_id="1497057" t="."><v><l id="0" t="."><g v="PNCT"></g></l></v></tfr></token></tokens></sentence><sentence id="37226"><source>Кроме того, доля населения, регулярно употребляющая алкогольные напитки составляет 76%.</source><tokens><token id="664963" text="Кроме"><tfr rev_id="1497058" t="Кроме"><v><l id="143259" t="кроме"><g v="PREP"></g></l></v></tfr></token><token id="664964" text="того"><tfr rev_id="4537892" t="того"><v><l id="348430" t="тот"><g v="ADJF"></g><g v="Subx"></g><g v="Apro"></g><g v="Anph"></g><g v="masc"></g><g v="sing"></g><g v="gent"></g></l></v><v><l id="348430" t="тот"><g v="ADJF"></g><g v="Subx"></g><g v="Apro"></g><g v="Anph"></g><g v="neut"></g><g v="sing"></g><g v="gent"></g></l></v></tfr></token><token id="664965" text=","><tfr rev_id="1497060" t=","><v><l id="0" t=","><g v="PNCT"></g></l></v></tfr></token><token id="664966" text="доля"><tfr rev_id="1497061" t="доля"><v><l id="88151" t="доля"><g v="NOUN"></g><g v="inan"></g><g v="femn"></g><g v="sing"></g><g v="nomn"></g></l></v></tfr></token><token id="664967" text="населения"><tfr rev_id="3473111" t="населения"><v><l id="175227" t="население"><g v="NOUN"></g><g v="inan"></g><g v="neut"></g><g v="sing"></g><g v="gent"></g></l></v></tfr></token><token id="664968" text=","><tfr rev_id="1497063" t=","><v><l id="0" t=","><g v="PNCT"></g></l></v></tfr></token><token id="664969" text="регулярно"><tfr rev_id="1497064" t="регулярно"><v><l id="304944" t="регулярно"><g v="ADVB"></g></l></v><v><l id="304948" t="регулярен"><g v="ADJS"></g><g v="Qual"></g><g v="neut"></g><g v="sing"></g></l></v></tfr></token><token id="664970" text="употребляющая"><tfr rev_id="1497065" t="употребляющая"><v><l id="359181" t="употребляющий"><g v="PRTF"></g><g v="impf"></g><g v="tran"></g><g v="pres"></g><g v="actv"></g><g v="femn"></g><g v="sing"></g><g v="nomn"></g></l></v></tfr></token><token id="664971" text="алкогольные"><tfr rev_id="3768118" t="алкогольные"><v><l id="9621" t="алкогольный"><g v="ADJF"></g><g v="inan"></g><g v="plur"></g><g v="accs"></g></l></v></tfr></token><token id="664972" text="напитки"><tfr rev_id="3749437" t="напитки"><v><l id="173450" t="напиток"><g v="NOUN"></g><g v="inan"></g><g v="masc"></g><g v="plur"></g><g v="accs"></g></l></v></tfr></token><token id="664973" text="составляет"><tfr rev_id="1497068" t="составляет"><v><l id="330494" t="составляю"><g v="VERB"></g><g v="impf"></g><g v="tran"></g><g v="sing"></g><g v="3per"></g><g v="pres"></g><g v="indc"></g></l></v></tfr></token><token id="664974" text="76"><tfr rev_id="2462467" t="76"><v><l id="0" t="76"><g v="NUMB"></g></l></v></tfr></token><token id="664975" text="%"><tfr rev_id="2445996" t="%"><v><l id="0" t="%"><g v="PNCT"></g></l></v></tfr></token><token id="664976" text="."><tfr rev_id="1497071" t="."><v><l id="0" t="."><g v="PNCT"></g></l></v></tfr></token></tokens></sentence></paragraph><paragraph id="11944"><sentence id="37227"><source>Также отмечено, что по данным Всемирной организации здравоохранения (ВОЗ), от злоупотребления алкоголем ежегодно в мире умирают 2 миллиона человек.</source><tokens><token id="664977" text="Также"><tfr rev_id="4267801" t="Также"><v><l id="342482" t="также"><g v="PRCL"></g></l></v></tfr></token><token id="664978" text="отмечено"><tfr rev_id="1497073" t="отмечено"><v><l id="215588" t="отмечен"><g v="PRTS"></g><g v="perf"></g><g v="past"></g><g v="pssv"></g><g v="neut"></g><g v="sing"></g></l></v></tfr></token><token id="664979" text=","><tfr rev_id="1497074" t=","><v><l id="0" t=","><g v="PNCT"></g></l></v></tfr></token><token id="664980" text="что"><tfr rev_id="3197441" t="что"><v><l id="377004" t="что"><g v="CONJ"></g></l></v><v><l id="377005" t="что"><g v="NPRO"></g><g v="neut"></g><g v="sing"></g><g v="nomn"></g></l></v><v><l id="377005" t="что"><g v="NPRO"></g><g v="neut"></g><g v="sing"></g><g v="accs"></g></l></v><v><l id="377006" t="что"><g v="ADVB"></g><g v="Ques"></g></l></v><v><l id="388695" t="что"><g v="PRCL"></g></l></v></tfr></token><token id="664981" text="по"><tfr rev_id="1497076" t="по"><v><l id="241240" t="по"><g v="PREP"></g></l></v></tfr></token><token id="664982" text="данным"><tfr rev_id="4576768" t="данным"><v><l id="78302" t="данные"><g v="NOUN"></g><g v="inan"></g><g v="GNdr"></g><g v="Pltm"></g><g v="plur"></g><g v="datv"></g></l></v></tfr></token><token id="664983" text="Всемирной"><tfr rev_id="3554001" t="Всемирной"><v><l id="53444" t="всемирный"><g v="ADJF"></g><g v="Qual"></g><g v="femn"></g><g v="sing"></g><g v="gent"></g></l></v></tfr></token><token id="664984" text="организации"><tfr rev_id="4277462" t="организации"><v><l id="208750" t="организация"><g v="NOUN"></g><g v="inan"></g><g v="femn"></g><g v="sing"></g><g v="gent"></g></l></v></tfr></token><token id="664985" text="здравоохранения"><tfr rev_id="3446651" t="здравоохранения"><v><l id="114762" t="здравоохранение"><g v="NOUN"></g><g v="inan"></g><g v="neut"></g><g v="sing"></g><g v="gent"></g></l></v></tfr></token><token id="664986" text="("><tfr rev_id="1497081" t="("><v><l id="0" t="("><g v="PNCT"></g></l></v></tfr></token><token id="664987" text="ВОЗ"><tfr rev_id="4169828" t="ВОЗ"><v><l id="388739" t="воз"><g v="NOUN"></g><g v="inan"></g><g v="femn"></g><g v="Sgtm"></g><g v="Fixd"></g><g v="Abbr"></g><g v="Orgn"></g><g v="sing"></g><g v="gent"></g></l></v></tfr></token><token id="664988" text=")"><tfr rev_id="1497083" t=")"><v><l id="0" t=")"><g v="PNCT"></g></l></v></tfr></token><token id="664989" text=","><tfr rev_id="1497084" t=","><v><l id="0" t=","><g v="PNCT"></g></l></v></tfr></token><token id="664990" text="от"><tfr rev_id="1497085" t="от"><v><l id="211644" t="от"><g v="PREP"></g></l></v></tfr></token><token id="664991" text="злоупотребления"><tfr rev_id="2722673" t="злоупотребления"><v><l id="115809" t="злоупотребление"><g v="NOUN"></g><g v="inan"></g><g v="neut"></g><g v="sing"></g><g v="gent"></g></l></v></tfr></token><token id="664992" text="алкоголем"><tfr rev_id="1497087" t="алкоголем"><v><l id="9619" t="алкоголь"><g v="NOUN"></g><g v="inan"></g><g v="masc"></g><g v="sing"></g><g v="ablt"></g></l></v></tfr></token><token id="664993" text="ежегодно"><tfr rev_id="1497088" t="ежегодно"><v><l id="94443" t="ежегодно"><g v="ADVB"></g></l></v><v><l id="94445" t="ежегоден"><g v="ADJS"></g><g v="Qual"></g><g v="neut"></g><g v="sing"></g></l></v></tfr></token><token id="664994" text="в"><tfr rev_id="1497089" t="в"><v><l id="37409" t="в"><g v="PREP"></g></l></v></tfr></token><token id="664995" text="мире"><tfr rev_id="3703886" t="мире"><v><l id="160807" t="мир"><g v="NOUN"></g><g v="inan"></g><g v="masc"></g><g v="sing"></g><g v="loc1"></g></l></v></tfr></token><token id="664996" text="умирают"><tfr rev_id="1497091" t="умирают"><v><l id="357745" t="умираю"><g v="VERB"></g><g v="impf"></g><g v="intr"></g><g v="plur"></g><g v="3per"></g><g v="pres"></g><g v="indc"></g></l></v></tfr></token><token id="664997" text="2"><tfr rev_id="2462468" t="2"><v><l id="0" t="2"><g v="NUMB"></g></l></v></tfr></token><token id="664998" text="миллиона"><tfr rev_id="1497093" t="миллиона"><v><l id="160260" t="миллион"><g v="NOUN"></g><g v="inan"></g><g v="masc"></g><g v="sing"></g><g v="gent"></g></l></v></tfr></token><token id="664999" text="человек"><tfr rev_id="3503830" t="человек"><v><l id="375073" t="человек"><g v="NOUN"></g><g v="anim"></g><g v="masc"></g><g v="plur"></g><g v="gent"></g></l></v></tfr></token><token id="665000" text="."><tfr rev_id="1497095" t="."><v><l id="0" t="."><g v="PNCT"></g></l></v></tfr></token></tokens></sentence></paragraph></paragraphs></text>