<?xml version="1.0" encoding="utf-8"?><text id="1308" parent="56" name="Силы Каддафи готовятся к штурму Бенгази"><tags><tag>url:http://ru.wikinews.org/w/index.php?title=Силы_Каддафи_готовятся_к_штурму_Бенгази&amp;oldid=86343</tag><tag>Автор:http://ru.wikinews.org/wiki/Участник:Pavel55</tag><tag>Дата:17/03</tag><tag>Год:2011</tag><tag>Тема:ВикиКатегория:Войны</tag><tag>Тема:ВикиКатегория:Народные волнения (2010-11)</tag><tag>Гео:ВикиКатегория:Ливия</tag></tags><paragraphs><paragraph id="11960"><sentence id="37252"><source>Войска, верные Муаммару Каддафи, продолжают обстрел позиций повстанцев вокруг города Бенгази.</source><tokens><token id="665586" text="Войска"><tfr rev_id="3796596" t="Войска"><v><l id="49729" t="войско"><g v="NOUN"></g><g v="inan"></g><g v="neut"></g><g v="plur"></g><g v="nomn"></g></l></v></tfr></token><token id="665587" text=","><tfr rev_id="1497682" t=","><v><l id="0" t=","><g v="PNCT"></g></l></v></tfr></token><token id="665588" text="верные"><tfr rev_id="3861353" t="верные"><v><l id="41487" t="верный"><g v="ADJF"></g><g v="Qual"></g><g v="plur"></g><g v="nomn"></g></l></v></tfr></token><token id="665589" text="Муаммару"><tfr rev_id="1497684" t="Муаммару"><v><l id="0" t="муаммару"><g v="UNKN"></g></l></v></tfr></token><token id="665590" text="Каддафи"><tfr rev_id="4327240" t="Каддафи"><v><l id="388626" t="каддафи"><g v="NOUN"></g><g v="anim"></g><g v="ms-f"></g><g v="Fixd"></g><g v="Surn"></g><g v="sing"></g><g v="nomn"></g></l></v><v><l id="388626" t="каддафи"><g v="NOUN"></g><g v="anim"></g><g v="ms-f"></g><g v="Fixd"></g><g v="Surn"></g><g v="sing"></g><g v="gent"></g></l></v><v><l id="388626" t="каддафи"><g v="NOUN"></g><g v="anim"></g><g v="ms-f"></g><g v="Fixd"></g><g v="Surn"></g><g v="sing"></g><g v="datv"></g></l></v><v><l id="388626" t="каддафи"><g v="NOUN"></g><g v="anim"></g><g v="ms-f"></g><g v="Fixd"></g><g v="Surn"></g><g v="sing"></g><g v="accs"></g></l></v><v><l id="388626" t="каддафи"><g v="NOUN"></g><g v="anim"></g><g v="ms-f"></g><g v="Fixd"></g><g v="Surn"></g><g v="sing"></g><g v="ablt"></g></l></v><v><l id="388626" t="каддафи"><g v="NOUN"></g><g v="anim"></g><g v="ms-f"></g><g v="Fixd"></g><g v="Surn"></g><g v="sing"></g><g v="loct"></g></l></v></tfr></token><token id="665591" text=","><tfr rev_id="1497686" t=","><v><l id="0" t=","><g v="PNCT"></g></l></v></tfr></token><token id="665592" text="продолжают"><tfr rev_id="1497687" t="продолжают"><v><l id="279215" t="продолжаю"><g v="VERB"></g><g v="impf"></g><g v="tran"></g><g v="plur"></g><g v="3per"></g><g v="pres"></g><g v="indc"></g></l></v></tfr></token><token id="665593" text="обстрел"><tfr rev_id="3300896" t="обстрел"><v><l id="200007" t="обстрел"><g v="NOUN"></g><g v="inan"></g><g v="masc"></g><g v="sing"></g><g v="accs"></g></l></v></tfr></token><token id="665594" text="позиций"><tfr rev_id="1497689" t="позиций"><v><l id="253607" t="позиция"><g v="NOUN"></g><g v="inan"></g><g v="femn"></g><g v="plur"></g><g v="gent"></g></l></v></tfr></token><token id="665595" text="повстанцев"><tfr rev_id="3547192" t="повстанцев"><v><l id="242782" t="повстанец"><g v="NOUN"></g><g v="anim"></g><g v="masc"></g><g v="plur"></g><g v="gent"></g></l></v></tfr></token><token id="665596" text="вокруг"><tfr rev_id="4422656" t="вокруг"><v><l id="49813" t="вокруг"><g v="PREP"></g></l></v></tfr></token><token id="665597" text="города"><tfr rev_id="2722670" t="города"><v><l id="73547" t="город"><g v="NOUN"></g><g v="inan"></g><g v="masc"></g><g v="sing"></g><g v="gent"></g></l></v></tfr></token><token id="665598" text="Бенгази"><tfr rev_id="3676471" t="Бенгази"><v><l id="27499" t="бенгази"><g v="NOUN"></g><g v="inan"></g><g v="masc"></g><g v="Sgtm"></g><g v="Fixd"></g><g v="Geox"></g><g v="sing"></g><g v="gent"></g></l></v></tfr></token><token id="665599" text="."><tfr rev_id="1497694" t="."><v><l id="0" t="."><g v="PNCT"></g></l></v></tfr></token></tokens></sentence><sentence id="37253"><source>В четверг командование ливийской армии сообщило, что остановит в воскресенье все операции, чтобы дать повстанцам шанс сложить оружие и разойтись по домам.</source><tokens><token id="665600" text="В"><tfr rev_id="1497695" t="В"><v><l id="37409" t="в"><g v="PREP"></g></l></v></tfr></token><token id="665601" text="четверг"><tfr rev_id="1497696" t="четверг"><v><l id="376075" t="четверг"><g v="NOUN"></g><g v="inan"></g><g v="masc"></g><g v="sing"></g><g v="nomn"></g></l></v><v><l id="376075" t="четверг"><g v="NOUN"></g><g v="inan"></g><g v="masc"></g><g v="sing"></g><g v="accs"></g></l></v></tfr></token><token id="665602" text="командование"><tfr rev_id="3710442" t="командование"><v><l id="136745" t="командование"><g v="NOUN"></g><g v="inan"></g><g v="neut"></g><g v="sing"></g><g v="nomn"></g></l></v></tfr></token><token id="665603" text="ливийской"><tfr rev_id="4166581" t="ливийской"><v><l id="148956" t="ливийский"><g v="ADJF"></g><g v="femn"></g><g v="sing"></g><g v="gent"></g></l></v></tfr></token><token id="665604" text="армии"><tfr rev_id="4385681" t="армии"><v><l id="16905" t="армия"><g v="NOUN"></g><g v="inan"></g><g v="femn"></g><g v="sing"></g><g v="gent"></g></l></v></tfr></token><token id="665605" text="сообщило"><tfr rev_id="1497700" t="сообщило"><v><l id="329556" t="сообщил"><g v="VERB"></g><g v="perf"></g><g v="tran"></g><g v="neut"></g><g v="sing"></g><g v="past"></g><g v="indc"></g></l></v></tfr></token><token id="665606" text=","><tfr rev_id="1497701" t=","><v><l id="0" t=","><g v="PNCT"></g></l></v></tfr></token><token id="665607" text="что"><tfr rev_id="3197458" t="что"><v><l id="377004" t="что"><g v="CONJ"></g></l></v><v><l id="377005" t="что"><g v="NPRO"></g><g v="neut"></g><g v="sing"></g><g v="nomn"></g></l></v><v><l id="377005" t="что"><g v="NPRO"></g><g v="neut"></g><g v="sing"></g><g v="accs"></g></l></v><v><l id="377006" t="что"><g v="ADVB"></g><g v="Ques"></g></l></v><v><l id="388695" t="что"><g v="PRCL"></g></l></v></tfr></token><token id="665608" text="остановит"><tfr rev_id="1497703" t="остановит"><v><l id="210859" t="остановил"><g v="VERB"></g><g v="perf"></g><g v="tran"></g><g v="sing"></g><g v="3per"></g><g v="futr"></g><g v="indc"></g></l></v></tfr></token><token id="665609" text="в"><tfr rev_id="1497704" t="в"><v><l id="37409" t="в"><g v="PREP"></g></l></v></tfr></token><token id="665610" text="воскресенье"><tfr rev_id="4458252" t="воскресенье"><v><l id="51393" t="воскресение"><g v="NOUN"></g><g v="inan"></g><g v="neut"></g><g v="sing"></g><g v="accs"></g><g v="V-be"></g></l></v><v><l id="51406" t="воскресенье"><g v="NOUN"></g><g v="inan"></g><g v="neut"></g><g v="sing"></g><g v="accs"></g></l></v></tfr></token><token id="665611" text="все"><tfr rev_id="4538597" t="все"><v><l id="42156" t="весь"><g v="ADJF"></g><g v="Subx"></g><g v="Apro"></g><g v="inan"></g><g v="plur"></g><g v="accs"></g></l></v><v><l id="42156" t="весь"><g v="ADJF"></g><g v="Subx"></g><g v="Apro"></g><g v="plur"></g><g v="nomn"></g></l></v></tfr></token><token id="665612" text="операции"><tfr rev_id="3796678" t="операции"><v><l id="206957" t="операция"><g v="NOUN"></g><g v="inan"></g><g v="femn"></g><g v="plur"></g><g v="accs"></g></l></v></tfr></token><token id="665613" text=","><tfr rev_id="1497708" t=","><v><l id="0" t=","><g v="PNCT"></g></l></v></tfr></token><token id="665614" text="чтобы"><tfr rev_id="1497709" t="чтобы"><v><l id="377013" t="чтобы"><g v="CONJ"></g></l></v><v><l id="377014" t="чтобы"><g v="PRCL"></g></l></v></tfr></token><token id="665615" text="дать"><tfr rev_id="1497710" t="дать"><v><l id="78547" t="дать"><g v="INFN"></g><g v="perf"></g><g v="tran"></g></l></v></tfr></token><token id="665616" text="повстанцам"><tfr rev_id="1497711" t="повстанцам"><v><l id="242782" t="повстанец"><g v="NOUN"></g><g v="anim"></g><g v="masc"></g><g v="plur"></g><g v="datv"></g></l></v></tfr></token><token id="665617" text="шанс"><tfr rev_id="3300768" t="шанс"><v><l id="378026" t="шанс"><g v="NOUN"></g><g v="inan"></g><g v="masc"></g><g v="sing"></g><g v="accs"></g></l></v></tfr></token><token id="665618" text="сложить"><tfr rev_id="1497713" t="сложить"><v><l id="325245" t="сложить"><g v="INFN"></g><g v="perf"></g><g v="tran"></g></l></v></tfr></token><token id="665619" text="оружие"><tfr rev_id="4100800" t="оружие"><v><l id="209361" t="оружие"><g v="NOUN"></g><g v="inan"></g><g v="neut"></g><g v="sing"></g><g v="accs"></g></l></v></tfr></token><token id="665620" text="и"><tfr rev_id="3445942" t="и"><v><l id="116949" t="и"><g v="CONJ"></g></l></v></tfr></token><token id="665621" text="разойтись"><tfr rev_id="1497716" t="разойтись"><v><l id="296268" t="разойтись"><g v="INFN"></g><g v="perf"></g><g v="intr"></g></l></v></tfr></token><token id="665622" text="по"><tfr rev_id="1497717" t="по"><v><l id="241240" t="по"><g v="PREP"></g></l></v></tfr></token><token id="665623" text="домам"><tfr rev_id="1497718" t="домам"><v><l id="88152" t="дом"><g v="NOUN"></g><g v="inan"></g><g v="masc"></g><g v="plur"></g><g v="datv"></g></l></v></tfr></token><token id="665624" text="."><tfr rev_id="1497719" t="."><v><l id="0" t="."><g v="PNCT"></g></l></v></tfr></token></tokens></sentence></paragraph><paragraph id="11961"><sentence id="37254"><source>Как передает государственный телеканал Ливии, передовые подразделения армии вошли в пригороды Бенгази.</source><tokens><token id="665625" text="Как"><tfr rev_id="1497720" t="Как"><v><l id="128190" t="как"><g v="CONJ"></g></l></v><v><l id="128191" t="как"><g v="PRCL"></g></l></v><v><l id="128192" t="как"><g v="ADVB"></g><g v="Ques"></g></l></v></tfr></token><token id="665626" text="передает"><tfr rev_id="1497721" t="передает"><v><l id="228101" t="передаю"><g v="VERB"></g><g v="impf"></g><g v="tran"></g><g v="sing"></g><g v="3per"></g><g v="pres"></g><g v="indc"></g></l></v><v><l id="228108" t="передавал"><g v="VERB"></g><g v="perf"></g><g v="tran"></g><g v="sing"></g><g v="3per"></g><g v="futr"></g><g v="indc"></g></l></v></tfr></token><token id="665627" text="государственный"><tfr rev_id="1497722" t="государственный"><v><l id="74161" t="государственный"><g v="ADJF"></g><g v="masc"></g><g v="sing"></g><g v="nomn"></g></l></v><v><l id="74161" t="государственный"><g v="ADJF"></g><g v="inan"></g><g v="masc"></g><g v="sing"></g><g v="accs"></g></l></v></tfr></token><token id="665628" text="телеканал"><tfr rev_id="4099157" t="телеканал"><v><l id="344167" t="телеканал"><g v="NOUN"></g><g v="inan"></g><g v="masc"></g><g v="sing"></g><g v="nomn"></g></l></v></tfr></token><token id="665629" text="Ливии"><tfr rev_id="3455395" t="Ливии"><v><l id="148960" t="ливия"><g v="NOUN"></g><g v="inan"></g><g v="femn"></g><g v="Sgtm"></g><g v="Geox"></g><g v="sing"></g><g v="gent"></g></l></v></tfr></token><token id="665630" text=","><tfr rev_id="1497725" t=","><v><l id="0" t=","><g v="PNCT"></g></l></v></tfr></token><token id="665631" text="передовые"><tfr rev_id="3793503" t="передовые"><v><l id="228388" t="передовой"><g v="ADJF"></g><g v="plur"></g><g v="nomn"></g></l></v></tfr></token><token id="665632" text="подразделения"><tfr rev_id="3796671" t="подразделения"><v><l id="249427" t="подразделение"><g v="NOUN"></g><g v="inan"></g><g v="neut"></g><g v="plur"></g><g v="nomn"></g></l></v></tfr></token><token id="665633" text="армии"><tfr rev_id="4271663" t="армии"><v><l id="16905" t="армия"><g v="NOUN"></g><g v="inan"></g><g v="femn"></g><g v="sing"></g><g v="gent"></g></l></v></tfr></token><token id="665634" text="вошли"><tfr rev_id="1497729" t="вошли"><v><l id="49737" t="вошёл"><g v="VERB"></g><g v="perf"></g><g v="intr"></g><g v="plur"></g><g v="past"></g><g v="indc"></g></l></v></tfr></token><token id="665635" text="в"><tfr rev_id="1497730" t="в"><v><l id="37409" t="в"><g v="PREP"></g></l></v></tfr></token><token id="665636" text="пригороды"><tfr rev_id="3743936" t="пригороды"><v><l id="269934" t="пригород"><g v="NOUN"></g><g v="inan"></g><g v="masc"></g><g v="plur"></g><g v="accs"></g></l></v></tfr></token><token id="665637" text="Бенгази"><tfr rev_id="3509201" t="Бенгази"><v><l id="27499" t="бенгази"><g v="NOUN"></g><g v="inan"></g><g v="masc"></g><g v="Sgtm"></g><g v="Fixd"></g><g v="Geox"></g><g v="sing"></g><g v="gent"></g></l></v></tfr></token><token id="665638" text="."><tfr rev_id="1497733" t="."><v><l id="0" t="."><g v="PNCT"></g></l></v></tfr></token></tokens></sentence><sentence id="37255"><source>Повстанческие источники заявляют, что попытки авиации Каддафи сбросить бомбы на второй по величине город страны были ими отбиты.</source><tokens><token id="665639" text="Повстанческие"><tfr rev_id="3817243" t="Повстанческие"><v><l id="242783" t="повстанческий"><g v="ADJF"></g><g v="plur"></g><g v="nomn"></g></l></v></tfr></token><token id="665640" text="источники"><tfr rev_id="3701399" t="источники"><v><l id="126464" t="источник"><g v="NOUN"></g><g v="inan"></g><g v="masc"></g><g v="plur"></g><g v="nomn"></g></l></v></tfr></token><token id="665641" text="заявляют"><tfr rev_id="1497736" t="заявляют"><v><l id="114312" t="заявляю"><g v="VERB"></g><g v="impf"></g><g v="tran"></g><g v="plur"></g><g v="3per"></g><g v="pres"></g><g v="indc"></g></l></v></tfr></token><token id="665642" text=","><tfr rev_id="1497737" t=","><v><l id="0" t=","><g v="PNCT"></g></l></v></tfr></token><token id="665643" text="что"><tfr rev_id="3197459" t="что"><v><l id="377004" t="что"><g v="CONJ"></g></l></v><v><l id="377005" t="что"><g v="NPRO"></g><g v="neut"></g><g v="sing"></g><g v="nomn"></g></l></v><v><l id="377005" t="что"><g v="NPRO"></g><g v="neut"></g><g v="sing"></g><g v="accs"></g></l></v><v><l id="377006" t="что"><g v="ADVB"></g><g v="Ques"></g></l></v><v><l id="388695" t="что"><g v="PRCL"></g></l></v></tfr></token><token id="665644" text="попытки"><tfr rev_id="3802625" t="попытки"><v><l id="259844" t="попытка"><g v="NOUN"></g><g v="inan"></g><g v="femn"></g><g v="plur"></g><g v="nomn"></g></l></v></tfr></token><token id="665645" text="авиации"><tfr rev_id="4313907" t="авиации"><v><l id="2730" t="авиация"><g v="NOUN"></g><g v="inan"></g><g v="femn"></g><g v="sing"></g><g v="gent"></g></l></v></tfr></token><token id="665646" text="Каддафи"><tfr rev_id="4327241" t="Каддафи"><v><l id="388626" t="каддафи"><g v="NOUN"></g><g v="anim"></g><g v="ms-f"></g><g v="Fixd"></g><g v="Surn"></g><g v="sing"></g><g v="nomn"></g></l></v><v><l id="388626" t="каддафи"><g v="NOUN"></g><g v="anim"></g><g v="ms-f"></g><g v="Fixd"></g><g v="Surn"></g><g v="sing"></g><g v="gent"></g></l></v><v><l id="388626" t="каддафи"><g v="NOUN"></g><g v="anim"></g><g v="ms-f"></g><g v="Fixd"></g><g v="Surn"></g><g v="sing"></g><g v="datv"></g></l></v><v><l id="388626" t="каддафи"><g v="NOUN"></g><g v="anim"></g><g v="ms-f"></g><g v="Fixd"></g><g v="Surn"></g><g v="sing"></g><g v="accs"></g></l></v><v><l id="388626" t="каддафи"><g v="NOUN"></g><g v="anim"></g><g v="ms-f"></g><g v="Fixd"></g><g v="Surn"></g><g v="sing"></g><g v="ablt"></g></l></v><v><l id="388626" t="каддафи"><g v="NOUN"></g><g v="anim"></g><g v="ms-f"></g><g v="Fixd"></g><g v="Surn"></g><g v="sing"></g><g v="loct"></g></l></v></tfr></token><token id="665647" text="сбросить"><tfr rev_id="1497742" t="сбросить"><v><l id="314477" t="сбросить"><g v="INFN"></g><g v="perf"></g><g v="tran"></g></l></v></tfr></token><token id="665648" text="бомбы"><tfr rev_id="3814635" t="бомбы"><v><l id="32469" t="бомба"><g v="NOUN"></g><g v="inan"></g><g v="femn"></g><g v="plur"></g><g v="accs"></g></l></v></tfr></token><token id="665649" text="на"><tfr rev_id="3339093" t="на"><v><l id="166264" t="на"><g v="PREP"></g></l></v></tfr></token><token id="665650" text="второй"><tfr rev_id="4260262" t="второй"><v><l id="55043" t="второй"><g v="ADJF"></g><g v="Anum"></g><g v="masc"></g><g v="sing"></g><g v="nomn"></g></l></v><v><l id="55043" t="второй"><g v="ADJF"></g><g v="Anum"></g><g v="inan"></g><g v="masc"></g><g v="sing"></g><g v="accs"></g></l></v></tfr></token><token id="665651" text="по"><tfr rev_id="1497746" t="по"><v><l id="241240" t="по"><g v="PREP"></g></l></v></tfr></token><token id="665652" text="величине"><tfr rev_id="3546025" t="величине"><v><l id="40744" t="величина"><g v="NOUN"></g><g v="inan"></g><g v="femn"></g><g v="sing"></g><g v="datv"></g></l></v></tfr></token><token id="665653" text="город"><tfr rev_id="1497748" t="город"><v><l id="73547" t="город"><g v="NOUN"></g><g v="inan"></g><g v="masc"></g><g v="sing"></g><g v="nomn"></g></l></v><v><l id="73547" t="город"><g v="NOUN"></g><g v="inan"></g><g v="masc"></g><g v="sing"></g><g v="accs"></g></l></v></tfr></token><token id="665654" text="страны"><tfr rev_id="3501460" t="страны"><v><l id="337100" t="страна"><g v="NOUN"></g><g v="inan"></g><g v="femn"></g><g v="sing"></g><g v="gent"></g></l></v></tfr></token><token id="665655" text="были"><tfr rev_id="1714590" t="были"><v><l id="37265" t="есть"><g v="VERB"></g><g v="impf"></g><g v="intr"></g><g v="plur"></g><g v="past"></g><g v="indc"></g></l></v></tfr></token><token id="665656" text="ими"><tfr rev_id="3605548" t="ими"><v><l id="206619" t="они"><g v="NPRO"></g><g v="3per"></g><g v="Anph"></g><g v="plur"></g><g v="ablt"></g></l></v></tfr></token><token id="665657" text="отбиты"><tfr rev_id="1497752" t="отбиты"><v><l id="211845" t="отбит"><g v="PRTS"></g><g v="perf"></g><g v="past"></g><g v="pssv"></g><g v="plur"></g></l></v></tfr></token><token id="665658" text="."><tfr rev_id="1497753" t="."><v><l id="0" t="."><g v="PNCT"></g></l></v></tfr></token></tokens></sentence></paragraph><paragraph id="11962"><sentence id="37256"><source>По сведениям из контролируемого повстанцами города Адждабия, в результате бомбежек там погибло свыше 30 человек.</source><tokens><token id="665659" text="По"><tfr rev_id="1497754" t="По"><v><l id="241240" t="по"><g v="PREP"></g></l></v></tfr></token><token id="665660" text="сведениям"><tfr rev_id="1497755" t="сведениям"><v><l id="314794" t="сведение"><g v="NOUN"></g><g v="inan"></g><g v="neut"></g><g v="plur"></g><g v="datv"></g></l></v><v><l id="314795" t="сведение"><g v="NOUN"></g><g v="inan"></g><g v="neut"></g><g v="plur"></g><g v="datv"></g></l></v></tfr></token><token id="665661" text="из"><tfr rev_id="2603145" t="из"><v><l id="117677" t="из"><g v="PREP"></g></l></v></tfr></token><token id="665662" text="контролируемого"><tfr rev_id="1497757" t="контролируемого"><v><l id="138599" t="контролируемый"><g v="PRTF"></g><g v="impf"></g><g v="tran"></g><g v="pres"></g><g v="pssv"></g><g v="masc"></g><g v="sing"></g><g v="gent"></g></l></v><v><l id="138599" t="контролируемый"><g v="PRTF"></g><g v="impf"></g><g v="tran"></g><g v="pres"></g><g v="pssv"></g><g v="anim"></g><g v="masc"></g><g v="sing"></g><g v="accs"></g></l></v><v><l id="138599" t="контролируемый"><g v="PRTF"></g><g v="impf"></g><g v="tran"></g><g v="pres"></g><g v="pssv"></g><g v="neut"></g><g v="sing"></g><g v="gent"></g></l></v><v><l id="138610" t="контролируемый"><g v="ADJF"></g><g v="masc"></g><g v="sing"></g><g v="gent"></g></l></v><v><l id="138610" t="контролируемый"><g v="ADJF"></g><g v="anim"></g><g v="masc"></g><g v="sing"></g><g v="accs"></g></l></v><v><l id="138610" t="контролируемый"><g v="ADJF"></g><g v="neut"></g><g v="sing"></g><g v="gent"></g></l></v></tfr></token><token id="665663" text="повстанцами"><tfr rev_id="1497758" t="повстанцами"><v><l id="242782" t="повстанец"><g v="NOUN"></g><g v="anim"></g><g v="masc"></g><g v="plur"></g><g v="ablt"></g></l></v></tfr></token><token id="665664" text="города"><tfr rev_id="3493660" t="города"><v><l id="73547" t="город"><g v="NOUN"></g><g v="inan"></g><g v="masc"></g><g v="sing"></g><g v="gent"></g></l></v></tfr></token><token id="665665" text="Адждабия"><tfr rev_id="1497760" t="Адждабия"><v><l id="0" t="адждабия"><g v="UNKN"></g></l></v></tfr></token><token id="665666" text=","><tfr rev_id="1497761" t=","><v><l id="0" t=","><g v="PNCT"></g></l></v></tfr></token><token id="665667" text="в"><tfr rev_id="1497762" t="в"><v><l id="37409" t="в"><g v="PREP"></g></l></v></tfr></token><token id="665668" text="результате"><tfr rev_id="1497763" t="результате"><v><l id="305391" t="результат"><g v="NOUN"></g><g v="inan"></g><g v="masc"></g><g v="sing"></g><g v="loct"></g></l></v></tfr></token><token id="665669" text="бомбежек"><tfr rev_id="1497764" t="бомбежек"><v><l id="32465" t="бомбёжка"><g v="NOUN"></g><g v="inan"></g><g v="femn"></g><g v="plur"></g><g v="gent"></g></l></v></tfr></token><token id="665670" text="там"><tfr rev_id="1497765" t="там"><v><l id="342752" t="там"><g v="PRCL"></g></l></v><v><l id="342753" t="там"><g v="ADVB"></g><g v="Dmns"></g></l></v></tfr></token><token id="665671" text="погибло"><tfr rev_id="1497766" t="погибло"><v><l id="243191" t="погиб"><g v="VERB"></g><g v="perf"></g><g v="intr"></g><g v="neut"></g><g v="sing"></g><g v="past"></g><g v="indc"></g></l></v></tfr></token><token id="665672" text="свыше"><tfr rev_id="4485490" t="свыше"><v><l id="316524" t="свыше"><g v="PREP"></g></l></v></tfr></token><token id="665673" text="30"><tfr rev_id="2462482" t="30"><v><l id="0" t="30"><g v="NUMB"></g></l></v></tfr></token><token id="665674" text="человек"><tfr rev_id="3471174" t="человек"><v><l id="375073" t="человек"><g v="NOUN"></g><g v="anim"></g><g v="masc"></g><g v="plur"></g><g v="gent"></g></l></v></tfr></token><token id="665675" text="."><tfr rev_id="1497770" t="."><v><l id="0" t="."><g v="PNCT"></g></l></v></tfr></token></tokens></sentence></paragraph><paragraph id="11963"><sentence id="37257"><source>Западные государства-члены Совбеза ООН настаивают на проведении в четверг голосования по поддержке резолюции Арабской лиги, призывающей к вмешательству международных сил для защиты гражданского населения Ливии.</source><tokens><token id="665676" text="Западные"><tfr rev_id="3812864" t="Западные"><v><l id="106682" t="западный"><g v="ADJF"></g><g v="Qual"></g><g v="plur"></g><g v="nomn"></g></l></v></tfr></token><token id="665677" text="государства"><tfr rev_id="3796409" t="государства"><v><l id="74164" t="государство"><g v="NOUN"></g><g v="inan"></g><g v="neut"></g><g v="plur"></g><g v="nomn"></g></l></v></tfr></token><token id="665678" text="-"><tfr rev_id="1497773" t="-"><v><l id="0" t="-"><g v="PNCT"></g></l></v></tfr></token><token id="665679" text="члены"><tfr rev_id="4292673" t="члены"><v><l id="376827" t="член"><g v="NOUN"></g><g v="anim"></g><g v="masc"></g><g v="plur"></g><g v="nomn"></g></l></v></tfr></token><token id="665680" text="Совбеза"><tfr rev_id="1497775" t="Совбеза"><v><l id="327879" t="совбез"><g v="NOUN"></g><g v="inan"></g><g v="masc"></g><g v="Sgtm"></g><g v="Orgn"></g><g v="sing"></g><g v="gent"></g></l></v></tfr></token><token id="665681" text="ООН"><tfr rev_id="4138827" t="ООН"><v><l id="206695" t="оон"><g v="NOUN"></g><g v="inan"></g><g v="femn"></g><g v="Sgtm"></g><g v="Fixd"></g><g v="Abbr"></g><g v="Orgn"></g><g v="sing"></g><g v="gent"></g></l></v></tfr></token><token id="665682" text="настаивают"><tfr rev_id="1497777" t="настаивают"><v><l id="175966" t="настаиваю"><g v="VERB"></g><g v="impf"></g><g v="tran"></g><g v="plur"></g><g v="3per"></g><g v="pres"></g><g v="indc"></g></l></v><v><l id="175973" t="настаиваю"><g v="VERB"></g><g v="impf"></g><g v="intr"></g><g v="plur"></g><g v="3per"></g><g v="pres"></g><g v="indc"></g></l></v></tfr></token><token id="665683" text="на"><tfr rev_id="3344939" t="на"><v><l id="166264" t="на"><g v="PREP"></g></l></v></tfr></token><token id="665684" text="проведении"><tfr rev_id="1497779" t="проведении"><v><l id="277705" t="проведение"><g v="NOUN"></g><g v="inan"></g><g v="neut"></g><g v="sing"></g><g v="loct"></g></l></v></tfr></token><token id="665685" text="в"><tfr rev_id="1497780" t="в"><v><l id="37409" t="в"><g v="PREP"></g></l></v></tfr></token><token id="665686" text="четверг"><tfr rev_id="3555964" t="четверг"><v><l id="376075" t="четверг"><g v="NOUN"></g><g v="inan"></g><g v="masc"></g><g v="sing"></g><g v="accs"></g></l></v></tfr></token><token id="665687" text="голосования"><tfr rev_id="3264380" t="голосования"><v><l id="72508" t="голосование"><g v="NOUN"></g><g v="inan"></g><g v="neut"></g><g v="sing"></g><g v="gent"></g></l></v></tfr></token><token id="665688" text="по"><tfr rev_id="1497783" t="по"><v><l id="241240" t="по"><g v="PREP"></g></l></v></tfr></token><token id="665689" text="поддержке"><tfr rev_id="3537273" t="поддержке"><v><l id="245415" t="поддержка"><g v="NOUN"></g><g v="inan"></g><g v="femn"></g><g v="sing"></g><g v="datv"></g></l></v></tfr></token><token id="665690" text="резолюции"><tfr rev_id="4178130" t="резолюции"><v><l id="305353" t="резолюция"><g v="NOUN"></g><g v="inan"></g><g v="femn"></g><g v="sing"></g><g v="gent"></g></l></v></tfr></token><token id="665691" text="Арабской"><tfr rev_id="3558817" t="Арабской"><v><l id="15610" t="арабский"><g v="ADJF"></g><g v="femn"></g><g v="sing"></g><g v="gent"></g></l></v></tfr></token><token id="665692" text="лиги"><tfr rev_id="3437711" t="лиги"><v><l id="148983" t="лига"><g v="NOUN"></g><g v="inan"></g><g v="femn"></g><g v="sing"></g><g v="gent"></g></l></v></tfr></token><token id="665693" text=","><tfr rev_id="1497788" t=","><v><l id="0" t=","><g v="PNCT"></g></l></v></tfr></token><token id="665694" text="призывающей"><tfr rev_id="4342011" t="призывающей"><v><l id="270691" t="призывающий"><g v="PRTF"></g><g v="impf"></g><g v="tran"></g><g v="pres"></g><g v="actv"></g><g v="femn"></g><g v="sing"></g><g v="gent"></g></l></v></tfr></token><token id="665695" text="к"><tfr rev_id="1497790" t="к"><v><l id="127460" t="к"><g v="PREP"></g></l></v></tfr></token><token id="665696" text="вмешательству"><tfr rev_id="1497791" t="вмешательству"><v><l id="47176" t="вмешательство"><g v="NOUN"></g><g v="inan"></g><g v="neut"></g><g v="sing"></g><g v="datv"></g></l></v></tfr></token><token id="665697" text="международных"><tfr rev_id="4357500" t="международных"><v><l id="157346" t="международный"><g v="ADJF"></g><g v="plur"></g><g v="gent"></g></l></v></tfr></token><token id="665698" text="сил"><tfr rev_id="1497793" t="сил"><v><l id="320333" t="сила"><g v="NOUN"></g><g v="inan"></g><g v="femn"></g><g v="plur"></g><g v="gent"></g></l></v></tfr></token><token id="665699" text="для"><tfr rev_id="3445321" t="для"><v><l id="85032" t="для"><g v="PREP"></g></l></v></tfr></token><token id="665700" text="защиты"><tfr rev_id="3285508" t="защиты"><v><l id="114235" t="защита"><g v="NOUN"></g><g v="inan"></g><g v="femn"></g><g v="sing"></g><g v="gent"></g></l></v></tfr></token><token id="665701" text="гражданского"><tfr rev_id="3881280" t="гражданского"><v><l id="74529" t="гражданский"><g v="ADJF"></g><g v="neut"></g><g v="sing"></g><g v="gent"></g></l></v></tfr></token><token id="665702" text="населения"><tfr rev_id="3508956" t="населения"><v><l id="175227" t="население"><g v="NOUN"></g><g v="inan"></g><g v="neut"></g><g v="sing"></g><g v="gent"></g></l></v></tfr></token><token id="665703" text="Ливии"><tfr rev_id="2782056" t="Ливии"><v><l id="148960" t="ливия"><g v="NOUN"></g><g v="inan"></g><g v="femn"></g><g v="Sgtm"></g><g v="Geox"></g><g v="sing"></g><g v="gent"></g></l></v></tfr></token><token id="665704" text="."><tfr rev_id="1497799" t="."><v><l id="0" t="."><g v="PNCT"></g></l></v></tfr></token></tokens></sentence><sentence id="37258"><source>Представитель США в ООН Сюзан Райс поздно вечером в среду заявила, что Вашингтон предлагает ряд мер, «возможно, более широкого характера», чем объявление «бесполетной зоны».</source><tokens><token id="665705" text="Представитель"><tfr rev_id="1497800" t="Представитель"><v><l id="267083" t="представитель"><g v="NOUN"></g><g v="anim"></g><g v="masc"></g><g v="sing"></g><g v="nomn"></g></l></v></tfr></token><token id="665706" text="США"><tfr rev_id="3811423" t="США"><v><l id="341371" t="сша"><g v="NOUN"></g><g v="inan"></g><g v="GNdr"></g><g v="Pltm"></g><g v="Fixd"></g><g v="Abbr"></g><g v="Geox"></g><g v="plur"></g><g v="gent"></g></l></v></tfr></token><token id="665707" text="в"><tfr rev_id="1497802" t="в"><v><l id="37409" t="в"><g v="PREP"></g></l></v></tfr></token><token id="665708" text="ООН"><tfr rev_id="4572924" t="ООН"><v><l id="206695" t="оон"><g v="NOUN"></g><g v="inan"></g><g v="femn"></g><g v="Sgtm"></g><g v="Fixd"></g><g v="Abbr"></g><g v="Orgn"></g><g v="sing"></g><g v="loct"></g></l></v></tfr></token><token id="665709" text="Сюзан"><tfr rev_id="1497804" t="Сюзан"><v><l id="0" t="сюзан"><g v="UNKN"></g></l></v></tfr></token><token id="665710" text="Райс"><tfr rev_id="1497805" t="Райс"><v><l id="0" t="райс"><g v="UNKN"></g></l></v></tfr></token><token id="665711" text="поздно"><tfr rev_id="1497806" t="поздно"><v><l id="253493" t="поздно"><g v="ADVB"></g><g v="Prdx"></g></l></v></tfr></token><token id="665712" text="вечером"><tfr rev_id="4151049" t="вечером"><v><l id="42391" t="вечером"><g v="ADVB"></g></l></v></tfr></token><token id="665713" text="в"><tfr rev_id="1497808" t="в"><v><l id="37409" t="в"><g v="PREP"></g></l></v></tfr></token><token id="665714" text="среду"><tfr rev_id="1497809" t="среду"><v><l id="333471" t="среда"><g v="NOUN"></g><g v="inan"></g><g v="femn"></g><g v="sing"></g><g v="accs"></g></l></v></tfr></token><token id="665715" text="заявила"><tfr rev_id="1497810" t="заявила"><v><l id="114300" t="заявил"><g v="VERB"></g><g v="perf"></g><g v="tran"></g><g v="femn"></g><g v="sing"></g><g v="past"></g><g v="indc"></g></l></v></tfr></token><token id="665716" text=","><tfr rev_id="1497811" t=","><v><l id="0" t=","><g v="PNCT"></g></l></v></tfr></token><token id="665717" text="что"><tfr rev_id="3197460" t="что"><v><l id="377004" t="что"><g v="CONJ"></g></l></v><v><l id="377005" t="что"><g v="NPRO"></g><g v="neut"></g><g v="sing"></g><g v="nomn"></g></l></v><v><l id="377005" t="что"><g v="NPRO"></g><g v="neut"></g><g v="sing"></g><g v="accs"></g></l></v><v><l id="377006" t="что"><g v="ADVB"></g><g v="Ques"></g></l></v><v><l id="388695" t="что"><g v="PRCL"></g></l></v></tfr></token><token id="665718" text="Вашингтон"><tfr rev_id="4233250" t="Вашингтон"><v><l id="39406" t="вашингтон"><g v="NOUN"></g><g v="inan"></g><g v="masc"></g><g v="Geox"></g><g v="sing"></g><g v="nomn"></g></l></v></tfr></token><token id="665719" text="предлагает"><tfr rev_id="1497814" t="предлагает"><v><l id="266518" t="предлагаю"><g v="VERB"></g><g v="impf"></g><g v="tran"></g><g v="sing"></g><g v="3per"></g><g v="pres"></g><g v="indc"></g></l></v></tfr></token><token id="665720" text="ряд"><tfr rev_id="3702388" t="ряд"><v><l id="311045" t="ряд"><g v="NOUN"></g><g v="inan"></g><g v="masc"></g><g v="sing"></g><g v="accs"></g></l></v></tfr></token><token id="665721" text="мер"><tfr rev_id="1714393" t="мер"><v><l id="158460" t="мера"><g v="NOUN"></g><g v="inan"></g><g v="femn"></g><g v="plur"></g><g v="gent"></g></l></v></tfr></token><token id="665722" text=","><tfr rev_id="1497817" t=","><v><l id="0" t=","><g v="PNCT"></g></l></v></tfr></token><token id="665723" text="«"><tfr rev_id="2446000" t="«"><v><l id="0" t="«"><g v="PNCT"></g></l></v></tfr></token><token id="665724" text="возможно"><tfr rev_id="1497819" t="возможно"><v><l id="49408" t="возможно"><g v="ADVB"></g><g v="Prdx"></g></l></v><v><l id="49409" t="возможно"><g v="CONJ"></g><g v="Prnt"></g></l></v><v><l id="49413" t="возможен"><g v="ADJS"></g><g v="Qual"></g><g v="neut"></g><g v="sing"></g></l></v></tfr></token><token id="665725" text=","><tfr rev_id="1497820" t=","><v><l id="0" t=","><g v="PNCT"></g></l></v></tfr></token><token id="665726" text="более"><tfr rev_id="1497821" t="более"><v><l id="32065" t="более"><g v="ADVB"></g></l></v></tfr></token><token id="665727" text="широкого"><tfr rev_id="4076657" t="широкого"><v><l id="379815" t="широкий"><g v="ADJF"></g><g v="Qual"></g><g v="masc"></g><g v="sing"></g><g v="gent"></g></l></v><v><l id="379815" t="широкий"><g v="ADJF"></g><g v="Qual"></g><g v="anim"></g><g v="masc"></g><g v="sing"></g><g v="accs"></g></l></v></tfr></token><token id="665728" text="характера"><tfr rev_id="3421800" t="характера"><v><l id="369409" t="характер"><g v="NOUN"></g><g v="inan"></g><g v="masc"></g><g v="sing"></g><g v="gen1"></g></l></v></tfr></token><token id="665729" text="»"><tfr rev_id="2446001" t="»"><v><l id="0" t="»"><g v="PNCT"></g></l></v></tfr></token><token id="665730" text=","><tfr rev_id="1497825" t=","><v><l id="0" t=","><g v="PNCT"></g></l></v></tfr></token><token id="665731" text="чем"><tfr rev_id="4331942" t="чем"><v><l id="375161" t="чем"><g v="CONJ"></g></l></v></tfr></token><token id="665732" text="объявление"><tfr rev_id="3467359" t="объявление"><v><l id="201901" t="объявление"><g v="NOUN"></g><g v="inan"></g><g v="neut"></g><g v="sing"></g><g v="nomn"></g></l></v></tfr></token><token id="665733" text="«"><tfr rev_id="2446002" t="«"><v><l id="0" t="«"><g v="PNCT"></g></l></v></tfr></token><token id="665734" text="бесполетной"><tfr rev_id="1497829" t="бесполетной"><v><l id="0" t="бесполетной"><g v="UNKN"></g></l></v></tfr></token><token id="665735" text="зоны"><tfr rev_id="3483250" t="зоны"><v><l id="116338" t="зона"><g v="NOUN"></g><g v="inan"></g><g v="femn"></g><g v="sing"></g><g v="gent"></g></l></v></tfr></token><token id="665736" text="»"><tfr rev_id="2446003" t="»"><v><l id="0" t="»"><g v="PNCT"></g></l></v></tfr></token><token id="665737" text="."><tfr rev_id="1497832" t="."><v><l id="0" t="."><g v="PNCT"></g></l></v></tfr></token></tokens></sentence></paragraph><paragraph id="11964"><sentence id="37259"><source>Заместитель госсекретаря Уильям Бернс, выступая в четверг в сенатском Комитете по иностранным делам, отметил, что США должны считаться со «значительными рисками» в результате победы Каддафи.</source><tokens><token id="665738" text="Заместитель"><tfr rev_id="1497833" t="Заместитель"><v><l id="105492" t="заместитель"><g v="NOUN"></g><g v="anim"></g><g v="masc"></g><g v="sing"></g><g v="nomn"></g></l></v></tfr></token><token id="665739" text="госсекретаря"><tfr rev_id="4461102" t="госсекретаря"><v><l id="74072" t="госсекретарь"><g v="NOUN"></g><g v="anim"></g><g v="masc"></g><g v="sing"></g><g v="gent"></g></l></v></tfr></token><token id="665740" text="Уильям"><tfr rev_id="1497835" t="Уильям"><v><l id="355881" t="уильям"><g v="NOUN"></g><g v="anim"></g><g v="masc"></g><g v="Name"></g><g v="sing"></g><g v="nomn"></g></l></v></tfr></token><token id="665741" text="Бернс"><tfr rev_id="1497836" t="Бернс"><v><l id="0" t="бернс"><g v="UNKN"></g></l></v></tfr></token><token id="665742" text=","><tfr rev_id="1497837" t=","><v><l id="0" t=","><g v="PNCT"></g></l></v></tfr></token><token id="665743" text="выступая"><tfr rev_id="1497838" t="выступая"><v><l id="62884" t="выступая"><g v="GRND"></g><g v="impf"></g><g v="intr"></g><g v="pres"></g></l></v></tfr></token><token id="665744" text="в"><tfr rev_id="1497839" t="в"><v><l id="37409" t="в"><g v="PREP"></g></l></v></tfr></token><token id="665745" text="четверг"><tfr rev_id="4359965" t="четверг"><v><l id="376075" t="четверг"><g v="NOUN"></g><g v="inan"></g><g v="masc"></g><g v="sing"></g><g v="accs"></g></l></v></tfr></token><token id="665746" text="в"><tfr rev_id="1497841" t="в"><v><l id="37409" t="в"><g v="PREP"></g></l></v></tfr></token><token id="665747" text="сенатском"><tfr rev_id="4165025" t="сенатском"><v><l id="318695" t="сенатский"><g v="ADJF"></g><g v="masc"></g><g v="sing"></g><g v="loct"></g></l></v></tfr></token><token id="665748" text="Комитете"><tfr rev_id="1497843" t="Комитете"><v><l id="136923" t="комитет"><g v="NOUN"></g><g v="inan"></g><g v="masc"></g><g v="sing"></g><g v="loct"></g></l></v></tfr></token><token id="665749" text="по"><tfr rev_id="1497844" t="по"><v><l id="241240" t="по"><g v="PREP"></g></l></v></tfr></token><token id="665750" text="иностранным"><tfr rev_id="3668722" t="иностранным"><v><l id="122754" t="иностранный"><g v="ADJF"></g><g v="plur"></g><g v="datv"></g></l></v></tfr></token><token id="665751" text="делам"><tfr rev_id="1497846" t="делам"><v><l id="80628" t="дело"><g v="NOUN"></g><g v="inan"></g><g v="neut"></g><g v="plur"></g><g v="datv"></g></l></v></tfr></token><token id="665752" text=","><tfr rev_id="1497847" t=","><v><l id="0" t=","><g v="PNCT"></g></l></v></tfr></token><token id="665753" text="отметил"><tfr rev_id="1497848" t="отметил"><v><l id="215584" t="отметил"><g v="VERB"></g><g v="perf"></g><g v="tran"></g><g v="masc"></g><g v="sing"></g><g v="past"></g><g v="indc"></g></l></v></tfr></token><token id="665754" text=","><tfr rev_id="1497849" t=","><v><l id="0" t=","><g v="PNCT"></g></l></v></tfr></token><token id="665755" text="что"><tfr rev_id="3197461" t="что"><v><l id="377004" t="что"><g v="CONJ"></g></l></v><v><l id="377005" t="что"><g v="NPRO"></g><g v="neut"></g><g v="sing"></g><g v="nomn"></g></l></v><v><l id="377005" t="что"><g v="NPRO"></g><g v="neut"></g><g v="sing"></g><g v="accs"></g></l></v><v><l id="377006" t="что"><g v="ADVB"></g><g v="Ques"></g></l></v><v><l id="388695" t="что"><g v="PRCL"></g></l></v></tfr></token><token id="665756" text="США"><tfr rev_id="3811424" t="США"><v><l id="341371" t="сша"><g v="NOUN"></g><g v="inan"></g><g v="GNdr"></g><g v="Pltm"></g><g v="Fixd"></g><g v="Abbr"></g><g v="Geox"></g><g v="plur"></g><g v="nomn"></g></l></v></tfr></token><token id="665757" text="должны"><tfr rev_id="2559317" t="должны"><v><l id="87975" t="должен"><g v="ADJS"></g><g v="plur"></g></l></v></tfr></token><token id="665758" text="считаться"><tfr rev_id="1497853" t="считаться"><v><l id="341336" t="считаться"><g v="INFN"></g><g v="impf"></g><g v="intr"></g></l></v></tfr></token><token id="665759" text="со"><tfr rev_id="2919258" t="со"><v><l id="311151" t="с"><g v="PREP"></g><g v="Vpre"></g></l></v></tfr></token><token id="665760" text="«"><tfr rev_id="2446004" t="«"><v><l id="0" t="«"><g v="PNCT"></g></l></v></tfr></token><token id="665761" text="значительными"><tfr rev_id="1497856" t="значительными"><v><l id="116026" t="значительный"><g v="ADJF"></g><g v="Qual"></g><g v="plur"></g><g v="ablt"></g></l></v></tfr></token><token id="665762" text="рисками"><tfr rev_id="4281719" t="рисками"><v><l id="307762" t="риск"><g v="NOUN"></g><g v="inan"></g><g v="masc"></g><g v="plur"></g><g v="ablt"></g></l></v></tfr></token><token id="665763" text="»"><tfr rev_id="2446005" t="»"><v><l id="0" t="»"><g v="PNCT"></g></l></v></tfr></token><token id="665764" text="в"><tfr rev_id="1497859" t="в"><v><l id="37409" t="в"><g v="PREP"></g></l></v></tfr></token><token id="665765" text="результате"><tfr rev_id="1497860" t="результате"><v><l id="305391" t="результат"><g v="NOUN"></g><g v="inan"></g><g v="masc"></g><g v="sing"></g><g v="loct"></g></l></v></tfr></token><token id="665766" text="победы"><tfr rev_id="3452285" t="победы"><v><l id="241476" t="победа"><g v="NOUN"></g><g v="inan"></g><g v="femn"></g><g v="sing"></g><g v="gent"></g></l></v></tfr></token><token id="665767" text="Каддафи"><tfr rev_id="4327242" t="Каддафи"><v><l id="388626" t="каддафи"><g v="NOUN"></g><g v="anim"></g><g v="ms-f"></g><g v="Fixd"></g><g v="Surn"></g><g v="sing"></g><g v="nomn"></g></l></v><v><l id="388626" t="каддафи"><g v="NOUN"></g><g v="anim"></g><g v="ms-f"></g><g v="Fixd"></g><g v="Surn"></g><g v="sing"></g><g v="gent"></g></l></v><v><l id="388626" t="каддафи"><g v="NOUN"></g><g v="anim"></g><g v="ms-f"></g><g v="Fixd"></g><g v="Surn"></g><g v="sing"></g><g v="datv"></g></l></v><v><l id="388626" t="каддафи"><g v="NOUN"></g><g v="anim"></g><g v="ms-f"></g><g v="Fixd"></g><g v="Surn"></g><g v="sing"></g><g v="accs"></g></l></v><v><l id="388626" t="каддафи"><g v="NOUN"></g><g v="anim"></g><g v="ms-f"></g><g v="Fixd"></g><g v="Surn"></g><g v="sing"></g><g v="ablt"></g></l></v><v><l id="388626" t="каддафи"><g v="NOUN"></g><g v="anim"></g><g v="ms-f"></g><g v="Fixd"></g><g v="Surn"></g><g v="sing"></g><g v="loct"></g></l></v></tfr></token><token id="665768" text="."><tfr rev_id="1497863" t="."><v><l id="0" t="."><g v="PNCT"></g></l></v></tfr></token></tokens></sentence><sentence id="37260"><source>Эти риски, по его словам, включают «терроризм и безудержный экстремизм».</source><tokens><token id="665769" text="Эти"><tfr rev_id="4446166" t="Эти"><v><l id="386581" t="этот"><g v="ADJF"></g><g v="Subx"></g><g v="Apro"></g><g v="Anph"></g><g v="plur"></g><g v="nomn"></g></l></v></tfr></token><token id="665770" text="риски"><tfr rev_id="4083896" t="риски"><v><l id="307762" t="риск"><g v="NOUN"></g><g v="inan"></g><g v="masc"></g><g v="plur"></g><g v="nomn"></g></l></v></tfr></token><token id="665771" text=","><tfr rev_id="1497866" t=","><v><l id="0" t=","><g v="PNCT"></g></l></v></tfr></token><token id="665772" text="по"><tfr rev_id="1497867" t="по"><v><l id="241240" t="по"><g v="PREP"></g></l></v></tfr></token><token id="665773" text="его"><tfr rev_id="4250712" t="его"><v><l id="94208" t="его"><g v="ADJF"></g><g v="Fixd"></g><g v="Apro"></g><g v="Anph"></g><g v="plur"></g><g v="nomn"></g></l></v><v><l id="94208" t="его"><g v="ADJF"></g><g v="Fixd"></g><g v="Apro"></g><g v="Anph"></g><g v="plur"></g><g v="gent"></g></l></v><v><l id="94208" t="его"><g v="ADJF"></g><g v="Fixd"></g><g v="Apro"></g><g v="Anph"></g><g v="plur"></g><g v="datv"></g></l></v><v><l id="94208" t="его"><g v="ADJF"></g><g v="Fixd"></g><g v="Apro"></g><g v="Anph"></g><g v="plur"></g><g v="accs"></g></l></v><v><l id="94208" t="его"><g v="ADJF"></g><g v="Fixd"></g><g v="Apro"></g><g v="Anph"></g><g v="plur"></g><g v="ablt"></g></l></v><v><l id="94208" t="его"><g v="ADJF"></g><g v="Fixd"></g><g v="Apro"></g><g v="Anph"></g><g v="plur"></g><g v="loct"></g></l></v></tfr></token><token id="665774" text="словам"><tfr rev_id="1497869" t="словам"><v><l id="325168" t="слово"><g v="NOUN"></g><g v="inan"></g><g v="neut"></g><g v="plur"></g><g v="datv"></g></l></v></tfr></token><token id="665775" text=","><tfr rev_id="1497870" t=","><v><l id="0" t=","><g v="PNCT"></g></l></v></tfr></token><token id="665776" text="включают"><tfr rev_id="1497871" t="включают"><v><l id="46194" t="включаю"><g v="VERB"></g><g v="impf"></g><g v="tran"></g><g v="plur"></g><g v="3per"></g><g v="pres"></g><g v="indc"></g></l></v></tfr></token><token id="665777" text="«"><tfr rev_id="2446006" t="«"><v><l id="0" t="«"><g v="PNCT"></g></l></v></tfr></token><token id="665778" text="терроризм"><tfr rev_id="1497873" t="терроризм"><v><l id="345638" t="терроризм"><g v="NOUN"></g><g v="inan"></g><g v="masc"></g><g v="sing"></g><g v="nomn"></g></l></v><v><l id="345638" t="терроризм"><g v="NOUN"></g><g v="inan"></g><g v="masc"></g><g v="sing"></g><g v="accs"></g></l></v></tfr></token><token id="665779" text="и"><tfr rev_id="1497874" t="и"><v><l id="116949" t="и"><g v="CONJ"></g></l></v><v><l id="116950" t="и"><g v="INTJ"></g></l></v></tfr></token><token id="665780" text="безудержный"><tfr rev_id="4408735" t="безудержный"><v><l id="26417" t="безудержный"><g v="ADJF"></g><g v="Qual"></g><g v="inan"></g><g v="masc"></g><g v="sing"></g><g v="accs"></g></l></v></tfr></token><token id="665781" text="экстремизм"><tfr rev_id="2560763" t="экстремизм"><v><l id="383865" t="экстремизм"><g v="NOUN"></g><g v="inan"></g><g v="masc"></g><g v="sing"></g><g v="accs"></g></l></v></tfr></token><token id="665782" text="»"><tfr rev_id="2446007" t="»"><v><l id="0" t="»"><g v="PNCT"></g></l></v></tfr></token><token id="665783" text="."><tfr rev_id="1497878" t="."><v><l id="0" t="."><g v="PNCT"></g></l></v></tfr></token></tokens></sentence><sentence id="37261"><source>Бернс напомнил, что ливийская агентура взорвала американский авиалайнер над Шотландией и обучала международных террористов.</source><tokens><token id="665784" text="Бернс"><tfr rev_id="1497879" t="Бернс"><v><l id="0" t="бернс"><g v="UNKN"></g></l></v></tfr></token><token id="665785" text="напомнил"><tfr rev_id="1497880" t="напомнил"><v><l id="173892" t="напомнил"><g v="VERB"></g><g v="perf"></g><g v="tran"></g><g v="masc"></g><g v="sing"></g><g v="past"></g><g v="indc"></g></l></v></tfr></token><token id="665786" text=","><tfr rev_id="1497881" t=","><v><l id="0" t=","><g v="PNCT"></g></l></v></tfr></token><token id="665787" text="что"><tfr rev_id="4204103" t="что"><v><l id="377004" t="что"><g v="CONJ"></g></l></v></tfr></token><token id="665788" text="ливийская"><tfr rev_id="1497883" t="ливийская"><v><l id="148956" t="ливийский"><g v="ADJF"></g><g v="femn"></g><g v="sing"></g><g v="nomn"></g></l></v></tfr></token><token id="665789" text="агентура"><tfr rev_id="1497884" t="агентура"><v><l id="3936" t="агентура"><g v="NOUN"></g><g v="inan"></g><g v="femn"></g><g v="sing"></g><g v="nomn"></g></l></v></tfr></token><token id="665790" text="взорвала"><tfr rev_id="1497885" t="взорвала"><v><l id="43998" t="взорвал"><g v="VERB"></g><g v="perf"></g><g v="tran"></g><g v="femn"></g><g v="sing"></g><g v="past"></g><g v="indc"></g></l></v></tfr></token><token id="665791" text="американский"><tfr rev_id="1497886" t="американский"><v><l id="11429" t="американский"><g v="ADJF"></g><g v="masc"></g><g v="sing"></g><g v="nomn"></g></l></v><v><l id="11429" t="американский"><g v="ADJF"></g><g v="inan"></g><g v="masc"></g><g v="sing"></g><g v="accs"></g></l></v></tfr></token><token id="665792" text="авиалайнер"><tfr rev_id="1497887" t="авиалайнер"><v><l id="2617" t="авиалайнер"><g v="NOUN"></g><g v="inan"></g><g v="masc"></g><g v="sing"></g><g v="nomn"></g></l></v><v><l id="2617" t="авиалайнер"><g v="NOUN"></g><g v="inan"></g><g v="masc"></g><g v="sing"></g><g v="accs"></g></l></v></tfr></token><token id="665793" text="над"><tfr rev_id="1497888" t="над"><v><l id="168356" t="над"><g v="PREP"></g></l></v></tfr></token><token id="665794" text="Шотландией"><tfr rev_id="1497889" t="Шотландией"><v><l id="380831" t="шотландия"><g v="NOUN"></g><g v="inan"></g><g v="femn"></g><g v="Sgtm"></g><g v="Geox"></g><g v="sing"></g><g v="ablt"></g></l></v></tfr></token><token id="665795" text="и"><tfr rev_id="1497890" t="и"><v><l id="116949" t="и"><g v="CONJ"></g></l></v><v><l id="116950" t="и"><g v="INTJ"></g></l></v></tfr></token><token id="665796" text="обучала"><tfr rev_id="1497891" t="обучала"><v><l id="200849" t="обучаю"><g v="VERB"></g><g v="impf"></g><g v="tran"></g><g v="femn"></g><g v="sing"></g><g v="past"></g><g v="indc"></g></l></v></tfr></token><token id="665797" text="международных"><tfr rev_id="4356239" t="международных"><v><l id="157346" t="международный"><g v="ADJF"></g><g v="anim"></g><g v="plur"></g><g v="accs"></g></l></v></tfr></token><token id="665798" text="террористов"><tfr rev_id="4204569" t="террористов"><v><l id="345654" t="террорист"><g v="NOUN"></g><g v="anim"></g><g v="masc"></g><g v="plur"></g><g v="accs"></g></l></v></tfr></token><token id="665799" text="."><tfr rev_id="1497894" t="."><v><l id="0" t="."><g v="PNCT"></g></l></v></tfr></token></tokens></sentence></paragraph><paragraph id="11965"><sentence id="37262"><source>Вместе с тем, отметил зам госсекретаря, администрация Обамы не поддерживает идею отправки в Ливию войск для защиты повстанцев от наступления правительственных войск Каддафи.</source><tokens><token id="665800" text="Вместе"><tfr rev_id="1497895" t="Вместе"><v><l id="47122" t="вместе"><g v="ADVB"></g></l></v></tfr></token><token id="665801" text="с"><tfr rev_id="1497896" t="с"><v><l id="311151" t="с"><g v="PREP"></g></l></v></tfr></token><token id="665802" text="тем"><tfr rev_id="4507991" t="тем"><v><l id="348430" t="тот"><g v="ADJF"></g><g v="Subx"></g><g v="Apro"></g><g v="Anph"></g><g v="neut"></g><g v="sing"></g><g v="ablt"></g></l></v></tfr></token><token id="665803" text=","><tfr rev_id="1497898" t=","><v><l id="0" t=","><g v="PNCT"></g></l></v></tfr></token><token id="665804" text="отметил"><tfr rev_id="1497899" t="отметил"><v><l id="215584" t="отметил"><g v="VERB"></g><g v="perf"></g><g v="tran"></g><g v="masc"></g><g v="sing"></g><g v="past"></g><g v="indc"></g></l></v></tfr></token><token id="665805" text="зам"><tfr rev_id="1497900" t="зам"><v><l id="105003" t="зам"><g v="NOUN"></g><g v="anim"></g><g v="masc"></g><g v="sing"></g><g v="nomn"></g></l></v></tfr></token><token id="665806" text="госсекретаря"><tfr rev_id="3689800" t="госсекретаря"><v><l id="74072" t="госсекретарь"><g v="NOUN"></g><g v="anim"></g><g v="masc"></g><g v="sing"></g><g v="gent"></g></l></v></tfr></token><token id="665807" text=","><tfr rev_id="1497902" t=","><v><l id="0" t=","><g v="PNCT"></g></l></v></tfr></token><token id="665808" text="администрация"><tfr rev_id="1497903" t="администрация"><v><l id="5057" t="администрация"><g v="NOUN"></g><g v="inan"></g><g v="femn"></g><g v="sing"></g><g v="nomn"></g></l></v></tfr></token><token id="665809" text="Обамы"><tfr rev_id="4576154" t="Обамы"><v><l id="388472" t="обама"><g v="NOUN"></g><g v="anim"></g><g v="ms-f"></g><g v="Sgtm"></g><g v="Surn"></g><g v="sing"></g><g v="gent"></g></l></v></tfr></token><token id="665810" text="не"><tfr rev_id="1497905" t="не"><v><l id="178876" t="не"><g v="PRCL"></g></l></v></tfr></token><token id="665811" text="поддерживает"><tfr rev_id="1497906" t="поддерживает"><v><l id="245403" t="поддерживаю"><g v="VERB"></g><g v="impf"></g><g v="tran"></g><g v="sing"></g><g v="3per"></g><g v="pres"></g><g v="indc"></g></l></v></tfr></token><token id="665812" text="идею"><tfr rev_id="1497907" t="идею"><v><l id="117499" t="идея"><g v="NOUN"></g><g v="inan"></g><g v="femn"></g><g v="sing"></g><g v="accs"></g></l></v></tfr></token><token id="665813" text="отправки"><tfr rev_id="3473224" t="отправки"><v><l id="216948" t="отправка"><g v="NOUN"></g><g v="inan"></g><g v="femn"></g><g v="sing"></g><g v="gent"></g></l></v></tfr></token><token id="665814" text="в"><tfr rev_id="1497909" t="в"><v><l id="37409" t="в"><g v="PREP"></g></l></v></tfr></token><token id="665815" text="Ливию"><tfr rev_id="1497910" t="Ливию"><v><l id="148960" t="ливия"><g v="NOUN"></g><g v="inan"></g><g v="femn"></g><g v="Sgtm"></g><g v="Geox"></g><g v="sing"></g><g v="accs"></g></l></v></tfr></token><token id="665816" text="войск"><tfr rev_id="1497911" t="войск"><v><l id="49729" t="войско"><g v="NOUN"></g><g v="inan"></g><g v="neut"></g><g v="plur"></g><g v="gent"></g></l></v></tfr></token><token id="665817" text="для"><tfr rev_id="3408468" t="для"><v><l id="85032" t="для"><g v="PREP"></g></l></v></tfr></token><token id="665818" text="защиты"><tfr rev_id="3507469" t="защиты"><v><l id="114235" t="защита"><g v="NOUN"></g><g v="inan"></g><g v="femn"></g><g v="sing"></g><g v="gent"></g></l></v></tfr></token><token id="665819" text="повстанцев"><tfr rev_id="4204618" t="повстанцев"><v><l id="242782" t="повстанец"><g v="NOUN"></g><g v="anim"></g><g v="masc"></g><g v="plur"></g><g v="gent"></g></l></v></tfr></token><token id="665820" text="от"><tfr rev_id="1497915" t="от"><v><l id="211644" t="от"><g v="PREP"></g></l></v></tfr></token><token id="665821" text="наступления"><tfr rev_id="2722692" t="наступления"><v><l id="176397" t="наступление"><g v="NOUN"></g><g v="inan"></g><g v="neut"></g><g v="sing"></g><g v="gent"></g></l></v></tfr></token><token id="665822" text="правительственных"><tfr rev_id="3466643" t="правительственных"><v><l id="265635" t="правительственный"><g v="ADJF"></g><g v="plur"></g><g v="gent"></g></l></v></tfr></token><token id="665823" text="войск"><tfr rev_id="1497918" t="войск"><v><l id="49729" t="войско"><g v="NOUN"></g><g v="inan"></g><g v="neut"></g><g v="plur"></g><g v="gent"></g></l></v></tfr></token><token id="665824" text="Каддафи"><tfr rev_id="4327243" t="Каддафи"><v><l id="388626" t="каддафи"><g v="NOUN"></g><g v="anim"></g><g v="ms-f"></g><g v="Fixd"></g><g v="Surn"></g><g v="sing"></g><g v="nomn"></g></l></v><v><l id="388626" t="каддафи"><g v="NOUN"></g><g v="anim"></g><g v="ms-f"></g><g v="Fixd"></g><g v="Surn"></g><g v="sing"></g><g v="gent"></g></l></v><v><l id="388626" t="каддафи"><g v="NOUN"></g><g v="anim"></g><g v="ms-f"></g><g v="Fixd"></g><g v="Surn"></g><g v="sing"></g><g v="datv"></g></l></v><v><l id="388626" t="каддафи"><g v="NOUN"></g><g v="anim"></g><g v="ms-f"></g><g v="Fixd"></g><g v="Surn"></g><g v="sing"></g><g v="accs"></g></l></v><v><l id="388626" t="каддафи"><g v="NOUN"></g><g v="anim"></g><g v="ms-f"></g><g v="Fixd"></g><g v="Surn"></g><g v="sing"></g><g v="ablt"></g></l></v><v><l id="388626" t="каддафи"><g v="NOUN"></g><g v="anim"></g><g v="ms-f"></g><g v="Fixd"></g><g v="Surn"></g><g v="sing"></g><g v="loct"></g></l></v></tfr></token><token id="665825" text="."><tfr rev_id="1497920" t="."><v><l id="0" t="."><g v="PNCT"></g></l></v></tfr></token></tokens></sentence></paragraph><paragraph id="11966"><sentence id="37263"><source>Африканский союз известил в четверг, что соберет в субботу в Мавритании своих представителей для обсуждения ливийского конфликта.</source><tokens><token id="665826" text="Африканский"><tfr rev_id="1497921" t="Африканский"><v><l id="20320" t="африканский"><g v="ADJF"></g><g v="masc"></g><g v="sing"></g><g v="nomn"></g></l></v><v><l id="20320" t="африканский"><g v="ADJF"></g><g v="inan"></g><g v="masc"></g><g v="sing"></g><g v="accs"></g></l></v></tfr></token><token id="665827" text="союз"><tfr rev_id="1497922" t="союз"><v><l id="331314" t="союз"><g v="NOUN"></g><g v="inan"></g><g v="masc"></g><g v="sing"></g><g v="nomn"></g></l></v><v><l id="331314" t="союз"><g v="NOUN"></g><g v="inan"></g><g v="masc"></g><g v="sing"></g><g v="accs"></g></l></v></tfr></token><token id="665828" text="известил"><tfr rev_id="1497923" t="известил"><v><l id="118110" t="известил"><g v="VERB"></g><g v="perf"></g><g v="tran"></g><g v="masc"></g><g v="sing"></g><g v="past"></g><g v="indc"></g></l></v></tfr></token><token id="665829" text="в"><tfr rev_id="1497924" t="в"><v><l id="37409" t="в"><g v="PREP"></g></l></v></tfr></token><token id="665830" text="четверг"><tfr rev_id="4093213" t="четверг"><v><l id="376075" t="четверг"><g v="NOUN"></g><g v="inan"></g><g v="masc"></g><g v="sing"></g><g v="accs"></g></l></v></tfr></token><token id="665831" text=","><tfr rev_id="1497926" t=","><v><l id="0" t=","><g v="PNCT"></g></l></v></tfr></token><token id="665832" text="что"><tfr rev_id="3197463" t="что"><v><l id="377004" t="что"><g v="CONJ"></g></l></v><v><l id="377005" t="что"><g v="NPRO"></g><g v="neut"></g><g v="sing"></g><g v="nomn"></g></l></v><v><l id="377005" t="что"><g v="NPRO"></g><g v="neut"></g><g v="sing"></g><g v="accs"></g></l></v><v><l id="377006" t="что"><g v="ADVB"></g><g v="Ques"></g></l></v><v><l id="388695" t="что"><g v="PRCL"></g></l></v></tfr></token><token id="665833" text="соберет"><tfr rev_id="1497928" t="соберет"><v><l id="327817" t="собрал"><g v="VERB"></g><g v="perf"></g><g v="tran"></g><g v="sing"></g><g v="3per"></g><g v="futr"></g><g v="indc"></g></l></v></tfr></token><token id="665834" text="в"><tfr rev_id="1497929" t="в"><v><l id="37409" t="в"><g v="PREP"></g></l></v></tfr></token><token id="665835" text="субботу"><tfr rev_id="1497930" t="субботу"><v><l id="338556" t="суббота"><g v="NOUN"></g><g v="inan"></g><g v="femn"></g><g v="sing"></g><g v="accs"></g></l></v></tfr></token><token id="665836" text="в"><tfr rev_id="1497931" t="в"><v><l id="37409" t="в"><g v="PREP"></g></l></v></tfr></token><token id="665837" text="Мавритании"><tfr rev_id="3455627" t="Мавритании"><v><l id="152520" t="мавритания"><g v="NOUN"></g><g v="inan"></g><g v="femn"></g><g v="Sgtm"></g><g v="Geox"></g><g v="sing"></g><g v="loct"></g></l></v></tfr></token><token id="665838" text="своих"><tfr rev_id="4400699" t="своих"><v><l id="316379" t="свой"><g v="ADJF"></g><g v="Apro"></g><g v="Anph"></g><g v="anim"></g><g v="plur"></g><g v="accs"></g></l></v></tfr></token><token id="665839" text="представителей"><tfr rev_id="2866667" t="представителей"><v><l id="267083" t="представитель"><g v="NOUN"></g><g v="anim"></g><g v="masc"></g><g v="plur"></g><g v="accs"></g></l></v></tfr></token><token id="665840" text="для"><tfr rev_id="2948581" t="для"><v><l id="85032" t="для"><g v="PREP"></g></l></v></tfr></token><token id="665841" text="обсуждения"><tfr rev_id="3283048" t="обсуждения"><v><l id="200180" t="обсуждение"><g v="NOUN"></g><g v="inan"></g><g v="neut"></g><g v="sing"></g><g v="gent"></g></l></v></tfr></token><token id="665842" text="ливийского"><tfr rev_id="3285207" t="ливийского"><v><l id="148956" t="ливийский"><g v="ADJF"></g><g v="masc"></g><g v="sing"></g><g v="gent"></g></l></v><v><l id="148956" t="ливийский"><g v="ADJF"></g><g v="anim"></g><g v="masc"></g><g v="sing"></g><g v="accs"></g></l></v></tfr></token><token id="665843" text="конфликта"><tfr rev_id="1497938" t="конфликта"><v><l id="138849" t="конфликт"><g v="NOUN"></g><g v="inan"></g><g v="masc"></g><g v="sing"></g><g v="gent"></g></l></v></tfr></token><token id="665844" text="."><tfr rev_id="1497939" t="."><v><l id="0" t="."><g v="PNCT"></g></l></v></tfr></token></tokens></sentence><sentence id="37264"><source>Целью заседания должно стать изыскание возможностей диалога для разрешения кризиса.</source><tokens><token id="665845" text="Целью"><tfr rev_id="1497940" t="Целью"><v><l id="373216" t="цель"><g v="NOUN"></g><g v="inan"></g><g v="femn"></g><g v="sing"></g><g v="ablt"></g></l></v></tfr></token><token id="665846" text="заседания"><tfr rev_id="3439052" t="заседания"><v><l id="109402" t="заседание"><g v="NOUN"></g><g v="inan"></g><g v="neut"></g><g v="sing"></g><g v="gent"></g></l></v></tfr></token><token id="665847" text="должно"><tfr rev_id="2559062" t="должно"><v><l id="87969" t="должно"><g v="PRED"></g><g v="pres"></g></l></v><v><l id="87975" t="должен"><g v="ADJS"></g><g v="neut"></g><g v="sing"></g></l></v></tfr></token><token id="665848" text="стать"><tfr rev_id="1712971" t="стать"><v><l id="335165" t="стать"><g v="INFN"></g><g v="perf"></g><g v="intr"></g></l></v></tfr></token><token id="665849" text="изыскание"><tfr rev_id="3465482" t="изыскание"><v><l id="120945" t="изыскание"><g v="NOUN"></g><g v="inan"></g><g v="neut"></g><g v="sing"></g><g v="nomn"></g></l></v></tfr></token><token id="665850" text="возможностей"><tfr rev_id="1497945" t="возможностей"><v><l id="49410" t="возможность"><g v="NOUN"></g><g v="inan"></g><g v="femn"></g><g v="plur"></g><g v="gent"></g></l></v></tfr></token><token id="665851" text="диалога"><tfr rev_id="1497946" t="диалога"><v><l id="83393" t="диалог"><g v="NOUN"></g><g v="inan"></g><g v="masc"></g><g v="sing"></g><g v="gent"></g></l></v></tfr></token><token id="665852" text="для"><tfr rev_id="3452762" t="для"><v><l id="85032" t="для"><g v="PREP"></g></l></v></tfr></token><token id="665853" text="разрешения"><tfr rev_id="3490926" t="разрешения"><v><l id="296652" t="разрешение"><g v="NOUN"></g><g v="inan"></g><g v="neut"></g><g v="sing"></g><g v="gent"></g></l></v></tfr></token><token id="665854" text="кризиса"><tfr rev_id="1497949" t="кризиса"><v><l id="142725" t="кризис"><g v="NOUN"></g><g v="inan"></g><g v="masc"></g><g v="sing"></g><g v="gent"></g></l></v></tfr></token><token id="665855" text="."><tfr rev_id="1497950" t="."><v><l id="0" t="."><g v="PNCT"></g></l></v></tfr></token></tokens></sentence></paragraph></paragraphs></text>