<?xml version="1.0" encoding="utf-8"?><text id="1319" parent="56" name="Влияет ли язык на распознавание цвета?"><tags><tag>Автор:http://ru.wikinews.org/wiki/Участник:Ygrek</tag><tag>Дата:01/05</tag><tag>Год:2007</tag><tag>url:http://ru.wikinews.org/w/index.php?title=Влияет_ли_язык_на_распознавание_цвета?&amp;oldid=32585</tag><tag>Тема:ВикиКатегория:Психология</tag><tag>Гео:ВикиКатегория:Россия</tag><tag>Гео:ВикиКатегория:США</tag></tags><paragraphs><paragraph id="12072"><sentence id="37662"><source>Русские воспринимают синий цвет не так как американцы.</source><tokens><token id="671826" text="Русские"><tfr rev_id="3430482" t="Русские"><v><l id="310321" t="русский"><g v="ADJF"></g><g v="Subx"></g><g v="plur"></g><g v="nomn"></g></l></v><v><l id="310321" t="русский"><g v="ADJF"></g><g v="Subx"></g><g v="inan"></g><g v="plur"></g><g v="accs"></g></l></v></tfr></token><token id="671827" text="воспринимают"><tfr rev_id="1503920" t="воспринимают"><v><l id="51686" t="воспринимаю"><g v="VERB"></g><g v="impf"></g><g v="tran"></g><g v="plur"></g><g v="3per"></g><g v="pres"></g><g v="indc"></g></l></v></tfr></token><token id="671828" text="синий"><tfr rev_id="2825471" t="синий"><v><l id="320957" t="синий"><g v="ADJF"></g><g v="Qual"></g><g v="inan"></g><g v="masc"></g><g v="sing"></g><g v="accs"></g></l></v></tfr></token><token id="671829" text="цвет"><tfr rev_id="3482465" t="цвет"><v><l id="372859" t="цвет"><g v="NOUN"></g><g v="inan"></g><g v="masc"></g><g v="sing"></g><g v="nomn"></g></l></v><v><l id="372859" t="цвет"><g v="NOUN"></g><g v="inan"></g><g v="masc"></g><g v="sing"></g><g v="accs"></g></l></v></tfr></token><token id="671830" text="не"><tfr rev_id="1503923" t="не"><v><l id="178876" t="не"><g v="PRCL"></g></l></v></tfr></token><token id="671831" text="так"><tfr rev_id="1503924" t="так"><v><l id="342451" t="так"><g v="CONJ"></g></l></v><v><l id="342452" t="так"><g v="PRCL"></g></l></v><v><l id="342453" t="так"><g v="ADVB"></g><g v="Dmns"></g></l></v></tfr></token><token id="671832" text="как"><tfr rev_id="1503925" t="как"><v><l id="128190" t="как"><g v="CONJ"></g></l></v><v><l id="128191" t="как"><g v="PRCL"></g></l></v><v><l id="128192" t="как"><g v="ADVB"></g><g v="Ques"></g></l></v></tfr></token><token id="671833" text="американцы"><tfr rev_id="1503926" t="американцы"><v><l id="11394" t="американец"><g v="NOUN"></g><g v="anim"></g><g v="masc"></g><g v="plur"></g><g v="nomn"></g></l></v></tfr></token><token id="671834" text="."><tfr rev_id="1503927" t="."><v><l id="0" t="."><g v="PNCT"></g></l></v></tfr></token></tokens></sentence><sentence id="37663"><source>Американские психологи, проводившие тесты с русскими и американцами, считают, что на восприятие цвета оказывает влияние родной язык.</source><tokens><token id="671835" text="Американские"><tfr rev_id="3819412" t="Американские"><v><l id="11429" t="американский"><g v="ADJF"></g><g v="plur"></g><g v="nomn"></g></l></v></tfr></token><token id="671836" text="психологи"><tfr rev_id="1503929" t="психологи"><v><l id="288624" t="психолог"><g v="NOUN"></g><g v="anim"></g><g v="masc"></g><g v="plur"></g><g v="nomn"></g></l></v></tfr></token><token id="671837" text=","><tfr rev_id="1503930" t=","><v><l id="0" t=","><g v="PNCT"></g></l></v></tfr></token><token id="671838" text="проводившие"><tfr rev_id="1503931" t="проводившие"><v><l id="278005" t="проводивший"><g v="PRTF"></g><g v="impf"></g><g v="tran"></g><g v="past"></g><g v="actv"></g><g v="plur"></g><g v="nomn"></g></l></v><v><l id="278005" t="проводивший"><g v="PRTF"></g><g v="impf"></g><g v="tran"></g><g v="past"></g><g v="actv"></g><g v="inan"></g><g v="plur"></g><g v="accs"></g></l></v><v><l id="278011" t="проводивший"><g v="PRTF"></g><g v="perf"></g><g v="tran"></g><g v="past"></g><g v="actv"></g><g v="plur"></g><g v="nomn"></g></l></v><v><l id="278011" t="проводивший"><g v="PRTF"></g><g v="perf"></g><g v="tran"></g><g v="past"></g><g v="actv"></g><g v="inan"></g><g v="plur"></g><g v="accs"></g></l></v></tfr></token><token id="671839" text="тесты"><tfr rev_id="3752048" t="тесты"><v><l id="345755" t="тест"><g v="NOUN"></g><g v="inan"></g><g v="masc"></g><g v="plur"></g><g v="accs"></g></l></v></tfr></token><token id="671840" text="с"><tfr rev_id="1503933" t="с"><v><l id="311151" t="с"><g v="PREP"></g></l></v></tfr></token><token id="671841" text="русскими"><tfr rev_id="3430669" t="русскими"><v><l id="310321" t="русский"><g v="ADJF"></g><g v="Subx"></g><g v="plur"></g><g v="ablt"></g></l></v></tfr></token><token id="671842" text="и"><tfr rev_id="3696966" t="и"><v><l id="116949" t="и"><g v="CONJ"></g></l></v></tfr></token><token id="671843" text="американцами"><tfr rev_id="1503936" t="американцами"><v><l id="11394" t="американец"><g v="NOUN"></g><g v="anim"></g><g v="masc"></g><g v="plur"></g><g v="ablt"></g></l></v></tfr></token><token id="671844" text=","><tfr rev_id="1503937" t=","><v><l id="0" t=","><g v="PNCT"></g></l></v></tfr></token><token id="671845" text="считают"><tfr rev_id="1503938" t="считают"><v><l id="341320" t="считаю"><g v="VERB"></g><g v="impf"></g><g v="tran"></g><g v="plur"></g><g v="3per"></g><g v="pres"></g><g v="indc"></g></l></v><v><l id="341329" t="считал"><g v="VERB"></g><g v="perf"></g><g v="tran"></g><g v="plur"></g><g v="3per"></g><g v="futr"></g><g v="indc"></g></l></v></tfr></token><token id="671846" text=","><tfr rev_id="1503939" t=","><v><l id="0" t=","><g v="PNCT"></g></l></v></tfr></token><token id="671847" text="что"><tfr rev_id="3197504" t="что"><v><l id="377004" t="что"><g v="CONJ"></g></l></v><v><l id="377005" t="что"><g v="NPRO"></g><g v="neut"></g><g v="sing"></g><g v="nomn"></g></l></v><v><l id="377005" t="что"><g v="NPRO"></g><g v="neut"></g><g v="sing"></g><g v="accs"></g></l></v><v><l id="377006" t="что"><g v="ADVB"></g><g v="Ques"></g></l></v><v><l id="388695" t="что"><g v="PRCL"></g></l></v></tfr></token><token id="671848" text="на"><tfr rev_id="3336994" t="на"><v><l id="166264" t="на"><g v="PREP"></g></l></v></tfr></token><token id="671849" text="восприятие"><tfr rev_id="1503942" t="восприятие"><v><l id="51704" t="восприятие"><g v="NOUN"></g><g v="inan"></g><g v="neut"></g><g v="sing"></g><g v="nomn"></g></l></v><v><l id="51704" t="восприятие"><g v="NOUN"></g><g v="inan"></g><g v="neut"></g><g v="sing"></g><g v="accs"></g></l></v></tfr></token><token id="671850" text="цвета"><tfr rev_id="3284325" t="цвета"><v><l id="372859" t="цвет"><g v="NOUN"></g><g v="inan"></g><g v="masc"></g><g v="sing"></g><g v="gent"></g></l></v><v><l id="372860" t="цвета"><g v="NOUN"></g><g v="anim"></g><g v="femn"></g><g v="Name"></g><g v="sing"></g><g v="nomn"></g></l></v></tfr></token><token id="671851" text="оказывает"><tfr rev_id="1503944" t="оказывает"><v><l id="204467" t="оказываю"><g v="VERB"></g><g v="impf"></g><g v="tran"></g><g v="sing"></g><g v="3per"></g><g v="pres"></g><g v="indc"></g></l></v></tfr></token><token id="671852" text="влияние"><tfr rev_id="3661961" t="влияние"><v><l id="46951" t="влияние"><g v="NOUN"></g><g v="inan"></g><g v="neut"></g><g v="sing"></g><g v="accs"></g></l></v></tfr></token><token id="671853" text="родной"><tfr rev_id="2635660" t="родной"><v><l id="308360" t="родной"><g v="ADJF"></g><g v="masc"></g><g v="sing"></g><g v="nomn"></g></l></v><v><l id="308360" t="родной"><g v="ADJF"></g><g v="inan"></g><g v="masc"></g><g v="sing"></g><g v="accs"></g></l></v></tfr></token><token id="671854" text="язык"><tfr rev_id="3467572" t="язык"><v><l id="387573" t="язык"><g v="NOUN"></g><g v="inan"></g><g v="masc"></g><g v="sing"></g><g v="nomn"></g></l></v><v><l id="387573" t="язык"><g v="NOUN"></g><g v="inan"></g><g v="masc"></g><g v="sing"></g><g v="accs"></g></l></v></tfr></token><token id="671855" text="."><tfr rev_id="1503948" t="."><v><l id="0" t="."><g v="PNCT"></g></l></v></tfr></token></tokens></sentence></paragraph><paragraph id="12073"><sentence id="37664"><source>В русском языке нет слова соответствующего слову Blau/Blue.</source><tokens><token id="671856" text="В"><tfr rev_id="1503949" t="В"><v><l id="37409" t="в"><g v="PREP"></g></l></v></tfr></token><token id="671857" text="русском"><tfr rev_id="3468626" t="русском"><v><l id="310321" t="русский"><g v="ADJF"></g><g v="Subx"></g><g v="masc"></g><g v="sing"></g><g v="loct"></g></l></v></tfr></token><token id="671858" text="языке"><tfr rev_id="4257768" t="языке"><v><l id="387573" t="язык"><g v="NOUN"></g><g v="inan"></g><g v="masc"></g><g v="sing"></g><g v="loc1"></g></l></v></tfr></token><token id="671859" text="нет"><tfr rev_id="3752496" t="нет"><v><l id="389552" t="нет"><g v="PRED"></g><g v="pres"></g></l></v></tfr></token><token id="671860" text="слова"><tfr rev_id="3482268" t="слова"><v><l id="325168" t="слово"><g v="NOUN"></g><g v="inan"></g><g v="neut"></g><g v="sing"></g><g v="gent"></g></l></v></tfr></token><token id="671861" text="соответствующего"><tfr rev_id="1503954" t="соответствующего"><v><l id="329626" t="соответствующий"><g v="PRTF"></g><g v="impf"></g><g v="intr"></g><g v="pres"></g><g v="actv"></g><g v="masc"></g><g v="sing"></g><g v="gent"></g></l></v><v><l id="329626" t="соответствующий"><g v="PRTF"></g><g v="impf"></g><g v="intr"></g><g v="pres"></g><g v="actv"></g><g v="anim"></g><g v="masc"></g><g v="sing"></g><g v="accs"></g></l></v><v><l id="329626" t="соответствующий"><g v="PRTF"></g><g v="impf"></g><g v="intr"></g><g v="pres"></g><g v="actv"></g><g v="neut"></g><g v="sing"></g><g v="gent"></g></l></v><v><l id="329632" t="соответствующий"><g v="ADJF"></g><g v="masc"></g><g v="sing"></g><g v="gent"></g></l></v><v><l id="329632" t="соответствующий"><g v="ADJF"></g><g v="anim"></g><g v="masc"></g><g v="sing"></g><g v="accs"></g></l></v><v><l id="329632" t="соответствующий"><g v="ADJF"></g><g v="neut"></g><g v="sing"></g><g v="gent"></g></l></v></tfr></token><token id="671862" text="слову"><tfr rev_id="1503955" t="слову"><v><l id="325168" t="слово"><g v="NOUN"></g><g v="inan"></g><g v="neut"></g><g v="sing"></g><g v="datv"></g></l></v></tfr></token><token id="671863" text="Blau"><tfr rev_id="2475196" t="Blau"><v><l id="0" t="Blau"><g v="LATN"></g></l></v></tfr></token><token id="671864" text="/"><tfr rev_id="1503957" t="/"><v><l id="0" t="/"><g v="PNCT"></g></l></v></tfr></token><token id="671865" text="Blue"><tfr rev_id="2475197" t="Blue"><v><l id="0" t="Blue"><g v="LATN"></g></l></v></tfr></token><token id="671866" text="."><tfr rev_id="1503959" t="."><v><l id="0" t="."><g v="PNCT"></g></l></v></tfr></token></tokens></sentence><sentence id="37665"><source>В русском языке существуют два слова «голубой» и «синий», которым соответствуют Hellblau (светло-синий) и Dunkelblau (тёмно-синий).</source><tokens><token id="671867" text="В"><tfr rev_id="1503960" t="В"><v><l id="37409" t="в"><g v="PREP"></g></l></v></tfr></token><token id="671868" text="русском"><tfr rev_id="4076790" t="русском"><v><l id="310321" t="русский"><g v="ADJF"></g><g v="Subx"></g><g v="masc"></g><g v="sing"></g><g v="loct"></g></l></v></tfr></token><token id="671869" text="языке"><tfr rev_id="4323408" t="языке"><v><l id="387573" t="язык"><g v="NOUN"></g><g v="inan"></g><g v="masc"></g><g v="sing"></g><g v="loc1"></g></l></v></tfr></token><token id="671870" text="существуют"><tfr rev_id="1503963" t="существуют"><v><l id="340484" t="существую"><g v="VERB"></g><g v="impf"></g><g v="intr"></g><g v="plur"></g><g v="3per"></g><g v="pres"></g><g v="indc"></g></l></v></tfr></token><token id="671871" text="два"><tfr rev_id="4450457" t="два"><v><l id="78668" t="два"><g v="NUMR"></g><g v="masc"></g><g v="nomn"></g></l></v><v><l id="78668" t="два"><g v="NUMR"></g><g v="inan"></g><g v="masc"></g><g v="accs"></g></l></v><v><l id="78668" t="два"><g v="NUMR"></g><g v="neut"></g><g v="nomn"></g></l></v><v><l id="78668" t="два"><g v="NUMR"></g><g v="inan"></g><g v="neut"></g><g v="accs"></g></l></v></tfr></token><token id="671872" text="слова"><tfr rev_id="4100241" t="слова"><v><l id="325168" t="слово"><g v="NOUN"></g><g v="inan"></g><g v="neut"></g><g v="sing"></g><g v="gent"></g></l></v></tfr></token><token id="671873" text="«"><tfr rev_id="2446281" t="«"><v><l id="0" t="«"><g v="PNCT"></g></l></v></tfr></token><token id="671874" text="голубой"><tfr rev_id="4278794" t="голубой"><v><l id="72619" t="голубой"><g v="ADJF"></g><g v="Qual"></g><g v="masc"></g><g v="sing"></g><g v="nomn"></g></l></v><v><l id="72619" t="голубой"><g v="ADJF"></g><g v="Qual"></g><g v="inan"></g><g v="masc"></g><g v="sing"></g><g v="accs"></g></l></v></tfr></token><token id="671875" text="»"><tfr rev_id="2446282" t="»"><v><l id="0" t="»"><g v="PNCT"></g></l></v></tfr></token><token id="671876" text="и"><tfr rev_id="1503969" t="и"><v><l id="116949" t="и"><g v="CONJ"></g></l></v><v><l id="116950" t="и"><g v="INTJ"></g></l></v></tfr></token><token id="671877" text="«"><tfr rev_id="2446283" t="«"><v><l id="0" t="«"><g v="PNCT"></g></l></v></tfr></token><token id="671878" text="синий"><tfr rev_id="1503971" t="синий"><v><l id="320957" t="синий"><g v="ADJF"></g><g v="Qual"></g><g v="masc"></g><g v="sing"></g><g v="nomn"></g></l></v><v><l id="320957" t="синий"><g v="ADJF"></g><g v="Qual"></g><g v="inan"></g><g v="masc"></g><g v="sing"></g><g v="accs"></g></l></v></tfr></token><token id="671879" text="»"><tfr rev_id="2446284" t="»"><v><l id="0" t="»"><g v="PNCT"></g></l></v></tfr></token><token id="671880" text=","><tfr rev_id="1503973" t=","><v><l id="0" t=","><g v="PNCT"></g></l></v></tfr></token><token id="671881" text="которым"><tfr rev_id="3638969" t="которым"><v><l id="141203" t="который"><g v="ADJF"></g><g v="Apro"></g><g v="Subx"></g><g v="Anph"></g><g v="plur"></g><g v="datv"></g></l></v></tfr></token><token id="671882" text="соответствуют"><tfr rev_id="1503975" t="соответствуют"><v><l id="329624" t="соответствую"><g v="VERB"></g><g v="impf"></g><g v="intr"></g><g v="plur"></g><g v="3per"></g><g v="pres"></g><g v="indc"></g></l></v></tfr></token><token id="671883" text="Hellblau"><tfr rev_id="2475198" t="Hellblau"><v><l id="0" t="Hellblau"><g v="LATN"></g></l></v></tfr></token><token id="671884" text="("><tfr rev_id="1503977" t="("><v><l id="0" t="("><g v="PNCT"></g></l></v></tfr></token><token id="671885" text="светло-синий"><tfr rev_id="4370026" t="светло-синий"><v><l id="315585" t="светло-синий"><g v="ADJF"></g><g v="masc"></g><g v="sing"></g><g v="nomn"></g></l></v></tfr></token><token id="671886" text=")"><tfr rev_id="1503979" t=")"><v><l id="0" t=")"><g v="PNCT"></g></l></v></tfr></token><token id="671887" text="и"><tfr rev_id="1503980" t="и"><v><l id="116949" t="и"><g v="CONJ"></g></l></v><v><l id="116950" t="и"><g v="INTJ"></g></l></v></tfr></token><token id="671888" text="Dunkelblau"><tfr rev_id="2475199" t="Dunkelblau"><v><l id="0" t="Dunkelblau"><g v="LATN"></g></l></v></tfr></token><token id="671889" text="("><tfr rev_id="1503982" t="("><v><l id="0" t="("><g v="PNCT"></g></l></v></tfr></token><token id="671890" text="тёмно-синий"><tfr rev_id="1503983" t="тёмно-синий"><v><l id="341983" t="тёмно-синий"><g v="ADJF"></g><g v="masc"></g><g v="sing"></g><g v="nomn"></g></l></v><v><l id="341983" t="тёмно-синий"><g v="ADJF"></g><g v="inan"></g><g v="masc"></g><g v="sing"></g><g v="accs"></g></l></v></tfr></token><token id="671891" text=")"><tfr rev_id="1503984" t=")"><v><l id="0" t=")"><g v="PNCT"></g></l></v></tfr></token><token id="671892" text="."><tfr rev_id="1503985" t="."><v><l id="0" t="."><g v="PNCT"></g></l></v></tfr></token></tokens></sentence><sentence id="37666"><source>Русскоязычные быстрее различают оттенки между светло-синим и тёмно-синим цветами, чем оттенки между двумя светло-синими тонами или двумя тёмно-синими.</source><tokens><token id="671893" text="Русскоязычные"><tfr rev_id="3756815" t="Русскоязычные"><v><l id="310328" t="русскоязычный"><g v="ADJF"></g><g v="plur"></g><g v="nomn"></g></l></v></tfr></token><token id="671894" text="быстрее"><tfr rev_id="1503987" t="быстрее"><v><l id="37235" t="быстрее"><g v="COMP"></g><g v="Qual"></g></l></v></tfr></token><token id="671895" text="различают"><tfr rev_id="1503988" t="различают"><v><l id="294519" t="различаю"><g v="VERB"></g><g v="impf"></g><g v="tran"></g><g v="plur"></g><g v="3per"></g><g v="pres"></g><g v="indc"></g></l></v></tfr></token><token id="671896" text="оттенки"><tfr rev_id="3757135" t="оттенки"><v><l id="218957" t="оттенок"><g v="NOUN"></g><g v="inan"></g><g v="masc"></g><g v="plur"></g><g v="accs"></g></l></v></tfr></token><token id="671897" text="между"><tfr rev_id="1503990" t="между"><v><l id="157306" t="между"><g v="PREP"></g></l></v></tfr></token><token id="671898" text="светло-синим"><tfr rev_id="4310263" t="светло-синим"><v><l id="315585" t="светло-синий"><g v="ADJF"></g><g v="masc"></g><g v="sing"></g><g v="ablt"></g></l></v></tfr></token><token id="671899" text="и"><tfr rev_id="3550976" t="и"><v><l id="116949" t="и"><g v="CONJ"></g></l></v></tfr></token><token id="671900" text="тёмно-синим"><tfr rev_id="4162905" t="тёмно-синим"><v><l id="341983" t="тёмно-синий"><g v="ADJF"></g><g v="masc"></g><g v="sing"></g><g v="ablt"></g></l></v></tfr></token><token id="671901" text="цветами"><tfr rev_id="4336272" t="цветами"><v><l id="372859" t="цвет"><g v="NOUN"></g><g v="inan"></g><g v="masc"></g><g v="plur"></g><g v="ablt"></g></l></v><v><l id="372936" t="цветок"><g v="NOUN"></g><g v="inan"></g><g v="masc"></g><g v="plur"></g><g v="ablt"></g></l></v></tfr></token><token id="671902" text=","><tfr rev_id="1503995" t=","><v><l id="0" t=","><g v="PNCT"></g></l></v></tfr></token><token id="671903" text="чем"><tfr rev_id="4307252" t="чем"><v><l id="375161" t="чем"><g v="CONJ"></g></l></v></tfr></token><token id="671904" text="оттенки"><tfr rev_id="3749746" t="оттенки"><v><l id="218957" t="оттенок"><g v="NOUN"></g><g v="inan"></g><g v="masc"></g><g v="plur"></g><g v="accs"></g></l></v></tfr></token><token id="671905" text="между"><tfr rev_id="1503998" t="между"><v><l id="157306" t="между"><g v="PREP"></g></l></v></tfr></token><token id="671906" text="двумя"><tfr rev_id="4449788" t="двумя"><v><l id="78668" t="два"><g v="NUMR"></g><g v="ablt"></g></l></v></tfr></token><token id="671907" text="светло-синими"><tfr rev_id="1504000" t="светло-синими"><v><l id="315585" t="светло-синий"><g v="ADJF"></g><g v="plur"></g><g v="ablt"></g></l></v></tfr></token><token id="671908" text="тонами"><tfr rev_id="1504001" t="тонами"><v><l id="347554" t="тон"><g v="NOUN"></g><g v="inan"></g><g v="masc"></g><g v="plur"></g><g v="ablt"></g></l></v></tfr></token><token id="671909" text="или"><tfr rev_id="3787317" t="или"><v><l id="121146" t="или"><g v="CONJ"></g></l></v></tfr></token><token id="671910" text="двумя"><tfr rev_id="4449787" t="двумя"><v><l id="78668" t="два"><g v="NUMR"></g><g v="ablt"></g></l></v></tfr></token><token id="671911" text="тёмно-синими"><tfr rev_id="1504004" t="тёмно-синими"><v><l id="341983" t="тёмно-синий"><g v="ADJF"></g><g v="plur"></g><g v="ablt"></g></l></v></tfr></token><token id="671912" text="."><tfr rev_id="1504005" t="."><v><l id="0" t="."><g v="PNCT"></g></l></v></tfr></token></tokens></sentence><sentence id="37667"><source>Американцы одинаково быстро различают любые оттенки синего цвета.</source><tokens><token id="671913" text="Американцы"><tfr rev_id="1504006" t="Американцы"><v><l id="11394" t="американец"><g v="NOUN"></g><g v="anim"></g><g v="masc"></g><g v="plur"></g><g v="nomn"></g></l></v></tfr></token><token id="671914" text="одинаково"><tfr rev_id="1504007" t="одинаково"><v><l id="203322" t="одинаково"><g v="ADVB"></g></l></v><v><l id="203325" t="одинаков"><g v="ADJS"></g><g v="Qual"></g><g v="neut"></g><g v="sing"></g></l></v></tfr></token><token id="671915" text="быстро"><tfr rev_id="4239225" t="быстро"><v><l id="37073" t="быстро"><g v="ADVB"></g></l></v></tfr></token><token id="671916" text="различают"><tfr rev_id="1504009" t="различают"><v><l id="294519" t="различаю"><g v="VERB"></g><g v="impf"></g><g v="tran"></g><g v="plur"></g><g v="3per"></g><g v="pres"></g><g v="indc"></g></l></v></tfr></token><token id="671917" text="любые"><tfr rev_id="3825779" t="любые"><v><l id="152026" t="любой"><g v="ADJF"></g><g v="Apro"></g><g v="inan"></g><g v="plur"></g><g v="accs"></g></l></v></tfr></token><token id="671918" text="оттенки"><tfr rev_id="2757250" t="оттенки"><v><l id="218957" t="оттенок"><g v="NOUN"></g><g v="inan"></g><g v="masc"></g><g v="plur"></g><g v="accs"></g></l></v></tfr></token><token id="671919" text="синего"><tfr rev_id="4094234" t="синего"><v><l id="320957" t="синий"><g v="ADJF"></g><g v="Qual"></g><g v="masc"></g><g v="sing"></g><g v="gent"></g></l></v><v><l id="320957" t="синий"><g v="ADJF"></g><g v="Qual"></g><g v="anim"></g><g v="masc"></g><g v="sing"></g><g v="accs"></g></l></v></tfr></token><token id="671920" text="цвета"><tfr rev_id="4218194" t="цвета"><v><l id="372859" t="цвет"><g v="NOUN"></g><g v="inan"></g><g v="masc"></g><g v="sing"></g><g v="gent"></g></l></v></tfr></token><token id="671921" text="."><tfr rev_id="1504014" t="."><v><l id="0" t="."><g v="PNCT"></g></l></v></tfr></token></tokens></sentence></paragraph><paragraph id="12074"><sentence id="37668"><source>Исследования проводились в Массачусетском технологическом институте.</source><tokens><token id="671922" text="Исследования"><tfr rev_id="3795740" t="Исследования"><v><l id="125799" t="исследование"><g v="NOUN"></g><g v="inan"></g><g v="neut"></g><g v="plur"></g><g v="nomn"></g></l></v></tfr></token><token id="671923" text="проводились"><tfr rev_id="1504016" t="проводились"><v><l id="278015" t="провожусь"><g v="VERB"></g><g v="impf"></g><g v="intr"></g><g v="plur"></g><g v="past"></g><g v="indc"></g></l></v></tfr></token><token id="671924" text="в"><tfr rev_id="1504017" t="в"><v><l id="37409" t="в"><g v="PREP"></g></l></v></tfr></token><token id="671925" text="Массачусетском"><tfr rev_id="3539066" t="Массачусетском"><v><l id="156000" t="массачусетский"><g v="ADJF"></g><g v="masc"></g><g v="sing"></g><g v="loct"></g></l></v></tfr></token><token id="671926" text="технологическом"><tfr rev_id="3673697" t="технологическом"><v><l id="345965" t="технологический"><g v="ADJF"></g><g v="masc"></g><g v="sing"></g><g v="loct"></g></l></v></tfr></token><token id="671927" text="институте"><tfr rev_id="1504020" t="институте"><v><l id="122879" t="институт"><g v="NOUN"></g><g v="inan"></g><g v="masc"></g><g v="sing"></g><g v="loct"></g></l></v></tfr></token><token id="671928" text="."><tfr rev_id="1504021" t="."><v><l id="0" t="."><g v="PNCT"></g></l></v></tfr></token></tokens></sentence><sentence id="37669"><source>В экспериментах участвовали 26 русскоговорящих и 24 англоязычных испытуемых, которым предлагалось разобраться с оттенками синего цвета.</source><tokens><token id="671929" text="В"><tfr rev_id="1504022" t="В"><v><l id="37409" t="в"><g v="PREP"></g></l></v></tfr></token><token id="671930" text="экспериментах"><tfr rev_id="1504023" t="экспериментах"><v><l id="383569" t="эксперимент"><g v="NOUN"></g><g v="inan"></g><g v="masc"></g><g v="plur"></g><g v="loct"></g></l></v></tfr></token><token id="671931" text="участвовали"><tfr rev_id="1504024" t="участвовали"><v><l id="363127" t="участвую"><g v="VERB"></g><g v="impf"></g><g v="intr"></g><g v="plur"></g><g v="past"></g><g v="indc"></g></l></v></tfr></token><token id="671932" text="26"><tfr rev_id="2462521" t="26"><v><l id="0" t="26"><g v="NUMB"></g></l></v></tfr></token><token id="671933" text="русскоговорящих"><tfr rev_id="4429198" t="русскоговорящих"><v><l id="390600" t="русскоговорящий"><g v="ADJF"></g><g v="Subx"></g><g v="anim"></g><g v="plur"></g><g v="accs"></g></l></v><v><l id="390600" t="русскоговорящий"><g v="ADJF"></g><g v="Subx"></g><g v="plur"></g><g v="gent"></g></l></v><v><l id="390600" t="русскоговорящий"><g v="ADJF"></g><g v="Subx"></g><g v="plur"></g><g v="loct"></g></l></v></tfr></token><token id="671934" text="и"><tfr rev_id="1504027" t="и"><v><l id="116949" t="и"><g v="CONJ"></g></l></v><v><l id="116950" t="и"><g v="INTJ"></g></l></v></tfr></token><token id="671935" text="24"><tfr rev_id="2462522" t="24"><v><l id="0" t="24"><g v="NUMB"></g></l></v></tfr></token><token id="671936" text="англоязычных"><tfr rev_id="4099854" t="англоязычных"><v><l id="12789" t="англоязычный"><g v="ADJF"></g><g v="plur"></g><g v="gent"></g></l></v></tfr></token><token id="671937" text="испытуемых"><tfr rev_id="4484848" t="испытуемых"><v><l id="125674" t="испытуемый"><g v="NOUN"></g><g v="anim"></g><g v="masc"></g><g v="plur"></g><g v="gent"></g></l></v></tfr></token><token id="671938" text=","><tfr rev_id="1504031" t=","><v><l id="0" t=","><g v="PNCT"></g></l></v></tfr></token><token id="671939" text="которым"><tfr rev_id="3638970" t="которым"><v><l id="141203" t="который"><g v="ADJF"></g><g v="Apro"></g><g v="Subx"></g><g v="Anph"></g><g v="plur"></g><g v="datv"></g></l></v></tfr></token><token id="671940" text="предлагалось"><tfr rev_id="1504033" t="предлагалось"><v><l id="266525" t="предлагаюсь"><g v="VERB"></g><g v="impf"></g><g v="intr"></g><g v="neut"></g><g v="sing"></g><g v="past"></g><g v="indc"></g></l></v></tfr></token><token id="671941" text="разобраться"><tfr rev_id="1504034" t="разобраться"><v><l id="296100" t="разобраться"><g v="INFN"></g><g v="perf"></g><g v="intr"></g></l></v></tfr></token><token id="671942" text="с"><tfr rev_id="1504035" t="с"><v><l id="311151" t="с"><g v="PREP"></g></l></v></tfr></token><token id="671943" text="оттенками"><tfr rev_id="1504036" t="оттенками"><v><l id="218957" t="оттенок"><g v="NOUN"></g><g v="inan"></g><g v="masc"></g><g v="plur"></g><g v="ablt"></g></l></v></tfr></token><token id="671944" text="синего"><tfr rev_id="3468677" t="синего"><v><l id="320957" t="синий"><g v="ADJF"></g><g v="Qual"></g><g v="masc"></g><g v="sing"></g><g v="gent"></g></l></v><v><l id="320957" t="синий"><g v="ADJF"></g><g v="Qual"></g><g v="anim"></g><g v="masc"></g><g v="sing"></g><g v="accs"></g></l></v></tfr></token><token id="671945" text="цвета"><tfr rev_id="4410763" t="цвета"><v><l id="372859" t="цвет"><g v="NOUN"></g><g v="inan"></g><g v="masc"></g><g v="sing"></g><g v="gent"></g></l></v></tfr></token><token id="671946" text="."><tfr rev_id="1504039" t="."><v><l id="0" t="."><g v="PNCT"></g></l></v></tfr></token></tokens></sentence><sentence id="37670"><source>Испытуемые получали два квадрата, каждый из которых имел отличный от другого оттенок синего цвета.</source><tokens><token id="671947" text="Испытуемые"><tfr rev_id="4252982" t="Испытуемые"><v><l id="125674" t="испытуемый"><g v="NOUN"></g><g v="anim"></g><g v="masc"></g><g v="plur"></g><g v="nomn"></g></l></v></tfr></token><token id="671948" text="получали"><tfr rev_id="1504041" t="получали"><v><l id="256943" t="получаю"><g v="VERB"></g><g v="impf"></g><g v="tran"></g><g v="plur"></g><g v="past"></g><g v="indc"></g></l></v></tfr></token><token id="671949" text="два"><tfr rev_id="4450458" t="два"><v><l id="78668" t="два"><g v="NUMR"></g><g v="masc"></g><g v="nomn"></g></l></v><v><l id="78668" t="два"><g v="NUMR"></g><g v="inan"></g><g v="masc"></g><g v="accs"></g></l></v><v><l id="78668" t="два"><g v="NUMR"></g><g v="neut"></g><g v="nomn"></g></l></v><v><l id="78668" t="два"><g v="NUMR"></g><g v="inan"></g><g v="neut"></g><g v="accs"></g></l></v></tfr></token><token id="671950" text="квадрата"><tfr rev_id="1504043" t="квадрата"><v><l id="131781" t="квадрат"><g v="NOUN"></g><g v="inan"></g><g v="masc"></g><g v="sing"></g><g v="gent"></g></l></v></tfr></token><token id="671951" text=","><tfr rev_id="1504044" t=","><v><l id="0" t=","><g v="PNCT"></g></l></v></tfr></token><token id="671952" text="каждый"><tfr rev_id="4429605" t="каждый"><v><l id="127875" t="каждый"><g v="ADJF"></g><g v="Subx"></g><g v="Apro"></g><g v="masc"></g><g v="sing"></g><g v="nomn"></g></l></v><v><l id="127875" t="каждый"><g v="ADJF"></g><g v="Subx"></g><g v="Apro"></g><g v="inan"></g><g v="masc"></g><g v="sing"></g><g v="accs"></g></l></v></tfr></token><token id="671953" text="из"><tfr rev_id="2603175" t="из"><v><l id="117677" t="из"><g v="PREP"></g></l></v></tfr></token><token id="671954" text="которых"><tfr rev_id="3643857" t="которых"><v><l id="141203" t="который"><g v="ADJF"></g><g v="Apro"></g><g v="Subx"></g><g v="Anph"></g><g v="plur"></g><g v="gent"></g></l></v></tfr></token><token id="671955" text="имел"><tfr rev_id="1504048" t="имел"><v><l id="121610" t="имею"><g v="VERB"></g><g v="impf"></g><g v="tran"></g><g v="masc"></g><g v="sing"></g><g v="past"></g><g v="indc"></g></l></v></tfr></token><token id="671956" text="отличный"><tfr rev_id="1504049" t="отличный"><v><l id="215176" t="отличный"><g v="ADJF"></g><g v="Qual"></g><g v="masc"></g><g v="sing"></g><g v="nomn"></g></l></v><v><l id="215176" t="отличный"><g v="ADJF"></g><g v="Qual"></g><g v="inan"></g><g v="masc"></g><g v="sing"></g><g v="accs"></g></l></v></tfr></token><token id="671957" text="от"><tfr rev_id="1504050" t="от"><v><l id="211644" t="от"><g v="PREP"></g></l></v></tfr></token><token id="671958" text="другого"><tfr rev_id="3560431" t="другого"><v><l id="92342" t="другой"><g v="ADJF"></g><g v="Apro"></g><g v="Subx"></g><g v="masc"></g><g v="sing"></g><g v="gent"></g></l></v><v><l id="92342" t="другой"><g v="ADJF"></g><g v="Apro"></g><g v="Subx"></g><g v="anim"></g><g v="masc"></g><g v="sing"></g><g v="accs"></g></l></v></tfr></token><token id="671959" text="оттенок"><tfr rev_id="1504052" t="оттенок"><v><l id="218957" t="оттенок"><g v="NOUN"></g><g v="inan"></g><g v="masc"></g><g v="sing"></g><g v="nomn"></g></l></v><v><l id="218957" t="оттенок"><g v="NOUN"></g><g v="inan"></g><g v="masc"></g><g v="sing"></g><g v="accs"></g></l></v></tfr></token><token id="671960" text="синего"><tfr rev_id="4210123" t="синего"><v><l id="320957" t="синий"><g v="ADJF"></g><g v="Qual"></g><g v="masc"></g><g v="sing"></g><g v="gent"></g></l></v><v><l id="320957" t="синий"><g v="ADJF"></g><g v="Qual"></g><g v="anim"></g><g v="masc"></g><g v="sing"></g><g v="accs"></g></l></v></tfr></token><token id="671961" text="цвета"><tfr rev_id="4322916" t="цвета"><v><l id="372859" t="цвет"><g v="NOUN"></g><g v="inan"></g><g v="masc"></g><g v="sing"></g><g v="gent"></g></l></v></tfr></token><token id="671962" text="."><tfr rev_id="1504055" t="."><v><l id="0" t="."><g v="PNCT"></g></l></v></tfr></token></tokens></sentence><sentence id="37671"><source>Затем испытуемые получали ещё один квадрат, цвет которого был одинаковым с одним из двух первых квадратов.</source><tokens><token id="671963" text="Затем"><tfr rev_id="1504056" t="Затем"><v><l id="111250" t="затем"><g v="ADVB"></g><g v="Dmns"></g></l></v></tfr></token><token id="671964" text="испытуемые"><tfr rev_id="3708689" t="испытуемые"><v><l id="125674" t="испытуемый"><g v="NOUN"></g><g v="anim"></g><g v="masc"></g><g v="plur"></g><g v="nomn"></g></l></v></tfr></token><token id="671965" text="получали"><tfr rev_id="1504058" t="получали"><v><l id="256943" t="получаю"><g v="VERB"></g><g v="impf"></g><g v="tran"></g><g v="plur"></g><g v="past"></g><g v="indc"></g></l></v></tfr></token><token id="671966" text="ещё"><tfr rev_id="1504059" t="ещё"><v><l id="95551" t="ещё"><g v="PRCL"></g></l></v><v><l id="95552" t="ещё"><g v="ADVB"></g></l></v></tfr></token><token id="671967" text="один"><tfr rev_id="4299703" t="один"><v><l id="203319" t="один"><g v="ADJF"></g><g v="Apro"></g><g v="Anum"></g><g v="inan"></g><g v="masc"></g><g v="sing"></g><g v="accs"></g></l></v></tfr></token><token id="671968" text="квадрат"><tfr rev_id="4360042" t="квадрат"><v><l id="131781" t="квадрат"><g v="NOUN"></g><g v="inan"></g><g v="masc"></g><g v="sing"></g><g v="accs"></g></l></v></tfr></token><token id="671969" text=","><tfr rev_id="1504062" t=","><v><l id="0" t=","><g v="PNCT"></g></l></v></tfr></token><token id="671970" text="цвет"><tfr rev_id="3434608" t="цвет"><v><l id="372859" t="цвет"><g v="NOUN"></g><g v="inan"></g><g v="masc"></g><g v="sing"></g><g v="nomn"></g></l></v><v><l id="372859" t="цвет"><g v="NOUN"></g><g v="inan"></g><g v="masc"></g><g v="sing"></g><g v="accs"></g></l></v></tfr></token><token id="671971" text="которого"><tfr rev_id="4076804" t="которого"><v><l id="141203" t="который"><g v="ADJF"></g><g v="Apro"></g><g v="Subx"></g><g v="Anph"></g><g v="masc"></g><g v="sing"></g><g v="gent"></g></l></v><v><l id="141203" t="который"><g v="ADJF"></g><g v="Apro"></g><g v="Subx"></g><g v="Anph"></g><g v="anim"></g><g v="masc"></g><g v="sing"></g><g v="accs"></g></l></v></tfr></token><token id="671972" text="был"><tfr rev_id="1504065" t="был"><v><l id="37265" t="есть"><g v="VERB"></g><g v="impf"></g><g v="intr"></g><g v="masc"></g><g v="sing"></g><g v="past"></g><g v="indc"></g></l></v></tfr></token><token id="671973" text="одинаковым"><tfr rev_id="3668892" t="одинаковым"><v><l id="203324" t="одинаковый"><g v="ADJF"></g><g v="Qual"></g><g v="masc"></g><g v="sing"></g><g v="ablt"></g></l></v><v><l id="203324" t="одинаковый"><g v="ADJF"></g><g v="Qual"></g><g v="neut"></g><g v="sing"></g><g v="ablt"></g></l></v></tfr></token><token id="671974" text="с"><tfr rev_id="1504067" t="с"><v><l id="311151" t="с"><g v="PREP"></g></l></v></tfr></token><token id="671975" text="одним"><tfr rev_id="4351473" t="одним"><v><l id="203319" t="один"><g v="ADJF"></g><g v="Apro"></g><g v="Anum"></g><g v="masc"></g><g v="sing"></g><g v="ablt"></g></l></v></tfr></token><token id="671976" text="из"><tfr rev_id="2561287" t="из"><v><l id="117677" t="из"><g v="PREP"></g></l></v></tfr></token><token id="671977" text="двух"><tfr rev_id="4449702" t="двух"><v><l id="78668" t="два"><g v="NUMR"></g><g v="anim"></g><g v="accs"></g></l></v><v><l id="78668" t="два"><g v="NUMR"></g><g v="gent"></g></l></v><v><l id="78668" t="два"><g v="NUMR"></g><g v="loct"></g></l></v></tfr></token><token id="671978" text="первых"><tfr rev_id="4428052" t="первых"><v><l id="226359" t="первый"><g v="ADJF"></g><g v="Anum"></g><g v="plur"></g><g v="gent"></g></l></v></tfr></token><token id="671979" text="квадратов"><tfr rev_id="1504072" t="квадратов"><v><l id="131781" t="квадрат"><g v="NOUN"></g><g v="inan"></g><g v="masc"></g><g v="plur"></g><g v="gent"></g></l></v></tfr></token><token id="671980" text="."><tfr rev_id="1504073" t="."><v><l id="0" t="."><g v="PNCT"></g></l></v></tfr></token></tokens></sentence><sentence id="37672"><source>Испытуемые должны были найти два квадрата, цвета которых были одинаковыми.</source><tokens><token id="671981" text="Испытуемые"><tfr rev_id="4252984" t="Испытуемые"><v><l id="125674" t="испытуемый"><g v="NOUN"></g><g v="anim"></g><g v="masc"></g><g v="plur"></g><g v="nomn"></g></l></v></tfr></token><token id="671982" text="должны"><tfr rev_id="2559320" t="должны"><v><l id="87975" t="должен"><g v="ADJS"></g><g v="plur"></g></l></v></tfr></token><token id="671983" text="были"><tfr rev_id="1715870" t="были"><v><l id="37265" t="есть"><g v="VERB"></g><g v="impf"></g><g v="intr"></g><g v="plur"></g><g v="past"></g><g v="indc"></g></l></v></tfr></token><token id="671984" text="найти"><tfr rev_id="1504077" t="найти"><v><l id="170612" t="найти"><g v="INFN"></g><g v="perf"></g><g v="tran"></g></l></v></tfr></token><token id="671985" text="два"><tfr rev_id="4450459" t="два"><v><l id="78668" t="два"><g v="NUMR"></g><g v="masc"></g><g v="nomn"></g></l></v><v><l id="78668" t="два"><g v="NUMR"></g><g v="inan"></g><g v="masc"></g><g v="accs"></g></l></v><v><l id="78668" t="два"><g v="NUMR"></g><g v="neut"></g><g v="nomn"></g></l></v><v><l id="78668" t="два"><g v="NUMR"></g><g v="inan"></g><g v="neut"></g><g v="accs"></g></l></v></tfr></token><token id="671986" text="квадрата"><tfr rev_id="1504079" t="квадрата"><v><l id="131781" t="квадрат"><g v="NOUN"></g><g v="inan"></g><g v="masc"></g><g v="sing"></g><g v="gent"></g></l></v></tfr></token><token id="671987" text=","><tfr rev_id="1504080" t=","><v><l id="0" t=","><g v="PNCT"></g></l></v></tfr></token><token id="671988" text="цвета"><tfr rev_id="3796021" t="цвета"><v><l id="372859" t="цвет"><g v="NOUN"></g><g v="inan"></g><g v="masc"></g><g v="plur"></g><g v="nomn"></g></l></v></tfr></token><token id="671989" text="которых"><tfr rev_id="3671221" t="которых"><v><l id="141203" t="который"><g v="ADJF"></g><g v="Apro"></g><g v="Subx"></g><g v="Anph"></g><g v="plur"></g><g v="gent"></g></l></v></tfr></token><token id="671990" text="были"><tfr rev_id="1715510" t="были"><v><l id="37265" t="есть"><g v="VERB"></g><g v="impf"></g><g v="intr"></g><g v="plur"></g><g v="past"></g><g v="indc"></g></l></v></tfr></token><token id="671991" text="одинаковыми"><tfr rev_id="1504084" t="одинаковыми"><v><l id="203324" t="одинаковый"><g v="ADJF"></g><g v="Qual"></g><g v="plur"></g><g v="ablt"></g></l></v></tfr></token><token id="671992" text="."><tfr rev_id="1504085" t="."><v><l id="0" t="."><g v="PNCT"></g></l></v></tfr></token></tokens></sentence><sentence id="37673"><source>Если среди первых двух квадратов один был светло-синий, а второй — тёмно-синий, то русскоговорящие существенно быстрее решали поставленную задачу, чем в случае, если среди первых двух квадратов оба были или светло-синими или тёмно-синими.</source><tokens><token id="671993" text="Если"><tfr rev_id="1504086" t="Если"><v><l id="95365" t="если"><g v="CONJ"></g></l></v></tfr></token><token id="671994" text="среди"><tfr rev_id="1504087" t="среди"><v><l id="333473" t="среди"><g v="PREP"></g></l></v></tfr></token><token id="671995" text="первых"><tfr rev_id="4421061" t="первых"><v><l id="226359" t="первый"><g v="ADJF"></g><g v="Anum"></g><g v="plur"></g><g v="gent"></g></l></v></tfr></token><token id="671996" text="двух"><tfr rev_id="4449703" t="двух"><v><l id="78668" t="два"><g v="NUMR"></g><g v="anim"></g><g v="accs"></g></l></v><v><l id="78668" t="два"><g v="NUMR"></g><g v="gent"></g></l></v><v><l id="78668" t="два"><g v="NUMR"></g><g v="loct"></g></l></v></tfr></token><token id="671997" text="квадратов"><tfr rev_id="1504090" t="квадратов"><v><l id="131781" t="квадрат"><g v="NOUN"></g><g v="inan"></g><g v="masc"></g><g v="plur"></g><g v="gent"></g></l></v></tfr></token><token id="671998" text="один"><tfr rev_id="4299704" t="один"><v><l id="203319" t="один"><g v="ADJF"></g><g v="Apro"></g><g v="Anum"></g><g v="masc"></g><g v="sing"></g><g v="nomn"></g></l></v><v><l id="203319" t="один"><g v="ADJF"></g><g v="Apro"></g><g v="Anum"></g><g v="inan"></g><g v="masc"></g><g v="sing"></g><g v="accs"></g></l></v></tfr></token><token id="671999" text="был"><tfr rev_id="1504092" t="был"><v><l id="37265" t="есть"><g v="VERB"></g><g v="impf"></g><g v="intr"></g><g v="masc"></g><g v="sing"></g><g v="past"></g><g v="indc"></g></l></v></tfr></token><token id="672000" text="светло-синий"><tfr rev_id="1504093" t="светло-синий"><v><l id="315585" t="светло-синий"><g v="ADJF"></g><g v="masc"></g><g v="sing"></g><g v="nomn"></g></l></v><v><l id="315585" t="светло-синий"><g v="ADJF"></g><g v="inan"></g><g v="masc"></g><g v="sing"></g><g v="accs"></g></l></v></tfr></token><token id="672001" text=","><tfr rev_id="1504094" t=","><v><l id="0" t=","><g v="PNCT"></g></l></v></tfr></token><token id="672002" text="а"><tfr rev_id="1504095" t="а"><v><l id="51" t="а"><g v="CONJ"></g></l></v><v><l id="52" t="а"><g v="INTJ"></g></l></v><v><l id="53" t="а"><g v="PRCL"></g></l></v></tfr></token><token id="672003" text="второй"><tfr rev_id="3697240" t="второй"><v><l id="55043" t="второй"><g v="ADJF"></g><g v="Anum"></g><g v="masc"></g><g v="sing"></g><g v="nomn"></g></l></v><v><l id="55043" t="второй"><g v="ADJF"></g><g v="Anum"></g><g v="inan"></g><g v="masc"></g><g v="sing"></g><g v="accs"></g></l></v></tfr></token><token id="672004" text="—"><tfr rev_id="2446285" t="—"><v><l id="0" t="—"><g v="PNCT"></g></l></v></tfr></token><token id="672005" text="тёмно-синий"><tfr rev_id="1504098" t="тёмно-синий"><v><l id="341983" t="тёмно-синий"><g v="ADJF"></g><g v="masc"></g><g v="sing"></g><g v="nomn"></g></l></v><v><l id="341983" t="тёмно-синий"><g v="ADJF"></g><g v="inan"></g><g v="masc"></g><g v="sing"></g><g v="accs"></g></l></v></tfr></token><token id="672006" text=","><tfr rev_id="1504099" t=","><v><l id="0" t=","><g v="PNCT"></g></l></v></tfr></token><token id="672007" text="то"><tfr rev_id="4425045" t="то"><v><l id="346835" t="то"><g v="CONJ"></g></l></v></tfr></token><token id="672008" text="русскоговорящие"><tfr rev_id="4429196" t="русскоговорящие"><v><l id="390600" t="русскоговорящий"><g v="ADJF"></g><g v="Subx"></g><g v="inan"></g><g v="plur"></g><g v="accs"></g></l></v><v><l id="390600" t="русскоговорящий"><g v="ADJF"></g><g v="Subx"></g><g v="plur"></g><g v="nomn"></g></l></v></tfr></token><token id="672009" text="существенно"><tfr rev_id="4108335" t="существенно"><v><l id="340472" t="существенно"><g v="ADVB"></g></l></v></tfr></token><token id="672010" text="быстрее"><tfr rev_id="1504103" t="быстрее"><v><l id="37235" t="быстрее"><g v="COMP"></g><g v="Qual"></g></l></v></tfr></token><token id="672011" text="решали"><tfr rev_id="1504104" t="решали"><v><l id="307335" t="решаю"><g v="VERB"></g><g v="impf"></g><g v="tran"></g><g v="plur"></g><g v="past"></g><g v="indc"></g></l></v></tfr></token><token id="672012" text="поставленную"><tfr rev_id="1504105" t="поставленную"><v><l id="262091" t="поставленный"><g v="PRTF"></g><g v="perf"></g><g v="tran"></g><g v="past"></g><g v="pssv"></g><g v="femn"></g><g v="sing"></g><g v="accs"></g></l></v></tfr></token><token id="672013" text="задачу"><tfr rev_id="1504106" t="задачу"><v><l id="101455" t="задача"><g v="NOUN"></g><g v="inan"></g><g v="femn"></g><g v="sing"></g><g v="accs"></g></l></v></tfr></token><token id="672014" text=","><tfr rev_id="1504107" t=","><v><l id="0" t=","><g v="PNCT"></g></l></v></tfr></token><token id="672015" text="чем"><tfr rev_id="4282266" t="чем"><v><l id="375161" t="чем"><g v="CONJ"></g></l></v></tfr></token><token id="672016" text="в"><tfr rev_id="1504109" t="в"><v><l id="37409" t="в"><g v="PREP"></g></l></v></tfr></token><token id="672017" text="случае"><tfr rev_id="1504110" t="случае"><v><l id="325472" t="случай"><g v="NOUN"></g><g v="inan"></g><g v="masc"></g><g v="sing"></g><g v="loct"></g></l></v></tfr></token><token id="672018" text=","><tfr rev_id="1504111" t=","><v><l id="0" t=","><g v="PNCT"></g></l></v></tfr></token><token id="672019" text="если"><tfr rev_id="1504112" t="если"><v><l id="95365" t="если"><g v="CONJ"></g></l></v></tfr></token><token id="672020" text="среди"><tfr rev_id="1504113" t="среди"><v><l id="333473" t="среди"><g v="PREP"></g></l></v></tfr></token><token id="672021" text="первых"><tfr rev_id="4427409" t="первых"><v><l id="226359" t="первый"><g v="ADJF"></g><g v="Anum"></g><g v="plur"></g><g v="gent"></g></l></v></tfr></token><token id="672022" text="двух"><tfr rev_id="4449704" t="двух"><v><l id="78668" t="два"><g v="NUMR"></g><g v="anim"></g><g v="accs"></g></l></v><v><l id="78668" t="два"><g v="NUMR"></g><g v="gent"></g></l></v><v><l id="78668" t="два"><g v="NUMR"></g><g v="loct"></g></l></v></tfr></token><token id="672023" text="квадратов"><tfr rev_id="1504116" t="квадратов"><v><l id="131781" t="квадрат"><g v="NOUN"></g><g v="inan"></g><g v="masc"></g><g v="plur"></g><g v="gent"></g></l></v></tfr></token><token id="672024" text="оба"><tfr rev_id="1504117" t="оба"><v><l id="193002" t="оба"><g v="NUMR"></g><g v="masc"></g><g v="nomn"></g></l></v><v><l id="193002" t="оба"><g v="NUMR"></g><g v="inan"></g><g v="masc"></g><g v="accs"></g></l></v><v><l id="193002" t="оба"><g v="NUMR"></g><g v="neut"></g><g v="nomn"></g></l></v><v><l id="193002" t="оба"><g v="NUMR"></g><g v="inan"></g><g v="neut"></g><g v="accs"></g></l></v></tfr></token><token id="672025" text="были"><tfr rev_id="1715646" t="были"><v><l id="37265" t="есть"><g v="VERB"></g><g v="impf"></g><g v="intr"></g><g v="plur"></g><g v="past"></g><g v="indc"></g></l></v></tfr></token><token id="672026" text="или"><tfr rev_id="3787318" t="или"><v><l id="121146" t="или"><g v="CONJ"></g></l></v></tfr></token><token id="672027" text="светло-синими"><tfr rev_id="1504120" t="светло-синими"><v><l id="315585" t="светло-синий"><g v="ADJF"></g><g v="plur"></g><g v="ablt"></g></l></v></tfr></token><token id="672028" text="или"><tfr rev_id="3787319" t="или"><v><l id="121146" t="или"><g v="CONJ"></g></l></v></tfr></token><token id="672029" text="тёмно-синими"><tfr rev_id="1504122" t="тёмно-синими"><v><l id="341983" t="тёмно-синий"><g v="ADJF"></g><g v="plur"></g><g v="ablt"></g></l></v></tfr></token><token id="672030" text="."><tfr rev_id="1504123" t="."><v><l id="0" t="."><g v="PNCT"></g></l></v></tfr></token></tokens></sentence><sentence id="37674"><source>У англоязычных испытуемых такого различия не наблюдалось.</source><tokens><token id="672031" text="У"><tfr rev_id="3326207" t="У"><v><l id="352818" t="у"><g v="PREP"></g></l></v></tfr></token><token id="672032" text="англоязычных"><tfr rev_id="4403172" t="англоязычных"><v><l id="12789" t="англоязычный"><g v="ADJF"></g><g v="plur"></g><g v="gent"></g></l></v></tfr></token><token id="672033" text="испытуемых"><tfr rev_id="4484830" t="испытуемых"><v><l id="125674" t="испытуемый"><g v="NOUN"></g><g v="anim"></g><g v="masc"></g><g v="plur"></g><g v="gent"></g></l></v></tfr></token><token id="672034" text="такого"><tfr rev_id="3408346" t="такого"><v><l id="342491" t="такой"><g v="ADJF"></g><g v="Apro"></g><g v="neut"></g><g v="sing"></g><g v="gent"></g></l></v></tfr></token><token id="672035" text="различия"><tfr rev_id="3480470" t="различия"><v><l id="294537" t="различие"><g v="NOUN"></g><g v="inan"></g><g v="neut"></g><g v="sing"></g><g v="gent"></g></l></v></tfr></token><token id="672036" text="не"><tfr rev_id="1504129" t="не"><v><l id="178876" t="не"><g v="PRCL"></g></l></v></tfr></token><token id="672037" text="наблюдалось"><tfr rev_id="1504130" t="наблюдалось"><v><l id="166539" t="наблюдаюсь"><g v="VERB"></g><g v="impf"></g><g v="intr"></g><g v="neut"></g><g v="sing"></g><g v="past"></g><g v="indc"></g></l></v></tfr></token><token id="672038" text="."><tfr rev_id="1504131" t="."><v><l id="0" t="."><g v="PNCT"></g></l></v></tfr></token></tokens></sentence></paragraph><paragraph id="12075"><sentence id="37675"><source>Если испытуемым предлагалось вместе с цветом запоминать ещё и какое-то восьмизначное число, то различие в скорости распознавания оттенков цветов исчезало.</source><tokens><token id="672039" text="Если"><tfr rev_id="1504132" t="Если"><v><l id="95365" t="если"><g v="CONJ"></g></l></v></tfr></token><token id="672040" text="испытуемым"><tfr rev_id="4330680" t="испытуемым"><v><l id="125674" t="испытуемый"><g v="NOUN"></g><g v="anim"></g><g v="masc"></g><g v="plur"></g><g v="datv"></g></l></v></tfr></token><token id="672041" text="предлагалось"><tfr rev_id="1504134" t="предлагалось"><v><l id="266525" t="предлагаюсь"><g v="VERB"></g><g v="impf"></g><g v="intr"></g><g v="neut"></g><g v="sing"></g><g v="past"></g><g v="indc"></g></l></v></tfr></token><token id="672042" text="вместе"><tfr rev_id="1504135" t="вместе"><v><l id="47122" t="вместе"><g v="ADVB"></g></l></v></tfr></token><token id="672043" text="с"><tfr rev_id="1504136" t="с"><v><l id="311151" t="с"><g v="PREP"></g></l></v></tfr></token><token id="672044" text="цветом"><tfr rev_id="1504137" t="цветом"><v><l id="372859" t="цвет"><g v="NOUN"></g><g v="inan"></g><g v="masc"></g><g v="sing"></g><g v="ablt"></g></l></v></tfr></token><token id="672045" text="запоминать"><tfr rev_id="1504138" t="запоминать"><v><l id="107735" t="запоминать"><g v="INFN"></g><g v="impf"></g><g v="tran"></g></l></v></tfr></token><token id="672046" text="ещё"><tfr rev_id="1504139" t="ещё"><v><l id="95551" t="ещё"><g v="PRCL"></g></l></v><v><l id="95552" t="ещё"><g v="ADVB"></g></l></v></tfr></token><token id="672047" text="и"><tfr rev_id="1504140" t="и"><v><l id="116949" t="и"><g v="CONJ"></g></l></v><v><l id="116950" t="и"><g v="INTJ"></g></l></v></tfr></token><token id="672048" text="какое-то"><tfr rev_id="1504141" t="какое-то"><v><l id="128227" t="какой-то"><g v="ADJF"></g><g v="Apro"></g><g v="neut"></g><g v="sing"></g><g v="nomn"></g></l></v><v><l id="128227" t="какой-то"><g v="ADJF"></g><g v="Apro"></g><g v="neut"></g><g v="sing"></g><g v="accs"></g></l></v></tfr></token><token id="672049" text="восьмизначное"><tfr rev_id="1504142" t="восьмизначное"><v><l id="0" t="восьмизначное"><g v="UNKN"></g></l></v></tfr></token><token id="672050" text="число"><tfr rev_id="1504143" t="число"><v><l id="376585" t="число"><g v="NOUN"></g><g v="inan"></g><g v="neut"></g><g v="sing"></g><g v="nomn"></g></l></v><v><l id="376585" t="число"><g v="NOUN"></g><g v="inan"></g><g v="neut"></g><g v="sing"></g><g v="accs"></g></l></v></tfr></token><token id="672051" text=","><tfr rev_id="1504144" t=","><v><l id="0" t=","><g v="PNCT"></g></l></v></tfr></token><token id="672052" text="то"><tfr rev_id="3777665" t="то"><v><l id="346835" t="то"><g v="CONJ"></g></l></v><v><l id="346836" t="то"><g v="PRCL"></g></l></v><v><l id="348430" t="тот"><g v="ADJF"></g><g v="Subx"></g><g v="Apro"></g><g v="Anph"></g><g v="neut"></g><g v="sing"></g><g v="nomn"></g></l></v><v><l id="348430" t="тот"><g v="ADJF"></g><g v="Subx"></g><g v="Apro"></g><g v="Anph"></g><g v="neut"></g><g v="sing"></g><g v="accs"></g></l></v></tfr></token><token id="672053" text="различие"><tfr rev_id="4096349" t="различие"><v><l id="294537" t="различие"><g v="NOUN"></g><g v="inan"></g><g v="neut"></g><g v="sing"></g><g v="nomn"></g></l></v></tfr></token><token id="672054" text="в"><tfr rev_id="1504147" t="в"><v><l id="37409" t="в"><g v="PREP"></g></l></v></tfr></token><token id="672055" text="скорости"><tfr rev_id="4269946" t="скорости"><v><l id="323333" t="скорость"><g v="NOUN"></g><g v="inan"></g><g v="femn"></g><g v="sing"></g><g v="loct"></g></l></v></tfr></token><token id="672056" text="распознавания"><tfr rev_id="3451795" t="распознавания"><v><l id="300037" t="распознавание"><g v="NOUN"></g><g v="inan"></g><g v="neut"></g><g v="sing"></g><g v="gent"></g></l></v></tfr></token><token id="672057" text="оттенков"><tfr rev_id="1504150" t="оттенков"><v><l id="218957" t="оттенок"><g v="NOUN"></g><g v="inan"></g><g v="masc"></g><g v="plur"></g><g v="gent"></g></l></v></tfr></token><token id="672058" text="цветов"><tfr rev_id="1504151" t="цветов"><v><l id="372859" t="цвет"><g v="NOUN"></g><g v="inan"></g><g v="masc"></g><g v="plur"></g><g v="gent"></g></l></v><v><l id="372936" t="цветок"><g v="NOUN"></g><g v="inan"></g><g v="masc"></g><g v="plur"></g><g v="gent"></g></l></v></tfr></token><token id="672059" text="исчезало"><tfr rev_id="1504152" t="исчезало"><v><l id="126881" t="исчезаю"><g v="VERB"></g><g v="impf"></g><g v="intr"></g><g v="neut"></g><g v="sing"></g><g v="past"></g><g v="indc"></g></l></v></tfr></token><token id="672060" text="."><tfr rev_id="1504153" t="."><v><l id="0" t="."><g v="PNCT"></g></l></v></tfr></token></tokens></sentence><sentence id="37676"><source>Если же вместо чисел предлагалось запоминать какое-то осмысленное слово на родном языке, то различие в скорости распознавания оттенков цветов оставалось.</source><tokens><token id="672061" text="Если"><tfr rev_id="1504154" t="Если"><v><l id="95365" t="если"><g v="CONJ"></g></l></v></tfr></token><token id="672062" text="же"><tfr rev_id="1504155" t="же"><v><l id="96208" t="же"><g v="CONJ"></g></l></v><v><l id="96209" t="же"><g v="PRCL"></g></l></v></tfr></token><token id="672063" text="вместо"><tfr rev_id="1504156" t="вместо"><v><l id="47145" t="вместо"><g v="PREP"></g></l></v></tfr></token><token id="672064" text="чисел"><tfr rev_id="1504157" t="чисел"><v><l id="376585" t="число"><g v="NOUN"></g><g v="inan"></g><g v="neut"></g><g v="plur"></g><g v="gent"></g></l></v></tfr></token><token id="672065" text="предлагалось"><tfr rev_id="1504158" t="предлагалось"><v><l id="266525" t="предлагаюсь"><g v="VERB"></g><g v="impf"></g><g v="intr"></g><g v="neut"></g><g v="sing"></g><g v="past"></g><g v="indc"></g></l></v></tfr></token><token id="672066" text="запоминать"><tfr rev_id="1504159" t="запоминать"><v><l id="107735" t="запоминать"><g v="INFN"></g><g v="impf"></g><g v="tran"></g></l></v></tfr></token><token id="672067" text="какое-то"><tfr rev_id="1504160" t="какое-то"><v><l id="128227" t="какой-то"><g v="ADJF"></g><g v="Apro"></g><g v="neut"></g><g v="sing"></g><g v="nomn"></g></l></v><v><l id="128227" t="какой-то"><g v="ADJF"></g><g v="Apro"></g><g v="neut"></g><g v="sing"></g><g v="accs"></g></l></v></tfr></token><token id="672068" text="осмысленное"><tfr rev_id="3684595" t="осмысленное"><v><l id="210529" t="осмысленный"><g v="PRTF"></g><g v="perf"></g><g v="tran"></g><g v="past"></g><g v="pssv"></g><g v="Adjx"></g><g v="neut"></g><g v="sing"></g><g v="nomn"></g></l></v><v><l id="210529" t="осмысленный"><g v="PRTF"></g><g v="perf"></g><g v="tran"></g><g v="past"></g><g v="pssv"></g><g v="Adjx"></g><g v="neut"></g><g v="sing"></g><g v="accs"></g></l></v></tfr></token><token id="672069" text="слово"><tfr rev_id="3272578" t="слово"><v><l id="325168" t="слово"><g v="NOUN"></g><g v="inan"></g><g v="neut"></g><g v="sing"></g><g v="accs"></g></l></v></tfr></token><token id="672070" text="на"><tfr rev_id="3345034" t="на"><v><l id="166264" t="на"><g v="PREP"></g></l></v></tfr></token><token id="672071" text="родном"><tfr rev_id="3284903" t="родном"><v><l id="308360" t="родной"><g v="ADJF"></g><g v="masc"></g><g v="sing"></g><g v="loct"></g></l></v></tfr></token><token id="672072" text="языке"><tfr rev_id="4331875" t="языке"><v><l id="387573" t="язык"><g v="NOUN"></g><g v="inan"></g><g v="masc"></g><g v="sing"></g><g v="loc1"></g></l></v></tfr></token><token id="672073" text=","><tfr rev_id="1504166" t=","><v><l id="0" t=","><g v="PNCT"></g></l></v></tfr></token><token id="672074" text="то"><tfr rev_id="4347825" t="то"><v><l id="346835" t="то"><g v="CONJ"></g></l></v></tfr></token><token id="672075" text="различие"><tfr rev_id="4104824" t="различие"><v><l id="294537" t="различие"><g v="NOUN"></g><g v="inan"></g><g v="neut"></g><g v="sing"></g><g v="nomn"></g></l></v></tfr></token><token id="672076" text="в"><tfr rev_id="1504169" t="в"><v><l id="37409" t="в"><g v="PREP"></g></l></v></tfr></token><token id="672077" text="скорости"><tfr rev_id="4025630" t="скорости"><v><l id="323333" t="скорость"><g v="NOUN"></g><g v="inan"></g><g v="femn"></g><g v="sing"></g><g v="loct"></g></l></v></tfr></token><token id="672078" text="распознавания"><tfr rev_id="1716757" t="распознавания"><v><l id="300037" t="распознавание"><g v="NOUN"></g><g v="inan"></g><g v="neut"></g><g v="sing"></g><g v="gent"></g></l></v></tfr></token><token id="672079" text="оттенков"><tfr rev_id="1504172" t="оттенков"><v><l id="218957" t="оттенок"><g v="NOUN"></g><g v="inan"></g><g v="masc"></g><g v="plur"></g><g v="gent"></g></l></v></tfr></token><token id="672080" text="цветов"><tfr rev_id="1504173" t="цветов"><v><l id="372859" t="цвет"><g v="NOUN"></g><g v="inan"></g><g v="masc"></g><g v="plur"></g><g v="gent"></g></l></v><v><l id="372936" t="цветок"><g v="NOUN"></g><g v="inan"></g><g v="masc"></g><g v="plur"></g><g v="gent"></g></l></v></tfr></token><token id="672081" text="оставалось"><tfr rev_id="1504174" t="оставалось"><v><l id="210812" t="остаюсь"><g v="VERB"></g><g v="impf"></g><g v="intr"></g><g v="neut"></g><g v="sing"></g><g v="past"></g><g v="indc"></g></l></v></tfr></token><token id="672082" text="."><tfr rev_id="1504175" t="."><v><l id="0" t="."><g v="PNCT"></g></l></v></tfr></token></tokens></sentence></paragraph><paragraph id="12076"><sentence id="37677"><source>Исследователи пришли к выводу, что язык играет большую роль при распознавании цвета.</source><tokens><token id="672083" text="Исследователи"><tfr rev_id="1504176" t="Исследователи"><v><l id="125801" t="исследователь"><g v="NOUN"></g><g v="anim"></g><g v="masc"></g><g v="plur"></g><g v="nomn"></g></l></v></tfr></token><token id="672084" text="пришли"><tfr rev_id="1504177" t="пришли"><v><l id="270737" t="пришёл"><g v="VERB"></g><g v="perf"></g><g v="intr"></g><g v="plur"></g><g v="past"></g><g v="indc"></g></l></v><v><l id="274244" t="прислал"><g v="VERB"></g><g v="perf"></g><g v="tran"></g><g v="sing"></g><g v="impr"></g><g v="excl"></g></l></v></tfr></token><token id="672085" text="к"><tfr rev_id="1504178" t="к"><v><l id="127460" t="к"><g v="PREP"></g></l></v></tfr></token><token id="672086" text="выводу"><tfr rev_id="1504179" t="выводу"><v><l id="56345" t="вывод"><g v="NOUN"></g><g v="inan"></g><g v="masc"></g><g v="sing"></g><g v="datv"></g></l></v></tfr></token><token id="672087" text=","><tfr rev_id="1504180" t=","><v><l id="0" t=","><g v="PNCT"></g></l></v></tfr></token><token id="672088" text="что"><tfr rev_id="3197505" t="что"><v><l id="377004" t="что"><g v="CONJ"></g></l></v><v><l id="377005" t="что"><g v="NPRO"></g><g v="neut"></g><g v="sing"></g><g v="nomn"></g></l></v><v><l id="377005" t="что"><g v="NPRO"></g><g v="neut"></g><g v="sing"></g><g v="accs"></g></l></v><v><l id="377006" t="что"><g v="ADVB"></g><g v="Ques"></g></l></v><v><l id="388695" t="что"><g v="PRCL"></g></l></v></tfr></token><token id="672089" text="язык"><tfr rev_id="3467596" t="язык"><v><l id="387573" t="язык"><g v="NOUN"></g><g v="inan"></g><g v="masc"></g><g v="sing"></g><g v="nomn"></g></l></v><v><l id="387573" t="язык"><g v="NOUN"></g><g v="inan"></g><g v="masc"></g><g v="sing"></g><g v="accs"></g></l></v></tfr></token><token id="672090" text="играет"><tfr rev_id="1504183" t="играет"><v><l id="117311" t="играю"><g v="VERB"></g><g v="impf"></g><g v="tran"></g><g v="sing"></g><g v="3per"></g><g v="pres"></g><g v="indc"></g></l></v></tfr></token><token id="672091" text="большую"><tfr rev_id="4534434" t="большую"><v><l id="32439" t="больший"><g v="ADJF"></g><g v="Qual"></g><g v="femn"></g><g v="sing"></g><g v="accs"></g></l></v><v><l id="32445" t="большой"><g v="ADJF"></g><g v="Qual"></g><g v="femn"></g><g v="sing"></g><g v="accs"></g></l></v></tfr></token><token id="672092" text="роль"><tfr rev_id="3433558" t="роль"><v><l id="308800" t="роль"><g v="NOUN"></g><g v="inan"></g><g v="femn"></g><g v="sing"></g><g v="nomn"></g></l></v><v><l id="308800" t="роль"><g v="NOUN"></g><g v="inan"></g><g v="femn"></g><g v="sing"></g><g v="accs"></g></l></v></tfr></token><token id="672093" text="при"><tfr rev_id="2634179" t="при"><v><l id="268625" t="при"><g v="PREP"></g></l></v></tfr></token><token id="672094" text="распознавании"><tfr rev_id="1504187" t="распознавании"><v><l id="300037" t="распознавание"><g v="NOUN"></g><g v="inan"></g><g v="neut"></g><g v="sing"></g><g v="loct"></g></l></v></tfr></token><token id="672095" text="цвета"><tfr rev_id="3659400" t="цвета"><v><l id="372859" t="цвет"><g v="NOUN"></g><g v="inan"></g><g v="masc"></g><g v="sing"></g><g v="gent"></g></l></v></tfr></token><token id="672096" text="."><tfr rev_id="1504189" t="."><v><l id="0" t="."><g v="PNCT"></g></l></v></tfr></token></tokens></sentence><sentence id="37678"><source>Индивидуально, для каждого участника, была также определена граница различия между светло-синим и тёмно-синим цветами.</source><tokens><token id="672097" text="Индивидуально"><tfr rev_id="3647187" t="Индивидуально"><v><l id="122213" t="индивидуален"><g v="ADJS"></g><g v="neut"></g><g v="sing"></g></l></v><v><l id="389232" t="индивидуально"><g v="ADVB"></g></l></v></tfr></token><token id="672098" text=","><tfr rev_id="1504191" t=","><v><l id="0" t=","><g v="PNCT"></g></l></v></tfr></token><token id="672099" text="для"><tfr rev_id="2707454" t="для"><v><l id="85032" t="для"><g v="PREP"></g></l></v></tfr></token><token id="672100" text="каждого"><tfr rev_id="4429932" t="каждого"><v><l id="127875" t="каждый"><g v="ADJF"></g><g v="Subx"></g><g v="Apro"></g><g v="masc"></g><g v="sing"></g><g v="gent"></g></l></v><v><l id="127875" t="каждый"><g v="ADJF"></g><g v="Subx"></g><g v="Apro"></g><g v="anim"></g><g v="masc"></g><g v="sing"></g><g v="accs"></g></l></v></tfr></token><token id="672101" text="участника"><tfr rev_id="3689787" t="участника"><v><l id="363151" t="участник"><g v="NOUN"></g><g v="anim"></g><g v="masc"></g><g v="sing"></g><g v="gent"></g></l></v></tfr></token><token id="672102" text=","><tfr rev_id="1504195" t=","><v><l id="0" t=","><g v="PNCT"></g></l></v></tfr></token><token id="672103" text="была"><tfr rev_id="1504196" t="была"><v><l id="37265" t="есть"><g v="VERB"></g><g v="impf"></g><g v="intr"></g><g v="femn"></g><g v="sing"></g><g v="past"></g><g v="indc"></g></l></v></tfr></token><token id="672104" text="также"><tfr rev_id="4267806" t="также"><v><l id="342482" t="также"><g v="PRCL"></g></l></v></tfr></token><token id="672105" text="определена"><tfr rev_id="1504198" t="определена"><v><l id="208006" t="определён"><g v="PRTS"></g><g v="perf"></g><g v="past"></g><g v="pssv"></g><g v="femn"></g><g v="sing"></g></l></v></tfr></token><token id="672106" text="граница"><tfr rev_id="1504199" t="граница"><v><l id="74687" t="граница"><g v="NOUN"></g><g v="inan"></g><g v="femn"></g><g v="sing"></g><g v="nomn"></g></l></v></tfr></token><token id="672107" text="различия"><tfr rev_id="3471554" t="различия"><v><l id="294537" t="различие"><g v="NOUN"></g><g v="inan"></g><g v="neut"></g><g v="sing"></g><g v="gent"></g></l></v></tfr></token><token id="672108" text="между"><tfr rev_id="1504201" t="между"><v><l id="157306" t="между"><g v="PREP"></g></l></v></tfr></token><token id="672109" text="светло-синим"><tfr rev_id="4412666" t="светло-синим"><v><l id="315585" t="светло-синий"><g v="ADJF"></g><g v="masc"></g><g v="sing"></g><g v="ablt"></g></l></v></tfr></token><token id="672110" text="и"><tfr rev_id="3813641" t="и"><v><l id="116949" t="и"><g v="CONJ"></g></l></v></tfr></token><token id="672111" text="тёмно-синим"><tfr rev_id="3472668" t="тёмно-синим"><v><l id="341983" t="тёмно-синий"><g v="ADJF"></g><g v="masc"></g><g v="sing"></g><g v="ablt"></g></l></v><v><l id="341983" t="тёмно-синий"><g v="ADJF"></g><g v="neut"></g><g v="sing"></g><g v="ablt"></g></l></v></tfr></token><token id="672112" text="цветами"><tfr rev_id="4215632" t="цветами"><v><l id="372859" t="цвет"><g v="NOUN"></g><g v="inan"></g><g v="masc"></g><g v="plur"></g><g v="ablt"></g></l></v><v><l id="372936" t="цветок"><g v="NOUN"></g><g v="inan"></g><g v="masc"></g><g v="plur"></g><g v="ablt"></g></l></v></tfr></token><token id="672113" text="."><tfr rev_id="1504206" t="."><v><l id="0" t="."><g v="PNCT"></g></l></v></tfr></token></tokens></sentence><sentence id="37679"><source>Интересно, что для обеих языковых групп эта граница находится почти на одном и том же месте.</source><tokens><token id="672114" text="Интересно"><tfr rev_id="1504207" t="Интересно"><v><l id="123170" t="интересно"><g v="ADVB"></g><g v="Prdx"></g></l></v><v><l id="123174" t="интересен"><g v="ADJS"></g><g v="Qual"></g><g v="neut"></g><g v="sing"></g></l></v></tfr></token><token id="672115" text=","><tfr rev_id="1504208" t=","><v><l id="0" t=","><g v="PNCT"></g></l></v></tfr></token><token id="672116" text="что"><tfr rev_id="3197506" t="что"><v><l id="377004" t="что"><g v="CONJ"></g></l></v><v><l id="377005" t="что"><g v="NPRO"></g><g v="neut"></g><g v="sing"></g><g v="nomn"></g></l></v><v><l id="377005" t="что"><g v="NPRO"></g><g v="neut"></g><g v="sing"></g><g v="accs"></g></l></v><v><l id="377006" t="что"><g v="ADVB"></g><g v="Ques"></g></l></v><v><l id="388695" t="что"><g v="PRCL"></g></l></v></tfr></token><token id="672117" text="для"><tfr rev_id="2844859" t="для"><v><l id="85032" t="для"><g v="PREP"></g></l></v></tfr></token><token id="672118" text="обеих"><tfr rev_id="2781493" t="обеих"><v><l id="193002" t="оба"><g v="NUMR"></g><g v="femn"></g><g v="gent"></g></l></v></tfr></token><token id="672119" text="языковых"><tfr rev_id="3532582" t="языковых"><v><l id="387592" t="языковой"><g v="ADJF"></g><g v="plur"></g><g v="gent"></g></l></v><v><l id="387594" t="языковый"><g v="ADJF"></g><g v="plur"></g><g v="gent"></g></l></v></tfr></token><token id="672120" text="групп"><tfr rev_id="1504213" t="групп"><v><l id="76092" t="группа"><g v="NOUN"></g><g v="inan"></g><g v="femn"></g><g v="plur"></g><g v="gent"></g></l></v></tfr></token><token id="672121" text="эта"><tfr rev_id="4437223" t="эта"><v><l id="386581" t="этот"><g v="ADJF"></g><g v="Subx"></g><g v="Apro"></g><g v="Anph"></g><g v="femn"></g><g v="sing"></g><g v="nomn"></g></l></v></tfr></token><token id="672122" text="граница"><tfr rev_id="1504215" t="граница"><v><l id="74687" t="граница"><g v="NOUN"></g><g v="inan"></g><g v="femn"></g><g v="sing"></g><g v="nomn"></g></l></v></tfr></token><token id="672123" text="находится"><tfr rev_id="1504216" t="находится"><v><l id="177898" t="нахожусь"><g v="VERB"></g><g v="impf"></g><g v="intr"></g><g v="sing"></g><g v="3per"></g><g v="pres"></g><g v="indc"></g></l></v><v><l id="177903" t="находился"><g v="VERB"></g><g v="perf"></g><g v="intr"></g><g v="sing"></g><g v="3per"></g><g v="futr"></g><g v="indc"></g></l></v></tfr></token><token id="672124" text="почти"><tfr rev_id="2691509" t="почти"><v><l id="264793" t="почёл"><g v="VERB"></g><g v="perf"></g><g v="tran"></g><g v="sing"></g><g v="impr"></g><g v="excl"></g></l></v><v><l id="265002" t="почти"><g v="ADVB"></g></l></v><v><l id="265008" t="почтил"><g v="VERB"></g><g v="perf"></g><g v="tran"></g><g v="sing"></g><g v="impr"></g><g v="excl"></g></l></v><v><l id="388672" t="почти"><g v="PRCL"></g></l></v></tfr></token><token id="672125" text="на"><tfr rev_id="3330777" t="на"><v><l id="166264" t="на"><g v="PREP"></g></l></v></tfr></token><token id="672126" text="одном"><tfr rev_id="4301562" t="одном"><v><l id="203319" t="один"><g v="ADJF"></g><g v="Apro"></g><g v="Anum"></g><g v="neut"></g><g v="sing"></g><g v="loct"></g></l></v></tfr></token><token id="672127" text="и"><tfr rev_id="3825404" t="и"><v><l id="116949" t="и"><g v="CONJ"></g></l></v></tfr></token><token id="672128" text="том"><tfr rev_id="4376265" t="том"><v><l id="348430" t="тот"><g v="ADJF"></g><g v="Subx"></g><g v="Apro"></g><g v="Anph"></g><g v="neut"></g><g v="sing"></g><g v="loct"></g></l></v></tfr></token><token id="672129" text="же"><tfr rev_id="1504222" t="же"><v><l id="96208" t="же"><g v="CONJ"></g></l></v><v><l id="96209" t="же"><g v="PRCL"></g></l></v></tfr></token><token id="672130" text="месте"><tfr rev_id="1504223" t="месте"><v><l id="158822" t="место"><g v="NOUN"></g><g v="inan"></g><g v="neut"></g><g v="sing"></g><g v="loct"></g></l></v></tfr></token><token id="672131" text="."><tfr rev_id="1504224" t="."><v><l id="0" t="."><g v="PNCT"></g></l></v></tfr></token></tokens></sentence></paragraph></paragraphs></text>