<?xml version="1.0" encoding="utf-8"?><text id="1323" parent="226" name="19866 МГУ не попал в топ-200 The Times"><tags><tag>url:http://www.chaskor.ru/news/mgu_ne_popal_v_top-200_the_times_19866</tag><tag>Год:2010</tag><tag>Дата:16/09</tag><tag>Тема:ЧасКор:Общество</tag><tag>Тема:ЧасКор:Общество/Образование</tag></tags><paragraphs><paragraph id="12116"><sentence id="37769"><source>МГУ не попал в топ-200 The Times</source><tokens><token id="673385" text="МГУ"><tfr rev_id="4098619" t="МГУ"><v><l id="156869" t="мгу"><g v="NOUN"></g><g v="inan"></g><g v="masc"></g><g v="Sgtm"></g><g v="Fixd"></g><g v="Abbr"></g><g v="Orgn"></g><g v="sing"></g><g v="nomn"></g></l></v></tfr></token><token id="673386" text="не"><tfr rev_id="1505478" t="не"><v><l id="178876" t="не"><g v="PRCL"></g></l></v></tfr></token><token id="673387" text="попал"><tfr rev_id="1505479" t="попал"><v><l id="259025" t="попал"><g v="VERB"></g><g v="perf"></g><g v="intr"></g><g v="masc"></g><g v="sing"></g><g v="past"></g><g v="indc"></g></l></v></tfr></token><token id="673388" text="в"><tfr rev_id="1505480" t="в"><v><l id="37409" t="в"><g v="PREP"></g></l></v></tfr></token><token id="673389" text="топ"><tfr rev_id="4457951" t="топ"><v><l id="347792" t="топ"><g v="NOUN"></g><g v="inan"></g><g v="masc"></g><g v="sing"></g><g v="nomn"></g></l></v><v><l id="347792" t="топ"><g v="NOUN"></g><g v="inan"></g><g v="masc"></g><g v="sing"></g><g v="accs"></g></l></v></tfr></token><token id="673390" text="-"><tfr rev_id="1505482" t="-"><v><l id="0" t="-"><g v="PNCT"></g></l></v></tfr></token><token id="673391" text="200"><tfr rev_id="2462531" t="200"><v><l id="0" t="200"><g v="NUMB"></g></l></v></tfr></token><token id="673392" text="The"><tfr rev_id="2475209" t="The"><v><l id="0" t="The"><g v="LATN"></g></l></v></tfr></token><token id="673393" text="Times"><tfr rev_id="2475210" t="Times"><v><l id="0" t="Times"><g v="LATN"></g></l></v></tfr></token></tokens></sentence><sentence id="37770"><source>При этом пятёрку ведущих университетов мира составляют сплошь американские вузы.</source><tokens><token id="673394" text="При"><tfr rev_id="2601328" t="При"><v><l id="268625" t="при"><g v="PREP"></g></l></v></tfr></token><token id="673395" text="этом"><tfr rev_id="4474940" t="этом"><v><l id="386575" t="это"><g v="NPRO"></g><g v="neut"></g><g v="sing"></g><g v="loct"></g></l></v></tfr></token><token id="673396" text="пятёрку"><tfr rev_id="1505488" t="пятёрку"><v><l id="290274" t="пятёрка"><g v="NOUN"></g><g v="inan"></g><g v="femn"></g><g v="sing"></g><g v="accs"></g></l></v></tfr></token><token id="673397" text="ведущих"><tfr rev_id="1505489" t="ведущих"><v><l id="40370" t="ведущий"><g v="ADJF"></g><g v="Subx"></g><g v="plur"></g><g v="gent"></g></l></v><v><l id="40370" t="ведущий"><g v="ADJF"></g><g v="Subx"></g><g v="anim"></g><g v="plur"></g><g v="accs"></g></l></v><v><l id="40370" t="ведущий"><g v="ADJF"></g><g v="Subx"></g><g v="plur"></g><g v="loct"></g></l></v><v><l id="42112" t="ведущий"><g v="PRTF"></g><g v="Subx"></g><g v="impf"></g><g v="tran"></g><g v="pres"></g><g v="actv"></g><g v="plur"></g><g v="gent"></g></l></v><v><l id="42112" t="ведущий"><g v="PRTF"></g><g v="Subx"></g><g v="impf"></g><g v="tran"></g><g v="pres"></g><g v="actv"></g><g v="anim"></g><g v="plur"></g><g v="accs"></g></l></v><v><l id="42112" t="ведущий"><g v="PRTF"></g><g v="Subx"></g><g v="impf"></g><g v="tran"></g><g v="pres"></g><g v="actv"></g><g v="plur"></g><g v="loct"></g></l></v></tfr></token><token id="673398" text="университетов"><tfr rev_id="1505490" t="университетов"><v><l id="358281" t="университет"><g v="NOUN"></g><g v="inan"></g><g v="masc"></g><g v="plur"></g><g v="gent"></g></l></v></tfr></token><token id="673399" text="мира"><tfr rev_id="3717321" t="мира"><v><l id="160807" t="мир"><g v="NOUN"></g><g v="inan"></g><g v="masc"></g><g v="sing"></g><g v="gen1"></g></l></v></tfr></token><token id="673400" text="составляют"><tfr rev_id="1505492" t="составляют"><v><l id="330494" t="составляю"><g v="VERB"></g><g v="impf"></g><g v="tran"></g><g v="plur"></g><g v="3per"></g><g v="pres"></g><g v="indc"></g></l></v></tfr></token><token id="673401" text="сплошь"><tfr rev_id="1505493" t="сплошь"><v><l id="332525" t="сплошь"><g v="ADVB"></g></l></v></tfr></token><token id="673402" text="американские"><tfr rev_id="3813466" t="американские"><v><l id="11429" t="американский"><g v="ADJF"></g><g v="plur"></g><g v="nomn"></g></l></v></tfr></token><token id="673403" text="вузы"><tfr rev_id="4318874" t="вузы"><v><l id="55240" t="вуз"><g v="NOUN"></g><g v="inan"></g><g v="masc"></g><g v="Abbr"></g><g v="plur"></g><g v="nomn"></g></l></v></tfr></token><token id="673404" text="."><tfr rev_id="1505496" t="."><v><l id="0" t="."><g v="PNCT"></g></l></v></tfr></token></tokens></sentence></paragraph><paragraph id="12117"><sentence id="37771"><source>По версии составителей рейтинга, обнародованного в британской The Times Руперта Мёрдока, в первую пятёрку лучших вузов планеты в 2010—2011 годах попали только американские образовательные заведения.</source><tokens><token id="673405" text="По"><tfr rev_id="1505497" t="По"><v><l id="241240" t="по"><g v="PREP"></g></l></v></tfr></token><token id="673406" text="версии"><tfr rev_id="3887908" t="версии"><v><l id="41566" t="версия"><g v="NOUN"></g><g v="inan"></g><g v="femn"></g><g v="sing"></g><g v="datv"></g></l></v></tfr></token><token id="673407" text="составителей"><tfr rev_id="4458932" t="составителей"><v><l id="330480" t="составитель"><g v="NOUN"></g><g v="anim"></g><g v="masc"></g><g v="plur"></g><g v="gent"></g></l></v></tfr></token><token id="673408" text="рейтинга"><tfr rev_id="1505500" t="рейтинга"><v><l id="305607" t="рейтинг"><g v="NOUN"></g><g v="inan"></g><g v="masc"></g><g v="sing"></g><g v="gent"></g></l></v></tfr></token><token id="673409" text=","><tfr rev_id="1505501" t=","><v><l id="0" t=","><g v="PNCT"></g></l></v></tfr></token><token id="673410" text="обнародованного"><tfr rev_id="3443229" t="обнародованного"><v><l id="197756" t="обнародованный"><g v="PRTF"></g><g v="perf"></g><g v="tran"></g><g v="past"></g><g v="pssv"></g><g v="masc"></g><g v="sing"></g><g v="gent"></g></l></v><v><l id="197756" t="обнародованный"><g v="PRTF"></g><g v="perf"></g><g v="tran"></g><g v="past"></g><g v="pssv"></g><g v="anim"></g><g v="masc"></g><g v="sing"></g><g v="accs"></g></l></v></tfr></token><token id="673411" text="в"><tfr rev_id="1505503" t="в"><v><l id="37409" t="в"><g v="PREP"></g></l></v></tfr></token><token id="673412" text="британской"><tfr rev_id="3861970" t="британской"><v><l id="34021" t="британский"><g v="ADJF"></g><g v="femn"></g><g v="sing"></g><g v="loct"></g></l></v></tfr></token><token id="673413" text="The"><tfr rev_id="2475211" t="The"><v><l id="0" t="The"><g v="LATN"></g></l></v></tfr></token><token id="673414" text="Times"><tfr rev_id="2475212" t="Times"><v><l id="0" t="Times"><g v="LATN"></g></l></v></tfr></token><token id="673415" text="Руперта"><tfr rev_id="2826924" t="Руперта"><v><l id="310189" t="руперт"><g v="NOUN"></g><g v="anim"></g><g v="masc"></g><g v="Name"></g><g v="sing"></g><g v="gent"></g></l></v></tfr></token><token id="673416" text="Мёрдока"><tfr rev_id="4454919" t="Мёрдока"><v><l id="390728" t="мёрдок"><g v="NOUN"></g><g v="anim"></g><g v="masc"></g><g v="Sgtm"></g><g v="Surn"></g><g v="sing"></g><g v="gent"></g></l></v></tfr></token><token id="673417" text=","><tfr rev_id="1505509" t=","><v><l id="0" t=","><g v="PNCT"></g></l></v></tfr></token><token id="673418" text="в"><tfr rev_id="1505510" t="в"><v><l id="37409" t="в"><g v="PREP"></g></l></v></tfr></token><token id="673419" text="первую"><tfr rev_id="1505511" t="первую"><v><l id="226359" t="первый"><g v="ADJF"></g><g v="Anum"></g><g v="femn"></g><g v="sing"></g><g v="accs"></g></l></v></tfr></token><token id="673420" text="пятёрку"><tfr rev_id="1505512" t="пятёрку"><v><l id="290274" t="пятёрка"><g v="NOUN"></g><g v="inan"></g><g v="femn"></g><g v="sing"></g><g v="accs"></g></l></v></tfr></token><token id="673421" text="лучших"><tfr rev_id="2955989" t="лучших"><v><l id="371672" t="лучший"><g v="ADJF"></g><g v="Supr"></g><g v="Qual"></g><g v="plur"></g><g v="gent"></g></l></v></tfr></token><token id="673422" text="вузов"><tfr rev_id="4318894" t="вузов"><v><l id="55240" t="вуз"><g v="NOUN"></g><g v="inan"></g><g v="masc"></g><g v="Abbr"></g><g v="plur"></g><g v="gent"></g></l></v></tfr></token><token id="673423" text="планеты"><tfr rev_id="3438058" t="планеты"><v><l id="239690" t="планета"><g v="NOUN"></g><g v="inan"></g><g v="femn"></g><g v="sing"></g><g v="gent"></g></l></v></tfr></token><token id="673424" text="в"><tfr rev_id="1505516" t="в"><v><l id="37409" t="в"><g v="PREP"></g></l></v></tfr></token><token id="673425" text="2010"><tfr rev_id="2462532" t="2010"><v><l id="0" t="2010"><g v="NUMB"></g></l></v></tfr></token><token id="673426" text="—"><tfr rev_id="2446297" t="—"><v><l id="0" t="—"><g v="PNCT"></g></l></v></tfr></token><token id="673427" text="2011"><tfr rev_id="2462533" t="2011"><v><l id="0" t="2011"><g v="NUMB"></g></l></v></tfr></token><token id="673428" text="годах"><tfr rev_id="1505520" t="годах"><v><l id="72149" t="год"><g v="NOUN"></g><g v="inan"></g><g v="masc"></g><g v="plur"></g><g v="loct"></g></l></v></tfr></token><token id="673429" text="попали"><tfr rev_id="1505521" t="попали"><v><l id="258981" t="попалил"><g v="VERB"></g><g v="perf"></g><g v="tran"></g><g v="sing"></g><g v="impr"></g><g v="excl"></g></l></v><v><l id="258987" t="попалил"><g v="VERB"></g><g v="perf"></g><g v="intr"></g><g v="sing"></g><g v="impr"></g><g v="excl"></g></l></v><v><l id="259025" t="попал"><g v="VERB"></g><g v="perf"></g><g v="intr"></g><g v="plur"></g><g v="past"></g><g v="indc"></g></l></v></tfr></token><token id="673430" text="только"><tfr rev_id="3784165" t="только"><v><l id="347395" t="только"><g v="CONJ"></g></l></v><v><l id="347396" t="только"><g v="PRCL"></g></l></v><v><l id="390053" t="только"><g v="ADVB"></g></l></v></tfr></token><token id="673431" text="американские"><tfr rev_id="4092522" t="американские"><v><l id="11429" t="американский"><g v="ADJF"></g><g v="plur"></g><g v="nomn"></g></l></v></tfr></token><token id="673432" text="образовательные"><tfr rev_id="4082772" t="образовательные"><v><l id="198807" t="образовательный"><g v="ADJF"></g><g v="plur"></g><g v="nomn"></g></l></v></tfr></token><token id="673433" text="заведения"><tfr rev_id="3757563" t="заведения"><v><l id="99331" t="заведение"><g v="NOUN"></g><g v="inan"></g><g v="neut"></g><g v="plur"></g><g v="nomn"></g></l></v></tfr></token><token id="673434" text="."><tfr rev_id="1505526" t="."><v><l id="0" t="."><g v="PNCT"></g></l></v></tfr></token></tokens></sentence><sentence id="37772"><source>Лидером рейтинга стал Гарвардский университет, за ним следует Калифорнийский технологический институт, на третьем месте Массачусетский технологический институт, на четвёртом — Стэнфордский и на пятом — Принстонский университеты.</source><tokens><token id="673435" text="Лидером"><tfr rev_id="1505527" t="Лидером"><v><l id="149007" t="лидер"><g v="NOUN"></g><g v="anim"></g><g v="masc"></g><g v="sing"></g><g v="ablt"></g></l></v></tfr></token><token id="673436" text="рейтинга"><tfr rev_id="1505528" t="рейтинга"><v><l id="305607" t="рейтинг"><g v="NOUN"></g><g v="inan"></g><g v="masc"></g><g v="sing"></g><g v="gent"></g></l></v></tfr></token><token id="673437" text="стал"><tfr rev_id="1505529" t="стал"><v><l id="335164" t="стал"><g v="VERB"></g><g v="perf"></g><g v="intr"></g><g v="masc"></g><g v="sing"></g><g v="past"></g><g v="indc"></g></l></v></tfr></token><token id="673438" text="Гарвардский"><tfr rev_id="1505530" t="Гарвардский"><v><l id="67263" t="гарвардский"><g v="ADJF"></g><g v="masc"></g><g v="sing"></g><g v="nomn"></g></l></v><v><l id="67263" t="гарвардский"><g v="ADJF"></g><g v="inan"></g><g v="masc"></g><g v="sing"></g><g v="accs"></g></l></v></tfr></token><token id="673439" text="университет"><tfr rev_id="4099389" t="университет"><v><l id="358281" t="университет"><g v="NOUN"></g><g v="inan"></g><g v="masc"></g><g v="sing"></g><g v="nomn"></g></l></v></tfr></token><token id="673440" text=","><tfr rev_id="1505532" t=","><v><l id="0" t=","><g v="PNCT"></g></l></v></tfr></token><token id="673441" text="за"><tfr rev_id="1505533" t="за"><v><l id="98043" t="за"><g v="PREP"></g></l></v></tfr></token><token id="673442" text="ним"><tfr rev_id="4531004" t="ним"><v><l id="206541" t="он"><g v="NPRO"></g><g v="masc"></g><g v="3per"></g><g v="Anph"></g><g v="sing"></g><g v="ablt"></g><g v="Af-p"></g></l></v><v><l id="206649" t="оно"><g v="NPRO"></g><g v="neut"></g><g v="3per"></g><g v="Anph"></g><g v="sing"></g><g v="ablt"></g><g v="Af-p"></g></l></v></tfr></token><token id="673443" text="следует"><tfr rev_id="3665444" t="следует"><v><l id="324747" t="следую"><g v="VERB"></g><g v="impf"></g><g v="intr"></g><g v="sing"></g><g v="3per"></g><g v="pres"></g><g v="indc"></g><g v="Impx"></g></l></v></tfr></token><token id="673444" text="Калифорнийский"><tfr rev_id="1505536" t="Калифорнийский"><v><l id="128580" t="калифорнийский"><g v="ADJF"></g><g v="masc"></g><g v="sing"></g><g v="nomn"></g></l></v><v><l id="128580" t="калифорнийский"><g v="ADJF"></g><g v="inan"></g><g v="masc"></g><g v="sing"></g><g v="accs"></g></l></v></tfr></token><token id="673445" text="технологический"><tfr rev_id="1505537" t="технологический"><v><l id="345965" t="технологический"><g v="ADJF"></g><g v="masc"></g><g v="sing"></g><g v="nomn"></g></l></v><v><l id="345965" t="технологический"><g v="ADJF"></g><g v="inan"></g><g v="masc"></g><g v="sing"></g><g v="accs"></g></l></v></tfr></token><token id="673446" text="институт"><tfr rev_id="1505538" t="институт"><v><l id="122879" t="институт"><g v="NOUN"></g><g v="inan"></g><g v="masc"></g><g v="sing"></g><g v="nomn"></g></l></v><v><l id="122879" t="институт"><g v="NOUN"></g><g v="inan"></g><g v="masc"></g><g v="sing"></g><g v="accs"></g></l></v></tfr></token><token id="673447" text=","><tfr rev_id="1505539" t=","><v><l id="0" t=","><g v="PNCT"></g></l></v></tfr></token><token id="673448" text="на"><tfr rev_id="3475873" t="на"><v><l id="166264" t="на"><g v="PREP"></g></l></v></tfr></token><token id="673449" text="третьем"><tfr rev_id="4306880" t="третьем"><v><l id="349855" t="третий"><g v="ADJF"></g><g v="Anum"></g><g v="neut"></g><g v="sing"></g><g v="loct"></g></l></v></tfr></token><token id="673450" text="месте"><tfr rev_id="1505542" t="месте"><v><l id="158822" t="место"><g v="NOUN"></g><g v="inan"></g><g v="neut"></g><g v="sing"></g><g v="loct"></g></l></v></tfr></token><token id="673451" text="Массачусетский"><tfr rev_id="1505543" t="Массачусетский"><v><l id="156000" t="массачусетский"><g v="ADJF"></g><g v="masc"></g><g v="sing"></g><g v="nomn"></g></l></v><v><l id="156000" t="массачусетский"><g v="ADJF"></g><g v="inan"></g><g v="masc"></g><g v="sing"></g><g v="accs"></g></l></v></tfr></token><token id="673452" text="технологический"><tfr rev_id="1505544" t="технологический"><v><l id="345965" t="технологический"><g v="ADJF"></g><g v="masc"></g><g v="sing"></g><g v="nomn"></g></l></v><v><l id="345965" t="технологический"><g v="ADJF"></g><g v="inan"></g><g v="masc"></g><g v="sing"></g><g v="accs"></g></l></v></tfr></token><token id="673453" text="институт"><tfr rev_id="1505545" t="институт"><v><l id="122879" t="институт"><g v="NOUN"></g><g v="inan"></g><g v="masc"></g><g v="sing"></g><g v="nomn"></g></l></v><v><l id="122879" t="институт"><g v="NOUN"></g><g v="inan"></g><g v="masc"></g><g v="sing"></g><g v="accs"></g></l></v></tfr></token><token id="673454" text=","><tfr rev_id="1505546" t=","><v><l id="0" t=","><g v="PNCT"></g></l></v></tfr></token><token id="673455" text="на"><tfr rev_id="3340749" t="на"><v><l id="166264" t="на"><g v="PREP"></g></l></v></tfr></token><token id="673456" text="четвёртом"><tfr rev_id="3449083" t="четвёртом"><v><l id="376074" t="четвёртый"><g v="ADJF"></g><g v="Anum"></g><g v="neut"></g><g v="sing"></g><g v="loct"></g></l></v></tfr></token><token id="673457" text="—"><tfr rev_id="2446298" t="—"><v><l id="0" t="—"><g v="PNCT"></g></l></v></tfr></token><token id="673458" text="Стэнфордский"><tfr rev_id="1505550" t="Стэнфордский"><v><l id="0" t="стэнфордский"><g v="UNKN"></g></l></v></tfr></token><token id="673459" text="и"><tfr rev_id="1505551" t="и"><v><l id="116949" t="и"><g v="CONJ"></g></l></v><v><l id="116950" t="и"><g v="INTJ"></g></l></v></tfr></token><token id="673460" text="на"><tfr rev_id="3397773" t="на"><v><l id="166264" t="на"><g v="PREP"></g></l></v></tfr></token><token id="673461" text="пятом"><tfr rev_id="3481937" t="пятом"><v><l id="290439" t="пятый"><g v="ADJF"></g><g v="Anum"></g><g v="neut"></g><g v="sing"></g><g v="loct"></g></l></v></tfr></token><token id="673462" text="—"><tfr rev_id="2446299" t="—"><v><l id="0" t="—"><g v="PNCT"></g></l></v></tfr></token><token id="673463" text="Принстонский"><tfr rev_id="1505555" t="Принстонский"><v><l id="272646" t="принстонский"><g v="ADJF"></g><g v="masc"></g><g v="sing"></g><g v="nomn"></g></l></v><v><l id="272646" t="принстонский"><g v="ADJF"></g><g v="inan"></g><g v="masc"></g><g v="sing"></g><g v="accs"></g></l></v></tfr></token><token id="673464" text="университеты"><tfr rev_id="3284753" t="университеты"><v><l id="358281" t="университет"><g v="NOUN"></g><g v="inan"></g><g v="masc"></g><g v="plur"></g><g v="nomn"></g></l></v></tfr></token><token id="673465" text="."><tfr rev_id="1505557" t="."><v><l id="0" t="."><g v="PNCT"></g></l></v></tfr></token></tokens></sentence></paragraph><paragraph id="12118"><sentence id="37773"><source>Как пишут «Ведомости», в первой десятке оказались только три британских вуза: Оксфорд и Кембридж составители рейтинга поместили на одну — шестую позицию, а Имперский колледж Лондона очутился на девятом месте.</source><tokens><token id="673466" text="Как"><tfr rev_id="1505558" t="Как"><v><l id="128190" t="как"><g v="CONJ"></g></l></v><v><l id="128191" t="как"><g v="PRCL"></g></l></v><v><l id="128192" t="как"><g v="ADVB"></g><g v="Ques"></g></l></v></tfr></token><token id="673467" text="пишут"><tfr rev_id="1505559" t="пишут"><v><l id="239101" t="пишу"><g v="VERB"></g><g v="impf"></g><g v="tran"></g><g v="plur"></g><g v="3per"></g><g v="pres"></g><g v="indc"></g></l></v></tfr></token><token id="673468" text="«"><tfr rev_id="2446300" t="«"><v><l id="0" t="«"><g v="PNCT"></g></l></v></tfr></token><token id="673469" text="Ведомости"><tfr rev_id="3762186" t="Ведомости"><v><l id="40348" t="ведомость"><g v="NOUN"></g><g v="inan"></g><g v="femn"></g><g v="plur"></g><g v="nomn"></g></l></v></tfr></token><token id="673470" text="»"><tfr rev_id="2446301" t="»"><v><l id="0" t="»"><g v="PNCT"></g></l></v></tfr></token><token id="673471" text=","><tfr rev_id="1505563" t=","><v><l id="0" t=","><g v="PNCT"></g></l></v></tfr></token><token id="673472" text="в"><tfr rev_id="1505564" t="в"><v><l id="37409" t="в"><g v="PREP"></g></l></v></tfr></token><token id="673473" text="первой"><tfr rev_id="2637181" t="первой"><v><l id="226359" t="первый"><g v="ADJF"></g><g v="Anum"></g><g v="femn"></g><g v="sing"></g><g v="loct"></g></l></v></tfr></token><token id="673474" text="десятке"><tfr rev_id="4323838" t="десятке"><v><l id="82098" t="десятка"><g v="NOUN"></g><g v="inan"></g><g v="femn"></g><g v="sing"></g><g v="datv"></g></l></v><v><l id="82098" t="десятка"><g v="NOUN"></g><g v="inan"></g><g v="femn"></g><g v="sing"></g><g v="loct"></g></l></v><v><l id="82106" t="десяток"><g v="NOUN"></g><g v="inan"></g><g v="masc"></g><g v="sing"></g><g v="loct"></g></l></v></tfr></token><token id="673475" text="оказались"><tfr rev_id="1505567" t="оказались"><v><l id="204462" t="оказался"><g v="VERB"></g><g v="perf"></g><g v="intr"></g><g v="plur"></g><g v="past"></g><g v="indc"></g></l></v></tfr></token><token id="673476" text="только"><tfr rev_id="3784166" t="только"><v><l id="347395" t="только"><g v="CONJ"></g></l></v><v><l id="347396" t="только"><g v="PRCL"></g></l></v><v><l id="390053" t="только"><g v="ADVB"></g></l></v></tfr></token><token id="673477" text="три"><tfr rev_id="2635383" t="три"><v><l id="349973" t="три"><g v="NUMR"></g><g v="nomn"></g></l></v><v><l id="349973" t="три"><g v="NUMR"></g><g v="inan"></g><g v="accs"></g></l></v></tfr></token><token id="673478" text="британских"><tfr rev_id="3824224" t="британских"><v><l id="34021" t="британский"><g v="ADJF"></g><g v="plur"></g><g v="gent"></g></l></v></tfr></token><token id="673479" text="вуза"><tfr rev_id="4318837" t="вуза"><v><l id="55240" t="вуз"><g v="NOUN"></g><g v="inan"></g><g v="masc"></g><g v="Abbr"></g><g v="sing"></g><g v="gent"></g></l></v></tfr></token><token id="673480" text=":"><tfr rev_id="1505572" t=":"><v><l id="0" t=":"><g v="PNCT"></g></l></v></tfr></token><token id="673481" text="Оксфорд"><tfr rev_id="4105733" t="Оксфорд"><v><l id="205648" t="оксфорд"><g v="NOUN"></g><g v="inan"></g><g v="masc"></g><g v="Geox"></g><g v="sing"></g><g v="accs"></g></l></v></tfr></token><token id="673482" text="и"><tfr rev_id="1505574" t="и"><v><l id="116949" t="и"><g v="CONJ"></g></l></v><v><l id="116950" t="и"><g v="INTJ"></g></l></v></tfr></token><token id="673483" text="Кембридж"><tfr rev_id="4103169" t="Кембридж"><v><l id="132371" t="кембридж"><g v="NOUN"></g><g v="inan"></g><g v="masc"></g><g v="Sgtm"></g><g v="Geox"></g><g v="sing"></g><g v="accs"></g></l></v></tfr></token><token id="673484" text="составители"><tfr rev_id="1505576" t="составители"><v><l id="330480" t="составитель"><g v="NOUN"></g><g v="anim"></g><g v="masc"></g><g v="plur"></g><g v="nomn"></g></l></v></tfr></token><token id="673485" text="рейтинга"><tfr rev_id="1505577" t="рейтинга"><v><l id="305607" t="рейтинг"><g v="NOUN"></g><g v="inan"></g><g v="masc"></g><g v="sing"></g><g v="gent"></g></l></v></tfr></token><token id="673486" text="поместили"><tfr rev_id="1505578" t="поместили"><v><l id="257577" t="поместил"><g v="VERB"></g><g v="perf"></g><g v="tran"></g><g v="plur"></g><g v="past"></g><g v="indc"></g></l></v></tfr></token><token id="673487" text="на"><tfr rev_id="3339121" t="на"><v><l id="166264" t="на"><g v="PREP"></g></l></v></tfr></token><token id="673488" text="одну"><tfr rev_id="4302842" t="одну"><v><l id="203319" t="один"><g v="ADJF"></g><g v="Apro"></g><g v="Anum"></g><g v="femn"></g><g v="sing"></g><g v="accs"></g></l></v></tfr></token><token id="673489" text="—"><tfr rev_id="2446302" t="—"><v><l id="0" t="—"><g v="PNCT"></g></l></v></tfr></token><token id="673490" text="шестую"><tfr rev_id="3719617" t="шестую"><v><l id="379417" t="шестой"><g v="ADJF"></g><g v="Anum"></g><g v="femn"></g><g v="sing"></g><g v="accs"></g></l></v></tfr></token><token id="673491" text="позицию"><tfr rev_id="1505583" t="позицию"><v><l id="253607" t="позиция"><g v="NOUN"></g><g v="inan"></g><g v="femn"></g><g v="sing"></g><g v="accs"></g></l></v></tfr></token><token id="673492" text=","><tfr rev_id="1505584" t=","><v><l id="0" t=","><g v="PNCT"></g></l></v></tfr></token><token id="673493" text="а"><tfr rev_id="3411300" t="а"><v><l id="51" t="а"><g v="CONJ"></g></l></v></tfr></token><token id="673494" text="Имперский"><tfr rev_id="1505586" t="Имперский"><v><l id="121784" t="имперский"><g v="ADJF"></g><g v="masc"></g><g v="sing"></g><g v="nomn"></g></l></v><v><l id="121784" t="имперский"><g v="ADJF"></g><g v="inan"></g><g v="masc"></g><g v="sing"></g><g v="accs"></g></l></v></tfr></token><token id="673495" text="колледж"><tfr rev_id="1505587" t="колледж"><v><l id="136015" t="колледж"><g v="NOUN"></g><g v="inan"></g><g v="masc"></g><g v="sing"></g><g v="nomn"></g></l></v><v><l id="136015" t="колледж"><g v="NOUN"></g><g v="inan"></g><g v="masc"></g><g v="sing"></g><g v="accs"></g></l></v></tfr></token><token id="673496" text="Лондона"><tfr rev_id="1505588" t="Лондона"><v><l id="150828" t="лондон"><g v="NOUN"></g><g v="inan"></g><g v="masc"></g><g v="Geox"></g><g v="sing"></g><g v="gent"></g></l></v></tfr></token><token id="673497" text="очутился"><tfr rev_id="1505589" t="очутился"><v><l id="221919" t="очутился"><g v="VERB"></g><g v="perf"></g><g v="intr"></g><g v="masc"></g><g v="sing"></g><g v="past"></g><g v="indc"></g></l></v></tfr></token><token id="673498" text="на"><tfr rev_id="2912841" t="на"><v><l id="166264" t="на"><g v="PREP"></g></l></v><v><l id="388676" t="на"><g v="INTJ"></g></l></v></tfr></token><token id="673499" text="девятом"><tfr rev_id="3448964" t="девятом"><v><l id="79530" t="девятый"><g v="ADJF"></g><g v="Anum"></g><g v="neut"></g><g v="sing"></g><g v="loct"></g></l></v></tfr></token><token id="673500" text="месте"><tfr rev_id="1505592" t="месте"><v><l id="158822" t="место"><g v="NOUN"></g><g v="inan"></g><g v="neut"></g><g v="sing"></g><g v="loct"></g></l></v></tfr></token><token id="673501" text="."><tfr rev_id="1505593" t="."><v><l id="0" t="."><g v="PNCT"></g></l></v></tfr></token></tokens></sentence><sentence id="37774"><source>Примечательно также, что в первую двадцатку был включён всего один вуз, расположенный за пределами Северной Америки и Великобритании, — Швейцарский федеральный технологический институт в Цюрихе.</source><tokens><token id="673502" text="Примечательно"><tfr rev_id="4239222" t="Примечательно"><v><l id="272095" t="примечательно"><g v="ADVB"></g></l></v></tfr></token><token id="673503" text="также"><tfr rev_id="4267808" t="также"><v><l id="342482" t="также"><g v="PRCL"></g></l></v></tfr></token><token id="673504" text=","><tfr rev_id="1505596" t=","><v><l id="0" t=","><g v="PNCT"></g></l></v></tfr></token><token id="673505" text="что"><tfr rev_id="3197525" t="что"><v><l id="377004" t="что"><g v="CONJ"></g></l></v><v><l id="377005" t="что"><g v="NPRO"></g><g v="neut"></g><g v="sing"></g><g v="nomn"></g></l></v><v><l id="377005" t="что"><g v="NPRO"></g><g v="neut"></g><g v="sing"></g><g v="accs"></g></l></v><v><l id="377006" t="что"><g v="ADVB"></g><g v="Ques"></g></l></v><v><l id="388695" t="что"><g v="PRCL"></g></l></v></tfr></token><token id="673506" text="в"><tfr rev_id="1505598" t="в"><v><l id="37409" t="в"><g v="PREP"></g></l></v></tfr></token><token id="673507" text="первую"><tfr rev_id="1505599" t="первую"><v><l id="226359" t="первый"><g v="ADJF"></g><g v="Anum"></g><g v="femn"></g><g v="sing"></g><g v="accs"></g></l></v></tfr></token><token id="673508" text="двадцатку"><tfr rev_id="1505600" t="двадцатку"><v><l id="78789" t="двадцатка"><g v="NOUN"></g><g v="inan"></g><g v="femn"></g><g v="sing"></g><g v="accs"></g></l></v></tfr></token><token id="673509" text="был"><tfr rev_id="1505601" t="был"><v><l id="37265" t="есть"><g v="VERB"></g><g v="impf"></g><g v="intr"></g><g v="masc"></g><g v="sing"></g><g v="past"></g><g v="indc"></g></l></v></tfr></token><token id="673510" text="включён"><tfr rev_id="1505602" t="включён"><v><l id="46214" t="включён"><g v="PRTS"></g><g v="perf"></g><g v="past"></g><g v="pssv"></g><g v="masc"></g><g v="sing"></g></l></v></tfr></token><token id="673511" text="всего"><tfr rev_id="4499291" t="всего"><v><l id="53374" t="всего"><g v="PRCL"></g></l></v></tfr></token><token id="673512" text="один"><tfr rev_id="4299707" t="один"><v><l id="203319" t="один"><g v="ADJF"></g><g v="Apro"></g><g v="Anum"></g><g v="masc"></g><g v="sing"></g><g v="nomn"></g></l></v><v><l id="203319" t="один"><g v="ADJF"></g><g v="Apro"></g><g v="Anum"></g><g v="inan"></g><g v="masc"></g><g v="sing"></g><g v="accs"></g></l></v></tfr></token><token id="673513" text="вуз"><tfr rev_id="4318825" t="вуз"><v><l id="55240" t="вуз"><g v="NOUN"></g><g v="inan"></g><g v="masc"></g><g v="Abbr"></g><g v="sing"></g><g v="nomn"></g></l></v><v><l id="55240" t="вуз"><g v="NOUN"></g><g v="inan"></g><g v="masc"></g><g v="Abbr"></g><g v="sing"></g><g v="accs"></g></l></v></tfr></token><token id="673514" text=","><tfr rev_id="1505606" t=","><v><l id="0" t=","><g v="PNCT"></g></l></v></tfr></token><token id="673515" text="расположенный"><tfr rev_id="1505607" t="расположенный"><v><l id="300105" t="расположенный"><g v="PRTF"></g><g v="perf"></g><g v="tran"></g><g v="past"></g><g v="pssv"></g><g v="masc"></g><g v="sing"></g><g v="nomn"></g></l></v><v><l id="300105" t="расположенный"><g v="PRTF"></g><g v="perf"></g><g v="tran"></g><g v="past"></g><g v="pssv"></g><g v="inan"></g><g v="masc"></g><g v="sing"></g><g v="accs"></g></l></v></tfr></token><token id="673516" text="за"><tfr rev_id="1505608" t="за"><v><l id="98043" t="за"><g v="PREP"></g></l></v></tfr></token><token id="673517" text="пределами"><tfr rev_id="1505609" t="пределами"><v><l id="266447" t="предел"><g v="NOUN"></g><g v="inan"></g><g v="masc"></g><g v="plur"></g><g v="ablt"></g></l></v></tfr></token><token id="673518" text="Северной"><tfr rev_id="2925051" t="Северной"><v><l id="317517" t="северный"><g v="ADJF"></g><g v="Qual"></g><g v="femn"></g><g v="sing"></g><g v="gent"></g></l></v></tfr></token><token id="673519" text="Америки"><tfr rev_id="1505611" t="Америки"><v><l id="11393" t="америка"><g v="NOUN"></g><g v="inan"></g><g v="femn"></g><g v="Sgtm"></g><g v="Geox"></g><g v="sing"></g><g v="gent"></g></l></v></tfr></token><token id="673520" text="и"><tfr rev_id="1505612" t="и"><v><l id="116949" t="и"><g v="CONJ"></g></l></v><v><l id="116950" t="и"><g v="INTJ"></g></l></v></tfr></token><token id="673521" text="Великобритании"><tfr rev_id="3455597" t="Великобритании"><v><l id="40619" t="великобритания"><g v="NOUN"></g><g v="inan"></g><g v="femn"></g><g v="Sgtm"></g><g v="Geox"></g><g v="sing"></g><g v="gent"></g></l></v></tfr></token><token id="673522" text=","><tfr rev_id="1505614" t=","><v><l id="0" t=","><g v="PNCT"></g></l></v></tfr></token><token id="673523" text="—"><tfr rev_id="2446303" t="—"><v><l id="0" t="—"><g v="PNCT"></g></l></v></tfr></token><token id="673524" text="Швейцарский"><tfr rev_id="1505616" t="Швейцарский"><v><l id="378783" t="швейцарский"><g v="ADJF"></g><g v="masc"></g><g v="sing"></g><g v="nomn"></g></l></v><v><l id="378783" t="швейцарский"><g v="ADJF"></g><g v="inan"></g><g v="masc"></g><g v="sing"></g><g v="accs"></g></l></v></tfr></token><token id="673525" text="федеральный"><tfr rev_id="3282823" t="федеральный"><v><l id="364933" t="федеральный"><g v="ADJF"></g><g v="masc"></g><g v="sing"></g><g v="nomn"></g></l></v></tfr></token><token id="673526" text="технологический"><tfr rev_id="1505618" t="технологический"><v><l id="345965" t="технологический"><g v="ADJF"></g><g v="masc"></g><g v="sing"></g><g v="nomn"></g></l></v><v><l id="345965" t="технологический"><g v="ADJF"></g><g v="inan"></g><g v="masc"></g><g v="sing"></g><g v="accs"></g></l></v></tfr></token><token id="673527" text="институт"><tfr rev_id="3300695" t="институт"><v><l id="122879" t="институт"><g v="NOUN"></g><g v="inan"></g><g v="masc"></g><g v="sing"></g><g v="nomn"></g></l></v></tfr></token><token id="673528" text="в"><tfr rev_id="1505620" t="в"><v><l id="37409" t="в"><g v="PREP"></g></l></v></tfr></token><token id="673529" text="Цюрихе"><tfr rev_id="1505621" t="Цюрихе"><v><l id="374383" t="цюрих"><g v="NOUN"></g><g v="inan"></g><g v="masc"></g><g v="Geox"></g><g v="sing"></g><g v="loct"></g></l></v></tfr></token><token id="673530" text="."><tfr rev_id="1505622" t="."><v><l id="0" t="."><g v="PNCT"></g></l></v></tfr></token></tokens></sentence><sentence id="37775"><source>Отметим, что в целом в топ-200 попали 9 канадских вузов.</source><tokens><token id="673531" text="Отметим"><tfr rev_id="1505623" t="Отметим"><v><l id="215584" t="отметил"><g v="VERB"></g><g v="perf"></g><g v="tran"></g><g v="plur"></g><g v="1per"></g><g v="futr"></g><g v="indc"></g></l></v><v><l id="215584" t="отметил"><g v="VERB"></g><g v="perf"></g><g v="tran"></g><g v="sing"></g><g v="impr"></g><g v="incl"></g></l></v></tfr></token><token id="673532" text=","><tfr rev_id="1505624" t=","><v><l id="0" t=","><g v="PNCT"></g></l></v></tfr></token><token id="673533" text="что"><tfr rev_id="3197526" t="что"><v><l id="377004" t="что"><g v="CONJ"></g></l></v><v><l id="377005" t="что"><g v="NPRO"></g><g v="neut"></g><g v="sing"></g><g v="nomn"></g></l></v><v><l id="377005" t="что"><g v="NPRO"></g><g v="neut"></g><g v="sing"></g><g v="accs"></g></l></v><v><l id="377006" t="что"><g v="ADVB"></g><g v="Ques"></g></l></v><v><l id="388695" t="что"><g v="PRCL"></g></l></v></tfr></token><token id="673534" text="в"><tfr rev_id="1505626" t="в"><v><l id="37409" t="в"><g v="PREP"></g></l></v></tfr></token><token id="673535" text="целом"><tfr rev_id="4234430" t="целом"><v><l id="373197" t="целое"><g v="NOUN"></g><g v="inan"></g><g v="neut"></g><g v="sing"></g><g v="loct"></g></l></v></tfr></token><token id="673536" text="в"><tfr rev_id="1505628" t="в"><v><l id="37409" t="в"><g v="PREP"></g></l></v></tfr></token><token id="673537" text="топ"><tfr rev_id="4384400" t="топ"><v><l id="347792" t="топ"><g v="NOUN"></g><g v="inan"></g><g v="masc"></g><g v="sing"></g><g v="nomn"></g></l></v><v><l id="347792" t="топ"><g v="NOUN"></g><g v="inan"></g><g v="masc"></g><g v="sing"></g><g v="accs"></g></l></v></tfr></token><token id="673538" text="-"><tfr rev_id="1505630" t="-"><v><l id="0" t="-"><g v="PNCT"></g></l></v></tfr></token><token id="673539" text="200"><tfr rev_id="2462534" t="200"><v><l id="0" t="200"><g v="NUMB"></g></l></v></tfr></token><token id="673540" text="попали"><tfr rev_id="1505632" t="попали"><v><l id="258981" t="попалил"><g v="VERB"></g><g v="perf"></g><g v="tran"></g><g v="sing"></g><g v="impr"></g><g v="excl"></g></l></v><v><l id="258987" t="попалил"><g v="VERB"></g><g v="perf"></g><g v="intr"></g><g v="sing"></g><g v="impr"></g><g v="excl"></g></l></v><v><l id="259025" t="попал"><g v="VERB"></g><g v="perf"></g><g v="intr"></g><g v="plur"></g><g v="past"></g><g v="indc"></g></l></v></tfr></token><token id="673541" text="9"><tfr rev_id="2462535" t="9"><v><l id="0" t="9"><g v="NUMB"></g></l></v></tfr></token><token id="673542" text="канадских"><tfr rev_id="4356243" t="канадских"><v><l id="129200" t="канадский"><g v="ADJF"></g><g v="plur"></g><g v="gent"></g></l></v></tfr></token><token id="673543" text="вузов"><tfr rev_id="4318895" t="вузов"><v><l id="55240" t="вуз"><g v="NOUN"></g><g v="inan"></g><g v="masc"></g><g v="Abbr"></g><g v="plur"></g><g v="gent"></g></l></v></tfr></token><token id="673544" text="."><tfr rev_id="1505636" t="."><v><l id="0" t="."><g v="PNCT"></g></l></v></tfr></token></tokens></sentence><sentence id="37776"><source>«Хотя мы публикуем список только 200 ведущих университетов мира, наше приложение для iPhone включает данные о 400 вузах, там МГУ есть»,</source><tokens><token id="673545" text="«"><tfr rev_id="2446304" t="«"><v><l id="0" t="«"><g v="PNCT"></g></l></v></tfr></token><token id="673546" text="Хотя"><tfr rev_id="3888060" t="Хотя"><v><l id="371732" t="хотя"><g v="CONJ"></g></l></v></tfr></token><token id="673547" text="мы"><tfr rev_id="1505639" t="мы"><v><l id="165750" t="мы"><g v="NPRO"></g><g v="1per"></g><g v="plur"></g><g v="nomn"></g></l></v></tfr></token><token id="673548" text="публикуем"><tfr rev_id="2635202" t="публикуем"><v><l id="288830" t="публикую"><g v="VERB"></g><g v="impf"></g><g v="tran"></g><g v="plur"></g><g v="1per"></g><g v="pres"></g><g v="indc"></g></l></v></tfr></token><token id="673549" text="список"><tfr rev_id="1505641" t="список"><v><l id="332279" t="список"><g v="NOUN"></g><g v="inan"></g><g v="masc"></g><g v="sing"></g><g v="nomn"></g></l></v><v><l id="332279" t="список"><g v="NOUN"></g><g v="inan"></g><g v="masc"></g><g v="sing"></g><g v="accs"></g></l></v></tfr></token><token id="673550" text="только"><tfr rev_id="3784167" t="только"><v><l id="347395" t="только"><g v="CONJ"></g></l></v><v><l id="347396" t="только"><g v="PRCL"></g></l></v><v><l id="390053" t="только"><g v="ADVB"></g></l></v></tfr></token><token id="673551" text="200"><tfr rev_id="2462536" t="200"><v><l id="0" t="200"><g v="NUMB"></g></l></v></tfr></token><token id="673552" text="ведущих"><tfr rev_id="1505644" t="ведущих"><v><l id="40370" t="ведущий"><g v="ADJF"></g><g v="Subx"></g><g v="plur"></g><g v="gent"></g></l></v><v><l id="40370" t="ведущий"><g v="ADJF"></g><g v="Subx"></g><g v="anim"></g><g v="plur"></g><g v="accs"></g></l></v><v><l id="40370" t="ведущий"><g v="ADJF"></g><g v="Subx"></g><g v="plur"></g><g v="loct"></g></l></v><v><l id="42112" t="ведущий"><g v="PRTF"></g><g v="Subx"></g><g v="impf"></g><g v="tran"></g><g v="pres"></g><g v="actv"></g><g v="plur"></g><g v="gent"></g></l></v><v><l id="42112" t="ведущий"><g v="PRTF"></g><g v="Subx"></g><g v="impf"></g><g v="tran"></g><g v="pres"></g><g v="actv"></g><g v="anim"></g><g v="plur"></g><g v="accs"></g></l></v><v><l id="42112" t="ведущий"><g v="PRTF"></g><g v="Subx"></g><g v="impf"></g><g v="tran"></g><g v="pres"></g><g v="actv"></g><g v="plur"></g><g v="loct"></g></l></v></tfr></token><token id="673553" text="университетов"><tfr rev_id="1505645" t="университетов"><v><l id="358281" t="университет"><g v="NOUN"></g><g v="inan"></g><g v="masc"></g><g v="plur"></g><g v="gent"></g></l></v></tfr></token><token id="673554" text="мира"><tfr rev_id="3723559" t="мира"><v><l id="160807" t="мир"><g v="NOUN"></g><g v="inan"></g><g v="masc"></g><g v="sing"></g><g v="gen1"></g></l></v></tfr></token><token id="673555" text=","><tfr rev_id="1505647" t=","><v><l id="0" t=","><g v="PNCT"></g></l></v></tfr></token><token id="673556" text="наше"><tfr rev_id="3667540" t="наше"><v><l id="178492" t="наш"><g v="ADJF"></g><g v="Apro"></g><g v="neut"></g><g v="sing"></g><g v="nomn"></g></l></v></tfr></token><token id="673557" text="приложение"><tfr rev_id="4095649" t="приложение"><v><l id="271683" t="приложение"><g v="NOUN"></g><g v="inan"></g><g v="neut"></g><g v="sing"></g><g v="nomn"></g></l></v></tfr></token><token id="673558" text="для"><tfr rev_id="2948628" t="для"><v><l id="85032" t="для"><g v="PREP"></g></l></v></tfr></token><token id="673559" text="iPhone"><tfr rev_id="2475213" t="iPhone"><v><l id="0" t="iPhone"><g v="LATN"></g></l></v></tfr></token><token id="673560" text="включает"><tfr rev_id="1505652" t="включает"><v><l id="46194" t="включаю"><g v="VERB"></g><g v="impf"></g><g v="tran"></g><g v="sing"></g><g v="3per"></g><g v="pres"></g><g v="indc"></g></l></v></tfr></token><token id="673561" text="данные"><tfr rev_id="4535601" t="данные"><v><l id="78302" t="данные"><g v="NOUN"></g><g v="inan"></g><g v="GNdr"></g><g v="Pltm"></g><g v="plur"></g><g v="nomn"></g></l></v><v><l id="78302" t="данные"><g v="NOUN"></g><g v="inan"></g><g v="GNdr"></g><g v="Pltm"></g><g v="plur"></g><g v="accs"></g></l></v></tfr></token><token id="673562" text="о"><tfr rev_id="3326146" t="о"><v><l id="192977" t="о"><g v="PREP"></g></l></v></tfr></token><token id="673563" text="400"><tfr rev_id="2462537" t="400"><v><l id="0" t="400"><g v="NUMB"></g></l></v></tfr></token><token id="673564" text="вузах"><tfr rev_id="4318936" t="вузах"><v><l id="55240" t="вуз"><g v="NOUN"></g><g v="inan"></g><g v="masc"></g><g v="Abbr"></g><g v="plur"></g><g v="loct"></g></l></v></tfr></token><token id="673565" text=","><tfr rev_id="1505657" t=","><v><l id="0" t=","><g v="PNCT"></g></l></v></tfr></token><token id="673566" text="там"><tfr rev_id="1505658" t="там"><v><l id="342752" t="там"><g v="PRCL"></g></l></v><v><l id="342753" t="там"><g v="ADVB"></g><g v="Dmns"></g></l></v></tfr></token><token id="673567" text="МГУ"><tfr rev_id="3691801" t="МГУ"><v><l id="156869" t="мгу"><g v="NOUN"></g><g v="inan"></g><g v="masc"></g><g v="Sgtm"></g><g v="Fixd"></g><g v="Abbr"></g><g v="Orgn"></g><g v="sing"></g><g v="nomn"></g></l></v></tfr></token><token id="673568" text="есть"><tfr rev_id="4386891" t="есть"><v><l id="37265" t="есть"><g v="VERB"></g><g v="impf"></g><g v="intr"></g><g v="sing"></g><g v="3per"></g><g v="pres"></g><g v="indc"></g></l></v><v><l id="37265" t="есть"><g v="VERB"></g><g v="impf"></g><g v="intr"></g><g v="plur"></g><g v="3per"></g><g v="pres"></g><g v="indc"></g></l></v></tfr></token><token id="673569" text="»"><tfr rev_id="2446305" t="»"><v><l id="0" t="»"><g v="PNCT"></g></l></v></tfr></token><token id="673570" text=","><tfr rev_id="1505662" t=","><v><l id="0" t=","><g v="PNCT"></g></l></v></tfr></token></tokens></sentence><sentence id="37777"><source>— успокоил россиян редактор рейтинга.</source><tokens><token id="673571" text="—"><tfr rev_id="2446306" t="—"><v><l id="0" t="—"><g v="PNCT"></g></l></v></tfr></token><token id="673572" text="успокоил"><tfr rev_id="1505664" t="успокоил"><v><l id="360869" t="успокоил"><g v="VERB"></g><g v="perf"></g><g v="tran"></g><g v="masc"></g><g v="sing"></g><g v="past"></g><g v="indc"></g></l></v></tfr></token><token id="673573" text="россиян"><tfr rev_id="3547215" t="россиян"><v><l id="309323" t="россиянин"><g v="NOUN"></g><g v="anim"></g><g v="masc"></g><g v="plur"></g><g v="accs"></g></l></v></tfr></token><token id="673574" text="редактор"><tfr rev_id="1505666" t="редактор"><v><l id="304972" t="редактор"><g v="NOUN"></g><g v="anim"></g><g v="masc"></g><g v="sing"></g><g v="nomn"></g></l></v></tfr></token><token id="673575" text="рейтинга"><tfr rev_id="1505667" t="рейтинга"><v><l id="305607" t="рейтинг"><g v="NOUN"></g><g v="inan"></g><g v="masc"></g><g v="sing"></g><g v="gent"></g></l></v></tfr></token><token id="673576" text="."><tfr rev_id="1505668" t="."><v><l id="0" t="."><g v="PNCT"></g></l></v></tfr></token></tokens></sentence></paragraph><paragraph id="12119"><sentence id="37778"><source>Напомним, составляемый последние 6 лет рейтинг Times Higher Education формируется на основе исследований агентства Thomson Reuters.</source><tokens><token id="673577" text="Напомним"><tfr rev_id="1505669" t="Напомним"><v><l id="173892" t="напомнил"><g v="VERB"></g><g v="perf"></g><g v="tran"></g><g v="plur"></g><g v="1per"></g><g v="futr"></g><g v="indc"></g></l></v><v><l id="173892" t="напомнил"><g v="VERB"></g><g v="perf"></g><g v="tran"></g><g v="sing"></g><g v="impr"></g><g v="incl"></g></l></v></tfr></token><token id="673578" text=","><tfr rev_id="1505670" t=","><v><l id="0" t=","><g v="PNCT"></g></l></v></tfr></token><token id="673579" text="составляемый"><tfr rev_id="1505671" t="составляемый"><v><l id="330498" t="составляемый"><g v="PRTF"></g><g v="impf"></g><g v="tran"></g><g v="pres"></g><g v="pssv"></g><g v="masc"></g><g v="sing"></g><g v="nomn"></g></l></v><v><l id="330498" t="составляемый"><g v="PRTF"></g><g v="impf"></g><g v="tran"></g><g v="pres"></g><g v="pssv"></g><g v="inan"></g><g v="masc"></g><g v="sing"></g><g v="accs"></g></l></v></tfr></token><token id="673580" text="последние"><tfr rev_id="3746142" t="последние"><v><l id="261565" t="последний"><g v="ADJF"></g><g v="inan"></g><g v="plur"></g><g v="accs"></g></l></v></tfr></token><token id="673581" text="6"><tfr rev_id="2462538" t="6"><v><l id="0" t="6"><g v="NUMB"></g></l></v></tfr></token><token id="673582" text="лет"><tfr rev_id="3473733" t="лет"><v><l id="72149" t="год"><g v="NOUN"></g><g v="inan"></g><g v="masc"></g><g v="plur"></g><g v="gent"></g></l></v></tfr></token><token id="673583" text="рейтинг"><tfr rev_id="3708037" t="рейтинг"><v><l id="305607" t="рейтинг"><g v="NOUN"></g><g v="inan"></g><g v="masc"></g><g v="sing"></g><g v="nomn"></g></l></v></tfr></token><token id="673584" text="Times"><tfr rev_id="2475214" t="Times"><v><l id="0" t="Times"><g v="LATN"></g></l></v></tfr></token><token id="673585" text="Higher"><tfr rev_id="2475215" t="Higher"><v><l id="0" t="Higher"><g v="LATN"></g></l></v></tfr></token><token id="673586" text="Education"><tfr rev_id="2475216" t="Education"><v><l id="0" t="Education"><g v="LATN"></g></l></v></tfr></token><token id="673587" text="формируется"><tfr rev_id="1505679" t="формируется"><v><l id="367185" t="формируюсь"><g v="VERB"></g><g v="impf"></g><g v="intr"></g><g v="sing"></g><g v="3per"></g><g v="pres"></g><g v="indc"></g></l></v></tfr></token><token id="673588" text="на"><tfr rev_id="3336817" t="на"><v><l id="166264" t="на"><g v="PREP"></g></l></v></tfr></token><token id="673589" text="основе"><tfr rev_id="3554998" t="основе"><v><l id="210574" t="основа"><g v="NOUN"></g><g v="inan"></g><g v="femn"></g><g v="sing"></g><g v="loct"></g></l></v></tfr></token><token id="673590" text="исследований"><tfr rev_id="1505682" t="исследований"><v><l id="125799" t="исследование"><g v="NOUN"></g><g v="inan"></g><g v="neut"></g><g v="plur"></g><g v="gent"></g></l></v></tfr></token><token id="673591" text="агентства"><tfr rev_id="3446199" t="агентства"><v><l id="3934" t="агентство"><g v="NOUN"></g><g v="inan"></g><g v="neut"></g><g v="sing"></g><g v="gent"></g></l></v></tfr></token><token id="673592" text="Thomson"><tfr rev_id="2475217" t="Thomson"><v><l id="0" t="Thomson"><g v="LATN"></g></l></v></tfr></token><token id="673593" text="Reuters"><tfr rev_id="2475218" t="Reuters"><v><l id="0" t="Reuters"><g v="LATN"></g></l></v></tfr></token><token id="673594" text="."><tfr rev_id="1505686" t="."><v><l id="0" t="."><g v="PNCT"></g></l></v></tfr></token></tokens></sentence><sentence id="37779"><source>Эксперты оценивают вузы по 13 показателям, включая цитируемость, по которой определяется влиятельность исследовательской работы, объём научно-исследовательской деятельности, оценка преподавания, условия обучения, долю иностранных студентов и сотрудников вуза, доход от исследований по заказу коммерческих компаний.</source><tokens><token id="673595" text="Эксперты"><tfr rev_id="1505687" t="Эксперты"><v><l id="383582" t="эксперт"><g v="NOUN"></g><g v="anim"></g><g v="masc"></g><g v="plur"></g><g v="nomn"></g></l></v></tfr></token><token id="673596" text="оценивают"><tfr rev_id="1505688" t="оценивают"><v><l id="221478" t="оцениваю"><g v="VERB"></g><g v="impf"></g><g v="tran"></g><g v="plur"></g><g v="3per"></g><g v="pres"></g><g v="indc"></g></l></v></tfr></token><token id="673597" text="вузы"><tfr rev_id="4318875" t="вузы"><v><l id="55240" t="вуз"><g v="NOUN"></g><g v="inan"></g><g v="masc"></g><g v="Abbr"></g><g v="plur"></g><g v="accs"></g></l></v></tfr></token><token id="673598" text="по"><tfr rev_id="1505690" t="по"><v><l id="241240" t="по"><g v="PREP"></g></l></v></tfr></token><token id="673599" text="13"><tfr rev_id="2462539" t="13"><v><l id="0" t="13"><g v="NUMB"></g></l></v></tfr></token><token id="673600" text="показателям"><tfr rev_id="1505692" t="показателям"><v><l id="253977" t="показатель"><g v="NOUN"></g><g v="inan"></g><g v="masc"></g><g v="plur"></g><g v="datv"></g></l></v></tfr></token><token id="673601" text=","><tfr rev_id="1505693" t=","><v><l id="0" t=","><g v="PNCT"></g></l></v></tfr></token><token id="673602" text="включая"><tfr rev_id="3418225" t="включая"><v><l id="46206" t="включая"><g v="PREP"></g></l></v></tfr></token><token id="673603" text="цитируемость"><tfr rev_id="4540355" t="цитируемость"><v><l id="392136" t="цитируемость"><g v="NOUN"></g><g v="inan"></g><g v="femn"></g><g v="sing"></g><g v="accs"></g></l></v><v><l id="392136" t="цитируемость"><g v="NOUN"></g><g v="inan"></g><g v="femn"></g><g v="sing"></g><g v="nomn"></g></l></v></tfr></token><token id="673604" text=","><tfr rev_id="1505696" t=","><v><l id="0" t=","><g v="PNCT"></g></l></v></tfr></token><token id="673605" text="по"><tfr rev_id="1505697" t="по"><v><l id="241240" t="по"><g v="PREP"></g></l></v></tfr></token><token id="673606" text="которой"><tfr rev_id="4076549" t="которой"><v><l id="141203" t="который"><g v="ADJF"></g><g v="Apro"></g><g v="Subx"></g><g v="Anph"></g><g v="femn"></g><g v="sing"></g><g v="datv"></g></l></v></tfr></token><token id="673607" text="определяется"><tfr rev_id="1505699" t="определяется"><v><l id="208019" t="определяюсь"><g v="VERB"></g><g v="impf"></g><g v="intr"></g><g v="sing"></g><g v="3per"></g><g v="pres"></g><g v="indc"></g></l></v></tfr></token><token id="673608" text="влиятельность"><tfr rev_id="3544076" t="влиятельность"><v><l id="46952" t="влиятельность"><g v="NOUN"></g><g v="inan"></g><g v="femn"></g><g v="sing"></g><g v="nomn"></g></l></v></tfr></token><token id="673609" text="исследовательской"><tfr rev_id="4343336" t="исследовательской"><v><l id="125803" t="исследовательский"><g v="ADJF"></g><g v="femn"></g><g v="sing"></g><g v="gent"></g></l></v></tfr></token><token id="673610" text="работы"><tfr rev_id="3490774" t="работы"><v><l id="290501" t="работа"><g v="NOUN"></g><g v="inan"></g><g v="femn"></g><g v="sing"></g><g v="gent"></g></l></v></tfr></token><token id="673611" text=","><tfr rev_id="1505703" t=","><v><l id="0" t=","><g v="PNCT"></g></l></v></tfr></token><token id="673612" text="объём"><tfr rev_id="1714875" t="объём"><v><l id="201701" t="объём"><g v="NOUN"></g><g v="inan"></g><g v="masc"></g><g v="sing"></g><g v="nomn"></g></l></v><v><l id="201701" t="объём"><g v="NOUN"></g><g v="inan"></g><g v="masc"></g><g v="sing"></g><g v="accs"></g></l></v></tfr></token><token id="673613" text="научно-исследовательской"><tfr rev_id="4417705" t="научно-исследовательской"><v><l id="177533" t="научно-исследовательский"><g v="ADJF"></g><g v="femn"></g><g v="sing"></g><g v="gent"></g></l></v></tfr></token><token id="673614" text="деятельности"><tfr rev_id="3545520" t="деятельности"><v><l id="82512" t="деятельность"><g v="NOUN"></g><g v="inan"></g><g v="femn"></g><g v="sing"></g><g v="gent"></g></l></v></tfr></token><token id="673615" text=","><tfr rev_id="1505707" t=","><v><l id="0" t=","><g v="PNCT"></g></l></v></tfr></token><token id="673616" text="оценка"><tfr rev_id="1505708" t="оценка"><v><l id="221498" t="оценка"><g v="NOUN"></g><g v="inan"></g><g v="femn"></g><g v="sing"></g><g v="nomn"></g></l></v></tfr></token><token id="673617" text="преподавания"><tfr rev_id="3433272" t="преподавания"><v><l id="267947" t="преподавание"><g v="NOUN"></g><g v="inan"></g><g v="neut"></g><g v="sing"></g><g v="gent"></g></l></v></tfr></token><token id="673618" text=","><tfr rev_id="1505710" t=","><v><l id="0" t=","><g v="PNCT"></g></l></v></tfr></token><token id="673619" text="условия"><tfr rev_id="3486946" t="условия"><v><l id="360556" t="условие"><g v="NOUN"></g><g v="inan"></g><g v="neut"></g><g v="plur"></g><g v="nomn"></g></l></v><v><l id="360556" t="условие"><g v="NOUN"></g><g v="inan"></g><g v="neut"></g><g v="plur"></g><g v="accs"></g></l></v></tfr></token><token id="673620" text="обучения"><tfr rev_id="3432597" t="обучения"><v><l id="200862" t="обучение"><g v="NOUN"></g><g v="inan"></g><g v="neut"></g><g v="sing"></g><g v="gent"></g></l></v></tfr></token><token id="673621" text=","><tfr rev_id="1505713" t=","><v><l id="0" t=","><g v="PNCT"></g></l></v></tfr></token><token id="673622" text="долю"><tfr rev_id="1505714" t="долю"><v><l id="88151" t="доля"><g v="NOUN"></g><g v="inan"></g><g v="femn"></g><g v="sing"></g><g v="accs"></g></l></v></tfr></token><token id="673623" text="иностранных"><tfr rev_id="4409120" t="иностранных"><v><l id="122754" t="иностранный"><g v="ADJF"></g><g v="plur"></g><g v="gent"></g></l></v></tfr></token><token id="673624" text="студентов"><tfr rev_id="4096584" t="студентов"><v><l id="338210" t="студент"><g v="NOUN"></g><g v="anim"></g><g v="masc"></g><g v="plur"></g><g v="gent"></g></l></v></tfr></token><token id="673625" text="и"><tfr rev_id="1505717" t="и"><v><l id="116949" t="и"><g v="CONJ"></g></l></v><v><l id="116950" t="и"><g v="INTJ"></g></l></v></tfr></token><token id="673626" text="сотрудников"><tfr rev_id="3465011" t="сотрудников"><v><l id="330867" t="сотрудник"><g v="NOUN"></g><g v="anim"></g><g v="masc"></g><g v="plur"></g><g v="gent"></g></l></v></tfr></token><token id="673627" text="вуза"><tfr rev_id="4318838" t="вуза"><v><l id="55240" t="вуз"><g v="NOUN"></g><g v="inan"></g><g v="masc"></g><g v="Abbr"></g><g v="sing"></g><g v="gent"></g></l></v></tfr></token><token id="673628" text=","><tfr rev_id="1505720" t=","><v><l id="0" t=","><g v="PNCT"></g></l></v></tfr></token><token id="673629" text="доход"><tfr rev_id="1505721" t="доход"><v><l id="91228" t="доход"><g v="NOUN"></g><g v="inan"></g><g v="masc"></g><g v="sing"></g><g v="nomn"></g></l></v><v><l id="91228" t="доход"><g v="NOUN"></g><g v="inan"></g><g v="masc"></g><g v="sing"></g><g v="accs"></g></l></v></tfr></token><token id="673630" text="от"><tfr rev_id="1505722" t="от"><v><l id="211644" t="от"><g v="PREP"></g></l></v></tfr></token><token id="673631" text="исследований"><tfr rev_id="1505723" t="исследований"><v><l id="125799" t="исследование"><g v="NOUN"></g><g v="inan"></g><g v="neut"></g><g v="plur"></g><g v="gent"></g></l></v></tfr></token><token id="673632" text="по"><tfr rev_id="1505724" t="по"><v><l id="241240" t="по"><g v="PREP"></g></l></v></tfr></token><token id="673633" text="заказу"><tfr rev_id="1505725" t="заказу"><v><l id="102882" t="заказ"><g v="NOUN"></g><g v="inan"></g><g v="masc"></g><g v="sing"></g><g v="datv"></g></l></v></tfr></token><token id="673634" text="коммерческих"><tfr rev_id="4420572" t="коммерческих"><v><l id="137021" t="коммерческий"><g v="ADJF"></g><g v="plur"></g><g v="gent"></g></l></v></tfr></token><token id="673635" text="компаний"><tfr rev_id="1505727" t="компаний"><v><l id="137146" t="компания"><g v="NOUN"></g><g v="inan"></g><g v="femn"></g><g v="plur"></g><g v="gent"></g></l></v></tfr></token><token id="673636" text="."><tfr rev_id="1505728" t="."><v><l id="0" t="."><g v="PNCT"></g></l></v></tfr></token></tokens></sentence></paragraph></paragraphs></text>