<?xml version="1.0" encoding="utf-8"?><text id="1336" parent="56" name="Пофессор Хокинг в невесомости"><tags><tag>Автор:http://ru.wikinews.org/wiki/Участник:Ygrek</tag><tag>url:http://ru.wikinews.org/w/index.php?title=Пофессор_Хокинг_в_невесомости&amp;oldid=56075</tag><tag>Дата:01/03</tag><tag>Год:2007</tag><tag>Тема:ВикиКатегория:Космонавтика</tag><tag>Тема:ВикиКатегория:Наука и технологии</tag><tag>Тема:ВикиКатегория:Стивен Хокинг</tag><tag>Гео:ВикиКатегория:США</tag></tags><paragraphs><paragraph id="12256"><sentence id="38262"><source>Корпорация Zero Gravity Corporation (ZERO-G®) объявила сегодня, что всемирно известный физик, эксперт по гравитации профессор Стивен Хокинг 26 апреля совершит полёт на самолёте, чтобы испытать состояние невесомости.</source><tokens><token id="682273" text="Корпорация"><tfr rev_id="1514337" t="Корпорация"><v><l id="140149" t="корпорация"><g v="NOUN"></g><g v="inan"></g><g v="femn"></g><g v="sing"></g><g v="nomn"></g></l></v></tfr></token><token id="682274" text="Zero"><tfr rev_id="2475345" t="Zero"><v><l id="0" t="Zero"><g v="LATN"></g></l></v></tfr></token><token id="682275" text="Gravity"><tfr rev_id="2475346" t="Gravity"><v><l id="0" t="Gravity"><g v="LATN"></g></l></v></tfr></token><token id="682276" text="Corporation"><tfr rev_id="2475347" t="Corporation"><v><l id="0" t="Corporation"><g v="LATN"></g></l></v></tfr></token><token id="682277" text="("><tfr rev_id="1514341" t="("><v><l id="0" t="("><g v="PNCT"></g></l></v></tfr></token><token id="682278" text="ZERO-G®"><tfr rev_id="1514342" t="ZERO-G®"><v><l id="0" t="ZERO-G®"><g v="UNKN"></g></l></v></tfr></token><token id="682279" text=")"><tfr rev_id="1514343" t=")"><v><l id="0" t=")"><g v="PNCT"></g></l></v></tfr></token><token id="682280" text="объявила"><tfr rev_id="1514344" t="объявила"><v><l id="201891" t="объявил"><g v="VERB"></g><g v="perf"></g><g v="tran"></g><g v="femn"></g><g v="sing"></g><g v="past"></g><g v="indc"></g></l></v></tfr></token><token id="682281" text="сегодня"><tfr rev_id="1514345" t="сегодня"><v><l id="317730" t="сегодня"><g v="ADVB"></g></l></v></tfr></token><token id="682282" text=","><tfr rev_id="1514346" t=","><v><l id="0" t=","><g v="PNCT"></g></l></v></tfr></token><token id="682283" text="что"><tfr rev_id="3197621" t="что"><v><l id="377004" t="что"><g v="CONJ"></g></l></v><v><l id="377005" t="что"><g v="NPRO"></g><g v="neut"></g><g v="sing"></g><g v="nomn"></g></l></v><v><l id="377005" t="что"><g v="NPRO"></g><g v="neut"></g><g v="sing"></g><g v="accs"></g></l></v><v><l id="377006" t="что"><g v="ADVB"></g><g v="Ques"></g></l></v><v><l id="388695" t="что"><g v="PRCL"></g></l></v></tfr></token><token id="682284" text="всемирно"><tfr rev_id="1514348" t="всемирно"><v><l id="53443" t="всемирно"><g v="ADVB"></g></l></v><v><l id="53445" t="всемирен"><g v="ADJS"></g><g v="Qual"></g><g v="neut"></g><g v="sing"></g></l></v></tfr></token><token id="682285" text="известный"><tfr rev_id="1514349" t="известный"><v><l id="118144" t="известный"><g v="ADJF"></g><g v="Qual"></g><g v="masc"></g><g v="sing"></g><g v="nomn"></g></l></v><v><l id="118144" t="известный"><g v="ADJF"></g><g v="Qual"></g><g v="inan"></g><g v="masc"></g><g v="sing"></g><g v="accs"></g></l></v></tfr></token><token id="682286" text="физик"><tfr rev_id="3444430" t="физик"><v><l id="365703" t="физик"><g v="NOUN"></g><g v="anim"></g><g v="masc"></g><g v="sing"></g><g v="nomn"></g></l></v></tfr></token><token id="682287" text=","><tfr rev_id="1514351" t=","><v><l id="0" t=","><g v="PNCT"></g></l></v></tfr></token><token id="682288" text="эксперт"><tfr rev_id="1514352" t="эксперт"><v><l id="383582" t="эксперт"><g v="NOUN"></g><g v="anim"></g><g v="masc"></g><g v="sing"></g><g v="nomn"></g></l></v></tfr></token><token id="682289" text="по"><tfr rev_id="1514353" t="по"><v><l id="241240" t="по"><g v="PREP"></g></l></v></tfr></token><token id="682290" text="гравитации"><tfr rev_id="4313917" t="гравитации"><v><l id="74435" t="гравитация"><g v="NOUN"></g><g v="inan"></g><g v="femn"></g><g v="sing"></g><g v="datv"></g></l></v></tfr></token><token id="682291" text="профессор"><tfr rev_id="1514355" t="профессор"><v><l id="286926" t="профессор"><g v="NOUN"></g><g v="anim"></g><g v="masc"></g><g v="sing"></g><g v="nomn"></g></l></v></tfr></token><token id="682292" text="Стивен"><tfr rev_id="1514356" t="Стивен"><v><l id="336118" t="стивен"><g v="NOUN"></g><g v="anim"></g><g v="masc"></g><g v="Name"></g><g v="sing"></g><g v="nomn"></g></l></v></tfr></token><token id="682293" text="Хокинг"><tfr rev_id="3797382" t="Хокинг"><v><l id="389979" t="хокинг"><g v="NOUN"></g><g v="anim"></g><g v="masc"></g><g v="Sgtm"></g><g v="Surn"></g><g v="sing"></g><g v="nomn"></g></l></v></tfr></token><token id="682294" text="26"><tfr rev_id="2462679" t="26"><v><l id="0" t="26"><g v="NUMB"></g></l></v></tfr></token><token id="682295" text="апреля"><tfr rev_id="1514359" t="апреля"><v><l id="15509" t="апрель"><g v="NOUN"></g><g v="inan"></g><g v="masc"></g><g v="sing"></g><g v="gent"></g></l></v></tfr></token><token id="682296" text="совершит"><tfr rev_id="1514360" t="совершит"><v><l id="327924" t="совершил"><g v="VERB"></g><g v="perf"></g><g v="tran"></g><g v="sing"></g><g v="3per"></g><g v="futr"></g><g v="indc"></g></l></v></tfr></token><token id="682297" text="полёт"><tfr rev_id="3816974" t="полёт"><v><l id="255108" t="полёт"><g v="NOUN"></g><g v="inan"></g><g v="masc"></g><g v="sing"></g><g v="accs"></g></l></v></tfr></token><token id="682298" text="на"><tfr rev_id="3396065" t="на"><v><l id="166264" t="на"><g v="PREP"></g></l></v></tfr></token><token id="682299" text="самолёте"><tfr rev_id="1514363" t="самолёте"><v><l id="312513" t="самолёт"><g v="NOUN"></g><g v="inan"></g><g v="masc"></g><g v="sing"></g><g v="loct"></g></l></v></tfr></token><token id="682300" text=","><tfr rev_id="1514364" t=","><v><l id="0" t=","><g v="PNCT"></g></l></v></tfr></token><token id="682301" text="чтобы"><tfr rev_id="1514365" t="чтобы"><v><l id="377013" t="чтобы"><g v="CONJ"></g></l></v><v><l id="377014" t="чтобы"><g v="PRCL"></g></l></v></tfr></token><token id="682302" text="испытать"><tfr rev_id="1514366" t="испытать"><v><l id="125669" t="испытать"><g v="INFN"></g><g v="perf"></g><g v="tran"></g></l></v></tfr></token><token id="682303" text="состояние"><tfr rev_id="3269582" t="состояние"><v><l id="330557" t="состояние"><g v="NOUN"></g><g v="inan"></g><g v="neut"></g><g v="sing"></g><g v="accs"></g></l></v></tfr></token><token id="682304" text="невесомости"><tfr rev_id="3764833" t="невесомости"><v><l id="179695" t="невесомость"><g v="NOUN"></g><g v="inan"></g><g v="femn"></g><g v="sing"></g><g v="gent"></g></l></v></tfr></token><token id="682305" text="."><tfr rev_id="1514369" t="."><v><l id="0" t="."><g v="PNCT"></g></l></v></tfr></token></tokens></sentence><sentence id="38263"><source>Самолёт должен будет взлететь с посадочной полосы, предназначенной для американских космических кораблей многоразового использования, в космическом центре имени Кеннеди во Флориде.</source><tokens><token id="682306" text="Самолёт"><tfr rev_id="4103858" t="Самолёт"><v><l id="312513" t="самолёт"><g v="NOUN"></g><g v="inan"></g><g v="masc"></g><g v="sing"></g><g v="nomn"></g></l></v></tfr></token><token id="682307" text="должен"><tfr rev_id="2558803" t="должен"><v><l id="87975" t="должен"><g v="ADJS"></g><g v="masc"></g><g v="sing"></g></l></v></tfr></token><token id="682308" text="будет"><tfr rev_id="1514372" t="будет"><v><l id="37265" t="есть"><g v="VERB"></g><g v="impf"></g><g v="intr"></g><g v="sing"></g><g v="3per"></g><g v="futr"></g><g v="indc"></g></l></v></tfr></token><token id="682309" text="взлететь"><tfr rev_id="1514373" t="взлететь"><v><l id="43694" t="взлететь"><g v="INFN"></g><g v="perf"></g><g v="intr"></g></l></v></tfr></token><token id="682310" text="с"><tfr rev_id="1514374" t="с"><v><l id="311151" t="с"><g v="PREP"></g></l></v></tfr></token><token id="682311" text="посадочной"><tfr rev_id="2369591" t="посадочной"><v><l id="261008" t="посадочный"><g v="ADJF"></g><g v="Qual"></g><g v="femn"></g><g v="sing"></g><g v="gent"></g></l></v></tfr></token><token id="682312" text="полосы"><tfr rev_id="3482509" t="полосы"><v><l id="256398" t="полоса"><g v="NOUN"></g><g v="inan"></g><g v="femn"></g><g v="sing"></g><g v="gent"></g></l></v></tfr></token><token id="682313" text=","><tfr rev_id="1514377" t=","><v><l id="0" t=","><g v="PNCT"></g></l></v></tfr></token><token id="682314" text="предназначенной"><tfr rev_id="4342094" t="предназначенной"><v><l id="266586" t="предназначенный"><g v="PRTF"></g><g v="perf"></g><g v="tran"></g><g v="past"></g><g v="pssv"></g><g v="Adjx"></g><g v="femn"></g><g v="sing"></g><g v="gent"></g></l></v></tfr></token><token id="682315" text="для"><tfr rev_id="3445474" t="для"><v><l id="85032" t="для"><g v="PREP"></g></l></v></tfr></token><token id="682316" text="американских"><tfr rev_id="4356140" t="американских"><v><l id="11429" t="американский"><g v="ADJF"></g><g v="plur"></g><g v="gent"></g></l></v></tfr></token><token id="682317" text="космических"><tfr rev_id="3709413" t="космических"><v><l id="140606" t="космический"><g v="ADJF"></g><g v="plur"></g><g v="gent"></g></l></v></tfr></token><token id="682318" text="кораблей"><tfr rev_id="1514382" t="кораблей"><v><l id="139490" t="корабль"><g v="NOUN"></g><g v="inan"></g><g v="masc"></g><g v="plur"></g><g v="gent"></g></l></v></tfr></token><token id="682319" text="многоразового"><tfr rev_id="3449139" t="многоразового"><v><l id="161850" t="многоразовый"><g v="ADJF"></g><g v="neut"></g><g v="sing"></g><g v="gent"></g></l></v></tfr></token><token id="682320" text="использования"><tfr rev_id="3498582" t="использования"><v><l id="125417" t="использование"><g v="NOUN"></g><g v="inan"></g><g v="neut"></g><g v="sing"></g><g v="gent"></g></l></v></tfr></token><token id="682321" text=","><tfr rev_id="1514385" t=","><v><l id="0" t=","><g v="PNCT"></g></l></v></tfr></token><token id="682322" text="в"><tfr rev_id="1514386" t="в"><v><l id="37409" t="в"><g v="PREP"></g></l></v></tfr></token><token id="682323" text="космическом"><tfr rev_id="3454029" t="космическом"><v><l id="140606" t="космический"><g v="ADJF"></g><g v="masc"></g><g v="sing"></g><g v="loct"></g></l></v></tfr></token><token id="682324" text="центре"><tfr rev_id="1514388" t="центре"><v><l id="373369" t="центр"><g v="NOUN"></g><g v="inan"></g><g v="masc"></g><g v="sing"></g><g v="loct"></g></l></v></tfr></token><token id="682325" text="имени"><tfr rev_id="2934909" t="имени"><v><l id="121947" t="имя"><g v="NOUN"></g><g v="inan"></g><g v="neut"></g><g v="sing"></g><g v="gent"></g></l></v></tfr></token><token id="682326" text="Кеннеди"><tfr rev_id="4327087" t="Кеннеди"><v><l id="132431" t="кеннеди"><g v="NOUN"></g><g v="anim"></g><g v="ms-f"></g><g v="Fixd"></g><g v="Surn"></g><g v="sing"></g><g v="gent"></g></l></v></tfr></token><token id="682327" text="во"><tfr rev_id="2920315" t="во"><v><l id="37409" t="в"><g v="PREP"></g><g v="Vpre"></g></l></v></tfr></token><token id="682328" text="Флориде"><tfr rev_id="4494734" t="Флориде"><v><l id="366619" t="флорида"><g v="NOUN"></g><g v="inan"></g><g v="femn"></g><g v="Sgtm"></g><g v="Geox"></g><g v="sing"></g><g v="loct"></g></l></v></tfr></token><token id="682329" text="."><tfr rev_id="1514393" t="."><v><l id="0" t="."><g v="PNCT"></g></l></v></tfr></token></tokens></sentence></paragraph><paragraph id="12257"><sentence id="38264"><source>Профессор Хокинг, автор книг «Краткая история времени» и «Чёрные дыры и молодые Вселенные», в которых он анализирует фундаментальные законы, историю и будущее Вселенной.</source><tokens><token id="682330" text="Профессор"><tfr rev_id="1514394" t="Профессор"><v><l id="286926" t="профессор"><g v="NOUN"></g><g v="anim"></g><g v="masc"></g><g v="sing"></g><g v="nomn"></g></l></v></tfr></token><token id="682331" text="Хокинг"><tfr rev_id="3797383" t="Хокинг"><v><l id="389979" t="хокинг"><g v="NOUN"></g><g v="anim"></g><g v="masc"></g><g v="Sgtm"></g><g v="Surn"></g><g v="sing"></g><g v="nomn"></g></l></v></tfr></token><token id="682332" text=","><tfr rev_id="1514396" t=","><v><l id="0" t=","><g v="PNCT"></g></l></v></tfr></token><token id="682333" text="автор"><tfr rev_id="1514397" t="автор"><v><l id="3371" t="автор"><g v="NOUN"></g><g v="anim"></g><g v="masc"></g><g v="sing"></g><g v="nomn"></g></l></v></tfr></token><token id="682334" text="книг"><tfr rev_id="1514398" t="книг"><v><l id="134823" t="книга"><g v="NOUN"></g><g v="inan"></g><g v="femn"></g><g v="plur"></g><g v="gent"></g></l></v></tfr></token><token id="682335" text="«"><tfr rev_id="2446634" t="«"><v><l id="0" t="«"><g v="PNCT"></g></l></v></tfr></token><token id="682336" text="Краткая"><tfr rev_id="1514400" t="Краткая"><v><l id="142067" t="краткий"><g v="ADJF"></g><g v="Qual"></g><g v="femn"></g><g v="sing"></g><g v="nomn"></g></l></v></tfr></token><token id="682337" text="история"><tfr rev_id="1514401" t="история"><v><l id="126437" t="история"><g v="NOUN"></g><g v="inan"></g><g v="femn"></g><g v="sing"></g><g v="nomn"></g></l></v></tfr></token><token id="682338" text="времени"><tfr rev_id="3545532" t="времени"><v><l id="53149" t="время"><g v="NOUN"></g><g v="inan"></g><g v="neut"></g><g v="sing"></g><g v="gent"></g></l></v></tfr></token><token id="682339" text="»"><tfr rev_id="2446635" t="»"><v><l id="0" t="»"><g v="PNCT"></g></l></v></tfr></token><token id="682340" text="и"><tfr rev_id="1514404" t="и"><v><l id="116949" t="и"><g v="CONJ"></g></l></v><v><l id="116950" t="и"><g v="INTJ"></g></l></v></tfr></token><token id="682341" text="«"><tfr rev_id="2446636" t="«"><v><l id="0" t="«"><g v="PNCT"></g></l></v></tfr></token><token id="682342" text="Чёрные"><tfr rev_id="4467938" t="Чёрные"><v><l id="374408" t="чёрный"><g v="ADJF"></g><g v="Qual"></g><g v="plur"></g><g v="nomn"></g></l></v></tfr></token><token id="682343" text="дыры"><tfr rev_id="3798092" t="дыры"><v><l id="93539" t="дыра"><g v="NOUN"></g><g v="inan"></g><g v="femn"></g><g v="plur"></g><g v="nomn"></g></l></v></tfr></token><token id="682344" text="и"><tfr rev_id="1514408" t="и"><v><l id="116949" t="и"><g v="CONJ"></g></l></v><v><l id="116950" t="и"><g v="INTJ"></g></l></v></tfr></token><token id="682345" text="молодые"><tfr rev_id="4264217" t="молодые"><v><l id="162846" t="молодой"><g v="ADJF"></g><g v="Qual"></g><g v="plur"></g><g v="nomn"></g></l></v><v><l id="162846" t="молодой"><g v="ADJF"></g><g v="Qual"></g><g v="inan"></g><g v="plur"></g><g v="accs"></g></l></v></tfr></token><token id="682346" text="Вселенные"><tfr rev_id="1514410" t="Вселенные"><v><l id="53406" t="вселенная"><g v="NOUN"></g><g v="inan"></g><g v="femn"></g><g v="plur"></g><g v="nomn"></g></l></v><v><l id="53406" t="вселенная"><g v="NOUN"></g><g v="inan"></g><g v="femn"></g><g v="plur"></g><g v="accs"></g></l></v><v><l id="53412" t="вселённый"><g v="PRTF"></g><g v="perf"></g><g v="tran"></g><g v="past"></g><g v="pssv"></g><g v="plur"></g><g v="nomn"></g></l></v><v><l id="53412" t="вселённый"><g v="PRTF"></g><g v="perf"></g><g v="tran"></g><g v="past"></g><g v="pssv"></g><g v="inan"></g><g v="plur"></g><g v="accs"></g></l></v></tfr></token><token id="682347" text="»"><tfr rev_id="2446637" t="»"><v><l id="0" t="»"><g v="PNCT"></g></l></v></tfr></token><token id="682348" text=","><tfr rev_id="1514412" t=","><v><l id="0" t=","><g v="PNCT"></g></l></v></tfr></token><token id="682349" text="в"><tfr rev_id="1514413" t="в"><v><l id="37409" t="в"><g v="PREP"></g></l></v></tfr></token><token id="682350" text="которых"><tfr rev_id="4197820" t="которых"><v><l id="141203" t="который"><g v="ADJF"></g><g v="Apro"></g><g v="Subx"></g><g v="Anph"></g><g v="plur"></g><g v="loct"></g></l></v></tfr></token><token id="682351" text="он"><tfr rev_id="3575804" t="он"><v><l id="206541" t="он"><g v="NPRO"></g><g v="masc"></g><g v="3per"></g><g v="Anph"></g><g v="sing"></g><g v="nomn"></g></l></v></tfr></token><token id="682352" text="анализирует"><tfr rev_id="1514416" t="анализирует"><v><l id="12210" t="анализирую"><g v="VERB"></g><g v="impf"></g><g v="tran"></g><g v="sing"></g><g v="3per"></g><g v="pres"></g><g v="indc"></g></l></v></tfr></token><token id="682353" text="фундаментальные"><tfr rev_id="3808595" t="фундаментальные"><v><l id="368633" t="фундаментальный"><g v="ADJF"></g><g v="Qual"></g><g v="inan"></g><g v="plur"></g><g v="accs"></g></l></v></tfr></token><token id="682354" text="законы"><tfr rev_id="3756685" t="законы"><v><l id="103696" t="закон"><g v="NOUN"></g><g v="inan"></g><g v="masc"></g><g v="plur"></g><g v="accs"></g></l></v></tfr></token><token id="682355" text=","><tfr rev_id="1514419" t=","><v><l id="0" t=","><g v="PNCT"></g></l></v></tfr></token><token id="682356" text="историю"><tfr rev_id="1514420" t="историю"><v><l id="126437" t="история"><g v="NOUN"></g><g v="inan"></g><g v="femn"></g><g v="sing"></g><g v="accs"></g></l></v></tfr></token><token id="682357" text="и"><tfr rev_id="3533245" t="и"><v><l id="116949" t="и"><g v="CONJ"></g></l></v></tfr></token><token id="682358" text="будущее"><tfr rev_id="4385282" t="будущее"><v><l id="35163" t="будущее"><g v="NOUN"></g><g v="inan"></g><g v="neut"></g><g v="sing"></g><g v="accs"></g></l></v></tfr></token><token id="682359" text="Вселенной"><tfr rev_id="1514423" t="Вселенной"><v><l id="53406" t="вселенная"><g v="NOUN"></g><g v="inan"></g><g v="femn"></g><g v="sing"></g><g v="gent"></g></l></v><v><l id="53406" t="вселенная"><g v="NOUN"></g><g v="inan"></g><g v="femn"></g><g v="sing"></g><g v="datv"></g></l></v><v><l id="53406" t="вселенная"><g v="NOUN"></g><g v="inan"></g><g v="femn"></g><g v="sing"></g><g v="ablt"></g></l></v><v><l id="53406" t="вселенная"><g v="NOUN"></g><g v="inan"></g><g v="femn"></g><g v="sing"></g><g v="loct"></g></l></v><v><l id="53412" t="вселённый"><g v="PRTF"></g><g v="perf"></g><g v="tran"></g><g v="past"></g><g v="pssv"></g><g v="femn"></g><g v="sing"></g><g v="gent"></g></l></v><v><l id="53412" t="вселённый"><g v="PRTF"></g><g v="perf"></g><g v="tran"></g><g v="past"></g><g v="pssv"></g><g v="femn"></g><g v="sing"></g><g v="datv"></g></l></v><v><l id="53412" t="вселённый"><g v="PRTF"></g><g v="perf"></g><g v="tran"></g><g v="past"></g><g v="pssv"></g><g v="femn"></g><g v="sing"></g><g v="ablt"></g></l></v><v><l id="53412" t="вселённый"><g v="PRTF"></g><g v="perf"></g><g v="tran"></g><g v="past"></g><g v="pssv"></g><g v="femn"></g><g v="sing"></g><g v="loct"></g></l></v></tfr></token><token id="682360" text="."><tfr rev_id="1514424" t="."><v><l id="0" t="."><g v="PNCT"></g></l></v></tfr></token></tokens></sentence><sentence id="38265"><source>Хокинг сделал выдающийся вклад в космологию, квантовую гравитацию и в изучение чёрных дыр.</source><tokens><token id="682361" text="Хокинг"><tfr rev_id="3797384" t="Хокинг"><v><l id="389979" t="хокинг"><g v="NOUN"></g><g v="anim"></g><g v="masc"></g><g v="Sgtm"></g><g v="Surn"></g><g v="sing"></g><g v="nomn"></g></l></v></tfr></token><token id="682362" text="сделал"><tfr rev_id="1514426" t="сделал"><v><l id="317246" t="сделал"><g v="VERB"></g><g v="perf"></g><g v="tran"></g><g v="masc"></g><g v="sing"></g><g v="past"></g><g v="indc"></g></l></v></tfr></token><token id="682363" text="выдающийся"><tfr rev_id="1514427" t="выдающийся"><v><l id="56904" t="выдающийся"><g v="PRTF"></g><g v="impf"></g><g v="intr"></g><g v="pres"></g><g v="actv"></g><g v="masc"></g><g v="sing"></g><g v="nomn"></g></l></v><v><l id="56904" t="выдающийся"><g v="PRTF"></g><g v="impf"></g><g v="intr"></g><g v="pres"></g><g v="actv"></g><g v="inan"></g><g v="masc"></g><g v="sing"></g><g v="accs"></g></l></v><v><l id="56968" t="выдающийся"><g v="ADJF"></g><g v="masc"></g><g v="sing"></g><g v="nomn"></g></l></v><v><l id="56968" t="выдающийся"><g v="ADJF"></g><g v="inan"></g><g v="masc"></g><g v="sing"></g><g v="accs"></g></l></v></tfr></token><token id="682364" text="вклад"><tfr rev_id="4097882" t="вклад"><v><l id="46109" t="вклад"><g v="NOUN"></g><g v="inan"></g><g v="masc"></g><g v="sing"></g><g v="accs"></g></l></v></tfr></token><token id="682365" text="в"><tfr rev_id="1514429" t="в"><v><l id="37409" t="в"><g v="PREP"></g></l></v></tfr></token><token id="682366" text="космологию"><tfr rev_id="1514430" t="космологию"><v><l id="140622" t="космология"><g v="NOUN"></g><g v="inan"></g><g v="femn"></g><g v="sing"></g><g v="accs"></g></l></v></tfr></token><token id="682367" text=","><tfr rev_id="1514431" t=","><v><l id="0" t=","><g v="PNCT"></g></l></v></tfr></token><token id="682368" text="квантовую"><tfr rev_id="1514432" t="квантовую"><v><l id="131996" t="квантовый"><g v="ADJF"></g><g v="Qual"></g><g v="femn"></g><g v="sing"></g><g v="accs"></g></l></v></tfr></token><token id="682369" text="гравитацию"><tfr rev_id="1514433" t="гравитацию"><v><l id="74435" t="гравитация"><g v="NOUN"></g><g v="inan"></g><g v="femn"></g><g v="sing"></g><g v="accs"></g></l></v></tfr></token><token id="682370" text="и"><tfr rev_id="1514434" t="и"><v><l id="116949" t="и"><g v="CONJ"></g></l></v><v><l id="116950" t="и"><g v="INTJ"></g></l></v></tfr></token><token id="682371" text="в"><tfr rev_id="1514435" t="в"><v><l id="37409" t="в"><g v="PREP"></g></l></v></tfr></token><token id="682372" text="изучение"><tfr rev_id="3409458" t="изучение"><v><l id="120795" t="изучение"><g v="NOUN"></g><g v="inan"></g><g v="neut"></g><g v="sing"></g><g v="accs"></g></l></v></tfr></token><token id="682373" text="чёрных"><tfr rev_id="4427376" t="чёрных"><v><l id="374408" t="чёрный"><g v="ADJF"></g><g v="Qual"></g><g v="plur"></g><g v="gent"></g></l></v></tfr></token><token id="682374" text="дыр"><tfr rev_id="1514438" t="дыр"><v><l id="93539" t="дыра"><g v="NOUN"></g><g v="inan"></g><g v="femn"></g><g v="plur"></g><g v="gent"></g></l></v></tfr></token><token id="682375" text="."><tfr rev_id="1514439" t="."><v><l id="0" t="."><g v="PNCT"></g></l></v></tfr></token></tokens></sentence><sentence id="38266"><source>Хокинг считает, что освоение космоса является важнейшей задачей человечества.</source><tokens><token id="682376" text="Хокинг"><tfr rev_id="3797385" t="Хокинг"><v><l id="389979" t="хокинг"><g v="NOUN"></g><g v="anim"></g><g v="masc"></g><g v="Sgtm"></g><g v="Surn"></g><g v="sing"></g><g v="nomn"></g></l></v></tfr></token><token id="682377" text="считает"><tfr rev_id="1514441" t="считает"><v><l id="341320" t="считаю"><g v="VERB"></g><g v="impf"></g><g v="tran"></g><g v="sing"></g><g v="3per"></g><g v="pres"></g><g v="indc"></g></l></v><v><l id="341329" t="считал"><g v="VERB"></g><g v="perf"></g><g v="tran"></g><g v="sing"></g><g v="3per"></g><g v="futr"></g><g v="indc"></g></l></v></tfr></token><token id="682378" text=","><tfr rev_id="1514442" t=","><v><l id="0" t=","><g v="PNCT"></g></l></v></tfr></token><token id="682379" text="что"><tfr rev_id="3197622" t="что"><v><l id="377004" t="что"><g v="CONJ"></g></l></v><v><l id="377005" t="что"><g v="NPRO"></g><g v="neut"></g><g v="sing"></g><g v="nomn"></g></l></v><v><l id="377005" t="что"><g v="NPRO"></g><g v="neut"></g><g v="sing"></g><g v="accs"></g></l></v><v><l id="377006" t="что"><g v="ADVB"></g><g v="Ques"></g></l></v><v><l id="388695" t="что"><g v="PRCL"></g></l></v></tfr></token><token id="682380" text="освоение"><tfr rev_id="1514444" t="освоение"><v><l id="209721" t="освоение"><g v="NOUN"></g><g v="inan"></g><g v="neut"></g><g v="sing"></g><g v="nomn"></g></l></v><v><l id="209721" t="освоение"><g v="NOUN"></g><g v="inan"></g><g v="neut"></g><g v="sing"></g><g v="accs"></g></l></v></tfr></token><token id="682381" text="космоса"><tfr rev_id="1514445" t="космоса"><v><l id="140637" t="космос"><g v="NOUN"></g><g v="inan"></g><g v="masc"></g><g v="sing"></g><g v="gent"></g></l></v></tfr></token><token id="682382" text="является"><tfr rev_id="1514446" t="является"><v><l id="387385" t="являюсь"><g v="VERB"></g><g v="impf"></g><g v="intr"></g><g v="sing"></g><g v="3per"></g><g v="pres"></g><g v="indc"></g></l></v></tfr></token><token id="682383" text="важнейшей"><tfr rev_id="4173104" t="важнейшей"><v><l id="37723" t="важнейший"><g v="ADJF"></g><g v="Supr"></g><g v="Qual"></g><g v="femn"></g><g v="sing"></g><g v="ablt"></g></l></v></tfr></token><token id="682384" text="задачей"><tfr rev_id="1514448" t="задачей"><v><l id="101455" t="задача"><g v="NOUN"></g><g v="inan"></g><g v="femn"></g><g v="sing"></g><g v="ablt"></g></l></v></tfr></token><token id="682385" text="человечества"><tfr rev_id="3431820" t="человечества"><v><l id="375106" t="человечество"><g v="NOUN"></g><g v="inan"></g><g v="neut"></g><g v="sing"></g><g v="gent"></g></l></v></tfr></token><token id="682386" text="."><tfr rev_id="1514450" t="."><v><l id="0" t="."><g v="PNCT"></g></l></v></tfr></token></tokens></sentence><sentence id="38267"><source>Недавно Хокинг высказал заинтересованность в испытании состояния невесомости.</source><tokens><token id="682387" text="Недавно"><tfr rev_id="1514451" t="Недавно"><v><l id="180623" t="недавно"><g v="ADVB"></g></l></v></tfr></token><token id="682388" text="Хокинг"><tfr rev_id="3797386" t="Хокинг"><v><l id="389979" t="хокинг"><g v="NOUN"></g><g v="anim"></g><g v="masc"></g><g v="Sgtm"></g><g v="Surn"></g><g v="sing"></g><g v="nomn"></g></l></v></tfr></token><token id="682389" text="высказал"><tfr rev_id="1514453" t="высказал"><v><l id="61876" t="высказал"><g v="VERB"></g><g v="perf"></g><g v="tran"></g><g v="masc"></g><g v="sing"></g><g v="past"></g><g v="indc"></g></l></v></tfr></token><token id="682390" text="заинтересованность"><tfr rev_id="3662055" t="заинтересованность"><v><l id="102708" t="заинтересованность"><g v="NOUN"></g><g v="inan"></g><g v="femn"></g><g v="sing"></g><g v="accs"></g></l></v></tfr></token><token id="682391" text="в"><tfr rev_id="1514455" t="в"><v><l id="37409" t="в"><g v="PREP"></g></l></v></tfr></token><token id="682392" text="испытании"><tfr rev_id="1514456" t="испытании"><v><l id="125658" t="испытание"><g v="NOUN"></g><g v="inan"></g><g v="neut"></g><g v="sing"></g><g v="loct"></g></l></v></tfr></token><token id="682393" text="состояния"><tfr rev_id="3482421" t="состояния"><v><l id="330557" t="состояние"><g v="NOUN"></g><g v="inan"></g><g v="neut"></g><g v="sing"></g><g v="gent"></g></l></v></tfr></token><token id="682394" text="невесомости"><tfr rev_id="4271707" t="невесомости"><v><l id="179695" t="невесомость"><g v="NOUN"></g><g v="inan"></g><g v="femn"></g><g v="sing"></g><g v="gent"></g></l></v></tfr></token><token id="682395" text="."><tfr rev_id="1514459" t="."><v><l id="0" t="."><g v="PNCT"></g></l></v></tfr></token></tokens></sentence></paragraph><paragraph id="12258"><sentence id="38268"><source>«Как человек, который изучал гравитацию и чёрные дыры, я с энтузиазмом отношусь к идее, чтобы на собственном опыте испытать состояние невесомости и оказаться в пространстве с нулевой гравитацией.</source><tokens><token id="682396" text="«"><tfr rev_id="2446638" t="«"><v><l id="0" t="«"><g v="PNCT"></g></l></v></tfr></token><token id="682397" text="Как"><tfr rev_id="1514461" t="Как"><v><l id="128190" t="как"><g v="CONJ"></g></l></v><v><l id="128191" t="как"><g v="PRCL"></g></l></v><v><l id="128192" t="как"><g v="ADVB"></g><g v="Ques"></g></l></v></tfr></token><token id="682398" text="человек"><tfr rev_id="3467087" t="человек"><v><l id="375073" t="человек"><g v="NOUN"></g><g v="anim"></g><g v="masc"></g><g v="sing"></g><g v="nomn"></g></l></v></tfr></token><token id="682399" text=","><tfr rev_id="1514463" t=","><v><l id="0" t=","><g v="PNCT"></g></l></v></tfr></token><token id="682400" text="который"><tfr rev_id="3637482" t="который"><v><l id="141203" t="который"><g v="ADJF"></g><g v="Apro"></g><g v="Subx"></g><g v="Anph"></g><g v="masc"></g><g v="sing"></g><g v="nomn"></g></l></v><v><l id="141203" t="который"><g v="ADJF"></g><g v="Apro"></g><g v="Subx"></g><g v="Anph"></g><g v="inan"></g><g v="masc"></g><g v="sing"></g><g v="accs"></g></l></v></tfr></token><token id="682401" text="изучал"><tfr rev_id="1514465" t="изучал"><v><l id="120782" t="изучаю"><g v="VERB"></g><g v="impf"></g><g v="tran"></g><g v="masc"></g><g v="sing"></g><g v="past"></g><g v="indc"></g></l></v></tfr></token><token id="682402" text="гравитацию"><tfr rev_id="1514466" t="гравитацию"><v><l id="74435" t="гравитация"><g v="NOUN"></g><g v="inan"></g><g v="femn"></g><g v="sing"></g><g v="accs"></g></l></v></tfr></token><token id="682403" text="и"><tfr rev_id="1514467" t="и"><v><l id="116949" t="и"><g v="CONJ"></g></l></v><v><l id="116950" t="и"><g v="INTJ"></g></l></v></tfr></token><token id="682404" text="чёрные"><tfr rev_id="4264219" t="чёрные"><v><l id="374408" t="чёрный"><g v="ADJF"></g><g v="Qual"></g><g v="plur"></g><g v="nomn"></g></l></v><v><l id="374408" t="чёрный"><g v="ADJF"></g><g v="Qual"></g><g v="inan"></g><g v="plur"></g><g v="accs"></g></l></v></tfr></token><token id="682405" text="дыры"><tfr rev_id="3763435" t="дыры"><v><l id="93539" t="дыра"><g v="NOUN"></g><g v="inan"></g><g v="femn"></g><g v="plur"></g><g v="accs"></g></l></v></tfr></token><token id="682406" text=","><tfr rev_id="1514470" t=","><v><l id="0" t=","><g v="PNCT"></g></l></v></tfr></token><token id="682407" text="я"><tfr rev_id="1514471" t="я"><v><l id="387317" t="я"><g v="NPRO"></g><g v="1per"></g><g v="sing"></g><g v="nomn"></g></l></v></tfr></token><token id="682408" text="с"><tfr rev_id="1514472" t="с"><v><l id="311151" t="с"><g v="PREP"></g></l></v></tfr></token><token id="682409" text="энтузиазмом"><tfr rev_id="1514473" t="энтузиазмом"><v><l id="385700" t="энтузиазм"><g v="NOUN"></g><g v="inan"></g><g v="masc"></g><g v="sing"></g><g v="ablt"></g></l></v></tfr></token><token id="682410" text="отношусь"><tfr rev_id="3367634" t="отношусь"><v><l id="215929" t="отношусь"><g v="VERB"></g><g v="impf"></g><g v="intr"></g><g v="sing"></g><g v="1per"></g><g v="pres"></g><g v="indc"></g></l></v></tfr></token><token id="682411" text="к"><tfr rev_id="1514475" t="к"><v><l id="127460" t="к"><g v="PREP"></g></l></v></tfr></token><token id="682412" text="идее"><tfr rev_id="3447491" t="идее"><v><l id="117499" t="идея"><g v="NOUN"></g><g v="inan"></g><g v="femn"></g><g v="sing"></g><g v="datv"></g></l></v></tfr></token><token id="682413" text=","><tfr rev_id="1514477" t=","><v><l id="0" t=","><g v="PNCT"></g></l></v></tfr></token><token id="682414" text="чтобы"><tfr rev_id="1514478" t="чтобы"><v><l id="377013" t="чтобы"><g v="CONJ"></g></l></v><v><l id="377014" t="чтобы"><g v="PRCL"></g></l></v></tfr></token><token id="682415" text="на"><tfr rev_id="3334539" t="на"><v><l id="166264" t="на"><g v="PREP"></g></l></v></tfr></token><token id="682416" text="собственном"><tfr rev_id="3539090" t="собственном"><v><l id="327840" t="собственный"><g v="ADJF"></g><g v="masc"></g><g v="sing"></g><g v="loct"></g></l></v></tfr></token><token id="682417" text="опыте"><tfr rev_id="1514481" t="опыте"><v><l id="208575" t="опыт"><g v="NOUN"></g><g v="inan"></g><g v="masc"></g><g v="sing"></g><g v="loct"></g></l></v></tfr></token><token id="682418" text="испытать"><tfr rev_id="1514482" t="испытать"><v><l id="125669" t="испытать"><g v="INFN"></g><g v="perf"></g><g v="tran"></g></l></v></tfr></token><token id="682419" text="состояние"><tfr rev_id="4093100" t="состояние"><v><l id="330557" t="состояние"><g v="NOUN"></g><g v="inan"></g><g v="neut"></g><g v="sing"></g><g v="accs"></g></l></v></tfr></token><token id="682420" text="невесомости"><tfr rev_id="4344281" t="невесомости"><v><l id="179695" t="невесомость"><g v="NOUN"></g><g v="inan"></g><g v="femn"></g><g v="sing"></g><g v="gent"></g></l></v></tfr></token><token id="682421" text="и"><tfr rev_id="1514485" t="и"><v><l id="116949" t="и"><g v="CONJ"></g></l></v><v><l id="116950" t="и"><g v="INTJ"></g></l></v></tfr></token><token id="682422" text="оказаться"><tfr rev_id="1514486" t="оказаться"><v><l id="204463" t="оказаться"><g v="INFN"></g><g v="perf"></g><g v="intr"></g></l></v></tfr></token><token id="682423" text="в"><tfr rev_id="1514487" t="в"><v><l id="37409" t="в"><g v="PREP"></g></l></v></tfr></token><token id="682424" text="пространстве"><tfr rev_id="1514488" t="пространстве"><v><l id="285122" t="пространство"><g v="NOUN"></g><g v="inan"></g><g v="neut"></g><g v="sing"></g><g v="loct"></g></l></v></tfr></token><token id="682425" text="с"><tfr rev_id="1514489" t="с"><v><l id="311151" t="с"><g v="PREP"></g></l></v></tfr></token><token id="682426" text="нулевой"><tfr rev_id="2635679" t="нулевой"><v><l id="192615" t="нулевой"><g v="ADJF"></g><g v="femn"></g><g v="sing"></g><g v="gent"></g></l></v><v><l id="192615" t="нулевой"><g v="ADJF"></g><g v="femn"></g><g v="sing"></g><g v="datv"></g></l></v><v><l id="192615" t="нулевой"><g v="ADJF"></g><g v="femn"></g><g v="sing"></g><g v="ablt"></g></l></v><v><l id="192615" t="нулевой"><g v="ADJF"></g><g v="femn"></g><g v="sing"></g><g v="loct"></g></l></v></tfr></token><token id="682427" text="гравитацией"><tfr rev_id="1514491" t="гравитацией"><v><l id="74435" t="гравитация"><g v="NOUN"></g><g v="inan"></g><g v="femn"></g><g v="sing"></g><g v="ablt"></g></l></v></tfr></token><token id="682428" text="."><tfr rev_id="1514492" t="."><v><l id="0" t="."><g v="PNCT"></g></l></v></tfr></token></tokens></sentence><sentence id="38269"><source>Я благодарю корпорацию Zero Gravity, которая делает доступным такие испытания для простых людей и особенно для инвалидов», сказал профессор.</source><tokens><token id="682429" text="Я"><tfr rev_id="1514493" t="Я"><v><l id="387317" t="я"><g v="NPRO"></g><g v="1per"></g><g v="sing"></g><g v="nomn"></g></l></v></tfr></token><token id="682430" text="благодарю"><tfr rev_id="1514494" t="благодарю"><v><l id="30375" t="благодарю"><g v="VERB"></g><g v="impf"></g><g v="tran"></g><g v="sing"></g><g v="1per"></g><g v="pres"></g><g v="indc"></g></l></v></tfr></token><token id="682431" text="корпорацию"><tfr rev_id="1514495" t="корпорацию"><v><l id="140149" t="корпорация"><g v="NOUN"></g><g v="inan"></g><g v="femn"></g><g v="sing"></g><g v="accs"></g></l></v></tfr></token><token id="682432" text="Zero"><tfr rev_id="2475348" t="Zero"><v><l id="0" t="Zero"><g v="LATN"></g></l></v></tfr></token><token id="682433" text="Gravity"><tfr rev_id="2475349" t="Gravity"><v><l id="0" t="Gravity"><g v="LATN"></g></l></v></tfr></token><token id="682434" text=","><tfr rev_id="1514498" t=","><v><l id="0" t=","><g v="PNCT"></g></l></v></tfr></token><token id="682435" text="которая"><tfr rev_id="3639849" t="которая"><v><l id="141203" t="который"><g v="ADJF"></g><g v="Apro"></g><g v="Subx"></g><g v="Anph"></g><g v="femn"></g><g v="sing"></g><g v="nomn"></g></l></v></tfr></token><token id="682436" text="делает"><tfr rev_id="1514500" t="делает"><v><l id="80526" t="делаю"><g v="VERB"></g><g v="impf"></g><g v="tran"></g><g v="sing"></g><g v="3per"></g><g v="pres"></g><g v="indc"></g></l></v></tfr></token><token id="682437" text="доступным"><tfr rev_id="1718460" t="доступным"><v><l id="90730" t="доступный"><g v="ADJF"></g><g v="Qual"></g><g v="masc"></g><g v="sing"></g><g v="ablt"></g></l></v><v><l id="90730" t="доступный"><g v="ADJF"></g><g v="Qual"></g><g v="neut"></g><g v="sing"></g><g v="ablt"></g></l></v></tfr></token><token id="682438" text="такие"><tfr rev_id="3795107" t="такие"><v><l id="342491" t="такой"><g v="ADJF"></g><g v="Apro"></g><g v="inan"></g><g v="plur"></g><g v="accs"></g></l></v></tfr></token><token id="682439" text="испытания"><tfr rev_id="3815355" t="испытания"><v><l id="125658" t="испытание"><g v="NOUN"></g><g v="inan"></g><g v="neut"></g><g v="plur"></g><g v="accs"></g></l></v></tfr></token><token id="682440" text="для"><tfr rev_id="2922563" t="для"><v><l id="85032" t="для"><g v="PREP"></g></l></v></tfr></token><token id="682441" text="простых"><tfr rev_id="4198301" t="простых"><v><l id="285047" t="простой"><g v="ADJF"></g><g v="Qual"></g><g v="plur"></g><g v="gent"></g></l></v></tfr></token><token id="682442" text="людей"><tfr rev_id="4096499" t="людей"><v><l id="375073" t="человек"><g v="NOUN"></g><g v="anim"></g><g v="masc"></g><g v="plur"></g><g v="gent"></g></l></v></tfr></token><token id="682443" text="и"><tfr rev_id="1514507" t="и"><v><l id="116949" t="и"><g v="CONJ"></g></l></v><v><l id="116950" t="и"><g v="INTJ"></g></l></v></tfr></token><token id="682444" text="особенно"><tfr rev_id="3525919" t="особенно"><v><l id="210627" t="особенно"><g v="ADVB"></g></l></v></tfr></token><token id="682445" text="для"><tfr rev_id="2948452" t="для"><v><l id="85032" t="для"><g v="PREP"></g></l></v></tfr></token><token id="682446" text="инвалидов"><tfr rev_id="4200146" t="инвалидов"><v><l id="121986" t="инвалид"><g v="NOUN"></g><g v="anim"></g><g v="masc"></g><g v="plur"></g><g v="gent"></g></l></v></tfr></token><token id="682447" text="»"><tfr rev_id="2446639" t="»"><v><l id="0" t="»"><g v="PNCT"></g></l></v></tfr></token><token id="682448" text=","><tfr rev_id="1514512" t=","><v><l id="0" t=","><g v="PNCT"></g></l></v></tfr></token><token id="682449" text="сказал"><tfr rev_id="1514513" t="сказал"><v><l id="321532" t="сказал"><g v="VERB"></g><g v="perf"></g><g v="tran"></g><g v="masc"></g><g v="sing"></g><g v="past"></g><g v="indc"></g></l></v></tfr></token><token id="682450" text="профессор"><tfr rev_id="1514514" t="профессор"><v><l id="286926" t="профессор"><g v="NOUN"></g><g v="anim"></g><g v="masc"></g><g v="sing"></g><g v="nomn"></g></l></v></tfr></token><token id="682451" text="."><tfr rev_id="1514515" t="."><v><l id="0" t="."><g v="PNCT"></g></l></v></tfr></token></tokens></sentence></paragraph><paragraph id="12259"><sentence id="38270"><source>Представитель корпорации Zero Gravity заявил, что они рады предоставить возможность профессуру Хокингу испытать состояние невесомости.</source><tokens><token id="682452" text="Представитель"><tfr rev_id="1514516" t="Представитель"><v><l id="267083" t="представитель"><g v="NOUN"></g><g v="anim"></g><g v="masc"></g><g v="sing"></g><g v="nomn"></g></l></v></tfr></token><token id="682453" text="корпорации"><tfr rev_id="4178127" t="корпорации"><v><l id="140149" t="корпорация"><g v="NOUN"></g><g v="inan"></g><g v="femn"></g><g v="sing"></g><g v="gent"></g></l></v></tfr></token><token id="682454" text="Zero"><tfr rev_id="2475350" t="Zero"><v><l id="0" t="Zero"><g v="LATN"></g></l></v></tfr></token><token id="682455" text="Gravity"><tfr rev_id="2475351" t="Gravity"><v><l id="0" t="Gravity"><g v="LATN"></g></l></v></tfr></token><token id="682456" text="заявил"><tfr rev_id="1514520" t="заявил"><v><l id="114300" t="заявил"><g v="VERB"></g><g v="perf"></g><g v="tran"></g><g v="masc"></g><g v="sing"></g><g v="past"></g><g v="indc"></g></l></v></tfr></token><token id="682457" text=","><tfr rev_id="1514521" t=","><v><l id="0" t=","><g v="PNCT"></g></l></v></tfr></token><token id="682458" text="что"><tfr rev_id="3197623" t="что"><v><l id="377004" t="что"><g v="CONJ"></g></l></v><v><l id="377005" t="что"><g v="NPRO"></g><g v="neut"></g><g v="sing"></g><g v="nomn"></g></l></v><v><l id="377005" t="что"><g v="NPRO"></g><g v="neut"></g><g v="sing"></g><g v="accs"></g></l></v><v><l id="377006" t="что"><g v="ADVB"></g><g v="Ques"></g></l></v><v><l id="388695" t="что"><g v="PRCL"></g></l></v></tfr></token><token id="682459" text="они"><tfr rev_id="3599453" t="они"><v><l id="206619" t="они"><g v="NPRO"></g><g v="3per"></g><g v="Anph"></g><g v="plur"></g><g v="nomn"></g></l></v></tfr></token><token id="682460" text="рады"><tfr rev_id="2703426" t="рады"><v><l id="290789" t="рад"><g v="ADJS"></g><g v="plur"></g></l></v></tfr></token><token id="682461" text="предоставить"><tfr rev_id="1514525" t="предоставить"><v><l id="266665" t="предоставить"><g v="INFN"></g><g v="perf"></g><g v="tran"></g></l></v></tfr></token><token id="682462" text="возможность"><tfr rev_id="1514526" t="возможность"><v><l id="49410" t="возможность"><g v="NOUN"></g><g v="inan"></g><g v="femn"></g><g v="sing"></g><g v="nomn"></g></l></v><v><l id="49410" t="возможность"><g v="NOUN"></g><g v="inan"></g><g v="femn"></g><g v="sing"></g><g v="accs"></g></l></v></tfr></token><token id="682463" text="профессуру"><tfr rev_id="1514527" t="профессуру"><v><l id="286936" t="профессура"><g v="NOUN"></g><g v="inan"></g><g v="femn"></g><g v="sing"></g><g v="accs"></g></l></v></tfr></token><token id="682464" text="Хокингу"><tfr rev_id="3797389" t="Хокингу"><v><l id="389979" t="хокинг"><g v="NOUN"></g><g v="anim"></g><g v="masc"></g><g v="Sgtm"></g><g v="Surn"></g><g v="sing"></g><g v="datv"></g></l></v></tfr></token><token id="682465" text="испытать"><tfr rev_id="1514529" t="испытать"><v><l id="125669" t="испытать"><g v="INFN"></g><g v="perf"></g><g v="tran"></g></l></v></tfr></token><token id="682466" text="состояние"><tfr rev_id="3497397" t="состояние"><v><l id="330557" t="состояние"><g v="NOUN"></g><g v="inan"></g><g v="neut"></g><g v="sing"></g><g v="accs"></g></l></v></tfr></token><token id="682467" text="невесомости"><tfr rev_id="4281420" t="невесомости"><v><l id="179695" t="невесомость"><g v="NOUN"></g><g v="inan"></g><g v="femn"></g><g v="sing"></g><g v="gent"></g></l></v></tfr></token><token id="682468" text="."><tfr rev_id="1514532" t="."><v><l id="0" t="."><g v="PNCT"></g></l></v></tfr></token></tokens></sentence><sentence id="38271"><source>Цель корпорации состоит в том, чтобы возможность полёта в невесомости была бы доступна для любого человека.</source><tokens><token id="682469" text="Цель"><tfr rev_id="1716287" t="Цель"><v><l id="373216" t="цель"><g v="NOUN"></g><g v="inan"></g><g v="femn"></g><g v="sing"></g><g v="nomn"></g></l></v><v><l id="373216" t="цель"><g v="NOUN"></g><g v="inan"></g><g v="femn"></g><g v="sing"></g><g v="accs"></g></l></v></tfr></token><token id="682470" text="корпорации"><tfr rev_id="3559016" t="корпорации"><v><l id="140149" t="корпорация"><g v="NOUN"></g><g v="inan"></g><g v="femn"></g><g v="sing"></g><g v="gent"></g></l></v></tfr></token><token id="682471" text="состоит"><tfr rev_id="1514535" t="состоит"><v><l id="330563" t="состою"><g v="VERB"></g><g v="impf"></g><g v="intr"></g><g v="sing"></g><g v="3per"></g><g v="pres"></g><g v="indc"></g></l></v></tfr></token><token id="682472" text="в"><tfr rev_id="1514536" t="в"><v><l id="37409" t="в"><g v="PREP"></g></l></v></tfr></token><token id="682473" text="том"><tfr rev_id="3774562" t="том"><v><l id="348430" t="тот"><g v="ADJF"></g><g v="Subx"></g><g v="Apro"></g><g v="Anph"></g><g v="masc"></g><g v="sing"></g><g v="loct"></g></l></v><v><l id="348430" t="тот"><g v="ADJF"></g><g v="Subx"></g><g v="Apro"></g><g v="Anph"></g><g v="neut"></g><g v="sing"></g><g v="loct"></g></l></v></tfr></token><token id="682474" text=","><tfr rev_id="1514538" t=","><v><l id="0" t=","><g v="PNCT"></g></l></v></tfr></token><token id="682475" text="чтобы"><tfr rev_id="1514539" t="чтобы"><v><l id="377013" t="чтобы"><g v="CONJ"></g></l></v><v><l id="377014" t="чтобы"><g v="PRCL"></g></l></v></tfr></token><token id="682476" text="возможность"><tfr rev_id="1514540" t="возможность"><v><l id="49410" t="возможность"><g v="NOUN"></g><g v="inan"></g><g v="femn"></g><g v="sing"></g><g v="nomn"></g></l></v><v><l id="49410" t="возможность"><g v="NOUN"></g><g v="inan"></g><g v="femn"></g><g v="sing"></g><g v="accs"></g></l></v></tfr></token><token id="682477" text="полёта"><tfr rev_id="1514541" t="полёта"><v><l id="255108" t="полёт"><g v="NOUN"></g><g v="inan"></g><g v="masc"></g><g v="sing"></g><g v="gent"></g></l></v></tfr></token><token id="682478" text="в"><tfr rev_id="1514542" t="в"><v><l id="37409" t="в"><g v="PREP"></g></l></v></tfr></token><token id="682479" text="невесомости"><tfr rev_id="4344282" t="невесомости"><v><l id="179695" t="невесомость"><g v="NOUN"></g><g v="inan"></g><g v="femn"></g><g v="sing"></g><g v="loct"></g></l></v></tfr></token><token id="682480" text="была"><tfr rev_id="1514544" t="была"><v><l id="37265" t="есть"><g v="VERB"></g><g v="impf"></g><g v="intr"></g><g v="femn"></g><g v="sing"></g><g v="past"></g><g v="indc"></g></l></v></tfr></token><token id="682481" text="бы"><tfr rev_id="1514545" t="бы"><v><l id="36985" t="бы"><g v="PRCL"></g></l></v></tfr></token><token id="682482" text="доступна"><tfr rev_id="1514546" t="доступна"><v><l id="90732" t="доступен"><g v="ADJS"></g><g v="Qual"></g><g v="femn"></g><g v="sing"></g></l></v></tfr></token><token id="682483" text="для"><tfr rev_id="3452800" t="для"><v><l id="85032" t="для"><g v="PREP"></g></l></v></tfr></token><token id="682484" text="любого"><tfr rev_id="3884958" t="любого"><v><l id="152026" t="любой"><g v="ADJF"></g><g v="Apro"></g><g v="masc"></g><g v="sing"></g><g v="gent"></g></l></v><v><l id="152026" t="любой"><g v="ADJF"></g><g v="Apro"></g><g v="anim"></g><g v="masc"></g><g v="sing"></g><g v="accs"></g></l></v><v><l id="152026" t="любой"><g v="ADJF"></g><g v="Apro"></g><g v="neut"></g><g v="sing"></g><g v="gent"></g></l></v></tfr></token><token id="682485" text="человека"><tfr rev_id="2931273" t="человека"><v><l id="375073" t="человек"><g v="NOUN"></g><g v="anim"></g><g v="masc"></g><g v="sing"></g><g v="gent"></g></l></v></tfr></token><token id="682486" text="."><tfr rev_id="1514550" t="."><v><l id="0" t="."><g v="PNCT"></g></l></v></tfr></token></tokens></sentence><sentence id="38272"><source>Профессор Хокинг поможет нам продемонстрировать, что такой уникальный опыт доступен не только для астронавтов, но и для любого другого человека.</source><tokens><token id="682487" text="Профессор"><tfr rev_id="1514551" t="Профессор"><v><l id="286926" t="профессор"><g v="NOUN"></g><g v="anim"></g><g v="masc"></g><g v="sing"></g><g v="nomn"></g></l></v></tfr></token><token id="682488" text="Хокинг"><tfr rev_id="3797387" t="Хокинг"><v><l id="389979" t="хокинг"><g v="NOUN"></g><g v="anim"></g><g v="masc"></g><g v="Sgtm"></g><g v="Surn"></g><g v="sing"></g><g v="nomn"></g></l></v></tfr></token><token id="682489" text="поможет"><tfr rev_id="1514553" t="поможет"><v><l id="257948" t="помог"><g v="VERB"></g><g v="perf"></g><g v="intr"></g><g v="sing"></g><g v="3per"></g><g v="futr"></g><g v="indc"></g></l></v></tfr></token><token id="682490" text="нам"><tfr rev_id="1514554" t="нам"><v><l id="165750" t="мы"><g v="NPRO"></g><g v="1per"></g><g v="plur"></g><g v="datv"></g></l></v></tfr></token><token id="682491" text="продемонстрировать"><tfr rev_id="1514555" t="продемонстрировать"><v><l id="279071" t="продемонстрировать"><g v="INFN"></g><g v="perf"></g><g v="tran"></g></l></v></tfr></token><token id="682492" text=","><tfr rev_id="1514556" t=","><v><l id="0" t=","><g v="PNCT"></g></l></v></tfr></token><token id="682493" text="что"><tfr rev_id="3197624" t="что"><v><l id="377004" t="что"><g v="CONJ"></g></l></v><v><l id="377005" t="что"><g v="NPRO"></g><g v="neut"></g><g v="sing"></g><g v="nomn"></g></l></v><v><l id="377005" t="что"><g v="NPRO"></g><g v="neut"></g><g v="sing"></g><g v="accs"></g></l></v><v><l id="377006" t="что"><g v="ADVB"></g><g v="Ques"></g></l></v><v><l id="388695" t="что"><g v="PRCL"></g></l></v></tfr></token><token id="682494" text="такой"><tfr rev_id="2635680" t="такой"><v><l id="342491" t="такой"><g v="ADJF"></g><g v="Apro"></g><g v="masc"></g><g v="sing"></g><g v="nomn"></g></l></v><v><l id="342491" t="такой"><g v="ADJF"></g><g v="Apro"></g><g v="inan"></g><g v="masc"></g><g v="sing"></g><g v="accs"></g></l></v></tfr></token><token id="682495" text="уникальный"><tfr rev_id="1514559" t="уникальный"><v><l id="358340" t="уникальный"><g v="ADJF"></g><g v="Qual"></g><g v="masc"></g><g v="sing"></g><g v="nomn"></g></l></v><v><l id="358340" t="уникальный"><g v="ADJF"></g><g v="Qual"></g><g v="inan"></g><g v="masc"></g><g v="sing"></g><g v="accs"></g></l></v></tfr></token><token id="682496" text="опыт"><tfr rev_id="4099341" t="опыт"><v><l id="208575" t="опыт"><g v="NOUN"></g><g v="inan"></g><g v="masc"></g><g v="sing"></g><g v="nomn"></g></l></v></tfr></token><token id="682497" text="доступен"><tfr rev_id="1514561" t="доступен"><v><l id="90732" t="доступен"><g v="ADJS"></g><g v="Qual"></g><g v="masc"></g><g v="sing"></g></l></v></tfr></token><token id="682498" text="не"><tfr rev_id="1514562" t="не"><v><l id="178876" t="не"><g v="PRCL"></g></l></v></tfr></token><token id="682499" text="только"><tfr rev_id="3784184" t="только"><v><l id="347395" t="только"><g v="CONJ"></g></l></v><v><l id="347396" t="только"><g v="PRCL"></g></l></v><v><l id="390053" t="только"><g v="ADVB"></g></l></v></tfr></token><token id="682500" text="для"><tfr rev_id="3391663" t="для"><v><l id="85032" t="для"><g v="PREP"></g></l></v></tfr></token><token id="682501" text="астронавтов"><tfr rev_id="4383042" t="астронавтов"><v><l id="19088" t="астронавт"><g v="NOUN"></g><g v="anim"></g><g v="masc"></g><g v="plur"></g><g v="gent"></g></l></v></tfr></token><token id="682502" text=","><tfr rev_id="1514566" t=","><v><l id="0" t=","><g v="PNCT"></g></l></v></tfr></token><token id="682503" text="но"><tfr rev_id="1514567" t="но"><v><l id="191429" t="но"><g v="CONJ"></g></l></v><v><l id="191430" t="но"><g v="INTJ"></g></l></v></tfr></token><token id="682504" text="и"><tfr rev_id="4288854" t="и"><v><l id="116949" t="и"><g v="CONJ"></g></l></v></tfr></token><token id="682505" text="для"><tfr rev_id="3442336" t="для"><v><l id="85032" t="для"><g v="PREP"></g></l></v></tfr></token><token id="682506" text="любого"><tfr rev_id="4309773" t="любого"><v><l id="152026" t="любой"><g v="ADJF"></g><g v="Apro"></g><g v="masc"></g><g v="sing"></g><g v="gent"></g></l></v><v><l id="152026" t="любой"><g v="ADJF"></g><g v="Apro"></g><g v="anim"></g><g v="masc"></g><g v="sing"></g><g v="accs"></g></l></v></tfr></token><token id="682507" text="другого"><tfr rev_id="3560433" t="другого"><v><l id="92342" t="другой"><g v="ADJF"></g><g v="Apro"></g><g v="Subx"></g><g v="masc"></g><g v="sing"></g><g v="gent"></g></l></v><v><l id="92342" t="другой"><g v="ADJF"></g><g v="Apro"></g><g v="Subx"></g><g v="anim"></g><g v="masc"></g><g v="sing"></g><g v="accs"></g></l></v></tfr></token><token id="682508" text="человека"><tfr rev_id="3701977" t="человека"><v><l id="375073" t="человек"><g v="NOUN"></g><g v="anim"></g><g v="masc"></g><g v="sing"></g><g v="gent"></g></l></v></tfr></token><token id="682509" text="."><tfr rev_id="1514573" t="."><v><l id="0" t="."><g v="PNCT"></g></l></v></tfr></token></tokens></sentence></paragraph><paragraph id="12260"><sentence id="38273"><source>Полёт профессора Хокинга будет осуществлён с благотворительными целями.</source><tokens><token id="682510" text="Полёт"><tfr rev_id="1714758" t="Полёт"><v><l id="255108" t="полёт"><g v="NOUN"></g><g v="inan"></g><g v="masc"></g><g v="sing"></g><g v="nomn"></g></l></v><v><l id="255108" t="полёт"><g v="NOUN"></g><g v="inan"></g><g v="masc"></g><g v="sing"></g><g v="accs"></g></l></v></tfr></token><token id="682511" text="профессора"><tfr rev_id="4389400" t="профессора"><v><l id="286926" t="профессор"><g v="NOUN"></g><g v="anim"></g><g v="masc"></g><g v="sing"></g><g v="gent"></g></l></v></tfr></token><token id="682512" text="Хокинга"><tfr rev_id="4397672" t="Хокинга"><v><l id="389979" t="хокинг"><g v="NOUN"></g><g v="anim"></g><g v="masc"></g><g v="Sgtm"></g><g v="Surn"></g><g v="sing"></g><g v="gent"></g></l></v></tfr></token><token id="682513" text="будет"><tfr rev_id="1514577" t="будет"><v><l id="37265" t="есть"><g v="VERB"></g><g v="impf"></g><g v="intr"></g><g v="sing"></g><g v="3per"></g><g v="futr"></g><g v="indc"></g></l></v></tfr></token><token id="682514" text="осуществлён"><tfr rev_id="1514578" t="осуществлён"><v><l id="211532" t="осуществлён"><g v="PRTS"></g><g v="perf"></g><g v="past"></g><g v="pssv"></g><g v="masc"></g><g v="sing"></g></l></v></tfr></token><token id="682515" text="с"><tfr rev_id="1514579" t="с"><v><l id="311151" t="с"><g v="PREP"></g></l></v></tfr></token><token id="682516" text="благотворительными"><tfr rev_id="1514580" t="благотворительными"><v><l id="30593" t="благотворительный"><g v="ADJF"></g><g v="plur"></g><g v="ablt"></g></l></v></tfr></token><token id="682517" text="целями"><tfr rev_id="1514581" t="целями"><v><l id="373216" t="цель"><g v="NOUN"></g><g v="inan"></g><g v="femn"></g><g v="plur"></g><g v="ablt"></g></l></v></tfr></token><token id="682518" text="."><tfr rev_id="1514582" t="."><v><l id="0" t="."><g v="PNCT"></g></l></v></tfr></token></tokens></sentence><sentence id="38274"><source>В полёте будут участвовать также представители некоторых благотворительных фондов.</source><tokens><token id="682519" text="В"><tfr rev_id="1514583" t="В"><v><l id="37409" t="в"><g v="PREP"></g></l></v></tfr></token><token id="682520" text="полёте"><tfr rev_id="1715216" t="полёте"><v><l id="255108" t="полёт"><g v="NOUN"></g><g v="inan"></g><g v="masc"></g><g v="sing"></g><g v="loct"></g></l></v></tfr></token><token id="682521" text="будут"><tfr rev_id="1514585" t="будут"><v><l id="37265" t="есть"><g v="VERB"></g><g v="impf"></g><g v="intr"></g><g v="plur"></g><g v="3per"></g><g v="futr"></g><g v="indc"></g></l></v></tfr></token><token id="682522" text="участвовать"><tfr rev_id="1514586" t="участвовать"><v><l id="363128" t="участвовать"><g v="INFN"></g><g v="impf"></g><g v="intr"></g></l></v></tfr></token><token id="682523" text="также"><tfr rev_id="4267825" t="также"><v><l id="342482" t="также"><g v="PRCL"></g></l></v></tfr></token><token id="682524" text="представители"><tfr rev_id="1514588" t="представители"><v><l id="267083" t="представитель"><g v="NOUN"></g><g v="anim"></g><g v="masc"></g><g v="plur"></g><g v="nomn"></g></l></v></tfr></token><token id="682525" text="некоторых"><tfr rev_id="4419816" t="некоторых"><v><l id="183542" t="некоторый"><g v="ADJF"></g><g v="Apro"></g><g v="plur"></g><g v="gent"></g></l></v></tfr></token><token id="682526" text="благотворительных"><tfr rev_id="4198081" t="благотворительных"><v><l id="30593" t="благотворительный"><g v="ADJF"></g><g v="plur"></g><g v="gent"></g></l></v></tfr></token><token id="682527" text="фондов"><tfr rev_id="1514591" t="фондов"><v><l id="366948" t="фонд"><g v="NOUN"></g><g v="inan"></g><g v="masc"></g><g v="plur"></g><g v="gent"></g></l></v></tfr></token><token id="682528" text="."><tfr rev_id="1514592" t="."><v><l id="0" t="."><g v="PNCT"></g></l></v></tfr></token></tokens></sentence></paragraph><paragraph id="12261"><sentence id="38275"><source>Участники эксперимента проведут краткую тренировку перед полётом.</source><tokens><token id="682529" text="Участники"><tfr rev_id="1514593" t="Участники"><v><l id="363151" t="участник"><g v="NOUN"></g><g v="anim"></g><g v="masc"></g><g v="plur"></g><g v="nomn"></g></l></v></tfr></token><token id="682530" text="эксперимента"><tfr rev_id="1514594" t="эксперимента"><v><l id="383569" t="эксперимент"><g v="NOUN"></g><g v="inan"></g><g v="masc"></g><g v="sing"></g><g v="gent"></g></l></v></tfr></token><token id="682531" text="проведут"><tfr rev_id="1514595" t="проведут"><v><l id="277830" t="провёл"><g v="VERB"></g><g v="perf"></g><g v="tran"></g><g v="plur"></g><g v="3per"></g><g v="futr"></g><g v="indc"></g></l></v></tfr></token><token id="682532" text="краткую"><tfr rev_id="1514596" t="краткую"><v><l id="142067" t="краткий"><g v="ADJF"></g><g v="Qual"></g><g v="femn"></g><g v="sing"></g><g v="accs"></g></l></v></tfr></token><token id="682533" text="тренировку"><tfr rev_id="1514597" t="тренировку"><v><l id="349659" t="тренировка"><g v="NOUN"></g><g v="inan"></g><g v="femn"></g><g v="sing"></g><g v="accs"></g></l></v></tfr></token><token id="682534" text="перед"><tfr rev_id="2386869" t="перед"><v><l id="228071" t="перед"><g v="PREP"></g></l></v></tfr></token><token id="682535" text="полётом"><tfr rev_id="1514599" t="полётом"><v><l id="255108" t="полёт"><g v="NOUN"></g><g v="inan"></g><g v="masc"></g><g v="sing"></g><g v="ablt"></g></l></v></tfr></token><token id="682536" text="."><tfr rev_id="1514600" t="."><v><l id="0" t="."><g v="PNCT"></g></l></v></tfr></token></tokens></sentence><sentence id="38276"><source>Сам полёт будет продолжаться 90 минут.</source><tokens><token id="682537" text="Сам"><tfr rev_id="1514601" t="Сам"><v><l id="312034" t="сам"><g v="ADJF"></g><g v="Apro"></g><g v="masc"></g><g v="sing"></g><g v="nomn"></g></l></v><v><l id="312034" t="сам"><g v="ADJF"></g><g v="Apro"></g><g v="inan"></g><g v="masc"></g><g v="sing"></g><g v="accs"></g></l></v></tfr></token><token id="682538" text="полёт"><tfr rev_id="1714416" t="полёт"><v><l id="255108" t="полёт"><g v="NOUN"></g><g v="inan"></g><g v="masc"></g><g v="sing"></g><g v="nomn"></g></l></v><v><l id="255108" t="полёт"><g v="NOUN"></g><g v="inan"></g><g v="masc"></g><g v="sing"></g><g v="accs"></g></l></v></tfr></token><token id="682539" text="будет"><tfr rev_id="1514603" t="будет"><v><l id="37265" t="есть"><g v="VERB"></g><g v="impf"></g><g v="intr"></g><g v="sing"></g><g v="3per"></g><g v="futr"></g><g v="indc"></g></l></v></tfr></token><token id="682540" text="продолжаться"><tfr rev_id="1514604" t="продолжаться"><v><l id="279223" t="продолжаться"><g v="INFN"></g><g v="impf"></g><g v="intr"></g></l></v></tfr></token><token id="682541" text="90"><tfr rev_id="2462680" t="90"><v><l id="0" t="90"><g v="NUMB"></g></l></v></tfr></token><token id="682542" text="минут"><tfr rev_id="1716288" t="минут"><v><l id="160750" t="минута"><g v="NOUN"></g><g v="inan"></g><g v="femn"></g><g v="plur"></g><g v="gent"></g></l></v></tfr></token><token id="682543" text="."><tfr rev_id="1514607" t="."><v><l id="0" t="."><g v="PNCT"></g></l></v></tfr></token></tokens></sentence><sentence id="38277"><source>Во время полёта самолёта по параболической траектории, пассажиры испытают силу тяжести на Марсе (1/3 от земной силы тяжести), силу тяжести на Луне (1/6 от земной) и невесомость.</source><tokens><token id="682544" text="Во"><tfr rev_id="2920316" t="Во"><v><l id="37409" t="в"><g v="PREP"></g><g v="Vpre"></g></l></v></tfr></token><token id="682545" text="время"><tfr rev_id="1514609" t="время"><v><l id="53149" t="время"><g v="NOUN"></g><g v="inan"></g><g v="neut"></g><g v="sing"></g><g v="nomn"></g></l></v><v><l id="53149" t="время"><g v="NOUN"></g><g v="inan"></g><g v="neut"></g><g v="sing"></g><g v="accs"></g></l></v></tfr></token><token id="682546" text="полёта"><tfr rev_id="1514610" t="полёта"><v><l id="255108" t="полёт"><g v="NOUN"></g><g v="inan"></g><g v="masc"></g><g v="sing"></g><g v="gent"></g></l></v></tfr></token><token id="682547" text="самолёта"><tfr rev_id="1514611" t="самолёта"><v><l id="312513" t="самолёт"><g v="NOUN"></g><g v="inan"></g><g v="masc"></g><g v="sing"></g><g v="gent"></g></l></v></tfr></token><token id="682548" text="по"><tfr rev_id="1514612" t="по"><v><l id="241240" t="по"><g v="PREP"></g></l></v></tfr></token><token id="682549" text="параболической"><tfr rev_id="4173140" t="параболической"><v><l id="223635" t="параболический"><g v="ADJF"></g><g v="femn"></g><g v="sing"></g><g v="datv"></g></l></v></tfr></token><token id="682550" text="траектории"><tfr rev_id="4344283" t="траектории"><v><l id="348772" t="траектория"><g v="NOUN"></g><g v="inan"></g><g v="femn"></g><g v="sing"></g><g v="datv"></g></l></v></tfr></token><token id="682551" text=","><tfr rev_id="1514615" t=","><v><l id="0" t=","><g v="PNCT"></g></l></v></tfr></token><token id="682552" text="пассажиры"><tfr rev_id="1514616" t="пассажиры"><v><l id="224760" t="пассажир"><g v="NOUN"></g><g v="anim"></g><g v="masc"></g><g v="plur"></g><g v="nomn"></g></l></v></tfr></token><token id="682553" text="испытают"><tfr rev_id="1514617" t="испытают"><v><l id="125668" t="испытал"><g v="VERB"></g><g v="perf"></g><g v="tran"></g><g v="plur"></g><g v="3per"></g><g v="futr"></g><g v="indc"></g></l></v></tfr></token><token id="682554" text="силу"><tfr rev_id="3714632" t="силу"><v><l id="320333" t="сила"><g v="NOUN"></g><g v="inan"></g><g v="femn"></g><g v="sing"></g><g v="accs"></g></l></v></tfr></token><token id="682555" text="тяжести"><tfr rev_id="3554618" t="тяжести"><v><l id="352737" t="тяжесть"><g v="NOUN"></g><g v="inan"></g><g v="femn"></g><g v="sing"></g><g v="gent"></g></l></v></tfr></token><token id="682556" text="на"><tfr rev_id="3341907" t="на"><v><l id="166264" t="на"><g v="PREP"></g></l></v></tfr></token><token id="682557" text="Марсе"><tfr rev_id="4508187" t="Марсе"><v><l id="390930" t="марс"><g v="NOUN"></g><g v="inan"></g><g v="masc"></g><g v="Geox"></g><g v="sing"></g><g v="loct"></g></l></v></tfr></token><token id="682558" text="("><tfr rev_id="1514622" t="("><v><l id="0" t="("><g v="PNCT"></g></l></v></tfr></token><token id="682559" text="1/3"><tfr rev_id="1514623" t="1/3"><v><l id="0" t="1/3"><g v="UNKN"></g></l></v></tfr></token><token id="682560" text="от"><tfr rev_id="1514624" t="от"><v><l id="211644" t="от"><g v="PREP"></g></l></v></tfr></token><token id="682561" text="земной"><tfr rev_id="4316777" t="земной"><v><l id="115119" t="земной"><g v="ADJF"></g><g v="femn"></g><g v="sing"></g><g v="gent"></g></l></v></tfr></token><token id="682562" text="силы"><tfr rev_id="3482620" t="силы"><v><l id="320333" t="сила"><g v="NOUN"></g><g v="inan"></g><g v="femn"></g><g v="sing"></g><g v="gent"></g></l></v></tfr></token><token id="682563" text="тяжести"><tfr rev_id="4344284" t="тяжести"><v><l id="352737" t="тяжесть"><g v="NOUN"></g><g v="inan"></g><g v="femn"></g><g v="sing"></g><g v="gent"></g></l></v></tfr></token><token id="682564" text=")"><tfr rev_id="1514628" t=")"><v><l id="0" t=")"><g v="PNCT"></g></l></v></tfr></token><token id="682565" text=","><tfr rev_id="1514629" t=","><v><l id="0" t=","><g v="PNCT"></g></l></v></tfr></token><token id="682566" text="силу"><tfr rev_id="3696206" t="силу"><v><l id="320333" t="сила"><g v="NOUN"></g><g v="inan"></g><g v="femn"></g><g v="sing"></g><g v="accs"></g></l></v></tfr></token><token id="682567" text="тяжести"><tfr rev_id="4280907" t="тяжести"><v><l id="352737" t="тяжесть"><g v="NOUN"></g><g v="inan"></g><g v="femn"></g><g v="sing"></g><g v="gent"></g></l></v></tfr></token><token id="682568" text="на"><tfr rev_id="3342972" t="на"><v><l id="166264" t="на"><g v="PREP"></g></l></v></tfr></token><token id="682569" text="Луне"><tfr rev_id="4331092" t="Луне"><v><l id="151474" t="луна"><g v="NOUN"></g><g v="inan"></g><g v="femn"></g><g v="sing"></g><g v="loct"></g></l></v></tfr></token><token id="682570" text="("><tfr rev_id="1514634" t="("><v><l id="0" t="("><g v="PNCT"></g></l></v></tfr></token><token id="682571" text="1/6"><tfr rev_id="1514635" t="1/6"><v><l id="0" t="1/6"><g v="UNKN"></g></l></v></tfr></token><token id="682572" text="от"><tfr rev_id="1514636" t="от"><v><l id="211644" t="от"><g v="PREP"></g></l></v></tfr></token><token id="682573" text="земной"><tfr rev_id="2635682" t="земной"><v><l id="115119" t="земной"><g v="ADJF"></g><g v="femn"></g><g v="sing"></g><g v="gent"></g></l></v><v><l id="115119" t="земной"><g v="ADJF"></g><g v="femn"></g><g v="sing"></g><g v="datv"></g></l></v><v><l id="115119" t="земной"><g v="ADJF"></g><g v="femn"></g><g v="sing"></g><g v="ablt"></g></l></v><v><l id="115119" t="земной"><g v="ADJF"></g><g v="femn"></g><g v="sing"></g><g v="loct"></g></l></v></tfr></token><token id="682574" text=")"><tfr rev_id="1514638" t=")"><v><l id="0" t=")"><g v="PNCT"></g></l></v></tfr></token><token id="682575" text="и"><tfr rev_id="1514639" t="и"><v><l id="116949" t="и"><g v="CONJ"></g></l></v><v><l id="116950" t="и"><g v="INTJ"></g></l></v></tfr></token><token id="682576" text="невесомость"><tfr rev_id="3503295" t="невесомость"><v><l id="179695" t="невесомость"><g v="NOUN"></g><g v="inan"></g><g v="femn"></g><g v="sing"></g><g v="accs"></g></l></v></tfr></token><token id="682577" text="."><tfr rev_id="1514641" t="."><v><l id="0" t="."><g v="PNCT"></g></l></v></tfr></token></tokens></sentence></paragraph><paragraph id="12262"><sentence id="38278"><source>Корпорация Zero Gravity проводит такие, доступные для широкой публики, полёты с сентября 2004 года.</source><tokens><token id="682578" text="Корпорация"><tfr rev_id="1514642" t="Корпорация"><v><l id="140149" t="корпорация"><g v="NOUN"></g><g v="inan"></g><g v="femn"></g><g v="sing"></g><g v="nomn"></g></l></v></tfr></token><token id="682579" text="Zero"><tfr rev_id="2475352" t="Zero"><v><l id="0" t="Zero"><g v="LATN"></g></l></v></tfr></token><token id="682580" text="Gravity"><tfr rev_id="2475353" t="Gravity"><v><l id="0" t="Gravity"><g v="LATN"></g></l></v></tfr></token><token id="682581" text="проводит"><tfr rev_id="1514645" t="проводит"><v><l id="278002" t="провожу"><g v="VERB"></g><g v="impf"></g><g v="tran"></g><g v="sing"></g><g v="3per"></g><g v="pres"></g><g v="indc"></g></l></v><v><l id="278009" t="проводил"><g v="VERB"></g><g v="perf"></g><g v="tran"></g><g v="sing"></g><g v="3per"></g><g v="futr"></g><g v="indc"></g></l></v></tfr></token><token id="682582" text="такие"><tfr rev_id="3765444" t="такие"><v><l id="342491" t="такой"><g v="ADJF"></g><g v="Apro"></g><g v="inan"></g><g v="plur"></g><g v="accs"></g></l></v></tfr></token><token id="682583" text=","><tfr rev_id="1514647" t=","><v><l id="0" t=","><g v="PNCT"></g></l></v></tfr></token><token id="682584" text="доступные"><tfr rev_id="3819355" t="доступные"><v><l id="90730" t="доступный"><g v="ADJF"></g><g v="Qual"></g><g v="inan"></g><g v="plur"></g><g v="accs"></g></l></v></tfr></token><token id="682585" text="для"><tfr rev_id="3418201" t="для"><v><l id="85032" t="для"><g v="PREP"></g></l></v></tfr></token><token id="682586" text="широкой"><tfr rev_id="2948649" t="широкой"><v><l id="379815" t="широкий"><g v="ADJF"></g><g v="Qual"></g><g v="femn"></g><g v="sing"></g><g v="gent"></g></l></v></tfr></token><token id="682587" text="публики"><tfr rev_id="3439693" t="публики"><v><l id="288823" t="публика"><g v="NOUN"></g><g v="inan"></g><g v="femn"></g><g v="sing"></g><g v="gent"></g></l></v></tfr></token><token id="682588" text=","><tfr rev_id="1514652" t=","><v><l id="0" t=","><g v="PNCT"></g></l></v></tfr></token><token id="682589" text="полёты"><tfr rev_id="3756693" t="полёты"><v><l id="255108" t="полёт"><g v="NOUN"></g><g v="inan"></g><g v="masc"></g><g v="plur"></g><g v="accs"></g></l></v></tfr></token><token id="682590" text="с"><tfr rev_id="1514654" t="с"><v><l id="311151" t="с"><g v="PREP"></g></l></v></tfr></token><token id="682591" text="сентября"><tfr rev_id="1514655" t="сентября"><v><l id="318866" t="сентябрь"><g v="NOUN"></g><g v="inan"></g><g v="masc"></g><g v="sing"></g><g v="gent"></g></l></v></tfr></token><token id="682592" text="2004"><tfr rev_id="2462681" t="2004"><v><l id="0" t="2004"><g v="NUMB"></g></l></v></tfr></token><token id="682593" text="года"><tfr rev_id="3489207" t="года"><v><l id="72149" t="год"><g v="NOUN"></g><g v="inan"></g><g v="masc"></g><g v="sing"></g><g v="gen1"></g></l></v></tfr></token><token id="682594" text="."><tfr rev_id="1514658" t="."><v><l id="0" t="."><g v="PNCT"></g></l></v></tfr></token></tokens></sentence><sentence id="38279"><source>Было проведено уже более 100 полётов.</source><tokens><token id="682595" text="Было"><tfr rev_id="2780958" t="Было"><v><l id="37265" t="есть"><g v="VERB"></g><g v="impf"></g><g v="intr"></g><g v="neut"></g><g v="sing"></g><g v="past"></g><g v="indc"></g></l></v></tfr></token><token id="682596" text="проведено"><tfr rev_id="1514660" t="проведено"><v><l id="277834" t="проведён"><g v="PRTS"></g><g v="perf"></g><g v="past"></g><g v="pssv"></g><g v="neut"></g><g v="sing"></g></l></v></tfr></token><token id="682597" text="уже"><tfr rev_id="2692879" t="уже"><v><l id="355422" t="уж"><g v="NOUN"></g><g v="anim"></g><g v="masc"></g><g v="sing"></g><g v="loct"></g></l></v><v><l id="355498" t="уже"><g v="ADVB"></g></l></v><v><l id="355674" t="уже"><g v="COMP"></g><g v="Qual"></g></l></v><v><l id="388673" t="уже"><g v="PRCL"></g></l></v></tfr></token><token id="682598" text="более"><tfr rev_id="1514662" t="более"><v><l id="32065" t="более"><g v="ADVB"></g></l></v></tfr></token><token id="682599" text="100"><tfr rev_id="2462682" t="100"><v><l id="0" t="100"><g v="NUMB"></g></l></v></tfr></token><token id="682600" text="полётов"><tfr rev_id="1514664" t="полётов"><v><l id="255108" t="полёт"><g v="NOUN"></g><g v="inan"></g><g v="masc"></g><g v="plur"></g><g v="gent"></g></l></v></tfr></token><token id="682601" text="."><tfr rev_id="1514665" t="."><v><l id="0" t="."><g v="PNCT"></g></l></v></tfr></token></tokens></sentence><sentence id="38280"><source>В них участвовали более 2500 человек, возраст которых от 12 до 85 лет, и среди которых были знаменитости, предприниматели, учёные, учителя.</source><tokens><token id="682602" text="В"><tfr rev_id="1514666" t="В"><v><l id="37409" t="в"><g v="PREP"></g></l></v></tfr></token><token id="682603" text="них"><tfr rev_id="3711769" t="них"><v><l id="206619" t="они"><g v="NPRO"></g><g v="3per"></g><g v="Anph"></g><g v="plur"></g><g v="loct"></g><g v="Af-p"></g></l></v></tfr></token><token id="682604" text="участвовали"><tfr rev_id="1514668" t="участвовали"><v><l id="363127" t="участвую"><g v="VERB"></g><g v="impf"></g><g v="intr"></g><g v="plur"></g><g v="past"></g><g v="indc"></g></l></v></tfr></token><token id="682605" text="более"><tfr rev_id="1514669" t="более"><v><l id="32065" t="более"><g v="ADVB"></g></l></v></tfr></token><token id="682606" text="2500"><tfr rev_id="2462683" t="2500"><v><l id="0" t="2500"><g v="NUMB"></g></l></v></tfr></token><token id="682607" text="человек"><tfr rev_id="3432561" t="человек"><v><l id="375073" t="человек"><g v="NOUN"></g><g v="anim"></g><g v="masc"></g><g v="plur"></g><g v="gent"></g></l></v></tfr></token><token id="682608" text=","><tfr rev_id="1514672" t=","><v><l id="0" t=","><g v="PNCT"></g></l></v></tfr></token><token id="682609" text="возраст"><tfr rev_id="1514673" t="возраст"><v><l id="49611" t="возраст"><g v="NOUN"></g><g v="inan"></g><g v="masc"></g><g v="sing"></g><g v="nomn"></g></l></v><v><l id="49611" t="возраст"><g v="NOUN"></g><g v="inan"></g><g v="masc"></g><g v="sing"></g><g v="accs"></g></l></v></tfr></token><token id="682610" text="которых"><tfr rev_id="4403029" t="которых"><v><l id="141203" t="который"><g v="ADJF"></g><g v="Apro"></g><g v="Subx"></g><g v="Anph"></g><g v="plur"></g><g v="gent"></g></l></v></tfr></token><token id="682611" text="от"><tfr rev_id="1514675" t="от"><v><l id="211644" t="от"><g v="PREP"></g></l></v></tfr></token><token id="682612" text="12"><tfr rev_id="2462684" t="12"><v><l id="0" t="12"><g v="NUMB"></g></l></v></tfr></token><token id="682613" text="до"><tfr rev_id="1514677" t="до"><v><l id="85153" t="до"><g v="PREP"></g></l></v></tfr></token><token id="682614" text="85"><tfr rev_id="2462685" t="85"><v><l id="0" t="85"><g v="NUMB"></g></l></v></tfr></token><token id="682615" text="лет"><tfr rev_id="3482719" t="лет"><v><l id="72149" t="год"><g v="NOUN"></g><g v="inan"></g><g v="masc"></g><g v="plur"></g><g v="gent"></g></l></v></tfr></token><token id="682616" text=","><tfr rev_id="1514680" t=","><v><l id="0" t=","><g v="PNCT"></g></l></v></tfr></token><token id="682617" text="и"><tfr rev_id="1514681" t="и"><v><l id="116949" t="и"><g v="CONJ"></g></l></v><v><l id="116950" t="и"><g v="INTJ"></g></l></v></tfr></token><token id="682618" text="среди"><tfr rev_id="1514682" t="среди"><v><l id="333473" t="среди"><g v="PREP"></g></l></v></tfr></token><token id="682619" text="которых"><tfr rev_id="3643862" t="которых"><v><l id="141203" t="который"><g v="ADJF"></g><g v="Apro"></g><g v="Subx"></g><g v="Anph"></g><g v="plur"></g><g v="gent"></g></l></v></tfr></token><token id="682620" text="были"><tfr rev_id="1716289" t="были"><v><l id="37265" t="есть"><g v="VERB"></g><g v="impf"></g><g v="intr"></g><g v="plur"></g><g v="past"></g><g v="indc"></g></l></v></tfr></token><token id="682621" text="знаменитости"><tfr rev_id="4577370" t="знаменитости"><v><l id="390880" t="знаменитость"><g v="NOUN"></g><g v="anim"></g><g v="femn"></g><g v="plur"></g><g v="nomn"></g></l></v><v><l id="390880" t="знаменитость"><g v="NOUN"></g><g v="anim"></g><g v="femn"></g><g v="sing"></g><g v="datv"></g></l></v><v><l id="390880" t="знаменитость"><g v="NOUN"></g><g v="anim"></g><g v="femn"></g><g v="sing"></g><g v="gent"></g></l></v><v><l id="390880" t="знаменитость"><g v="NOUN"></g><g v="anim"></g><g v="femn"></g><g v="sing"></g><g v="loct"></g></l></v></tfr></token><token id="682622" text=","><tfr rev_id="1514686" t=","><v><l id="0" t=","><g v="PNCT"></g></l></v></tfr></token><token id="682623" text="предприниматели"><tfr rev_id="1514687" t="предприниматели"><v><l id="266898" t="предприниматель"><g v="NOUN"></g><g v="anim"></g><g v="masc"></g><g v="plur"></g><g v="nomn"></g></l></v></tfr></token><token id="682624" text=","><tfr rev_id="1514688" t=","><v><l id="0" t=","><g v="PNCT"></g></l></v></tfr></token><token id="682625" text="учёные"><tfr rev_id="4264220" t="учёные"><v><l id="363100" t="учёный"><g v="NOUN"></g><g v="anim"></g><g v="masc"></g><g v="plur"></g><g v="nomn"></g></l></v></tfr></token><token id="682626" text=","><tfr rev_id="1514690" t=","><v><l id="0" t=","><g v="PNCT"></g></l></v></tfr></token><token id="682627" text="учителя"><tfr rev_id="3437950" t="учителя"><v><l id="363287" t="учитель"><g v="NOUN"></g><g v="anim"></g><g v="masc"></g><g v="plur"></g><g v="nomn"></g></l></v></tfr></token><token id="682628" text="."><tfr rev_id="1514692" t="."><v><l id="0" t="."><g v="PNCT"></g></l></v></tfr></token></tokens></sentence><sentence id="38281"><source>Полёты проводятся на специально оборудованном самолёте «Боинг 727-200».</source><tokens><token id="682629" text="Полёты"><tfr rev_id="3748098" t="Полёты"><v><l id="255108" t="полёт"><g v="NOUN"></g><g v="inan"></g><g v="masc"></g><g v="plur"></g><g v="nomn"></g></l></v></tfr></token><token id="682630" text="проводятся"><tfr rev_id="1514694" t="проводятся"><v><l id="278015" t="провожусь"><g v="VERB"></g><g v="impf"></g><g v="intr"></g><g v="plur"></g><g v="3per"></g><g v="pres"></g><g v="indc"></g></l></v></tfr></token><token id="682631" text="на"><tfr rev_id="3336890" t="на"><v><l id="166264" t="на"><g v="PREP"></g></l></v></tfr></token><token id="682632" text="специально"><tfr rev_id="1514696" t="специально"><v><l id="331873" t="специально"><g v="ADVB"></g></l></v><v><l id="331877" t="специален"><g v="ADJS"></g><g v="neut"></g><g v="sing"></g></l></v></tfr></token><token id="682633" text="оборудованном"><tfr rev_id="3443241" t="оборудованном"><v><l id="198567" t="оборудованный"><g v="PRTF"></g><g v="perf"></g><g v="tran"></g><g v="past"></g><g v="pssv"></g><g v="masc"></g><g v="sing"></g><g v="loct"></g></l></v><v><l id="198568" t="оборудованный"><g v="PRTF"></g><g v="impf"></g><g v="tran"></g><g v="past"></g><g v="pssv"></g><g v="masc"></g><g v="sing"></g><g v="loct"></g></l></v></tfr></token><token id="682634" text="самолёте"><tfr rev_id="1514698" t="самолёте"><v><l id="312513" t="самолёт"><g v="NOUN"></g><g v="inan"></g><g v="masc"></g><g v="sing"></g><g v="loct"></g></l></v></tfr></token><token id="682635" text="«"><tfr rev_id="2446640" t="«"><v><l id="0" t="«"><g v="PNCT"></g></l></v></tfr></token><token id="682636" text="Боинг"><tfr rev_id="3689129" t="Боинг"><v><l id="31904" t="боинг"><g v="NOUN"></g><g v="inan"></g><g v="masc"></g><g v="sing"></g><g v="nomn"></g></l></v></tfr></token><token id="682637" text="727-200"><tfr rev_id="1514701" t="727-200"><v><l id="0" t="727-200"><g v="UNKN"></g></l></v></tfr></token><token id="682638" text="»"><tfr rev_id="2446641" t="»"><v><l id="0" t="»"><g v="PNCT"></g></l></v></tfr></token><token id="682639" text="."><tfr rev_id="1514703" t="."><v><l id="0" t="."><g v="PNCT"></g></l></v></tfr></token></tokens></sentence></paragraph></paragraphs></text>