<?xml version="1.0" encoding="utf-8"?><text id="1339" parent="604" name="0156051 Borland и Oracle"><tags><tag>url:http://yakov-sirotkin.livejournal.com/156051.html</tag><tag>Год:2010</tag><tag>Дата:27/10</tag><tag>Время:12:03</tag></tags><paragraphs><paragraph id="12272"><sentence id="38331"><source>Borland и Oracle</source><tokens><token id="683383" text="Borland"><tfr rev_id="2475354" t="Borland"><v><l id="0" t="Borland"><g v="LATN"></g></l></v></tfr></token><token id="683384" text="и"><tfr rev_id="1515248" t="и"><v><l id="116949" t="и"><g v="CONJ"></g></l></v><v><l id="116950" t="и"><g v="INTJ"></g></l></v></tfr></token><token id="683385" text="Oracle"><tfr rev_id="2475355" t="Oracle"><v><l id="0" t="Oracle"><g v="LATN"></g></l></v></tfr></token></tokens></sentence></paragraph><paragraph id="12273"><sentence id="38332"><source>Была у нас уже компания, которая занимала лидирующее положение на рынке и активно покупала.</source><tokens><token id="683386" text="Была"><tfr rev_id="1515250" t="Была"><v><l id="37265" t="есть"><g v="VERB"></g><g v="impf"></g><g v="intr"></g><g v="femn"></g><g v="sing"></g><g v="past"></g><g v="indc"></g></l></v></tfr></token><token id="683387" text="у"><tfr rev_id="3230824" t="у"><v><l id="352818" t="у"><g v="PREP"></g></l></v></tfr></token><token id="683388" text="нас"><tfr rev_id="4199244" t="нас"><v><l id="165750" t="мы"><g v="NPRO"></g><g v="1per"></g><g v="plur"></g><g v="gent"></g></l></v></tfr></token><token id="683389" text="уже"><tfr rev_id="2692881" t="уже"><v><l id="355422" t="уж"><g v="NOUN"></g><g v="anim"></g><g v="masc"></g><g v="sing"></g><g v="loct"></g></l></v><v><l id="355498" t="уже"><g v="ADVB"></g></l></v><v><l id="355674" t="уже"><g v="COMP"></g><g v="Qual"></g></l></v><v><l id="388673" t="уже"><g v="PRCL"></g></l></v></tfr></token><token id="683390" text="компания"><tfr rev_id="1515254" t="компания"><v><l id="137146" t="компания"><g v="NOUN"></g><g v="inan"></g><g v="femn"></g><g v="sing"></g><g v="nomn"></g></l></v></tfr></token><token id="683391" text=","><tfr rev_id="1515255" t=","><v><l id="0" t=","><g v="PNCT"></g></l></v></tfr></token><token id="683392" text="которая"><tfr rev_id="3639850" t="которая"><v><l id="141203" t="который"><g v="ADJF"></g><g v="Apro"></g><g v="Subx"></g><g v="Anph"></g><g v="femn"></g><g v="sing"></g><g v="nomn"></g></l></v></tfr></token><token id="683393" text="занимала"><tfr rev_id="1515257" t="занимала"><v><l id="106412" t="занимаю"><g v="VERB"></g><g v="impf"></g><g v="tran"></g><g v="femn"></g><g v="sing"></g><g v="past"></g><g v="indc"></g></l></v></tfr></token><token id="683394" text="лидирующее"><tfr rev_id="1515258" t="лидирующее"><v><l id="149021" t="лидирующий"><g v="PRTF"></g><g v="impf"></g><g v="intr"></g><g v="pres"></g><g v="actv"></g><g v="neut"></g><g v="sing"></g><g v="nomn"></g></l></v><v><l id="149021" t="лидирующий"><g v="PRTF"></g><g v="impf"></g><g v="intr"></g><g v="pres"></g><g v="actv"></g><g v="neut"></g><g v="sing"></g><g v="accs"></g></l></v></tfr></token><token id="683395" text="положение"><tfr rev_id="4102060" t="положение"><v><l id="256255" t="положение"><g v="NOUN"></g><g v="inan"></g><g v="neut"></g><g v="sing"></g><g v="accs"></g></l></v></tfr></token><token id="683396" text="на"><tfr rev_id="3333903" t="на"><v><l id="166264" t="на"><g v="PREP"></g></l></v></tfr></token><token id="683397" text="рынке"><tfr rev_id="1515261" t="рынке"><v><l id="310781" t="рынок"><g v="NOUN"></g><g v="inan"></g><g v="masc"></g><g v="sing"></g><g v="loct"></g></l></v></tfr></token><token id="683398" text="и"><tfr rev_id="1515262" t="и"><v><l id="116949" t="и"><g v="CONJ"></g></l></v><v><l id="116950" t="и"><g v="INTJ"></g></l></v></tfr></token><token id="683399" text="активно"><tfr rev_id="4092382" t="активно"><v><l id="7661" t="активно"><g v="ADVB"></g></l></v></tfr></token><token id="683400" text="покупала"><tfr rev_id="1515264" t="покупала"><v><l id="255002" t="покупаю"><g v="VERB"></g><g v="impf"></g><g v="tran"></g><g v="femn"></g><g v="sing"></g><g v="past"></g><g v="indc"></g></l></v><v><l id="255009" t="покупал"><g v="VERB"></g><g v="perf"></g><g v="tran"></g><g v="femn"></g><g v="sing"></g><g v="past"></g><g v="indc"></g></l></v></tfr></token><token id="683401" text="."><tfr rev_id="1515265" t="."><v><l id="0" t="."><g v="PNCT"></g></l></v></tfr></token></tokens></sentence><sentence id="38333"><source>Но внезапно появилась IDEA и просто вынесла JBuilder с рынка, Borland даже не попытался ничего сделать.</source><tokens><token id="683402" text="Но"><tfr rev_id="1515266" t="Но"><v><l id="191429" t="но"><g v="CONJ"></g></l></v><v><l id="191430" t="но"><g v="INTJ"></g></l></v></tfr></token><token id="683403" text="внезапно"><tfr rev_id="3526014" t="внезапно"><v><l id="47359" t="внезапно"><g v="ADVB"></g></l></v></tfr></token><token id="683404" text="появилась"><tfr rev_id="1515268" t="появилась"><v><l id="265507" t="появился"><g v="VERB"></g><g v="perf"></g><g v="intr"></g><g v="femn"></g><g v="sing"></g><g v="past"></g><g v="indc"></g></l></v></tfr></token><token id="683405" text="IDEA"><tfr rev_id="2475356" t="IDEA"><v><l id="0" t="IDEA"><g v="LATN"></g></l></v></tfr></token><token id="683406" text="и"><tfr rev_id="1515270" t="и"><v><l id="116949" t="и"><g v="CONJ"></g></l></v><v><l id="116950" t="и"><g v="INTJ"></g></l></v></tfr></token><token id="683407" text="просто"><tfr rev_id="1515271" t="просто"><v><l id="285025" t="просто"><g v="ADVB"></g><g v="Prdx"></g></l></v><v><l id="285026" t="просто"><g v="PRCL"></g></l></v><v><l id="285050" t="прост"><g v="ADJS"></g><g v="Qual"></g><g v="neut"></g><g v="sing"></g></l></v></tfr></token><token id="683408" text="вынесла"><tfr rev_id="1515272" t="вынесла"><v><l id="59878" t="вынес"><g v="VERB"></g><g v="perf"></g><g v="tran"></g><g v="femn"></g><g v="sing"></g><g v="past"></g><g v="indc"></g></l></v></tfr></token><token id="683409" text="JBuilder"><tfr rev_id="2475357" t="JBuilder"><v><l id="0" t="JBuilder"><g v="LATN"></g></l></v></tfr></token><token id="683410" text="с"><tfr rev_id="1515274" t="с"><v><l id="311151" t="с"><g v="PREP"></g></l></v></tfr></token><token id="683411" text="рынка"><tfr rev_id="1515275" t="рынка"><v><l id="310781" t="рынок"><g v="NOUN"></g><g v="inan"></g><g v="masc"></g><g v="sing"></g><g v="gent"></g></l></v></tfr></token><token id="683412" text=","><tfr rev_id="1515276" t=","><v><l id="0" t=","><g v="PNCT"></g></l></v></tfr></token><token id="683413" text="Borland"><tfr rev_id="2475358" t="Borland"><v><l id="0" t="Borland"><g v="LATN"></g></l></v></tfr></token><token id="683414" text="даже"><tfr rev_id="4079186" t="даже"><v><l id="77849" t="даже"><g v="PRCL"></g></l></v></tfr></token><token id="683415" text="не"><tfr rev_id="1515279" t="не"><v><l id="178876" t="не"><g v="PRCL"></g></l></v></tfr></token><token id="683416" text="попытался"><tfr rev_id="1515280" t="попытался"><v><l id="259840" t="попытался"><g v="VERB"></g><g v="perf"></g><g v="intr"></g><g v="masc"></g><g v="sing"></g><g v="past"></g><g v="indc"></g></l></v></tfr></token><token id="683417" text="ничего"><tfr rev_id="4465672" t="ничего"><v><l id="191376" t="ничего"><g v="ADVB"></g></l></v><v><l id="191377" t="ничего"><g v="PRCL"></g></l></v><v><l id="191386" t="ничто"><g v="NPRO"></g><g v="neut"></g><g v="sing"></g><g v="gent"></g></l></v><v><l id="390659" t="ничего"><g v="NPRO"></g><g v="neut"></g><g v="sing"></g><g v="nomn"></g></l></v></tfr></token><token id="683418" text="сделать"><tfr rev_id="1515282" t="сделать"><v><l id="317247" t="сделать"><g v="INFN"></g><g v="perf"></g><g v="tran"></g></l></v></tfr></token><token id="683419" text="."><tfr rev_id="1515283" t="."><v><l id="0" t="."><g v="PNCT"></g></l></v></tfr></token></tokens></sentence></paragraph></paragraphs></text>