<?xml version="1.0" encoding="utf-8"?><text id="1344" parent="226" name="01394 Евросоюз выделил 10 млрд евро на космос"><tags><tag>url:http://www.chaskor.ru/news/evrosoyuz_vydelil_10_mlrd_evro_na_kosmos_1394</tag><tag>Год:2008</tag><tag>Дата:27/11</tag><tag>Тема:ЧасКор:Технологии</tag><tag>Тема:ЧасКор:Технологии/Космонавтика</tag></tags><paragraphs><paragraph id="12287"><sentence id="38379"><source>Евросоюз выделил 10 млрд евро на космос</source><tokens><token id="684173" text="Евросоюз"><tfr rev_id="4095660" t="Евросоюз"><v><l id="94049" t="евросоюз"><g v="NOUN"></g><g v="inan"></g><g v="masc"></g><g v="Geox"></g><g v="sing"></g><g v="nomn"></g></l></v></tfr></token><token id="684174" text="выделил"><tfr rev_id="1516038" t="выделил"><v><l id="57031" t="выделил"><g v="VERB"></g><g v="perf"></g><g v="tran"></g><g v="masc"></g><g v="sing"></g><g v="past"></g><g v="indc"></g></l></v></tfr></token><token id="684175" text="10"><tfr rev_id="2462700" t="10"><v><l id="0" t="10"><g v="NUMB"></g></l></v></tfr></token><token id="684176" text="млрд"><tfr rev_id="4163439" t="млрд"><v><l id="389048" t="млрд"><g v="NOUN"></g><g v="inan"></g><g v="masc"></g><g v="Fixd"></g><g v="Abbr"></g><g v="plur"></g><g v="gent"></g></l></v></tfr></token><token id="684177" text="евро"><tfr rev_id="4171361" t="евро"><v><l id="94004" t="евро"><g v="NOUN"></g><g v="inan"></g><g v="neut"></g><g v="Fixd"></g><g v="plur"></g><g v="gent"></g></l></v></tfr></token><token id="684178" text="на"><tfr rev_id="3475205" t="на"><v><l id="166264" t="на"><g v="PREP"></g></l></v></tfr></token><token id="684179" text="космос"><tfr rev_id="3300864" t="космос"><v><l id="140637" t="космос"><g v="NOUN"></g><g v="inan"></g><g v="masc"></g><g v="sing"></g><g v="accs"></g></l></v></tfr></token></tokens></sentence><sentence id="38380"><source>Министры науки стран — членов Европейского космического агентства составили бюджет развития космических исследований: деньги будут потрачены на МКС, марсоход, орбитальный телескоп и систему слежения за спутниками.</source><tokens><token id="684180" text="Министры"><tfr rev_id="1516044" t="Министры"><v><l id="160614" t="министр"><g v="NOUN"></g><g v="anim"></g><g v="masc"></g><g v="plur"></g><g v="nomn"></g></l></v></tfr></token><token id="684181" text="науки"><tfr rev_id="3500715" t="науки"><v><l id="177429" t="наука"><g v="NOUN"></g><g v="inan"></g><g v="femn"></g><g v="sing"></g><g v="gent"></g></l></v></tfr></token><token id="684182" text="стран"><tfr rev_id="1516046" t="стран"><v><l id="337100" t="страна"><g v="NOUN"></g><g v="inan"></g><g v="femn"></g><g v="plur"></g><g v="gent"></g></l></v></tfr></token><token id="684183" text="—"><tfr rev_id="2446672" t="—"><v><l id="0" t="—"><g v="PNCT"></g></l></v></tfr></token><token id="684184" text="членов"><tfr rev_id="4404023" t="членов"><v><l id="376827" t="член"><g v="NOUN"></g><g v="anim"></g><g v="masc"></g><g v="plur"></g><g v="gent"></g></l></v></tfr></token><token id="684185" text="Европейского"><tfr rev_id="3449103" t="Европейского"><v><l id="94034" t="европейский"><g v="ADJF"></g><g v="neut"></g><g v="sing"></g><g v="gent"></g></l></v></tfr></token><token id="684186" text="космического"><tfr rev_id="4165099" t="космического"><v><l id="140606" t="космический"><g v="ADJF"></g><g v="neut"></g><g v="sing"></g><g v="gent"></g></l></v></tfr></token><token id="684187" text="агентства"><tfr rev_id="3465659" t="агентства"><v><l id="3934" t="агентство"><g v="NOUN"></g><g v="inan"></g><g v="neut"></g><g v="sing"></g><g v="gent"></g></l></v></tfr></token><token id="684188" text="составили"><tfr rev_id="1516052" t="составили"><v><l id="330483" t="составил"><g v="VERB"></g><g v="perf"></g><g v="tran"></g><g v="plur"></g><g v="past"></g><g v="indc"></g></l></v></tfr></token><token id="684189" text="бюджет"><tfr rev_id="1516053" t="бюджет"><v><l id="37326" t="бюджет"><g v="NOUN"></g><g v="inan"></g><g v="masc"></g><g v="sing"></g><g v="nomn"></g></l></v><v><l id="37326" t="бюджет"><g v="NOUN"></g><g v="inan"></g><g v="masc"></g><g v="sing"></g><g v="accs"></g></l></v></tfr></token><token id="684190" text="развития"><tfr rev_id="3439634" t="развития"><v><l id="292545" t="развитие"><g v="NOUN"></g><g v="inan"></g><g v="neut"></g><g v="sing"></g><g v="gent"></g></l></v></tfr></token><token id="684191" text="космических"><tfr rev_id="4159425" t="космических"><v><l id="140606" t="космический"><g v="ADJF"></g><g v="plur"></g><g v="gent"></g></l></v></tfr></token><token id="684192" text="исследований"><tfr rev_id="1516056" t="исследований"><v><l id="125799" t="исследование"><g v="NOUN"></g><g v="inan"></g><g v="neut"></g><g v="plur"></g><g v="gent"></g></l></v></tfr></token><token id="684193" text=":"><tfr rev_id="1516057" t=":"><v><l id="0" t=":"><g v="PNCT"></g></l></v></tfr></token><token id="684194" text="деньги"><tfr rev_id="4325104" t="деньги"><v><l id="81429" t="деньги"><g v="NOUN"></g><g v="inan"></g><g v="femn"></g><g v="plur"></g><g v="nomn"></g></l></v></tfr></token><token id="684195" text="будут"><tfr rev_id="1516059" t="будут"><v><l id="37265" t="есть"><g v="VERB"></g><g v="impf"></g><g v="intr"></g><g v="plur"></g><g v="3per"></g><g v="futr"></g><g v="indc"></g></l></v></tfr></token><token id="684196" text="потрачены"><tfr rev_id="1516060" t="потрачены"><v><l id="263506" t="потрачен"><g v="PRTS"></g><g v="perf"></g><g v="past"></g><g v="pssv"></g><g v="plur"></g></l></v></tfr></token><token id="684197" text="на"><tfr rev_id="3336946" t="на"><v><l id="166264" t="на"><g v="PREP"></g></l></v></tfr></token><token id="684198" text="МКС"><tfr rev_id="4250412" t="МКС"><v><l id="161347" t="мкс"><g v="NOUN"></g><g v="inan"></g><g v="neut"></g><g v="Fixd"></g><g v="Orgn"></g><g v="Abbr"></g><g v="sing"></g><g v="accs"></g></l></v></tfr></token><token id="684199" text=","><tfr rev_id="1516063" t=","><v><l id="0" t=","><g v="PNCT"></g></l></v></tfr></token><token id="684200" text="марсоход"><tfr rev_id="1516064" t="марсоход"><v><l id="155462" t="марсоход"><g v="NOUN"></g><g v="inan"></g><g v="masc"></g><g v="sing"></g><g v="nomn"></g></l></v><v><l id="155462" t="марсоход"><g v="NOUN"></g><g v="inan"></g><g v="masc"></g><g v="sing"></g><g v="accs"></g></l></v></tfr></token><token id="684201" text=","><tfr rev_id="1516065" t=","><v><l id="0" t=","><g v="PNCT"></g></l></v></tfr></token><token id="684202" text="орбитальный"><tfr rev_id="4408751" t="орбитальный"><v><l id="208730" t="орбитальный"><g v="ADJF"></g><g v="inan"></g><g v="masc"></g><g v="sing"></g><g v="accs"></g></l></v></tfr></token><token id="684203" text="телескоп"><tfr rev_id="1516067" t="телескоп"><v><l id="344287" t="телескоп"><g v="NOUN"></g><g v="inan"></g><g v="masc"></g><g v="sing"></g><g v="nomn"></g></l></v><v><l id="344287" t="телескоп"><g v="NOUN"></g><g v="inan"></g><g v="masc"></g><g v="sing"></g><g v="accs"></g></l></v></tfr></token><token id="684204" text="и"><tfr rev_id="1516068" t="и"><v><l id="116949" t="и"><g v="CONJ"></g></l></v><v><l id="116950" t="и"><g v="INTJ"></g></l></v></tfr></token><token id="684205" text="систему"><tfr rev_id="1516069" t="систему"><v><l id="321350" t="система"><g v="NOUN"></g><g v="inan"></g><g v="femn"></g><g v="sing"></g><g v="accs"></g></l></v></tfr></token><token id="684206" text="слежения"><tfr rev_id="3476657" t="слежения"><v><l id="324776" t="слежение"><g v="NOUN"></g><g v="inan"></g><g v="neut"></g><g v="sing"></g><g v="gent"></g></l></v></tfr></token><token id="684207" text="за"><tfr rev_id="1516071" t="за"><v><l id="98043" t="за"><g v="PREP"></g></l></v></tfr></token><token id="684208" text="спутниками"><tfr rev_id="3494313" t="спутниками"><v><l id="333235" t="спутник"><g v="NOUN"></g><g v="inan"></g><g v="masc"></g><g v="plur"></g><g v="ablt"></g></l></v></tfr></token><token id="684209" text="."><tfr rev_id="1516073" t="."><v><l id="0" t="."><g v="PNCT"></g></l></v></tfr></token></tokens></sentence></paragraph><paragraph id="12288"><sentence id="38381"><source>Раз в три года министры науки и технологий Канады и 18 европейских стран — членов Европейского космического агентства (ЕКА) утверждают бюджет космических исследований.</source><tokens><token id="684210" text="Раз"><tfr rev_id="4460446" t="Раз"><v><l id="291500" t="раз"><g v="NOUN"></g><g v="inan"></g><g v="masc"></g><g v="sing"></g><g v="nomn"></g></l></v><v><l id="291500" t="раз"><g v="NOUN"></g><g v="inan"></g><g v="masc"></g><g v="sing"></g><g v="accs"></g></l></v></tfr></token><token id="684211" text="в"><tfr rev_id="1516075" t="в"><v><l id="37409" t="в"><g v="PREP"></g></l></v></tfr></token><token id="684212" text="три"><tfr rev_id="2635380" t="три"><v><l id="349973" t="три"><g v="NUMR"></g><g v="nomn"></g></l></v><v><l id="349973" t="три"><g v="NUMR"></g><g v="inan"></g><g v="accs"></g></l></v></tfr></token><token id="684213" text="года"><tfr rev_id="3497761" t="года"><v><l id="72149" t="год"><g v="NOUN"></g><g v="inan"></g><g v="masc"></g><g v="sing"></g><g v="gen1"></g></l></v></tfr></token><token id="684214" text="министры"><tfr rev_id="1516078" t="министры"><v><l id="160614" t="министр"><g v="NOUN"></g><g v="anim"></g><g v="masc"></g><g v="plur"></g><g v="nomn"></g></l></v></tfr></token><token id="684215" text="науки"><tfr rev_id="4098358" t="науки"><v><l id="177429" t="наука"><g v="NOUN"></g><g v="inan"></g><g v="femn"></g><g v="sing"></g><g v="gent"></g></l></v></tfr></token><token id="684216" text="и"><tfr rev_id="3554468" t="и"><v><l id="116949" t="и"><g v="CONJ"></g></l></v></tfr></token><token id="684217" text="технологий"><tfr rev_id="1516081" t="технологий"><v><l id="345970" t="технология"><g v="NOUN"></g><g v="inan"></g><g v="femn"></g><g v="plur"></g><g v="gent"></g></l></v></tfr></token><token id="684218" text="Канады"><tfr rev_id="1516082" t="Канады"><v><l id="129196" t="канада"><g v="NOUN"></g><g v="inan"></g><g v="femn"></g><g v="Sgtm"></g><g v="Geox"></g><g v="sing"></g><g v="gent"></g></l></v></tfr></token><token id="684219" text="и"><tfr rev_id="1516083" t="и"><v><l id="116949" t="и"><g v="CONJ"></g></l></v><v><l id="116950" t="и"><g v="INTJ"></g></l></v></tfr></token><token id="684220" text="18"><tfr rev_id="2462701" t="18"><v><l id="0" t="18"><g v="NUMB"></g></l></v></tfr></token><token id="684221" text="европейских"><tfr rev_id="3707425" t="европейских"><v><l id="94034" t="европейский"><g v="ADJF"></g><g v="plur"></g><g v="gent"></g></l></v></tfr></token><token id="684222" text="стран"><tfr rev_id="1516086" t="стран"><v><l id="337100" t="страна"><g v="NOUN"></g><g v="inan"></g><g v="femn"></g><g v="plur"></g><g v="gent"></g></l></v></tfr></token><token id="684223" text="—"><tfr rev_id="2446673" t="—"><v><l id="0" t="—"><g v="PNCT"></g></l></v></tfr></token><token id="684224" text="членов"><tfr rev_id="4292686" t="членов"><v><l id="376827" t="член"><g v="NOUN"></g><g v="anim"></g><g v="masc"></g><g v="plur"></g><g v="gent"></g></l></v></tfr></token><token id="684225" text="Европейского"><tfr rev_id="3470283" t="Европейского"><v><l id="94034" t="европейский"><g v="ADJF"></g><g v="neut"></g><g v="sing"></g><g v="gent"></g></l></v></tfr></token><token id="684226" text="космического"><tfr rev_id="3549288" t="космического"><v><l id="140606" t="космический"><g v="ADJF"></g><g v="neut"></g><g v="sing"></g><g v="gent"></g></l></v></tfr></token><token id="684227" text="агентства"><tfr rev_id="3446617" t="агентства"><v><l id="3934" t="агентство"><g v="NOUN"></g><g v="inan"></g><g v="neut"></g><g v="sing"></g><g v="gent"></g></l></v></tfr></token><token id="684228" text="("><tfr rev_id="1516092" t="("><v><l id="0" t="("><g v="PNCT"></g></l></v></tfr></token><token id="684229" text="ЕКА"><tfr rev_id="1516093" t="ЕКА"><v><l id="0" t="ека"><g v="UNKN"></g></l></v></tfr></token><token id="684230" text=")"><tfr rev_id="1516094" t=")"><v><l id="0" t=")"><g v="PNCT"></g></l></v></tfr></token><token id="684231" text="утверждают"><tfr rev_id="1516095" t="утверждают"><v><l id="361706" t="утверждаю"><g v="VERB"></g><g v="impf"></g><g v="tran"></g><g v="plur"></g><g v="3per"></g><g v="pres"></g><g v="indc"></g></l></v><v><l id="361713" t="утверждаю"><g v="VERB"></g><g v="impf"></g><g v="intr"></g><g v="plur"></g><g v="3per"></g><g v="pres"></g><g v="indc"></g></l></v></tfr></token><token id="684232" text="бюджет"><tfr rev_id="1516096" t="бюджет"><v><l id="37326" t="бюджет"><g v="NOUN"></g><g v="inan"></g><g v="masc"></g><g v="sing"></g><g v="nomn"></g></l></v><v><l id="37326" t="бюджет"><g v="NOUN"></g><g v="inan"></g><g v="masc"></g><g v="sing"></g><g v="accs"></g></l></v></tfr></token><token id="684233" text="космических"><tfr rev_id="4400722" t="космических"><v><l id="140606" t="космический"><g v="ADJF"></g><g v="plur"></g><g v="gent"></g></l></v></tfr></token><token id="684234" text="исследований"><tfr rev_id="1516098" t="исследований"><v><l id="125799" t="исследование"><g v="NOUN"></g><g v="inan"></g><g v="neut"></g><g v="plur"></g><g v="gent"></g></l></v></tfr></token><token id="684235" text="."><tfr rev_id="1516099" t="."><v><l id="0" t="."><g v="PNCT"></g></l></v></tfr></token></tokens></sentence><sentence id="38382"><source>На встрече 25 ноября 2008 года ЕКА было выделено 10 млрд евро на ближайшие три года.</source><tokens><token id="684236" text="На"><tfr rev_id="3340441" t="На"><v><l id="166264" t="на"><g v="PREP"></g></l></v></tfr></token><token id="684237" text="встрече"><tfr rev_id="3309745" t="встрече"><v><l id="54530" t="встреча"><g v="NOUN"></g><g v="inan"></g><g v="femn"></g><g v="sing"></g><g v="loct"></g></l></v></tfr></token><token id="684238" text="25"><tfr rev_id="2462702" t="25"><v><l id="0" t="25"><g v="NUMB"></g></l></v></tfr></token><token id="684239" text="ноября"><tfr rev_id="1516103" t="ноября"><v><l id="192482" t="ноябрь"><g v="NOUN"></g><g v="inan"></g><g v="masc"></g><g v="sing"></g><g v="gent"></g></l></v></tfr></token><token id="684240" text="2008"><tfr rev_id="2462703" t="2008"><v><l id="0" t="2008"><g v="NUMB"></g></l></v></tfr></token><token id="684241" text="года"><tfr rev_id="3415574" t="года"><v><l id="72149" t="год"><g v="NOUN"></g><g v="inan"></g><g v="masc"></g><g v="sing"></g><g v="gen1"></g></l></v></tfr></token><token id="684242" text="ЕКА"><tfr rev_id="1516106" t="ЕКА"><v><l id="0" t="ека"><g v="UNKN"></g></l></v></tfr></token><token id="684243" text="было"><tfr rev_id="3124338" t="было"><v><l id="37265" t="есть"><g v="VERB"></g><g v="impf"></g><g v="intr"></g><g v="neut"></g><g v="sing"></g><g v="past"></g><g v="indc"></g></l></v></tfr></token><token id="684244" text="выделено"><tfr rev_id="1516108" t="выделено"><v><l id="57035" t="выделен"><g v="PRTS"></g><g v="perf"></g><g v="past"></g><g v="pssv"></g><g v="neut"></g><g v="sing"></g></l></v></tfr></token><token id="684245" text="10"><tfr rev_id="2462704" t="10"><v><l id="0" t="10"><g v="NUMB"></g></l></v></tfr></token><token id="684246" text="млрд"><tfr rev_id="4169792" t="млрд"><v><l id="389048" t="млрд"><g v="NOUN"></g><g v="inan"></g><g v="masc"></g><g v="Fixd"></g><g v="Abbr"></g><g v="plur"></g><g v="gent"></g></l></v></tfr></token><token id="684247" text="евро"><tfr rev_id="4396185" t="евро"><v><l id="94004" t="евро"><g v="NOUN"></g><g v="inan"></g><g v="neut"></g><g v="Fixd"></g><g v="plur"></g><g v="gent"></g></l></v></tfr></token><token id="684248" text="на"><tfr rev_id="3341349" t="на"><v><l id="166264" t="на"><g v="PREP"></g></l></v></tfr></token><token id="684249" text="ближайшие"><tfr rev_id="4430909" t="ближайшие"><v><l id="30857" t="ближайший"><g v="ADJF"></g><g v="Supr"></g><g v="Qual"></g><g v="inan"></g><g v="plur"></g><g v="accs"></g></l></v></tfr></token><token id="684250" text="три"><tfr rev_id="2635310" t="три"><v><l id="349973" t="три"><g v="NUMR"></g><g v="nomn"></g></l></v><v><l id="349973" t="три"><g v="NUMR"></g><g v="inan"></g><g v="accs"></g></l></v></tfr></token><token id="684251" text="года"><tfr rev_id="3415575" t="года"><v><l id="72149" t="год"><g v="NOUN"></g><g v="inan"></g><g v="masc"></g><g v="sing"></g><g v="gen1"></g></l></v></tfr></token><token id="684252" text="."><tfr rev_id="1516116" t="."><v><l id="0" t="."><g v="PNCT"></g></l></v></tfr></token></tokens></sentence><sentence id="38383"><source>Хотя Евросоюз, как и все остальные страны мира, испытывает финансовый кризис, страны — члены ЕКА решили, что космос — хороший способ поддержать экономику.</source><tokens><token id="684253" text="Хотя"><tfr rev_id="3947777" t="Хотя"><v><l id="371732" t="хотя"><g v="CONJ"></g></l></v></tfr></token><token id="684254" text="Евросоюз"><tfr rev_id="3467349" t="Евросоюз"><v><l id="94049" t="евросоюз"><g v="NOUN"></g><g v="inan"></g><g v="masc"></g><g v="Geox"></g><g v="sing"></g><g v="nomn"></g></l></v></tfr></token><token id="684255" text=","><tfr rev_id="1516119" t=","><v><l id="0" t=","><g v="PNCT"></g></l></v></tfr></token><token id="684256" text="как"><tfr rev_id="1516120" t="как"><v><l id="128190" t="как"><g v="CONJ"></g></l></v><v><l id="128191" t="как"><g v="PRCL"></g></l></v><v><l id="128192" t="как"><g v="ADVB"></g><g v="Ques"></g></l></v></tfr></token><token id="684257" text="и"><tfr rev_id="1516121" t="и"><v><l id="116949" t="и"><g v="CONJ"></g></l></v><v><l id="116950" t="и"><g v="INTJ"></g></l></v></tfr></token><token id="684258" text="все"><tfr rev_id="4538557" t="все"><v><l id="42156" t="весь"><g v="ADJF"></g><g v="Subx"></g><g v="Apro"></g><g v="inan"></g><g v="plur"></g><g v="accs"></g></l></v><v><l id="42156" t="весь"><g v="ADJF"></g><g v="Subx"></g><g v="Apro"></g><g v="plur"></g><g v="nomn"></g></l></v></tfr></token><token id="684259" text="остальные"><tfr rev_id="4137142" t="остальные"><v><l id="210836" t="остальной"><g v="ADJF"></g><g v="Subx"></g><g v="Apro"></g><g v="plur"></g><g v="nomn"></g></l></v></tfr></token><token id="684260" text="страны"><tfr rev_id="3796646" t="страны"><v><l id="337100" t="страна"><g v="NOUN"></g><g v="inan"></g><g v="femn"></g><g v="plur"></g><g v="nomn"></g></l></v></tfr></token><token id="684261" text="мира"><tfr rev_id="3717369" t="мира"><v><l id="160807" t="мир"><g v="NOUN"></g><g v="inan"></g><g v="masc"></g><g v="sing"></g><g v="gen1"></g></l></v></tfr></token><token id="684262" text=","><tfr rev_id="1516126" t=","><v><l id="0" t=","><g v="PNCT"></g></l></v></tfr></token><token id="684263" text="испытывает"><tfr rev_id="1516127" t="испытывает"><v><l id="125681" t="испытываю"><g v="VERB"></g><g v="impf"></g><g v="tran"></g><g v="sing"></g><g v="3per"></g><g v="pres"></g><g v="indc"></g></l></v></tfr></token><token id="684264" text="финансовый"><tfr rev_id="3756446" t="финансовый"><v><l id="366103" t="финансовый"><g v="ADJF"></g><g v="inan"></g><g v="masc"></g><g v="sing"></g><g v="accs"></g></l></v></tfr></token><token id="684265" text="кризис"><tfr rev_id="1516129" t="кризис"><v><l id="142725" t="кризис"><g v="NOUN"></g><g v="inan"></g><g v="masc"></g><g v="sing"></g><g v="nomn"></g></l></v><v><l id="142725" t="кризис"><g v="NOUN"></g><g v="inan"></g><g v="masc"></g><g v="sing"></g><g v="accs"></g></l></v></tfr></token><token id="684266" text=","><tfr rev_id="1516130" t=","><v><l id="0" t=","><g v="PNCT"></g></l></v></tfr></token><token id="684267" text="страны"><tfr rev_id="3763276" t="страны"><v><l id="337100" t="страна"><g v="NOUN"></g><g v="inan"></g><g v="femn"></g><g v="plur"></g><g v="nomn"></g></l></v></tfr></token><token id="684268" text="—"><tfr rev_id="2446674" t="—"><v><l id="0" t="—"><g v="PNCT"></g></l></v></tfr></token><token id="684269" text="члены"><tfr rev_id="4282620" t="члены"><v><l id="376827" t="член"><g v="NOUN"></g><g v="anim"></g><g v="masc"></g><g v="plur"></g><g v="nomn"></g></l></v></tfr></token><token id="684270" text="ЕКА"><tfr rev_id="1516134" t="ЕКА"><v><l id="0" t="ека"><g v="UNKN"></g></l></v></tfr></token><token id="684271" text="решили"><tfr rev_id="1516135" t="решили"><v><l id="307396" t="решил"><g v="VERB"></g><g v="perf"></g><g v="tran"></g><g v="plur"></g><g v="past"></g><g v="indc"></g></l></v></tfr></token><token id="684272" text=","><tfr rev_id="1516136" t=","><v><l id="0" t=","><g v="PNCT"></g></l></v></tfr></token><token id="684273" text="что"><tfr rev_id="3197645" t="что"><v><l id="377004" t="что"><g v="CONJ"></g></l></v><v><l id="377005" t="что"><g v="NPRO"></g><g v="neut"></g><g v="sing"></g><g v="nomn"></g></l></v><v><l id="377005" t="что"><g v="NPRO"></g><g v="neut"></g><g v="sing"></g><g v="accs"></g></l></v><v><l id="377006" t="что"><g v="ADVB"></g><g v="Ques"></g></l></v><v><l id="388695" t="что"><g v="PRCL"></g></l></v></tfr></token><token id="684274" text="космос"><tfr rev_id="3689202" t="космос"><v><l id="140637" t="космос"><g v="NOUN"></g><g v="inan"></g><g v="masc"></g><g v="sing"></g><g v="nomn"></g></l></v></tfr></token><token id="684275" text="—"><tfr rev_id="2446675" t="—"><v><l id="0" t="—"><g v="PNCT"></g></l></v></tfr></token><token id="684276" text="хороший"><tfr rev_id="1516140" t="хороший"><v><l id="371668" t="хороший"><g v="ADJF"></g><g v="Qual"></g><g v="masc"></g><g v="sing"></g><g v="nomn"></g></l></v><v><l id="371668" t="хороший"><g v="ADJF"></g><g v="Qual"></g><g v="inan"></g><g v="masc"></g><g v="sing"></g><g v="accs"></g></l></v></tfr></token><token id="684277" text="способ"><tfr rev_id="4102126" t="способ"><v><l id="332835" t="способ"><g v="NOUN"></g><g v="inan"></g><g v="masc"></g><g v="sing"></g><g v="nomn"></g></l></v></tfr></token><token id="684278" text="поддержать"><tfr rev_id="1516142" t="поддержать"><v><l id="245397" t="поддержать"><g v="INFN"></g><g v="perf"></g><g v="tran"></g></l></v></tfr></token><token id="684279" text="экономику"><tfr rev_id="1516143" t="экономику"><v><l id="383340" t="экономика"><g v="NOUN"></g><g v="inan"></g><g v="femn"></g><g v="sing"></g><g v="accs"></g></l></v></tfr></token><token id="684280" text="."><tfr rev_id="1516144" t="."><v><l id="0" t="."><g v="PNCT"></g></l></v></tfr></token></tokens></sentence></paragraph><paragraph id="12289"><sentence id="38384"><source>ЕКА определилось и с приоритетами на ближайшее время.</source><tokens><token id="684281" text="ЕКА"><tfr rev_id="1516145" t="ЕКА"><v><l id="0" t="ека"><g v="UNKN"></g></l></v></tfr></token><token id="684282" text="определилось"><tfr rev_id="1516146" t="определилось"><v><l id="208008" t="определился"><g v="VERB"></g><g v="perf"></g><g v="intr"></g><g v="neut"></g><g v="sing"></g><g v="past"></g><g v="indc"></g></l></v></tfr></token><token id="684283" text="и"><tfr rev_id="1516147" t="и"><v><l id="116949" t="и"><g v="CONJ"></g></l></v><v><l id="116950" t="и"><g v="INTJ"></g></l></v></tfr></token><token id="684284" text="с"><tfr rev_id="1516148" t="с"><v><l id="311151" t="с"><g v="PREP"></g></l></v></tfr></token><token id="684285" text="приоритетами"><tfr rev_id="1516149" t="приоритетами"><v><l id="272826" t="приоритет"><g v="NOUN"></g><g v="inan"></g><g v="masc"></g><g v="plur"></g><g v="ablt"></g></l></v></tfr></token><token id="684286" text="на"><tfr rev_id="3337921" t="на"><v><l id="166264" t="на"><g v="PREP"></g></l></v></tfr></token><token id="684287" text="ближайшее"><tfr rev_id="4430849" t="ближайшее"><v><l id="30857" t="ближайший"><g v="ADJF"></g><g v="Supr"></g><g v="Qual"></g><g v="neut"></g><g v="sing"></g><g v="nomn"></g></l></v><v><l id="30857" t="ближайший"><g v="ADJF"></g><g v="Supr"></g><g v="Qual"></g><g v="neut"></g><g v="sing"></g><g v="accs"></g></l></v></tfr></token><token id="684288" text="время"><tfr rev_id="4102844" t="время"><v><l id="53149" t="время"><g v="NOUN"></g><g v="inan"></g><g v="neut"></g><g v="sing"></g><g v="accs"></g></l></v></tfr></token><token id="684289" text="."><tfr rev_id="1516153" t="."><v><l id="0" t="."><g v="PNCT"></g></l></v></tfr></token></tokens></sentence><sentence id="38385"><source>Евросоюз выделит 1 млрд евро на продолжение марсианской программы: на 2016 год запланирован запуск марсохода, который будет способен углубиться на 2 м в марсианский грунт в поисках следов жизни.</source><tokens><token id="684290" text="Евросоюз"><tfr rev_id="3706314" t="Евросоюз"><v><l id="94049" t="евросоюз"><g v="NOUN"></g><g v="inan"></g><g v="masc"></g><g v="Geox"></g><g v="sing"></g><g v="nomn"></g></l></v></tfr></token><token id="684291" text="выделит"><tfr rev_id="1516155" t="выделит"><v><l id="57031" t="выделил"><g v="VERB"></g><g v="perf"></g><g v="tran"></g><g v="sing"></g><g v="3per"></g><g v="futr"></g><g v="indc"></g></l></v></tfr></token><token id="684292" text="1"><tfr rev_id="2462705" t="1"><v><l id="0" t="1"><g v="NUMB"></g></l></v></tfr></token><token id="684293" text="млрд"><tfr rev_id="4165467" t="млрд"><v><l id="389048" t="млрд"><g v="NOUN"></g><g v="inan"></g><g v="masc"></g><g v="Fixd"></g><g v="Abbr"></g><g v="sing"></g><g v="nomn"></g></l></v><v><l id="389048" t="млрд"><g v="NOUN"></g><g v="inan"></g><g v="masc"></g><g v="Fixd"></g><g v="Abbr"></g><g v="sing"></g><g v="gent"></g></l></v><v><l id="389048" t="млрд"><g v="NOUN"></g><g v="inan"></g><g v="masc"></g><g v="Fixd"></g><g v="Abbr"></g><g v="sing"></g><g v="datv"></g></l></v><v><l id="389048" t="млрд"><g v="NOUN"></g><g v="inan"></g><g v="masc"></g><g v="Fixd"></g><g v="Abbr"></g><g v="sing"></g><g v="accs"></g></l></v><v><l id="389048" t="млрд"><g v="NOUN"></g><g v="inan"></g><g v="masc"></g><g v="Fixd"></g><g v="Abbr"></g><g v="sing"></g><g v="ablt"></g></l></v><v><l id="389048" t="млрд"><g v="NOUN"></g><g v="inan"></g><g v="masc"></g><g v="Fixd"></g><g v="Abbr"></g><g v="sing"></g><g v="loct"></g></l></v></tfr></token><token id="684294" text="евро"><tfr rev_id="4173410" t="евро"><v><l id="94004" t="евро"><g v="NOUN"></g><g v="inan"></g><g v="neut"></g><g v="Fixd"></g><g v="plur"></g><g v="gent"></g></l></v></tfr></token><token id="684295" text="на"><tfr rev_id="3344013" t="на"><v><l id="166264" t="на"><g v="PREP"></g></l></v></tfr></token><token id="684296" text="продолжение"><tfr rev_id="3531548" t="продолжение"><v><l id="279227" t="продолжение"><g v="NOUN"></g><g v="inan"></g><g v="neut"></g><g v="sing"></g><g v="accs"></g></l></v></tfr></token><token id="684297" text="марсианской"><tfr rev_id="4423690" t="марсианской"><v><l id="155454" t="марсианский"><g v="ADJF"></g><g v="femn"></g><g v="sing"></g><g v="gent"></g></l></v></tfr></token><token id="684298" text="программы"><tfr rev_id="3461484" t="программы"><v><l id="278686" t="программа"><g v="NOUN"></g><g v="inan"></g><g v="femn"></g><g v="sing"></g><g v="gent"></g></l></v></tfr></token><token id="684299" text=":"><tfr rev_id="1516163" t=":"><v><l id="0" t=":"><g v="PNCT"></g></l></v></tfr></token><token id="684300" text="на"><tfr rev_id="3342622" t="на"><v><l id="166264" t="на"><g v="PREP"></g></l></v></tfr></token><token id="684301" text="2016"><tfr rev_id="2462706" t="2016"><v><l id="0" t="2016"><g v="NUMB"></g></l></v></tfr></token><token id="684302" text="год"><tfr rev_id="1516166" t="год"><v><l id="72149" t="год"><g v="NOUN"></g><g v="inan"></g><g v="masc"></g><g v="sing"></g><g v="nomn"></g></l></v><v><l id="72149" t="год"><g v="NOUN"></g><g v="inan"></g><g v="masc"></g><g v="sing"></g><g v="accs"></g></l></v></tfr></token><token id="684303" text="запланирован"><tfr rev_id="1516167" t="запланирован"><v><l id="107370" t="запланирован"><g v="PRTS"></g><g v="perf"></g><g v="past"></g><g v="pssv"></g><g v="masc"></g><g v="sing"></g></l></v></tfr></token><token id="684304" text="запуск"><tfr rev_id="4096337" t="запуск"><v><l id="108302" t="запуск"><g v="NOUN"></g><g v="inan"></g><g v="masc"></g><g v="sing"></g><g v="nomn"></g></l></v></tfr></token><token id="684305" text="марсохода"><tfr rev_id="1516169" t="марсохода"><v><l id="155462" t="марсоход"><g v="NOUN"></g><g v="inan"></g><g v="masc"></g><g v="sing"></g><g v="gent"></g></l></v></tfr></token><token id="684306" text=","><tfr rev_id="1516170" t=","><v><l id="0" t=","><g v="PNCT"></g></l></v></tfr></token><token id="684307" text="который"><tfr rev_id="3637483" t="который"><v><l id="141203" t="который"><g v="ADJF"></g><g v="Apro"></g><g v="Subx"></g><g v="Anph"></g><g v="masc"></g><g v="sing"></g><g v="nomn"></g></l></v><v><l id="141203" t="который"><g v="ADJF"></g><g v="Apro"></g><g v="Subx"></g><g v="Anph"></g><g v="inan"></g><g v="masc"></g><g v="sing"></g><g v="accs"></g></l></v></tfr></token><token id="684308" text="будет"><tfr rev_id="1516172" t="будет"><v><l id="37265" t="есть"><g v="VERB"></g><g v="impf"></g><g v="intr"></g><g v="sing"></g><g v="3per"></g><g v="futr"></g><g v="indc"></g></l></v></tfr></token><token id="684309" text="способен"><tfr rev_id="1516173" t="способен"><v><l id="332839" t="способен"><g v="ADJS"></g><g v="Qual"></g><g v="masc"></g><g v="sing"></g></l></v></tfr></token><token id="684310" text="углубиться"><tfr rev_id="1516174" t="углубиться"><v><l id="354172" t="углубиться"><g v="INFN"></g><g v="perf"></g><g v="intr"></g></l></v></tfr></token><token id="684311" text="на"><tfr rev_id="3339286" t="на"><v><l id="166264" t="на"><g v="PREP"></g></l></v></tfr></token><token id="684312" text="2"><tfr rev_id="2462707" t="2"><v><l id="0" t="2"><g v="NUMB"></g></l></v></tfr></token><token id="684313" text="м"><tfr rev_id="4250455" t="м"><v><l id="152458" t="м"><g v="NOUN"></g><g v="inan"></g><g v="masc"></g><g v="Fixd"></g><g v="Abbr"></g><g v="sing"></g><g v="gent"></g></l></v></tfr></token><token id="684314" text="в"><tfr rev_id="1516178" t="в"><v><l id="37409" t="в"><g v="PREP"></g></l></v></tfr></token><token id="684315" text="марсианский"><tfr rev_id="1516179" t="марсианский"><v><l id="155454" t="марсианский"><g v="ADJF"></g><g v="masc"></g><g v="sing"></g><g v="nomn"></g></l></v><v><l id="155454" t="марсианский"><g v="ADJF"></g><g v="inan"></g><g v="masc"></g><g v="sing"></g><g v="accs"></g></l></v></tfr></token><token id="684316" text="грунт"><tfr rev_id="4107004" t="грунт"><v><l id="76049" t="грунт"><g v="NOUN"></g><g v="inan"></g><g v="masc"></g><g v="sing"></g><g v="accs"></g></l></v></tfr></token><token id="684317" text="в"><tfr rev_id="1516181" t="в"><v><l id="37409" t="в"><g v="PREP"></g></l></v></tfr></token><token id="684318" text="поисках"><tfr rev_id="1516182" t="поисках"><v><l id="253880" t="поиск"><g v="NOUN"></g><g v="inan"></g><g v="masc"></g><g v="plur"></g><g v="loct"></g></l></v></tfr></token><token id="684319" text="следов"><tfr rev_id="1516183" t="следов"><v><l id="324729" t="след"><g v="NOUN"></g><g v="inan"></g><g v="masc"></g><g v="plur"></g><g v="gent"></g></l></v></tfr></token><token id="684320" text="жизни"><tfr rev_id="4164307" t="жизни"><v><l id="97314" t="жизнь"><g v="NOUN"></g><g v="inan"></g><g v="femn"></g><g v="sing"></g><g v="gent"></g></l></v></tfr></token><token id="684321" text="."><tfr rev_id="1516185" t="."><v><l id="0" t="."><g v="PNCT"></g></l></v></tfr></token></tokens></sentence><sentence id="38386"><source>Треть бюджета агентства будет потрачена на оплату европейской доли орбитального телескопа «Хаббл» — общий проект ЕКА и американского НАСА.</source><tokens><token id="684322" text="Треть"><tfr rev_id="1516186" t="Треть"><v><l id="349877" t="треть"><g v="NOUN"></g><g v="inan"></g><g v="femn"></g><g v="sing"></g><g v="nomn"></g></l></v><v><l id="349877" t="треть"><g v="NOUN"></g><g v="inan"></g><g v="femn"></g><g v="sing"></g><g v="accs"></g></l></v></tfr></token><token id="684323" text="бюджета"><tfr rev_id="1516187" t="бюджета"><v><l id="37326" t="бюджет"><g v="NOUN"></g><g v="inan"></g><g v="masc"></g><g v="sing"></g><g v="gent"></g></l></v></tfr></token><token id="684324" text="агентства"><tfr rev_id="3498738" t="агентства"><v><l id="3934" t="агентство"><g v="NOUN"></g><g v="inan"></g><g v="neut"></g><g v="sing"></g><g v="gent"></g></l></v></tfr></token><token id="684325" text="будет"><tfr rev_id="1516189" t="будет"><v><l id="37265" t="есть"><g v="VERB"></g><g v="impf"></g><g v="intr"></g><g v="sing"></g><g v="3per"></g><g v="futr"></g><g v="indc"></g></l></v></tfr></token><token id="684326" text="потрачена"><tfr rev_id="1516190" t="потрачена"><v><l id="263506" t="потрачен"><g v="PRTS"></g><g v="perf"></g><g v="past"></g><g v="pssv"></g><g v="femn"></g><g v="sing"></g></l></v></tfr></token><token id="684327" text="на"><tfr rev_id="3341204" t="на"><v><l id="166264" t="на"><g v="PREP"></g></l></v></tfr></token><token id="684328" text="оплату"><tfr rev_id="1516192" t="оплату"><v><l id="207266" t="оплата"><g v="NOUN"></g><g v="inan"></g><g v="femn"></g><g v="sing"></g><g v="accs"></g></l></v></tfr></token><token id="684329" text="европейской"><tfr rev_id="3284623" t="европейской"><v><l id="94034" t="европейский"><g v="ADJF"></g><g v="femn"></g><g v="sing"></g><g v="gent"></g></l></v></tfr></token><token id="684330" text="доли"><tfr rev_id="3431803" t="доли"><v><l id="88151" t="доля"><g v="NOUN"></g><g v="inan"></g><g v="femn"></g><g v="sing"></g><g v="gent"></g></l></v></tfr></token><token id="684331" text="орбитального"><tfr rev_id="4086046" t="орбитального"><v><l id="208730" t="орбитальный"><g v="ADJF"></g><g v="masc"></g><g v="sing"></g><g v="gent"></g></l></v><v><l id="208730" t="орбитальный"><g v="ADJF"></g><g v="anim"></g><g v="masc"></g><g v="sing"></g><g v="accs"></g></l></v></tfr></token><token id="684332" text="телескопа"><tfr rev_id="1516196" t="телескопа"><v><l id="344287" t="телескоп"><g v="NOUN"></g><g v="inan"></g><g v="masc"></g><g v="sing"></g><g v="gent"></g></l></v></tfr></token><token id="684333" text="«"><tfr rev_id="2446676" t="«"><v><l id="0" t="«"><g v="PNCT"></g></l></v></tfr></token><token id="684334" text="Хаббл"><tfr rev_id="1516198" t="Хаббл"><v><l id="0" t="хаббл"><g v="UNKN"></g></l></v></tfr></token><token id="684335" text="»"><tfr rev_id="2446677" t="»"><v><l id="0" t="»"><g v="PNCT"></g></l></v></tfr></token><token id="684336" text="—"><tfr rev_id="2446678" t="—"><v><l id="0" t="—"><g v="PNCT"></g></l></v></tfr></token><token id="684337" text="общий"><tfr rev_id="1516201" t="общий"><v><l id="201663" t="общий"><g v="ADJF"></g><g v="masc"></g><g v="sing"></g><g v="nomn"></g></l></v><v><l id="201663" t="общий"><g v="ADJF"></g><g v="inan"></g><g v="masc"></g><g v="sing"></g><g v="accs"></g></l></v></tfr></token><token id="684338" text="проект"><tfr rev_id="1516202" t="проект"><v><l id="279545" t="проект"><g v="NOUN"></g><g v="inan"></g><g v="masc"></g><g v="sing"></g><g v="nomn"></g></l></v><v><l id="279545" t="проект"><g v="NOUN"></g><g v="inan"></g><g v="masc"></g><g v="sing"></g><g v="accs"></g></l></v></tfr></token><token id="684339" text="ЕКА"><tfr rev_id="1516203" t="ЕКА"><v><l id="0" t="ека"><g v="UNKN"></g></l></v></tfr></token><token id="684340" text="и"><tfr rev_id="3688614" t="и"><v><l id="116949" t="и"><g v="CONJ"></g></l></v></tfr></token><token id="684341" text="американского"><tfr rev_id="3539084" t="американского"><v><l id="11429" t="американский"><g v="ADJF"></g><g v="neut"></g><g v="sing"></g><g v="gent"></g></l></v></tfr></token><token id="684342" text="НАСА"><tfr rev_id="3657323" t="НАСА"><v><l id="388632" t="наса"><g v="NOUN"></g><g v="inan"></g><g v="neut"></g><g v="Sgtm"></g><g v="Fixd"></g><g v="Abbr"></g><g v="Orgn"></g><g v="sing"></g><g v="gent"></g></l></v></tfr></token><token id="684343" text="."><tfr rev_id="1516207" t="."><v><l id="0" t="."><g v="PNCT"></g></l></v></tfr></token></tokens></sentence><sentence id="38387"><source>Впрочем, и Международная космическая станция не останется без финансирования.</source><tokens><token id="684344" text="Впрочем"><tfr rev_id="3423280" t="Впрочем"><v><l id="52738" t="впрочем"><g v="CONJ"></g><g v="Prnt"></g></l></v></tfr></token><token id="684345" text=","><tfr rev_id="1516209" t=","><v><l id="0" t=","><g v="PNCT"></g></l></v></tfr></token><token id="684346" text="и"><tfr rev_id="3411055" t="и"><v><l id="0" t="и"><g v="UNKN"></g></l></v></tfr></token><token id="684347" text="Международная"><tfr rev_id="1516211" t="Международная"><v><l id="157346" t="международный"><g v="ADJF"></g><g v="femn"></g><g v="sing"></g><g v="nomn"></g></l></v></tfr></token><token id="684348" text="космическая"><tfr rev_id="1516212" t="космическая"><v><l id="140606" t="космический"><g v="ADJF"></g><g v="femn"></g><g v="sing"></g><g v="nomn"></g></l></v></tfr></token><token id="684349" text="станция"><tfr rev_id="1516213" t="станция"><v><l id="334704" t="станция"><g v="NOUN"></g><g v="inan"></g><g v="femn"></g><g v="sing"></g><g v="nomn"></g></l></v></tfr></token><token id="684350" text="не"><tfr rev_id="1516214" t="не"><v><l id="178876" t="не"><g v="PRCL"></g></l></v></tfr></token><token id="684351" text="останется"><tfr rev_id="1516215" t="останется"><v><l id="210896" t="остался"><g v="VERB"></g><g v="perf"></g><g v="intr"></g><g v="sing"></g><g v="3per"></g><g v="futr"></g><g v="indc"></g></l></v></tfr></token><token id="684352" text="без"><tfr rev_id="1516216" t="без"><v><l id="25481" t="без"><g v="PREP"></g></l></v></tfr></token><token id="684353" text="финансирования"><tfr rev_id="3447987" t="финансирования"><v><l id="366074" t="финансирование"><g v="NOUN"></g><g v="inan"></g><g v="neut"></g><g v="sing"></g><g v="gent"></g></l></v></tfr></token><token id="684354" text="."><tfr rev_id="1516218" t="."><v><l id="0" t="."><g v="PNCT"></g></l></v></tfr></token></tokens></sentence><sentence id="38388"><source>В ее поддержке больше прочих стран Евросоюза заинтересована Германия.</source><tokens><token id="684355" text="В"><tfr rev_id="1516219" t="В"><v><l id="37409" t="в"><g v="PREP"></g></l></v></tfr></token><token id="684356" text="ее"><tfr rev_id="4572661" t="ее"><v><l id="94433" t="её"><g v="ADJF"></g><g v="Fixd"></g><g v="Apro"></g><g v="Anph"></g><g v="masc"></g><g v="sing"></g><g v="nomn"></g></l></v><v><l id="94433" t="её"><g v="ADJF"></g><g v="Fixd"></g><g v="Apro"></g><g v="Anph"></g><g v="masc"></g><g v="sing"></g><g v="gent"></g></l></v><v><l id="94433" t="её"><g v="ADJF"></g><g v="Fixd"></g><g v="Apro"></g><g v="Anph"></g><g v="masc"></g><g v="sing"></g><g v="datv"></g></l></v><v><l id="94433" t="её"><g v="ADJF"></g><g v="Fixd"></g><g v="Apro"></g><g v="Anph"></g><g v="masc"></g><g v="sing"></g><g v="accs"></g></l></v><v><l id="94433" t="её"><g v="ADJF"></g><g v="Fixd"></g><g v="Apro"></g><g v="Anph"></g><g v="masc"></g><g v="sing"></g><g v="ablt"></g></l></v><v><l id="94433" t="её"><g v="ADJF"></g><g v="Fixd"></g><g v="Apro"></g><g v="Anph"></g><g v="masc"></g><g v="sing"></g><g v="loct"></g></l></v><v><l id="94433" t="её"><g v="ADJF"></g><g v="Fixd"></g><g v="Apro"></g><g v="Anph"></g><g v="femn"></g><g v="sing"></g><g v="nomn"></g></l></v><v><l id="94433" t="её"><g v="ADJF"></g><g v="Fixd"></g><g v="Apro"></g><g v="Anph"></g><g v="femn"></g><g v="sing"></g><g v="gent"></g></l></v><v><l id="94433" t="её"><g v="ADJF"></g><g v="Fixd"></g><g v="Apro"></g><g v="Anph"></g><g v="femn"></g><g v="sing"></g><g v="datv"></g></l></v><v><l id="94433" t="её"><g v="ADJF"></g><g v="Fixd"></g><g v="Apro"></g><g v="Anph"></g><g v="femn"></g><g v="sing"></g><g v="accs"></g></l></v><v><l id="94433" t="её"><g v="ADJF"></g><g v="Fixd"></g><g v="Apro"></g><g v="Anph"></g><g v="femn"></g><g v="sing"></g><g v="ablt"></g></l></v><v><l id="94433" t="её"><g v="ADJF"></g><g v="Fixd"></g><g v="Apro"></g><g v="Anph"></g><g v="femn"></g><g v="sing"></g><g v="loct"></g></l></v><v><l id="94433" t="её"><g v="ADJF"></g><g v="Fixd"></g><g v="Apro"></g><g v="Anph"></g><g v="neut"></g><g v="sing"></g><g v="nomn"></g></l></v><v><l id="94433" t="её"><g v="ADJF"></g><g v="Fixd"></g><g v="Apro"></g><g v="Anph"></g><g v="neut"></g><g v="sing"></g><g v="gent"></g></l></v><v><l id="94433" t="её"><g v="ADJF"></g><g v="Fixd"></g><g v="Apro"></g><g v="Anph"></g><g v="neut"></g><g v="sing"></g><g v="datv"></g></l></v><v><l id="94433" t="её"><g v="ADJF"></g><g v="Fixd"></g><g v="Apro"></g><g v="Anph"></g><g v="neut"></g><g v="sing"></g><g v="accs"></g></l></v><v><l id="94433" t="её"><g v="ADJF"></g><g v="Fixd"></g><g v="Apro"></g><g v="Anph"></g><g v="neut"></g><g v="sing"></g><g v="ablt"></g></l></v><v><l id="94433" t="её"><g v="ADJF"></g><g v="Fixd"></g><g v="Apro"></g><g v="Anph"></g><g v="neut"></g><g v="sing"></g><g v="loct"></g></l></v><v><l id="94433" t="её"><g v="ADJF"></g><g v="Fixd"></g><g v="Apro"></g><g v="Anph"></g><g v="plur"></g><g v="nomn"></g></l></v><v><l id="94433" t="её"><g v="ADJF"></g><g v="Fixd"></g><g v="Apro"></g><g v="Anph"></g><g v="plur"></g><g v="gent"></g></l></v><v><l id="94433" t="её"><g v="ADJF"></g><g v="Fixd"></g><g v="Apro"></g><g v="Anph"></g><g v="plur"></g><g v="datv"></g></l></v><v><l id="94433" t="её"><g v="ADJF"></g><g v="Fixd"></g><g v="Apro"></g><g v="Anph"></g><g v="plur"></g><g v="accs"></g></l></v><v><l id="94433" t="её"><g v="ADJF"></g><g v="Fixd"></g><g v="Apro"></g><g v="Anph"></g><g v="plur"></g><g v="ablt"></g></l></v><v><l id="94433" t="её"><g v="ADJF"></g><g v="Fixd"></g><g v="Apro"></g><g v="Anph"></g><g v="plur"></g><g v="loct"></g></l></v></tfr></token><token id="684357" text="поддержке"><tfr rev_id="3546050" t="поддержке"><v><l id="245415" t="поддержка"><g v="NOUN"></g><g v="inan"></g><g v="femn"></g><g v="sing"></g><g v="loct"></g></l></v></tfr></token><token id="684358" text="больше"><tfr rev_id="2558517" t="больше"><v><l id="32325" t="больше"><g v="ADVB"></g></l></v><v><l id="32447" t="больше"><g v="COMP"></g><g v="Qual"></g></l></v></tfr></token><token id="684359" text="прочих"><tfr rev_id="4312933" t="прочих"><v><l id="287474" t="прочий"><g v="ADJF"></g><g v="Apro"></g><g v="plur"></g><g v="gent"></g></l></v></tfr></token><token id="684360" text="стран"><tfr rev_id="1516224" t="стран"><v><l id="337100" t="страна"><g v="NOUN"></g><g v="inan"></g><g v="femn"></g><g v="plur"></g><g v="gent"></g></l></v></tfr></token><token id="684361" text="Евросоюза"><tfr rev_id="1516225" t="Евросоюза"><v><l id="94049" t="евросоюз"><g v="NOUN"></g><g v="inan"></g><g v="masc"></g><g v="Geox"></g><g v="sing"></g><g v="gent"></g></l></v></tfr></token><token id="684362" text="заинтересована"><tfr rev_id="1516226" t="заинтересована"><v><l id="102716" t="заинтересован"><g v="PRTS"></g><g v="perf"></g><g v="past"></g><g v="pssv"></g><g v="femn"></g><g v="sing"></g></l></v></tfr></token><token id="684363" text="Германия"><tfr rev_id="4285439" t="Германия"><v><l id="69099" t="германия"><g v="NOUN"></g><g v="inan"></g><g v="femn"></g><g v="Sgtm"></g><g v="Geox"></g><g v="sing"></g><g v="nomn"></g></l></v></tfr></token><token id="684364" text="."><tfr rev_id="1516228" t="."><v><l id="0" t="."><g v="PNCT"></g></l></v></tfr></token></tokens></sentence></paragraph><paragraph id="12290"><sentence id="38389"><source>Кроме того, ЕКА, которое уже построило свой космический «грузовик» ATV, функциональный аналог российского «Прогресса», планирует развивать это средство доставки грузов на орбиту, сделав его возвращаемым.</source><tokens><token id="684365" text="Кроме"><tfr rev_id="1516229" t="Кроме"><v><l id="143259" t="кроме"><g v="PREP"></g></l></v></tfr></token><token id="684366" text="того"><tfr rev_id="4375425" t="того"><v><l id="348430" t="тот"><g v="ADJF"></g><g v="Subx"></g><g v="Apro"></g><g v="Anph"></g><g v="neut"></g><g v="sing"></g><g v="gent"></g></l></v></tfr></token><token id="684367" text=","><tfr rev_id="1516231" t=","><v><l id="0" t=","><g v="PNCT"></g></l></v></tfr></token><token id="684368" text="ЕКА"><tfr rev_id="1516232" t="ЕКА"><v><l id="0" t="ека"><g v="UNKN"></g></l></v></tfr></token><token id="684369" text=","><tfr rev_id="1516233" t=","><v><l id="0" t=","><g v="PNCT"></g></l></v></tfr></token><token id="684370" text="которое"><tfr rev_id="3641384" t="которое"><v><l id="141203" t="который"><g v="ADJF"></g><g v="Apro"></g><g v="Subx"></g><g v="Anph"></g><g v="neut"></g><g v="sing"></g><g v="nomn"></g></l></v><v><l id="141203" t="который"><g v="ADJF"></g><g v="Apro"></g><g v="Subx"></g><g v="Anph"></g><g v="neut"></g><g v="sing"></g><g v="accs"></g></l></v></tfr></token><token id="684371" text="уже"><tfr rev_id="2692882" t="уже"><v><l id="355422" t="уж"><g v="NOUN"></g><g v="anim"></g><g v="masc"></g><g v="sing"></g><g v="loct"></g></l></v><v><l id="355498" t="уже"><g v="ADVB"></g></l></v><v><l id="355674" t="уже"><g v="COMP"></g><g v="Qual"></g></l></v><v><l id="388673" t="уже"><g v="PRCL"></g></l></v></tfr></token><token id="684372" text="построило"><tfr rev_id="1516236" t="построило"><v><l id="262521" t="построил"><g v="VERB"></g><g v="perf"></g><g v="tran"></g><g v="neut"></g><g v="sing"></g><g v="past"></g><g v="indc"></g></l></v></tfr></token><token id="684373" text="свой"><tfr rev_id="3629887" t="свой"><v><l id="316379" t="свой"><g v="ADJF"></g><g v="Apro"></g><g v="Anph"></g><g v="masc"></g><g v="sing"></g><g v="nomn"></g></l></v><v><l id="316379" t="свой"><g v="ADJF"></g><g v="Apro"></g><g v="Anph"></g><g v="inan"></g><g v="masc"></g><g v="sing"></g><g v="accs"></g></l></v></tfr></token><token id="684374" text="космический"><tfr rev_id="1516238" t="космический"><v><l id="140606" t="космический"><g v="ADJF"></g><g v="masc"></g><g v="sing"></g><g v="nomn"></g></l></v><v><l id="140606" t="космический"><g v="ADJF"></g><g v="inan"></g><g v="masc"></g><g v="sing"></g><g v="accs"></g></l></v></tfr></token><token id="684375" text="«"><tfr rev_id="2446679" t="«"><v><l id="0" t="«"><g v="PNCT"></g></l></v></tfr></token><token id="684376" text="грузовик"><tfr rev_id="1516240" t="грузовик"><v><l id="76003" t="грузовик"><g v="NOUN"></g><g v="inan"></g><g v="masc"></g><g v="sing"></g><g v="nomn"></g></l></v><v><l id="76003" t="грузовик"><g v="NOUN"></g><g v="inan"></g><g v="masc"></g><g v="sing"></g><g v="accs"></g></l></v></tfr></token><token id="684377" text="»"><tfr rev_id="2446680" t="»"><v><l id="0" t="»"><g v="PNCT"></g></l></v></tfr></token><token id="684378" text="ATV"><tfr rev_id="2475363" t="ATV"><v><l id="0" t="ATV"><g v="LATN"></g></l></v></tfr></token><token id="684379" text=","><tfr rev_id="1516243" t=","><v><l id="0" t=","><g v="PNCT"></g></l></v></tfr></token><token id="684380" text="функциональный"><tfr rev_id="1516244" t="функциональный"><v><l id="368666" t="функциональный"><g v="ADJF"></g><g v="Qual"></g><g v="masc"></g><g v="sing"></g><g v="nomn"></g></l></v><v><l id="368666" t="функциональный"><g v="ADJF"></g><g v="Qual"></g><g v="inan"></g><g v="masc"></g><g v="sing"></g><g v="accs"></g></l></v></tfr></token><token id="684381" text="аналог"><tfr rev_id="3689214" t="аналог"><v><l id="12235" t="аналог"><g v="NOUN"></g><g v="inan"></g><g v="masc"></g><g v="sing"></g><g v="accs"></g></l></v></tfr></token><token id="684382" text="российского"><tfr rev_id="3302301" t="российского"><v><l id="309319" t="российский"><g v="ADJF"></g><g v="masc"></g><g v="sing"></g><g v="gent"></g></l></v><v><l id="309319" t="российский"><g v="ADJF"></g><g v="anim"></g><g v="masc"></g><g v="sing"></g><g v="accs"></g></l></v></tfr></token><token id="684383" text="«"><tfr rev_id="2446681" t="«"><v><l id="0" t="«"><g v="PNCT"></g></l></v></tfr></token><token id="684384" text="Прогресса"><tfr rev_id="1516248" t="Прогресса"><v><l id="278761" t="прогресс"><g v="NOUN"></g><g v="inan"></g><g v="masc"></g><g v="sing"></g><g v="gent"></g></l></v></tfr></token><token id="684385" text="»"><tfr rev_id="2446682" t="»"><v><l id="0" t="»"><g v="PNCT"></g></l></v></tfr></token><token id="684386" text=","><tfr rev_id="1516250" t=","><v><l id="0" t=","><g v="PNCT"></g></l></v></tfr></token><token id="684387" text="планирует"><tfr rev_id="1516251" t="планирует"><v><l id="239713" t="планирую"><g v="VERB"></g><g v="impf"></g><g v="tran"></g><g v="sing"></g><g v="3per"></g><g v="pres"></g><g v="indc"></g></l></v></tfr></token><token id="684388" text="развивать"><tfr rev_id="1516252" t="развивать"><v><l id="292480" t="развивать"><g v="INFN"></g><g v="impf"></g><g v="tran"></g></l></v></tfr></token><token id="684389" text="это"><tfr rev_id="4441823" t="это"><v><l id="386574" t="это"><g v="PRCL"></g></l></v><v><l id="386575" t="это"><g v="NPRO"></g><g v="neut"></g><g v="sing"></g><g v="nomn"></g></l></v><v><l id="386575" t="это"><g v="NPRO"></g><g v="neut"></g><g v="sing"></g><g v="accs"></g></l></v><v><l id="386581" t="этот"><g v="ADJF"></g><g v="Subx"></g><g v="Apro"></g><g v="Anph"></g><g v="neut"></g><g v="sing"></g><g v="nomn"></g></l></v><v><l id="386581" t="этот"><g v="ADJF"></g><g v="Subx"></g><g v="Apro"></g><g v="Anph"></g><g v="neut"></g><g v="sing"></g><g v="accs"></g></l></v></tfr></token><token id="684390" text="средство"><tfr rev_id="1516254" t="средство"><v><l id="333716" t="средство"><g v="NOUN"></g><g v="inan"></g><g v="neut"></g><g v="sing"></g><g v="nomn"></g></l></v><v><l id="333716" t="средство"><g v="NOUN"></g><g v="inan"></g><g v="neut"></g><g v="sing"></g><g v="accs"></g></l></v></tfr></token><token id="684391" text="доставки"><tfr rev_id="3452577" t="доставки"><v><l id="90446" t="доставка"><g v="NOUN"></g><g v="inan"></g><g v="femn"></g><g v="sing"></g><g v="gent"></g></l></v></tfr></token><token id="684392" text="грузов"><tfr rev_id="1516256" t="грузов"><v><l id="75934" t="груз"><g v="NOUN"></g><g v="inan"></g><g v="masc"></g><g v="plur"></g><g v="gent"></g></l></v></tfr></token><token id="684393" text="на"><tfr rev_id="3334648" t="на"><v><l id="166264" t="на"><g v="PREP"></g></l></v></tfr></token><token id="684394" text="орбиту"><tfr rev_id="1516258" t="орбиту"><v><l id="208727" t="орбита"><g v="NOUN"></g><g v="inan"></g><g v="femn"></g><g v="sing"></g><g v="accs"></g></l></v></tfr></token><token id="684395" text=","><tfr rev_id="1516259" t=","><v><l id="0" t=","><g v="PNCT"></g></l></v></tfr></token><token id="684396" text="сделав"><tfr rev_id="1516260" t="сделав"><v><l id="317251" t="сделав"><g v="GRND"></g><g v="perf"></g><g v="tran"></g><g v="past"></g></l></v></tfr></token><token id="684397" text="его"><tfr rev_id="4531453" t="его"><v><l id="206541" t="он"><g v="NPRO"></g><g v="masc"></g><g v="3per"></g><g v="Anph"></g><g v="sing"></g><g v="gent"></g></l></v><v><l id="206541" t="он"><g v="NPRO"></g><g v="masc"></g><g v="3per"></g><g v="Anph"></g><g v="sing"></g><g v="accs"></g></l></v><v><l id="206649" t="оно"><g v="NPRO"></g><g v="neut"></g><g v="3per"></g><g v="Anph"></g><g v="sing"></g><g v="gent"></g></l></v><v><l id="206649" t="оно"><g v="NPRO"></g><g v="neut"></g><g v="3per"></g><g v="Anph"></g><g v="sing"></g><g v="accs"></g></l></v></tfr></token><token id="684398" text="возвращаемым"><tfr rev_id="4360321" t="возвращаемым"><v><l id="48837" t="возвращаемый"><g v="PRTF"></g><g v="impf"></g><g v="tran"></g><g v="pres"></g><g v="pssv"></g><g v="neut"></g><g v="sing"></g><g v="ablt"></g></l></v></tfr></token><token id="684399" text="."><tfr rev_id="1516263" t="."><v><l id="0" t="."><g v="PNCT"></g></l></v></tfr></token></tokens></sentence><sentence id="38390"><source>Эта программа тем более актуальна, что после планируемого в 2015 году прекращения работы американских шаттлов системой доставки грузов будет располагать только Россия.</source><tokens><token id="684400" text="Эта"><tfr rev_id="4437235" t="Эта"><v><l id="386581" t="этот"><g v="ADJF"></g><g v="Subx"></g><g v="Apro"></g><g v="Anph"></g><g v="femn"></g><g v="sing"></g><g v="nomn"></g></l></v></tfr></token><token id="684401" text="программа"><tfr rev_id="1516265" t="программа"><v><l id="278686" t="программа"><g v="NOUN"></g><g v="inan"></g><g v="femn"></g><g v="sing"></g><g v="nomn"></g></l></v></tfr></token><token id="684402" text="тем"><tfr rev_id="4490315" t="тем"><v><l id="344449" t="тем"><g v="CONJ"></g></l></v></tfr></token><token id="684403" text="более"><tfr rev_id="1516267" t="более"><v><l id="32065" t="более"><g v="ADVB"></g></l></v></tfr></token><token id="684404" text="актуальна"><tfr rev_id="1516268" t="актуальна"><v><l id="7746" t="актуален"><g v="ADJS"></g><g v="Qual"></g><g v="femn"></g><g v="sing"></g></l></v></tfr></token><token id="684405" text=","><tfr rev_id="1516269" t=","><v><l id="0" t=","><g v="PNCT"></g></l></v></tfr></token><token id="684406" text="что"><tfr rev_id="3197646" t="что"><v><l id="377004" t="что"><g v="CONJ"></g></l></v><v><l id="377005" t="что"><g v="NPRO"></g><g v="neut"></g><g v="sing"></g><g v="nomn"></g></l></v><v><l id="377005" t="что"><g v="NPRO"></g><g v="neut"></g><g v="sing"></g><g v="accs"></g></l></v><v><l id="377006" t="что"><g v="ADVB"></g><g v="Ques"></g></l></v><v><l id="388695" t="что"><g v="PRCL"></g></l></v></tfr></token><token id="684407" text="после"><tfr rev_id="4403795" t="после"><v><l id="261542" t="после"><g v="PREP"></g></l></v></tfr></token><token id="684408" text="планируемого"><tfr rev_id="3443243" t="планируемого"><v><l id="239717" t="планируемый"><g v="PRTF"></g><g v="impf"></g><g v="tran"></g><g v="pres"></g><g v="pssv"></g><g v="neut"></g><g v="sing"></g><g v="gent"></g></l></v></tfr></token><token id="684409" text="в"><tfr rev_id="1516273" t="в"><v><l id="37409" t="в"><g v="PREP"></g></l></v></tfr></token><token id="684410" text="2015"><tfr rev_id="2462708" t="2015"><v><l id="0" t="2015"><g v="NUMB"></g></l></v></tfr></token><token id="684411" text="году"><tfr rev_id="3045965" t="году"><v><l id="72149" t="год"><g v="NOUN"></g><g v="inan"></g><g v="masc"></g><g v="sing"></g><g v="loc2"></g></l></v></tfr></token><token id="684412" text="прекращения"><tfr rev_id="3487739" t="прекращения"><v><l id="267615" t="прекращение"><g v="NOUN"></g><g v="inan"></g><g v="neut"></g><g v="sing"></g><g v="gent"></g></l></v></tfr></token><token id="684413" text="работы"><tfr rev_id="3452180" t="работы"><v><l id="290501" t="работа"><g v="NOUN"></g><g v="inan"></g><g v="femn"></g><g v="sing"></g><g v="gent"></g></l></v></tfr></token><token id="684414" text="американских"><tfr rev_id="4163177" t="американских"><v><l id="11429" t="американский"><g v="ADJF"></g><g v="plur"></g><g v="gent"></g></l></v></tfr></token><token id="684415" text="шаттлов"><tfr rev_id="1516279" t="шаттлов"><v><l id="378494" t="шаттл"><g v="NOUN"></g><g v="inan"></g><g v="masc"></g><g v="plur"></g><g v="gent"></g></l></v></tfr></token><token id="684416" text="системой"><tfr rev_id="1516280" t="системой"><v><l id="321350" t="система"><g v="NOUN"></g><g v="inan"></g><g v="femn"></g><g v="sing"></g><g v="ablt"></g></l></v></tfr></token><token id="684417" text="доставки"><tfr rev_id="3439405" t="доставки"><v><l id="90446" t="доставка"><g v="NOUN"></g><g v="inan"></g><g v="femn"></g><g v="sing"></g><g v="gent"></g></l></v></tfr></token><token id="684418" text="грузов"><tfr rev_id="1516282" t="грузов"><v><l id="75934" t="груз"><g v="NOUN"></g><g v="inan"></g><g v="masc"></g><g v="plur"></g><g v="gent"></g></l></v></tfr></token><token id="684419" text="будет"><tfr rev_id="1516283" t="будет"><v><l id="37265" t="есть"><g v="VERB"></g><g v="impf"></g><g v="intr"></g><g v="sing"></g><g v="3per"></g><g v="futr"></g><g v="indc"></g></l></v></tfr></token><token id="684420" text="располагать"><tfr rev_id="1516284" t="располагать"><v><l id="300059" t="располагать"><g v="INFN"></g><g v="impf"></g><g v="tran"></g></l></v><v><l id="300066" t="располагать"><g v="INFN"></g><g v="impf"></g><g v="intr"></g></l></v></tfr></token><token id="684421" text="только"><tfr rev_id="3784189" t="только"><v><l id="347395" t="только"><g v="CONJ"></g></l></v><v><l id="347396" t="только"><g v="PRCL"></g></l></v><v><l id="390053" t="только"><g v="ADVB"></g></l></v></tfr></token><token id="684422" text="Россия"><tfr rev_id="1516286" t="Россия"><v><l id="309322" t="россия"><g v="NOUN"></g><g v="inan"></g><g v="femn"></g><g v="Sgtm"></g><g v="Geox"></g><g v="sing"></g><g v="nomn"></g></l></v></tfr></token><token id="684423" text="."><tfr rev_id="1516287" t="."><v><l id="0" t="."><g v="PNCT"></g></l></v></tfr></token></tokens></sentence><sentence id="38391"><source>Наконец, ЕКА планирует запустить специальный геостационарный спутник, который станет основой Европейской спутниковой системы передачи данных, — он займется сбором информации с остальных спутников и оперативной передачей ее на Землю.</source><tokens><token id="684424" text="Наконец"><tfr rev_id="1516288" t="Наконец"><v><l id="171303" t="наконец"><g v="ADVB"></g></l></v><v><l id="171304" t="наконец"><g v="CONJ"></g><g v="Prnt"></g></l></v></tfr></token><token id="684425" text=","><tfr rev_id="1516289" t=","><v><l id="0" t=","><g v="PNCT"></g></l></v></tfr></token><token id="684426" text="ЕКА"><tfr rev_id="1516290" t="ЕКА"><v><l id="0" t="ека"><g v="UNKN"></g></l></v></tfr></token><token id="684427" text="планирует"><tfr rev_id="1516291" t="планирует"><v><l id="239713" t="планирую"><g v="VERB"></g><g v="impf"></g><g v="tran"></g><g v="sing"></g><g v="3per"></g><g v="pres"></g><g v="indc"></g></l></v></tfr></token><token id="684428" text="запустить"><tfr rev_id="1516292" t="запустить"><v><l id="108327" t="запустить"><g v="INFN"></g><g v="perf"></g><g v="tran"></g></l></v></tfr></token><token id="684429" text="специальный"><tfr rev_id="1516293" t="специальный"><v><l id="331875" t="специальный"><g v="ADJF"></g><g v="masc"></g><g v="sing"></g><g v="nomn"></g></l></v><v><l id="331875" t="специальный"><g v="ADJF"></g><g v="inan"></g><g v="masc"></g><g v="sing"></g><g v="accs"></g></l></v></tfr></token><token id="684430" text="геостационарный"><tfr rev_id="1516294" t="геостационарный"><v><l id="68823" t="геостационарный"><g v="ADJF"></g><g v="masc"></g><g v="sing"></g><g v="nomn"></g></l></v><v><l id="68823" t="геостационарный"><g v="ADJF"></g><g v="inan"></g><g v="masc"></g><g v="sing"></g><g v="accs"></g></l></v></tfr></token><token id="684431" text="спутник"><tfr rev_id="4323440" t="спутник"><v><l id="333235" t="спутник"><g v="NOUN"></g><g v="inan"></g><g v="masc"></g><g v="sing"></g><g v="nomn"></g></l></v><v><l id="333235" t="спутник"><g v="NOUN"></g><g v="inan"></g><g v="masc"></g><g v="sing"></g><g v="accs"></g></l></v></tfr></token><token id="684432" text=","><tfr rev_id="1516296" t=","><v><l id="0" t=","><g v="PNCT"></g></l></v></tfr></token><token id="684433" text="который"><tfr rev_id="3637484" t="который"><v><l id="141203" t="который"><g v="ADJF"></g><g v="Apro"></g><g v="Subx"></g><g v="Anph"></g><g v="masc"></g><g v="sing"></g><g v="nomn"></g></l></v><v><l id="141203" t="который"><g v="ADJF"></g><g v="Apro"></g><g v="Subx"></g><g v="Anph"></g><g v="inan"></g><g v="masc"></g><g v="sing"></g><g v="accs"></g></l></v></tfr></token><token id="684434" text="станет"><tfr rev_id="1516298" t="станет"><v><l id="335164" t="стал"><g v="VERB"></g><g v="perf"></g><g v="intr"></g><g v="sing"></g><g v="3per"></g><g v="futr"></g><g v="indc"></g></l></v></tfr></token><token id="684435" text="основой"><tfr rev_id="1516299" t="основой"><v><l id="210574" t="основа"><g v="NOUN"></g><g v="inan"></g><g v="femn"></g><g v="sing"></g><g v="ablt"></g></l></v></tfr></token><token id="684436" text="Европейской"><tfr rev_id="4170990" t="Европейской"><v><l id="94034" t="европейский"><g v="ADJF"></g><g v="femn"></g><g v="sing"></g><g v="gent"></g></l></v></tfr></token><token id="684437" text="спутниковой"><tfr rev_id="3692215" t="спутниковой"><v><l id="333237" t="спутниковый"><g v="ADJF"></g><g v="femn"></g><g v="sing"></g><g v="gent"></g></l></v></tfr></token><token id="684438" text="системы"><tfr rev_id="3444360" t="системы"><v><l id="321350" t="система"><g v="NOUN"></g><g v="inan"></g><g v="femn"></g><g v="sing"></g><g v="gent"></g></l></v></tfr></token><token id="684439" text="передачи"><tfr rev_id="3434303" t="передачи"><v><l id="228169" t="передача"><g v="NOUN"></g><g v="inan"></g><g v="femn"></g><g v="sing"></g><g v="gent"></g></l></v></tfr></token><token id="684440" text="данных"><tfr rev_id="4537962" t="данных"><v><l id="78302" t="данные"><g v="NOUN"></g><g v="inan"></g><g v="GNdr"></g><g v="Pltm"></g><g v="plur"></g><g v="gent"></g></l></v></tfr></token><token id="684441" text=","><tfr rev_id="1516305" t=","><v><l id="0" t=","><g v="PNCT"></g></l></v></tfr></token><token id="684442" text="—"><tfr rev_id="2446683" t="—"><v><l id="0" t="—"><g v="PNCT"></g></l></v></tfr></token><token id="684443" text="он"><tfr rev_id="3575806" t="он"><v><l id="206541" t="он"><g v="NPRO"></g><g v="masc"></g><g v="3per"></g><g v="Anph"></g><g v="sing"></g><g v="nomn"></g></l></v></tfr></token><token id="684444" text="займется"><tfr rev_id="1516308" t="займется"><v><l id="106590" t="занялся"><g v="VERB"></g><g v="perf"></g><g v="intr"></g><g v="sing"></g><g v="3per"></g><g v="futr"></g><g v="indc"></g></l></v></tfr></token><token id="684445" text="сбором"><tfr rev_id="1516309" t="сбором"><v><l id="314358" t="сбор"><g v="NOUN"></g><g v="inan"></g><g v="masc"></g><g v="sing"></g><g v="ablt"></g></l></v></tfr></token><token id="684446" text="информации"><tfr rev_id="3549382" t="информации"><v><l id="123576" t="информация"><g v="NOUN"></g><g v="inan"></g><g v="femn"></g><g v="sing"></g><g v="gent"></g></l></v></tfr></token><token id="684447" text="с"><tfr rev_id="1516311" t="с"><v><l id="311151" t="с"><g v="PREP"></g></l></v></tfr></token><token id="684448" text="остальных"><tfr rev_id="4137262" t="остальных"><v><l id="210836" t="остальной"><g v="ADJF"></g><g v="Subx"></g><g v="Apro"></g><g v="plur"></g><g v="gent"></g></l></v></tfr></token><token id="684449" text="спутников"><tfr rev_id="4282621" t="спутников"><v><l id="333235" t="спутник"><g v="NOUN"></g><g v="inan"></g><g v="masc"></g><g v="plur"></g><g v="gent"></g></l></v></tfr></token><token id="684450" text="и"><tfr rev_id="3480552" t="и"><v><l id="116949" t="и"><g v="CONJ"></g></l></v></tfr></token><token id="684451" text="оперативной"><tfr rev_id="4315964" t="оперативной"><v><l id="206941" t="оперативный"><g v="ADJF"></g><g v="Qual"></g><g v="femn"></g><g v="sing"></g><g v="ablt"></g></l></v></tfr></token><token id="684452" text="передачей"><tfr rev_id="1516316" t="передачей"><v><l id="228169" t="передача"><g v="NOUN"></g><g v="inan"></g><g v="femn"></g><g v="sing"></g><g v="ablt"></g></l></v></tfr></token><token id="684453" text="ее"><tfr rev_id="4474780" t="ее"><v><l id="206544" t="она"><g v="NPRO"></g><g v="femn"></g><g v="3per"></g><g v="Anph"></g><g v="sing"></g><g v="gent"></g></l></v><v><l id="206544" t="она"><g v="NPRO"></g><g v="femn"></g><g v="3per"></g><g v="Anph"></g><g v="sing"></g><g v="accs"></g></l></v></tfr></token><token id="684454" text="на"><tfr rev_id="3345082" t="на"><v><l id="166264" t="на"><g v="PREP"></g></l></v></tfr></token><token id="684455" text="Землю"><tfr rev_id="1516319" t="Землю"><v><l id="115091" t="земля"><g v="NOUN"></g><g v="inan"></g><g v="femn"></g><g v="sing"></g><g v="accs"></g></l></v></tfr></token><token id="684456" text="."><tfr rev_id="1516320" t="."><v><l id="0" t="."><g v="PNCT"></g></l></v></tfr></token></tokens></sentence></paragraph><paragraph id="12291"><sentence id="38392"><source>Евросоюзом в его космических программах движут, конечно, не только экономические соображения.</source><tokens><token id="684457" text="Евросоюзом"><tfr rev_id="1516321" t="Евросоюзом"><v><l id="94049" t="евросоюз"><g v="NOUN"></g><g v="inan"></g><g v="masc"></g><g v="Geox"></g><g v="sing"></g><g v="ablt"></g></l></v></tfr></token><token id="684458" text="в"><tfr rev_id="1516322" t="в"><v><l id="37409" t="в"><g v="PREP"></g></l></v></tfr></token><token id="684459" text="его"><tfr rev_id="4491551" t="его"><v><l id="94208" t="его"><g v="ADJF"></g><g v="Fixd"></g><g v="Apro"></g><g v="Anph"></g><g v="plur"></g><g v="nomn"></g></l></v><v><l id="94208" t="его"><g v="ADJF"></g><g v="Fixd"></g><g v="Apro"></g><g v="Anph"></g><g v="plur"></g><g v="gent"></g></l></v><v><l id="94208" t="его"><g v="ADJF"></g><g v="Fixd"></g><g v="Apro"></g><g v="Anph"></g><g v="plur"></g><g v="datv"></g></l></v><v><l id="94208" t="его"><g v="ADJF"></g><g v="Fixd"></g><g v="Apro"></g><g v="Anph"></g><g v="plur"></g><g v="accs"></g></l></v><v><l id="94208" t="его"><g v="ADJF"></g><g v="Fixd"></g><g v="Apro"></g><g v="Anph"></g><g v="plur"></g><g v="ablt"></g></l></v><v><l id="94208" t="его"><g v="ADJF"></g><g v="Fixd"></g><g v="Apro"></g><g v="Anph"></g><g v="plur"></g><g v="loct"></g></l></v></tfr></token><token id="684460" text="космических"><tfr rev_id="4356182" t="космических"><v><l id="140606" t="космический"><g v="ADJF"></g><g v="plur"></g><g v="loct"></g></l></v></tfr></token><token id="684461" text="программах"><tfr rev_id="1516325" t="программах"><v><l id="278686" t="программа"><g v="NOUN"></g><g v="inan"></g><g v="femn"></g><g v="plur"></g><g v="loct"></g></l></v></tfr></token><token id="684462" text="движут"><tfr rev_id="1516326" t="движут"><v><l id="78818" t="двигаю"><g v="VERB"></g><g v="impf"></g><g v="tran"></g><g v="plur"></g><g v="3per"></g><g v="pres"></g><g v="indc"></g><g v="Infr"></g></l></v></tfr></token><token id="684463" text=","><tfr rev_id="1516327" t=","><v><l id="0" t=","><g v="PNCT"></g></l></v></tfr></token><token id="684464" text="конечно"><tfr rev_id="1516328" t="конечно"><v><l id="137817" t="конечно"><g v="CONJ"></g><g v="Prnt"></g></l></v><v><l id="137818" t="конечно"><g v="PRCL"></g></l></v><v><l id="137822" t="конечен"><g v="ADJS"></g><g v="Qual"></g><g v="neut"></g><g v="sing"></g></l></v></tfr></token><token id="684465" text=","><tfr rev_id="1516329" t=","><v><l id="0" t=","><g v="PNCT"></g></l></v></tfr></token><token id="684466" text="не"><tfr rev_id="1516330" t="не"><v><l id="178876" t="не"><g v="PRCL"></g></l></v></tfr></token><token id="684467" text="только"><tfr rev_id="3784190" t="только"><v><l id="347395" t="только"><g v="CONJ"></g></l></v><v><l id="347396" t="только"><g v="PRCL"></g></l></v><v><l id="390053" t="только"><g v="ADVB"></g></l></v></tfr></token><token id="684468" text="экономические"><tfr rev_id="3820653" t="экономические"><v><l id="383364" t="экономический"><g v="ADJF"></g><g v="plur"></g><g v="nomn"></g></l></v></tfr></token><token id="684469" text="соображения"><tfr rev_id="3804842" t="соображения"><v><l id="329484" t="соображение"><g v="NOUN"></g><g v="inan"></g><g v="neut"></g><g v="plur"></g><g v="nomn"></g></l></v></tfr></token><token id="684470" text="."><tfr rev_id="1516334" t="."><v><l id="0" t="."><g v="PNCT"></g></l></v></tfr></token></tokens></sentence><sentence id="38393"><source>Космос — это не то, на чем можно экономить, учитывая доминирование США и России в космических исследованиях и успешное развитие космических программ Китая и Индии.</source><tokens><token id="684471" text="Космос"><tfr rev_id="4099449" t="Космос"><v><l id="140637" t="космос"><g v="NOUN"></g><g v="inan"></g><g v="masc"></g><g v="sing"></g><g v="nomn"></g></l></v></tfr></token><token id="684472" text="—"><tfr rev_id="2446684" t="—"><v><l id="0" t="—"><g v="PNCT"></g></l></v></tfr></token><token id="684473" text="это"><tfr rev_id="4441824" t="это"><v><l id="386574" t="это"><g v="PRCL"></g></l></v><v><l id="386575" t="это"><g v="NPRO"></g><g v="neut"></g><g v="sing"></g><g v="nomn"></g></l></v><v><l id="386575" t="это"><g v="NPRO"></g><g v="neut"></g><g v="sing"></g><g v="accs"></g></l></v><v><l id="386581" t="этот"><g v="ADJF"></g><g v="Subx"></g><g v="Apro"></g><g v="Anph"></g><g v="neut"></g><g v="sing"></g><g v="nomn"></g></l></v><v><l id="386581" t="этот"><g v="ADJF"></g><g v="Subx"></g><g v="Apro"></g><g v="Anph"></g><g v="neut"></g><g v="sing"></g><g v="accs"></g></l></v></tfr></token><token id="684474" text="не"><tfr rev_id="1516338" t="не"><v><l id="178876" t="не"><g v="PRCL"></g></l></v></tfr></token><token id="684475" text="то"><tfr rev_id="4455116" t="то"><v><l id="348430" t="тот"><g v="ADJF"></g><g v="Subx"></g><g v="Apro"></g><g v="Anph"></g><g v="neut"></g><g v="sing"></g><g v="nomn"></g></l></v><v><l id="348430" t="тот"><g v="ADJF"></g><g v="Subx"></g><g v="Apro"></g><g v="Anph"></g><g v="neut"></g><g v="sing"></g><g v="accs"></g></l></v></tfr></token><token id="684476" text=","><tfr rev_id="1516340" t=","><v><l id="0" t=","><g v="PNCT"></g></l></v></tfr></token><token id="684477" text="на"><tfr rev_id="3338919" t="на"><v><l id="166264" t="на"><g v="PREP"></g></l></v></tfr></token><token id="684478" text="чем"><tfr rev_id="4307384" t="чем"><v><l id="377005" t="что"><g v="NPRO"></g><g v="neut"></g><g v="sing"></g><g v="loct"></g></l></v></tfr></token><token id="684479" text="можно"><tfr rev_id="1516343" t="можно"><v><l id="162467" t="можно"><g v="PRED"></g><g v="pres"></g></l></v></tfr></token><token id="684480" text="экономить"><tfr rev_id="1516344" t="экономить"><v><l id="383348" t="экономить"><g v="INFN"></g><g v="impf"></g><g v="tran"></g></l></v></tfr></token><token id="684481" text=","><tfr rev_id="1516345" t=","><v><l id="0" t=","><g v="PNCT"></g></l></v></tfr></token><token id="684482" text="учитывая"><tfr rev_id="1516346" t="учитывая"><v><l id="363307" t="учитывая"><g v="GRND"></g><g v="impf"></g><g v="tran"></g><g v="pres"></g></l></v></tfr></token><token id="684483" text="доминирование"><tfr rev_id="4213335" t="доминирование"><v><l id="88366" t="доминирование"><g v="NOUN"></g><g v="inan"></g><g v="neut"></g><g v="Sgtm"></g><g v="sing"></g><g v="accs"></g></l></v></tfr></token><token id="684484" text="США"><tfr rev_id="3811441" t="США"><v><l id="341371" t="сша"><g v="NOUN"></g><g v="inan"></g><g v="GNdr"></g><g v="Pltm"></g><g v="Fixd"></g><g v="Abbr"></g><g v="Geox"></g><g v="plur"></g><g v="gent"></g></l></v></tfr></token><token id="684485" text="и"><tfr rev_id="1516349" t="и"><v><l id="116949" t="и"><g v="CONJ"></g></l></v><v><l id="116950" t="и"><g v="INTJ"></g></l></v></tfr></token><token id="684486" text="России"><tfr rev_id="2934887" t="России"><v><l id="309322" t="россия"><g v="NOUN"></g><g v="inan"></g><g v="femn"></g><g v="Sgtm"></g><g v="Geox"></g><g v="sing"></g><g v="gent"></g></l></v></tfr></token><token id="684487" text="в"><tfr rev_id="1516351" t="в"><v><l id="37409" t="в"><g v="PREP"></g></l></v></tfr></token><token id="684488" text="космических"><tfr rev_id="4351591" t="космических"><v><l id="140606" t="космический"><g v="ADJF"></g><g v="plur"></g><g v="loct"></g></l></v></tfr></token><token id="684489" text="исследованиях"><tfr rev_id="1516353" t="исследованиях"><v><l id="125799" t="исследование"><g v="NOUN"></g><g v="inan"></g><g v="neut"></g><g v="plur"></g><g v="loct"></g></l></v></tfr></token><token id="684490" text="и"><tfr rev_id="1516354" t="и"><v><l id="116949" t="и"><g v="CONJ"></g></l></v><v><l id="116950" t="и"><g v="INTJ"></g></l></v></tfr></token><token id="684491" text="успешное"><tfr rev_id="1516355" t="успешное"><v><l id="360843" t="успешный"><g v="ADJF"></g><g v="Qual"></g><g v="neut"></g><g v="sing"></g><g v="nomn"></g></l></v><v><l id="360843" t="успешный"><g v="ADJF"></g><g v="Qual"></g><g v="neut"></g><g v="sing"></g><g v="accs"></g></l></v></tfr></token><token id="684492" text="развитие"><tfr rev_id="4105963" t="развитие"><v><l id="292545" t="развитие"><g v="NOUN"></g><g v="inan"></g><g v="neut"></g><g v="sing"></g><g v="accs"></g></l></v></tfr></token><token id="684493" text="космических"><tfr rev_id="3945609" t="космических"><v><l id="140606" t="космический"><g v="ADJF"></g><g v="plur"></g><g v="gent"></g></l></v></tfr></token><token id="684494" text="программ"><tfr rev_id="1516358" t="программ"><v><l id="278686" t="программа"><g v="NOUN"></g><g v="inan"></g><g v="femn"></g><g v="plur"></g><g v="gent"></g></l></v></tfr></token><token id="684495" text="Китая"><tfr rev_id="1516359" t="Китая"><v><l id="133640" t="китай"><g v="NOUN"></g><g v="inan"></g><g v="masc"></g><g v="Sgtm"></g><g v="Geox"></g><g v="sing"></g><g v="gent"></g></l></v></tfr></token><token id="684496" text="и"><tfr rev_id="3557763" t="и"><v><l id="116949" t="и"><g v="CONJ"></g></l></v></tfr></token><token id="684497" text="Индии"><tfr rev_id="4314127" t="Индии"><v><l id="122271" t="индия"><g v="NOUN"></g><g v="inan"></g><g v="femn"></g><g v="Sgtm"></g><g v="Geox"></g><g v="sing"></g><g v="gent"></g></l></v></tfr></token><token id="684498" text="."><tfr rev_id="1516362" t="."><v><l id="0" t="."><g v="PNCT"></g></l></v></tfr></token></tokens></sentence></paragraph><paragraph id="12292"><sentence id="38394"><source>Подробнее об этих программах см. статьи «Космический дракон с компьютерным сердцем» и «Индия дотянулась до Луны».</source><tokens><token id="684499" text="Подробнее"><tfr rev_id="4496599" t="Подробнее"><v><l id="249806" t="подробнее"><g v="COMP"></g></l></v></tfr></token><token id="684500" text="об"><tfr rev_id="2921281" t="об"><v><l id="192977" t="о"><g v="PREP"></g><g v="Vpre"></g></l></v></tfr></token><token id="684501" text="этих"><tfr rev_id="4447117" t="этих"><v><l id="386581" t="этот"><g v="ADJF"></g><g v="Subx"></g><g v="Apro"></g><g v="Anph"></g><g v="plur"></g><g v="loct"></g></l></v></tfr></token><token id="684502" text="программах"><tfr rev_id="1516366" t="программах"><v><l id="278686" t="программа"><g v="NOUN"></g><g v="inan"></g><g v="femn"></g><g v="plur"></g><g v="loct"></g></l></v></tfr></token><token id="684503" text="см"><tfr rev_id="3720515" t="см"><v><l id="326798" t="смотрю"><g v="VERB"></g><g v="impf"></g><g v="tran"></g><g v="sing"></g><g v="impr"></g><g v="excl"></g><g v="Abbr"></g></l></v></tfr></token><token id="684504" text="."><tfr rev_id="1516368" t="."><v><l id="0" t="."><g v="PNCT"></g></l></v></tfr></token><token id="684505" text="статьи"><tfr rev_id="3796295" t="статьи"><v><l id="335173" t="статья"><g v="NOUN"></g><g v="inan"></g><g v="femn"></g><g v="plur"></g><g v="accs"></g></l></v></tfr></token><token id="684506" text="«"><tfr rev_id="2446685" t="«"><v><l id="0" t="«"><g v="PNCT"></g></l></v></tfr></token><token id="684507" text="Космический"><tfr rev_id="3667611" t="Космический"><v><l id="140606" t="космический"><g v="ADJF"></g><g v="masc"></g><g v="sing"></g><g v="nomn"></g></l></v></tfr></token><token id="684508" text="дракон"><tfr rev_id="1516372" t="дракон"><v><l id="91687" t="дракон"><g v="NOUN"></g><g v="anim"></g><g v="masc"></g><g v="sing"></g><g v="nomn"></g></l></v></tfr></token><token id="684509" text="с"><tfr rev_id="1516373" t="с"><v><l id="311151" t="с"><g v="PREP"></g></l></v></tfr></token><token id="684510" text="компьютерным"><tfr rev_id="3668426" t="компьютерным"><v><l id="137452" t="компьютерный"><g v="ADJF"></g><g v="masc"></g><g v="sing"></g><g v="ablt"></g></l></v><v><l id="137452" t="компьютерный"><g v="ADJF"></g><g v="neut"></g><g v="sing"></g><g v="ablt"></g></l></v></tfr></token><token id="684511" text="сердцем"><tfr rev_id="1516375" t="сердцем"><v><l id="319145" t="сердце"><g v="NOUN"></g><g v="inan"></g><g v="neut"></g><g v="sing"></g><g v="ablt"></g></l></v></tfr></token><token id="684512" text="»"><tfr rev_id="2446686" t="»"><v><l id="0" t="»"><g v="PNCT"></g></l></v></tfr></token><token id="684513" text="и"><tfr rev_id="1516377" t="и"><v><l id="116949" t="и"><g v="CONJ"></g></l></v><v><l id="116950" t="и"><g v="INTJ"></g></l></v></tfr></token><token id="684514" text="«"><tfr rev_id="2446687" t="«"><v><l id="0" t="«"><g v="PNCT"></g></l></v></tfr></token><token id="684515" text="Индия"><tfr rev_id="3859723" t="Индия"><v><l id="122271" t="индия"><g v="NOUN"></g><g v="inan"></g><g v="femn"></g><g v="Sgtm"></g><g v="Geox"></g><g v="sing"></g><g v="nomn"></g></l></v></tfr></token><token id="684516" text="дотянулась"><tfr rev_id="1516380" t="дотянулась"><v><l id="91106" t="дотянулся"><g v="VERB"></g><g v="perf"></g><g v="intr"></g><g v="femn"></g><g v="sing"></g><g v="past"></g><g v="indc"></g></l></v></tfr></token><token id="684517" text="до"><tfr rev_id="1516381" t="до"><v><l id="85153" t="до"><g v="PREP"></g></l></v></tfr></token><token id="684518" text="Луны"><tfr rev_id="3448367" t="Луны"><v><l id="151474" t="луна"><g v="NOUN"></g><g v="inan"></g><g v="femn"></g><g v="sing"></g><g v="gent"></g></l></v></tfr></token><token id="684519" text="»"><tfr rev_id="2446688" t="»"><v><l id="0" t="»"><g v="PNCT"></g></l></v></tfr></token><token id="684520" text="."><tfr rev_id="1516384" t="."><v><l id="0" t="."><g v="PNCT"></g></l></v></tfr></token></tokens></sentence></paragraph></paragraphs></text>