<?xml version="1.0" encoding="utf-8"?><text id="1349" parent="544" name="0025427 +1 Linux"><tags><tag>url:http://yantayga.livejournal.com/25427.html</tag><tag>Год:2011</tag><tag>Дата:01/04</tag><tag>Время:14:26</tag><tag>ЖЖ:Метка:*nix</tag><tag>ЖЖ:Метка:freebsd</tag><tag>ЖЖ:Метка:haskell platform</tag><tag>ЖЖ:Метка:linux</tag><tag>ЖЖ:Метка:вопрос</tag><tag>ЖЖ:Метка:эксперименты</tag></tags><paragraphs><paragraph id="12309"><sentence id="38441"><source>Хочу вот поставить себе Linux.</source><tokens><token id="685386" text="Хочу"><tfr rev_id="1517250" t="Хочу"><v><l id="371713" t="хочу"><g v="VERB"></g><g v="impf"></g><g v="tran"></g><g v="sing"></g><g v="1per"></g><g v="pres"></g><g v="indc"></g></l></v></tfr></token><token id="685387" text="вот"><tfr rev_id="3363413" t="вот"><v><l id="52157" t="вот"><g v="PRCL"></g></l></v></tfr></token><token id="685388" text="поставить"><tfr rev_id="1517252" t="поставить"><v><l id="262089" t="поставить"><g v="INFN"></g><g v="perf"></g><g v="tran"></g></l></v></tfr></token><token id="685389" text="себе"><tfr rev_id="4398116" t="себе"><v><l id="317456" t="себя"><g v="NPRO"></g><g v="Anph"></g><g v="sing"></g><g v="datv"></g></l></v></tfr></token><token id="685390" text="Linux"><tfr rev_id="2475378" t="Linux"><v><l id="0" t="Linux"><g v="LATN"></g></l></v></tfr></token><token id="685391" text="."><tfr rev_id="1517255" t="."><v><l id="0" t="."><g v="PNCT"></g></l></v></tfr></token></tokens></sentence></paragraph><paragraph id="12310"><sentence id="38442"><source>Вопрос к спецам и опытным пользователям - какой дистрибутив посоветуете?</source><tokens><token id="685392" text="Вопрос"><tfr rev_id="1517256" t="Вопрос"><v><l id="50830" t="вопрос"><g v="NOUN"></g><g v="inan"></g><g v="masc"></g><g v="sing"></g><g v="nomn"></g></l></v><v><l id="50830" t="вопрос"><g v="NOUN"></g><g v="inan"></g><g v="masc"></g><g v="sing"></g><g v="accs"></g></l></v></tfr></token><token id="685393" text="к"><tfr rev_id="1517257" t="к"><v><l id="127460" t="к"><g v="PREP"></g></l></v></tfr></token><token id="685394" text="спецам"><tfr rev_id="1517258" t="спецам"><v><l id="331814" t="спец"><g v="NOUN"></g><g v="anim"></g><g v="masc"></g><g v="plur"></g><g v="datv"></g></l></v></tfr></token><token id="685395" text="и"><tfr rev_id="3675332" t="и"><v><l id="116949" t="и"><g v="CONJ"></g></l></v></tfr></token><token id="685396" text="опытным"><tfr rev_id="3668117" t="опытным"><v><l id="208582" t="опытный"><g v="ADJF"></g><g v="Qual"></g><g v="plur"></g><g v="datv"></g></l></v></tfr></token><token id="685397" text="пользователям"><tfr rev_id="1517261" t="пользователям"><v><l id="257079" t="пользователь"><g v="NOUN"></g><g v="anim"></g><g v="masc"></g><g v="plur"></g><g v="datv"></g></l></v></tfr></token><token id="685398" text="-"><tfr rev_id="1517262" t="-"><v><l id="0" t="-"><g v="PNCT"></g></l></v></tfr></token><token id="685399" text="какой"><tfr rev_id="2635688" t="какой"><v><l id="128224" t="какой"><g v="ADJF"></g><g v="Apro"></g><g v="masc"></g><g v="sing"></g><g v="nomn"></g></l></v><v><l id="128224" t="какой"><g v="ADJF"></g><g v="Apro"></g><g v="inan"></g><g v="masc"></g><g v="sing"></g><g v="accs"></g></l></v></tfr></token><token id="685400" text="дистрибутив"><tfr rev_id="1517264" t="дистрибутив"><v><l id="84640" t="дистрибутив"><g v="NOUN"></g><g v="inan"></g><g v="masc"></g><g v="sing"></g><g v="nomn"></g></l></v><v><l id="84640" t="дистрибутив"><g v="NOUN"></g><g v="inan"></g><g v="masc"></g><g v="sing"></g><g v="accs"></g></l></v></tfr></token><token id="685401" text="посоветуете"><tfr rev_id="1517265" t="посоветуете"><v><l id="261850" t="посоветовал"><g v="VERB"></g><g v="perf"></g><g v="tran"></g><g v="plur"></g><g v="2per"></g><g v="futr"></g><g v="indc"></g></l></v></tfr></token><token id="685402" text="?"><tfr rev_id="1517266" t="?"><v><l id="0" t="?"><g v="PNCT"></g></l></v></tfr></token></tokens></sentence><sentence id="38443"><source>Мой опыт в Linux ограничивается Slackware и немного RedHat.</source><tokens><token id="685403" text="Мой"><tfr rev_id="4174474" t="Мой"><v><l id="162570" t="мой"><g v="ADJF"></g><g v="Apro"></g><g v="masc"></g><g v="sing"></g><g v="nomn"></g></l></v><v><l id="162570" t="мой"><g v="ADJF"></g><g v="Apro"></g><g v="inan"></g><g v="masc"></g><g v="sing"></g><g v="accs"></g></l></v></tfr></token><token id="685404" text="опыт"><tfr rev_id="1517268" t="опыт"><v><l id="208575" t="опыт"><g v="NOUN"></g><g v="inan"></g><g v="masc"></g><g v="sing"></g><g v="nomn"></g></l></v><v><l id="208575" t="опыт"><g v="NOUN"></g><g v="inan"></g><g v="masc"></g><g v="sing"></g><g v="accs"></g></l></v></tfr></token><token id="685405" text="в"><tfr rev_id="1517269" t="в"><v><l id="37409" t="в"><g v="PREP"></g></l></v></tfr></token><token id="685406" text="Linux"><tfr rev_id="2475379" t="Linux"><v><l id="0" t="Linux"><g v="LATN"></g></l></v></tfr></token><token id="685407" text="ограничивается"><tfr rev_id="1517271" t="ограничивается"><v><l id="202928" t="ограничиваюсь"><g v="VERB"></g><g v="impf"></g><g v="intr"></g><g v="sing"></g><g v="3per"></g><g v="pres"></g><g v="indc"></g></l></v></tfr></token><token id="685408" text="Slackware"><tfr rev_id="2475380" t="Slackware"><v><l id="0" t="Slackware"><g v="LATN"></g></l></v></tfr></token><token id="685409" text="и"><tfr rev_id="1517273" t="и"><v><l id="116949" t="и"><g v="CONJ"></g></l></v><v><l id="116950" t="и"><g v="INTJ"></g></l></v></tfr></token><token id="685410" text="немного"><tfr rev_id="4177827" t="немного"><v><l id="184140" t="немного"><g v="ADVB"></g></l></v></tfr></token><token id="685411" text="RedHat"><tfr rev_id="2475381" t="RedHat"><v><l id="0" t="RedHat"><g v="LATN"></g></l></v></tfr></token><token id="685412" text="."><tfr rev_id="1517276" t="."><v><l id="0" t="."><g v="PNCT"></g></l></v></tfr></token></tokens></sentence><sentence id="38444"><source>Какой нибудь негемморойный дистриб, чтоб на нем запускался FF, VirtualBox, Haskel Platform и желательно чтобы инсталляция ПО не заключалась в его компиляции, хотя это, впрочем, необязательно.</source><tokens><token id="685413" text="Какой"><tfr rev_id="1517277" t="Какой"><v><l id="128224" t="какой"><g v="ADJF"></g><g v="Apro"></g><g v="masc"></g><g v="sing"></g><g v="nomn"></g></l></v><v><l id="128224" t="какой"><g v="ADJF"></g><g v="Apro"></g><g v="inan"></g><g v="masc"></g><g v="sing"></g><g v="accs"></g></l></v><v><l id="128224" t="какой"><g v="ADJF"></g><g v="Apro"></g><g v="femn"></g><g v="sing"></g><g v="gent"></g></l></v><v><l id="128224" t="какой"><g v="ADJF"></g><g v="Apro"></g><g v="femn"></g><g v="sing"></g><g v="datv"></g></l></v><v><l id="128224" t="какой"><g v="ADJF"></g><g v="Apro"></g><g v="femn"></g><g v="sing"></g><g v="ablt"></g></l></v><v><l id="128224" t="какой"><g v="ADJF"></g><g v="Apro"></g><g v="femn"></g><g v="sing"></g><g v="loct"></g></l></v></tfr></token><token id="685414" text="нибудь"><tfr rev_id="1517278" t="нибудь"><v><l id="0" t="нибудь"><g v="UNKN"></g></l></v></tfr></token><token id="685415" text="негемморойный"><tfr rev_id="1517279" t="негемморойный"><v><l id="0" t="негемморойный"><g v="UNKN"></g></l></v></tfr></token><token id="685416" text="дистриб"><tfr rev_id="1517280" t="дистриб"><v><l id="0" t="дистриб"><g v="UNKN"></g></l></v></tfr></token><token id="685417" text=","><tfr rev_id="1517281" t=","><v><l id="0" t=","><g v="PNCT"></g></l></v></tfr></token><token id="685418" text="чтоб"><tfr rev_id="1517282" t="чтоб"><v><l id="377011" t="чтоб"><g v="CONJ"></g></l></v><v><l id="377012" t="чтоб"><g v="PRCL"></g></l></v></tfr></token><token id="685419" text="на"><tfr rev_id="3475501" t="на"><v><l id="166264" t="на"><g v="PREP"></g></l></v></tfr></token><token id="685420" text="нем"><tfr rev_id="4530198" t="нем"><v><l id="206541" t="он"><g v="NPRO"></g><g v="masc"></g><g v="3per"></g><g v="Anph"></g><g v="sing"></g><g v="loct"></g><g v="Af-p"></g></l></v><v><l id="206649" t="оно"><g v="NPRO"></g><g v="neut"></g><g v="3per"></g><g v="Anph"></g><g v="sing"></g><g v="loct"></g><g v="Af-p"></g></l></v></tfr></token><token id="685421" text="запускался"><tfr rev_id="1517285" t="запускался"><v><l id="108311" t="запускаюсь"><g v="VERB"></g><g v="impf"></g><g v="intr"></g><g v="masc"></g><g v="sing"></g><g v="past"></g><g v="indc"></g></l></v></tfr></token><token id="685422" text="FF"><tfr rev_id="2475382" t="FF"><v><l id="0" t="FF"><g v="LATN"></g></l></v></tfr></token><token id="685423" text=","><tfr rev_id="1517287" t=","><v><l id="0" t=","><g v="PNCT"></g></l></v></tfr></token><token id="685424" text="VirtualBox"><tfr rev_id="2475383" t="VirtualBox"><v><l id="0" t="VirtualBox"><g v="LATN"></g></l></v></tfr></token><token id="685425" text=","><tfr rev_id="1517289" t=","><v><l id="0" t=","><g v="PNCT"></g></l></v></tfr></token><token id="685426" text="Haskel"><tfr rev_id="2475384" t="Haskel"><v><l id="0" t="Haskel"><g v="LATN"></g></l></v></tfr></token><token id="685427" text="Platform"><tfr rev_id="2475385" t="Platform"><v><l id="0" t="Platform"><g v="LATN"></g></l></v></tfr></token><token id="685428" text="и"><tfr rev_id="1517292" t="и"><v><l id="116949" t="и"><g v="CONJ"></g></l></v><v><l id="116950" t="и"><g v="INTJ"></g></l></v></tfr></token><token id="685429" text="желательно"><tfr rev_id="3647103" t="желательно"><v><l id="96274" t="желательно"><g v="PRED"></g><g v="pres"></g></l></v><v><l id="96277" t="желателен"><g v="ADJS"></g><g v="Qual"></g><g v="neut"></g><g v="sing"></g></l></v><v><l id="389217" t="желательно"><g v="ADVB"></g></l></v></tfr></token><token id="685430" text="чтобы"><tfr rev_id="1517294" t="чтобы"><v><l id="377013" t="чтобы"><g v="CONJ"></g></l></v><v><l id="377014" t="чтобы"><g v="PRCL"></g></l></v></tfr></token><token id="685431" text="инсталляция"><tfr rev_id="1517295" t="инсталляция"><v><l id="122871" t="инсталляция"><g v="NOUN"></g><g v="inan"></g><g v="femn"></g><g v="sing"></g><g v="nomn"></g></l></v></tfr></token><token id="685432" text="ПО"><tfr rev_id="4466422" t="ПО"><v><l id="390393" t="по"><g v="NOUN"></g><g v="inan"></g><g v="neut"></g><g v="Sgtm"></g><g v="Fixd"></g><g v="Abbr"></g><g v="sing"></g><g v="ablt"></g></l></v><v><l id="390393" t="по"><g v="NOUN"></g><g v="inan"></g><g v="neut"></g><g v="Sgtm"></g><g v="Fixd"></g><g v="Abbr"></g><g v="sing"></g><g v="accs"></g></l></v><v><l id="390393" t="по"><g v="NOUN"></g><g v="inan"></g><g v="neut"></g><g v="Sgtm"></g><g v="Fixd"></g><g v="Abbr"></g><g v="sing"></g><g v="datv"></g></l></v><v><l id="390393" t="по"><g v="NOUN"></g><g v="inan"></g><g v="neut"></g><g v="Sgtm"></g><g v="Fixd"></g><g v="Abbr"></g><g v="sing"></g><g v="gent"></g></l></v><v><l id="390393" t="по"><g v="NOUN"></g><g v="inan"></g><g v="neut"></g><g v="Sgtm"></g><g v="Fixd"></g><g v="Abbr"></g><g v="sing"></g><g v="loct"></g></l></v><v><l id="390393" t="по"><g v="NOUN"></g><g v="inan"></g><g v="neut"></g><g v="Sgtm"></g><g v="Fixd"></g><g v="Abbr"></g><g v="sing"></g><g v="nomn"></g></l></v></tfr></token><token id="685433" text="не"><tfr rev_id="1517297" t="не"><v><l id="178876" t="не"><g v="PRCL"></g></l></v></tfr></token><token id="685434" text="заключалась"><tfr rev_id="1517298" t="заключалась"><v><l id="103475" t="заключаюсь"><g v="VERB"></g><g v="impf"></g><g v="intr"></g><g v="femn"></g><g v="sing"></g><g v="past"></g><g v="indc"></g></l></v></tfr></token><token id="685435" text="в"><tfr rev_id="1517299" t="в"><v><l id="37409" t="в"><g v="PREP"></g></l></v></tfr></token><token id="685436" text="его"><tfr rev_id="4514676" t="его"><v><l id="94208" t="его"><g v="ADJF"></g><g v="Fixd"></g><g v="Apro"></g><g v="Anph"></g><g v="femn"></g><g v="sing"></g><g v="nomn"></g></l></v><v><l id="94208" t="его"><g v="ADJF"></g><g v="Fixd"></g><g v="Apro"></g><g v="Anph"></g><g v="femn"></g><g v="sing"></g><g v="gent"></g></l></v><v><l id="94208" t="его"><g v="ADJF"></g><g v="Fixd"></g><g v="Apro"></g><g v="Anph"></g><g v="femn"></g><g v="sing"></g><g v="datv"></g></l></v><v><l id="94208" t="его"><g v="ADJF"></g><g v="Fixd"></g><g v="Apro"></g><g v="Anph"></g><g v="femn"></g><g v="sing"></g><g v="accs"></g></l></v><v><l id="94208" t="его"><g v="ADJF"></g><g v="Fixd"></g><g v="Apro"></g><g v="Anph"></g><g v="femn"></g><g v="sing"></g><g v="ablt"></g></l></v><v><l id="94208" t="его"><g v="ADJF"></g><g v="Fixd"></g><g v="Apro"></g><g v="Anph"></g><g v="femn"></g><g v="sing"></g><g v="loct"></g></l></v></tfr></token><token id="685437" text="компиляции"><tfr rev_id="4344290" t="компиляции"><v><l id="137241" t="компиляция"><g v="NOUN"></g><g v="inan"></g><g v="femn"></g><g v="sing"></g><g v="loct"></g></l></v></tfr></token><token id="685438" text=","><tfr rev_id="1517302" t=","><v><l id="0" t=","><g v="PNCT"></g></l></v></tfr></token><token id="685439" text="хотя"><tfr rev_id="3947778" t="хотя"><v><l id="371732" t="хотя"><g v="CONJ"></g></l></v></tfr></token><token id="685440" text="это"><tfr rev_id="4342791" t="это"><v><l id="386575" t="это"><g v="NPRO"></g><g v="neut"></g><g v="sing"></g><g v="nomn"></g></l></v><v><l id="386575" t="это"><g v="NPRO"></g><g v="neut"></g><g v="sing"></g><g v="accs"></g></l></v></tfr></token><token id="685441" text=","><tfr rev_id="1517305" t=","><v><l id="0" t=","><g v="PNCT"></g></l></v></tfr></token><token id="685442" text="впрочем"><tfr rev_id="3423281" t="впрочем"><v><l id="52738" t="впрочем"><g v="CONJ"></g><g v="Prnt"></g></l></v></tfr></token><token id="685443" text=","><tfr rev_id="1517307" t=","><v><l id="0" t=","><g v="PNCT"></g></l></v></tfr></token><token id="685444" text="необязательно"><tfr rev_id="1517308" t="необязательно"><v><l id="184871" t="необязательно"><g v="ADVB"></g></l></v><v><l id="184874" t="необязателен"><g v="ADJS"></g><g v="Qual"></g><g v="neut"></g><g v="sing"></g></l></v></tfr></token><token id="685445" text="."><tfr rev_id="1517309" t="."><v><l id="0" t="."><g v="PNCT"></g></l></v></tfr></token></tokens></sentence></paragraph><paragraph id="12311"><sentence id="38445"><source>UPD.</source><tokens><token id="685446" text="UPD"><tfr rev_id="2475386" t="UPD"><v><l id="0" t="UPD"><g v="LATN"></g></l></v></tfr></token><token id="685447" text="."><tfr rev_id="1517311" t="."><v><l id="0" t="."><g v="PNCT"></g></l></v></tfr></token></tokens></sentence><sentence id="38446"><source>Чуть не забыл!</source><tokens><token id="685448" text="Чуть"><tfr rev_id="4339664" t="Чуть"><v><l id="377430" t="чуть"><g v="ADVB"></g></l></v></tfr></token><token id="685449" text="не"><tfr rev_id="1517313" t="не"><v><l id="178876" t="не"><g v="PRCL"></g></l></v></tfr></token><token id="685450" text="забыл"><tfr rev_id="1517314" t="забыл"><v><l id="99143" t="забыл"><g v="VERB"></g><g v="perf"></g><g v="tran"></g><g v="masc"></g><g v="sing"></g><g v="past"></g><g v="indc"></g></l></v></tfr></token><token id="685451" text="!"><tfr rev_id="1517315" t="!"><v><l id="0" t="!"><g v="PNCT"></g></l></v></tfr></token></tokens></sentence><sentence id="38447"><source>GNOME не предлагать!</source><tokens><token id="685452" text="GNOME"><tfr rev_id="2475387" t="GNOME"><v><l id="0" t="GNOME"><g v="LATN"></g></l></v></tfr></token><token id="685453" text="не"><tfr rev_id="1517317" t="не"><v><l id="178876" t="не"><g v="PRCL"></g></l></v></tfr></token><token id="685454" text="предлагать"><tfr rev_id="1517318" t="предлагать"><v><l id="266519" t="предлагать"><g v="INFN"></g><g v="impf"></g><g v="tran"></g></l></v></tfr></token><token id="685455" text="!"><tfr rev_id="1517319" t="!"><v><l id="0" t="!"><g v="PNCT"></g></l></v></tfr></token></tokens></sentence><sentence id="38448"><source>Предпочитаю KDE.</source><tokens><token id="685456" text="Предпочитаю"><tfr rev_id="1517320" t="Предпочитаю"><v><l id="266871" t="предпочитаю"><g v="VERB"></g><g v="impf"></g><g v="tran"></g><g v="sing"></g><g v="1per"></g><g v="pres"></g><g v="indc"></g></l></v></tfr></token><token id="685457" text="KDE"><tfr rev_id="2475388" t="KDE"><v><l id="0" t="KDE"><g v="LATN"></g></l></v></tfr></token><token id="685458" text="."><tfr rev_id="1517322" t="."><v><l id="0" t="."><g v="PNCT"></g></l></v></tfr></token></tokens></sentence></paragraph><paragraph id="12312"><sentence id="38449"><source>UPD2.</source><tokens><token id="685459" text="UPD2"><tfr rev_id="1517323" t="UPD2"><v><l id="0" t="UPD2"><g v="UNKN"></g></l></v></tfr></token><token id="685460" text="."><tfr rev_id="1517324" t="."><v><l id="0" t="."><g v="PNCT"></g></l></v></tfr></token></tokens></sentence><sentence id="38450"><source>Или, может быть, лучше сразу FreeBSD?</source><tokens><token id="685461" text="Или"><tfr rev_id="3787338" t="Или"><v><l id="121146" t="или"><g v="CONJ"></g></l></v></tfr></token><token id="685462" text=","><tfr rev_id="1517326" t=","><v><l id="0" t=","><g v="PNCT"></g></l></v></tfr></token><token id="685463" text="может"><tfr rev_id="4230093" t="может"><v><l id="164485" t="могу"><g v="VERB"></g><g v="impf"></g><g v="intr"></g><g v="sing"></g><g v="3per"></g><g v="pres"></g><g v="indc"></g></l></v></tfr></token><token id="685464" text="быть"><tfr rev_id="1517328" t="быть"><v><l id="37266" t="быть"><g v="INFN"></g><g v="impf"></g><g v="intr"></g></l></v></tfr></token><token id="685465" text=","><tfr rev_id="1517329" t=","><v><l id="0" t=","><g v="PNCT"></g></l></v></tfr></token><token id="685466" text="лучше"><tfr rev_id="1517330" t="лучше"><v><l id="151661" t="лучше"><g v="PRCL"></g></l></v><v><l id="371670" t="лучше"><g v="COMP"></g><g v="Qual"></g></l></v></tfr></token><token id="685467" text="сразу"><tfr rev_id="1517331" t="сразу"><v><l id="333375" t="сразу"><g v="ADVB"></g></l></v></tfr></token><token id="685468" text="FreeBSD"><tfr rev_id="2475389" t="FreeBSD"><v><l id="0" t="FreeBSD"><g v="LATN"></g></l></v></tfr></token><token id="685469" text="?"><tfr rev_id="1517333" t="?"><v><l id="0" t="?"><g v="PNCT"></g></l></v></tfr></token></tokens></sentence><sentence id="38451"><source>Или OpenSolaris?</source><tokens><token id="685470" text="Или"><tfr rev_id="3787339" t="Или"><v><l id="121146" t="или"><g v="CONJ"></g></l></v></tfr></token><token id="685471" text="OpenSolaris"><tfr rev_id="2475390" t="OpenSolaris"><v><l id="0" t="OpenSolaris"><g v="LATN"></g></l></v></tfr></token><token id="685472" text="?"><tfr rev_id="1517336" t="?"><v><l id="0" t="?"><g v="PNCT"></g></l></v></tfr></token></tokens></sentence></paragraph></paragraphs></text>