<?xml version="1.0" encoding="utf-8"?><text id="1353" parent="226" name="20875 Когда зацветают яблони на Марсе?"><tags><tag>url:http://www.chaskor.ru/news/kogda_zatsvetayut_yabloni_na_marse_20875</tag><tag>Год:2010</tag><tag>Дата:09/11</tag><tag>Тема:ЧасКор:Технологии</tag><tag>Тема:ЧасКор:Технологии/Космонавтика</tag></tags><paragraphs><paragraph id="12337"><sentence id="38496"><source>Когда зацветают яблони на Марсе?</source><tokens><token id="686321" text="Когда"><tfr rev_id="1518185" t="Когда"><v><l id="135239" t="когда"><g v="CONJ"></g></l></v><v><l id="135240" t="когда"><g v="ADVB"></g><g v="Ques"></g></l></v></tfr></token><token id="686322" text="зацветают"><tfr rev_id="1518186" t="зацветают"><v><l id="113054" t="зацветаю"><g v="VERB"></g><g v="impf"></g><g v="intr"></g><g v="plur"></g><g v="3per"></g><g v="pres"></g><g v="indc"></g></l></v></tfr></token><token id="686323" text="яблони"><tfr rev_id="3805368" t="яблони"><v><l id="387341" t="яблоня"><g v="NOUN"></g><g v="inan"></g><g v="femn"></g><g v="plur"></g><g v="nomn"></g></l></v></tfr></token><token id="686324" text="на"><tfr rev_id="3344175" t="на"><v><l id="166264" t="на"><g v="PREP"></g></l></v></tfr></token><token id="686325" text="Марсе"><tfr rev_id="4506377" t="Марсе"><v><l id="155430" t="марс"><g v="NOUN"></g><g v="inan"></g><g v="masc"></g><g v="sing"></g><g v="loct"></g></l></v><v><l id="390930" t="марс"><g v="NOUN"></g><g v="inan"></g><g v="masc"></g><g v="Geox"></g><g v="sing"></g><g v="loct"></g></l></v></tfr></token><token id="686326" text="?"><tfr rev_id="1518190" t="?"><v><l id="0" t="?"><g v="PNCT"></g></l></v></tfr></token></tokens></sentence><sentence id="38497"><source>В интернете теперь можно узнать прогноз космической погоды.</source><tokens><token id="686327" text="В"><tfr rev_id="1518191" t="В"><v><l id="37409" t="в"><g v="PREP"></g></l></v></tfr></token><token id="686328" text="интернете"><tfr rev_id="1518192" t="интернете"><v><l id="123255" t="интернет"><g v="NOUN"></g><g v="inan"></g><g v="masc"></g><g v="sing"></g><g v="loct"></g></l></v></tfr></token><token id="686329" text="теперь"><tfr rev_id="1518193" t="теперь"><v><l id="344864" t="теперь"><g v="ADVB"></g></l></v></tfr></token><token id="686330" text="можно"><tfr rev_id="1518194" t="можно"><v><l id="162467" t="можно"><g v="PRED"></g><g v="pres"></g></l></v></tfr></token><token id="686331" text="узнать"><tfr rev_id="1518195" t="узнать"><v><l id="355807" t="узнать"><g v="INFN"></g><g v="perf"></g><g v="tran"></g></l></v></tfr></token><token id="686332" text="прогноз"><tfr rev_id="4101099" t="прогноз"><v><l id="278534" t="прогноз"><g v="NOUN"></g><g v="inan"></g><g v="masc"></g><g v="sing"></g><g v="accs"></g></l></v></tfr></token><token id="686333" text="космической"><tfr rev_id="3556949" t="космической"><v><l id="140606" t="космический"><g v="ADJF"></g><g v="femn"></g><g v="sing"></g><g v="gent"></g></l></v></tfr></token><token id="686334" text="погоды"><tfr rev_id="3488789" t="погоды"><v><l id="243378" t="погода"><g v="NOUN"></g><g v="inan"></g><g v="femn"></g><g v="sing"></g><g v="gent"></g></l></v></tfr></token><token id="686335" text="."><tfr rev_id="1518199" t="."><v><l id="0" t="."><g v="PNCT"></g></l></v></tfr></token></tokens></sentence></paragraph><paragraph id="12338"><sentence id="38498"><source>Федеральное космическое агентство России совместно с Физическим институтом Российской академии наук (ФИАН) с 8 ноября 2010 года начало публиковать на своём сайте оперативные данные о космической погоде, сообщается на сайте Роскосмоса.</source><tokens><token id="686336" text="Федеральное"><tfr rev_id="1518200" t="Федеральное"><v><l id="364933" t="федеральный"><g v="ADJF"></g><g v="neut"></g><g v="sing"></g><g v="nomn"></g></l></v><v><l id="364933" t="федеральный"><g v="ADJF"></g><g v="neut"></g><g v="sing"></g><g v="accs"></g></l></v></tfr></token><token id="686337" text="космическое"><tfr rev_id="3880277" t="космическое"><v><l id="140606" t="космический"><g v="ADJF"></g><g v="neut"></g><g v="sing"></g><g v="nomn"></g></l></v></tfr></token><token id="686338" text="агентство"><tfr rev_id="3552447" t="агентство"><v><l id="3934" t="агентство"><g v="NOUN"></g><g v="inan"></g><g v="neut"></g><g v="sing"></g><g v="nomn"></g></l></v></tfr></token><token id="686339" text="России"><tfr rev_id="2922553" t="России"><v><l id="309322" t="россия"><g v="NOUN"></g><g v="inan"></g><g v="femn"></g><g v="Sgtm"></g><g v="Geox"></g><g v="sing"></g><g v="gent"></g></l></v></tfr></token><token id="686340" text="совместно"><tfr rev_id="1518204" t="совместно"><v><l id="328111" t="совместно"><g v="ADVB"></g><g v="Prdx"></g></l></v><v><l id="328116" t="совместен"><g v="ADJS"></g><g v="Qual"></g><g v="neut"></g><g v="sing"></g></l></v></tfr></token><token id="686341" text="с"><tfr rev_id="1518205" t="с"><v><l id="311151" t="с"><g v="PREP"></g></l></v></tfr></token><token id="686342" text="Физическим"><tfr rev_id="4310173" t="Физическим"><v><l id="365737" t="физический"><g v="ADJF"></g><g v="masc"></g><g v="sing"></g><g v="ablt"></g></l></v></tfr></token><token id="686343" text="институтом"><tfr rev_id="1518207" t="институтом"><v><l id="122879" t="институт"><g v="NOUN"></g><g v="inan"></g><g v="masc"></g><g v="sing"></g><g v="ablt"></g></l></v></tfr></token><token id="686344" text="Российской"><tfr rev_id="3714049" t="Российской"><v><l id="309319" t="российский"><g v="ADJF"></g><g v="femn"></g><g v="sing"></g><g v="gent"></g></l></v></tfr></token><token id="686345" text="академии"><tfr rev_id="4344291" t="академии"><v><l id="6770" t="академия"><g v="NOUN"></g><g v="inan"></g><g v="femn"></g><g v="sing"></g><g v="gent"></g></l></v></tfr></token><token id="686346" text="наук"><tfr rev_id="1518210" t="наук"><v><l id="177429" t="наука"><g v="NOUN"></g><g v="inan"></g><g v="femn"></g><g v="plur"></g><g v="gent"></g></l></v></tfr></token><token id="686347" text="("><tfr rev_id="1518211" t="("><v><l id="0" t="("><g v="PNCT"></g></l></v></tfr></token><token id="686348" text="ФИАН"><tfr rev_id="1518212" t="ФИАН"><v><l id="0" t="фиан"><g v="UNKN"></g></l></v></tfr></token><token id="686349" text=")"><tfr rev_id="1518213" t=")"><v><l id="0" t=")"><g v="PNCT"></g></l></v></tfr></token><token id="686350" text="с"><tfr rev_id="1518214" t="с"><v><l id="311151" t="с"><g v="PREP"></g></l></v></tfr></token><token id="686351" text="8"><tfr rev_id="2462761" t="8"><v><l id="0" t="8"><g v="NUMB"></g></l></v></tfr></token><token id="686352" text="ноября"><tfr rev_id="1518216" t="ноября"><v><l id="192482" t="ноябрь"><g v="NOUN"></g><g v="inan"></g><g v="masc"></g><g v="sing"></g><g v="gent"></g></l></v></tfr></token><token id="686353" text="2010"><tfr rev_id="2462762" t="2010"><v><l id="0" t="2010"><g v="NUMB"></g></l></v></tfr></token><token id="686354" text="года"><tfr rev_id="3501361" t="года"><v><l id="72149" t="год"><g v="NOUN"></g><g v="inan"></g><g v="masc"></g><g v="sing"></g><g v="gen1"></g></l></v></tfr></token><token id="686355" text="начало"><tfr rev_id="1716293" t="начало"><v><l id="178224" t="начал"><g v="VERB"></g><g v="perf"></g><g v="tran"></g><g v="neut"></g><g v="sing"></g><g v="past"></g><g v="indc"></g></l></v></tfr></token><token id="686356" text="публиковать"><tfr rev_id="1518220" t="публиковать"><v><l id="288831" t="публиковать"><g v="INFN"></g><g v="impf"></g><g v="tran"></g></l></v></tfr></token><token id="686357" text="на"><tfr rev_id="3340645" t="на"><v><l id="166264" t="на"><g v="PREP"></g></l></v></tfr></token><token id="686358" text="своём"><tfr rev_id="3631145" t="своём"><v><l id="316379" t="свой"><g v="ADJF"></g><g v="Apro"></g><g v="Anph"></g><g v="masc"></g><g v="sing"></g><g v="loct"></g></l></v></tfr></token><token id="686359" text="сайте"><tfr rev_id="1518223" t="сайте"><v><l id="311674" t="сайт"><g v="NOUN"></g><g v="inan"></g><g v="masc"></g><g v="sing"></g><g v="loct"></g></l></v></tfr></token><token id="686360" text="оперативные"><tfr rev_id="3751468" t="оперативные"><v><l id="206941" t="оперативный"><g v="ADJF"></g><g v="Qual"></g><g v="inan"></g><g v="plur"></g><g v="accs"></g></l></v></tfr></token><token id="686361" text="данные"><tfr rev_id="4535692" t="данные"><v><l id="78302" t="данные"><g v="NOUN"></g><g v="inan"></g><g v="GNdr"></g><g v="Pltm"></g><g v="plur"></g><g v="nomn"></g></l></v><v><l id="78302" t="данные"><g v="NOUN"></g><g v="inan"></g><g v="GNdr"></g><g v="Pltm"></g><g v="plur"></g><g v="accs"></g></l></v></tfr></token><token id="686362" text="о"><tfr rev_id="3230680" t="о"><v><l id="192977" t="о"><g v="PREP"></g></l></v></tfr></token><token id="686363" text="космической"><tfr rev_id="4315993" t="космической"><v><l id="140606" t="космический"><g v="ADJF"></g><g v="femn"></g><g v="sing"></g><g v="loct"></g></l></v></tfr></token><token id="686364" text="погоде"><tfr rev_id="3550741" t="погоде"><v><l id="243378" t="погода"><g v="NOUN"></g><g v="inan"></g><g v="femn"></g><g v="sing"></g><g v="loct"></g></l></v></tfr></token><token id="686365" text=","><tfr rev_id="1518229" t=","><v><l id="0" t=","><g v="PNCT"></g></l></v></tfr></token><token id="686366" text="сообщается"><tfr rev_id="1518230" t="сообщается"><v><l id="329545" t="сообщаюсь"><g v="VERB"></g><g v="impf"></g><g v="intr"></g><g v="sing"></g><g v="3per"></g><g v="pres"></g><g v="indc"></g></l></v></tfr></token><token id="686367" text="на"><tfr rev_id="3336715" t="на"><v><l id="166264" t="на"><g v="PREP"></g></l></v></tfr></token><token id="686368" text="сайте"><tfr rev_id="1518232" t="сайте"><v><l id="311674" t="сайт"><g v="NOUN"></g><g v="inan"></g><g v="masc"></g><g v="sing"></g><g v="loct"></g></l></v></tfr></token><token id="686369" text="Роскосмоса"><tfr rev_id="2585651" t="Роскосмоса"><v><l id="388651" t="роскосмос"><g v="NOUN"></g><g v="inan"></g><g v="masc"></g><g v="Orgn"></g><g v="sing"></g><g v="gent"></g></l></v></tfr></token><token id="686370" text="."><tfr rev_id="1518234" t="."><v><l id="0" t="."><g v="PNCT"></g></l></v></tfr></token></tokens></sentence><sentence id="38499"><source>Как поясняют эксперты, под космической погодой в наши дни понимается постоянно расширяющийся класс явлений, которые регистрируются в окружающей среде и околоземном пространстве, но имеют внешнее космическое происхождение.</source><tokens><token id="686371" text="Как"><tfr rev_id="1518235" t="Как"><v><l id="128190" t="как"><g v="CONJ"></g></l></v><v><l id="128191" t="как"><g v="PRCL"></g></l></v><v><l id="128192" t="как"><g v="ADVB"></g><g v="Ques"></g></l></v></tfr></token><token id="686372" text="поясняют"><tfr rev_id="1518236" t="поясняют"><v><l id="265550" t="поясняю"><g v="VERB"></g><g v="impf"></g><g v="tran"></g><g v="plur"></g><g v="3per"></g><g v="pres"></g><g v="indc"></g></l></v></tfr></token><token id="686373" text="эксперты"><tfr rev_id="1518237" t="эксперты"><v><l id="383582" t="эксперт"><g v="NOUN"></g><g v="anim"></g><g v="masc"></g><g v="plur"></g><g v="nomn"></g></l></v></tfr></token><token id="686374" text=","><tfr rev_id="1518238" t=","><v><l id="0" t=","><g v="PNCT"></g></l></v></tfr></token><token id="686375" text="под"><tfr rev_id="2561356" t="под"><v><l id="243755" t="под"><g v="PREP"></g></l></v></tfr></token><token id="686376" text="космической"><tfr rev_id="4095163" t="космической"><v><l id="140606" t="космический"><g v="ADJF"></g><g v="femn"></g><g v="sing"></g><g v="ablt"></g></l></v></tfr></token><token id="686377" text="погодой"><tfr rev_id="1518241" t="погодой"><v><l id="243378" t="погода"><g v="NOUN"></g><g v="inan"></g><g v="femn"></g><g v="sing"></g><g v="ablt"></g></l></v></tfr></token><token id="686378" text="в"><tfr rev_id="1518242" t="в"><v><l id="37409" t="в"><g v="PREP"></g></l></v></tfr></token><token id="686379" text="наши"><tfr rev_id="3758083" t="наши"><v><l id="178492" t="наш"><g v="ADJF"></g><g v="Apro"></g><g v="inan"></g><g v="plur"></g><g v="accs"></g></l></v></tfr></token><token id="686380" text="дни"><tfr rev_id="3752187" t="дни"><v><l id="81427" t="день"><g v="NOUN"></g><g v="inan"></g><g v="masc"></g><g v="plur"></g><g v="accs"></g></l></v></tfr></token><token id="686381" text="понимается"><tfr rev_id="1518245" t="понимается"><v><l id="258468" t="понимаюсь"><g v="VERB"></g><g v="impf"></g><g v="intr"></g><g v="sing"></g><g v="3per"></g><g v="pres"></g><g v="indc"></g></l></v></tfr></token><token id="686382" text="постоянно"><tfr rev_id="1518246" t="постоянно"><v><l id="262401" t="постоянно"><g v="ADVB"></g></l></v><v><l id="262410" t="постоянен"><g v="ADJS"></g><g v="Qual"></g><g v="neut"></g><g v="sing"></g></l></v></tfr></token><token id="686383" text="расширяющийся"><tfr rev_id="1518247" t="расширяющийся"><v><l id="303660" t="расширяющийся"><g v="PRTF"></g><g v="impf"></g><g v="intr"></g><g v="pres"></g><g v="actv"></g><g v="masc"></g><g v="sing"></g><g v="nomn"></g></l></v><v><l id="303660" t="расширяющийся"><g v="PRTF"></g><g v="impf"></g><g v="intr"></g><g v="pres"></g><g v="actv"></g><g v="inan"></g><g v="masc"></g><g v="sing"></g><g v="accs"></g></l></v></tfr></token><token id="686384" text="класс"><tfr rev_id="1518248" t="класс"><v><l id="133889" t="класс"><g v="NOUN"></g><g v="inan"></g><g v="masc"></g><g v="sing"></g><g v="nomn"></g></l></v><v><l id="133889" t="класс"><g v="NOUN"></g><g v="inan"></g><g v="masc"></g><g v="sing"></g><g v="accs"></g></l></v></tfr></token><token id="686385" text="явлений"><tfr rev_id="3753730" t="явлений"><v><l id="387370" t="явление"><g v="NOUN"></g><g v="inan"></g><g v="neut"></g><g v="plur"></g><g v="gent"></g></l></v></tfr></token><token id="686386" text=","><tfr rev_id="1518250" t=","><v><l id="0" t=","><g v="PNCT"></g></l></v></tfr></token><token id="686387" text="которые"><tfr rev_id="3860133" t="которые"><v><l id="141203" t="который"><g v="ADJF"></g><g v="Apro"></g><g v="Subx"></g><g v="Anph"></g><g v="plur"></g><g v="nomn"></g></l></v></tfr></token><token id="686388" text="регистрируются"><tfr rev_id="1518252" t="регистрируются"><v><l id="304859" t="регистрируюсь"><g v="VERB"></g><g v="impf"></g><g v="intr"></g><g v="plur"></g><g v="3per"></g><g v="pres"></g><g v="indc"></g></l></v></tfr></token><token id="686389" text="в"><tfr rev_id="1518253" t="в"><v><l id="37409" t="в"><g v="PREP"></g></l></v></tfr></token><token id="686390" text="окружающей"><tfr rev_id="4331198" t="окружающей"><v><l id="205521" t="окружающий"><g v="PRTF"></g><g v="impf"></g><g v="tran"></g><g v="pres"></g><g v="actv"></g><g v="femn"></g><g v="sing"></g><g v="gent"></g></l></v><v><l id="205521" t="окружающий"><g v="PRTF"></g><g v="impf"></g><g v="tran"></g><g v="pres"></g><g v="actv"></g><g v="femn"></g><g v="sing"></g><g v="datv"></g></l></v><v><l id="205521" t="окружающий"><g v="PRTF"></g><g v="impf"></g><g v="tran"></g><g v="pres"></g><g v="actv"></g><g v="femn"></g><g v="sing"></g><g v="ablt"></g></l></v><v><l id="205521" t="окружающий"><g v="PRTF"></g><g v="impf"></g><g v="tran"></g><g v="pres"></g><g v="actv"></g><g v="femn"></g><g v="sing"></g><g v="loct"></g></l></v><v><l id="205533" t="окружающий"><g v="ADJF"></g><g v="femn"></g><g v="sing"></g><g v="gent"></g></l></v><v><l id="205533" t="окружающий"><g v="ADJF"></g><g v="femn"></g><g v="sing"></g><g v="datv"></g></l></v><v><l id="205533" t="окружающий"><g v="ADJF"></g><g v="femn"></g><g v="sing"></g><g v="ablt"></g></l></v><v><l id="205533" t="окружающий"><g v="ADJF"></g><g v="femn"></g><g v="sing"></g><g v="loct"></g></l></v></tfr></token><token id="686391" text="среде"><tfr rev_id="3500416" t="среде"><v><l id="333471" t="среда"><g v="NOUN"></g><g v="inan"></g><g v="femn"></g><g v="sing"></g><g v="loct"></g></l></v></tfr></token><token id="686392" text="и"><tfr rev_id="3880475" t="и"><v><l id="116949" t="и"><g v="CONJ"></g></l></v></tfr></token><token id="686393" text="околоземном"><tfr rev_id="4085923" t="околоземном"><v><l id="205010" t="околоземный"><g v="ADJF"></g><g v="neut"></g><g v="sing"></g><g v="loct"></g></l></v></tfr></token><token id="686394" text="пространстве"><tfr rev_id="1518258" t="пространстве"><v><l id="285122" t="пространство"><g v="NOUN"></g><g v="inan"></g><g v="neut"></g><g v="sing"></g><g v="loct"></g></l></v></tfr></token><token id="686395" text=","><tfr rev_id="1518259" t=","><v><l id="0" t=","><g v="PNCT"></g></l></v></tfr></token><token id="686396" text="но"><tfr rev_id="1518260" t="но"><v><l id="191429" t="но"><g v="CONJ"></g></l></v><v><l id="191430" t="но"><g v="INTJ"></g></l></v></tfr></token><token id="686397" text="имеют"><tfr rev_id="1518261" t="имеют"><v><l id="121610" t="имею"><g v="VERB"></g><g v="impf"></g><g v="tran"></g><g v="plur"></g><g v="3per"></g><g v="pres"></g><g v="indc"></g></l></v></tfr></token><token id="686398" text="внешнее"><tfr rev_id="3810450" t="внешнее"><v><l id="47535" t="внешний"><g v="ADJF"></g><g v="neut"></g><g v="sing"></g><g v="nomn"></g></l></v><v><l id="47535" t="внешний"><g v="ADJF"></g><g v="neut"></g><g v="sing"></g><g v="accs"></g></l></v></tfr></token><token id="686399" text="космическое"><tfr rev_id="1518263" t="космическое"><v><l id="140606" t="космический"><g v="ADJF"></g><g v="neut"></g><g v="sing"></g><g v="nomn"></g></l></v><v><l id="140606" t="космический"><g v="ADJF"></g><g v="neut"></g><g v="sing"></g><g v="accs"></g></l></v></tfr></token><token id="686400" text="происхождение"><tfr rev_id="3486453" t="происхождение"><v><l id="280291" t="происхождение"><g v="NOUN"></g><g v="inan"></g><g v="neut"></g><g v="sing"></g><g v="accs"></g></l></v></tfr></token><token id="686401" text="."><tfr rev_id="1518265" t="."><v><l id="0" t="."><g v="PNCT"></g></l></v></tfr></token></tokens></sentence><sentence id="38500"><source>К таким явлениям относятся возмущения магнитного поля Земли, скачкообразные изменения плотности верхней атмосферы планеты после солнечных вспышек, сбои дальней радиосвязи, изменения радиационного состояния околоземного пространства, а также на орбитах действия космических аппаратов и трассах межпланетных станций.</source><tokens><token id="686402" text="К"><tfr rev_id="1518266" t="К"><v><l id="127460" t="к"><g v="PREP"></g></l></v></tfr></token><token id="686403" text="таким"><tfr rev_id="3466337" t="таким"><v><l id="342491" t="такой"><g v="ADJF"></g><g v="Apro"></g><g v="plur"></g><g v="datv"></g></l></v></tfr></token><token id="686404" text="явлениям"><tfr rev_id="1518268" t="явлениям"><v><l id="387370" t="явление"><g v="NOUN"></g><g v="inan"></g><g v="neut"></g><g v="plur"></g><g v="datv"></g></l></v></tfr></token><token id="686405" text="относятся"><tfr rev_id="3367635" t="относятся"><v><l id="215929" t="отношусь"><g v="VERB"></g><g v="impf"></g><g v="intr"></g><g v="plur"></g><g v="3per"></g><g v="pres"></g><g v="indc"></g></l></v></tfr></token><token id="686406" text="возмущения"><tfr rev_id="3766306" t="возмущения"><v><l id="49457" t="возмущение"><g v="NOUN"></g><g v="inan"></g><g v="neut"></g><g v="plur"></g><g v="nomn"></g></l></v></tfr></token><token id="686407" text="магнитного"><tfr rev_id="3302478" t="магнитного"><v><l id="152713" t="магнитный"><g v="ADJF"></g><g v="Qual"></g><g v="neut"></g><g v="sing"></g><g v="gent"></g></l></v></tfr></token><token id="686408" text="поля"><tfr rev_id="4282622" t="поля"><v><l id="255256" t="поле"><g v="NOUN"></g><g v="inan"></g><g v="neut"></g><g v="sing"></g><g v="gent"></g></l></v></tfr></token><token id="686409" text="Земли"><tfr rev_id="3474941" t="Земли"><v><l id="115091" t="земля"><g v="NOUN"></g><g v="inan"></g><g v="femn"></g><g v="sing"></g><g v="gent"></g></l></v></tfr></token><token id="686410" text=","><tfr rev_id="1518274" t=","><v><l id="0" t=","><g v="PNCT"></g></l></v></tfr></token><token id="686411" text="скачкообразные"><tfr rev_id="3793681" t="скачкообразные"><v><l id="322005" t="скачкообразный"><g v="ADJF"></g><g v="plur"></g><g v="nomn"></g></l></v></tfr></token><token id="686412" text="изменения"><tfr rev_id="3802718" t="изменения"><v><l id="119487" t="изменение"><g v="NOUN"></g><g v="inan"></g><g v="neut"></g><g v="plur"></g><g v="nomn"></g></l></v></tfr></token><token id="686413" text="плотности"><tfr rev_id="4269790" t="плотности"><v><l id="240882" t="плотность"><g v="NOUN"></g><g v="inan"></g><g v="femn"></g><g v="sing"></g><g v="gent"></g></l></v></tfr></token><token id="686414" text="верхней"><tfr rev_id="4395628" t="верхней"><v><l id="41787" t="верхний"><g v="ADJF"></g><g v="femn"></g><g v="sing"></g><g v="gent"></g></l></v></tfr></token><token id="686415" text="атмосферы"><tfr rev_id="3493475" t="атмосферы"><v><l id="19555" t="атмосфера"><g v="NOUN"></g><g v="inan"></g><g v="femn"></g><g v="sing"></g><g v="gent"></g></l></v></tfr></token><token id="686416" text="планеты"><tfr rev_id="3496839" t="планеты"><v><l id="239690" t="планета"><g v="NOUN"></g><g v="inan"></g><g v="femn"></g><g v="sing"></g><g v="gent"></g></l></v></tfr></token><token id="686417" text="после"><tfr rev_id="4407275" t="после"><v><l id="261542" t="после"><g v="PREP"></g></l></v></tfr></token><token id="686418" text="солнечных"><tfr rev_id="4420624" t="солнечных"><v><l id="329064" t="солнечный"><g v="ADJF"></g><g v="Qual"></g><g v="plur"></g><g v="gent"></g></l></v></tfr></token><token id="686419" text="вспышек"><tfr rev_id="1518283" t="вспышек"><v><l id="54378" t="вспышка"><g v="NOUN"></g><g v="inan"></g><g v="femn"></g><g v="plur"></g><g v="gent"></g></l></v></tfr></token><token id="686420" text=","><tfr rev_id="1518284" t=","><v><l id="0" t=","><g v="PNCT"></g></l></v></tfr></token><token id="686421" text="сбои"><tfr rev_id="3741601" t="сбои"><v><l id="314316" t="сбой"><g v="NOUN"></g><g v="inan"></g><g v="masc"></g><g v="plur"></g><g v="nomn"></g></l></v></tfr></token><token id="686422" text="дальней"><tfr rev_id="1518286" t="дальней"><v><l id="78014" t="дальний"><g v="ADJF"></g><g v="femn"></g><g v="sing"></g><g v="gent"></g></l></v><v><l id="78014" t="дальний"><g v="ADJF"></g><g v="femn"></g><g v="sing"></g><g v="datv"></g></l></v><v><l id="78014" t="дальний"><g v="ADJF"></g><g v="femn"></g><g v="sing"></g><g v="ablt"></g></l></v><v><l id="78014" t="дальний"><g v="ADJF"></g><g v="femn"></g><g v="sing"></g><g v="loct"></g></l></v><v><l id="78016" t="дальнее"><g v="COMP"></g><g v="V-ej"></g></l></v></tfr></token><token id="686423" text="радиосвязи"><tfr rev_id="4314006" t="радиосвязи"><v><l id="291187" t="радиосвязь"><g v="NOUN"></g><g v="inan"></g><g v="femn"></g><g v="sing"></g><g v="gent"></g></l></v></tfr></token><token id="686424" text=","><tfr rev_id="1518288" t=","><v><l id="0" t=","><g v="PNCT"></g></l></v></tfr></token><token id="686425" text="изменения"><tfr rev_id="3796192" t="изменения"><v><l id="119487" t="изменение"><g v="NOUN"></g><g v="inan"></g><g v="neut"></g><g v="plur"></g><g v="nomn"></g></l></v></tfr></token><token id="686426" text="радиационного"><tfr rev_id="3823778" t="радиационного"><v><l id="290890" t="радиационный"><g v="ADJF"></g><g v="neut"></g><g v="sing"></g><g v="gent"></g></l></v></tfr></token><token id="686427" text="состояния"><tfr rev_id="3465587" t="состояния"><v><l id="330557" t="состояние"><g v="NOUN"></g><g v="inan"></g><g v="neut"></g><g v="sing"></g><g v="gent"></g></l></v></tfr></token><token id="686428" text="околоземного"><tfr rev_id="3285248" t="околоземного"><v><l id="205010" t="околоземный"><g v="ADJF"></g><g v="neut"></g><g v="sing"></g><g v="gent"></g></l></v></tfr></token><token id="686429" text="пространства"><tfr rev_id="3449777" t="пространства"><v><l id="285122" t="пространство"><g v="NOUN"></g><g v="inan"></g><g v="neut"></g><g v="sing"></g><g v="gent"></g></l></v></tfr></token><token id="686430" text=","><tfr rev_id="1518294" t=","><v><l id="0" t=","><g v="PNCT"></g></l></v></tfr></token><token id="686431" text="а"><tfr rev_id="1518295" t="а"><v><l id="51" t="а"><g v="CONJ"></g></l></v><v><l id="52" t="а"><g v="INTJ"></g></l></v><v><l id="53" t="а"><g v="PRCL"></g></l></v></tfr></token><token id="686432" text="также"><tfr rev_id="4267832" t="также"><v><l id="342482" t="также"><g v="PRCL"></g></l></v></tfr></token><token id="686433" text="на"><tfr rev_id="3394101" t="на"><v><l id="166264" t="на"><g v="PREP"></g></l></v></tfr></token><token id="686434" text="орбитах"><tfr rev_id="1518298" t="орбитах"><v><l id="208727" t="орбита"><g v="NOUN"></g><g v="inan"></g><g v="femn"></g><g v="plur"></g><g v="loct"></g></l></v></tfr></token><token id="686435" text="действия"><tfr rev_id="3795972" t="действия"><v><l id="80091" t="действие"><g v="NOUN"></g><g v="inan"></g><g v="neut"></g><g v="plur"></g><g v="nomn"></g></l></v></tfr></token><token id="686436" text="космических"><tfr rev_id="1518300" t="космических"><v><l id="140606" t="космический"><g v="ADJF"></g><g v="plur"></g><g v="gent"></g></l></v><v><l id="140606" t="космический"><g v="ADJF"></g><g v="anim"></g><g v="plur"></g><g v="accs"></g></l></v><v><l id="140606" t="космический"><g v="ADJF"></g><g v="plur"></g><g v="loct"></g></l></v></tfr></token><token id="686437" text="аппаратов"><tfr rev_id="1518301" t="аппаратов"><v><l id="15358" t="аппарат"><g v="NOUN"></g><g v="inan"></g><g v="masc"></g><g v="plur"></g><g v="gent"></g></l></v></tfr></token><token id="686438" text="и"><tfr rev_id="1518302" t="и"><v><l id="116949" t="и"><g v="CONJ"></g></l></v><v><l id="116950" t="и"><g v="INTJ"></g></l></v></tfr></token><token id="686439" text="трассах"><tfr rev_id="1518303" t="трассах"><v><l id="349316" t="трасса"><g v="NOUN"></g><g v="inan"></g><g v="femn"></g><g v="plur"></g><g v="loct"></g></l></v></tfr></token><token id="686440" text="межпланетных"><tfr rev_id="3553362" t="межпланетных"><v><l id="157559" t="межпланетный"><g v="ADJF"></g><g v="plur"></g><g v="gent"></g></l></v></tfr></token><token id="686441" text="станций"><tfr rev_id="1518305" t="станций"><v><l id="334704" t="станция"><g v="NOUN"></g><g v="inan"></g><g v="femn"></g><g v="plur"></g><g v="gent"></g></l></v></tfr></token><token id="686442" text="."><tfr rev_id="1518306" t="."><v><l id="0" t="."><g v="PNCT"></g></l></v></tfr></token></tokens></sentence><sentence id="38501"><source>Большинство перечисленных факторов негативно влияют не только на самочувствие человека, но и сказываются на работоспособности техники.</source><tokens><token id="686443" text="Большинство"><tfr rev_id="3272721" t="Большинство"><v><l id="32441" t="большинство"><g v="NOUN"></g><g v="inan"></g><g v="neut"></g><g v="Sgtm"></g><g v="sing"></g><g v="nomn"></g></l></v></tfr></token><token id="686444" text="перечисленных"><tfr rev_id="1518308" t="перечисленных"><v><l id="236688" t="перечисленный"><g v="ADJF"></g><g v="Qual"></g><g v="plur"></g><g v="gent"></g></l></v><v><l id="236688" t="перечисленный"><g v="ADJF"></g><g v="Qual"></g><g v="anim"></g><g v="plur"></g><g v="accs"></g></l></v><v><l id="236688" t="перечисленный"><g v="ADJF"></g><g v="Qual"></g><g v="plur"></g><g v="loct"></g></l></v><v><l id="236699" t="перечисленный"><g v="PRTF"></g><g v="perf"></g><g v="tran"></g><g v="past"></g><g v="pssv"></g><g v="plur"></g><g v="gent"></g></l></v><v><l id="236699" t="перечисленный"><g v="PRTF"></g><g v="perf"></g><g v="tran"></g><g v="past"></g><g v="pssv"></g><g v="anim"></g><g v="plur"></g><g v="accs"></g></l></v><v><l id="236699" t="перечисленный"><g v="PRTF"></g><g v="perf"></g><g v="tran"></g><g v="past"></g><g v="pssv"></g><g v="plur"></g><g v="loct"></g></l></v></tfr></token><token id="686445" text="факторов"><tfr rev_id="1518309" t="факторов"><v><l id="364182" t="фактор"><g v="NOUN"></g><g v="inan"></g><g v="masc"></g><g v="plur"></g><g v="gent"></g></l></v></tfr></token><token id="686446" text="негативно"><tfr rev_id="1518310" t="негативно"><v><l id="180349" t="негативно"><g v="ADVB"></g></l></v><v><l id="180351" t="негативен"><g v="ADJS"></g><g v="Qual"></g><g v="neut"></g><g v="sing"></g></l></v></tfr></token><token id="686447" text="влияют"><tfr rev_id="1518311" t="влияют"><v><l id="46957" t="влияю"><g v="VERB"></g><g v="impf"></g><g v="intr"></g><g v="plur"></g><g v="3per"></g><g v="pres"></g><g v="indc"></g></l></v></tfr></token><token id="686448" text="не"><tfr rev_id="1518312" t="не"><v><l id="178876" t="не"><g v="PRCL"></g></l></v></tfr></token><token id="686449" text="только"><tfr rev_id="3784195" t="только"><v><l id="347395" t="только"><g v="CONJ"></g></l></v><v><l id="347396" t="только"><g v="PRCL"></g></l></v><v><l id="390053" t="только"><g v="ADVB"></g></l></v></tfr></token><token id="686450" text="на"><tfr rev_id="3342926" t="на"><v><l id="166264" t="на"><g v="PREP"></g></l></v></tfr></token><token id="686451" text="самочувствие"><tfr rev_id="4104139" t="самочувствие"><v><l id="313130" t="самочувствие"><g v="NOUN"></g><g v="inan"></g><g v="neut"></g><g v="sing"></g><g v="accs"></g></l></v></tfr></token><token id="686452" text="человека"><tfr rev_id="3542847" t="человека"><v><l id="375073" t="человек"><g v="NOUN"></g><g v="anim"></g><g v="masc"></g><g v="sing"></g><g v="gent"></g></l></v></tfr></token><token id="686453" text=","><tfr rev_id="1518317" t=","><v><l id="0" t=","><g v="PNCT"></g></l></v></tfr></token><token id="686454" text="но"><tfr rev_id="4238594" t="но"><v><l id="191429" t="но"><g v="CONJ"></g></l></v></tfr></token><token id="686455" text="и"><tfr rev_id="1518319" t="и"><v><l id="116949" t="и"><g v="CONJ"></g></l></v><v><l id="116950" t="и"><g v="INTJ"></g></l></v></tfr></token><token id="686456" text="сказываются"><tfr rev_id="1518320" t="сказываются"><v><l id="321570" t="сказываюсь"><g v="VERB"></g><g v="impf"></g><g v="intr"></g><g v="plur"></g><g v="3per"></g><g v="pres"></g><g v="indc"></g></l></v></tfr></token><token id="686457" text="на"><tfr rev_id="3338758" t="на"><v><l id="166264" t="на"><g v="PREP"></g></l></v></tfr></token><token id="686458" text="работоспособности"><tfr rev_id="4164312" t="работоспособности"><v><l id="290521" t="работоспособность"><g v="NOUN"></g><g v="inan"></g><g v="femn"></g><g v="sing"></g><g v="loct"></g></l></v></tfr></token><token id="686459" text="техники"><tfr rev_id="3465283" t="техники"><v><l id="345936" t="техника"><g v="NOUN"></g><g v="inan"></g><g v="femn"></g><g v="sing"></g><g v="gent"></g></l></v></tfr></token><token id="686460" text="."><tfr rev_id="1518324" t="."><v><l id="0" t="."><g v="PNCT"></g></l></v></tfr></token></tokens></sentence><sentence id="38502"><source>Особую важность учёт и предупреждение об изменениях космической погоды приобретут после начала освоения Луны и Марса, значительно менее защищённых от внешних факторов, чем Земля.</source><tokens><token id="686461" text="Особую"><tfr rev_id="1518325" t="Особую"><v><l id="210653" t="особый"><g v="ADJF"></g><g v="femn"></g><g v="sing"></g><g v="accs"></g></l></v></tfr></token><token id="686462" text="важность"><tfr rev_id="1518326" t="важность"><v><l id="37721" t="важность"><g v="NOUN"></g><g v="inan"></g><g v="femn"></g><g v="sing"></g><g v="nomn"></g></l></v><v><l id="37721" t="важность"><g v="NOUN"></g><g v="inan"></g><g v="femn"></g><g v="sing"></g><g v="accs"></g></l></v></tfr></token><token id="686463" text="учёт"><tfr rev_id="1518327" t="учёт"><v><l id="363117" t="учёт"><g v="NOUN"></g><g v="inan"></g><g v="masc"></g><g v="sing"></g><g v="nomn"></g></l></v><v><l id="363117" t="учёт"><g v="NOUN"></g><g v="inan"></g><g v="masc"></g><g v="sing"></g><g v="accs"></g></l></v></tfr></token><token id="686464" text="и"><tfr rev_id="1518328" t="и"><v><l id="116949" t="и"><g v="CONJ"></g></l></v><v><l id="116950" t="и"><g v="INTJ"></g></l></v></tfr></token><token id="686465" text="предупреждение"><tfr rev_id="4348564" t="предупреждение"><v><l id="267293" t="предупреждение"><g v="NOUN"></g><g v="inan"></g><g v="neut"></g><g v="sing"></g><g v="nomn"></g></l></v></tfr></token><token id="686466" text="об"><tfr rev_id="2921282" t="об"><v><l id="192977" t="о"><g v="PREP"></g><g v="Vpre"></g></l></v></tfr></token><token id="686467" text="изменениях"><tfr rev_id="1518331" t="изменениях"><v><l id="119487" t="изменение"><g v="NOUN"></g><g v="inan"></g><g v="neut"></g><g v="plur"></g><g v="loct"></g></l></v></tfr></token><token id="686468" text="космической"><tfr rev_id="4315231" t="космической"><v><l id="140606" t="космический"><g v="ADJF"></g><g v="femn"></g><g v="sing"></g><g v="gent"></g></l></v></tfr></token><token id="686469" text="погоды"><tfr rev_id="3483738" t="погоды"><v><l id="243378" t="погода"><g v="NOUN"></g><g v="inan"></g><g v="femn"></g><g v="sing"></g><g v="gent"></g></l></v></tfr></token><token id="686470" text="приобретут"><tfr rev_id="3427355" t="приобретут"><v><l id="272742" t="приобрёл"><g v="VERB"></g><g v="perf"></g><g v="tran"></g><g v="plur"></g><g v="3per"></g><g v="futr"></g><g v="indc"></g></l></v></tfr></token><token id="686471" text="после"><tfr rev_id="4455905" t="после"><v><l id="261542" t="после"><g v="PREP"></g></l></v></tfr></token><token id="686472" text="начала"><tfr rev_id="3540353" t="начала"><v><l id="178196" t="начало"><g v="NOUN"></g><g v="inan"></g><g v="neut"></g><g v="sing"></g><g v="gent"></g></l></v></tfr></token><token id="686473" text="освоения"><tfr rev_id="2693699" t="освоения"><v><l id="209721" t="освоение"><g v="NOUN"></g><g v="inan"></g><g v="neut"></g><g v="sing"></g><g v="gent"></g></l></v></tfr></token><token id="686474" text="Луны"><tfr rev_id="3498434" t="Луны"><v><l id="151474" t="луна"><g v="NOUN"></g><g v="inan"></g><g v="femn"></g><g v="sing"></g><g v="gent"></g></l></v></tfr></token><token id="686475" text="и"><tfr rev_id="1518339" t="и"><v><l id="116949" t="и"><g v="CONJ"></g></l></v><v><l id="116950" t="и"><g v="INTJ"></g></l></v></tfr></token><token id="686476" text="Марса"><tfr rev_id="4508227" t="Марса"><v><l id="390930" t="марс"><g v="NOUN"></g><g v="inan"></g><g v="masc"></g><g v="Geox"></g><g v="sing"></g><g v="gent"></g></l></v></tfr></token><token id="686477" text=","><tfr rev_id="1518341" t=","><v><l id="0" t=","><g v="PNCT"></g></l></v></tfr></token><token id="686478" text="значительно"><tfr rev_id="3657089" t="значительно"><v><l id="116024" t="значительно"><g v="ADVB"></g></l></v></tfr></token><token id="686479" text="менее"><tfr rev_id="1518343" t="менее"><v><l id="158343" t="менее"><g v="ADVB"></g></l></v></tfr></token><token id="686480" text="защищённых"><tfr rev_id="3417867" t="защищённых"><v><l id="114243" t="защищённый"><g v="PRTF"></g><g v="perf"></g><g v="tran"></g><g v="past"></g><g v="pssv"></g><g v="plur"></g><g v="gent"></g></l></v></tfr></token><token id="686481" text="от"><tfr rev_id="1518345" t="от"><v><l id="211644" t="от"><g v="PREP"></g></l></v></tfr></token><token id="686482" text="внешних"><tfr rev_id="3884760" t="внешних"><v><l id="47535" t="внешний"><g v="ADJF"></g><g v="plur"></g><g v="gent"></g></l></v></tfr></token><token id="686483" text="факторов"><tfr rev_id="1518347" t="факторов"><v><l id="364182" t="фактор"><g v="NOUN"></g><g v="inan"></g><g v="masc"></g><g v="plur"></g><g v="gent"></g></l></v></tfr></token><token id="686484" text=","><tfr rev_id="1518348" t=","><v><l id="0" t=","><g v="PNCT"></g></l></v></tfr></token><token id="686485" text="чем"><tfr rev_id="4307020" t="чем"><v><l id="375161" t="чем"><g v="CONJ"></g></l></v></tfr></token><token id="686486" text="Земля"><tfr rev_id="1518350" t="Земля"><v><l id="115091" t="земля"><g v="NOUN"></g><g v="inan"></g><g v="femn"></g><g v="sing"></g><g v="nomn"></g></l></v></tfr></token><token id="686487" text="."><tfr rev_id="1518351" t="."><v><l id="0" t="."><g v="PNCT"></g></l></v></tfr></token></tokens></sentence></paragraph><paragraph id="12339"><sentence id="38503"><source>В настоящее время на сайте Роскосмоса доступны последние изображения Солнца, информация о текущем состоянии солнечной активности, данные о количестве солнечных вспышек за сутки, сведения о возмущениях магнитного поля и магнитных бурях за последние трое суток, а также прогноз состояния магнитного поля Земли на 27 дней.</source><tokens><token id="686488" text="В"><tfr rev_id="1518352" t="В"><v><l id="37409" t="в"><g v="PREP"></g></l></v></tfr></token><token id="686489" text="настоящее"><tfr rev_id="4278113" t="настоящее"><v><l id="176151" t="настоящий"><g v="ADJF"></g><g v="neut"></g><g v="sing"></g><g v="nomn"></g></l></v><v><l id="176151" t="настоящий"><g v="ADJF"></g><g v="neut"></g><g v="sing"></g><g v="accs"></g></l></v></tfr></token><token id="686490" text="время"><tfr rev_id="1518354" t="время"><v><l id="53149" t="время"><g v="NOUN"></g><g v="inan"></g><g v="neut"></g><g v="sing"></g><g v="nomn"></g></l></v><v><l id="53149" t="время"><g v="NOUN"></g><g v="inan"></g><g v="neut"></g><g v="sing"></g><g v="accs"></g></l></v></tfr></token><token id="686491" text="на"><tfr rev_id="3337391" t="на"><v><l id="166264" t="на"><g v="PREP"></g></l></v></tfr></token><token id="686492" text="сайте"><tfr rev_id="1518356" t="сайте"><v><l id="311674" t="сайт"><g v="NOUN"></g><g v="inan"></g><g v="masc"></g><g v="sing"></g><g v="loct"></g></l></v></tfr></token><token id="686493" text="Роскосмоса"><tfr rev_id="2585652" t="Роскосмоса"><v><l id="388651" t="роскосмос"><g v="NOUN"></g><g v="inan"></g><g v="masc"></g><g v="Orgn"></g><g v="sing"></g><g v="gent"></g></l></v></tfr></token><token id="686494" text="доступны"><tfr rev_id="1518358" t="доступны"><v><l id="90732" t="доступен"><g v="ADJS"></g><g v="Qual"></g><g v="plur"></g></l></v></tfr></token><token id="686495" text="последние"><tfr rev_id="4086482" t="последние"><v><l id="261565" t="последний"><g v="ADJF"></g><g v="plur"></g><g v="nomn"></g></l></v></tfr></token><token id="686496" text="изображения"><tfr rev_id="3763686" t="изображения"><v><l id="120148" t="изображение"><g v="NOUN"></g><g v="inan"></g><g v="neut"></g><g v="plur"></g><g v="nomn"></g></l></v></tfr></token><token id="686497" text="Солнца"><tfr rev_id="3492146" t="Солнца"><v><l id="329068" t="солнце"><g v="NOUN"></g><g v="inan"></g><g v="neut"></g><g v="sing"></g><g v="gent"></g></l></v></tfr></token><token id="686498" text=","><tfr rev_id="1518362" t=","><v><l id="0" t=","><g v="PNCT"></g></l></v></tfr></token><token id="686499" text="информация"><tfr rev_id="1518363" t="информация"><v><l id="123576" t="информация"><g v="NOUN"></g><g v="inan"></g><g v="femn"></g><g v="sing"></g><g v="nomn"></g></l></v></tfr></token><token id="686500" text="о"><tfr rev_id="3328165" t="о"><v><l id="192977" t="о"><g v="PREP"></g></l></v></tfr></token><token id="686501" text="текущем"><tfr rev_id="1518365" t="текущем"><v><l id="344075" t="текущий"><g v="ADJF"></g><g v="masc"></g><g v="sing"></g><g v="loct"></g></l></v><v><l id="344075" t="текущий"><g v="ADJF"></g><g v="neut"></g><g v="sing"></g><g v="loct"></g></l></v><v><l id="346014" t="текущий"><g v="PRTF"></g><g v="impf"></g><g v="intr"></g><g v="pres"></g><g v="actv"></g><g v="masc"></g><g v="sing"></g><g v="loct"></g></l></v><v><l id="346014" t="текущий"><g v="PRTF"></g><g v="impf"></g><g v="intr"></g><g v="pres"></g><g v="actv"></g><g v="neut"></g><g v="sing"></g><g v="loct"></g></l></v></tfr></token><token id="686502" text="состоянии"><tfr rev_id="1518366" t="состоянии"><v><l id="330557" t="состояние"><g v="NOUN"></g><g v="inan"></g><g v="neut"></g><g v="sing"></g><g v="loct"></g></l></v></tfr></token><token id="686503" text="солнечной"><tfr rev_id="3824116" t="солнечной"><v><l id="329064" t="солнечный"><g v="ADJF"></g><g v="Qual"></g><g v="femn"></g><g v="sing"></g><g v="gent"></g></l></v></tfr></token><token id="686504" text="активности"><tfr rev_id="4344292" t="активности"><v><l id="7664" t="активность"><g v="NOUN"></g><g v="inan"></g><g v="femn"></g><g v="sing"></g><g v="gent"></g></l></v></tfr></token><token id="686505" text=","><tfr rev_id="1518369" t=","><v><l id="0" t=","><g v="PNCT"></g></l></v></tfr></token><token id="686506" text="данные"><tfr rev_id="4535587" t="данные"><v><l id="78302" t="данные"><g v="NOUN"></g><g v="inan"></g><g v="GNdr"></g><g v="Pltm"></g><g v="plur"></g><g v="nomn"></g></l></v><v><l id="78302" t="данные"><g v="NOUN"></g><g v="inan"></g><g v="GNdr"></g><g v="Pltm"></g><g v="plur"></g><g v="accs"></g></l></v></tfr></token><token id="686507" text="о"><tfr rev_id="3326218" t="о"><v><l id="192977" t="о"><g v="PREP"></g></l></v></tfr></token><token id="686508" text="количестве"><tfr rev_id="1518372" t="количестве"><v><l id="135983" t="количество"><g v="NOUN"></g><g v="inan"></g><g v="neut"></g><g v="sing"></g><g v="loct"></g></l></v></tfr></token><token id="686509" text="солнечных"><tfr rev_id="3410909" t="солнечных"><v><l id="329064" t="солнечный"><g v="ADJF"></g><g v="Qual"></g><g v="plur"></g><g v="gent"></g></l></v></tfr></token><token id="686510" text="вспышек"><tfr rev_id="1518374" t="вспышек"><v><l id="54378" t="вспышка"><g v="NOUN"></g><g v="inan"></g><g v="femn"></g><g v="plur"></g><g v="gent"></g></l></v></tfr></token><token id="686511" text="за"><tfr rev_id="1518375" t="за"><v><l id="98043" t="за"><g v="PREP"></g></l></v></tfr></token><token id="686512" text="сутки"><tfr rev_id="3752184" t="сутки"><v><l id="340123" t="сутки"><g v="NOUN"></g><g v="inan"></g><g v="GNdr"></g><g v="Pltm"></g><g v="plur"></g><g v="accs"></g></l></v></tfr></token><token id="686513" text=","><tfr rev_id="1518377" t=","><v><l id="0" t=","><g v="PNCT"></g></l></v></tfr></token><token id="686514" text="сведения"><tfr rev_id="3805692" t="сведения"><v><l id="314794" t="сведение"><g v="NOUN"></g><g v="inan"></g><g v="neut"></g><g v="plur"></g><g v="nomn"></g></l></v><v><l id="314795" t="сведение"><g v="NOUN"></g><g v="inan"></g><g v="neut"></g><g v="plur"></g><g v="nomn"></g></l></v></tfr></token><token id="686515" text="о"><tfr rev_id="1518379" t="о"><v><l id="192977" t="о"><g v="PREP"></g></l></v><v><l id="192978" t="о"><g v="INTJ"></g></l></v></tfr></token><token id="686516" text="возмущениях"><tfr rev_id="1518380" t="возмущениях"><v><l id="49457" t="возмущение"><g v="NOUN"></g><g v="inan"></g><g v="neut"></g><g v="plur"></g><g v="loct"></g></l></v></tfr></token><token id="686517" text="магнитного"><tfr rev_id="3391297" t="магнитного"><v><l id="152713" t="магнитный"><g v="ADJF"></g><g v="Qual"></g><g v="neut"></g><g v="sing"></g><g v="gent"></g></l></v></tfr></token><token id="686518" text="поля"><tfr rev_id="4282623" t="поля"><v><l id="255256" t="поле"><g v="NOUN"></g><g v="inan"></g><g v="neut"></g><g v="sing"></g><g v="gent"></g></l></v></tfr></token><token id="686519" text="и"><tfr rev_id="1518383" t="и"><v><l id="116949" t="и"><g v="CONJ"></g></l></v><v><l id="116950" t="и"><g v="INTJ"></g></l></v></tfr></token><token id="686520" text="магнитных"><tfr rev_id="2927791" t="магнитных"><v><l id="152713" t="магнитный"><g v="ADJF"></g><g v="Qual"></g><g v="plur"></g><g v="loct"></g></l></v></tfr></token><token id="686521" text="бурях"><tfr rev_id="1518385" t="бурях"><v><l id="36403" t="буря"><g v="NOUN"></g><g v="inan"></g><g v="femn"></g><g v="plur"></g><g v="loct"></g></l></v></tfr></token><token id="686522" text="за"><tfr rev_id="1518386" t="за"><v><l id="98043" t="за"><g v="PREP"></g></l></v></tfr></token><token id="686523" text="последние"><tfr rev_id="3809214" t="последние"><v><l id="261565" t="последний"><g v="ADJF"></g><g v="inan"></g><g v="plur"></g><g v="accs"></g></l></v></tfr></token><token id="686524" text="трое"><tfr rev_id="1518388" t="трое"><v><l id="350318" t="трое"><g v="NUMR"></g><g v="Coll"></g><g v="nomn"></g></l></v><v><l id="350318" t="трое"><g v="NUMR"></g><g v="Coll"></g><g v="inan"></g><g v="accs"></g></l></v></tfr></token><token id="686525" text="суток"><tfr rev_id="1518389" t="суток"><v><l id="340123" t="сутки"><g v="NOUN"></g><g v="inan"></g><g v="GNdr"></g><g v="Pltm"></g><g v="plur"></g><g v="gent"></g></l></v></tfr></token><token id="686526" text=","><tfr rev_id="1518390" t=","><v><l id="0" t=","><g v="PNCT"></g></l></v></tfr></token><token id="686527" text="а"><tfr rev_id="1518391" t="а"><v><l id="51" t="а"><g v="CONJ"></g></l></v><v><l id="52" t="а"><g v="INTJ"></g></l></v><v><l id="53" t="а"><g v="PRCL"></g></l></v></tfr></token><token id="686528" text="также"><tfr rev_id="4267833" t="также"><v><l id="342482" t="также"><g v="PRCL"></g></l></v></tfr></token><token id="686529" text="прогноз"><tfr rev_id="4105618" t="прогноз"><v><l id="278534" t="прогноз"><g v="NOUN"></g><g v="inan"></g><g v="masc"></g><g v="sing"></g><g v="nomn"></g></l></v></tfr></token><token id="686530" text="состояния"><tfr rev_id="3457675" t="состояния"><v><l id="330557" t="состояние"><g v="NOUN"></g><g v="inan"></g><g v="neut"></g><g v="sing"></g><g v="gent"></g></l></v></tfr></token><token id="686531" text="магнитного"><tfr rev_id="3470246" t="магнитного"><v><l id="152713" t="магнитный"><g v="ADJF"></g><g v="Qual"></g><g v="neut"></g><g v="sing"></g><g v="gent"></g></l></v></tfr></token><token id="686532" text="поля"><tfr rev_id="4282624" t="поля"><v><l id="255256" t="поле"><g v="NOUN"></g><g v="inan"></g><g v="neut"></g><g v="sing"></g><g v="gent"></g></l></v></tfr></token><token id="686533" text="Земли"><tfr rev_id="3451876" t="Земли"><v><l id="115091" t="земля"><g v="NOUN"></g><g v="inan"></g><g v="femn"></g><g v="sing"></g><g v="gent"></g></l></v></tfr></token><token id="686534" text="на"><tfr rev_id="3394902" t="на"><v><l id="166264" t="на"><g v="PREP"></g></l></v></tfr></token><token id="686535" text="27"><tfr rev_id="2462763" t="27"><v><l id="0" t="27"><g v="NUMB"></g></l></v></tfr></token><token id="686536" text="дней"><tfr rev_id="1518400" t="дней"><v><l id="81427" t="день"><g v="NOUN"></g><g v="inan"></g><g v="masc"></g><g v="plur"></g><g v="gent"></g></l></v></tfr></token><token id="686537" text="."><tfr rev_id="1518401" t="."><v><l id="0" t="."><g v="PNCT"></g></l></v></tfr></token></tokens></sentence><sentence id="38504"><source>Данные обновляются каждые 30 минут.</source><tokens><token id="686538" text="Данные"><tfr rev_id="4535593" t="Данные"><v><l id="78302" t="данные"><g v="NOUN"></g><g v="inan"></g><g v="GNdr"></g><g v="Pltm"></g><g v="plur"></g><g v="nomn"></g></l></v><v><l id="78302" t="данные"><g v="NOUN"></g><g v="inan"></g><g v="GNdr"></g><g v="Pltm"></g><g v="plur"></g><g v="accs"></g></l></v></tfr></token><token id="686539" text="обновляются"><tfr rev_id="1518403" t="обновляются"><v><l id="197881" t="обновляюсь"><g v="VERB"></g><g v="impf"></g><g v="intr"></g><g v="plur"></g><g v="3per"></g><g v="pres"></g><g v="indc"></g></l></v></tfr></token><token id="686540" text="каждые"><tfr rev_id="4430677" t="каждые"><v><l id="127875" t="каждый"><g v="ADJF"></g><g v="Subx"></g><g v="Apro"></g><g v="inan"></g><g v="plur"></g><g v="accs"></g></l></v></tfr></token><token id="686541" text="30"><tfr rev_id="2462764" t="30"><v><l id="0" t="30"><g v="NUMB"></g></l></v></tfr></token><token id="686542" text="минут"><tfr rev_id="1714707" t="минут"><v><l id="160750" t="минута"><g v="NOUN"></g><g v="inan"></g><g v="femn"></g><g v="plur"></g><g v="gent"></g></l></v></tfr></token><token id="686543" text="."><tfr rev_id="1518407" t="."><v><l id="0" t="."><g v="PNCT"></g></l></v></tfr></token></tokens></sentence><sentence id="38505"><source>Просматривать информацию в режиме реального времени можно здесь.</source><tokens><token id="686544" text="Просматривать"><tfr rev_id="1518408" t="Просматривать"><v><l id="284641" t="просматривать"><g v="INFN"></g><g v="impf"></g><g v="tran"></g></l></v></tfr></token><token id="686545" text="информацию"><tfr rev_id="1518409" t="информацию"><v><l id="123576" t="информация"><g v="NOUN"></g><g v="inan"></g><g v="femn"></g><g v="sing"></g><g v="accs"></g></l></v></tfr></token><token id="686546" text="в"><tfr rev_id="1518410" t="в"><v><l id="37409" t="в"><g v="PREP"></g></l></v></tfr></token><token id="686547" text="режиме"><tfr rev_id="1518411" t="режиме"><v><l id="305124" t="режим"><g v="NOUN"></g><g v="inan"></g><g v="masc"></g><g v="sing"></g><g v="loct"></g></l></v></tfr></token><token id="686548" text="реального"><tfr rev_id="3468598" t="реального"><v><l id="304458" t="реальный"><g v="ADJF"></g><g v="Qual"></g><g v="neut"></g><g v="sing"></g><g v="gent"></g></l></v></tfr></token><token id="686549" text="времени"><tfr rev_id="3544247" t="времени"><v><l id="53149" t="время"><g v="NOUN"></g><g v="inan"></g><g v="neut"></g><g v="sing"></g><g v="gent"></g></l></v></tfr></token><token id="686550" text="можно"><tfr rev_id="1518414" t="можно"><v><l id="162467" t="можно"><g v="PRED"></g><g v="pres"></g></l></v></tfr></token><token id="686551" text="здесь"><tfr rev_id="1518415" t="здесь"><v><l id="114703" t="здесь"><g v="ADVB"></g><g v="Prdx"></g></l></v></tfr></token><token id="686552" text="."><tfr rev_id="1518416" t="."><v><l id="0" t="."><g v="PNCT"></g></l></v></tfr></token></tokens></sentence></paragraph></paragraphs></text>