<?xml version="1.0" encoding="utf-8"?><text id="137" parent="56" name="В Ивано-Франковске с 1 февраля 2011 придется платить туристический сбор?"><tags><tag>url:http://ru.wikinews.org/w/index.php?title=В_Ивано-Франковске_с_1_февраля_2011_придется_платить_туристический_сбор?&amp;oldid=59460</tag><tag>Автор:http://ru.wikinews.org/wiki/Участник:Akishin D.</tag><tag>Дата:11/01</tag><tag>Год:2011</tag><tag>Гео:ВикиКатегория:Украина/Ивано-Франковская область</tag></tags><paragraphs><paragraph id="2912"><sentence id="9230"><source>В Ивано-Франковске установили ставку туристического сбора.</source><tokens><token id="177096" text="В"><tfr rev_id="1011876" t="В"><v><l id="37409" t="в"><g v="PREP"></g></l></v></tfr></token><token id="177097" text="Ивано-Франковске"><tfr rev_id="1011877" t="Ивано-Франковске"><v><l id="117044" t="ивано-франковск"><g v="NOUN"></g><g v="inan"></g><g v="masc"></g><g v="Geox"></g><g v="sing"></g><g v="loct"></g></l></v></tfr></token><token id="177098" text="установили"><tfr rev_id="1011878" t="установили"><v><l id="360981" t="установил"><g v="VERB"></g><g v="perf"></g><g v="tran"></g><g v="plur"></g><g v="past"></g><g v="indc"></g></l></v></tfr></token><token id="177099" text="ставку"><tfr rev_id="3759040" t="ставку"><v><l id="334334" t="ставка"><g v="NOUN"></g><g v="inan"></g><g v="femn"></g><g v="sing"></g><g v="accs"></g></l></v></tfr></token><token id="177100" text="туристического"><tfr rev_id="4103456" t="туристического"><v><l id="351775" t="туристический"><g v="ADJF"></g><g v="masc"></g><g v="sing"></g><g v="gent"></g></l></v><v><l id="351775" t="туристический"><g v="ADJF"></g><g v="anim"></g><g v="masc"></g><g v="sing"></g><g v="accs"></g></l></v></tfr></token><token id="177101" text="сбора"><tfr rev_id="1011881" t="сбора"><v><l id="314358" t="сбор"><g v="NOUN"></g><g v="inan"></g><g v="masc"></g><g v="sing"></g><g v="gent"></g></l></v></tfr></token><token id="177102" text="."><tfr rev_id="1011882" t="."><v><l id="0" t="."><g v="PNCT"></g></l></v></tfr></token></tokens></sentence><sentence id="9231"><source>Как сообщили paralleli в пресс-службе Ивано-Франковского городского совета, согласно проекту решения городского совета «Об установлении местных налогов и сборов на территории Ивано-Франковского городского совета», ставка сбора устанавливается в размере одного процента к стоимости всего периода проживания (ночевки) за вычетом налога на добавленную стоимость.</source><tokens><token id="177103" text="Как"><tfr rev_id="1011883" t="Как"><v><l id="128190" t="как"><g v="CONJ"></g></l></v><v><l id="128191" t="как"><g v="PRCL"></g></l></v><v><l id="128192" t="как"><g v="ADVB"></g><g v="Ques"></g></l></v></tfr></token><token id="177104" text="сообщили"><tfr rev_id="1011884" t="сообщили"><v><l id="329556" t="сообщил"><g v="VERB"></g><g v="perf"></g><g v="tran"></g><g v="plur"></g><g v="past"></g><g v="indc"></g></l></v></tfr></token><token id="177105" text="paralleli"><tfr rev_id="2469848" t="paralleli"><v><l id="0" t="paralleli"><g v="LATN"></g></l></v></tfr></token><token id="177106" text="в"><tfr rev_id="1011886" t="в"><v><l id="37409" t="в"><g v="PREP"></g></l></v></tfr></token><token id="177107" text="пресс-службе"><tfr rev_id="2737654" t="пресс-службе"><v><l id="268250" t="пресс-служба"><g v="NOUN"></g><g v="inan"></g><g v="femn"></g><g v="sing"></g><g v="loct"></g></l></v></tfr></token><token id="177108" text="Ивано-Франковского"><tfr rev_id="4542781" t="Ивано-Франковского"><v><l id="393380" t="ивано-франковский"><g v="ADJF"></g><g v="Geox"></g><g v="anim"></g><g v="masc"></g><g v="sing"></g><g v="accs"></g></l></v><v><l id="393380" t="ивано-франковский"><g v="ADJF"></g><g v="Geox"></g><g v="masc"></g><g v="sing"></g><g v="gent"></g></l></v><v><l id="393380" t="ивано-франковский"><g v="ADJF"></g><g v="Geox"></g><g v="neut"></g><g v="sing"></g><g v="gent"></g></l></v></tfr></token><token id="177109" text="городского"><tfr rev_id="4537900" t="городского"><v><l id="73611" t="городской"><g v="ADJF"></g><g v="masc"></g><g v="sing"></g><g v="gent"></g></l></v><v><l id="73611" t="городской"><g v="ADJF"></g><g v="neut"></g><g v="sing"></g><g v="gent"></g></l></v></tfr></token><token id="177110" text="совета"><tfr rev_id="1011890" t="совета"><v><l id="327955" t="совет"><g v="NOUN"></g><g v="inan"></g><g v="masc"></g><g v="sing"></g><g v="gent"></g></l></v></tfr></token><token id="177111" text=","><tfr rev_id="1011891" t=","><v><l id="0" t=","><g v="PNCT"></g></l></v></tfr></token><token id="177112" text="согласно"><tfr rev_id="4492017" t="согласно"><v><l id="328255" t="согласно"><g v="PREP"></g></l></v></tfr></token><token id="177113" text="проекту"><tfr rev_id="1011893" t="проекту"><v><l id="279545" t="проект"><g v="NOUN"></g><g v="inan"></g><g v="masc"></g><g v="sing"></g><g v="datv"></g></l></v></tfr></token><token id="177114" text="решения"><tfr rev_id="3444175" t="решения"><v><l id="307350" t="решение"><g v="NOUN"></g><g v="inan"></g><g v="neut"></g><g v="sing"></g><g v="gent"></g></l></v></tfr></token><token id="177115" text="городского"><tfr rev_id="4536526" t="городского"><v><l id="73611" t="городской"><g v="ADJF"></g><g v="masc"></g><g v="sing"></g><g v="gent"></g></l></v><v><l id="73611" t="городской"><g v="ADJF"></g><g v="neut"></g><g v="sing"></g><g v="gent"></g></l></v></tfr></token><token id="177116" text="совета"><tfr rev_id="1011896" t="совета"><v><l id="327955" t="совет"><g v="NOUN"></g><g v="inan"></g><g v="masc"></g><g v="sing"></g><g v="gent"></g></l></v></tfr></token><token id="177117" text="«"><tfr rev_id="2427825" t="«"><v><l id="0" t="«"><g v="PNCT"></g></l></v></tfr></token><token id="177118" text="Об"><tfr rev_id="2920890" t="Об"><v><l id="192977" t="о"><g v="PREP"></g><g v="Vpre"></g></l></v></tfr></token><token id="177119" text="установлении"><tfr rev_id="1011899" t="установлении"><v><l id="360992" t="установление"><g v="NOUN"></g><g v="inan"></g><g v="neut"></g><g v="sing"></g><g v="loct"></g></l></v></tfr></token><token id="177120" text="местных"><tfr rev_id="4400760" t="местных"><v><l id="158819" t="местный"><g v="ADJF"></g><g v="Qual"></g><g v="plur"></g><g v="gent"></g></l></v></tfr></token><token id="177121" text="налогов"><tfr rev_id="3450875" t="налогов"><v><l id="172050" t="налог"><g v="NOUN"></g><g v="inan"></g><g v="masc"></g><g v="plur"></g><g v="gent"></g></l></v></tfr></token><token id="177122" text="и"><tfr rev_id="1011902" t="и"><v><l id="116949" t="и"><g v="CONJ"></g></l></v><v><l id="116950" t="и"><g v="INTJ"></g></l></v></tfr></token><token id="177123" text="сборов"><tfr rev_id="1011903" t="сборов"><v><l id="314358" t="сбор"><g v="NOUN"></g><g v="inan"></g><g v="masc"></g><g v="plur"></g><g v="gent"></g></l></v></tfr></token><token id="177124" text="на"><tfr rev_id="3397927" t="на"><v><l id="166264" t="на"><g v="PREP"></g></l></v></tfr></token><token id="177125" text="территории"><tfr rev_id="4281064" t="территории"><v><l id="345621" t="территория"><g v="NOUN"></g><g v="inan"></g><g v="femn"></g><g v="sing"></g><g v="loct"></g></l></v></tfr></token><token id="177126" text="Ивано-Франковского"><tfr rev_id="4542780" t="Ивано-Франковского"><v><l id="393380" t="ивано-франковский"><g v="ADJF"></g><g v="Geox"></g><g v="anim"></g><g v="masc"></g><g v="sing"></g><g v="accs"></g></l></v><v><l id="393380" t="ивано-франковский"><g v="ADJF"></g><g v="Geox"></g><g v="masc"></g><g v="sing"></g><g v="gent"></g></l></v><v><l id="393380" t="ивано-франковский"><g v="ADJF"></g><g v="Geox"></g><g v="neut"></g><g v="sing"></g><g v="gent"></g></l></v></tfr></token><token id="177127" text="городского"><tfr rev_id="4537942" t="городского"><v><l id="73611" t="городской"><g v="ADJF"></g><g v="masc"></g><g v="sing"></g><g v="gent"></g></l></v><v><l id="73611" t="городской"><g v="ADJF"></g><g v="neut"></g><g v="sing"></g><g v="gent"></g></l></v></tfr></token><token id="177128" text="совета"><tfr rev_id="1011908" t="совета"><v><l id="327955" t="совет"><g v="NOUN"></g><g v="inan"></g><g v="masc"></g><g v="sing"></g><g v="gent"></g></l></v></tfr></token><token id="177129" text="»"><tfr rev_id="2427826" t="»"><v><l id="0" t="»"><g v="PNCT"></g></l></v></tfr></token><token id="177130" text=","><tfr rev_id="1011910" t=","><v><l id="0" t=","><g v="PNCT"></g></l></v></tfr></token><token id="177131" text="ставка"><tfr rev_id="4177609" t="ставка"><v><l id="334334" t="ставка"><g v="NOUN"></g><g v="inan"></g><g v="femn"></g><g v="sing"></g><g v="nomn"></g></l></v></tfr></token><token id="177132" text="сбора"><tfr rev_id="1011912" t="сбора"><v><l id="314358" t="сбор"><g v="NOUN"></g><g v="inan"></g><g v="masc"></g><g v="sing"></g><g v="gent"></g></l></v></tfr></token><token id="177133" text="устанавливается"><tfr rev_id="1011913" t="устанавливается"><v><l id="360974" t="устанавливаюсь"><g v="VERB"></g><g v="impf"></g><g v="intr"></g><g v="sing"></g><g v="3per"></g><g v="pres"></g><g v="indc"></g></l></v></tfr></token><token id="177134" text="в"><tfr rev_id="1011914" t="в"><v><l id="37409" t="в"><g v="PREP"></g></l></v></tfr></token><token id="177135" text="размере"><tfr rev_id="1011915" t="размере"><v><l id="295006" t="размер"><g v="NOUN"></g><g v="inan"></g><g v="masc"></g><g v="sing"></g><g v="loct"></g></l></v></tfr></token><token id="177136" text="одного"><tfr rev_id="4300496" t="одного"><v><l id="203319" t="один"><g v="ADJF"></g><g v="Apro"></g><g v="Anum"></g><g v="masc"></g><g v="sing"></g><g v="gent"></g></l></v><v><l id="203319" t="один"><g v="ADJF"></g><g v="Apro"></g><g v="Anum"></g><g v="anim"></g><g v="masc"></g><g v="sing"></g><g v="accs"></g></l></v></tfr></token><token id="177137" text="процента"><tfr rev_id="1011917" t="процента"><v><l id="287340" t="процент"><g v="NOUN"></g><g v="inan"></g><g v="masc"></g><g v="sing"></g><g v="gent"></g></l></v></tfr></token><token id="177138" text="к"><tfr rev_id="1011918" t="к"><v><l id="127460" t="к"><g v="PREP"></g></l></v></tfr></token><token id="177139" text="стоимости"><tfr rev_id="4281065" t="стоимости"><v><l id="336463" t="стоимость"><g v="NOUN"></g><g v="inan"></g><g v="femn"></g><g v="sing"></g><g v="datv"></g></l></v></tfr></token><token id="177140" text="всего"><tfr rev_id="4492941" t="всего"><v><l id="42156" t="весь"><g v="ADJF"></g><g v="Subx"></g><g v="Apro"></g><g v="masc"></g><g v="sing"></g><g v="gent"></g></l></v><v><l id="42156" t="весь"><g v="ADJF"></g><g v="Subx"></g><g v="Apro"></g><g v="anim"></g><g v="masc"></g><g v="sing"></g><g v="accs"></g></l></v><v><l id="42156" t="весь"><g v="ADJF"></g><g v="Subx"></g><g v="Apro"></g><g v="neut"></g><g v="sing"></g><g v="gent"></g></l></v></tfr></token><token id="177141" text="периода"><tfr rev_id="1011921" t="периода"><v><l id="237159" t="период"><g v="NOUN"></g><g v="inan"></g><g v="masc"></g><g v="sing"></g><g v="gent"></g></l></v></tfr></token><token id="177142" text="проживания"><tfr rev_id="3500477" t="проживания"><v><l id="279717" t="проживание"><g v="NOUN"></g><g v="inan"></g><g v="neut"></g><g v="sing"></g><g v="gent"></g></l></v></tfr></token><token id="177143" text="("><tfr rev_id="1011923" t="("><v><l id="0" t="("><g v="PNCT"></g></l></v></tfr></token><token id="177144" text="ночевки"><tfr rev_id="3449881" t="ночевки"><v><l id="192436" t="ночёвка"><g v="NOUN"></g><g v="inan"></g><g v="femn"></g><g v="sing"></g><g v="gent"></g></l></v></tfr></token><token id="177145" text=")"><tfr rev_id="1011925" t=")"><v><l id="0" t=")"><g v="PNCT"></g></l></v></tfr></token><token id="177146" text="за"><tfr rev_id="1011926" t="за"><v><l id="98043" t="за"><g v="PREP"></g></l></v></tfr></token><token id="177147" text="вычетом"><tfr rev_id="1011927" t="вычетом"><v><l id="64266" t="вычет"><g v="NOUN"></g><g v="inan"></g><g v="masc"></g><g v="sing"></g><g v="ablt"></g></l></v></tfr></token><token id="177148" text="налога"><tfr rev_id="1011928" t="налога"><v><l id="172050" t="налог"><g v="NOUN"></g><g v="inan"></g><g v="masc"></g><g v="sing"></g><g v="gent"></g></l></v></tfr></token><token id="177149" text="на"><tfr rev_id="3337348" t="на"><v><l id="166264" t="на"><g v="PREP"></g></l></v></tfr></token><token id="177150" text="добавленную"><tfr rev_id="1011930" t="добавленную"><v><l id="85161" t="добавленный"><g v="PRTF"></g><g v="perf"></g><g v="tran"></g><g v="past"></g><g v="pssv"></g><g v="femn"></g><g v="sing"></g><g v="accs"></g></l></v></tfr></token><token id="177151" text="стоимость"><tfr rev_id="1011931" t="стоимость"><v><l id="336463" t="стоимость"><g v="NOUN"></g><g v="inan"></g><g v="femn"></g><g v="sing"></g><g v="nomn"></g></l></v><v><l id="336463" t="стоимость"><g v="NOUN"></g><g v="inan"></g><g v="femn"></g><g v="sing"></g><g v="accs"></g></l></v></tfr></token><token id="177152" text="."><tfr rev_id="1011932" t="."><v><l id="0" t="."><g v="PNCT"></g></l></v></tfr></token></tokens></sentence><sentence id="9232"><source>Его будут платить поселяющиеся в гостиницах, мотелях.</source><tokens><token id="177153" text="Его"><tfr rev_id="4527723" t="Его"><v><l id="206541" t="он"><g v="NPRO"></g><g v="masc"></g><g v="3per"></g><g v="Anph"></g><g v="sing"></g><g v="gent"></g></l></v><v><l id="206541" t="он"><g v="NPRO"></g><g v="masc"></g><g v="3per"></g><g v="Anph"></g><g v="sing"></g><g v="accs"></g></l></v><v><l id="206649" t="оно"><g v="NPRO"></g><g v="neut"></g><g v="3per"></g><g v="Anph"></g><g v="sing"></g><g v="gent"></g></l></v><v><l id="206649" t="оно"><g v="NPRO"></g><g v="neut"></g><g v="3per"></g><g v="Anph"></g><g v="sing"></g><g v="accs"></g></l></v></tfr></token><token id="177154" text="будут"><tfr rev_id="1011934" t="будут"><v><l id="37265" t="есть"><g v="VERB"></g><g v="impf"></g><g v="intr"></g><g v="plur"></g><g v="3per"></g><g v="futr"></g><g v="indc"></g></l></v></tfr></token><token id="177155" text="платить"><tfr rev_id="1011935" t="платить"><v><l id="240012" t="платить"><g v="INFN"></g><g v="impf"></g><g v="tran"></g></l></v></tfr></token><token id="177156" text="поселяющиеся"><tfr rev_id="4337837" t="поселяющиеся"><v><l id="261236" t="поселяющийся"><g v="PRTF"></g><g v="impf"></g><g v="intr"></g><g v="pres"></g><g v="actv"></g><g v="plur"></g><g v="nomn"></g></l></v></tfr></token><token id="177157" text="в"><tfr rev_id="1011937" t="в"><v><l id="37409" t="в"><g v="PREP"></g></l></v></tfr></token><token id="177158" text="гостиницах"><tfr rev_id="1011938" t="гостиницах"><v><l id="74117" t="гостиница"><g v="NOUN"></g><g v="inan"></g><g v="femn"></g><g v="plur"></g><g v="loct"></g></l></v></tfr></token><token id="177159" text=","><tfr rev_id="1011939" t=","><v><l id="0" t=","><g v="PNCT"></g></l></v></tfr></token><token id="177160" text="мотелях"><tfr rev_id="1011940" t="мотелях"><v><l id="164114" t="мотель"><g v="NOUN"></g><g v="inan"></g><g v="masc"></g><g v="plur"></g><g v="loct"></g></l></v></tfr></token><token id="177161" text="."><tfr rev_id="1011941" t="."><v><l id="0" t="."><g v="PNCT"></g></l></v></tfr></token></tokens></sentence><sentence id="9233"><source>Базой взимания сбора является стоимость всего периода проживания (ночевки) за вычетом налога на добавленную стоимость.</source><tokens><token id="177162" text="Базой"><tfr rev_id="1011942" t="Базой"><v><l id="22146" t="база"><g v="NOUN"></g><g v="inan"></g><g v="femn"></g><g v="sing"></g><g v="ablt"></g></l></v></tfr></token><token id="177163" text="взимания"><tfr rev_id="3465150" t="взимания"><v><l id="43628" t="взимание"><g v="NOUN"></g><g v="inan"></g><g v="neut"></g><g v="sing"></g><g v="gent"></g></l></v></tfr></token><token id="177164" text="сбора"><tfr rev_id="1011944" t="сбора"><v><l id="314358" t="сбор"><g v="NOUN"></g><g v="inan"></g><g v="masc"></g><g v="sing"></g><g v="gent"></g></l></v></tfr></token><token id="177165" text="является"><tfr rev_id="1011945" t="является"><v><l id="387385" t="являюсь"><g v="VERB"></g><g v="impf"></g><g v="intr"></g><g v="sing"></g><g v="3per"></g><g v="pres"></g><g v="indc"></g></l></v></tfr></token><token id="177166" text="стоимость"><tfr rev_id="3547654" t="стоимость"><v><l id="336463" t="стоимость"><g v="NOUN"></g><g v="inan"></g><g v="femn"></g><g v="sing"></g><g v="nomn"></g></l></v></tfr></token><token id="177167" text="всего"><tfr rev_id="4513789" t="всего"><v><l id="42156" t="весь"><g v="ADJF"></g><g v="Subx"></g><g v="Apro"></g><g v="masc"></g><g v="sing"></g><g v="gent"></g></l></v><v><l id="42156" t="весь"><g v="ADJF"></g><g v="Subx"></g><g v="Apro"></g><g v="anim"></g><g v="masc"></g><g v="sing"></g><g v="accs"></g></l></v></tfr></token><token id="177168" text="периода"><tfr rev_id="1011948" t="периода"><v><l id="237159" t="период"><g v="NOUN"></g><g v="inan"></g><g v="masc"></g><g v="sing"></g><g v="gent"></g></l></v></tfr></token><token id="177169" text="проживания"><tfr rev_id="3473076" t="проживания"><v><l id="279717" t="проживание"><g v="NOUN"></g><g v="inan"></g><g v="neut"></g><g v="sing"></g><g v="gent"></g></l></v></tfr></token><token id="177170" text="("><tfr rev_id="1011950" t="("><v><l id="0" t="("><g v="PNCT"></g></l></v></tfr></token><token id="177171" text="ночевки"><tfr rev_id="3264102" t="ночевки"><v><l id="192436" t="ночёвка"><g v="NOUN"></g><g v="inan"></g><g v="femn"></g><g v="sing"></g><g v="gent"></g></l></v></tfr></token><token id="177172" text=")"><tfr rev_id="1011952" t=")"><v><l id="0" t=")"><g v="PNCT"></g></l></v></tfr></token><token id="177173" text="за"><tfr rev_id="1011953" t="за"><v><l id="98043" t="за"><g v="PREP"></g></l></v></tfr></token><token id="177174" text="вычетом"><tfr rev_id="1011954" t="вычетом"><v><l id="64266" t="вычет"><g v="NOUN"></g><g v="inan"></g><g v="masc"></g><g v="sing"></g><g v="ablt"></g></l></v></tfr></token><token id="177175" text="налога"><tfr rev_id="1011955" t="налога"><v><l id="172050" t="налог"><g v="NOUN"></g><g v="inan"></g><g v="masc"></g><g v="sing"></g><g v="gent"></g></l></v></tfr></token><token id="177176" text="на"><tfr rev_id="3334820" t="на"><v><l id="166264" t="на"><g v="PREP"></g></l></v></tfr></token><token id="177177" text="добавленную"><tfr rev_id="1011957" t="добавленную"><v><l id="85161" t="добавленный"><g v="PRTF"></g><g v="perf"></g><g v="tran"></g><g v="past"></g><g v="pssv"></g><g v="femn"></g><g v="sing"></g><g v="accs"></g></l></v></tfr></token><token id="177178" text="стоимость"><tfr rev_id="4102373" t="стоимость"><v><l id="336463" t="стоимость"><g v="NOUN"></g><g v="inan"></g><g v="femn"></g><g v="sing"></g><g v="accs"></g></l></v></tfr></token><token id="177179" text="."><tfr rev_id="1011959" t="."><v><l id="0" t="."><g v="PNCT"></g></l></v></tfr></token></tokens></sentence><sentence id="9234"><source>В стоимость проживания не включаются расходы на питание или бытовые услуги (стирка, чистка, починка и глажка одежды, обуви или белья), телефонные счета, оформление заграничных паспортов, разрешений на въезд (виз), обязательное страхование, расходы на устный и письменный переводы, другие документально оформленные расходы, связанные с правилами въезда.</source><tokens><token id="177180" text="В"><tfr rev_id="1011960" t="В"><v><l id="37409" t="в"><g v="PREP"></g></l></v></tfr></token><token id="177181" text="стоимость"><tfr rev_id="1011961" t="стоимость"><v><l id="336463" t="стоимость"><g v="NOUN"></g><g v="inan"></g><g v="femn"></g><g v="sing"></g><g v="nomn"></g></l></v><v><l id="336463" t="стоимость"><g v="NOUN"></g><g v="inan"></g><g v="femn"></g><g v="sing"></g><g v="accs"></g></l></v></tfr></token><token id="177182" text="проживания"><tfr rev_id="3495254" t="проживания"><v><l id="279717" t="проживание"><g v="NOUN"></g><g v="inan"></g><g v="neut"></g><g v="sing"></g><g v="gent"></g></l></v></tfr></token><token id="177183" text="не"><tfr rev_id="1011963" t="не"><v><l id="178876" t="не"><g v="PRCL"></g></l></v></tfr></token><token id="177184" text="включаются"><tfr rev_id="1011964" t="включаются"><v><l id="46201" t="включаюсь"><g v="VERB"></g><g v="impf"></g><g v="intr"></g><g v="plur"></g><g v="3per"></g><g v="pres"></g><g v="indc"></g></l></v></tfr></token><token id="177185" text="расходы"><tfr rev_id="3752103" t="расходы"><v><l id="303036" t="расход"><g v="NOUN"></g><g v="inan"></g><g v="masc"></g><g v="plur"></g><g v="nomn"></g></l></v></tfr></token><token id="177186" text="на"><tfr rev_id="3337441" t="на"><v><l id="166264" t="на"><g v="PREP"></g></l></v></tfr></token><token id="177187" text="питание"><tfr rev_id="3720197" t="питание"><v><l id="239206" t="питание"><g v="NOUN"></g><g v="inan"></g><g v="neut"></g><g v="sing"></g><g v="accs"></g></l></v></tfr></token><token id="177188" text="или"><tfr rev_id="3786420" t="или"><v><l id="121146" t="или"><g v="CONJ"></g></l></v></tfr></token><token id="177189" text="бытовые"><tfr rev_id="4086668" t="бытовые"><v><l id="37255" t="бытовой"><g v="ADJF"></g><g v="inan"></g><g v="plur"></g><g v="accs"></g></l></v></tfr></token><token id="177190" text="услуги"><tfr rev_id="3802396" t="услуги"><v><l id="360607" t="услуга"><g v="NOUN"></g><g v="inan"></g><g v="femn"></g><g v="plur"></g><g v="accs"></g></l></v></tfr></token><token id="177191" text="("><tfr rev_id="1011971" t="("><v><l id="0" t="("><g v="PNCT"></g></l></v></tfr></token><token id="177192" text="стирка"><tfr rev_id="1011972" t="стирка"><v><l id="336271" t="стирка"><g v="NOUN"></g><g v="inan"></g><g v="femn"></g><g v="sing"></g><g v="nomn"></g></l></v></tfr></token><token id="177193" text=","><tfr rev_id="1011973" t=","><v><l id="0" t=","><g v="PNCT"></g></l></v></tfr></token><token id="177194" text="чистка"><tfr rev_id="1011974" t="чистка"><v><l id="376617" t="чистка"><g v="NOUN"></g><g v="inan"></g><g v="femn"></g><g v="sing"></g><g v="nomn"></g></l></v></tfr></token><token id="177195" text=","><tfr rev_id="1011975" t=","><v><l id="0" t=","><g v="PNCT"></g></l></v></tfr></token><token id="177196" text="починка"><tfr rev_id="3782903" t="починка"><v><l id="264854" t="починка"><g v="NOUN"></g><g v="inan"></g><g v="femn"></g><g v="sing"></g><g v="nomn"></g></l></v></tfr></token><token id="177197" text="и"><tfr rev_id="3671919" t="и"><v><l id="116949" t="и"><g v="CONJ"></g></l></v></tfr></token><token id="177198" text="глажка"><tfr rev_id="1011978" t="глажка"><v><l id="70991" t="глажка"><g v="NOUN"></g><g v="inan"></g><g v="femn"></g><g v="Sgtm"></g><g v="sing"></g><g v="nomn"></g></l></v></tfr></token><token id="177199" text="одежды"><tfr rev_id="3487366" t="одежды"><v><l id="203213" t="одежда"><g v="NOUN"></g><g v="inan"></g><g v="femn"></g><g v="sing"></g><g v="gent"></g></l></v></tfr></token><token id="177200" text=","><tfr rev_id="1011980" t=","><v><l id="0" t=","><g v="PNCT"></g></l></v></tfr></token><token id="177201" text="обуви"><tfr rev_id="3556645" t="обуви"><v><l id="200668" t="обувь"><g v="NOUN"></g><g v="inan"></g><g v="femn"></g><g v="sing"></g><g v="gent"></g></l></v></tfr></token><token id="177202" text="или"><tfr rev_id="3786421" t="или"><v><l id="121146" t="или"><g v="CONJ"></g></l></v></tfr></token><token id="177203" text="белья"><tfr rev_id="1011983" t="белья"><v><l id="27351" t="бельё"><g v="NOUN"></g><g v="inan"></g><g v="neut"></g><g v="Sgtm"></g><g v="sing"></g><g v="gent"></g></l></v></tfr></token><token id="177204" text=")"><tfr rev_id="1011984" t=")"><v><l id="0" t=")"><g v="PNCT"></g></l></v></tfr></token><token id="177205" text=","><tfr rev_id="1011985" t=","><v><l id="0" t=","><g v="PNCT"></g></l></v></tfr></token><token id="177206" text="телефонные"><tfr rev_id="4083761" t="телефонные"><v><l id="344362" t="телефонный"><g v="ADJF"></g><g v="Qual"></g><g v="plur"></g><g v="nomn"></g></l></v></tfr></token><token id="177207" text="счета"><tfr rev_id="3800627" t="счета"><v><l id="341128" t="счёт"><g v="NOUN"></g><g v="inan"></g><g v="masc"></g><g v="plur"></g><g v="nomn"></g></l></v></tfr></token><token id="177208" text=","><tfr rev_id="1011988" t=","><v><l id="0" t=","><g v="PNCT"></g></l></v></tfr></token><token id="177209" text="оформление"><tfr rev_id="1011989" t="оформление"><v><l id="220972" t="оформление"><g v="NOUN"></g><g v="inan"></g><g v="neut"></g><g v="sing"></g><g v="nomn"></g></l></v><v><l id="220972" t="оформление"><g v="NOUN"></g><g v="inan"></g><g v="neut"></g><g v="sing"></g><g v="accs"></g></l></v></tfr></token><token id="177210" text="заграничных"><tfr rev_id="4197749" t="заграничных"><v><l id="100981" t="заграничный"><g v="ADJF"></g><g v="plur"></g><g v="gent"></g></l></v></tfr></token><token id="177211" text="паспортов"><tfr rev_id="1011991" t="паспортов"><v><l id="224720" t="паспорт"><g v="NOUN"></g><g v="inan"></g><g v="masc"></g><g v="plur"></g><g v="gent"></g></l></v></tfr></token><token id="177212" text=","><tfr rev_id="1011992" t=","><v><l id="0" t=","><g v="PNCT"></g></l></v></tfr></token><token id="177213" text="разрешений"><tfr rev_id="1011993" t="разрешений"><v><l id="296652" t="разрешение"><g v="NOUN"></g><g v="inan"></g><g v="neut"></g><g v="plur"></g><g v="gent"></g></l></v></tfr></token><token id="177214" text="на"><tfr rev_id="3345513" t="на"><v><l id="166264" t="на"><g v="PREP"></g></l></v></tfr></token><token id="177215" text="въезд"><tfr rev_id="1011995" t="въезд"><v><l id="55540" t="въезд"><g v="NOUN"></g><g v="inan"></g><g v="masc"></g><g v="sing"></g><g v="nomn"></g></l></v><v><l id="55540" t="въезд"><g v="NOUN"></g><g v="inan"></g><g v="masc"></g><g v="sing"></g><g v="accs"></g></l></v></tfr></token><token id="177216" text="("><tfr rev_id="1011996" t="("><v><l id="0" t="("><g v="PNCT"></g></l></v></tfr></token><token id="177217" text="виз"><tfr rev_id="1011997" t="виз"><v><l id="44665" t="виза"><g v="NOUN"></g><g v="inan"></g><g v="femn"></g><g v="plur"></g><g v="gent"></g></l></v></tfr></token><token id="177218" text=")"><tfr rev_id="1011998" t=")"><v><l id="0" t=")"><g v="PNCT"></g></l></v></tfr></token><token id="177219" text=","><tfr rev_id="1011999" t=","><v><l id="0" t=","><g v="PNCT"></g></l></v></tfr></token><token id="177220" text="обязательное"><tfr rev_id="1012000" t="обязательное"><v><l id="202087" t="обязательный"><g v="ADJF"></g><g v="neut"></g><g v="sing"></g><g v="nomn"></g></l></v><v><l id="202087" t="обязательный"><g v="ADJF"></g><g v="neut"></g><g v="sing"></g><g v="accs"></g></l></v></tfr></token><token id="177221" text="страхование"><tfr rev_id="1012001" t="страхование"><v><l id="337217" t="страхование"><g v="NOUN"></g><g v="inan"></g><g v="neut"></g><g v="sing"></g><g v="nomn"></g></l></v><v><l id="337217" t="страхование"><g v="NOUN"></g><g v="inan"></g><g v="neut"></g><g v="sing"></g><g v="accs"></g></l></v></tfr></token><token id="177222" text=","><tfr rev_id="1012002" t=","><v><l id="0" t=","><g v="PNCT"></g></l></v></tfr></token><token id="177223" text="расходы"><tfr rev_id="2757218" t="расходы"><v><l id="303036" t="расход"><g v="NOUN"></g><g v="inan"></g><g v="masc"></g><g v="plur"></g><g v="nomn"></g></l></v></tfr></token><token id="177224" text="на"><tfr rev_id="3333632" t="на"><v><l id="166264" t="на"><g v="PREP"></g></l></v></tfr></token><token id="177225" text="устный"><tfr rev_id="1012005" t="устный"><v><l id="361090" t="устный"><g v="ADJF"></g><g v="Qual"></g><g v="masc"></g><g v="sing"></g><g v="nomn"></g></l></v><v><l id="361090" t="устный"><g v="ADJF"></g><g v="Qual"></g><g v="inan"></g><g v="masc"></g><g v="sing"></g><g v="accs"></g></l></v></tfr></token><token id="177226" text="и"><tfr rev_id="1012006" t="и"><v><l id="116949" t="и"><g v="CONJ"></g></l></v><v><l id="116950" t="и"><g v="INTJ"></g></l></v></tfr></token><token id="177227" text="письменный"><tfr rev_id="4557740" t="письменный"><v><l id="239191" t="письменный"><g v="ADJF"></g><g v="masc"></g><g v="sing"></g><g v="nomn"></g></l></v><v><l id="239191" t="письменный"><g v="ADJF"></g><g v="inan"></g><g v="masc"></g><g v="sing"></g><g v="accs"></g></l></v></tfr></token><token id="177228" text="переводы"><tfr rev_id="3727182" t="переводы"><v><l id="227265" t="перевод"><g v="NOUN"></g><g v="inan"></g><g v="masc"></g><g v="plur"></g><g v="accs"></g></l></v></tfr></token><token id="177229" text=","><tfr rev_id="1012009" t=","><v><l id="0" t=","><g v="PNCT"></g></l></v></tfr></token><token id="177230" text="другие"><tfr rev_id="3767475" t="другие"><v><l id="92342" t="другой"><g v="ADJF"></g><g v="Apro"></g><g v="Subx"></g><g v="plur"></g><g v="nomn"></g></l></v></tfr></token><token id="177231" text="документально"><tfr rev_id="3647078" t="документально"><v><l id="87514" t="документален"><g v="ADJS"></g><g v="neut"></g><g v="sing"></g></l></v><v><l id="389207" t="документально"><g v="ADVB"></g></l></v></tfr></token><token id="177232" text="оформленные"><tfr rev_id="1012012" t="оформленные"><v><l id="220965" t="оформленный"><g v="PRTF"></g><g v="perf"></g><g v="tran"></g><g v="past"></g><g v="pssv"></g><g v="plur"></g><g v="nomn"></g></l></v><v><l id="220965" t="оформленный"><g v="PRTF"></g><g v="perf"></g><g v="tran"></g><g v="past"></g><g v="pssv"></g><g v="inan"></g><g v="plur"></g><g v="accs"></g></l></v></tfr></token><token id="177233" text="расходы"><tfr rev_id="3744077" t="расходы"><v><l id="303036" t="расход"><g v="NOUN"></g><g v="inan"></g><g v="masc"></g><g v="plur"></g><g v="nomn"></g></l></v></tfr></token><token id="177234" text=","><tfr rev_id="1012014" t=","><v><l id="0" t=","><g v="PNCT"></g></l></v></tfr></token><token id="177235" text="связанные"><tfr rev_id="1012015" t="связанные"><v><l id="316527" t="связанный"><g v="ADJF"></g><g v="Qual"></g><g v="plur"></g><g v="nomn"></g></l></v><v><l id="316527" t="связанный"><g v="ADJF"></g><g v="Qual"></g><g v="inan"></g><g v="plur"></g><g v="accs"></g></l></v><v><l id="316533" t="связанный"><g v="PRTF"></g><g v="perf"></g><g v="tran"></g><g v="past"></g><g v="pssv"></g><g v="plur"></g><g v="nomn"></g></l></v><v><l id="316533" t="связанный"><g v="PRTF"></g><g v="perf"></g><g v="tran"></g><g v="past"></g><g v="pssv"></g><g v="inan"></g><g v="plur"></g><g v="accs"></g></l></v></tfr></token><token id="177236" text="с"><tfr rev_id="1012016" t="с"><v><l id="311151" t="с"><g v="PREP"></g></l></v></tfr></token><token id="177237" text="правилами"><tfr rev_id="1012017" t="правилами"><v><l id="265619" t="правило"><g v="NOUN"></g><g v="inan"></g><g v="neut"></g><g v="plur"></g><g v="ablt"></g></l></v></tfr></token><token id="177238" text="въезда"><tfr rev_id="1012018" t="въезда"><v><l id="55540" t="въезд"><g v="NOUN"></g><g v="inan"></g><g v="masc"></g><g v="sing"></g><g v="gent"></g></l></v></tfr></token><token id="177239" text="."><tfr rev_id="1012019" t="."><v><l id="0" t="."><g v="PNCT"></g></l></v></tfr></token></tokens></sentence></paragraph><paragraph id="2913"><sentence id="9235"><source>Туристический сбор вводится Налоговым кодексом как местный сбор и вступит в действие с 1 февраля 2011.</source><tokens><token id="177240" text="Туристический"><tfr rev_id="3667582" t="Туристический"><v><l id="351775" t="туристический"><g v="ADJF"></g><g v="masc"></g><g v="sing"></g><g v="nomn"></g></l></v></tfr></token><token id="177241" text="сбор"><tfr rev_id="1012021" t="сбор"><v><l id="314358" t="сбор"><g v="NOUN"></g><g v="inan"></g><g v="masc"></g><g v="sing"></g><g v="nomn"></g></l></v><v><l id="314358" t="сбор"><g v="NOUN"></g><g v="inan"></g><g v="masc"></g><g v="sing"></g><g v="accs"></g></l></v></tfr></token><token id="177242" text="вводится"><tfr rev_id="1012022" t="вводится"><v><l id="39772" t="ввожусь"><g v="VERB"></g><g v="impf"></g><g v="intr"></g><g v="sing"></g><g v="3per"></g><g v="pres"></g><g v="indc"></g></l></v></tfr></token><token id="177243" text="Налоговым"><tfr rev_id="4412888" t="Налоговым"><v><l id="172052" t="налоговый"><g v="ADJF"></g><g v="masc"></g><g v="sing"></g><g v="ablt"></g></l></v></tfr></token><token id="177244" text="кодексом"><tfr rev_id="1012024" t="кодексом"><v><l id="135292" t="кодекс"><g v="NOUN"></g><g v="inan"></g><g v="masc"></g><g v="sing"></g><g v="ablt"></g></l></v></tfr></token><token id="177245" text="как"><tfr rev_id="1012025" t="как"><v><l id="128190" t="как"><g v="CONJ"></g></l></v><v><l id="128191" t="как"><g v="PRCL"></g></l></v><v><l id="128192" t="как"><g v="ADVB"></g><g v="Ques"></g></l></v></tfr></token><token id="177246" text="местный"><tfr rev_id="1012026" t="местный"><v><l id="158819" t="местный"><g v="ADJF"></g><g v="Qual"></g><g v="masc"></g><g v="sing"></g><g v="nomn"></g></l></v><v><l id="158819" t="местный"><g v="ADJF"></g><g v="Qual"></g><g v="inan"></g><g v="masc"></g><g v="sing"></g><g v="accs"></g></l></v></tfr></token><token id="177247" text="сбор"><tfr rev_id="3458130" t="сбор"><v><l id="314358" t="сбор"><g v="NOUN"></g><g v="inan"></g><g v="masc"></g><g v="sing"></g><g v="nomn"></g></l></v></tfr></token><token id="177248" text="и"><tfr rev_id="3945353" t="и"><v><l id="116949" t="и"><g v="CONJ"></g></l></v></tfr></token><token id="177249" text="вступит"><tfr rev_id="1012029" t="вступит"><v><l id="54599" t="вступил"><g v="VERB"></g><g v="perf"></g><g v="intr"></g><g v="sing"></g><g v="3per"></g><g v="futr"></g><g v="indc"></g></l></v></tfr></token><token id="177250" text="в"><tfr rev_id="1012030" t="в"><v><l id="37409" t="в"><g v="PREP"></g></l></v></tfr></token><token id="177251" text="действие"><tfr rev_id="4211253" t="действие"><v><l id="80091" t="действие"><g v="NOUN"></g><g v="inan"></g><g v="neut"></g><g v="sing"></g><g v="accs"></g></l></v></tfr></token><token id="177252" text="с"><tfr rev_id="1012032" t="с"><v><l id="311151" t="с"><g v="PREP"></g></l></v></tfr></token><token id="177253" text="1"><tfr rev_id="2456349" t="1"><v><l id="0" t="1"><g v="NUMB"></g></l></v></tfr></token><token id="177254" text="февраля"><tfr rev_id="1012034" t="февраля"><v><l id="364920" t="февраль"><g v="NOUN"></g><g v="inan"></g><g v="masc"></g><g v="sing"></g><g v="gent"></g></l></v></tfr></token><token id="177255" text="2011"><tfr rev_id="2456350" t="2011"><v><l id="0" t="2011"><g v="NUMB"></g></l></v></tfr></token><token id="177256" text="."><tfr rev_id="1012036" t="."><v><l id="0" t="."><g v="PNCT"></g></l></v></tfr></token></tokens></sentence><sentence id="9236"><source>14 января в 14.00 в помещении украинский-канадского бизнес-центра состоятся открытые общественные обсуждения проекта решения городского совета «Об установлении местных налогов и сборов на территории Ивано-Франковского городского совета».</source><tokens><token id="177257" text="14"><tfr rev_id="2456351" t="14"><v><l id="0" t="14"><g v="NUMB"></g></l></v></tfr></token><token id="177258" text="января"><tfr rev_id="1012038" t="января"><v><l id="387905" t="январь"><g v="NOUN"></g><g v="inan"></g><g v="masc"></g><g v="sing"></g><g v="gent"></g></l></v></tfr></token><token id="177259" text="в"><tfr rev_id="1012039" t="в"><v><l id="37409" t="в"><g v="PREP"></g></l></v></tfr></token><token id="177260" text="14.00"><tfr rev_id="2456352" t="14.00"><v><l id="0" t="14.00"><g v="NUMB"></g></l></v></tfr></token><token id="177261" text="в"><tfr rev_id="1012041" t="в"><v><l id="37409" t="в"><g v="PREP"></g></l></v></tfr></token><token id="177262" text="помещении"><tfr rev_id="1012042" t="помещении"><v><l id="257693" t="помещение"><g v="NOUN"></g><g v="inan"></g><g v="neut"></g><g v="sing"></g><g v="loct"></g></l></v></tfr></token><token id="177263" text="украинский-канадского"><tfr rev_id="1012043" t="украинский-канадского"><v><l id="0" t="украинский-канадского"><g v="UNKN"></g></l></v></tfr></token><token id="177264" text="бизнес-центра"><tfr rev_id="1012044" t="бизнес-центра"><v><l id="29449" t="бизнес-центр"><g v="NOUN"></g><g v="inan"></g><g v="masc"></g><g v="Orgn"></g><g v="sing"></g><g v="gent"></g></l></v></tfr></token><token id="177265" text="состоятся"><tfr rev_id="1012045" t="состоятся"><v><l id="330568" t="состоялся"><g v="VERB"></g><g v="perf"></g><g v="intr"></g><g v="plur"></g><g v="3per"></g><g v="futr"></g><g v="indc"></g></l></v></tfr></token><token id="177266" text="открытые"><tfr rev_id="1012046" t="открытые"><v><l id="214751" t="открытый"><g v="ADJF"></g><g v="Qual"></g><g v="plur"></g><g v="nomn"></g></l></v><v><l id="214751" t="открытый"><g v="ADJF"></g><g v="Qual"></g><g v="inan"></g><g v="plur"></g><g v="accs"></g></l></v><v><l id="214757" t="открытый"><g v="PRTF"></g><g v="perf"></g><g v="tran"></g><g v="past"></g><g v="pssv"></g><g v="plur"></g><g v="nomn"></g></l></v><v><l id="214757" t="открытый"><g v="PRTF"></g><g v="perf"></g><g v="tran"></g><g v="past"></g><g v="pssv"></g><g v="inan"></g><g v="plur"></g><g v="accs"></g></l></v></tfr></token><token id="177267" text="общественные"><tfr rev_id="4083204" t="общественные"><v><l id="201612" t="общественный"><g v="ADJF"></g><g v="plur"></g><g v="nomn"></g></l></v></tfr></token><token id="177268" text="обсуждения"><tfr rev_id="3743579" t="обсуждения"><v><l id="200180" t="обсуждение"><g v="NOUN"></g><g v="inan"></g><g v="neut"></g><g v="plur"></g><g v="nomn"></g></l></v></tfr></token><token id="177269" text="проекта"><tfr rev_id="1012049" t="проекта"><v><l id="279545" t="проект"><g v="NOUN"></g><g v="inan"></g><g v="masc"></g><g v="sing"></g><g v="gent"></g></l></v></tfr></token><token id="177270" text="решения"><tfr rev_id="3436030" t="решения"><v><l id="307350" t="решение"><g v="NOUN"></g><g v="inan"></g><g v="neut"></g><g v="sing"></g><g v="gent"></g></l></v></tfr></token><token id="177271" text="городского"><tfr rev_id="4318266" t="городского"><v><l id="73611" t="городской"><g v="ADJF"></g><g v="masc"></g><g v="sing"></g><g v="gent"></g></l></v><v><l id="73611" t="городской"><g v="ADJF"></g><g v="anim"></g><g v="masc"></g><g v="sing"></g><g v="accs"></g></l></v></tfr></token><token id="177272" text="совета"><tfr rev_id="1012052" t="совета"><v><l id="327955" t="совет"><g v="NOUN"></g><g v="inan"></g><g v="masc"></g><g v="sing"></g><g v="gent"></g></l></v></tfr></token><token id="177273" text="«"><tfr rev_id="2427827" t="«"><v><l id="0" t="«"><g v="PNCT"></g></l></v></tfr></token><token id="177274" text="Об"><tfr rev_id="2920891" t="Об"><v><l id="192977" t="о"><g v="PREP"></g><g v="Vpre"></g></l></v></tfr></token><token id="177275" text="установлении"><tfr rev_id="1012055" t="установлении"><v><l id="360992" t="установление"><g v="NOUN"></g><g v="inan"></g><g v="neut"></g><g v="sing"></g><g v="loct"></g></l></v></tfr></token><token id="177276" text="местных"><tfr rev_id="3285354" t="местных"><v><l id="158819" t="местный"><g v="ADJF"></g><g v="Qual"></g><g v="plur"></g><g v="gent"></g></l></v></tfr></token><token id="177277" text="налогов"><tfr rev_id="2703056" t="налогов"><v><l id="172050" t="налог"><g v="NOUN"></g><g v="inan"></g><g v="masc"></g><g v="plur"></g><g v="gent"></g></l></v></tfr></token><token id="177278" text="и"><tfr rev_id="1012058" t="и"><v><l id="116949" t="и"><g v="CONJ"></g></l></v><v><l id="116950" t="и"><g v="INTJ"></g></l></v></tfr></token><token id="177279" text="сборов"><tfr rev_id="1012059" t="сборов"><v><l id="314358" t="сбор"><g v="NOUN"></g><g v="inan"></g><g v="masc"></g><g v="plur"></g><g v="gent"></g></l></v></tfr></token><token id="177280" text="на"><tfr rev_id="3395291" t="на"><v><l id="166264" t="на"><g v="PREP"></g></l></v></tfr></token><token id="177281" text="территории"><tfr rev_id="4181153" t="территории"><v><l id="345621" t="территория"><g v="NOUN"></g><g v="inan"></g><g v="femn"></g><g v="sing"></g><g v="loct"></g></l></v></tfr></token><token id="177282" text="Ивано-Франковского"><tfr rev_id="4542782" t="Ивано-Франковского"><v><l id="393380" t="ивано-франковский"><g v="ADJF"></g><g v="Geox"></g><g v="anim"></g><g v="masc"></g><g v="sing"></g><g v="accs"></g></l></v><v><l id="393380" t="ивано-франковский"><g v="ADJF"></g><g v="Geox"></g><g v="masc"></g><g v="sing"></g><g v="gent"></g></l></v><v><l id="393380" t="ивано-франковский"><g v="ADJF"></g><g v="Geox"></g><g v="neut"></g><g v="sing"></g><g v="gent"></g></l></v></tfr></token><token id="177283" text="городского"><tfr rev_id="4536531" t="городского"><v><l id="73611" t="городской"><g v="ADJF"></g><g v="masc"></g><g v="sing"></g><g v="gent"></g></l></v><v><l id="73611" t="городской"><g v="ADJF"></g><g v="neut"></g><g v="sing"></g><g v="gent"></g></l></v></tfr></token><token id="177284" text="совета"><tfr rev_id="1012064" t="совета"><v><l id="327955" t="совет"><g v="NOUN"></g><g v="inan"></g><g v="masc"></g><g v="sing"></g><g v="gent"></g></l></v></tfr></token><token id="177285" text="»"><tfr rev_id="2427828" t="»"><v><l id="0" t="»"><g v="PNCT"></g></l></v></tfr></token><token id="177286" text="."><tfr rev_id="1012066" t="."><v><l id="0" t="."><g v="PNCT"></g></l></v></tfr></token></tokens></sentence></paragraph></paragraphs></text>