<?xml version="1.0" encoding="utf-8"?><text id="1374" parent="226" name="Антидолларовое сукре"><tags><tag>url:http://www.chaskor.ru/news/antidollarovoe_sukre</tag><tag>Год:2009</tag><tag>Дата:19/10</tag><tag>Тема:ЧасКор:Экономика</tag><tag>Тема:ЧасКор:Экономика/Финансы</tag></tags><paragraphs><paragraph id="12476"><sentence id="39006"><source>Антидолларовое сукре</source><tokens><token id="695125" text="Антидолларовое"><tfr rev_id="1526986" t="Антидолларовое"><v><l id="0" t="антидолларовое"><g v="UNKN"></g></l></v></tfr></token><token id="695126" text="сукре"><tfr rev_id="4138230" t="сукре"><v><l id="339270" t="сукре"><g v="NOUN"></g><g v="inan"></g><g v="masc"></g><g v="Sgtm"></g><g v="Fixd"></g><g v="Geox"></g><g v="sing"></g><g v="nomn"></g></l></v></tfr></token></tokens></sentence><sentence id="39007"><source>В странах Латинской Америки появилась региональная альтернатива зелёным банкнотам.</source><tokens><token id="695127" text="В"><tfr rev_id="1526988" t="В"><v><l id="37409" t="в"><g v="PREP"></g></l></v></tfr></token><token id="695128" text="странах"><tfr rev_id="1526989" t="странах"><v><l id="337100" t="страна"><g v="NOUN"></g><g v="inan"></g><g v="femn"></g><g v="plur"></g><g v="loct"></g></l></v></tfr></token><token id="695129" text="Латинской"><tfr rev_id="4378641" t="Латинской"><v><l id="147116" t="латинский"><g v="ADJF"></g><g v="femn"></g><g v="sing"></g><g v="gent"></g></l></v></tfr></token><token id="695130" text="Америки"><tfr rev_id="1526991" t="Америки"><v><l id="11393" t="америка"><g v="NOUN"></g><g v="inan"></g><g v="femn"></g><g v="Sgtm"></g><g v="Geox"></g><g v="sing"></g><g v="gent"></g></l></v></tfr></token><token id="695131" text="появилась"><tfr rev_id="1526992" t="появилась"><v><l id="265507" t="появился"><g v="VERB"></g><g v="perf"></g><g v="intr"></g><g v="femn"></g><g v="sing"></g><g v="past"></g><g v="indc"></g></l></v></tfr></token><token id="695132" text="региональная"><tfr rev_id="1526993" t="региональная"><v><l id="304836" t="региональный"><g v="ADJF"></g><g v="femn"></g><g v="sing"></g><g v="nomn"></g></l></v></tfr></token><token id="695133" text="альтернатива"><tfr rev_id="1526994" t="альтернатива"><v><l id="10698" t="альтернатива"><g v="NOUN"></g><g v="inan"></g><g v="femn"></g><g v="sing"></g><g v="nomn"></g></l></v></tfr></token><token id="695134" text="зелёным"><tfr rev_id="3668183" t="зелёным"><v><l id="114879" t="зелёный"><g v="ADJF"></g><g v="Qual"></g><g v="plur"></g><g v="datv"></g></l></v></tfr></token><token id="695135" text="банкнотам"><tfr rev_id="4282054" t="банкнотам"><v><l id="23588" t="банкнота"><g v="NOUN"></g><g v="inan"></g><g v="femn"></g><g v="plur"></g><g v="datv"></g></l></v></tfr></token><token id="695136" text="."><tfr rev_id="1526997" t="."><v><l id="0" t="."><g v="PNCT"></g></l></v></tfr></token></tokens></sentence></paragraph><paragraph id="12477"><sentence id="39008"><source>С высоты венесуэльских нефтяных вышек и с неистовой жаждой заткнуть за пояс Соединённые Штаты Уго Чавес может очень далеко пойти.</source><tokens><token id="695137" text="С"><tfr rev_id="1526998" t="С"><v><l id="311151" t="с"><g v="PREP"></g></l></v></tfr></token><token id="695138" text="высоты"><tfr rev_id="3502548" t="высоты"><v><l id="62492" t="высота"><g v="NOUN"></g><g v="inan"></g><g v="femn"></g><g v="sing"></g><g v="gent"></g></l></v></tfr></token><token id="695139" text="венесуэльских"><tfr rev_id="4361240" t="венесуэльских"><v><l id="40960" t="венесуэльский"><g v="ADJF"></g><g v="plur"></g><g v="gent"></g></l></v></tfr></token><token id="695140" text="нефтяных"><tfr rev_id="4360586" t="нефтяных"><v><l id="189860" t="нефтяной"><g v="ADJF"></g><g v="plur"></g><g v="gent"></g></l></v></tfr></token><token id="695141" text="вышек"><tfr rev_id="1527002" t="вышек"><v><l id="64633" t="вышка"><g v="NOUN"></g><g v="inan"></g><g v="femn"></g><g v="plur"></g><g v="gent"></g></l></v></tfr></token><token id="695142" text="и"><tfr rev_id="1527003" t="и"><v><l id="116949" t="и"><g v="CONJ"></g></l></v><v><l id="116950" t="и"><g v="INTJ"></g></l></v></tfr></token><token id="695143" text="с"><tfr rev_id="1527004" t="с"><v><l id="311151" t="с"><g v="PREP"></g></l></v></tfr></token><token id="695144" text="неистовой"><tfr rev_id="4425524" t="неистовой"><v><l id="182985" t="неистовый"><g v="ADJF"></g><g v="Qual"></g><g v="femn"></g><g v="sing"></g><g v="ablt"></g></l></v></tfr></token><token id="695145" text="жаждой"><tfr rev_id="1527006" t="жаждой"><v><l id="95683" t="жажда"><g v="NOUN"></g><g v="inan"></g><g v="femn"></g><g v="sing"></g><g v="ablt"></g></l></v></tfr></token><token id="695146" text="заткнуть"><tfr rev_id="1527007" t="заткнуть"><v><l id="111524" t="заткнуть"><g v="INFN"></g><g v="perf"></g><g v="tran"></g></l></v></tfr></token><token id="695147" text="за"><tfr rev_id="1527008" t="за"><v><l id="98043" t="за"><g v="PREP"></g></l></v></tfr></token><token id="695148" text="пояс"><tfr rev_id="4083467" t="пояс"><v><l id="265530" t="пояс"><g v="NOUN"></g><g v="inan"></g><g v="masc"></g><g v="sing"></g><g v="accs"></g></l></v></tfr></token><token id="695149" text="Соединённые"><tfr rev_id="3685265" t="Соединённые"><v><l id="328493" t="соединённый"><g v="PRTF"></g><g v="perf"></g><g v="tran"></g><g v="past"></g><g v="pssv"></g><g v="Adjx"></g><g v="plur"></g><g v="nomn"></g></l></v><v><l id="328493" t="соединённый"><g v="PRTF"></g><g v="perf"></g><g v="tran"></g><g v="past"></g><g v="pssv"></g><g v="Adjx"></g><g v="inan"></g><g v="plur"></g><g v="accs"></g></l></v></tfr></token><token id="695150" text="Штаты"><tfr rev_id="3727736" t="Штаты"><v><l id="381334" t="штат"><g v="NOUN"></g><g v="inan"></g><g v="masc"></g><g v="plur"></g><g v="accs"></g></l></v></tfr></token><token id="695151" text="Уго"><tfr rev_id="3496368" t="Уго"><v><l id="354245" t="уго"><g v="NOUN"></g><g v="anim"></g><g v="masc"></g><g v="Sgtm"></g><g v="Fixd"></g><g v="Name"></g><g v="sing"></g><g v="nomn"></g></l></v></tfr></token><token id="695152" text="Чавес"><tfr rev_id="2559685" t="Чавес"><v><l id="388630" t="чавес"><g v="NOUN"></g><g v="anim"></g><g v="masc"></g><g v="Sgtm"></g><g v="Surn"></g><g v="sing"></g><g v="nomn"></g></l></v></tfr></token><token id="695153" text="может"><tfr rev_id="4233682" t="может"><v><l id="164485" t="могу"><g v="VERB"></g><g v="impf"></g><g v="intr"></g><g v="sing"></g><g v="3per"></g><g v="pres"></g><g v="indc"></g></l></v></tfr></token><token id="695154" text="очень"><tfr rev_id="1527015" t="очень"><v><l id="221681" t="очень"><g v="ADVB"></g></l></v></tfr></token><token id="695155" text="далеко"><tfr rev_id="4093561" t="далеко"><v><l id="77936" t="далеко"><g v="ADVB"></g><g v="Prdx"></g></l></v></tfr></token><token id="695156" text="пойти"><tfr rev_id="1527017" t="пойти"><v><l id="253965" t="пойти"><g v="INFN"></g><g v="perf"></g><g v="intr"></g></l></v></tfr></token><token id="695157" text="."><tfr rev_id="1527018" t="."><v><l id="0" t="."><g v="PNCT"></g></l></v></tfr></token></tokens></sentence><sentence id="39009"><source>По крайней мере экономический хук президента Венесуэлы явно достиг цели.</source><tokens><token id="695158" text="По"><tfr rev_id="1527019" t="По"><v><l id="241240" t="по"><g v="PREP"></g></l></v></tfr></token><token id="695159" text="крайней"><tfr rev_id="4395636" t="крайней"><v><l id="141514" t="крайний"><g v="ADJF"></g><g v="femn"></g><g v="sing"></g><g v="datv"></g></l></v></tfr></token><token id="695160" text="мере"><tfr rev_id="3541125" t="мере"><v><l id="158460" t="мера"><g v="NOUN"></g><g v="inan"></g><g v="femn"></g><g v="sing"></g><g v="datv"></g></l></v><v><l id="158742" t="меря"><g v="NOUN"></g><g v="inan"></g><g v="femn"></g><g v="sing"></g><g v="datv"></g></l></v></tfr></token><token id="695161" text="экономический"><tfr rev_id="1527022" t="экономический"><v><l id="383364" t="экономический"><g v="ADJF"></g><g v="masc"></g><g v="sing"></g><g v="nomn"></g></l></v><v><l id="383364" t="экономический"><g v="ADJF"></g><g v="inan"></g><g v="masc"></g><g v="sing"></g><g v="accs"></g></l></v></tfr></token><token id="695162" text="хук"><tfr rev_id="4099929" t="хук"><v><l id="372510" t="хук"><g v="NOUN"></g><g v="inan"></g><g v="masc"></g><g v="sing"></g><g v="nomn"></g></l></v></tfr></token><token id="695163" text="президента"><tfr rev_id="4461128" t="президента"><v><l id="267449" t="президент"><g v="NOUN"></g><g v="anim"></g><g v="masc"></g><g v="sing"></g><g v="gent"></g></l></v></tfr></token><token id="695164" text="Венесуэлы"><tfr rev_id="1527025" t="Венесуэлы"><v><l id="40957" t="венесуэла"><g v="NOUN"></g><g v="inan"></g><g v="femn"></g><g v="Sgtm"></g><g v="Geox"></g><g v="sing"></g><g v="gent"></g></l></v></tfr></token><token id="695165" text="явно"><tfr rev_id="1527026" t="явно"><v><l id="387390" t="явно"><g v="ADVB"></g></l></v><v><l id="387394" t="явен"><g v="ADJS"></g><g v="Qual"></g><g v="neut"></g><g v="sing"></g></l></v></tfr></token><token id="695166" text="достиг"><tfr rev_id="1527027" t="достиг"><v><l id="90519" t="достиг"><g v="VERB"></g><g v="perf"></g><g v="tran"></g><g v="masc"></g><g v="sing"></g><g v="past"></g><g v="indc"></g></l></v></tfr></token><token id="695167" text="цели"><tfr rev_id="4345548" t="цели"><v><l id="373216" t="цель"><g v="NOUN"></g><g v="inan"></g><g v="femn"></g><g v="sing"></g><g v="gent"></g></l></v></tfr></token><token id="695168" text="."><tfr rev_id="1527029" t="."><v><l id="0" t="."><g v="PNCT"></g></l></v></tfr></token></tokens></sentence><sentence id="39010"><source>Пока нефтяные шейхи и страны Востока подумывали о создании ближневосточной или азиатской единой валюты, ряд латиноамериканских стран, входящих в Боливарианский альянс (ALBA), уже официально заявили о переходе на общую виртуальную валюту, которая станет альтернативой доллару.</source><tokens><token id="695169" text="Пока"><tfr rev_id="4458653" t="Пока"><v><l id="253969" t="пока"><g v="CONJ"></g></l></v></tfr></token><token id="695170" text="нефтяные"><tfr rev_id="3758138" t="нефтяные"><v><l id="189860" t="нефтяной"><g v="ADJF"></g><g v="plur"></g><g v="nomn"></g></l></v></tfr></token><token id="695171" text="шейхи"><tfr rev_id="1527032" t="шейхи"><v><l id="378952" t="шейх"><g v="NOUN"></g><g v="anim"></g><g v="masc"></g><g v="plur"></g><g v="nomn"></g></l></v></tfr></token><token id="695172" text="и"><tfr rev_id="1527033" t="и"><v><l id="116949" t="и"><g v="CONJ"></g></l></v><v><l id="116950" t="и"><g v="INTJ"></g></l></v></tfr></token><token id="695173" text="страны"><tfr rev_id="3762065" t="страны"><v><l id="337100" t="страна"><g v="NOUN"></g><g v="inan"></g><g v="femn"></g><g v="plur"></g><g v="nomn"></g></l></v></tfr></token><token id="695174" text="Востока"><tfr rev_id="4468282" t="Востока"><v><l id="51910" t="восток"><g v="NOUN"></g><g v="inan"></g><g v="masc"></g><g v="sing"></g><g v="gent"></g></l></v></tfr></token><token id="695175" text="подумывали"><tfr rev_id="1527036" t="подумывали"><v><l id="251932" t="подумываю"><g v="VERB"></g><g v="impf"></g><g v="intr"></g><g v="plur"></g><g v="past"></g><g v="indc"></g></l></v></tfr></token><token id="695176" text="о"><tfr rev_id="3284158" t="о"><v><l id="192977" t="о"><g v="PREP"></g></l></v></tfr></token><token id="695177" text="создании"><tfr rev_id="4571825" t="создании"><v><l id="328580" t="создание"><g v="NOUN"></g><g v="inan"></g><g v="neut"></g><g v="Inmx"></g><g v="sing"></g><g v="loct"></g></l></v></tfr></token><token id="695178" text="ближневосточной"><tfr rev_id="4316234" t="ближневосточной"><v><l id="30839" t="ближневосточный"><g v="ADJF"></g><g v="femn"></g><g v="sing"></g><g v="gent"></g></l></v></tfr></token><token id="695179" text="или"><tfr rev_id="3787360" t="или"><v><l id="121146" t="или"><g v="CONJ"></g></l></v></tfr></token><token id="695180" text="азиатской"><tfr rev_id="2925106" t="азиатской"><v><l id="5697" t="азиатский"><g v="ADJF"></g><g v="femn"></g><g v="sing"></g><g v="gent"></g></l></v></tfr></token><token id="695181" text="единой"><tfr rev_id="4076481" t="единой"><v><l id="94410" t="единый"><g v="ADJF"></g><g v="Qual"></g><g v="femn"></g><g v="sing"></g><g v="gent"></g></l></v></tfr></token><token id="695182" text="валюты"><tfr rev_id="3450562" t="валюты"><v><l id="38449" t="валюта"><g v="NOUN"></g><g v="inan"></g><g v="femn"></g><g v="sing"></g><g v="gent"></g></l></v></tfr></token><token id="695183" text=","><tfr rev_id="1527044" t=","><v><l id="0" t=","><g v="PNCT"></g></l></v></tfr></token><token id="695184" text="ряд"><tfr rev_id="3702391" t="ряд"><v><l id="311045" t="ряд"><g v="NOUN"></g><g v="inan"></g><g v="masc"></g><g v="sing"></g><g v="nomn"></g></l></v></tfr></token><token id="695185" text="латиноамериканских"><tfr rev_id="4420619" t="латиноамериканских"><v><l id="147115" t="латиноамериканский"><g v="ADJF"></g><g v="plur"></g><g v="gent"></g></l></v></tfr></token><token id="695186" text="стран"><tfr rev_id="1527047" t="стран"><v><l id="337100" t="страна"><g v="NOUN"></g><g v="inan"></g><g v="femn"></g><g v="plur"></g><g v="gent"></g></l></v></tfr></token><token id="695187" text=","><tfr rev_id="1527048" t=","><v><l id="0" t=","><g v="PNCT"></g></l></v></tfr></token><token id="695188" text="входящих"><tfr rev_id="4505987" t="входящих"><v><l id="55356" t="входящий"><g v="PRTF"></g><g v="impf"></g><g v="intr"></g><g v="pres"></g><g v="actv"></g><g v="plur"></g><g v="gent"></g></l></v><v><l id="55356" t="входящий"><g v="PRTF"></g><g v="impf"></g><g v="intr"></g><g v="pres"></g><g v="actv"></g><g v="anim"></g><g v="plur"></g><g v="accs"></g></l></v><v><l id="55356" t="входящий"><g v="PRTF"></g><g v="impf"></g><g v="intr"></g><g v="pres"></g><g v="actv"></g><g v="plur"></g><g v="loct"></g></l></v><v><l id="55364" t="входящий"><g v="ADJF"></g><g v="plur"></g><g v="gent"></g></l></v><v><l id="55364" t="входящий"><g v="ADJF"></g><g v="anim"></g><g v="plur"></g><g v="accs"></g></l></v><v><l id="55364" t="входящий"><g v="ADJF"></g><g v="plur"></g><g v="loct"></g></l></v></tfr></token><token id="695189" text="в"><tfr rev_id="1527050" t="в"><v><l id="37409" t="в"><g v="PREP"></g></l></v></tfr></token><token id="695190" text="Боливарианский"><tfr rev_id="1527051" t="Боливарианский"><v><l id="0" t="боливарианский"><g v="UNKN"></g></l></v></tfr></token><token id="695191" text="альянс"><tfr rev_id="1527052" t="альянс"><v><l id="10904" t="альянс"><g v="NOUN"></g><g v="inan"></g><g v="masc"></g><g v="sing"></g><g v="nomn"></g></l></v><v><l id="10904" t="альянс"><g v="NOUN"></g><g v="inan"></g><g v="masc"></g><g v="sing"></g><g v="accs"></g></l></v></tfr></token><token id="695192" text="("><tfr rev_id="1527053" t="("><v><l id="0" t="("><g v="PNCT"></g></l></v></tfr></token><token id="695193" text="ALBA"><tfr rev_id="2475437" t="ALBA"><v><l id="0" t="ALBA"><g v="LATN"></g></l></v></tfr></token><token id="695194" text=")"><tfr rev_id="1527055" t=")"><v><l id="0" t=")"><g v="PNCT"></g></l></v></tfr></token><token id="695195" text=","><tfr rev_id="1527056" t=","><v><l id="0" t=","><g v="PNCT"></g></l></v></tfr></token><token id="695196" text="уже"><tfr rev_id="2692909" t="уже"><v><l id="355422" t="уж"><g v="NOUN"></g><g v="anim"></g><g v="masc"></g><g v="sing"></g><g v="loct"></g></l></v><v><l id="355498" t="уже"><g v="ADVB"></g></l></v><v><l id="355674" t="уже"><g v="COMP"></g><g v="Qual"></g></l></v><v><l id="388673" t="уже"><g v="PRCL"></g></l></v></tfr></token><token id="695197" text="официально"><tfr rev_id="1527058" t="официально"><v><l id="220937" t="официально"><g v="ADVB"></g></l></v><v><l id="220941" t="официален"><g v="ADJS"></g><g v="neut"></g><g v="sing"></g></l></v></tfr></token><token id="695198" text="заявили"><tfr rev_id="1527059" t="заявили"><v><l id="114300" t="заявил"><g v="VERB"></g><g v="perf"></g><g v="tran"></g><g v="plur"></g><g v="past"></g><g v="indc"></g></l></v></tfr></token><token id="695199" text="о"><tfr rev_id="1527060" t="о"><v><l id="192977" t="о"><g v="PREP"></g></l></v><v><l id="192978" t="о"><g v="INTJ"></g></l></v></tfr></token><token id="695200" text="переходе"><tfr rev_id="1527061" t="переходе"><v><l id="236373" t="переход"><g v="NOUN"></g><g v="inan"></g><g v="masc"></g><g v="sing"></g><g v="loct"></g></l></v></tfr></token><token id="695201" text="на"><tfr rev_id="3341991" t="на"><v><l id="166264" t="на"><g v="PREP"></g></l></v></tfr></token><token id="695202" text="общую"><tfr rev_id="1527063" t="общую"><v><l id="201663" t="общий"><g v="ADJF"></g><g v="femn"></g><g v="sing"></g><g v="accs"></g></l></v></tfr></token><token id="695203" text="виртуальную"><tfr rev_id="1527064" t="виртуальную"><v><l id="45483" t="виртуальный"><g v="ADJF"></g><g v="Qual"></g><g v="femn"></g><g v="sing"></g><g v="accs"></g></l></v></tfr></token><token id="695204" text="валюту"><tfr rev_id="1527065" t="валюту"><v><l id="38449" t="валюта"><g v="NOUN"></g><g v="inan"></g><g v="femn"></g><g v="sing"></g><g v="accs"></g></l></v></tfr></token><token id="695205" text=","><tfr rev_id="1527066" t=","><v><l id="0" t=","><g v="PNCT"></g></l></v></tfr></token><token id="695206" text="которая"><tfr rev_id="3639855" t="которая"><v><l id="141203" t="который"><g v="ADJF"></g><g v="Apro"></g><g v="Subx"></g><g v="Anph"></g><g v="femn"></g><g v="sing"></g><g v="nomn"></g></l></v></tfr></token><token id="695207" text="станет"><tfr rev_id="1527068" t="станет"><v><l id="335164" t="стал"><g v="VERB"></g><g v="perf"></g><g v="intr"></g><g v="sing"></g><g v="3per"></g><g v="futr"></g><g v="indc"></g></l></v></tfr></token><token id="695208" text="альтернативой"><tfr rev_id="1527069" t="альтернативой"><v><l id="10698" t="альтернатива"><g v="NOUN"></g><g v="inan"></g><g v="femn"></g><g v="sing"></g><g v="ablt"></g></l></v></tfr></token><token id="695209" text="доллару"><tfr rev_id="1527070" t="доллару"><v><l id="88047" t="доллар"><g v="NOUN"></g><g v="inan"></g><g v="masc"></g><g v="sing"></g><g v="datv"></g></l></v></tfr></token><token id="695210" text="."><tfr rev_id="1527071" t="."><v><l id="0" t="."><g v="PNCT"></g></l></v></tfr></token></tokens></sentence><sentence id="39011"><source>Таким образом, воспользовавшись небывалой слабостью американской валюты, Боливия, Эквадор, Никарагуа, Куба, а также ряд мелких островов Карибского бассейна поддержали Венесуэлу в её антиамериканской финансовой позиции.</source><tokens><token id="695211" text="Таким"><tfr rev_id="4309408" t="Таким"><v><l id="342491" t="такой"><g v="ADJF"></g><g v="Apro"></g><g v="masc"></g><g v="sing"></g><g v="ablt"></g></l></v></tfr></token><token id="695212" text="образом"><tfr rev_id="1527073" t="образом"><v><l id="198787" t="образ"><g v="NOUN"></g><g v="inan"></g><g v="masc"></g><g v="sing"></g><g v="ablt"></g></l></v></tfr></token><token id="695213" text=","><tfr rev_id="1527074" t=","><v><l id="0" t=","><g v="PNCT"></g></l></v></tfr></token><token id="695214" text="воспользовавшись"><tfr rev_id="1527075" t="воспользовавшись"><v><l id="51627" t="воспользовавшись"><g v="GRND"></g><g v="perf"></g><g v="intr"></g><g v="past"></g><g v="V-sh"></g></l></v></tfr></token><token id="695215" text="небывалой"><tfr rev_id="4261575" t="небывалой"><v><l id="179554" t="небывалый"><g v="ADJF"></g><g v="Qual"></g><g v="femn"></g><g v="sing"></g><g v="ablt"></g></l></v></tfr></token><token id="695216" text="слабостью"><tfr rev_id="1527077" t="слабостью"><v><l id="324340" t="слабость"><g v="NOUN"></g><g v="inan"></g><g v="femn"></g><g v="sing"></g><g v="ablt"></g></l></v></tfr></token><token id="695217" text="американской"><tfr rev_id="3284630" t="американской"><v><l id="11429" t="американский"><g v="ADJF"></g><g v="femn"></g><g v="sing"></g><g v="gent"></g></l></v></tfr></token><token id="695218" text="валюты"><tfr rev_id="2721896" t="валюты"><v><l id="38449" t="валюта"><g v="NOUN"></g><g v="inan"></g><g v="femn"></g><g v="sing"></g><g v="gent"></g></l></v></tfr></token><token id="695219" text=","><tfr rev_id="1527080" t=","><v><l id="0" t=","><g v="PNCT"></g></l></v></tfr></token><token id="695220" text="Боливия"><tfr rev_id="1527081" t="Боливия"><v><l id="32112" t="боливия"><g v="NOUN"></g><g v="inan"></g><g v="femn"></g><g v="Sgtm"></g><g v="Geox"></g><g v="sing"></g><g v="nomn"></g></l></v></tfr></token><token id="695221" text=","><tfr rev_id="1527082" t=","><v><l id="0" t=","><g v="PNCT"></g></l></v></tfr></token><token id="695222" text="Эквадор"><tfr rev_id="1527083" t="Эквадор"><v><l id="383112" t="эквадор"><g v="NOUN"></g><g v="inan"></g><g v="masc"></g><g v="Geox"></g><g v="sing"></g><g v="nomn"></g></l></v><v><l id="383112" t="эквадор"><g v="NOUN"></g><g v="inan"></g><g v="masc"></g><g v="Geox"></g><g v="sing"></g><g v="accs"></g></l></v></tfr></token><token id="695223" text=","><tfr rev_id="1527084" t=","><v><l id="0" t=","><g v="PNCT"></g></l></v></tfr></token><token id="695224" text="Никарагуа"><tfr rev_id="4285675" t="Никарагуа"><v><l id="190852" t="никарагуа"><g v="NOUN"></g><g v="inan"></g><g v="femn"></g><g v="Sgtm"></g><g v="Fixd"></g><g v="Geox"></g><g v="sing"></g><g v="nomn"></g></l></v></tfr></token><token id="695225" text=","><tfr rev_id="1527086" t=","><v><l id="0" t=","><g v="PNCT"></g></l></v></tfr></token><token id="695226" text="Куба"><tfr rev_id="3859752" t="Куба"><v><l id="144227" t="куба"><g v="NOUN"></g><g v="inan"></g><g v="femn"></g><g v="Sgtm"></g><g v="Geox"></g><g v="sing"></g><g v="nomn"></g></l></v></tfr></token><token id="695227" text=","><tfr rev_id="1527088" t=","><v><l id="0" t=","><g v="PNCT"></g></l></v></tfr></token><token id="695228" text="а"><tfr rev_id="1527089" t="а"><v><l id="51" t="а"><g v="CONJ"></g></l></v><v><l id="52" t="а"><g v="INTJ"></g></l></v><v><l id="53" t="а"><g v="PRCL"></g></l></v></tfr></token><token id="695229" text="также"><tfr rev_id="4267839" t="также"><v><l id="342482" t="также"><g v="PRCL"></g></l></v></tfr></token><token id="695230" text="ряд"><tfr rev_id="1527091" t="ряд"><v><l id="311045" t="ряд"><g v="NOUN"></g><g v="inan"></g><g v="masc"></g><g v="sing"></g><g v="nomn"></g></l></v><v><l id="311045" t="ряд"><g v="NOUN"></g><g v="inan"></g><g v="masc"></g><g v="sing"></g><g v="accs"></g></l></v></tfr></token><token id="695231" text="мелких"><tfr rev_id="4408105" t="мелких"><v><l id="157961" t="мелкий"><g v="ADJF"></g><g v="Qual"></g><g v="plur"></g><g v="gent"></g></l></v></tfr></token><token id="695232" text="островов"><tfr rev_id="1527093" t="островов"><v><l id="211180" t="остров"><g v="NOUN"></g><g v="inan"></g><g v="masc"></g><g v="plur"></g><g v="gent"></g></l></v></tfr></token><token id="695233" text="Карибского"><tfr rev_id="3453925" t="Карибского"><v><l id="130431" t="карибский"><g v="ADJF"></g><g v="masc"></g><g v="sing"></g><g v="gent"></g></l></v><v><l id="130431" t="карибский"><g v="ADJF"></g><g v="anim"></g><g v="masc"></g><g v="sing"></g><g v="accs"></g></l></v></tfr></token><token id="695234" text="бассейна"><tfr rev_id="1527095" t="бассейна"><v><l id="24397" t="бассейн"><g v="NOUN"></g><g v="inan"></g><g v="masc"></g><g v="sing"></g><g v="gent"></g></l></v></tfr></token><token id="695235" text="поддержали"><tfr rev_id="1527096" t="поддержали"><v><l id="245396" t="поддержал"><g v="VERB"></g><g v="perf"></g><g v="tran"></g><g v="plur"></g><g v="past"></g><g v="indc"></g></l></v></tfr></token><token id="695236" text="Венесуэлу"><tfr rev_id="1527097" t="Венесуэлу"><v><l id="40957" t="венесуэла"><g v="NOUN"></g><g v="inan"></g><g v="femn"></g><g v="Sgtm"></g><g v="Geox"></g><g v="sing"></g><g v="accs"></g></l></v></tfr></token><token id="695237" text="в"><tfr rev_id="1527098" t="в"><v><l id="37409" t="в"><g v="PREP"></g></l></v></tfr></token><token id="695238" text="её"><tfr rev_id="4572207" t="её"><v><l id="94433" t="её"><g v="ADJF"></g><g v="Fixd"></g><g v="Apro"></g><g v="Anph"></g><g v="masc"></g><g v="sing"></g><g v="nomn"></g></l></v><v><l id="94433" t="её"><g v="ADJF"></g><g v="Fixd"></g><g v="Apro"></g><g v="Anph"></g><g v="masc"></g><g v="sing"></g><g v="gent"></g></l></v><v><l id="94433" t="её"><g v="ADJF"></g><g v="Fixd"></g><g v="Apro"></g><g v="Anph"></g><g v="masc"></g><g v="sing"></g><g v="datv"></g></l></v><v><l id="94433" t="её"><g v="ADJF"></g><g v="Fixd"></g><g v="Apro"></g><g v="Anph"></g><g v="masc"></g><g v="sing"></g><g v="accs"></g></l></v><v><l id="94433" t="её"><g v="ADJF"></g><g v="Fixd"></g><g v="Apro"></g><g v="Anph"></g><g v="masc"></g><g v="sing"></g><g v="ablt"></g></l></v><v><l id="94433" t="её"><g v="ADJF"></g><g v="Fixd"></g><g v="Apro"></g><g v="Anph"></g><g v="masc"></g><g v="sing"></g><g v="loct"></g></l></v><v><l id="94433" t="её"><g v="ADJF"></g><g v="Fixd"></g><g v="Apro"></g><g v="Anph"></g><g v="femn"></g><g v="sing"></g><g v="nomn"></g></l></v><v><l id="94433" t="её"><g v="ADJF"></g><g v="Fixd"></g><g v="Apro"></g><g v="Anph"></g><g v="femn"></g><g v="sing"></g><g v="gent"></g></l></v><v><l id="94433" t="её"><g v="ADJF"></g><g v="Fixd"></g><g v="Apro"></g><g v="Anph"></g><g v="femn"></g><g v="sing"></g><g v="datv"></g></l></v><v><l id="94433" t="её"><g v="ADJF"></g><g v="Fixd"></g><g v="Apro"></g><g v="Anph"></g><g v="femn"></g><g v="sing"></g><g v="accs"></g></l></v><v><l id="94433" t="её"><g v="ADJF"></g><g v="Fixd"></g><g v="Apro"></g><g v="Anph"></g><g v="femn"></g><g v="sing"></g><g v="ablt"></g></l></v><v><l id="94433" t="её"><g v="ADJF"></g><g v="Fixd"></g><g v="Apro"></g><g v="Anph"></g><g v="femn"></g><g v="sing"></g><g v="loct"></g></l></v><v><l id="94433" t="её"><g v="ADJF"></g><g v="Fixd"></g><g v="Apro"></g><g v="Anph"></g><g v="neut"></g><g v="sing"></g><g v="nomn"></g></l></v><v><l id="94433" t="её"><g v="ADJF"></g><g v="Fixd"></g><g v="Apro"></g><g v="Anph"></g><g v="neut"></g><g v="sing"></g><g v="gent"></g></l></v><v><l id="94433" t="её"><g v="ADJF"></g><g v="Fixd"></g><g v="Apro"></g><g v="Anph"></g><g v="neut"></g><g v="sing"></g><g v="datv"></g></l></v><v><l id="94433" t="её"><g v="ADJF"></g><g v="Fixd"></g><g v="Apro"></g><g v="Anph"></g><g v="neut"></g><g v="sing"></g><g v="accs"></g></l></v><v><l id="94433" t="её"><g v="ADJF"></g><g v="Fixd"></g><g v="Apro"></g><g v="Anph"></g><g v="neut"></g><g v="sing"></g><g v="ablt"></g></l></v><v><l id="94433" t="её"><g v="ADJF"></g><g v="Fixd"></g><g v="Apro"></g><g v="Anph"></g><g v="neut"></g><g v="sing"></g><g v="loct"></g></l></v><v><l id="94433" t="её"><g v="ADJF"></g><g v="Fixd"></g><g v="Apro"></g><g v="Anph"></g><g v="plur"></g><g v="nomn"></g></l></v><v><l id="94433" t="её"><g v="ADJF"></g><g v="Fixd"></g><g v="Apro"></g><g v="Anph"></g><g v="plur"></g><g v="gent"></g></l></v><v><l id="94433" t="её"><g v="ADJF"></g><g v="Fixd"></g><g v="Apro"></g><g v="Anph"></g><g v="plur"></g><g v="datv"></g></l></v><v><l id="94433" t="её"><g v="ADJF"></g><g v="Fixd"></g><g v="Apro"></g><g v="Anph"></g><g v="plur"></g><g v="accs"></g></l></v><v><l id="94433" t="её"><g v="ADJF"></g><g v="Fixd"></g><g v="Apro"></g><g v="Anph"></g><g v="plur"></g><g v="ablt"></g></l></v><v><l id="94433" t="её"><g v="ADJF"></g><g v="Fixd"></g><g v="Apro"></g><g v="Anph"></g><g v="plur"></g><g v="loct"></g></l></v></tfr></token><token id="695239" text="антиамериканской"><tfr rev_id="3556925" t="антиамериканской"><v><l id="14122" t="антиамериканский"><g v="ADJF"></g><g v="femn"></g><g v="sing"></g><g v="loct"></g></l></v></tfr></token><token id="695240" text="финансовой"><tfr rev_id="3558911" t="финансовой"><v><l id="366103" t="финансовый"><g v="ADJF"></g><g v="femn"></g><g v="sing"></g><g v="loct"></g></l></v></tfr></token><token id="695241" text="позиции"><tfr rev_id="4238678" t="позиции"><v><l id="253607" t="позиция"><g v="NOUN"></g><g v="inan"></g><g v="femn"></g><g v="sing"></g><g v="loct"></g></l></v></tfr></token><token id="695242" text="."><tfr rev_id="1527103" t="."><v><l id="0" t="."><g v="PNCT"></g></l></v></tfr></token></tokens></sentence></paragraph><paragraph id="12478"><sentence id="39012"><source>Новую денежную единицу назвали «сукре» (так ранее называлась национальная валюта Эквадора, а ещё ранее звучала фамилия героя Латинской Америки, боровшегося за независимость).</source><tokens><token id="695243" text="Новую"><tfr rev_id="1527104" t="Новую"><v><l id="191918" t="новый"><g v="ADJF"></g><g v="Qual"></g><g v="femn"></g><g v="sing"></g><g v="accs"></g></l></v></tfr></token><token id="695244" text="денежную"><tfr rev_id="1527105" t="денежную"><v><l id="81269" t="денежный"><g v="ADJF"></g><g v="Qual"></g><g v="femn"></g><g v="sing"></g><g v="accs"></g></l></v></tfr></token><token id="695245" text="единицу"><tfr rev_id="4336132" t="единицу"><v><l id="94305" t="единица"><g v="NOUN"></g><g v="inan"></g><g v="femn"></g><g v="Inmx"></g><g v="sing"></g><g v="accs"></g></l></v></tfr></token><token id="695246" text="назвали"><tfr rev_id="1527107" t="назвали"><v><l id="170342" t="назвал"><g v="VERB"></g><g v="perf"></g><g v="tran"></g><g v="plur"></g><g v="past"></g><g v="indc"></g></l></v></tfr></token><token id="695247" text="«"><tfr rev_id="2446950" t="«"><v><l id="0" t="«"><g v="PNCT"></g></l></v></tfr></token><token id="695248" text="сукре"><tfr rev_id="3509301" t="сукре"><v><l id="339270" t="сукре"><g v="NOUN"></g><g v="inan"></g><g v="masc"></g><g v="Sgtm"></g><g v="Fixd"></g><g v="Geox"></g><g v="sing"></g><g v="nomn"></g></l></v></tfr></token><token id="695249" text="»"><tfr rev_id="2446951" t="»"><v><l id="0" t="»"><g v="PNCT"></g></l></v></tfr></token><token id="695250" text="("><tfr rev_id="1527111" t="("><v><l id="0" t="("><g v="PNCT"></g></l></v></tfr></token><token id="695251" text="так"><tfr rev_id="1527112" t="так"><v><l id="342451" t="так"><g v="CONJ"></g></l></v><v><l id="342452" t="так"><g v="PRCL"></g></l></v><v><l id="342453" t="так"><g v="ADVB"></g><g v="Dmns"></g></l></v></tfr></token><token id="695252" text="ранее"><tfr rev_id="1527113" t="ранее"><v><l id="297884" t="ранее"><g v="ADVB"></g></l></v></tfr></token><token id="695253" text="называлась"><tfr rev_id="1527114" t="называлась"><v><l id="170480" t="называюсь"><g v="VERB"></g><g v="impf"></g><g v="intr"></g><g v="femn"></g><g v="sing"></g><g v="past"></g><g v="indc"></g></l></v></tfr></token><token id="695254" text="национальная"><tfr rev_id="1527115" t="национальная"><v><l id="178150" t="национальный"><g v="ADJF"></g><g v="femn"></g><g v="sing"></g><g v="nomn"></g></l></v></tfr></token><token id="695255" text="валюта"><tfr rev_id="1527116" t="валюта"><v><l id="38449" t="валюта"><g v="NOUN"></g><g v="inan"></g><g v="femn"></g><g v="sing"></g><g v="nomn"></g></l></v></tfr></token><token id="695256" text="Эквадора"><tfr rev_id="1527117" t="Эквадора"><v><l id="383112" t="эквадор"><g v="NOUN"></g><g v="inan"></g><g v="masc"></g><g v="Geox"></g><g v="sing"></g><g v="gent"></g></l></v></tfr></token><token id="695257" text=","><tfr rev_id="1527118" t=","><v><l id="0" t=","><g v="PNCT"></g></l></v></tfr></token><token id="695258" text="а"><tfr rev_id="3487677" t="а"><v><l id="51" t="а"><g v="CONJ"></g></l></v></tfr></token><token id="695259" text="ещё"><tfr rev_id="1527120" t="ещё"><v><l id="95551" t="ещё"><g v="PRCL"></g></l></v><v><l id="95552" t="ещё"><g v="ADVB"></g></l></v></tfr></token><token id="695260" text="ранее"><tfr rev_id="1527121" t="ранее"><v><l id="297884" t="ранее"><g v="ADVB"></g></l></v></tfr></token><token id="695261" text="звучала"><tfr rev_id="1527122" t="звучала"><v><l id="114663" t="звучу"><g v="VERB"></g><g v="impf"></g><g v="intr"></g><g v="femn"></g><g v="sing"></g><g v="past"></g><g v="indc"></g></l></v></tfr></token><token id="695262" text="фамилия"><tfr rev_id="1527123" t="фамилия"><v><l id="364329" t="фамилия"><g v="NOUN"></g><g v="inan"></g><g v="femn"></g><g v="sing"></g><g v="nomn"></g></l></v></tfr></token><token id="695263" text="героя"><tfr rev_id="3676082" t="героя"><v><l id="69212" t="герой"><g v="NOUN"></g><g v="anim"></g><g v="masc"></g><g v="sing"></g><g v="gent"></g></l></v></tfr></token><token id="695264" text="Латинской"><tfr rev_id="4172996" t="Латинской"><v><l id="147116" t="латинский"><g v="ADJF"></g><g v="femn"></g><g v="sing"></g><g v="gent"></g></l></v></tfr></token><token id="695265" text="Америки"><tfr rev_id="1527126" t="Америки"><v><l id="11393" t="америка"><g v="NOUN"></g><g v="inan"></g><g v="femn"></g><g v="Sgtm"></g><g v="Geox"></g><g v="sing"></g><g v="gent"></g></l></v></tfr></token><token id="695266" text=","><tfr rev_id="1527127" t=","><v><l id="0" t=","><g v="PNCT"></g></l></v></tfr></token><token id="695267" text="боровшегося"><tfr rev_id="3443251" t="боровшегося"><v><l id="33028" t="боровшийся"><g v="PRTF"></g><g v="impf"></g><g v="intr"></g><g v="past"></g><g v="actv"></g><g v="masc"></g><g v="sing"></g><g v="gent"></g></l></v><v><l id="33028" t="боровшийся"><g v="PRTF"></g><g v="impf"></g><g v="intr"></g><g v="past"></g><g v="actv"></g><g v="anim"></g><g v="masc"></g><g v="sing"></g><g v="accs"></g></l></v></tfr></token><token id="695268" text="за"><tfr rev_id="1527129" t="за"><v><l id="98043" t="за"><g v="PREP"></g></l></v></tfr></token><token id="695269" text="независимость"><tfr rev_id="4105278" t="независимость"><v><l id="182130" t="независимость"><g v="NOUN"></g><g v="inan"></g><g v="femn"></g><g v="sing"></g><g v="accs"></g></l></v></tfr></token><token id="695270" text=")"><tfr rev_id="1527131" t=")"><v><l id="0" t=")"><g v="PNCT"></g></l></v></tfr></token><token id="695271" text="."><tfr rev_id="1527132" t="."><v><l id="0" t="."><g v="PNCT"></g></l></v></tfr></token></tokens></sentence><sentence id="39013"><source>Впрочем, смысл единой латиноамериканской валюты вложен совсем иной — это аббревиатура от «Единой системы региональной компенсации» (Sistema Unico de Compensacion Regional).</source><tokens><token id="695272" text="Впрочем"><tfr rev_id="3423284" t="Впрочем"><v><l id="52738" t="впрочем"><g v="CONJ"></g><g v="Prnt"></g></l></v></tfr></token><token id="695273" text=","><tfr rev_id="1527134" t=","><v><l id="0" t=","><g v="PNCT"></g></l></v></tfr></token><token id="695274" text="смысл"><tfr rev_id="1527135" t="смысл"><v><l id="326999" t="смысл"><g v="NOUN"></g><g v="inan"></g><g v="masc"></g><g v="sing"></g><g v="nomn"></g></l></v><v><l id="326999" t="смысл"><g v="NOUN"></g><g v="inan"></g><g v="masc"></g><g v="sing"></g><g v="accs"></g></l></v></tfr></token><token id="695275" text="единой"><tfr rev_id="4170181" t="единой"><v><l id="94410" t="единый"><g v="ADJF"></g><g v="Qual"></g><g v="femn"></g><g v="sing"></g><g v="gent"></g></l></v></tfr></token><token id="695276" text="латиноамериканской"><tfr rev_id="4076572" t="латиноамериканской"><v><l id="147115" t="латиноамериканский"><g v="ADJF"></g><g v="femn"></g><g v="sing"></g><g v="gent"></g></l></v></tfr></token><token id="695277" text="валюты"><tfr rev_id="3443627" t="валюты"><v><l id="38449" t="валюта"><g v="NOUN"></g><g v="inan"></g><g v="femn"></g><g v="sing"></g><g v="gent"></g></l></v></tfr></token><token id="695278" text="вложен"><tfr rev_id="1527139" t="вложен"><v><l id="46972" t="вложен"><g v="PRTS"></g><g v="perf"></g><g v="past"></g><g v="pssv"></g><g v="masc"></g><g v="sing"></g></l></v></tfr></token><token id="695279" text="совсем"><tfr rev_id="1527140" t="совсем"><v><l id="328223" t="совсем"><g v="ADVB"></g></l></v></tfr></token><token id="695280" text="иной"><tfr rev_id="3803778" t="иной"><v><l id="122715" t="иной"><g v="ADJF"></g><g v="Subx"></g><g v="Apro"></g><g v="masc"></g><g v="sing"></g><g v="nomn"></g></l></v><v><l id="122715" t="иной"><g v="ADJF"></g><g v="Subx"></g><g v="Apro"></g><g v="inan"></g><g v="masc"></g><g v="sing"></g><g v="accs"></g></l></v></tfr></token><token id="695281" text="—"><tfr rev_id="2446952" t="—"><v><l id="0" t="—"><g v="PNCT"></g></l></v></tfr></token><token id="695282" text="это"><tfr rev_id="4441857" t="это"><v><l id="386574" t="это"><g v="PRCL"></g></l></v><v><l id="386575" t="это"><g v="NPRO"></g><g v="neut"></g><g v="sing"></g><g v="nomn"></g></l></v><v><l id="386575" t="это"><g v="NPRO"></g><g v="neut"></g><g v="sing"></g><g v="accs"></g></l></v><v><l id="386581" t="этот"><g v="ADJF"></g><g v="Subx"></g><g v="Apro"></g><g v="Anph"></g><g v="neut"></g><g v="sing"></g><g v="nomn"></g></l></v><v><l id="386581" t="этот"><g v="ADJF"></g><g v="Subx"></g><g v="Apro"></g><g v="Anph"></g><g v="neut"></g><g v="sing"></g><g v="accs"></g></l></v></tfr></token><token id="695283" text="аббревиатура"><tfr rev_id="1527144" t="аббревиатура"><v><l id="217" t="аббревиатура"><g v="NOUN"></g><g v="inan"></g><g v="femn"></g><g v="sing"></g><g v="nomn"></g></l></v></tfr></token><token id="695284" text="от"><tfr rev_id="1527145" t="от"><v><l id="211644" t="от"><g v="PREP"></g></l></v></tfr></token><token id="695285" text="«"><tfr rev_id="2446953" t="«"><v><l id="0" t="«"><g v="PNCT"></g></l></v></tfr></token><token id="695286" text="Единой"><tfr rev_id="4095143" t="Единой"><v><l id="94410" t="единый"><g v="ADJF"></g><g v="Qual"></g><g v="femn"></g><g v="sing"></g><g v="gent"></g></l></v></tfr></token><token id="695287" text="системы"><tfr rev_id="3448347" t="системы"><v><l id="321350" t="система"><g v="NOUN"></g><g v="inan"></g><g v="femn"></g><g v="sing"></g><g v="gent"></g></l></v></tfr></token><token id="695288" text="региональной"><tfr rev_id="4170874" t="региональной"><v><l id="304836" t="региональный"><g v="ADJF"></g><g v="femn"></g><g v="sing"></g><g v="gent"></g></l></v></tfr></token><token id="695289" text="компенсации"><tfr rev_id="4178304" t="компенсации"><v><l id="137192" t="компенсация"><g v="NOUN"></g><g v="inan"></g><g v="femn"></g><g v="sing"></g><g v="gent"></g></l></v></tfr></token><token id="695290" text="»"><tfr rev_id="2446954" t="»"><v><l id="0" t="»"><g v="PNCT"></g></l></v></tfr></token><token id="695291" text="("><tfr rev_id="1527152" t="("><v><l id="0" t="("><g v="PNCT"></g></l></v></tfr></token><token id="695292" text="Sistema"><tfr rev_id="2475438" t="Sistema"><v><l id="0" t="Sistema"><g v="LATN"></g></l></v></tfr></token><token id="695293" text="Unico"><tfr rev_id="2475439" t="Unico"><v><l id="0" t="Unico"><g v="LATN"></g></l></v></tfr></token><token id="695294" text="de"><tfr rev_id="2475440" t="de"><v><l id="0" t="de"><g v="LATN"></g></l></v></tfr></token><token id="695295" text="Compensacion"><tfr rev_id="2475441" t="Compensacion"><v><l id="0" t="Compensacion"><g v="LATN"></g></l></v></tfr></token><token id="695296" text="Regional"><tfr rev_id="2475442" t="Regional"><v><l id="0" t="Regional"><g v="LATN"></g></l></v></tfr></token><token id="695297" text=")"><tfr rev_id="1527158" t=")"><v><l id="0" t=")"><g v="PNCT"></g></l></v></tfr></token><token id="695298" text="."><tfr rev_id="1527159" t="."><v><l id="0" t="."><g v="PNCT"></g></l></v></tfr></token></tokens></sentence><sentence id="39014"><source>Антидолларовое сукре пока носит статус виртуальной валюты, немногим позже оно станет и вполне осязаемой единой денежной единицей Южной Америки.</source><tokens><token id="695299" text="Антидолларовое"><tfr rev_id="1527160" t="Антидолларовое"><v><l id="0" t="антидолларовое"><g v="UNKN"></g></l></v></tfr></token><token id="695300" text="сукре"><tfr rev_id="4153734" t="сукре"><v><l id="339270" t="сукре"><g v="NOUN"></g><g v="inan"></g><g v="masc"></g><g v="Sgtm"></g><g v="Fixd"></g><g v="Geox"></g><g v="sing"></g><g v="nomn"></g></l></v></tfr></token><token id="695301" text="пока"><tfr rev_id="4485675" t="пока"><v><l id="253968" t="пока"><g v="ADVB"></g></l></v></tfr></token><token id="695302" text="носит"><tfr rev_id="1527163" t="носит"><v><l id="192322" t="ношу"><g v="VERB"></g><g v="impf"></g><g v="tran"></g><g v="sing"></g><g v="3per"></g><g v="pres"></g><g v="indc"></g></l></v></tfr></token><token id="695303" text="статус"><tfr rev_id="4107144" t="статус"><v><l id="335151" t="статус"><g v="NOUN"></g><g v="inan"></g><g v="masc"></g><g v="sing"></g><g v="accs"></g></l></v></tfr></token><token id="695304" text="виртуальной"><tfr rev_id="3431299" t="виртуальной"><v><l id="45483" t="виртуальный"><g v="ADJF"></g><g v="Qual"></g><g v="femn"></g><g v="sing"></g><g v="gent"></g></l></v></tfr></token><token id="695305" text="валюты"><tfr rev_id="3480129" t="валюты"><v><l id="38449" t="валюта"><g v="NOUN"></g><g v="inan"></g><g v="femn"></g><g v="sing"></g><g v="gent"></g></l></v></tfr></token><token id="695306" text=","><tfr rev_id="1527167" t=","><v><l id="0" t=","><g v="PNCT"></g></l></v></tfr></token><token id="695307" text="немногим"><tfr rev_id="4356923" t="немногим"><v><l id="184143" t="немногое"><g v="NPRO"></g><g v="neut"></g><g v="sing"></g><g v="ablt"></g></l></v></tfr></token><token id="695308" text="позже"><tfr rev_id="1527169" t="позже"><v><l id="253491" t="позднее"><g v="COMP"></g><g v="Qual"></g></l></v></tfr></token><token id="695309" text="оно"><tfr rev_id="3590800" t="оно"><v><l id="206649" t="оно"><g v="NPRO"></g><g v="neut"></g><g v="3per"></g><g v="Anph"></g><g v="sing"></g><g v="nomn"></g></l></v></tfr></token><token id="695310" text="станет"><tfr rev_id="1527171" t="станет"><v><l id="335164" t="стал"><g v="VERB"></g><g v="perf"></g><g v="intr"></g><g v="sing"></g><g v="3per"></g><g v="futr"></g><g v="indc"></g></l></v></tfr></token><token id="695311" text="и"><tfr rev_id="1527172" t="и"><v><l id="116949" t="и"><g v="CONJ"></g></l></v><v><l id="116950" t="и"><g v="INTJ"></g></l></v></tfr></token><token id="695312" text="вполне"><tfr rev_id="1527173" t="вполне"><v><l id="52647" t="вполне"><g v="ADVB"></g></l></v></tfr></token><token id="695313" text="осязаемой"><tfr rev_id="1527174" t="осязаемой"><v><l id="211622" t="осязаемый"><g v="ADJF"></g><g v="Qual"></g><g v="femn"></g><g v="sing"></g><g v="gent"></g></l></v><v><l id="211622" t="осязаемый"><g v="ADJF"></g><g v="Qual"></g><g v="femn"></g><g v="sing"></g><g v="datv"></g></l></v><v><l id="211622" t="осязаемый"><g v="ADJF"></g><g v="Qual"></g><g v="femn"></g><g v="sing"></g><g v="ablt"></g></l></v><v><l id="211622" t="осязаемый"><g v="ADJF"></g><g v="Qual"></g><g v="femn"></g><g v="sing"></g><g v="loct"></g></l></v><v><l id="211633" t="осязаемый"><g v="PRTF"></g><g v="impf"></g><g v="tran"></g><g v="pres"></g><g v="pssv"></g><g v="femn"></g><g v="sing"></g><g v="gent"></g></l></v><v><l id="211633" t="осязаемый"><g v="PRTF"></g><g v="impf"></g><g v="tran"></g><g v="pres"></g><g v="pssv"></g><g v="femn"></g><g v="sing"></g><g v="datv"></g></l></v><v><l id="211633" t="осязаемый"><g v="PRTF"></g><g v="impf"></g><g v="tran"></g><g v="pres"></g><g v="pssv"></g><g v="femn"></g><g v="sing"></g><g v="ablt"></g></l></v><v><l id="211633" t="осязаемый"><g v="PRTF"></g><g v="impf"></g><g v="tran"></g><g v="pres"></g><g v="pssv"></g><g v="femn"></g><g v="sing"></g><g v="loct"></g></l></v></tfr></token><token id="695314" text="единой"><tfr rev_id="4296885" t="единой"><v><l id="94410" t="единый"><g v="ADJF"></g><g v="Qual"></g><g v="femn"></g><g v="sing"></g><g v="ablt"></g></l></v></tfr></token><token id="695315" text="денежной"><tfr rev_id="4296923" t="денежной"><v><l id="81269" t="денежный"><g v="ADJF"></g><g v="Qual"></g><g v="femn"></g><g v="sing"></g><g v="ablt"></g></l></v></tfr></token><token id="695316" text="единицей"><tfr rev_id="3719514" t="единицей"><v><l id="94305" t="единица"><g v="NOUN"></g><g v="inan"></g><g v="femn"></g><g v="Inmx"></g><g v="sing"></g><g v="ablt"></g></l></v></tfr></token><token id="695317" text="Южной"><tfr rev_id="3556866" t="Южной"><v><l id="386888" t="южный"><g v="ADJF"></g><g v="Qual"></g><g v="femn"></g><g v="sing"></g><g v="gent"></g></l></v></tfr></token><token id="695318" text="Америки"><tfr rev_id="1527179" t="Америки"><v><l id="11393" t="америка"><g v="NOUN"></g><g v="inan"></g><g v="femn"></g><g v="Sgtm"></g><g v="Geox"></g><g v="sing"></g><g v="gent"></g></l></v></tfr></token><token id="695319" text="."><tfr rev_id="1527180" t="."><v><l id="0" t="."><g v="PNCT"></g></l></v></tfr></token></tokens></sentence></paragraph></paragraphs></text>