<?xml version="1.0" encoding="utf-8"?><text id="1376" parent="226" name="17311 Эксперты назвали пятёрку самых востребованных в России профессий"><tags><tag>url:http://www.chaskor.ru/news/eksperty_nazvali_pyaterku_samyh_vostrebovannyh_v_rossii_professij_17311</tag><tag>Год:2010</tag><tag>Дата:14/05</tag><tag>Тема:ЧасКор:Общество</tag><tag>Тема:ЧасКор:Общество/Работа</tag></tags><paragraphs><paragraph id="12482"><sentence id="39023"><source>Эксперты назвали пятёрку самых востребованных в России профессий</source><tokens><token id="695460" text="Эксперты"><tfr rev_id="1527321" t="Эксперты"><v><l id="383582" t="эксперт"><g v="NOUN"></g><g v="anim"></g><g v="masc"></g><g v="plur"></g><g v="nomn"></g></l></v></tfr></token><token id="695461" text="назвали"><tfr rev_id="1527322" t="назвали"><v><l id="170342" t="назвал"><g v="VERB"></g><g v="perf"></g><g v="tran"></g><g v="plur"></g><g v="past"></g><g v="indc"></g></l></v></tfr></token><token id="695462" text="пятёрку"><tfr rev_id="1527323" t="пятёрку"><v><l id="290274" t="пятёрка"><g v="NOUN"></g><g v="inan"></g><g v="femn"></g><g v="sing"></g><g v="accs"></g></l></v></tfr></token><token id="695463" text="самых"><tfr rev_id="2956128" t="самых"><v><l id="313174" t="самый"><g v="ADJF"></g><g v="Apro"></g><g v="plur"></g><g v="gent"></g></l></v></tfr></token><token id="695464" text="востребованных"><tfr rev_id="1527325" t="востребованных"><v><l id="51990" t="востребованный"><g v="PRTF"></g><g v="perf"></g><g v="tran"></g><g v="past"></g><g v="pssv"></g><g v="plur"></g><g v="gent"></g></l></v><v><l id="51990" t="востребованный"><g v="PRTF"></g><g v="perf"></g><g v="tran"></g><g v="past"></g><g v="pssv"></g><g v="anim"></g><g v="plur"></g><g v="accs"></g></l></v><v><l id="51990" t="востребованный"><g v="PRTF"></g><g v="perf"></g><g v="tran"></g><g v="past"></g><g v="pssv"></g><g v="plur"></g><g v="loct"></g></l></v></tfr></token><token id="695465" text="в"><tfr rev_id="1527326" t="в"><v><l id="37409" t="в"><g v="PREP"></g></l></v></tfr></token><token id="695466" text="России"><tfr rev_id="3325479" t="России"><v><l id="309322" t="россия"><g v="NOUN"></g><g v="inan"></g><g v="femn"></g><g v="Sgtm"></g><g v="Geox"></g><g v="sing"></g><g v="loct"></g></l></v></tfr></token><token id="695467" text="профессий"><tfr rev_id="1527328" t="профессий"><v><l id="286925" t="профессия"><g v="NOUN"></g><g v="inan"></g><g v="femn"></g><g v="plur"></g><g v="gent"></g></l></v></tfr></token></tokens></sentence><sentence id="39024"><source>Юристов и журналистов в этом списке нет.</source><tokens><token id="695468" text="Юристов"><tfr rev_id="3945045" t="Юристов"><v><l id="387138" t="юрист"><g v="NOUN"></g><g v="anim"></g><g v="masc"></g><g v="plur"></g><g v="gent"></g></l></v></tfr></token><token id="695469" text="и"><tfr rev_id="1527330" t="и"><v><l id="116949" t="и"><g v="CONJ"></g></l></v><v><l id="116950" t="и"><g v="INTJ"></g></l></v></tfr></token><token id="695470" text="журналистов"><tfr rev_id="4085307" t="журналистов"><v><l id="97974" t="журналист"><g v="NOUN"></g><g v="anim"></g><g v="masc"></g><g v="plur"></g><g v="gent"></g></l></v></tfr></token><token id="695471" text="в"><tfr rev_id="1527332" t="в"><v><l id="37409" t="в"><g v="PREP"></g></l></v></tfr></token><token id="695472" text="этом"><tfr rev_id="4435810" t="этом"><v><l id="386581" t="этот"><g v="ADJF"></g><g v="Subx"></g><g v="Apro"></g><g v="Anph"></g><g v="masc"></g><g v="sing"></g><g v="loct"></g></l></v></tfr></token><token id="695473" text="списке"><tfr rev_id="1527334" t="списке"><v><l id="332279" t="список"><g v="NOUN"></g><g v="inan"></g><g v="masc"></g><g v="sing"></g><g v="loct"></g></l></v></tfr></token><token id="695474" text="нет"><tfr rev_id="3812154" t="нет"><v><l id="389552" t="нет"><g v="PRED"></g><g v="pres"></g></l></v></tfr></token><token id="695475" text="."><tfr rev_id="1527336" t="."><v><l id="0" t="."><g v="PNCT"></g></l></v></tfr></token></tokens></sentence></paragraph><paragraph id="12483"><sentence id="39025"><source>Газета «Труд» представила рейтинг самых востребованных профессий для выпускников российских вузов.</source><tokens><token id="695476" text="Газета"><tfr rev_id="1527337" t="Газета"><v><l id="65825" t="газета"><g v="NOUN"></g><g v="inan"></g><g v="femn"></g><g v="sing"></g><g v="nomn"></g></l></v></tfr></token><token id="695477" text="«"><tfr rev_id="2446958" t="«"><v><l id="0" t="«"><g v="PNCT"></g></l></v></tfr></token><token id="695478" text="Труд"><tfr rev_id="4096296" t="Труд"><v><l id="350729" t="труд"><g v="NOUN"></g><g v="inan"></g><g v="masc"></g><g v="sing"></g><g v="nomn"></g></l></v></tfr></token><token id="695479" text="»"><tfr rev_id="2446959" t="»"><v><l id="0" t="»"><g v="PNCT"></g></l></v></tfr></token><token id="695480" text="представила"><tfr rev_id="1527341" t="представила"><v><l id="267099" t="представил"><g v="VERB"></g><g v="perf"></g><g v="tran"></g><g v="femn"></g><g v="sing"></g><g v="past"></g><g v="indc"></g></l></v></tfr></token><token id="695481" text="рейтинг"><tfr rev_id="1527342" t="рейтинг"><v><l id="305607" t="рейтинг"><g v="NOUN"></g><g v="inan"></g><g v="masc"></g><g v="sing"></g><g v="nomn"></g></l></v><v><l id="305607" t="рейтинг"><g v="NOUN"></g><g v="inan"></g><g v="masc"></g><g v="sing"></g><g v="accs"></g></l></v></tfr></token><token id="695482" text="самых"><tfr rev_id="3646602" t="самых"><v><l id="313174" t="самый"><g v="ADJF"></g><g v="Apro"></g><g v="plur"></g><g v="gent"></g></l></v></tfr></token><token id="695483" text="востребованных"><tfr rev_id="1527344" t="востребованных"><v><l id="51990" t="востребованный"><g v="PRTF"></g><g v="perf"></g><g v="tran"></g><g v="past"></g><g v="pssv"></g><g v="plur"></g><g v="gent"></g></l></v><v><l id="51990" t="востребованный"><g v="PRTF"></g><g v="perf"></g><g v="tran"></g><g v="past"></g><g v="pssv"></g><g v="anim"></g><g v="plur"></g><g v="accs"></g></l></v><v><l id="51990" t="востребованный"><g v="PRTF"></g><g v="perf"></g><g v="tran"></g><g v="past"></g><g v="pssv"></g><g v="plur"></g><g v="loct"></g></l></v></tfr></token><token id="695484" text="профессий"><tfr rev_id="1527345" t="профессий"><v><l id="286925" t="профессия"><g v="NOUN"></g><g v="inan"></g><g v="femn"></g><g v="plur"></g><g v="gent"></g></l></v></tfr></token><token id="695485" text="для"><tfr rev_id="2948614" t="для"><v><l id="85032" t="для"><g v="PREP"></g></l></v></tfr></token><token id="695486" text="выпускников"><tfr rev_id="4355701" t="выпускников"><v><l id="61010" t="выпускник"><g v="NOUN"></g><g v="anim"></g><g v="masc"></g><g v="plur"></g><g v="gent"></g></l></v></tfr></token><token id="695487" text="российских"><tfr rev_id="3666677" t="российских"><v><l id="309319" t="российский"><g v="ADJF"></g><g v="plur"></g><g v="gent"></g></l></v></tfr></token><token id="695488" text="вузов"><tfr rev_id="4318898" t="вузов"><v><l id="55240" t="вуз"><g v="NOUN"></g><g v="inan"></g><g v="masc"></g><g v="Abbr"></g><g v="plur"></g><g v="gent"></g></l></v></tfr></token><token id="695489" text="."><tfr rev_id="1527350" t="."><v><l id="0" t="."><g v="PNCT"></g></l></v></tfr></token></tokens></sentence><sentence id="39026"><source>Лидером в этом списке являются специалисты в IT-сфере.</source><tokens><token id="695490" text="Лидером"><tfr rev_id="1527351" t="Лидером"><v><l id="149007" t="лидер"><g v="NOUN"></g><g v="anim"></g><g v="masc"></g><g v="sing"></g><g v="ablt"></g></l></v></tfr></token><token id="695491" text="в"><tfr rev_id="1527352" t="в"><v><l id="37409" t="в"><g v="PREP"></g></l></v></tfr></token><token id="695492" text="этом"><tfr rev_id="4435811" t="этом"><v><l id="386581" t="этот"><g v="ADJF"></g><g v="Subx"></g><g v="Apro"></g><g v="Anph"></g><g v="masc"></g><g v="sing"></g><g v="loct"></g></l></v></tfr></token><token id="695493" text="списке"><tfr rev_id="1527354" t="списке"><v><l id="332279" t="список"><g v="NOUN"></g><g v="inan"></g><g v="masc"></g><g v="sing"></g><g v="loct"></g></l></v></tfr></token><token id="695494" text="являются"><tfr rev_id="1527355" t="являются"><v><l id="387385" t="являюсь"><g v="VERB"></g><g v="impf"></g><g v="intr"></g><g v="plur"></g><g v="3per"></g><g v="pres"></g><g v="indc"></g></l></v></tfr></token><token id="695495" text="специалисты"><tfr rev_id="1527356" t="специалисты"><v><l id="331871" t="специалист"><g v="NOUN"></g><g v="anim"></g><g v="masc"></g><g v="plur"></g><g v="nomn"></g></l></v></tfr></token><token id="695496" text="в"><tfr rev_id="1527357" t="в"><v><l id="37409" t="в"><g v="PREP"></g></l></v></tfr></token><token id="695497" text="IT-сфере"><tfr rev_id="1527358" t="IT-сфере"><v><l id="0" t="IT-сфере"><g v="UNKN"></g></l></v></tfr></token><token id="695498" text="."><tfr rev_id="1527359" t="."><v><l id="0" t="."><g v="PNCT"></g></l></v></tfr></token></tokens></sentence><sentence id="39027"><source>Издание отмечает, что более других ценятся выпускники факультетов информатики крупных государственных вузов, в том числе факультета вычислительной математики и кибернетики МГУ, московского Физтеха, Санкт-Петербургского государственного политехнического университета, а также факультета информатики и систем управления МГТУ им. Баумана.</source><tokens><token id="695499" text="Издание"><tfr rev_id="3269523" t="Издание"><v><l id="118742" t="издание"><g v="NOUN"></g><g v="inan"></g><g v="neut"></g><g v="sing"></g><g v="nomn"></g></l></v></tfr></token><token id="695500" text="отмечает"><tfr rev_id="1527361" t="отмечает"><v><l id="215600" t="отмечаю"><g v="VERB"></g><g v="impf"></g><g v="tran"></g><g v="sing"></g><g v="3per"></g><g v="pres"></g><g v="indc"></g></l></v></tfr></token><token id="695501" text=","><tfr rev_id="1527362" t=","><v><l id="0" t=","><g v="PNCT"></g></l></v></tfr></token><token id="695502" text="что"><tfr rev_id="3197732" t="что"><v><l id="377004" t="что"><g v="CONJ"></g></l></v><v><l id="377005" t="что"><g v="NPRO"></g><g v="neut"></g><g v="sing"></g><g v="nomn"></g></l></v><v><l id="377005" t="что"><g v="NPRO"></g><g v="neut"></g><g v="sing"></g><g v="accs"></g></l></v><v><l id="377006" t="что"><g v="ADVB"></g><g v="Ques"></g></l></v><v><l id="388695" t="что"><g v="PRCL"></g></l></v></tfr></token><token id="695503" text="более"><tfr rev_id="1527364" t="более"><v><l id="32065" t="более"><g v="ADVB"></g></l></v></tfr></token><token id="695504" text="других"><tfr rev_id="3562143" t="других"><v><l id="92342" t="другой"><g v="ADJF"></g><g v="Apro"></g><g v="Subx"></g><g v="plur"></g><g v="gent"></g></l></v><v><l id="92342" t="другой"><g v="ADJF"></g><g v="Apro"></g><g v="Subx"></g><g v="anim"></g><g v="plur"></g><g v="accs"></g></l></v><v><l id="92342" t="другой"><g v="ADJF"></g><g v="Apro"></g><g v="Subx"></g><g v="plur"></g><g v="loct"></g></l></v></tfr></token><token id="695505" text="ценятся"><tfr rev_id="1527366" t="ценятся"><v><l id="373336" t="ценюсь"><g v="VERB"></g><g v="impf"></g><g v="intr"></g><g v="plur"></g><g v="3per"></g><g v="pres"></g><g v="indc"></g></l></v></tfr></token><token id="695506" text="выпускники"><tfr rev_id="1527367" t="выпускники"><v><l id="61010" t="выпускник"><g v="NOUN"></g><g v="anim"></g><g v="masc"></g><g v="plur"></g><g v="nomn"></g></l></v></tfr></token><token id="695507" text="факультетов"><tfr rev_id="1527368" t="факультетов"><v><l id="364206" t="факультет"><g v="NOUN"></g><g v="inan"></g><g v="masc"></g><g v="plur"></g><g v="gent"></g></l></v></tfr></token><token id="695508" text="информатики"><tfr rev_id="1527369" t="информатики"><v><l id="123563" t="информатика"><g v="NOUN"></g><g v="inan"></g><g v="femn"></g><g v="Sgtm"></g><g v="sing"></g><g v="gent"></g></l></v></tfr></token><token id="695509" text="крупных"><tfr rev_id="3558063" t="крупных"><v><l id="143763" t="крупный"><g v="ADJF"></g><g v="Qual"></g><g v="plur"></g><g v="gent"></g></l></v></tfr></token><token id="695510" text="государственных"><tfr rev_id="4099719" t="государственных"><v><l id="74161" t="государственный"><g v="ADJF"></g><g v="plur"></g><g v="gent"></g></l></v></tfr></token><token id="695511" text="вузов"><tfr rev_id="4318899" t="вузов"><v><l id="55240" t="вуз"><g v="NOUN"></g><g v="inan"></g><g v="masc"></g><g v="Abbr"></g><g v="plur"></g><g v="gent"></g></l></v></tfr></token><token id="695512" text=","><tfr rev_id="1527373" t=","><v><l id="0" t=","><g v="PNCT"></g></l></v></tfr></token><token id="695513" text="в"><tfr rev_id="1527374" t="в"><v><l id="37409" t="в"><g v="PREP"></g></l></v></tfr></token><token id="695514" text="том"><tfr rev_id="4399786" t="том"><v><l id="348430" t="тот"><g v="ADJF"></g><g v="Subx"></g><g v="Apro"></g><g v="Anph"></g><g v="neut"></g><g v="sing"></g><g v="loct"></g></l></v></tfr></token><token id="695515" text="числе"><tfr rev_id="1527376" t="числе"><v><l id="376585" t="число"><g v="NOUN"></g><g v="inan"></g><g v="neut"></g><g v="sing"></g><g v="loct"></g></l></v></tfr></token><token id="695516" text="факультета"><tfr rev_id="1527377" t="факультета"><v><l id="364206" t="факультет"><g v="NOUN"></g><g v="inan"></g><g v="masc"></g><g v="sing"></g><g v="gent"></g></l></v></tfr></token><token id="695517" text="вычислительной"><tfr rev_id="4170263" t="вычислительной"><v><l id="64278" t="вычислительный"><g v="ADJF"></g><g v="femn"></g><g v="sing"></g><g v="gent"></g></l></v></tfr></token><token id="695518" text="математики"><tfr rev_id="3465223" t="математики"><v><l id="156186" t="математика"><g v="NOUN"></g><g v="inan"></g><g v="femn"></g><g v="sing"></g><g v="gent"></g></l></v></tfr></token><token id="695519" text="и"><tfr rev_id="4104384" t="и"><v><l id="116949" t="и"><g v="CONJ"></g></l></v></tfr></token><token id="695520" text="кибернетики"><tfr rev_id="2694618" t="кибернетики"><v><l id="132666" t="кибернетика"><g v="NOUN"></g><g v="inan"></g><g v="femn"></g><g v="sing"></g><g v="gent"></g></l></v></tfr></token><token id="695521" text="МГУ"><tfr rev_id="4151753" t="МГУ"><v><l id="156869" t="мгу"><g v="NOUN"></g><g v="inan"></g><g v="masc"></g><g v="Sgtm"></g><g v="Fixd"></g><g v="Abbr"></g><g v="Orgn"></g><g v="sing"></g><g v="gent"></g></l></v></tfr></token><token id="695522" text=","><tfr rev_id="1527383" t=","><v><l id="0" t=","><g v="PNCT"></g></l></v></tfr></token><token id="695523" text="московского"><tfr rev_id="4309650" t="московского"><v><l id="163933" t="московский"><g v="ADJF"></g><g v="masc"></g><g v="sing"></g><g v="gent"></g></l></v><v><l id="163933" t="московский"><g v="ADJF"></g><g v="anim"></g><g v="masc"></g><g v="sing"></g><g v="accs"></g></l></v></tfr></token><token id="695524" text="Физтеха"><tfr rev_id="1527385" t="Физтеха"><v><l id="365752" t="физтех"><g v="NOUN"></g><g v="inan"></g><g v="masc"></g><g v="Orgn"></g><g v="sing"></g><g v="gent"></g></l></v></tfr></token><token id="695525" text=","><tfr rev_id="1527386" t=","><v><l id="0" t=","><g v="PNCT"></g></l></v></tfr></token><token id="695526" text="Санкт-Петербургского"><tfr rev_id="4096948" t="Санкт-Петербургского"><v><l id="313347" t="санкт-петербургский"><g v="ADJF"></g><g v="masc"></g><g v="sing"></g><g v="gent"></g></l></v><v><l id="313347" t="санкт-петербургский"><g v="ADJF"></g><g v="anim"></g><g v="masc"></g><g v="sing"></g><g v="accs"></g></l></v></tfr></token><token id="695527" text="государственного"><tfr rev_id="4205205" t="государственного"><v><l id="74161" t="государственный"><g v="ADJF"></g><g v="masc"></g><g v="sing"></g><g v="gent"></g></l></v><v><l id="74161" t="государственный"><g v="ADJF"></g><g v="anim"></g><g v="masc"></g><g v="sing"></g><g v="accs"></g></l></v></tfr></token><token id="695528" text="политехнического"><tfr rev_id="4167746" t="политехнического"><v><l id="255832" t="политехнический"><g v="ADJF"></g><g v="masc"></g><g v="sing"></g><g v="gent"></g></l></v><v><l id="255832" t="политехнический"><g v="ADJF"></g><g v="anim"></g><g v="masc"></g><g v="sing"></g><g v="accs"></g></l></v></tfr></token><token id="695529" text="университета"><tfr rev_id="1527390" t="университета"><v><l id="358281" t="университет"><g v="NOUN"></g><g v="inan"></g><g v="masc"></g><g v="sing"></g><g v="gent"></g></l></v></tfr></token><token id="695530" text=","><tfr rev_id="1527391" t=","><v><l id="0" t=","><g v="PNCT"></g></l></v></tfr></token><token id="695531" text="а"><tfr rev_id="4103608" t="а"><v><l id="51" t="а"><g v="CONJ"></g></l></v></tfr></token><token id="695532" text="также"><tfr rev_id="4267841" t="также"><v><l id="342482" t="также"><g v="PRCL"></g></l></v></tfr></token><token id="695533" text="факультета"><tfr rev_id="1527394" t="факультета"><v><l id="364206" t="факультет"><g v="NOUN"></g><g v="inan"></g><g v="masc"></g><g v="sing"></g><g v="gent"></g></l></v></tfr></token><token id="695534" text="информатики"><tfr rev_id="1527395" t="информатики"><v><l id="123563" t="информатика"><g v="NOUN"></g><g v="inan"></g><g v="femn"></g><g v="Sgtm"></g><g v="sing"></g><g v="gent"></g></l></v></tfr></token><token id="695535" text="и"><tfr rev_id="1527396" t="и"><v><l id="116949" t="и"><g v="CONJ"></g></l></v><v><l id="116950" t="и"><g v="INTJ"></g></l></v></tfr></token><token id="695536" text="систем"><tfr rev_id="1527397" t="систем"><v><l id="321350" t="система"><g v="NOUN"></g><g v="inan"></g><g v="femn"></g><g v="plur"></g><g v="gent"></g></l></v></tfr></token><token id="695537" text="управления"><tfr rev_id="3500632" t="управления"><v><l id="359211" t="управление"><g v="NOUN"></g><g v="inan"></g><g v="neut"></g><g v="sing"></g><g v="gent"></g></l></v></tfr></token><token id="695538" text="МГТУ"><tfr rev_id="4270156" t="МГТУ"><v><l id="156868" t="мгту"><g v="NOUN"></g><g v="inan"></g><g v="masc"></g><g v="Sgtm"></g><g v="Fixd"></g><g v="Abbr"></g><g v="Orgn"></g><g v="sing"></g><g v="gent"></g></l></v></tfr></token><token id="695539" text="им"><tfr rev_id="3726351" t="им"><v><l id="121947" t="имя"><g v="NOUN"></g><g v="inan"></g><g v="neut"></g><g v="sing"></g><g v="gent"></g><g v="Abbr"></g></l></v></tfr></token><token id="695540" text="."><tfr rev_id="1527401" t="."><v><l id="0" t="."><g v="PNCT"></g></l></v></tfr></token><token id="695541" text="Баумана"><tfr rev_id="4461456" t="Баумана"><v><l id="24728" t="бауман"><g v="NOUN"></g><g v="anim"></g><g v="masc"></g><g v="Sgtm"></g><g v="Surn"></g><g v="sing"></g><g v="gent"></g></l></v></tfr></token><token id="695542" text="."><tfr rev_id="1527403" t="."><v><l id="0" t="."><g v="PNCT"></g></l></v></tfr></token></tokens></sentence><sentence id="39028"><source>Такие специалисты получают около 50 тыс. рублей в месяц.</source><tokens><token id="695543" text="Такие"><tfr rev_id="4082793" t="Такие"><v><l id="342491" t="такой"><g v="ADJF"></g><g v="Apro"></g><g v="plur"></g><g v="nomn"></g></l></v></tfr></token><token id="695544" text="специалисты"><tfr rev_id="1527405" t="специалисты"><v><l id="331871" t="специалист"><g v="NOUN"></g><g v="anim"></g><g v="masc"></g><g v="plur"></g><g v="nomn"></g></l></v></tfr></token><token id="695545" text="получают"><tfr rev_id="1527406" t="получают"><v><l id="256943" t="получаю"><g v="VERB"></g><g v="impf"></g><g v="tran"></g><g v="plur"></g><g v="3per"></g><g v="pres"></g><g v="indc"></g></l></v></tfr></token><token id="695546" text="около"><tfr rev_id="4422310" t="около"><v><l id="205005" t="около"><g v="PREP"></g></l></v></tfr></token><token id="695547" text="50"><tfr rev_id="2462833" t="50"><v><l id="0" t="50"><g v="NUMB"></g></l></v></tfr></token><token id="695548" text="тыс"><tfr rev_id="4169724" t="тыс"><v><l id="389041" t="тыс"><g v="NOUN"></g><g v="inan"></g><g v="femn"></g><g v="Fixd"></g><g v="Abbr"></g><g v="plur"></g><g v="gent"></g></l></v></tfr></token><token id="695549" text="."><tfr rev_id="1527410" t="."><v><l id="0" t="."><g v="PNCT"></g></l></v></tfr></token><token id="695550" text="рублей"><tfr rev_id="1527411" t="рублей"><v><l id="309744" t="рубль"><g v="NOUN"></g><g v="inan"></g><g v="masc"></g><g v="plur"></g><g v="gent"></g></l></v></tfr></token><token id="695551" text="в"><tfr rev_id="1527412" t="в"><v><l id="37409" t="в"><g v="PREP"></g></l></v></tfr></token><token id="695552" text="месяц"><tfr rev_id="1527413" t="месяц"><v><l id="158841" t="месяц"><g v="NOUN"></g><g v="inan"></g><g v="masc"></g><g v="sing"></g><g v="nomn"></g></l></v><v><l id="158841" t="месяц"><g v="NOUN"></g><g v="inan"></g><g v="masc"></g><g v="sing"></g><g v="accs"></g></l></v></tfr></token><token id="695553" text="."><tfr rev_id="1527414" t="."><v><l id="0" t="."><g v="PNCT"></g></l></v></tfr></token></tokens></sentence></paragraph><paragraph id="12484"><sentence id="39029"><source>На втором месте по востребованности числятся инженеры на производстве, желательно с дипломами столичного МГТУ им. Баумана и Санкт-Петербургского политехнического университета.</source><tokens><token id="695554" text="На"><tfr rev_id="3337191" t="На"><v><l id="166264" t="на"><g v="PREP"></g></l></v></tfr></token><token id="695555" text="втором"><tfr rev_id="4310775" t="втором"><v><l id="55043" t="второй"><g v="ADJF"></g><g v="Anum"></g><g v="neut"></g><g v="sing"></g><g v="loct"></g></l></v></tfr></token><token id="695556" text="месте"><tfr rev_id="1527417" t="месте"><v><l id="158822" t="место"><g v="NOUN"></g><g v="inan"></g><g v="neut"></g><g v="sing"></g><g v="loct"></g></l></v></tfr></token><token id="695557" text="по"><tfr rev_id="1527418" t="по"><v><l id="241240" t="по"><g v="PREP"></g></l></v></tfr></token><token id="695558" text="востребованности"><tfr rev_id="4345549" t="востребованности"><v><l id="388515" t="востребованность"><g v="NOUN"></g><g v="inan"></g><g v="femn"></g><g v="sing"></g><g v="datv"></g></l></v></tfr></token><token id="695559" text="числятся"><tfr rev_id="1527420" t="числятся"><v><l id="376580" t="числюсь"><g v="VERB"></g><g v="impf"></g><g v="intr"></g><g v="plur"></g><g v="3per"></g><g v="pres"></g><g v="indc"></g></l></v></tfr></token><token id="695560" text="инженеры"><tfr rev_id="1527421" t="инженеры"><v><l id="122439" t="инженер"><g v="NOUN"></g><g v="anim"></g><g v="masc"></g><g v="plur"></g><g v="nomn"></g></l></v></tfr></token><token id="695561" text="на"><tfr rev_id="3340344" t="на"><v><l id="166264" t="на"><g v="PREP"></g></l></v></tfr></token><token id="695562" text="производстве"><tfr rev_id="1527423" t="производстве"><v><l id="280127" t="производство"><g v="NOUN"></g><g v="inan"></g><g v="neut"></g><g v="sing"></g><g v="loct"></g></l></v></tfr></token><token id="695563" text=","><tfr rev_id="1527424" t=","><v><l id="0" t=","><g v="PNCT"></g></l></v></tfr></token><token id="695564" text="желательно"><tfr rev_id="3647104" t="желательно"><v><l id="96274" t="желательно"><g v="PRED"></g><g v="pres"></g></l></v><v><l id="96277" t="желателен"><g v="ADJS"></g><g v="Qual"></g><g v="neut"></g><g v="sing"></g></l></v><v><l id="389217" t="желательно"><g v="ADVB"></g></l></v></tfr></token><token id="695565" text="с"><tfr rev_id="1527426" t="с"><v><l id="311151" t="с"><g v="PREP"></g></l></v></tfr></token><token id="695566" text="дипломами"><tfr rev_id="1527427" t="дипломами"><v><l id="84139" t="диплом"><g v="NOUN"></g><g v="inan"></g><g v="masc"></g><g v="plur"></g><g v="ablt"></g></l></v></tfr></token><token id="695567" text="столичного"><tfr rev_id="4405782" t="столичного"><v><l id="336589" t="столичный"><g v="ADJF"></g><g v="Qual"></g><g v="masc"></g><g v="sing"></g><g v="gent"></g></l></v></tfr></token><token id="695568" text="МГТУ"><tfr rev_id="4270157" t="МГТУ"><v><l id="156868" t="мгту"><g v="NOUN"></g><g v="inan"></g><g v="masc"></g><g v="Sgtm"></g><g v="Fixd"></g><g v="Abbr"></g><g v="Orgn"></g><g v="sing"></g><g v="gent"></g></l></v></tfr></token><token id="695569" text="им"><tfr rev_id="3726352" t="им"><v><l id="121947" t="имя"><g v="NOUN"></g><g v="inan"></g><g v="neut"></g><g v="sing"></g><g v="gent"></g><g v="Abbr"></g></l></v></tfr></token><token id="695570" text="."><tfr rev_id="1527431" t="."><v><l id="0" t="."><g v="PNCT"></g></l></v></tfr></token><token id="695571" text="Баумана"><tfr rev_id="4386171" t="Баумана"><v><l id="24728" t="бауман"><g v="NOUN"></g><g v="anim"></g><g v="masc"></g><g v="Sgtm"></g><g v="Surn"></g><g v="sing"></g><g v="gent"></g></l></v></tfr></token><token id="695572" text="и"><tfr rev_id="1527433" t="и"><v><l id="116949" t="и"><g v="CONJ"></g></l></v><v><l id="116950" t="и"><g v="INTJ"></g></l></v></tfr></token><token id="695573" text="Санкт-Петербургского"><tfr rev_id="4076835" t="Санкт-Петербургского"><v><l id="313347" t="санкт-петербургский"><g v="ADJF"></g><g v="masc"></g><g v="sing"></g><g v="gent"></g></l></v><v><l id="313347" t="санкт-петербургский"><g v="ADJF"></g><g v="anim"></g><g v="masc"></g><g v="sing"></g><g v="accs"></g></l></v></tfr></token><token id="695574" text="политехнического"><tfr rev_id="3391309" t="политехнического"><v><l id="255832" t="политехнический"><g v="ADJF"></g><g v="masc"></g><g v="sing"></g><g v="gent"></g></l></v><v><l id="255832" t="политехнический"><g v="ADJF"></g><g v="anim"></g><g v="masc"></g><g v="sing"></g><g v="accs"></g></l></v></tfr></token><token id="695575" text="университета"><tfr rev_id="1527436" t="университета"><v><l id="358281" t="университет"><g v="NOUN"></g><g v="inan"></g><g v="masc"></g><g v="sing"></g><g v="gent"></g></l></v></tfr></token><token id="695576" text="."><tfr rev_id="1527437" t="."><v><l id="0" t="."><g v="PNCT"></g></l></v></tfr></token></tokens></sentence><sentence id="39030"><source>Замыкают тройку лидеров экономисты и финансовые менеджеры.</source><tokens><token id="695577" text="Замыкают"><tfr rev_id="1527438" t="Замыкают"><v><l id="106157" t="замыкаю"><g v="VERB"></g><g v="impf"></g><g v="tran"></g><g v="plur"></g><g v="3per"></g><g v="pres"></g><g v="indc"></g></l></v><v><l id="106164" t="замыкал"><g v="VERB"></g><g v="perf"></g><g v="tran"></g><g v="plur"></g><g v="3per"></g><g v="futr"></g><g v="indc"></g></l></v></tfr></token><token id="695578" text="тройку"><tfr rev_id="1527439" t="тройку"><v><l id="350374" t="тройка"><g v="NOUN"></g><g v="inan"></g><g v="femn"></g><g v="sing"></g><g v="accs"></g></l></v></tfr></token><token id="695579" text="лидеров"><tfr rev_id="3547190" t="лидеров"><v><l id="149007" t="лидер"><g v="NOUN"></g><g v="anim"></g><g v="masc"></g><g v="plur"></g><g v="gent"></g></l></v></tfr></token><token id="695580" text="экономисты"><tfr rev_id="1527441" t="экономисты"><v><l id="383346" t="экономист"><g v="NOUN"></g><g v="anim"></g><g v="masc"></g><g v="plur"></g><g v="nomn"></g></l></v></tfr></token><token id="695581" text="и"><tfr rev_id="3495539" t="и"><v><l id="116949" t="и"><g v="CONJ"></g></l></v></tfr></token><token id="695582" text="финансовые"><tfr rev_id="3767345" t="финансовые"><v><l id="366103" t="финансовый"><g v="ADJF"></g><g v="plur"></g><g v="nomn"></g></l></v></tfr></token><token id="695583" text="менеджеры"><tfr rev_id="1527444" t="менеджеры"><v><l id="158340" t="менеджер"><g v="NOUN"></g><g v="anim"></g><g v="masc"></g><g v="plur"></g><g v="nomn"></g></l></v></tfr></token><token id="695584" text="."><tfr rev_id="1527445" t="."><v><l id="0" t="."><g v="PNCT"></g></l></v></tfr></token></tokens></sentence><sentence id="39031"><source>Выпускникам МГУ, СПбГУ, УрГУ с такими специальностями легко найти место в любой банковской структуре, считает газета.</source><tokens><token id="695585" text="Выпускникам"><tfr rev_id="1527446" t="Выпускникам"><v><l id="61010" t="выпускник"><g v="NOUN"></g><g v="anim"></g><g v="masc"></g><g v="plur"></g><g v="datv"></g></l></v></tfr></token><token id="695586" text="МГУ"><tfr rev_id="3496373" t="МГУ"><v><l id="156869" t="мгу"><g v="NOUN"></g><g v="inan"></g><g v="masc"></g><g v="Sgtm"></g><g v="Fixd"></g><g v="Abbr"></g><g v="Orgn"></g><g v="sing"></g><g v="gent"></g></l></v></tfr></token><token id="695587" text=","><tfr rev_id="1527448" t=","><v><l id="0" t=","><g v="PNCT"></g></l></v></tfr></token><token id="695588" text="СПбГУ"><tfr rev_id="3509261" t="СПбГУ"><v><l id="388641" t="спбгу"><g v="NOUN"></g><g v="inan"></g><g v="masc"></g><g v="Sgtm"></g><g v="Fixd"></g><g v="Abbr"></g><g v="Orgn"></g><g v="sing"></g><g v="gent"></g></l></v></tfr></token><token id="695589" text=","><tfr rev_id="1527450" t=","><v><l id="0" t=","><g v="PNCT"></g></l></v></tfr></token><token id="695590" text="УрГУ"><tfr rev_id="1527451" t="УрГУ"><v><l id="359817" t="урга"><g v="NOUN"></g><g v="inan"></g><g v="femn"></g><g v="Sgtm"></g><g v="Geox"></g><g v="sing"></g><g v="accs"></g></l></v></tfr></token><token id="695591" text="с"><tfr rev_id="1527452" t="с"><v><l id="311151" t="с"><g v="PREP"></g></l></v></tfr></token><token id="695592" text="такими"><tfr rev_id="1527453" t="такими"><v><l id="342491" t="такой"><g v="ADJF"></g><g v="Apro"></g><g v="plur"></g><g v="ablt"></g></l></v></tfr></token><token id="695593" text="специальностями"><tfr rev_id="1527454" t="специальностями"><v><l id="331874" t="специальность"><g v="NOUN"></g><g v="inan"></g><g v="femn"></g><g v="plur"></g><g v="ablt"></g></l></v></tfr></token><token id="695594" text="легко"><tfr rev_id="1527455" t="легко"><v><l id="146052" t="лёгок"><g v="ADJS"></g><g v="Qual"></g><g v="neut"></g><g v="sing"></g></l></v><v><l id="147575" t="легко"><g v="ADVB"></g><g v="Prdx"></g></l></v></tfr></token><token id="695595" text="найти"><tfr rev_id="1527456" t="найти"><v><l id="170612" t="найти"><g v="INFN"></g><g v="perf"></g><g v="tran"></g></l></v></tfr></token><token id="695596" text="место"><tfr rev_id="1527457" t="место"><v><l id="158822" t="место"><g v="NOUN"></g><g v="inan"></g><g v="neut"></g><g v="sing"></g><g v="nomn"></g></l></v><v><l id="158822" t="место"><g v="NOUN"></g><g v="inan"></g><g v="neut"></g><g v="sing"></g><g v="accs"></g></l></v></tfr></token><token id="695597" text="в"><tfr rev_id="1527458" t="в"><v><l id="37409" t="в"><g v="PREP"></g></l></v></tfr></token><token id="695598" text="любой"><tfr rev_id="4454695" t="любой"><v><l id="152026" t="любой"><g v="ADJF"></g><g v="Apro"></g><g v="femn"></g><g v="sing"></g><g v="loct"></g></l></v></tfr></token><token id="695599" text="банковской"><tfr rev_id="4166747" t="банковской"><v><l id="23592" t="банковский"><g v="ADJF"></g><g v="femn"></g><g v="sing"></g><g v="loct"></g></l></v></tfr></token><token id="695600" text="структуре"><tfr rev_id="3552872" t="структуре"><v><l id="337970" t="структура"><g v="NOUN"></g><g v="inan"></g><g v="femn"></g><g v="sing"></g><g v="loct"></g></l></v></tfr></token><token id="695601" text=","><tfr rev_id="1527462" t=","><v><l id="0" t=","><g v="PNCT"></g></l></v></tfr></token><token id="695602" text="считает"><tfr rev_id="1527463" t="считает"><v><l id="341320" t="считаю"><g v="VERB"></g><g v="impf"></g><g v="tran"></g><g v="sing"></g><g v="3per"></g><g v="pres"></g><g v="indc"></g></l></v><v><l id="341329" t="считал"><g v="VERB"></g><g v="perf"></g><g v="tran"></g><g v="sing"></g><g v="3per"></g><g v="futr"></g><g v="indc"></g></l></v></tfr></token><token id="695603" text="газета"><tfr rev_id="1527464" t="газета"><v><l id="65825" t="газета"><g v="NOUN"></g><g v="inan"></g><g v="femn"></g><g v="sing"></g><g v="nomn"></g></l></v></tfr></token><token id="695604" text="."><tfr rev_id="1527465" t="."><v><l id="0" t="."><g v="PNCT"></g></l></v></tfr></token></tokens></sentence><sentence id="39032"><source>Эти вакансии, в частности, востребованы, в «Сбербанке», ВТБ, «Хоум Кредит энд Финанс Банке» и «Русской стандарте».</source><tokens><token id="695605" text="Эти"><tfr rev_id="4446185" t="Эти"><v><l id="386581" t="этот"><g v="ADJF"></g><g v="Subx"></g><g v="Apro"></g><g v="Anph"></g><g v="plur"></g><g v="nomn"></g></l></v></tfr></token><token id="695606" text="вакансии"><tfr rev_id="3768664" t="вакансии"><v><l id="37853" t="вакансия"><g v="NOUN"></g><g v="inan"></g><g v="femn"></g><g v="plur"></g><g v="nomn"></g></l></v></tfr></token><token id="695607" text=","><tfr rev_id="1527468" t=","><v><l id="0" t=","><g v="PNCT"></g></l></v></tfr></token><token id="695608" text="в"><tfr rev_id="1527469" t="в"><v><l id="37409" t="в"><g v="PREP"></g></l></v></tfr></token><token id="695609" text="частности"><tfr rev_id="4164400" t="частности"><v><l id="374794" t="частность"><g v="NOUN"></g><g v="inan"></g><g v="femn"></g><g v="sing"></g><g v="loct"></g></l></v></tfr></token><token id="695610" text=","><tfr rev_id="1527471" t=","><v><l id="0" t=","><g v="PNCT"></g></l></v></tfr></token><token id="695611" text="востребованы"><tfr rev_id="1527472" t="востребованы"><v><l id="51991" t="востребован"><g v="PRTS"></g><g v="perf"></g><g v="past"></g><g v="pssv"></g><g v="plur"></g></l></v></tfr></token><token id="695612" text=","><tfr rev_id="1527473" t=","><v><l id="0" t=","><g v="PNCT"></g></l></v></tfr></token><token id="695613" text="в"><tfr rev_id="1527474" t="в"><v><l id="37409" t="в"><g v="PREP"></g></l></v></tfr></token><token id="695614" text="«"><tfr rev_id="2446960" t="«"><v><l id="0" t="«"><g v="PNCT"></g></l></v></tfr></token><token id="695615" text="Сбербанке"><tfr rev_id="1527476" t="Сбербанке"><v><l id="314169" t="сбербанк"><g v="NOUN"></g><g v="inan"></g><g v="masc"></g><g v="sing"></g><g v="loct"></g></l></v></tfr></token><token id="695616" text="»"><tfr rev_id="2446961" t="»"><v><l id="0" t="»"><g v="PNCT"></g></l></v></tfr></token><token id="695617" text=","><tfr rev_id="1527478" t=","><v><l id="0" t=","><g v="PNCT"></g></l></v></tfr></token><token id="695618" text="ВТБ"><tfr rev_id="4162719" t="ВТБ"><v><l id="389547" t="втб"><g v="NOUN"></g><g v="inan"></g><g v="masc"></g><g v="Fixd"></g><g v="Abbr"></g><g v="Sgtm"></g><g v="Orgn"></g><g v="sing"></g><g v="loct"></g></l></v></tfr></token><token id="695619" text=","><tfr rev_id="1527480" t=","><v><l id="0" t=","><g v="PNCT"></g></l></v></tfr></token><token id="695620" text="«"><tfr rev_id="2446962" t="«"><v><l id="0" t="«"><g v="PNCT"></g></l></v></tfr></token><token id="695621" text="Хоум"><tfr rev_id="1527482" t="Хоум"><v><l id="0" t="хоум"><g v="UNKN"></g></l></v></tfr></token><token id="695622" text="Кредит"><tfr rev_id="4083551" t="Кредит"><v><l id="0" t="Кредит"><g v="UNKN"></g></l></v></tfr></token><token id="695623" text="энд"><tfr rev_id="1527484" t="энд"><v><l id="0" t="энд"><g v="UNKN"></g></l></v></tfr></token><token id="695624" text="Финанс"><tfr rev_id="1527485" t="Финанс"><v><l id="0" t="финанс"><g v="UNKN"></g></l></v></tfr></token><token id="695625" text="Банке"><tfr rev_id="4076929" t="Банке"><v><l id="23569" t="банк"><g v="NOUN"></g><g v="inan"></g><g v="masc"></g><g v="sing"></g><g v="loct"></g></l></v></tfr></token><token id="695626" text="»"><tfr rev_id="2446963" t="»"><v><l id="0" t="»"><g v="PNCT"></g></l></v></tfr></token><token id="695627" text="и"><tfr rev_id="4082178" t="и"><v><l id="116949" t="и"><g v="CONJ"></g></l></v></tfr></token><token id="695628" text="«"><tfr rev_id="2446964" t="«"><v><l id="0" t="«"><g v="PNCT"></g></l></v></tfr></token><token id="695629" text="Русской"><tfr rev_id="3430373" t="Русской"><v><l id="310321" t="русский"><g v="ADJF"></g><g v="Subx"></g><g v="femn"></g><g v="sing"></g><g v="gent"></g></l></v><v><l id="310321" t="русский"><g v="ADJF"></g><g v="Subx"></g><g v="femn"></g><g v="sing"></g><g v="datv"></g></l></v><v><l id="310321" t="русский"><g v="ADJF"></g><g v="Subx"></g><g v="femn"></g><g v="sing"></g><g v="ablt"></g></l></v><v><l id="310321" t="русский"><g v="ADJF"></g><g v="Subx"></g><g v="femn"></g><g v="sing"></g><g v="loct"></g></l></v></tfr></token><token id="695630" text="стандарте"><tfr rev_id="1527491" t="стандарте"><v><l id="334571" t="стандарт"><g v="NOUN"></g><g v="inan"></g><g v="masc"></g><g v="sing"></g><g v="loct"></g></l></v></tfr></token><token id="695631" text="»"><tfr rev_id="2446965" t="»"><v><l id="0" t="»"><g v="PNCT"></g></l></v></tfr></token><token id="695632" text="."><tfr rev_id="1527493" t="."><v><l id="0" t="."><g v="PNCT"></g></l></v></tfr></token></tokens></sentence></paragraph><paragraph id="12485"><sentence id="39033"><source>Четвёртая позиция в этом рейтинге отдана медикам, точнее — узким специалистам и терапевтам, дефицит коих, по словам главы Минздравсоцразвития Татьяны Голиковой, составляет 27%, или более 200 тыс. человек.</source><tokens><token id="695633" text="Четвёртая"><tfr rev_id="3719786" t="Четвёртая"><v><l id="376074" t="четвёртый"><g v="ADJF"></g><g v="Anum"></g><g v="femn"></g><g v="sing"></g><g v="nomn"></g></l></v></tfr></token><token id="695634" text="позиция"><tfr rev_id="1527495" t="позиция"><v><l id="253607" t="позиция"><g v="NOUN"></g><g v="inan"></g><g v="femn"></g><g v="sing"></g><g v="nomn"></g></l></v></tfr></token><token id="695635" text="в"><tfr rev_id="1527496" t="в"><v><l id="37409" t="в"><g v="PREP"></g></l></v></tfr></token><token id="695636" text="этом"><tfr rev_id="4486789" t="этом"><v><l id="386581" t="этот"><g v="ADJF"></g><g v="Subx"></g><g v="Apro"></g><g v="Anph"></g><g v="masc"></g><g v="sing"></g><g v="loct"></g></l></v></tfr></token><token id="695637" text="рейтинге"><tfr rev_id="1527498" t="рейтинге"><v><l id="305607" t="рейтинг"><g v="NOUN"></g><g v="inan"></g><g v="masc"></g><g v="sing"></g><g v="loct"></g></l></v></tfr></token><token id="695638" text="отдана"><tfr rev_id="1527499" t="отдана"><v><l id="213337" t="отдан"><g v="PRTS"></g><g v="perf"></g><g v="past"></g><g v="pssv"></g><g v="femn"></g><g v="sing"></g></l></v></tfr></token><token id="695639" text="медикам"><tfr rev_id="1527500" t="медикам"><v><l id="157027" t="медик"><g v="NOUN"></g><g v="anim"></g><g v="masc"></g><g v="plur"></g><g v="datv"></g></l></v></tfr></token><token id="695640" text=","><tfr rev_id="1527501" t=","><v><l id="0" t=","><g v="PNCT"></g></l></v></tfr></token><token id="695641" text="точнее"><tfr rev_id="3422767" t="точнее"><v><l id="348522" t="точнее"><g v="COMP"></g><g v="Qual"></g></l></v><v><l id="388715" t="точнее"><g v="CONJ"></g><g v="Prnt"></g></l></v></tfr></token><token id="695642" text="—"><tfr rev_id="2446966" t="—"><v><l id="0" t="—"><g v="PNCT"></g></l></v></tfr></token><token id="695643" text="узким"><tfr rev_id="3488910" t="узким"><v><l id="355672" t="узкий"><g v="ADJF"></g><g v="Qual"></g><g v="plur"></g><g v="datv"></g></l></v></tfr></token><token id="695644" text="специалистам"><tfr rev_id="1527505" t="специалистам"><v><l id="331871" t="специалист"><g v="NOUN"></g><g v="anim"></g><g v="masc"></g><g v="plur"></g><g v="datv"></g></l></v></tfr></token><token id="695645" text="и"><tfr rev_id="1527506" t="и"><v><l id="116949" t="и"><g v="CONJ"></g></l></v><v><l id="116950" t="и"><g v="INTJ"></g></l></v></tfr></token><token id="695646" text="терапевтам"><tfr rev_id="1527507" t="терапевтам"><v><l id="345152" t="терапевт"><g v="NOUN"></g><g v="anim"></g><g v="masc"></g><g v="plur"></g><g v="datv"></g></l></v></tfr></token><token id="695647" text=","><tfr rev_id="1527508" t=","><v><l id="0" t=","><g v="PNCT"></g></l></v></tfr></token><token id="695648" text="дефицит"><tfr rev_id="1527509" t="дефицит"><v><l id="82328" t="дефицит"><g v="NOUN"></g><g v="inan"></g><g v="masc"></g><g v="sing"></g><g v="nomn"></g></l></v><v><l id="82328" t="дефицит"><g v="NOUN"></g><g v="inan"></g><g v="masc"></g><g v="sing"></g><g v="accs"></g></l></v></tfr></token><token id="695649" text="коих"><tfr rev_id="4359339" t="коих"><v><l id="135584" t="кой"><g v="ADJF"></g><g v="Apro"></g><g v="plur"></g><g v="gent"></g></l></v></tfr></token><token id="695650" text=","><tfr rev_id="1527511" t=","><v><l id="0" t=","><g v="PNCT"></g></l></v></tfr></token><token id="695651" text="по"><tfr rev_id="1527512" t="по"><v><l id="241240" t="по"><g v="PREP"></g></l></v></tfr></token><token id="695652" text="словам"><tfr rev_id="1527513" t="словам"><v><l id="325168" t="слово"><g v="NOUN"></g><g v="inan"></g><g v="neut"></g><g v="plur"></g><g v="datv"></g></l></v></tfr></token><token id="695653" text="главы"><tfr rev_id="4526244" t="главы"><v><l id="70790" t="глава"><g v="NOUN"></g><g v="anim"></g><g v="ms-f"></g><g v="sing"></g><g v="gent"></g></l></v></tfr></token><token id="695654" text="Минздравсоцразвития"><tfr rev_id="3808197" t="Минздравсоцразвития"><v><l id="388951" t="минздравсоцразвития"><g v="NOUN"></g><g v="inan"></g><g v="neut"></g><g v="Sgtm"></g><g v="Fixd"></g><g v="Orgn"></g><g v="sing"></g><g v="gent"></g></l></v></tfr></token><token id="695655" text="Татьяны"><tfr rev_id="3484665" t="Татьяны"><v><l id="343513" t="татьяна"><g v="NOUN"></g><g v="anim"></g><g v="femn"></g><g v="Name"></g><g v="sing"></g><g v="gent"></g></l></v></tfr></token><token id="695656" text="Голиковой"><tfr rev_id="4333465" t="Голиковой"><v><l id="72267" t="голикова"><g v="NOUN"></g><g v="anim"></g><g v="femn"></g><g v="Sgtm"></g><g v="Surn"></g><g v="sing"></g><g v="gent"></g></l></v></tfr></token><token id="695657" text=","><tfr rev_id="1527518" t=","><v><l id="0" t=","><g v="PNCT"></g></l></v></tfr></token><token id="695658" text="составляет"><tfr rev_id="1527519" t="составляет"><v><l id="330494" t="составляю"><g v="VERB"></g><g v="impf"></g><g v="tran"></g><g v="sing"></g><g v="3per"></g><g v="pres"></g><g v="indc"></g></l></v></tfr></token><token id="695659" text="27"><tfr rev_id="2462834" t="27"><v><l id="0" t="27"><g v="NUMB"></g></l></v></tfr></token><token id="695660" text="%"><tfr rev_id="2446967" t="%"><v><l id="0" t="%"><g v="PNCT"></g></l></v></tfr></token><token id="695661" text=","><tfr rev_id="1527522" t=","><v><l id="0" t=","><g v="PNCT"></g></l></v></tfr></token><token id="695662" text="или"><tfr rev_id="3787361" t="или"><v><l id="121146" t="или"><g v="CONJ"></g></l></v></tfr></token><token id="695663" text="более"><tfr rev_id="1527524" t="более"><v><l id="32065" t="более"><g v="ADVB"></g></l></v></tfr></token><token id="695664" text="200"><tfr rev_id="2462835" t="200"><v><l id="0" t="200"><g v="NUMB"></g></l></v></tfr></token><token id="695665" text="тыс"><tfr rev_id="4173575" t="тыс"><v><l id="389041" t="тыс"><g v="NOUN"></g><g v="inan"></g><g v="femn"></g><g v="Fixd"></g><g v="Abbr"></g><g v="plur"></g><g v="gent"></g></l></v></tfr></token><token id="695666" text="."><tfr rev_id="1527527" t="."><v><l id="0" t="."><g v="PNCT"></g></l></v></tfr></token><token id="695667" text="человек"><tfr rev_id="3264450" t="человек"><v><l id="375073" t="человек"><g v="NOUN"></g><g v="anim"></g><g v="masc"></g><g v="plur"></g><g v="gent"></g></l></v></tfr></token><token id="695668" text="."><tfr rev_id="1527529" t="."><v><l id="0" t="."><g v="PNCT"></g></l></v></tfr></token></tokens></sentence><sentence id="39034"><source>Замыкают пятёрку востребованных профессий маркетологи со столичным или питерским дипломом.</source><tokens><token id="695669" text="Замыкают"><tfr rev_id="1527530" t="Замыкают"><v><l id="106157" t="замыкаю"><g v="VERB"></g><g v="impf"></g><g v="tran"></g><g v="plur"></g><g v="3per"></g><g v="pres"></g><g v="indc"></g></l></v><v><l id="106164" t="замыкал"><g v="VERB"></g><g v="perf"></g><g v="tran"></g><g v="plur"></g><g v="3per"></g><g v="futr"></g><g v="indc"></g></l></v></tfr></token><token id="695670" text="пятёрку"><tfr rev_id="1527531" t="пятёрку"><v><l id="290274" t="пятёрка"><g v="NOUN"></g><g v="inan"></g><g v="femn"></g><g v="sing"></g><g v="accs"></g></l></v></tfr></token><token id="695671" text="востребованных"><tfr rev_id="1527532" t="востребованных"><v><l id="51990" t="востребованный"><g v="PRTF"></g><g v="perf"></g><g v="tran"></g><g v="past"></g><g v="pssv"></g><g v="plur"></g><g v="gent"></g></l></v><v><l id="51990" t="востребованный"><g v="PRTF"></g><g v="perf"></g><g v="tran"></g><g v="past"></g><g v="pssv"></g><g v="anim"></g><g v="plur"></g><g v="accs"></g></l></v><v><l id="51990" t="востребованный"><g v="PRTF"></g><g v="perf"></g><g v="tran"></g><g v="past"></g><g v="pssv"></g><g v="plur"></g><g v="loct"></g></l></v></tfr></token><token id="695672" text="профессий"><tfr rev_id="1527533" t="профессий"><v><l id="286925" t="профессия"><g v="NOUN"></g><g v="inan"></g><g v="femn"></g><g v="plur"></g><g v="gent"></g></l></v></tfr></token><token id="695673" text="маркетологи"><tfr rev_id="1527534" t="маркетологи"><v><l id="155291" t="маркетолог"><g v="NOUN"></g><g v="anim"></g><g v="masc"></g><g v="plur"></g><g v="nomn"></g></l></v></tfr></token><token id="695674" text="со"><tfr rev_id="2919285" t="со"><v><l id="311151" t="с"><g v="PREP"></g><g v="Vpre"></g></l></v></tfr></token><token id="695675" text="столичным"><tfr rev_id="4462560" t="столичным"><v><l id="336589" t="столичный"><g v="ADJF"></g><g v="Qual"></g><g v="masc"></g><g v="sing"></g><g v="ablt"></g></l></v></tfr></token><token id="695676" text="или"><tfr rev_id="3787362" t="или"><v><l id="121146" t="или"><g v="CONJ"></g></l></v></tfr></token><token id="695677" text="питерским"><tfr rev_id="4377757" t="питерским"><v><l id="239247" t="питерский"><g v="ADJF"></g><g v="masc"></g><g v="sing"></g><g v="ablt"></g></l></v></tfr></token><token id="695678" text="дипломом"><tfr rev_id="1527539" t="дипломом"><v><l id="84139" t="диплом"><g v="NOUN"></g><g v="inan"></g><g v="masc"></g><g v="sing"></g><g v="ablt"></g></l></v></tfr></token><token id="695679" text="."><tfr rev_id="1527540" t="."><v><l id="0" t="."><g v="PNCT"></g></l></v></tfr></token></tokens></sentence></paragraph></paragraphs></text>