<?xml version="1.0" encoding="utf-8"?><text id="1380" parent="226" name="19776 ФАРСирование событий"><tags><tag>url:http://www.chaskor.ru/news/farsirovanie_sobytij_19776</tag><tag>Год:2010</tag><tag>Дата:14/09</tag><tag>Тема:ЧасКор:Технологии</tag><tag>Тема:ЧасКор:Технологии/Мобильные технологии</tag></tags><paragraphs><paragraph id="12496"><sentence id="39069"><source>ФАРСирование событий</source><tokens><token id="696293" text="ФАРСирование"><tfr rev_id="1528154" t="ФАРСирование"><v><l id="0" t="фарсирование"><g v="UNKN"></g></l></v></tfr></token><token id="696294" text="событий"><tfr rev_id="1528155" t="событий"><v><l id="327850" t="событие"><g v="NOUN"></g><g v="inan"></g><g v="neut"></g><g v="plur"></g><g v="gent"></g></l></v></tfr></token></tokens></sentence><sentence id="39070"><source>В Microsoft торжественно захоронили BlackBerry и iPhone.</source><tokens><token id="696295" text="В"><tfr rev_id="1528156" t="В"><v><l id="37409" t="в"><g v="PREP"></g></l></v></tfr></token><token id="696296" text="Microsoft"><tfr rev_id="2475458" t="Microsoft"><v><l id="0" t="Microsoft"><g v="LATN"></g></l></v></tfr></token><token id="696297" text="торжественно"><tfr rev_id="1528158" t="торжественно"><v><l id="348066" t="торжественно"><g v="ADVB"></g></l></v><v><l id="348069" t="торжествен"><g v="ADJS"></g><g v="Qual"></g><g v="neut"></g><g v="sing"></g></l></v></tfr></token><token id="696298" text="захоронили"><tfr rev_id="1528159" t="захоронили"><v><l id="112956" t="захоронил"><g v="VERB"></g><g v="perf"></g><g v="tran"></g><g v="plur"></g><g v="past"></g><g v="indc"></g></l></v></tfr></token><token id="696299" text="BlackBerry"><tfr rev_id="2475459" t="BlackBerry"><v><l id="0" t="BlackBerry"><g v="LATN"></g></l></v></tfr></token><token id="696300" text="и"><tfr rev_id="1528161" t="и"><v><l id="116949" t="и"><g v="CONJ"></g></l></v><v><l id="116950" t="и"><g v="INTJ"></g></l></v></tfr></token><token id="696301" text="iPhone"><tfr rev_id="2475460" t="iPhone"><v><l id="0" t="iPhone"><g v="LATN"></g></l></v></tfr></token><token id="696302" text="."><tfr rev_id="1528163" t="."><v><l id="0" t="."><g v="PNCT"></g></l></v></tfr></token></tokens></sentence></paragraph><paragraph id="12497"><sentence id="39071"><source>Софтверный гигант на свой лад отмечает своё очередное технологическое достижение.</source><tokens><token id="696303" text="Софтверный"><tfr rev_id="2601501" t="Софтверный"><v><l id="388659" t="софтверный"><g v="ADJF"></g><g v="masc"></g><g v="sing"></g><g v="nomn"></g></l></v><v><l id="388659" t="софтверный"><g v="ADJF"></g><g v="inan"></g><g v="masc"></g><g v="sing"></g><g v="accs"></g></l></v></tfr></token><token id="696304" text="гигант"><tfr rev_id="3409402" t="гигант"><v><l id="69542" t="гигант"><g v="NOUN"></g><g v="anim"></g><g v="masc"></g><g v="sing"></g><g v="nomn"></g></l></v><v><l id="69543" t="гигант"><g v="NOUN"></g><g v="inan"></g><g v="masc"></g><g v="sing"></g><g v="nomn"></g></l></v></tfr></token><token id="696305" text="на"><tfr rev_id="3339036" t="на"><v><l id="166264" t="на"><g v="PREP"></g></l></v></tfr></token><token id="696306" text="свой"><tfr rev_id="3629896" t="свой"><v><l id="316379" t="свой"><g v="ADJF"></g><g v="Apro"></g><g v="Anph"></g><g v="masc"></g><g v="sing"></g><g v="nomn"></g></l></v><v><l id="316379" t="свой"><g v="ADJF"></g><g v="Apro"></g><g v="Anph"></g><g v="inan"></g><g v="masc"></g><g v="sing"></g><g v="accs"></g></l></v></tfr></token><token id="696307" text="лад"><tfr rev_id="3501551" t="лад"><v><l id="146289" t="лад"><g v="NOUN"></g><g v="inan"></g><g v="masc"></g><g v="sing"></g><g v="nomn"></g></l></v><v><l id="146289" t="лад"><g v="NOUN"></g><g v="inan"></g><g v="masc"></g><g v="sing"></g><g v="accs"></g></l></v></tfr></token><token id="696308" text="отмечает"><tfr rev_id="1528169" t="отмечает"><v><l id="215600" t="отмечаю"><g v="VERB"></g><g v="impf"></g><g v="tran"></g><g v="sing"></g><g v="3per"></g><g v="pres"></g><g v="indc"></g></l></v></tfr></token><token id="696309" text="своё"><tfr rev_id="3632830" t="своё"><v><l id="316379" t="свой"><g v="ADJF"></g><g v="Apro"></g><g v="Anph"></g><g v="neut"></g><g v="sing"></g><g v="nomn"></g></l></v><v><l id="316379" t="свой"><g v="ADJF"></g><g v="Apro"></g><g v="Anph"></g><g v="neut"></g><g v="sing"></g><g v="accs"></g></l></v></tfr></token><token id="696310" text="очередное"><tfr rev_id="1528171" t="очередное"><v><l id="221690" t="очередной"><g v="ADJF"></g><g v="neut"></g><g v="sing"></g><g v="nomn"></g></l></v><v><l id="221690" t="очередной"><g v="ADJF"></g><g v="neut"></g><g v="sing"></g><g v="accs"></g></l></v></tfr></token><token id="696311" text="технологическое"><tfr rev_id="3667710" t="технологическое"><v><l id="345965" t="технологический"><g v="ADJF"></g><g v="neut"></g><g v="sing"></g><g v="accs"></g></l></v></tfr></token><token id="696312" text="достижение"><tfr rev_id="3549775" t="достижение"><v><l id="90525" t="достижение"><g v="NOUN"></g><g v="inan"></g><g v="neut"></g><g v="sing"></g><g v="accs"></g></l></v></tfr></token><token id="696313" text="."><tfr rev_id="1528174" t="."><v><l id="0" t="."><g v="PNCT"></g></l></v></tfr></token></tokens></sentence><sentence id="39072"><source>По случаю окончания работ по созданию новой мобильной ОС Windows Phone 7 сотрудники Microsoft организовали символическое погребение продукции конкурентов — BlackBerry и iPhone.</source><tokens><token id="696314" text="По"><tfr rev_id="1528175" t="По"><v><l id="241240" t="по"><g v="PREP"></g></l></v></tfr></token><token id="696315" text="случаю"><tfr rev_id="1716306" t="случаю"><v><l id="325472" t="случай"><g v="NOUN"></g><g v="inan"></g><g v="masc"></g><g v="sing"></g><g v="datv"></g></l></v></tfr></token><token id="696316" text="окончания"><tfr rev_id="3434088" t="окончания"><v><l id="205175" t="окончание"><g v="NOUN"></g><g v="inan"></g><g v="neut"></g><g v="sing"></g><g v="gent"></g></l></v></tfr></token><token id="696317" text="работ"><tfr rev_id="1528178" t="работ"><v><l id="290501" t="работа"><g v="NOUN"></g><g v="inan"></g><g v="femn"></g><g v="plur"></g><g v="gent"></g></l></v></tfr></token><token id="696318" text="по"><tfr rev_id="1528179" t="по"><v><l id="241240" t="по"><g v="PREP"></g></l></v></tfr></token><token id="696319" text="созданию"><tfr rev_id="4571750" t="созданию"><v><l id="328580" t="создание"><g v="NOUN"></g><g v="inan"></g><g v="neut"></g><g v="Inmx"></g><g v="sing"></g><g v="datv"></g></l></v></tfr></token><token id="696320" text="новой"><tfr rev_id="2637174" t="новой"><v><l id="191918" t="новый"><g v="ADJF"></g><g v="Qual"></g><g v="femn"></g><g v="sing"></g><g v="gent"></g></l></v></tfr></token><token id="696321" text="мобильной"><tfr rev_id="4167505" t="мобильной"><v><l id="162202" t="мобильный"><g v="ADJF"></g><g v="Qual"></g><g v="femn"></g><g v="sing"></g><g v="gent"></g></l></v></tfr></token><token id="696322" text="ОС"><tfr rev_id="4573534" t="ОС"><v><l id="209395" t="ос"><g v="NOUN"></g><g v="inan"></g><g v="femn"></g><g v="Fixd"></g><g v="Abbr"></g><g v="sing"></g><g v="gent"></g></l></v></tfr></token><token id="696323" text="Windows"><tfr rev_id="2475461" t="Windows"><v><l id="0" t="Windows"><g v="LATN"></g></l></v></tfr></token><token id="696324" text="Phone"><tfr rev_id="2475462" t="Phone"><v><l id="0" t="Phone"><g v="LATN"></g></l></v></tfr></token><token id="696325" text="7"><tfr rev_id="2462844" t="7"><v><l id="0" t="7"><g v="NUMB"></g></l></v></tfr></token><token id="696326" text="сотрудники"><tfr rev_id="1528187" t="сотрудники"><v><l id="330867" t="сотрудник"><g v="NOUN"></g><g v="anim"></g><g v="masc"></g><g v="plur"></g><g v="nomn"></g></l></v></tfr></token><token id="696327" text="Microsoft"><tfr rev_id="2475463" t="Microsoft"><v><l id="0" t="Microsoft"><g v="LATN"></g></l></v></tfr></token><token id="696328" text="организовали"><tfr rev_id="1528189" t="организовали"><v><l id="208757" t="организовал"><g v="VERB"></g><g v="perf"></g><g v="tran"></g><g v="plur"></g><g v="past"></g><g v="indc"></g></l></v><v><l id="208758" t="организую"><g v="VERB"></g><g v="impf"></g><g v="tran"></g><g v="plur"></g><g v="past"></g><g v="indc"></g></l></v></tfr></token><token id="696329" text="символическое"><tfr rev_id="1528190" t="символическое"><v><l id="320668" t="символический"><g v="ADJF"></g><g v="neut"></g><g v="sing"></g><g v="nomn"></g></l></v><v><l id="320668" t="символический"><g v="ADJF"></g><g v="neut"></g><g v="sing"></g><g v="accs"></g></l></v></tfr></token><token id="696330" text="погребение"><tfr rev_id="3706322" t="погребение"><v><l id="243544" t="погребение"><g v="NOUN"></g><g v="inan"></g><g v="neut"></g><g v="sing"></g><g v="accs"></g></l></v></tfr></token><token id="696331" text="продукции"><tfr rev_id="4168479" t="продукции"><v><l id="279370" t="продукция"><g v="NOUN"></g><g v="inan"></g><g v="femn"></g><g v="sing"></g><g v="gent"></g></l></v></tfr></token><token id="696332" text="конкурентов"><tfr rev_id="3435042" t="конкурентов"><v><l id="137896" t="конкурент"><g v="NOUN"></g><g v="anim"></g><g v="masc"></g><g v="plur"></g><g v="gent"></g></l></v></tfr></token><token id="696333" text="—"><tfr rev_id="2446976" t="—"><v><l id="0" t="—"><g v="PNCT"></g></l></v></tfr></token><token id="696334" text="BlackBerry"><tfr rev_id="2475464" t="BlackBerry"><v><l id="0" t="BlackBerry"><g v="LATN"></g></l></v></tfr></token><token id="696335" text="и"><tfr rev_id="1528196" t="и"><v><l id="116949" t="и"><g v="CONJ"></g></l></v><v><l id="116950" t="и"><g v="INTJ"></g></l></v></tfr></token><token id="696336" text="iPhone"><tfr rev_id="2475465" t="iPhone"><v><l id="0" t="iPhone"><g v="LATN"></g></l></v></tfr></token><token id="696337" text="."><tfr rev_id="1528198" t="."><v><l id="0" t="."><g v="PNCT"></g></l></v></tfr></token></tokens></sentence><sentence id="39073"><source>Макеты упомянутых мобильных устройств траурная процессия сначала провезла в катафалках, а затем захоронила.</source><tokens><token id="696338" text="Макеты"><tfr rev_id="3728079" t="Макеты"><v><l id="153333" t="макет"><g v="NOUN"></g><g v="inan"></g><g v="masc"></g><g v="plur"></g><g v="accs"></g></l></v></tfr></token><token id="696339" text="упомянутых"><tfr rev_id="3944173" t="упомянутых"><v><l id="359105" t="упомянутый"><g v="PRTF"></g><g v="perf"></g><g v="tran"></g><g v="past"></g><g v="pssv"></g><g v="plur"></g><g v="gent"></g></l></v></tfr></token><token id="696340" text="мобильных"><tfr rev_id="2955990" t="мобильных"><v><l id="162202" t="мобильный"><g v="ADJF"></g><g v="Qual"></g><g v="plur"></g><g v="gent"></g></l></v></tfr></token><token id="696341" text="устройств"><tfr rev_id="1528202" t="устройств"><v><l id="361253" t="устройство"><g v="NOUN"></g><g v="inan"></g><g v="neut"></g><g v="plur"></g><g v="gent"></g></l></v></tfr></token><token id="696342" text="траурная"><tfr rev_id="1528203" t="траурная"><v><l id="349368" t="траурный"><g v="ADJF"></g><g v="Qual"></g><g v="femn"></g><g v="sing"></g><g v="nomn"></g></l></v></tfr></token><token id="696343" text="процессия"><tfr rev_id="1528204" t="процессия"><v><l id="287365" t="процессия"><g v="NOUN"></g><g v="inan"></g><g v="femn"></g><g v="sing"></g><g v="nomn"></g></l></v></tfr></token><token id="696344" text="сначала"><tfr rev_id="1528205" t="сначала"><v><l id="327200" t="сначала"><g v="ADVB"></g></l></v></tfr></token><token id="696345" text="провезла"><tfr rev_id="4501385" t="провезла"><v><l id="277719" t="провёз"><g v="VERB"></g><g v="perf"></g><g v="tran"></g><g v="femn"></g><g v="sing"></g><g v="past"></g><g v="indc"></g></l></v></tfr></token><token id="696346" text="в"><tfr rev_id="1528207" t="в"><v><l id="37409" t="в"><g v="PREP"></g></l></v></tfr></token><token id="696347" text="катафалках"><tfr rev_id="1528208" t="катафалках"><v><l id="131305" t="катафалк"><g v="NOUN"></g><g v="inan"></g><g v="masc"></g><g v="plur"></g><g v="loct"></g></l></v></tfr></token><token id="696348" text=","><tfr rev_id="1528209" t=","><v><l id="0" t=","><g v="PNCT"></g></l></v></tfr></token><token id="696349" text="а"><tfr rev_id="4103752" t="а"><v><l id="51" t="а"><g v="CONJ"></g></l></v></tfr></token><token id="696350" text="затем"><tfr rev_id="1528211" t="затем"><v><l id="111250" t="затем"><g v="ADVB"></g><g v="Dmns"></g></l></v></tfr></token><token id="696351" text="захоронила"><tfr rev_id="1528212" t="захоронила"><v><l id="112956" t="захоронил"><g v="VERB"></g><g v="perf"></g><g v="tran"></g><g v="femn"></g><g v="sing"></g><g v="past"></g><g v="indc"></g></l></v></tfr></token><token id="696352" text="."><tfr rev_id="1528213" t="."><v><l id="0" t="."><g v="PNCT"></g></l></v></tfr></token></tokens></sentence><sentence id="39074"><source>Как отмечает NEWSru.com, релиз Windows Phone 7 запланирован на 11 октября, а появление первых коммуникаторов на новой платформе должно состояться в конце следующего месяца.</source><tokens><token id="696353" text="Как"><tfr rev_id="1528214" t="Как"><v><l id="128190" t="как"><g v="CONJ"></g></l></v><v><l id="128191" t="как"><g v="PRCL"></g></l></v><v><l id="128192" t="как"><g v="ADVB"></g><g v="Ques"></g></l></v></tfr></token><token id="696354" text="отмечает"><tfr rev_id="1528215" t="отмечает"><v><l id="215600" t="отмечаю"><g v="VERB"></g><g v="impf"></g><g v="tran"></g><g v="sing"></g><g v="3per"></g><g v="pres"></g><g v="indc"></g></l></v></tfr></token><token id="696355" text="NEWSru.com"><tfr rev_id="2475466" t="NEWSru.com"><v><l id="0" t="NEWSru.com"><g v="LATN"></g></l></v></tfr></token><token id="696356" text=","><tfr rev_id="1528217" t=","><v><l id="0" t=","><g v="PNCT"></g></l></v></tfr></token><token id="696357" text="релиз"><tfr rev_id="4083607" t="релиз"><v><l id="305983" t="релиз"><g v="NOUN"></g><g v="inan"></g><g v="masc"></g><g v="sing"></g><g v="nomn"></g></l></v></tfr></token><token id="696358" text="Windows"><tfr rev_id="2475467" t="Windows"><v><l id="0" t="Windows"><g v="LATN"></g></l></v></tfr></token><token id="696359" text="Phone"><tfr rev_id="2475468" t="Phone"><v><l id="0" t="Phone"><g v="LATN"></g></l></v></tfr></token><token id="696360" text="7"><tfr rev_id="2462845" t="7"><v><l id="0" t="7"><g v="NUMB"></g></l></v></tfr></token><token id="696361" text="запланирован"><tfr rev_id="1528222" t="запланирован"><v><l id="107370" t="запланирован"><g v="PRTS"></g><g v="perf"></g><g v="past"></g><g v="pssv"></g><g v="masc"></g><g v="sing"></g></l></v></tfr></token><token id="696362" text="на"><tfr rev_id="3395111" t="на"><v><l id="166264" t="на"><g v="PREP"></g></l></v></tfr></token><token id="696363" text="11"><tfr rev_id="2462846" t="11"><v><l id="0" t="11"><g v="NUMB"></g></l></v></tfr></token><token id="696364" text="октября"><tfr rev_id="1528225" t="октября"><v><l id="205725" t="октябрь"><g v="NOUN"></g><g v="inan"></g><g v="masc"></g><g v="sing"></g><g v="gent"></g></l></v></tfr></token><token id="696365" text=","><tfr rev_id="1528226" t=","><v><l id="0" t=","><g v="PNCT"></g></l></v></tfr></token><token id="696366" text="а"><tfr rev_id="1528227" t="а"><v><l id="51" t="а"><g v="CONJ"></g></l></v><v><l id="52" t="а"><g v="INTJ"></g></l></v><v><l id="53" t="а"><g v="PRCL"></g></l></v></tfr></token><token id="696367" text="появление"><tfr rev_id="1528228" t="появление"><v><l id="265511" t="появление"><g v="NOUN"></g><g v="inan"></g><g v="neut"></g><g v="sing"></g><g v="nomn"></g></l></v><v><l id="265511" t="появление"><g v="NOUN"></g><g v="inan"></g><g v="neut"></g><g v="sing"></g><g v="accs"></g></l></v></tfr></token><token id="696368" text="первых"><tfr rev_id="4421072" t="первых"><v><l id="226359" t="первый"><g v="ADJF"></g><g v="Anum"></g><g v="plur"></g><g v="gent"></g></l></v></tfr></token><token id="696369" text="коммуникаторов"><tfr rev_id="1528230" t="коммуникаторов"><v><l id="137048" t="коммуникатор"><g v="NOUN"></g><g v="inan"></g><g v="masc"></g><g v="plur"></g><g v="gent"></g></l></v></tfr></token><token id="696370" text="на"><tfr rev_id="3475872" t="на"><v><l id="166264" t="на"><g v="PREP"></g></l></v></tfr></token><token id="696371" text="новой"><tfr rev_id="4161798" t="новой"><v><l id="191918" t="новый"><g v="ADJF"></g><g v="Qual"></g><g v="femn"></g><g v="sing"></g><g v="loct"></g></l></v></tfr></token><token id="696372" text="платформе"><tfr rev_id="3551181" t="платформе"><v><l id="240062" t="платформа"><g v="NOUN"></g><g v="inan"></g><g v="femn"></g><g v="sing"></g><g v="loct"></g></l></v></tfr></token><token id="696373" text="должно"><tfr rev_id="2559067" t="должно"><v><l id="87969" t="должно"><g v="PRED"></g><g v="pres"></g></l></v><v><l id="87975" t="должен"><g v="ADJS"></g><g v="neut"></g><g v="sing"></g></l></v></tfr></token><token id="696374" text="состояться"><tfr rev_id="1528235" t="состояться"><v><l id="330569" t="состояться"><g v="INFN"></g><g v="perf"></g><g v="intr"></g></l></v></tfr></token><token id="696375" text="в"><tfr rev_id="1528236" t="в"><v><l id="37409" t="в"><g v="PREP"></g></l></v></tfr></token><token id="696376" text="конце"><tfr rev_id="1528237" t="конце"><v><l id="137815" t="конец"><g v="NOUN"></g><g v="inan"></g><g v="masc"></g><g v="sing"></g><g v="loct"></g></l></v></tfr></token><token id="696377" text="следующего"><tfr rev_id="1528238" t="следующего"><v><l id="324749" t="следующий"><g v="PRTF"></g><g v="impf"></g><g v="intr"></g><g v="pres"></g><g v="actv"></g><g v="masc"></g><g v="sing"></g><g v="gent"></g></l></v><v><l id="324749" t="следующий"><g v="PRTF"></g><g v="impf"></g><g v="intr"></g><g v="pres"></g><g v="actv"></g><g v="anim"></g><g v="masc"></g><g v="sing"></g><g v="accs"></g></l></v><v><l id="324749" t="следующий"><g v="PRTF"></g><g v="impf"></g><g v="intr"></g><g v="pres"></g><g v="actv"></g><g v="neut"></g><g v="sing"></g><g v="gent"></g></l></v><v><l id="324769" t="следующий"><g v="ADJF"></g><g v="masc"></g><g v="sing"></g><g v="gent"></g></l></v><v><l id="324769" t="следующий"><g v="ADJF"></g><g v="anim"></g><g v="masc"></g><g v="sing"></g><g v="accs"></g></l></v><v><l id="324769" t="следующий"><g v="ADJF"></g><g v="neut"></g><g v="sing"></g><g v="gent"></g></l></v></tfr></token><token id="696378" text="месяца"><tfr rev_id="1528239" t="месяца"><v><l id="158841" t="месяц"><g v="NOUN"></g><g v="inan"></g><g v="masc"></g><g v="sing"></g><g v="gent"></g></l></v></tfr></token><token id="696379" text="."><tfr rev_id="1528240" t="."><v><l id="0" t="."><g v="PNCT"></g></l></v></tfr></token></tokens></sentence><sentence id="39075"><source>Судя по всему, фарс в Microsoft означает, что BlackBerry и iPhone отойдут в мир иной после появления на рынке нового поколения устройств на базе ОС Windows Phone 7.</source><tokens><token id="696380" text="Судя"><tfr rev_id="1528241" t="Судя"><v><l id="339002" t="судя"><g v="GRND"></g><g v="impf"></g><g v="tran"></g><g v="pres"></g></l></v></tfr></token><token id="696381" text="по"><tfr rev_id="1528242" t="по"><v><l id="241240" t="по"><g v="PREP"></g></l></v></tfr></token><token id="696382" text="всему"><tfr rev_id="4130243" t="всему"><v><l id="42156" t="весь"><g v="ADJF"></g><g v="Subx"></g><g v="Apro"></g><g v="neut"></g><g v="sing"></g><g v="datv"></g></l></v></tfr></token><token id="696383" text=","><tfr rev_id="1528244" t=","><v><l id="0" t=","><g v="PNCT"></g></l></v></tfr></token><token id="696384" text="фарс"><tfr rev_id="3702422" t="фарс"><v><l id="364558" t="фарс"><g v="NOUN"></g><g v="inan"></g><g v="masc"></g><g v="sing"></g><g v="nomn"></g></l></v></tfr></token><token id="696385" text="в"><tfr rev_id="1528246" t="в"><v><l id="37409" t="в"><g v="PREP"></g></l></v></tfr></token><token id="696386" text="Microsoft"><tfr rev_id="2475469" t="Microsoft"><v><l id="0" t="Microsoft"><g v="LATN"></g></l></v></tfr></token><token id="696387" text="означает"><tfr rev_id="1528248" t="означает"><v><l id="204299" t="означаю"><g v="VERB"></g><g v="impf"></g><g v="tran"></g><g v="sing"></g><g v="3per"></g><g v="pres"></g><g v="indc"></g></l></v></tfr></token><token id="696388" text=","><tfr rev_id="1528249" t=","><v><l id="0" t=","><g v="PNCT"></g></l></v></tfr></token><token id="696389" text="что"><tfr rev_id="3197738" t="что"><v><l id="377004" t="что"><g v="CONJ"></g></l></v><v><l id="377005" t="что"><g v="NPRO"></g><g v="neut"></g><g v="sing"></g><g v="nomn"></g></l></v><v><l id="377005" t="что"><g v="NPRO"></g><g v="neut"></g><g v="sing"></g><g v="accs"></g></l></v><v><l id="377006" t="что"><g v="ADVB"></g><g v="Ques"></g></l></v><v><l id="388695" t="что"><g v="PRCL"></g></l></v></tfr></token><token id="696390" text="BlackBerry"><tfr rev_id="2475470" t="BlackBerry"><v><l id="0" t="BlackBerry"><g v="LATN"></g></l></v></tfr></token><token id="696391" text="и"><tfr rev_id="1528252" t="и"><v><l id="116949" t="и"><g v="CONJ"></g></l></v><v><l id="116950" t="и"><g v="INTJ"></g></l></v></tfr></token><token id="696392" text="iPhone"><tfr rev_id="2475471" t="iPhone"><v><l id="0" t="iPhone"><g v="LATN"></g></l></v></tfr></token><token id="696393" text="отойдут"><tfr rev_id="1528254" t="отойдут"><v><l id="216154" t="отошёл"><g v="VERB"></g><g v="perf"></g><g v="intr"></g><g v="plur"></g><g v="3per"></g><g v="futr"></g><g v="indc"></g></l></v></tfr></token><token id="696394" text="в"><tfr rev_id="1528255" t="в"><v><l id="37409" t="в"><g v="PREP"></g></l></v></tfr></token><token id="696395" text="мир"><tfr rev_id="3816731" t="мир"><v><l id="160807" t="мир"><g v="NOUN"></g><g v="inan"></g><g v="masc"></g><g v="sing"></g><g v="accs"></g></l></v></tfr></token><token id="696396" text="иной"><tfr rev_id="4573002" t="иной"><v><l id="122715" t="иной"><g v="ADJF"></g><g v="Subx"></g><g v="Apro"></g><g v="inan"></g><g v="masc"></g><g v="sing"></g><g v="accs"></g></l></v></tfr></token><token id="696397" text="после"><tfr rev_id="4406269" t="после"><v><l id="261542" t="после"><g v="PREP"></g></l></v></tfr></token><token id="696398" text="появления"><tfr rev_id="3468976" t="появления"><v><l id="265511" t="появление"><g v="NOUN"></g><g v="inan"></g><g v="neut"></g><g v="sing"></g><g v="gent"></g></l></v></tfr></token><token id="696399" text="на"><tfr rev_id="3338653" t="на"><v><l id="166264" t="на"><g v="PREP"></g></l></v></tfr></token><token id="696400" text="рынке"><tfr rev_id="1528261" t="рынке"><v><l id="310781" t="рынок"><g v="NOUN"></g><g v="inan"></g><g v="masc"></g><g v="sing"></g><g v="loct"></g></l></v></tfr></token><token id="696401" text="нового"><tfr rev_id="4535267" t="нового"><v><l id="191918" t="новый"><g v="ADJF"></g><g v="Qual"></g><g v="masc"></g><g v="sing"></g><g v="gent"></g></l></v><v><l id="191918" t="новый"><g v="ADJF"></g><g v="Qual"></g><g v="neut"></g><g v="sing"></g><g v="gent"></g></l></v></tfr></token><token id="696402" text="поколения"><tfr rev_id="3505311" t="поколения"><v><l id="254517" t="поколение"><g v="NOUN"></g><g v="inan"></g><g v="neut"></g><g v="sing"></g><g v="gent"></g></l></v></tfr></token><token id="696403" text="устройств"><tfr rev_id="1528264" t="устройств"><v><l id="361253" t="устройство"><g v="NOUN"></g><g v="inan"></g><g v="neut"></g><g v="plur"></g><g v="gent"></g></l></v></tfr></token><token id="696404" text="на"><tfr rev_id="3475399" t="на"><v><l id="166264" t="на"><g v="PREP"></g></l></v></tfr></token><token id="696405" text="базе"><tfr rev_id="4295904" t="базе"><v><l id="22146" t="база"><g v="NOUN"></g><g v="inan"></g><g v="femn"></g><g v="sing"></g><g v="loct"></g></l></v></tfr></token><token id="696406" text="ОС"><tfr rev_id="4574011" t="ОС"><v><l id="209395" t="ос"><g v="NOUN"></g><g v="inan"></g><g v="femn"></g><g v="Fixd"></g><g v="Abbr"></g><g v="sing"></g><g v="gent"></g></l></v></tfr></token><token id="696407" text="Windows"><tfr rev_id="2475472" t="Windows"><v><l id="0" t="Windows"><g v="LATN"></g></l></v></tfr></token><token id="696408" text="Phone"><tfr rev_id="2475473" t="Phone"><v><l id="0" t="Phone"><g v="LATN"></g></l></v></tfr></token><token id="696409" text="7"><tfr rev_id="2462847" t="7"><v><l id="0" t="7"><g v="NUMB"></g></l></v></tfr></token><token id="696410" text="."><tfr rev_id="1528271" t="."><v><l id="0" t="."><g v="PNCT"></g></l></v></tfr></token></tokens></sentence></paragraph><paragraph id="12498"><sentence id="39076"><source>Такое представление не удивительно, если учесть, что у Microsoft на новую платформу очень большие надежды.</source><tokens><token id="696411" text="Такое"><tfr rev_id="1528272" t="Такое"><v><l id="342491" t="такой"><g v="ADJF"></g><g v="Apro"></g><g v="neut"></g><g v="sing"></g><g v="nomn"></g></l></v><v><l id="342491" t="такой"><g v="ADJF"></g><g v="Apro"></g><g v="neut"></g><g v="sing"></g><g v="accs"></g></l></v></tfr></token><token id="696412" text="представление"><tfr rev_id="1528273" t="представление"><v><l id="267110" t="представление"><g v="NOUN"></g><g v="inan"></g><g v="neut"></g><g v="sing"></g><g v="nomn"></g></l></v><v><l id="267110" t="представление"><g v="NOUN"></g><g v="inan"></g><g v="neut"></g><g v="sing"></g><g v="accs"></g></l></v></tfr></token><token id="696413" text="не"><tfr rev_id="1528274" t="не"><v><l id="178876" t="не"><g v="PRCL"></g></l></v></tfr></token><token id="696414" text="удивительно"><tfr rev_id="1528275" t="удивительно"><v><l id="354899" t="удивительно"><g v="ADVB"></g><g v="Prdx"></g></l></v><v><l id="354903" t="удивителен"><g v="ADJS"></g><g v="Qual"></g><g v="neut"></g><g v="sing"></g></l></v></tfr></token><token id="696415" text=","><tfr rev_id="1528276" t=","><v><l id="0" t=","><g v="PNCT"></g></l></v></tfr></token><token id="696416" text="если"><tfr rev_id="1528277" t="если"><v><l id="95365" t="если"><g v="CONJ"></g></l></v></tfr></token><token id="696417" text="учесть"><tfr rev_id="1528278" t="учесть"><v><l id="363219" t="учесть"><g v="INFN"></g><g v="perf"></g><g v="tran"></g></l></v></tfr></token><token id="696418" text=","><tfr rev_id="1528279" t=","><v><l id="0" t=","><g v="PNCT"></g></l></v></tfr></token><token id="696419" text="что"><tfr rev_id="3197739" t="что"><v><l id="377004" t="что"><g v="CONJ"></g></l></v><v><l id="377005" t="что"><g v="NPRO"></g><g v="neut"></g><g v="sing"></g><g v="nomn"></g></l></v><v><l id="377005" t="что"><g v="NPRO"></g><g v="neut"></g><g v="sing"></g><g v="accs"></g></l></v><v><l id="377006" t="что"><g v="ADVB"></g><g v="Ques"></g></l></v><v><l id="388695" t="что"><g v="PRCL"></g></l></v></tfr></token><token id="696420" text="у"><tfr rev_id="3332931" t="у"><v><l id="352818" t="у"><g v="PREP"></g></l></v></tfr></token><token id="696421" text="Microsoft"><tfr rev_id="2475474" t="Microsoft"><v><l id="0" t="Microsoft"><g v="LATN"></g></l></v></tfr></token><token id="696422" text="на"><tfr rev_id="3338314" t="на"><v><l id="166264" t="на"><g v="PREP"></g></l></v></tfr></token><token id="696423" text="новую"><tfr rev_id="1528284" t="новую"><v><l id="191918" t="новый"><g v="ADJF"></g><g v="Qual"></g><g v="femn"></g><g v="sing"></g><g v="accs"></g></l></v></tfr></token><token id="696424" text="платформу"><tfr rev_id="1528285" t="платформу"><v><l id="240062" t="платформа"><g v="NOUN"></g><g v="inan"></g><g v="femn"></g><g v="sing"></g><g v="accs"></g></l></v></tfr></token><token id="696425" text="очень"><tfr rev_id="1528286" t="очень"><v><l id="221681" t="очень"><g v="ADVB"></g></l></v></tfr></token><token id="696426" text="большие"><tfr rev_id="4534611" t="большие"><v><l id="32439" t="больший"><g v="ADJF"></g><g v="Qual"></g><g v="plur"></g><g v="nomn"></g></l></v><v><l id="32445" t="большой"><g v="ADJF"></g><g v="Qual"></g><g v="plur"></g><g v="nomn"></g></l></v></tfr></token><token id="696427" text="надежды"><tfr rev_id="4282639" t="надежды"><v><l id="168739" t="надежда"><g v="NOUN"></g><g v="inan"></g><g v="femn"></g><g v="plur"></g><g v="nomn"></g></l></v></tfr></token><token id="696428" text="."><tfr rev_id="1528289" t="."><v><l id="0" t="."><g v="PNCT"></g></l></v></tfr></token></tokens></sentence><sentence id="39077"><source>В компании полагают, что новинка станет достойным конкурентом для весьма востребованных у пользователей BlackBerry OS, iOS и Android.</source><tokens><token id="696429" text="В"><tfr rev_id="1528290" t="В"><v><l id="37409" t="в"><g v="PREP"></g></l></v></tfr></token><token id="696430" text="компании"><tfr rev_id="4313947" t="компании"><v><l id="137146" t="компания"><g v="NOUN"></g><g v="inan"></g><g v="femn"></g><g v="sing"></g><g v="loct"></g></l></v></tfr></token><token id="696431" text="полагают"><tfr rev_id="1528292" t="полагают"><v><l id="255118" t="полагаю"><g v="VERB"></g><g v="impf"></g><g v="tran"></g><g v="plur"></g><g v="3per"></g><g v="pres"></g><g v="indc"></g></l></v></tfr></token><token id="696432" text=","><tfr rev_id="1528293" t=","><v><l id="0" t=","><g v="PNCT"></g></l></v></tfr></token><token id="696433" text="что"><tfr rev_id="3197740" t="что"><v><l id="377004" t="что"><g v="CONJ"></g></l></v><v><l id="377005" t="что"><g v="NPRO"></g><g v="neut"></g><g v="sing"></g><g v="nomn"></g></l></v><v><l id="377005" t="что"><g v="NPRO"></g><g v="neut"></g><g v="sing"></g><g v="accs"></g></l></v><v><l id="377006" t="что"><g v="ADVB"></g><g v="Ques"></g></l></v><v><l id="388695" t="что"><g v="PRCL"></g></l></v></tfr></token><token id="696434" text="новинка"><tfr rev_id="1528295" t="новинка"><v><l id="191513" t="новинка"><g v="NOUN"></g><g v="inan"></g><g v="femn"></g><g v="sing"></g><g v="nomn"></g></l></v></tfr></token><token id="696435" text="станет"><tfr rev_id="1528296" t="станет"><v><l id="335164" t="стал"><g v="VERB"></g><g v="perf"></g><g v="intr"></g><g v="sing"></g><g v="3per"></g><g v="futr"></g><g v="indc"></g></l></v></tfr></token><token id="696436" text="достойным"><tfr rev_id="4317934" t="достойным"><v><l id="90583" t="достойный"><g v="ADJF"></g><g v="Qual"></g><g v="masc"></g><g v="sing"></g><g v="ablt"></g></l></v></tfr></token><token id="696437" text="конкурентом"><tfr rev_id="1528298" t="конкурентом"><v><l id="137896" t="конкурент"><g v="NOUN"></g><g v="anim"></g><g v="masc"></g><g v="sing"></g><g v="ablt"></g></l></v></tfr></token><token id="696438" text="для"><tfr rev_id="2844756" t="для"><v><l id="85032" t="для"><g v="PREP"></g></l></v></tfr></token><token id="696439" text="весьма"><tfr rev_id="1528300" t="весьма"><v><l id="42160" t="весьма"><g v="ADVB"></g></l></v></tfr></token><token id="696440" text="востребованных"><tfr rev_id="3944149" t="востребованных"><v><l id="51990" t="востребованный"><g v="PRTF"></g><g v="perf"></g><g v="tran"></g><g v="past"></g><g v="pssv"></g><g v="plur"></g><g v="gent"></g></l></v></tfr></token><token id="696441" text="у"><tfr rev_id="3326234" t="у"><v><l id="352818" t="у"><g v="PREP"></g></l></v></tfr></token><token id="696442" text="пользователей"><tfr rev_id="3547169" t="пользователей"><v><l id="257079" t="пользователь"><g v="NOUN"></g><g v="anim"></g><g v="masc"></g><g v="plur"></g><g v="gent"></g></l></v></tfr></token><token id="696443" text="BlackBerry"><tfr rev_id="2475475" t="BlackBerry"><v><l id="0" t="BlackBerry"><g v="LATN"></g></l></v></tfr></token><token id="696444" text="OS"><tfr rev_id="2475476" t="OS"><v><l id="0" t="OS"><g v="LATN"></g></l></v></tfr></token><token id="696445" text=","><tfr rev_id="1528306" t=","><v><l id="0" t=","><g v="PNCT"></g></l></v></tfr></token><token id="696446" text="iOS"><tfr rev_id="2475477" t="iOS"><v><l id="0" t="iOS"><g v="LATN"></g></l></v></tfr></token><token id="696447" text="и"><tfr rev_id="1528308" t="и"><v><l id="116949" t="и"><g v="CONJ"></g></l></v><v><l id="116950" t="и"><g v="INTJ"></g></l></v></tfr></token><token id="696448" text="Android"><tfr rev_id="2475478" t="Android"><v><l id="0" t="Android"><g v="LATN"></g></l></v></tfr></token><token id="696449" text="."><tfr rev_id="1528310" t="."><v><l id="0" t="."><g v="PNCT"></g></l></v></tfr></token></tokens></sentence><sentence id="39078"><source>«У нас есть тысячи партнёров и независимых разработчиков, 8,5 млн часов тестирования и масса вендоров, заявивших о готовности начать выпуск софта совместимого с Windows Phone 7.</source><tokens><token id="696450" text="«"><tfr rev_id="2446977" t="«"><v><l id="0" t="«"><g v="PNCT"></g></l></v></tfr></token><token id="696451" text="У"><tfr rev_id="3226845" t="У"><v><l id="352818" t="у"><g v="PREP"></g></l></v></tfr></token><token id="696452" text="нас"><tfr rev_id="3124794" t="нас"><v><l id="165750" t="мы"><g v="NPRO"></g><g v="1per"></g><g v="plur"></g><g v="gent"></g></l></v></tfr></token><token id="696453" text="есть"><tfr rev_id="4385204" t="есть"><v><l id="37265" t="есть"><g v="VERB"></g><g v="impf"></g><g v="intr"></g><g v="sing"></g><g v="3per"></g><g v="pres"></g><g v="indc"></g></l></v><v><l id="37265" t="есть"><g v="VERB"></g><g v="impf"></g><g v="intr"></g><g v="plur"></g><g v="3per"></g><g v="pres"></g><g v="indc"></g></l></v></tfr></token><token id="696454" text="тысячи"><tfr rev_id="3792974" t="тысячи"><v><l id="352230" t="тысяча"><g v="NOUN"></g><g v="inan"></g><g v="femn"></g><g v="plur"></g><g v="nomn"></g></l></v></tfr></token><token id="696455" text="партнёров"><tfr rev_id="3540916" t="партнёров"><v><l id="224438" t="партнёр"><g v="NOUN"></g><g v="anim"></g><g v="masc"></g><g v="plur"></g><g v="gent"></g></l></v></tfr></token><token id="696456" text="и"><tfr rev_id="3692920" t="и"><v><l id="116949" t="и"><g v="CONJ"></g></l></v></tfr></token><token id="696457" text="независимых"><tfr rev_id="3542398" t="независимых"><v><l id="182131" t="независимый"><g v="ADJF"></g><g v="Qual"></g><g v="plur"></g><g v="gent"></g></l></v></tfr></token><token id="696458" text="разработчиков"><tfr rev_id="4098204" t="разработчиков"><v><l id="296486" t="разработчик"><g v="NOUN"></g><g v="anim"></g><g v="masc"></g><g v="plur"></g><g v="gent"></g></l></v></tfr></token><token id="696459" text=","><tfr rev_id="1528320" t=","><v><l id="0" t=","><g v="PNCT"></g></l></v></tfr></token><token id="696460" text="8,5"><tfr rev_id="2462848" t="8,5"><v><l id="0" t="8,5"><g v="NUMB"></g></l></v></tfr></token><token id="696461" text="млн"><tfr rev_id="4136668" t="млн"><v><l id="389040" t="млн"><g v="NOUN"></g><g v="inan"></g><g v="masc"></g><g v="Fixd"></g><g v="Abbr"></g><g v="plur"></g><g v="nomn"></g></l></v><v><l id="389040" t="млн"><g v="NOUN"></g><g v="inan"></g><g v="masc"></g><g v="Fixd"></g><g v="Abbr"></g><g v="plur"></g><g v="gent"></g></l></v><v><l id="389040" t="млн"><g v="NOUN"></g><g v="inan"></g><g v="masc"></g><g v="Fixd"></g><g v="Abbr"></g><g v="plur"></g><g v="datv"></g></l></v><v><l id="389040" t="млн"><g v="NOUN"></g><g v="inan"></g><g v="masc"></g><g v="Fixd"></g><g v="Abbr"></g><g v="plur"></g><g v="accs"></g></l></v><v><l id="389040" t="млн"><g v="NOUN"></g><g v="inan"></g><g v="masc"></g><g v="Fixd"></g><g v="Abbr"></g><g v="plur"></g><g v="ablt"></g></l></v><v><l id="389040" t="млн"><g v="NOUN"></g><g v="inan"></g><g v="masc"></g><g v="Fixd"></g><g v="Abbr"></g><g v="plur"></g><g v="loct"></g></l></v></tfr></token><token id="696462" text="часов"><tfr rev_id="1528323" t="часов"><v><l id="374736" t="час"><g v="NOUN"></g><g v="inan"></g><g v="masc"></g><g v="plur"></g><g v="gent"></g></l></v><v><l id="374822" t="часы"><g v="NOUN"></g><g v="inan"></g><g v="GNdr"></g><g v="Pltm"></g><g v="plur"></g><g v="gent"></g></l></v></tfr></token><token id="696463" text="тестирования"><tfr rev_id="1528324" t="тестирования"><v><l id="345762" t="тестирование"><g v="NOUN"></g><g v="inan"></g><g v="neut"></g><g v="Sgtm"></g><g v="sing"></g><g v="gent"></g></l></v></tfr></token><token id="696464" text="и"><tfr rev_id="1528325" t="и"><v><l id="116949" t="и"><g v="CONJ"></g></l></v><v><l id="116950" t="и"><g v="INTJ"></g></l></v></tfr></token><token id="696465" text="масса"><tfr rev_id="1528326" t="масса"><v><l id="155977" t="масса"><g v="NOUN"></g><g v="inan"></g><g v="femn"></g><g v="sing"></g><g v="nomn"></g></l></v></tfr></token><token id="696466" text="вендоров"><tfr rev_id="4384636" t="вендоров"><v><l id="388783" t="вендор"><g v="NOUN"></g><g v="anim"></g><g v="masc"></g><g v="plur"></g><g v="gent"></g></l></v></tfr></token><token id="696467" text=","><tfr rev_id="1528328" t=","><v><l id="0" t=","><g v="PNCT"></g></l></v></tfr></token><token id="696468" text="заявивших"><tfr rev_id="4427140" t="заявивших"><v><l id="114302" t="заявивший"><g v="PRTF"></g><g v="perf"></g><g v="tran"></g><g v="past"></g><g v="actv"></g><g v="plur"></g><g v="gent"></g></l></v></tfr></token><token id="696469" text="о"><tfr rev_id="1528330" t="о"><v><l id="192977" t="о"><g v="PREP"></g></l></v><v><l id="192978" t="о"><g v="INTJ"></g></l></v></tfr></token><token id="696470" text="готовности"><tfr rev_id="4345550" t="готовности"><v><l id="74219" t="готовность"><g v="NOUN"></g><g v="inan"></g><g v="femn"></g><g v="sing"></g><g v="loct"></g></l></v></tfr></token><token id="696471" text="начать"><tfr rev_id="1528332" t="начать"><v><l id="178225" t="начать"><g v="INFN"></g><g v="perf"></g><g v="tran"></g></l></v></tfr></token><token id="696472" text="выпуск"><tfr rev_id="4099496" t="выпуск"><v><l id="60996" t="выпуск"><g v="NOUN"></g><g v="inan"></g><g v="masc"></g><g v="sing"></g><g v="accs"></g></l></v></tfr></token><token id="696473" text="софта"><tfr rev_id="1528334" t="софта"><v><l id="330963" t="софт"><g v="NOUN"></g><g v="inan"></g><g v="masc"></g><g v="sing"></g><g v="gent"></g></l></v></tfr></token><token id="696474" text="совместимого"><tfr rev_id="3454170" t="совместимого"><v><l id="328089" t="совместимый"><g v="ADJF"></g><g v="Qual"></g><g v="masc"></g><g v="sing"></g><g v="gent"></g></l></v><v><l id="328089" t="совместимый"><g v="ADJF"></g><g v="Qual"></g><g v="anim"></g><g v="masc"></g><g v="sing"></g><g v="accs"></g></l></v></tfr></token><token id="696475" text="с"><tfr rev_id="1528336" t="с"><v><l id="311151" t="с"><g v="PREP"></g></l></v></tfr></token><token id="696476" text="Windows"><tfr rev_id="2475479" t="Windows"><v><l id="0" t="Windows"><g v="LATN"></g></l></v></tfr></token><token id="696477" text="Phone"><tfr rev_id="2475480" t="Phone"><v><l id="0" t="Phone"><g v="LATN"></g></l></v></tfr></token><token id="696478" text="7"><tfr rev_id="2462849" t="7"><v><l id="0" t="7"><g v="NUMB"></g></l></v></tfr></token><token id="696479" text="."><tfr rev_id="1528340" t="."><v><l id="0" t="."><g v="PNCT"></g></l></v></tfr></token></tokens></sentence><sentence id="39079"><source>Иными словами, мы полностью готовы»,</source><tokens><token id="696480" text="Иными"><tfr rev_id="3804519" t="Иными"><v><l id="122715" t="иной"><g v="ADJF"></g><g v="Subx"></g><g v="Apro"></g><g v="plur"></g><g v="ablt"></g></l></v></tfr></token><token id="696481" text="словами"><tfr rev_id="1528342" t="словами"><v><l id="325168" t="слово"><g v="NOUN"></g><g v="inan"></g><g v="neut"></g><g v="plur"></g><g v="ablt"></g></l></v></tfr></token><token id="696482" text=","><tfr rev_id="1528343" t=","><v><l id="0" t=","><g v="PNCT"></g></l></v></tfr></token><token id="696483" text="мы"><tfr rev_id="1528344" t="мы"><v><l id="165750" t="мы"><g v="NPRO"></g><g v="1per"></g><g v="plur"></g><g v="nomn"></g></l></v></tfr></token><token id="696484" text="полностью"><tfr rev_id="1528345" t="полностью"><v><l id="256145" t="полностью"><g v="ADVB"></g></l></v></tfr></token><token id="696485" text="готовы"><tfr rev_id="1528346" t="готовы"><v><l id="74227" t="готов"><g v="ADJS"></g><g v="Qual"></g><g v="plur"></g></l></v></tfr></token><token id="696486" text="»"><tfr rev_id="2446978" t="»"><v><l id="0" t="»"><g v="PNCT"></g></l></v></tfr></token><token id="696487" text=","><tfr rev_id="1528348" t=","><v><l id="0" t=","><g v="PNCT"></g></l></v></tfr></token></tokens></sentence><sentence id="39080"><source>— гордо заявляют в Microsoft.</source><tokens><token id="696488" text="—"><tfr rev_id="2446979" t="—"><v><l id="0" t="—"><g v="PNCT"></g></l></v></tfr></token><token id="696489" text="гордо"><tfr rev_id="3526483" t="гордо"><v><l id="73210" t="гордо"><g v="ADVB"></g></l></v></tfr></token><token id="696490" text="заявляют"><tfr rev_id="1528351" t="заявляют"><v><l id="114312" t="заявляю"><g v="VERB"></g><g v="impf"></g><g v="tran"></g><g v="plur"></g><g v="3per"></g><g v="pres"></g><g v="indc"></g></l></v></tfr></token><token id="696491" text="в"><tfr rev_id="1528352" t="в"><v><l id="37409" t="в"><g v="PREP"></g></l></v></tfr></token><token id="696492" text="Microsoft"><tfr rev_id="2475481" t="Microsoft"><v><l id="0" t="Microsoft"><g v="LATN"></g></l></v></tfr></token><token id="696493" text="."><tfr rev_id="1528354" t="."><v><l id="0" t="."><g v="PNCT"></g></l></v></tfr></token></tokens></sentence></paragraph></paragraphs></text>