<?xml version="1.0" encoding="utf-8"?><text id="1383" parent="226" name="20076 Фурсенко против ямы"><tags><tag>url:http://www.chaskor.ru/news/fursenko_protiv_yamy_20076</tag><tag>Год:2010</tag><tag>Дата:25/09</tag><tag>Тема:Часкор/Общество</tag><tag>Тема:Часкор/Общество/Школа</tag></tags><paragraphs><paragraph id="38558"><sentence id="110358"><source>Фурсенко против ямы</source><tokens><token id="1996527" text="Фурсенко"><tfr rev_id="4547779" t="Фурсенко"><v><l id="389012" t="фурсенко"><g v="NOUN"></g><g v="anim"></g><g v="ms-f"></g><g v="Fixd"></g><g v="Surn"></g><g v="plur"></g><g v="ablt"></g></l></v><v><l id="389012" t="фурсенко"><g v="NOUN"></g><g v="anim"></g><g v="ms-f"></g><g v="Fixd"></g><g v="Surn"></g><g v="plur"></g><g v="accs"></g></l></v><v><l id="389012" t="фурсенко"><g v="NOUN"></g><g v="anim"></g><g v="ms-f"></g><g v="Fixd"></g><g v="Surn"></g><g v="plur"></g><g v="datv"></g></l></v><v><l id="389012" t="фурсенко"><g v="NOUN"></g><g v="anim"></g><g v="ms-f"></g><g v="Fixd"></g><g v="Surn"></g><g v="plur"></g><g v="gent"></g></l></v><v><l id="389012" t="фурсенко"><g v="NOUN"></g><g v="anim"></g><g v="ms-f"></g><g v="Fixd"></g><g v="Surn"></g><g v="plur"></g><g v="loct"></g></l></v><v><l id="389012" t="фурсенко"><g v="NOUN"></g><g v="anim"></g><g v="ms-f"></g><g v="Fixd"></g><g v="Surn"></g><g v="plur"></g><g v="nomn"></g></l></v><v><l id="389012" t="фурсенко"><g v="NOUN"></g><g v="anim"></g><g v="ms-f"></g><g v="Fixd"></g><g v="Surn"></g><g v="sing"></g><g v="ablt"></g></l></v><v><l id="389012" t="фурсенко"><g v="NOUN"></g><g v="anim"></g><g v="ms-f"></g><g v="Fixd"></g><g v="Surn"></g><g v="sing"></g><g v="accs"></g></l></v><v><l id="389012" t="фурсенко"><g v="NOUN"></g><g v="anim"></g><g v="ms-f"></g><g v="Fixd"></g><g v="Surn"></g><g v="sing"></g><g v="datv"></g></l></v><v><l id="389012" t="фурсенко"><g v="NOUN"></g><g v="anim"></g><g v="ms-f"></g><g v="Fixd"></g><g v="Surn"></g><g v="sing"></g><g v="gent"></g></l></v><v><l id="389012" t="фурсенко"><g v="NOUN"></g><g v="anim"></g><g v="ms-f"></g><g v="Fixd"></g><g v="Surn"></g><g v="sing"></g><g v="loct"></g></l></v><v><l id="389012" t="фурсенко"><g v="NOUN"></g><g v="anim"></g><g v="ms-f"></g><g v="Fixd"></g><g v="Surn"></g><g v="sing"></g><g v="nomn"></g></l></v></tfr></token><token id="1996528" text="против"><tfr rev_id="4547780" t="против"><v><l id="285790" t="против"><g v="PREP"></g></l></v><v><l id="285791" t="против"><g v="ADVB"></g><g v="Prdx"></g></l></v></tfr></token><token id="1996529" text="ямы"><tfr rev_id="4547781" t="ямы"><v><l id="387829" t="ям"><g v="NOUN"></g><g v="inan"></g><g v="masc"></g><g v="plur"></g><g v="accs"></g></l></v><v><l id="387829" t="ям"><g v="NOUN"></g><g v="inan"></g><g v="masc"></g><g v="plur"></g><g v="nomn"></g></l></v><v><l id="387830" t="яма"><g v="NOUN"></g><g v="inan"></g><g v="femn"></g><g v="plur"></g><g v="accs"></g></l></v><v><l id="387830" t="яма"><g v="NOUN"></g><g v="inan"></g><g v="femn"></g><g v="plur"></g><g v="nomn"></g></l></v><v><l id="387830" t="яма"><g v="NOUN"></g><g v="inan"></g><g v="femn"></g><g v="sing"></g><g v="gent"></g></l></v></tfr></token></tokens></sentence></paragraph><paragraph id="38559"><sentence id="110359"><source>Министр образования опровергает информацию о сокращении 200 тыс. учителей из-за демографической ямы, но при этом говорит, что эффективность расходования бюджетных средств может быть повышена за счёт сокращения учителей.</source><tokens><token id="1996530" text="Министр"><tfr rev_id="4547782" t="Министр"><v><l id="160614" t="министр"><g v="NOUN"></g><g v="anim"></g><g v="masc"></g><g v="sing"></g><g v="nomn"></g></l></v></tfr></token><token id="1996531" text="образования"><tfr rev_id="4547783" t="образования"><v><l id="198798" t="образование"><g v="NOUN"></g><g v="inan"></g><g v="neut"></g><g v="plur"></g><g v="accs"></g></l></v><v><l id="198798" t="образование"><g v="NOUN"></g><g v="inan"></g><g v="neut"></g><g v="plur"></g><g v="nomn"></g></l></v><v><l id="198798" t="образование"><g v="NOUN"></g><g v="inan"></g><g v="neut"></g><g v="sing"></g><g v="gent"></g></l></v></tfr></token><token id="1996532" text="опровергает"><tfr rev_id="4547784" t="опровергает"><v><l id="208091" t="опровергаю"><g v="VERB"></g><g v="impf"></g><g v="tran"></g><g v="sing"></g><g v="3per"></g><g v="pres"></g><g v="indc"></g></l></v></tfr></token><token id="1996533" text="информацию"><tfr rev_id="4547785" t="информацию"><v><l id="123576" t="информация"><g v="NOUN"></g><g v="inan"></g><g v="femn"></g><g v="sing"></g><g v="accs"></g></l></v></tfr></token><token id="1996534" text="о"><tfr rev_id="4580047" t="о"><v><l id="192977" t="о"><g v="PREP"></g></l></v></tfr></token><token id="1996535" text="сокращении"><tfr rev_id="4547787" t="сокращении"><v><l id="328844" t="сокращение"><g v="NOUN"></g><g v="inan"></g><g v="neut"></g><g v="sing"></g><g v="loct"></g></l></v></tfr></token><token id="1996536" text="200"><tfr rev_id="4547788" t="200"><v><l id="0" t="200"><g v="NUMB"></g></l></v></tfr></token><token id="1996537" text="тыс"><tfr rev_id="4547789" t="тыс"><v><l id="389041" t="тыс"><g v="NOUN"></g><g v="inan"></g><g v="femn"></g><g v="Fixd"></g><g v="Abbr"></g><g v="plur"></g><g v="ablt"></g></l></v><v><l id="389041" t="тыс"><g v="NOUN"></g><g v="inan"></g><g v="femn"></g><g v="Fixd"></g><g v="Abbr"></g><g v="plur"></g><g v="accs"></g></l></v><v><l id="389041" t="тыс"><g v="NOUN"></g><g v="inan"></g><g v="femn"></g><g v="Fixd"></g><g v="Abbr"></g><g v="plur"></g><g v="datv"></g></l></v><v><l id="389041" t="тыс"><g v="NOUN"></g><g v="inan"></g><g v="femn"></g><g v="Fixd"></g><g v="Abbr"></g><g v="plur"></g><g v="gent"></g></l></v><v><l id="389041" t="тыс"><g v="NOUN"></g><g v="inan"></g><g v="femn"></g><g v="Fixd"></g><g v="Abbr"></g><g v="plur"></g><g v="loct"></g></l></v><v><l id="389041" t="тыс"><g v="NOUN"></g><g v="inan"></g><g v="femn"></g><g v="Fixd"></g><g v="Abbr"></g><g v="plur"></g><g v="nomn"></g></l></v><v><l id="389041" t="тыс"><g v="NOUN"></g><g v="inan"></g><g v="femn"></g><g v="Fixd"></g><g v="Abbr"></g><g v="sing"></g><g v="ablt"></g></l></v><v><l id="389041" t="тыс"><g v="NOUN"></g><g v="inan"></g><g v="femn"></g><g v="Fixd"></g><g v="Abbr"></g><g v="sing"></g><g v="accs"></g></l></v><v><l id="389041" t="тыс"><g v="NOUN"></g><g v="inan"></g><g v="femn"></g><g v="Fixd"></g><g v="Abbr"></g><g v="sing"></g><g v="datv"></g></l></v><v><l id="389041" t="тыс"><g v="NOUN"></g><g v="inan"></g><g v="femn"></g><g v="Fixd"></g><g v="Abbr"></g><g v="sing"></g><g v="gent"></g></l></v><v><l id="389041" t="тыс"><g v="NOUN"></g><g v="inan"></g><g v="femn"></g><g v="Fixd"></g><g v="Abbr"></g><g v="sing"></g><g v="loct"></g></l></v><v><l id="389041" t="тыс"><g v="NOUN"></g><g v="inan"></g><g v="femn"></g><g v="Fixd"></g><g v="Abbr"></g><g v="sing"></g><g v="nomn"></g></l></v></tfr></token><token id="1996538" text="."><tfr rev_id="4547790" t="."><v><l id="0" t="."><g v="PNCT"></g></l></v></tfr></token><token id="1996539" text="учителей"><tfr rev_id="4547791" t="учителей"><v><l id="363287" t="учитель"><g v="NOUN"></g><g v="anim"></g><g v="masc"></g><g v="plur"></g><g v="accs"></g></l></v><v><l id="363287" t="учитель"><g v="NOUN"></g><g v="anim"></g><g v="masc"></g><g v="plur"></g><g v="gent"></g></l></v></tfr></token><token id="1996540" text="из-за"><tfr rev_id="4547792" t="из-за"><v><l id="117678" t="из-за"><g v="PREP"></g></l></v></tfr></token><token id="1996541" text="демографической"><tfr rev_id="4547793" t="демографической"><v><l id="80946" t="демографический"><g v="ADJF"></g><g v="femn"></g><g v="sing"></g><g v="ablt"></g></l></v><v><l id="80946" t="демографический"><g v="ADJF"></g><g v="femn"></g><g v="sing"></g><g v="datv"></g></l></v><v><l id="80946" t="демографический"><g v="ADJF"></g><g v="femn"></g><g v="sing"></g><g v="gent"></g></l></v><v><l id="80946" t="демографический"><g v="ADJF"></g><g v="femn"></g><g v="sing"></g><g v="loct"></g></l></v></tfr></token><token id="1996542" text="ямы"><tfr rev_id="4547794" t="ямы"><v><l id="387829" t="ям"><g v="NOUN"></g><g v="inan"></g><g v="masc"></g><g v="plur"></g><g v="accs"></g></l></v><v><l id="387829" t="ям"><g v="NOUN"></g><g v="inan"></g><g v="masc"></g><g v="plur"></g><g v="nomn"></g></l></v><v><l id="387830" t="яма"><g v="NOUN"></g><g v="inan"></g><g v="femn"></g><g v="plur"></g><g v="accs"></g></l></v><v><l id="387830" t="яма"><g v="NOUN"></g><g v="inan"></g><g v="femn"></g><g v="plur"></g><g v="nomn"></g></l></v><v><l id="387830" t="яма"><g v="NOUN"></g><g v="inan"></g><g v="femn"></g><g v="sing"></g><g v="gent"></g></l></v></tfr></token><token id="1996543" text=","><tfr rev_id="4547795" t=","><v><l id="0" t=","><g v="PNCT"></g></l></v></tfr></token><token id="1996544" text="но"><tfr rev_id="4547796" t="но"><v><l id="191429" t="но"><g v="CONJ"></g></l></v><v><l id="191430" t="но"><g v="INTJ"></g></l></v></tfr></token><token id="1996545" text="при"><tfr rev_id="4579900" t="при"><v><l id="268625" t="при"><g v="PREP"></g></l></v></tfr></token><token id="1996546" text="этом"><tfr rev_id="4547798" t="этом"><v><l id="386575" t="это"><g v="NPRO"></g><g v="neut"></g><g v="sing"></g><g v="loct"></g></l></v><v><l id="386581" t="этот"><g v="ADJF"></g><g v="Subx"></g><g v="Apro"></g><g v="Anph"></g><g v="masc"></g><g v="sing"></g><g v="loct"></g></l></v><v><l id="386581" t="этот"><g v="ADJF"></g><g v="Subx"></g><g v="Apro"></g><g v="Anph"></g><g v="neut"></g><g v="sing"></g><g v="loct"></g></l></v></tfr></token><token id="1996547" text="говорит"><tfr rev_id="4547799" t="говорит"><v><l id="72053" t="говорю"><g v="VERB"></g><g v="impf"></g><g v="tran"></g><g v="sing"></g><g v="3per"></g><g v="pres"></g><g v="indc"></g></l></v></tfr></token><token id="1996548" text=","><tfr rev_id="4547800" t=","><v><l id="0" t=","><g v="PNCT"></g></l></v></tfr></token><token id="1996549" text="что"><tfr rev_id="4547801" t="что"><v><l id="377004" t="что"><g v="CONJ"></g></l></v><v><l id="377005" t="что"><g v="NPRO"></g><g v="neut"></g><g v="sing"></g><g v="accs"></g></l></v><v><l id="377005" t="что"><g v="NPRO"></g><g v="neut"></g><g v="sing"></g><g v="nomn"></g></l></v><v><l id="377006" t="что"><g v="ADVB"></g><g v="Ques"></g></l></v><v><l id="388695" t="что"><g v="PRCL"></g></l></v></tfr></token><token id="1996550" text="эффективность"><tfr rev_id="4547802" t="эффективность"><v><l id="386658" t="эффективность"><g v="NOUN"></g><g v="inan"></g><g v="femn"></g><g v="sing"></g><g v="accs"></g></l></v><v><l id="386658" t="эффективность"><g v="NOUN"></g><g v="inan"></g><g v="femn"></g><g v="sing"></g><g v="nomn"></g></l></v></tfr></token><token id="1996551" text="расходования"><tfr rev_id="4547803" t="расходования"><v><l id="303051" t="расходование"><g v="NOUN"></g><g v="inan"></g><g v="neut"></g><g v="plur"></g><g v="accs"></g></l></v><v><l id="303051" t="расходование"><g v="NOUN"></g><g v="inan"></g><g v="neut"></g><g v="plur"></g><g v="nomn"></g></l></v><v><l id="303051" t="расходование"><g v="NOUN"></g><g v="inan"></g><g v="neut"></g><g v="sing"></g><g v="gent"></g></l></v></tfr></token><token id="1996552" text="бюджетных"><tfr rev_id="4547804" t="бюджетных"><v><l id="37329" t="бюджетный"><g v="ADJF"></g><g v="Qual"></g><g v="anim"></g><g v="plur"></g><g v="accs"></g></l></v><v><l id="37329" t="бюджетный"><g v="ADJF"></g><g v="Qual"></g><g v="plur"></g><g v="gent"></g></l></v><v><l id="37329" t="бюджетный"><g v="ADJF"></g><g v="Qual"></g><g v="plur"></g><g v="loct"></g></l></v></tfr></token><token id="1996553" text="средств"><tfr rev_id="4547805" t="средств"><v><l id="333716" t="средство"><g v="NOUN"></g><g v="inan"></g><g v="neut"></g><g v="plur"></g><g v="gent"></g></l></v></tfr></token><token id="1996554" text="может"><tfr rev_id="4547806" t="может"><v><l id="162457" t="может"><g v="CONJ"></g><g v="Prnt"></g></l></v><v><l id="164485" t="могу"><g v="VERB"></g><g v="impf"></g><g v="intr"></g><g v="sing"></g><g v="3per"></g><g v="pres"></g><g v="indc"></g></l></v></tfr></token><token id="1996555" text="быть"><tfr rev_id="4547807" t="быть"><v><l id="37266" t="быть"><g v="INFN"></g><g v="impf"></g><g v="intr"></g></l></v></tfr></token><token id="1996556" text="повышена"><tfr rev_id="4547808" t="повышена"><v><l id="242987" t="повышен"><g v="PRTS"></g><g v="perf"></g><g v="past"></g><g v="pssv"></g><g v="femn"></g><g v="sing"></g></l></v></tfr></token><token id="1996557" text="за"><tfr rev_id="4547809" t="за"><v><l id="98043" t="за"><g v="PREP"></g></l></v></tfr></token><token id="1996558" text="счёт"><tfr rev_id="4547810" t="счёт"><v><l id="341128" t="счёт"><g v="NOUN"></g><g v="inan"></g><g v="masc"></g><g v="sing"></g><g v="accs"></g></l></v><v><l id="341128" t="счёт"><g v="NOUN"></g><g v="inan"></g><g v="masc"></g><g v="sing"></g><g v="nomn"></g></l></v></tfr></token><token id="1996559" text="сокращения"><tfr rev_id="4547811" t="сокращения"><v><l id="328844" t="сокращение"><g v="NOUN"></g><g v="inan"></g><g v="neut"></g><g v="plur"></g><g v="accs"></g></l></v><v><l id="328844" t="сокращение"><g v="NOUN"></g><g v="inan"></g><g v="neut"></g><g v="plur"></g><g v="nomn"></g></l></v><v><l id="328844" t="сокращение"><g v="NOUN"></g><g v="inan"></g><g v="neut"></g><g v="sing"></g><g v="gent"></g></l></v></tfr></token><token id="1996560" text="учителей"><tfr rev_id="4547812" t="учителей"><v><l id="363287" t="учитель"><g v="NOUN"></g><g v="anim"></g><g v="masc"></g><g v="plur"></g><g v="accs"></g></l></v><v><l id="363287" t="учитель"><g v="NOUN"></g><g v="anim"></g><g v="masc"></g><g v="plur"></g><g v="gent"></g></l></v></tfr></token><token id="1996561" text="."><tfr rev_id="4547813" t="."><v><l id="0" t="."><g v="PNCT"></g></l></v></tfr></token></tokens></sentence></paragraph><paragraph id="38560"><sentence id="110360"><source>Фурсенко оправдался:</source><tokens><token id="1996562" text="Фурсенко"><tfr rev_id="4547814" t="Фурсенко"><v><l id="389012" t="фурсенко"><g v="NOUN"></g><g v="anim"></g><g v="ms-f"></g><g v="Fixd"></g><g v="Surn"></g><g v="plur"></g><g v="ablt"></g></l></v><v><l id="389012" t="фурсенко"><g v="NOUN"></g><g v="anim"></g><g v="ms-f"></g><g v="Fixd"></g><g v="Surn"></g><g v="plur"></g><g v="accs"></g></l></v><v><l id="389012" t="фурсенко"><g v="NOUN"></g><g v="anim"></g><g v="ms-f"></g><g v="Fixd"></g><g v="Surn"></g><g v="plur"></g><g v="datv"></g></l></v><v><l id="389012" t="фурсенко"><g v="NOUN"></g><g v="anim"></g><g v="ms-f"></g><g v="Fixd"></g><g v="Surn"></g><g v="plur"></g><g v="gent"></g></l></v><v><l id="389012" t="фурсенко"><g v="NOUN"></g><g v="anim"></g><g v="ms-f"></g><g v="Fixd"></g><g v="Surn"></g><g v="plur"></g><g v="loct"></g></l></v><v><l id="389012" t="фурсенко"><g v="NOUN"></g><g v="anim"></g><g v="ms-f"></g><g v="Fixd"></g><g v="Surn"></g><g v="plur"></g><g v="nomn"></g></l></v><v><l id="389012" t="фурсенко"><g v="NOUN"></g><g v="anim"></g><g v="ms-f"></g><g v="Fixd"></g><g v="Surn"></g><g v="sing"></g><g v="ablt"></g></l></v><v><l id="389012" t="фурсенко"><g v="NOUN"></g><g v="anim"></g><g v="ms-f"></g><g v="Fixd"></g><g v="Surn"></g><g v="sing"></g><g v="accs"></g></l></v><v><l id="389012" t="фурсенко"><g v="NOUN"></g><g v="anim"></g><g v="ms-f"></g><g v="Fixd"></g><g v="Surn"></g><g v="sing"></g><g v="datv"></g></l></v><v><l id="389012" t="фурсенко"><g v="NOUN"></g><g v="anim"></g><g v="ms-f"></g><g v="Fixd"></g><g v="Surn"></g><g v="sing"></g><g v="gent"></g></l></v><v><l id="389012" t="фурсенко"><g v="NOUN"></g><g v="anim"></g><g v="ms-f"></g><g v="Fixd"></g><g v="Surn"></g><g v="sing"></g><g v="loct"></g></l></v><v><l id="389012" t="фурсенко"><g v="NOUN"></g><g v="anim"></g><g v="ms-f"></g><g v="Fixd"></g><g v="Surn"></g><g v="sing"></g><g v="nomn"></g></l></v></tfr></token><token id="1996563" text="оправдался"><tfr rev_id="4547815" t="оправдался"><v><l id="207919" t="оправдался"><g v="VERB"></g><g v="perf"></g><g v="intr"></g><g v="masc"></g><g v="sing"></g><g v="past"></g><g v="indc"></g></l></v></tfr></token><token id="1996564" text=":"><tfr rev_id="4547816" t=":"><v><l id="0" t=":"><g v="PNCT"></g></l></v></tfr></token></tokens></sentence><sentence id="110361"><source>«Я не предлагал сокращать 200 тыс. учителей.</source><tokens><token id="1996565" text="«"><tfr rev_id="4547817" t="«"><v><l id="0" t="«"><g v="PNCT"></g></l></v></tfr></token><token id="1996566" text="Я"><tfr rev_id="4566261" t="Я"><v><l id="387317" t="я"><g v="NPRO"></g><g v="1per"></g><g v="sing"></g><g v="nomn"></g></l></v></tfr></token><token id="1996567" text="не"><tfr rev_id="4547819" t="не"><v><l id="178876" t="не"><g v="PRCL"></g></l></v></tfr></token><token id="1996568" text="предлагал"><tfr rev_id="4547820" t="предлагал"><v><l id="266518" t="предлагаю"><g v="VERB"></g><g v="impf"></g><g v="tran"></g><g v="masc"></g><g v="sing"></g><g v="past"></g><g v="indc"></g></l></v></tfr></token><token id="1996569" text="сокращать"><tfr rev_id="4547821" t="сокращать"><v><l id="328833" t="сокращать"><g v="INFN"></g><g v="impf"></g><g v="tran"></g></l></v></tfr></token><token id="1996570" text="200"><tfr rev_id="4547822" t="200"><v><l id="0" t="200"><g v="NUMB"></g></l></v></tfr></token><token id="1996571" text="тыс"><tfr rev_id="4547823" t="тыс"><v><l id="389041" t="тыс"><g v="NOUN"></g><g v="inan"></g><g v="femn"></g><g v="Fixd"></g><g v="Abbr"></g><g v="plur"></g><g v="ablt"></g></l></v><v><l id="389041" t="тыс"><g v="NOUN"></g><g v="inan"></g><g v="femn"></g><g v="Fixd"></g><g v="Abbr"></g><g v="plur"></g><g v="accs"></g></l></v><v><l id="389041" t="тыс"><g v="NOUN"></g><g v="inan"></g><g v="femn"></g><g v="Fixd"></g><g v="Abbr"></g><g v="plur"></g><g v="datv"></g></l></v><v><l id="389041" t="тыс"><g v="NOUN"></g><g v="inan"></g><g v="femn"></g><g v="Fixd"></g><g v="Abbr"></g><g v="plur"></g><g v="gent"></g></l></v><v><l id="389041" t="тыс"><g v="NOUN"></g><g v="inan"></g><g v="femn"></g><g v="Fixd"></g><g v="Abbr"></g><g v="plur"></g><g v="loct"></g></l></v><v><l id="389041" t="тыс"><g v="NOUN"></g><g v="inan"></g><g v="femn"></g><g v="Fixd"></g><g v="Abbr"></g><g v="plur"></g><g v="nomn"></g></l></v><v><l id="389041" t="тыс"><g v="NOUN"></g><g v="inan"></g><g v="femn"></g><g v="Fixd"></g><g v="Abbr"></g><g v="sing"></g><g v="ablt"></g></l></v><v><l id="389041" t="тыс"><g v="NOUN"></g><g v="inan"></g><g v="femn"></g><g v="Fixd"></g><g v="Abbr"></g><g v="sing"></g><g v="accs"></g></l></v><v><l id="389041" t="тыс"><g v="NOUN"></g><g v="inan"></g><g v="femn"></g><g v="Fixd"></g><g v="Abbr"></g><g v="sing"></g><g v="datv"></g></l></v><v><l id="389041" t="тыс"><g v="NOUN"></g><g v="inan"></g><g v="femn"></g><g v="Fixd"></g><g v="Abbr"></g><g v="sing"></g><g v="gent"></g></l></v><v><l id="389041" t="тыс"><g v="NOUN"></g><g v="inan"></g><g v="femn"></g><g v="Fixd"></g><g v="Abbr"></g><g v="sing"></g><g v="loct"></g></l></v><v><l id="389041" t="тыс"><g v="NOUN"></g><g v="inan"></g><g v="femn"></g><g v="Fixd"></g><g v="Abbr"></g><g v="sing"></g><g v="nomn"></g></l></v></tfr></token><token id="1996572" text="."><tfr rev_id="4547824" t="."><v><l id="0" t="."><g v="PNCT"></g></l></v></tfr></token><token id="1996573" text="учителей"><tfr rev_id="4547825" t="учителей"><v><l id="363287" t="учитель"><g v="NOUN"></g><g v="anim"></g><g v="masc"></g><g v="plur"></g><g v="accs"></g></l></v><v><l id="363287" t="учитель"><g v="NOUN"></g><g v="anim"></g><g v="masc"></g><g v="plur"></g><g v="gent"></g></l></v></tfr></token><token id="1996574" text="."><tfr rev_id="4547826" t="."><v><l id="0" t="."><g v="PNCT"></g></l></v></tfr></token></tokens></sentence><sentence id="110362"><source>Все, кто реально читал моё интервью (газете «Ведомости»), знают, что таких слов там не было.</source><tokens><token id="1996575" text="Все"><tfr rev_id="4547827" t="Все"><v><l id="42156" t="весь"><g v="ADJF"></g><g v="Subx"></g><g v="Apro"></g><g v="inan"></g><g v="plur"></g><g v="accs"></g></l></v><v><l id="42156" t="весь"><g v="ADJF"></g><g v="Subx"></g><g v="Apro"></g><g v="neut"></g><g v="sing"></g><g v="accs"></g></l></v><v><l id="42156" t="весь"><g v="ADJF"></g><g v="Subx"></g><g v="Apro"></g><g v="neut"></g><g v="sing"></g><g v="nomn"></g></l></v><v><l id="42156" t="весь"><g v="ADJF"></g><g v="Subx"></g><g v="Apro"></g><g v="plur"></g><g v="nomn"></g></l></v><v><l id="390209" t="всё"><g v="PRCL"></g></l></v></tfr></token><token id="1996576" text=","><tfr rev_id="4547828" t=","><v><l id="0" t=","><g v="PNCT"></g></l></v></tfr></token><token id="1996577" text="кто"><tfr rev_id="4547829" t="кто"><v><l id="144216" t="кто"><g v="NPRO"></g><g v="masc"></g><g v="sing"></g><g v="nomn"></g></l></v></tfr></token><token id="1996578" text="реально"><tfr rev_id="4547830" t="реально"><v><l id="304456" t="реально"><g v="ADVB"></g></l></v><v><l id="304460" t="реален"><g v="ADJS"></g><g v="Qual"></g><g v="neut"></g><g v="sing"></g></l></v></tfr></token><token id="1996579" text="читал"><tfr rev_id="4547831" t="читал"><v><l id="376719" t="читаю"><g v="VERB"></g><g v="impf"></g><g v="tran"></g><g v="masc"></g><g v="sing"></g><g v="past"></g><g v="indc"></g></l></v></tfr></token><token id="1996580" text="моё"><tfr rev_id="4547832" t="моё"><v><l id="162570" t="мой"><g v="ADJF"></g><g v="Apro"></g><g v="neut"></g><g v="sing"></g><g v="accs"></g></l></v><v><l id="162570" t="мой"><g v="ADJF"></g><g v="Apro"></g><g v="neut"></g><g v="sing"></g><g v="nomn"></g></l></v></tfr></token><token id="1996581" text="интервью"><tfr rev_id="4547833" t="интервью"><v><l id="123140" t="интервью"><g v="NOUN"></g><g v="inan"></g><g v="neut"></g><g v="Fixd"></g><g v="plur"></g><g v="ablt"></g></l></v><v><l id="123140" t="интервью"><g v="NOUN"></g><g v="inan"></g><g v="neut"></g><g v="Fixd"></g><g v="plur"></g><g v="accs"></g></l></v><v><l id="123140" t="интервью"><g v="NOUN"></g><g v="inan"></g><g v="neut"></g><g v="Fixd"></g><g v="plur"></g><g v="datv"></g></l></v><v><l id="123140" t="интервью"><g v="NOUN"></g><g v="inan"></g><g v="neut"></g><g v="Fixd"></g><g v="plur"></g><g v="gent"></g></l></v><v><l id="123140" t="интервью"><g v="NOUN"></g><g v="inan"></g><g v="neut"></g><g v="Fixd"></g><g v="plur"></g><g v="loct"></g></l></v><v><l id="123140" t="интервью"><g v="NOUN"></g><g v="inan"></g><g v="neut"></g><g v="Fixd"></g><g v="plur"></g><g v="nomn"></g></l></v><v><l id="123140" t="интервью"><g v="NOUN"></g><g v="inan"></g><g v="neut"></g><g v="Fixd"></g><g v="sing"></g><g v="ablt"></g></l></v><v><l id="123140" t="интервью"><g v="NOUN"></g><g v="inan"></g><g v="neut"></g><g v="Fixd"></g><g v="sing"></g><g v="accs"></g></l></v><v><l id="123140" t="интервью"><g v="NOUN"></g><g v="inan"></g><g v="neut"></g><g v="Fixd"></g><g v="sing"></g><g v="datv"></g></l></v><v><l id="123140" t="интервью"><g v="NOUN"></g><g v="inan"></g><g v="neut"></g><g v="Fixd"></g><g v="sing"></g><g v="gent"></g></l></v><v><l id="123140" t="интервью"><g v="NOUN"></g><g v="inan"></g><g v="neut"></g><g v="Fixd"></g><g v="sing"></g><g v="loct"></g></l></v><v><l id="123140" t="интервью"><g v="NOUN"></g><g v="inan"></g><g v="neut"></g><g v="Fixd"></g><g v="sing"></g><g v="nomn"></g></l></v></tfr></token><token id="1996582" text="("><tfr rev_id="4547834" t="("><v><l id="0" t="("><g v="PNCT"></g></l></v></tfr></token><token id="1996583" text="газете"><tfr rev_id="4575759" t="газете"><v><l id="65825" t="газета"><g v="NOUN"></g><g v="inan"></g><g v="femn"></g><g v="sing"></g><g v="datv"></g></l></v></tfr></token><token id="1996584" text="«"><tfr rev_id="4547836" t="«"><v><l id="0" t="«"><g v="PNCT"></g></l></v></tfr></token><token id="1996585" text="Ведомости"><tfr rev_id="4547837" t="Ведомости"><v><l id="40348" t="ведомость"><g v="NOUN"></g><g v="inan"></g><g v="femn"></g><g v="plur"></g><g v="accs"></g></l></v><v><l id="40348" t="ведомость"><g v="NOUN"></g><g v="inan"></g><g v="femn"></g><g v="plur"></g><g v="nomn"></g></l></v><v><l id="40348" t="ведомость"><g v="NOUN"></g><g v="inan"></g><g v="femn"></g><g v="sing"></g><g v="datv"></g></l></v><v><l id="40348" t="ведомость"><g v="NOUN"></g><g v="inan"></g><g v="femn"></g><g v="sing"></g><g v="gent"></g></l></v><v><l id="40348" t="ведомость"><g v="NOUN"></g><g v="inan"></g><g v="femn"></g><g v="sing"></g><g v="loct"></g></l></v></tfr></token><token id="1996586" text="»"><tfr rev_id="4547838" t="»"><v><l id="0" t="»"><g v="PNCT"></g></l></v></tfr></token><token id="1996587" text=")"><tfr rev_id="4547839" t=")"><v><l id="0" t=")"><g v="PNCT"></g></l></v></tfr></token><token id="1996588" text=","><tfr rev_id="4547840" t=","><v><l id="0" t=","><g v="PNCT"></g></l></v></tfr></token><token id="1996589" text="знают"><tfr rev_id="4547841" t="знают"><v><l id="115989" t="знаю"><g v="VERB"></g><g v="impf"></g><g v="tran"></g><g v="plur"></g><g v="3per"></g><g v="pres"></g><g v="indc"></g></l></v></tfr></token><token id="1996590" text=","><tfr rev_id="4547842" t=","><v><l id="0" t=","><g v="PNCT"></g></l></v></tfr></token><token id="1996591" text="что"><tfr rev_id="4547843" t="что"><v><l id="377004" t="что"><g v="CONJ"></g></l></v><v><l id="377005" t="что"><g v="NPRO"></g><g v="neut"></g><g v="sing"></g><g v="accs"></g></l></v><v><l id="377005" t="что"><g v="NPRO"></g><g v="neut"></g><g v="sing"></g><g v="nomn"></g></l></v><v><l id="377006" t="что"><g v="ADVB"></g><g v="Ques"></g></l></v><v><l id="388695" t="что"><g v="PRCL"></g></l></v></tfr></token><token id="1996592" text="таких"><tfr rev_id="4547844" t="таких"><v><l id="342491" t="такой"><g v="ADJF"></g><g v="Apro"></g><g v="anim"></g><g v="plur"></g><g v="accs"></g></l></v><v><l id="342491" t="такой"><g v="ADJF"></g><g v="Apro"></g><g v="plur"></g><g v="gent"></g></l></v><v><l id="342491" t="такой"><g v="ADJF"></g><g v="Apro"></g><g v="plur"></g><g v="loct"></g></l></v></tfr></token><token id="1996593" text="слов"><tfr rev_id="4547845" t="слов"><v><l id="325168" t="слово"><g v="NOUN"></g><g v="inan"></g><g v="neut"></g><g v="plur"></g><g v="gent"></g></l></v></tfr></token><token id="1996594" text="там"><tfr rev_id="4547846" t="там"><v><l id="342752" t="там"><g v="PRCL"></g></l></v><v><l id="342753" t="там"><g v="ADVB"></g><g v="Dmns"></g></l></v></tfr></token><token id="1996595" text="не"><tfr rev_id="4547847" t="не"><v><l id="178876" t="не"><g v="PRCL"></g></l></v></tfr></token><token id="1996596" text="было"><tfr rev_id="4580036" t="было"><v><l id="37265" t="есть"><g v="VERB"></g><g v="impf"></g><g v="intr"></g><g v="neut"></g><g v="sing"></g><g v="past"></g><g v="indc"></g></l></v></tfr></token><token id="1996597" text="."><tfr rev_id="4547849" t="."><v><l id="0" t="."><g v="PNCT"></g></l></v></tfr></token></tokens></sentence><sentence id="110363"><source>Разговор был по поводу нецелевых расходов на образование», «...за последние 10—12 лет количество учащихся сократилось с 22 миллионов до 13.</source><tokens><token id="1996598" text="Разговор"><tfr rev_id="4547850" t="Разговор"><v><l id="293018" t="разговор"><g v="NOUN"></g><g v="inan"></g><g v="masc"></g><g v="sing"></g><g v="accs"></g></l></v><v><l id="293018" t="разговор"><g v="NOUN"></g><g v="inan"></g><g v="masc"></g><g v="sing"></g><g v="nomn"></g></l></v></tfr></token><token id="1996599" text="был"><tfr rev_id="4547851" t="был"><v><l id="37265" t="есть"><g v="VERB"></g><g v="impf"></g><g v="intr"></g><g v="masc"></g><g v="sing"></g><g v="past"></g><g v="indc"></g></l></v></tfr></token><token id="1996600" text="по"><tfr rev_id="4580186" t="по"><v><l id="241240" t="по"><g v="PREP"></g></l></v></tfr></token><token id="1996601" text="поводу"><tfr rev_id="4547853" t="поводу"><v><l id="242551" t="повод"><g v="NOUN"></g><g v="inan"></g><g v="masc"></g><g v="sing"></g><g v="datv"></g></l></v><v><l id="242551" t="повод"><g v="NOUN"></g><g v="inan"></g><g v="masc"></g><g v="sing"></g><g v="loc2"></g></l></v></tfr></token><token id="1996602" text="нецелевых"><tfr rev_id="4547854" t="нецелевых"><v><l id="189952" t="нецелевой"><g v="ADJF"></g><g v="anim"></g><g v="plur"></g><g v="accs"></g></l></v><v><l id="189952" t="нецелевой"><g v="ADJF"></g><g v="plur"></g><g v="gent"></g></l></v><v><l id="189952" t="нецелевой"><g v="ADJF"></g><g v="plur"></g><g v="loct"></g></l></v></tfr></token><token id="1996603" text="расходов"><tfr rev_id="4547855" t="расходов"><v><l id="303036" t="расход"><g v="NOUN"></g><g v="inan"></g><g v="masc"></g><g v="plur"></g><g v="gent"></g></l></v></tfr></token><token id="1996604" text="на"><tfr rev_id="4576514" t="на"><v><l id="166264" t="на"><g v="PREP"></g></l></v></tfr></token><token id="1996605" text="образование"><tfr rev_id="4547857" t="образование"><v><l id="198798" t="образование"><g v="NOUN"></g><g v="inan"></g><g v="neut"></g><g v="sing"></g><g v="accs"></g></l></v><v><l id="198798" t="образование"><g v="NOUN"></g><g v="inan"></g><g v="neut"></g><g v="sing"></g><g v="nomn"></g></l></v></tfr></token><token id="1996606" text="»"><tfr rev_id="4547858" t="»"><v><l id="0" t="»"><g v="PNCT"></g></l></v></tfr></token><token id="1996607" text=","><tfr rev_id="4547859" t=","><v><l id="0" t=","><g v="PNCT"></g></l></v></tfr></token><token id="1996608" text="«"><tfr rev_id="4547860" t="«"><v><l id="0" t="«"><g v="PNCT"></g></l></v></tfr></token><token id="1996609" text="..."><tfr rev_id="4547861" t="..."><v><l id="0" t="..."><g v="PNCT"></g></l></v></tfr></token><token id="1996610" text="за"><tfr rev_id="4547862" t="за"><v><l id="98043" t="за"><g v="PREP"></g></l></v></tfr></token><token id="1996611" text="последние"><tfr rev_id="4547863" t="последние"><v><l id="261565" t="последний"><g v="ADJF"></g><g v="inan"></g><g v="plur"></g><g v="accs"></g></l></v><v><l id="261565" t="последний"><g v="ADJF"></g><g v="plur"></g><g v="nomn"></g></l></v></tfr></token><token id="1996612" text="10"><tfr rev_id="4547864" t="10"><v><l id="0" t="10"><g v="NUMB"></g></l></v></tfr></token><token id="1996613" text="—"><tfr rev_id="4547865" t="—"><v><l id="0" t="—"><g v="PNCT"></g></l></v></tfr></token><token id="1996614" text="12"><tfr rev_id="4547866" t="12"><v><l id="0" t="12"><g v="NUMB"></g></l></v></tfr></token><token id="1996615" text="лет"><tfr rev_id="4547867" t="лет"><v><l id="72149" t="год"><g v="NOUN"></g><g v="inan"></g><g v="masc"></g><g v="plur"></g><g v="gent"></g></l></v><v><l id="146077" t="лёт"><g v="NOUN"></g><g v="inan"></g><g v="masc"></g><g v="sing"></g><g v="accs"></g></l></v><v><l id="146077" t="лёт"><g v="NOUN"></g><g v="inan"></g><g v="masc"></g><g v="sing"></g><g v="nomn"></g></l></v></tfr></token><token id="1996616" text="количество"><tfr rev_id="4547868" t="количество"><v><l id="135983" t="количество"><g v="NOUN"></g><g v="inan"></g><g v="neut"></g><g v="sing"></g><g v="accs"></g></l></v><v><l id="135983" t="количество"><g v="NOUN"></g><g v="inan"></g><g v="neut"></g><g v="sing"></g><g v="nomn"></g></l></v></tfr></token><token id="1996617" text="учащихся"><tfr rev_id="4547869" t="учащихся"><v><l id="363174" t="учащийся"><g v="ADJF"></g><g v="Subx"></g><g v="anim"></g><g v="plur"></g><g v="accs"></g></l></v><v><l id="363174" t="учащийся"><g v="ADJF"></g><g v="Subx"></g><g v="plur"></g><g v="gent"></g></l></v><v><l id="363174" t="учащийся"><g v="ADJF"></g><g v="Subx"></g><g v="plur"></g><g v="loct"></g></l></v><v><l id="363324" t="учащийся"><g v="PRTF"></g><g v="Subx"></g><g v="impf"></g><g v="intr"></g><g v="pres"></g><g v="actv"></g><g v="anim"></g><g v="plur"></g><g v="accs"></g></l></v><v><l id="363324" t="учащийся"><g v="PRTF"></g><g v="Subx"></g><g v="impf"></g><g v="intr"></g><g v="pres"></g><g v="actv"></g><g v="plur"></g><g v="gent"></g></l></v><v><l id="363324" t="учащийся"><g v="PRTF"></g><g v="Subx"></g><g v="impf"></g><g v="intr"></g><g v="pres"></g><g v="actv"></g><g v="plur"></g><g v="loct"></g></l></v></tfr></token><token id="1996618" text="сократилось"><tfr rev_id="4547870" t="сократилось"><v><l id="328824" t="сократился"><g v="VERB"></g><g v="perf"></g><g v="intr"></g><g v="neut"></g><g v="sing"></g><g v="past"></g><g v="indc"></g></l></v></tfr></token><token id="1996619" text="с"><tfr rev_id="4565779" t="с"><v><l id="311151" t="с"><g v="PREP"></g></l></v><v><l id="390349" t="с"><g v="PRCL"></g></l></v></tfr></token><token id="1996620" text="22"><tfr rev_id="4547872" t="22"><v><l id="0" t="22"><g v="NUMB"></g></l></v></tfr></token><token id="1996621" text="миллионов"><tfr rev_id="4547873" t="миллионов"><v><l id="160260" t="миллион"><g v="NOUN"></g><g v="inan"></g><g v="masc"></g><g v="plur"></g><g v="gent"></g></l></v></tfr></token><token id="1996622" text="до"><tfr rev_id="4547874" t="до"><v><l id="85153" t="до"><g v="PREP"></g></l></v></tfr></token><token id="1996623" text="13"><tfr rev_id="4547875" t="13"><v><l id="0" t="13"><g v="NUMB"></g></l></v></tfr></token><token id="1996624" text="."><tfr rev_id="4547876" t="."><v><l id="0" t="."><g v="PNCT"></g></l></v></tfr></token></tokens></sentence><sentence id="110364"><source>А количество учителей сократилось меньше.</source><tokens><token id="1996625" text="А"><tfr rev_id="4566105" t="А"><v><l id="51" t="а"><g v="CONJ"></g></l></v><v><l id="52" t="а"><g v="INTJ"></g></l></v><v><l id="53" t="а"><g v="PRCL"></g></l></v></tfr></token><token id="1996626" text="количество"><tfr rev_id="4547878" t="количество"><v><l id="135983" t="количество"><g v="NOUN"></g><g v="inan"></g><g v="neut"></g><g v="sing"></g><g v="accs"></g></l></v><v><l id="135983" t="количество"><g v="NOUN"></g><g v="inan"></g><g v="neut"></g><g v="sing"></g><g v="nomn"></g></l></v></tfr></token><token id="1996627" text="учителей"><tfr rev_id="4547879" t="учителей"><v><l id="363287" t="учитель"><g v="NOUN"></g><g v="anim"></g><g v="masc"></g><g v="plur"></g><g v="accs"></g></l></v><v><l id="363287" t="учитель"><g v="NOUN"></g><g v="anim"></g><g v="masc"></g><g v="plur"></g><g v="gent"></g></l></v></tfr></token><token id="1996628" text="сократилось"><tfr rev_id="4547880" t="сократилось"><v><l id="328824" t="сократился"><g v="VERB"></g><g v="perf"></g><g v="intr"></g><g v="neut"></g><g v="sing"></g><g v="past"></g><g v="indc"></g></l></v></tfr></token><token id="1996629" text="меньше"><tfr rev_id="4547881" t="меньше"><v><l id="153697" t="меньше"><g v="COMP"></g><g v="Qual"></g></l></v></tfr></token><token id="1996630" text="."><tfr rev_id="4547882" t="."><v><l id="0" t="."><g v="PNCT"></g></l></v></tfr></token></tokens></sentence><sentence id="110365"><source>У нас 13 млн школьников и 1 млн 200 тыс. педагогов.</source><tokens><token id="1996631" text="У"><tfr rev_id="4580084" t="У"><v><l id="352818" t="у"><g v="PREP"></g></l></v></tfr></token><token id="1996632" text="нас"><tfr rev_id="4547884" t="нас"><v><l id="165750" t="мы"><g v="NPRO"></g><g v="1per"></g><g v="plur"></g><g v="accs"></g></l></v><v><l id="165750" t="мы"><g v="NPRO"></g><g v="1per"></g><g v="plur"></g><g v="gent"></g></l></v><v><l id="165750" t="мы"><g v="NPRO"></g><g v="1per"></g><g v="plur"></g><g v="loct"></g></l></v></tfr></token><token id="1996633" text="13"><tfr rev_id="4547885" t="13"><v><l id="0" t="13"><g v="NUMB"></g></l></v></tfr></token><token id="1996634" text="млн"><tfr rev_id="4547886" t="млн"><v><l id="389040" t="млн"><g v="NOUN"></g><g v="inan"></g><g v="masc"></g><g v="Fixd"></g><g v="Abbr"></g><g v="plur"></g><g v="ablt"></g></l></v><v><l id="389040" t="млн"><g v="NOUN"></g><g v="inan"></g><g v="masc"></g><g v="Fixd"></g><g v="Abbr"></g><g v="plur"></g><g v="accs"></g></l></v><v><l id="389040" t="млн"><g v="NOUN"></g><g v="inan"></g><g v="masc"></g><g v="Fixd"></g><g v="Abbr"></g><g v="plur"></g><g v="datv"></g></l></v><v><l id="389040" t="млн"><g v="NOUN"></g><g v="inan"></g><g v="masc"></g><g v="Fixd"></g><g v="Abbr"></g><g v="plur"></g><g v="gent"></g></l></v><v><l id="389040" t="млн"><g v="NOUN"></g><g v="inan"></g><g v="masc"></g><g v="Fixd"></g><g v="Abbr"></g><g v="plur"></g><g v="loct"></g></l></v><v><l id="389040" t="млн"><g v="NOUN"></g><g v="inan"></g><g v="masc"></g><g v="Fixd"></g><g v="Abbr"></g><g v="plur"></g><g v="nomn"></g></l></v><v><l id="389040" t="млн"><g v="NOUN"></g><g v="inan"></g><g v="masc"></g><g v="Fixd"></g><g v="Abbr"></g><g v="sing"></g><g v="ablt"></g></l></v><v><l id="389040" t="млн"><g v="NOUN"></g><g v="inan"></g><g v="masc"></g><g v="Fixd"></g><g v="Abbr"></g><g v="sing"></g><g v="accs"></g></l></v><v><l id="389040" t="млн"><g v="NOUN"></g><g v="inan"></g><g v="masc"></g><g v="Fixd"></g><g v="Abbr"></g><g v="sing"></g><g v="datv"></g></l></v><v><l id="389040" t="млн"><g v="NOUN"></g><g v="inan"></g><g v="masc"></g><g v="Fixd"></g><g v="Abbr"></g><g v="sing"></g><g v="gent"></g></l></v><v><l id="389040" t="млн"><g v="NOUN"></g><g v="inan"></g><g v="masc"></g><g v="Fixd"></g><g v="Abbr"></g><g v="sing"></g><g v="loct"></g></l></v><v><l id="389040" t="млн"><g v="NOUN"></g><g v="inan"></g><g v="masc"></g><g v="Fixd"></g><g v="Abbr"></g><g v="sing"></g><g v="nomn"></g></l></v></tfr></token><token id="1996635" text="школьников"><tfr rev_id="4547887" t="школьников"><v><l id="380237" t="школьник"><g v="NOUN"></g><g v="anim"></g><g v="masc"></g><g v="plur"></g><g v="accs"></g></l></v><v><l id="380237" t="школьник"><g v="NOUN"></g><g v="anim"></g><g v="masc"></g><g v="plur"></g><g v="gent"></g></l></v><v><l id="380238" t="школьников"><g v="NOUN"></g><g v="anim"></g><g v="masc"></g><g v="Sgtm"></g><g v="Surn"></g><g v="sing"></g><g v="nomn"></g></l></v></tfr></token><token id="1996636" text="и"><tfr rev_id="4566360" t="и"><v><l id="116949" t="и"><g v="CONJ"></g></l></v><v><l id="116950" t="и"><g v="INTJ"></g></l></v><v><l id="388747" t="и"><g v="PRCL"></g></l></v></tfr></token><token id="1996637" text="1"><tfr rev_id="4547889" t="1"><v><l id="0" t="1"><g v="NUMB"></g></l></v></tfr></token><token id="1996638" text="млн"><tfr rev_id="4547890" t="млн"><v><l id="389040" t="млн"><g v="NOUN"></g><g v="inan"></g><g v="masc"></g><g v="Fixd"></g><g v="Abbr"></g><g v="plur"></g><g v="ablt"></g></l></v><v><l id="389040" t="млн"><g v="NOUN"></g><g v="inan"></g><g v="masc"></g><g v="Fixd"></g><g v="Abbr"></g><g v="plur"></g><g v="accs"></g></l></v><v><l id="389040" t="млн"><g v="NOUN"></g><g v="inan"></g><g v="masc"></g><g v="Fixd"></g><g v="Abbr"></g><g v="plur"></g><g v="datv"></g></l></v><v><l id="389040" t="млн"><g v="NOUN"></g><g v="inan"></g><g v="masc"></g><g v="Fixd"></g><g v="Abbr"></g><g v="plur"></g><g v="gent"></g></l></v><v><l id="389040" t="млн"><g v="NOUN"></g><g v="inan"></g><g v="masc"></g><g v="Fixd"></g><g v="Abbr"></g><g v="plur"></g><g v="loct"></g></l></v><v><l id="389040" t="млн"><g v="NOUN"></g><g v="inan"></g><g v="masc"></g><g v="Fixd"></g><g v="Abbr"></g><g v="plur"></g><g v="nomn"></g></l></v><v><l id="389040" t="млн"><g v="NOUN"></g><g v="inan"></g><g v="masc"></g><g v="Fixd"></g><g v="Abbr"></g><g v="sing"></g><g v="ablt"></g></l></v><v><l id="389040" t="млн"><g v="NOUN"></g><g v="inan"></g><g v="masc"></g><g v="Fixd"></g><g v="Abbr"></g><g v="sing"></g><g v="accs"></g></l></v><v><l id="389040" t="млн"><g v="NOUN"></g><g v="inan"></g><g v="masc"></g><g v="Fixd"></g><g v="Abbr"></g><g v="sing"></g><g v="datv"></g></l></v><v><l id="389040" t="млн"><g v="NOUN"></g><g v="inan"></g><g v="masc"></g><g v="Fixd"></g><g v="Abbr"></g><g v="sing"></g><g v="gent"></g></l></v><v><l id="389040" t="млн"><g v="NOUN"></g><g v="inan"></g><g v="masc"></g><g v="Fixd"></g><g v="Abbr"></g><g v="sing"></g><g v="loct"></g></l></v><v><l id="389040" t="млн"><g v="NOUN"></g><g v="inan"></g><g v="masc"></g><g v="Fixd"></g><g v="Abbr"></g><g v="sing"></g><g v="nomn"></g></l></v></tfr></token><token id="1996639" text="200"><tfr rev_id="4547891" t="200"><v><l id="0" t="200"><g v="NUMB"></g></l></v></tfr></token><token id="1996640" text="тыс"><tfr rev_id="4547892" t="тыс"><v><l id="389041" t="тыс"><g v="NOUN"></g><g v="inan"></g><g v="femn"></g><g v="Fixd"></g><g v="Abbr"></g><g v="plur"></g><g v="ablt"></g></l></v><v><l id="389041" t="тыс"><g v="NOUN"></g><g v="inan"></g><g v="femn"></g><g v="Fixd"></g><g v="Abbr"></g><g v="plur"></g><g v="accs"></g></l></v><v><l id="389041" t="тыс"><g v="NOUN"></g><g v="inan"></g><g v="femn"></g><g v="Fixd"></g><g v="Abbr"></g><g v="plur"></g><g v="datv"></g></l></v><v><l id="389041" t="тыс"><g v="NOUN"></g><g v="inan"></g><g v="femn"></g><g v="Fixd"></g><g v="Abbr"></g><g v="plur"></g><g v="gent"></g></l></v><v><l id="389041" t="тыс"><g v="NOUN"></g><g v="inan"></g><g v="femn"></g><g v="Fixd"></g><g v="Abbr"></g><g v="plur"></g><g v="loct"></g></l></v><v><l id="389041" t="тыс"><g v="NOUN"></g><g v="inan"></g><g v="femn"></g><g v="Fixd"></g><g v="Abbr"></g><g v="plur"></g><g v="nomn"></g></l></v><v><l id="389041" t="тыс"><g v="NOUN"></g><g v="inan"></g><g v="femn"></g><g v="Fixd"></g><g v="Abbr"></g><g v="sing"></g><g v="ablt"></g></l></v><v><l id="389041" t="тыс"><g v="NOUN"></g><g v="inan"></g><g v="femn"></g><g v="Fixd"></g><g v="Abbr"></g><g v="sing"></g><g v="accs"></g></l></v><v><l id="389041" t="тыс"><g v="NOUN"></g><g v="inan"></g><g v="femn"></g><g v="Fixd"></g><g v="Abbr"></g><g v="sing"></g><g v="datv"></g></l></v><v><l id="389041" t="тыс"><g v="NOUN"></g><g v="inan"></g><g v="femn"></g><g v="Fixd"></g><g v="Abbr"></g><g v="sing"></g><g v="gent"></g></l></v><v><l id="389041" t="тыс"><g v="NOUN"></g><g v="inan"></g><g v="femn"></g><g v="Fixd"></g><g v="Abbr"></g><g v="sing"></g><g v="loct"></g></l></v><v><l id="389041" t="тыс"><g v="NOUN"></g><g v="inan"></g><g v="femn"></g><g v="Fixd"></g><g v="Abbr"></g><g v="sing"></g><g v="nomn"></g></l></v></tfr></token><token id="1996641" text="."><tfr rev_id="4547893" t="."><v><l id="0" t="."><g v="PNCT"></g></l></v></tfr></token><token id="1996642" text="педагогов"><tfr rev_id="4547894" t="педагогов"><v><l id="225603" t="педагог"><g v="NOUN"></g><g v="anim"></g><g v="masc"></g><g v="plur"></g><g v="accs"></g></l></v><v><l id="225603" t="педагог"><g v="NOUN"></g><g v="anim"></g><g v="masc"></g><g v="plur"></g><g v="gent"></g></l></v></tfr></token><token id="1996643" text="."><tfr rev_id="4547895" t="."><v><l id="0" t="."><g v="PNCT"></g></l></v></tfr></token></tokens></sentence><sentence id="110366"><source>Исходя из цифр по разным странам, соотношение 1 к 13 среднее, общепринятое.</source><tokens><token id="1996644" text="Исходя"><tfr rev_id="4547896" t="Исходя"><v><l id="126766" t="исходя"><g v="GRND"></g><g v="impf"></g><g v="intr"></g><g v="pres"></g></l></v></tfr></token><token id="1996645" text="из"><tfr rev_id="4547897" t="из"><v><l id="117677" t="из"><g v="PREP"></g></l></v><v><l id="117681" t="иза"><g v="NOUN"></g><g v="anim"></g><g v="femn"></g><g v="Name"></g><g v="plur"></g><g v="accs"></g></l></v><v><l id="117681" t="иза"><g v="NOUN"></g><g v="anim"></g><g v="femn"></g><g v="Name"></g><g v="plur"></g><g v="gent"></g></l></v></tfr></token><token id="1996646" text="цифр"><tfr rev_id="4547898" t="цифр"><v><l id="374165" t="цифра"><g v="NOUN"></g><g v="inan"></g><g v="femn"></g><g v="plur"></g><g v="gent"></g></l></v></tfr></token><token id="1996647" text="по"><tfr rev_id="4575030" t="по"><v><l id="241240" t="по"><g v="PREP"></g></l></v></tfr></token><token id="1996648" text="разным"><tfr rev_id="4547900" t="разным"><v><l id="296007" t="разный"><g v="ADJF"></g><g v="Qual"></g><g v="masc"></g><g v="sing"></g><g v="ablt"></g></l></v><v><l id="296007" t="разный"><g v="ADJF"></g><g v="Qual"></g><g v="neut"></g><g v="sing"></g><g v="ablt"></g></l></v><v><l id="296007" t="разный"><g v="ADJF"></g><g v="Qual"></g><g v="plur"></g><g v="datv"></g></l></v></tfr></token><token id="1996649" text="странам"><tfr rev_id="4547901" t="странам"><v><l id="337100" t="страна"><g v="NOUN"></g><g v="inan"></g><g v="femn"></g><g v="plur"></g><g v="datv"></g></l></v></tfr></token><token id="1996650" text=","><tfr rev_id="4547902" t=","><v><l id="0" t=","><g v="PNCT"></g></l></v></tfr></token><token id="1996651" text="соотношение"><tfr rev_id="4547903" t="соотношение"><v><l id="329661" t="соотношение"><g v="NOUN"></g><g v="inan"></g><g v="neut"></g><g v="sing"></g><g v="accs"></g></l></v><v><l id="329661" t="соотношение"><g v="NOUN"></g><g v="inan"></g><g v="neut"></g><g v="sing"></g><g v="nomn"></g></l></v></tfr></token><token id="1996652" text="1"><tfr rev_id="4547904" t="1"><v><l id="0" t="1"><g v="NUMB"></g></l></v></tfr></token><token id="1996653" text="к"><tfr rev_id="4566219" t="к"><v><l id="127460" t="к"><g v="PREP"></g></l></v></tfr></token><token id="1996654" text="13"><tfr rev_id="4547906" t="13"><v><l id="0" t="13"><g v="NUMB"></g></l></v></tfr></token><token id="1996655" text="среднее"><tfr rev_id="4577137" t="среднее"><v><l id="333705" t="средний"><g v="ADJF"></g><g v="neut"></g><g v="sing"></g><g v="accs"></g></l></v><v><l id="333705" t="средний"><g v="ADJF"></g><g v="neut"></g><g v="sing"></g><g v="nomn"></g></l></v></tfr></token><token id="1996656" text=","><tfr rev_id="4547908" t=","><v><l id="0" t=","><g v="PNCT"></g></l></v></tfr></token><token id="1996657" text="общепринятое"><tfr rev_id="4547909" t="общепринятое"><v><l id="201558" t="общепринятый"><g v="ADJF"></g><g v="neut"></g><g v="sing"></g><g v="accs"></g></l></v><v><l id="201558" t="общепринятый"><g v="ADJF"></g><g v="neut"></g><g v="sing"></g><g v="nomn"></g></l></v></tfr></token><token id="1996658" text="."><tfr rev_id="4547910" t="."><v><l id="0" t="."><g v="PNCT"></g></l></v></tfr></token></tokens></sentence><sentence id="110367"><source>Вот поэтому можно насчитать такую цифру — 200 тыс. человек»,</source><tokens><token id="1996659" text="Вот"><tfr rev_id="4547911" t="Вот"><v><l id="52157" t="вот"><g v="PRCL"></g></l></v></tfr></token><token id="1996660" text="поэтому"><tfr rev_id="4547912" t="поэтому"><v><l id="265490" t="поэтому"><g v="ADVB"></g></l></v></tfr></token><token id="1996661" text="можно"><tfr rev_id="4547913" t="можно"><v><l id="162467" t="можно"><g v="PRED"></g><g v="pres"></g></l></v></tfr></token><token id="1996662" text="насчитать"><tfr rev_id="4547914" t="насчитать"><v><l id="176577" t="насчитать"><g v="INFN"></g><g v="perf"></g><g v="tran"></g></l></v></tfr></token><token id="1996663" text="такую"><tfr rev_id="4547915" t="такую"><v><l id="342491" t="такой"><g v="ADJF"></g><g v="Apro"></g><g v="femn"></g><g v="sing"></g><g v="accs"></g></l></v></tfr></token><token id="1996664" text="цифру"><tfr rev_id="4547916" t="цифру"><v><l id="374165" t="цифра"><g v="NOUN"></g><g v="inan"></g><g v="femn"></g><g v="sing"></g><g v="accs"></g></l></v></tfr></token><token id="1996665" text="—"><tfr rev_id="4547917" t="—"><v><l id="0" t="—"><g v="PNCT"></g></l></v></tfr></token><token id="1996666" text="200"><tfr rev_id="4547918" t="200"><v><l id="0" t="200"><g v="NUMB"></g></l></v></tfr></token><token id="1996667" text="тыс"><tfr rev_id="4547919" t="тыс"><v><l id="389041" t="тыс"><g v="NOUN"></g><g v="inan"></g><g v="femn"></g><g v="Fixd"></g><g v="Abbr"></g><g v="plur"></g><g v="ablt"></g></l></v><v><l id="389041" t="тыс"><g v="NOUN"></g><g v="inan"></g><g v="femn"></g><g v="Fixd"></g><g v="Abbr"></g><g v="plur"></g><g v="accs"></g></l></v><v><l id="389041" t="тыс"><g v="NOUN"></g><g v="inan"></g><g v="femn"></g><g v="Fixd"></g><g v="Abbr"></g><g v="plur"></g><g v="datv"></g></l></v><v><l id="389041" t="тыс"><g v="NOUN"></g><g v="inan"></g><g v="femn"></g><g v="Fixd"></g><g v="Abbr"></g><g v="plur"></g><g v="gent"></g></l></v><v><l id="389041" t="тыс"><g v="NOUN"></g><g v="inan"></g><g v="femn"></g><g v="Fixd"></g><g v="Abbr"></g><g v="plur"></g><g v="loct"></g></l></v><v><l id="389041" t="тыс"><g v="NOUN"></g><g v="inan"></g><g v="femn"></g><g v="Fixd"></g><g v="Abbr"></g><g v="plur"></g><g v="nomn"></g></l></v><v><l id="389041" t="тыс"><g v="NOUN"></g><g v="inan"></g><g v="femn"></g><g v="Fixd"></g><g v="Abbr"></g><g v="sing"></g><g v="ablt"></g></l></v><v><l id="389041" t="тыс"><g v="NOUN"></g><g v="inan"></g><g v="femn"></g><g v="Fixd"></g><g v="Abbr"></g><g v="sing"></g><g v="accs"></g></l></v><v><l id="389041" t="тыс"><g v="NOUN"></g><g v="inan"></g><g v="femn"></g><g v="Fixd"></g><g v="Abbr"></g><g v="sing"></g><g v="datv"></g></l></v><v><l id="389041" t="тыс"><g v="NOUN"></g><g v="inan"></g><g v="femn"></g><g v="Fixd"></g><g v="Abbr"></g><g v="sing"></g><g v="gent"></g></l></v><v><l id="389041" t="тыс"><g v="NOUN"></g><g v="inan"></g><g v="femn"></g><g v="Fixd"></g><g v="Abbr"></g><g v="sing"></g><g v="loct"></g></l></v><v><l id="389041" t="тыс"><g v="NOUN"></g><g v="inan"></g><g v="femn"></g><g v="Fixd"></g><g v="Abbr"></g><g v="sing"></g><g v="nomn"></g></l></v></tfr></token><token id="1996668" text="."><tfr rev_id="4547920" t="."><v><l id="0" t="."><g v="PNCT"></g></l></v></tfr></token><token id="1996669" text="человек"><tfr rev_id="4547921" t="человек"><v><l id="375073" t="человек"><g v="NOUN"></g><g v="anim"></g><g v="masc"></g><g v="plur"></g><g v="gent"></g></l></v><v><l id="375073" t="человек"><g v="NOUN"></g><g v="anim"></g><g v="masc"></g><g v="sing"></g><g v="nomn"></g></l></v></tfr></token><token id="1996670" text="»"><tfr rev_id="4547922" t="»"><v><l id="0" t="»"><g v="PNCT"></g></l></v></tfr></token><token id="1996671" text=","><tfr rev_id="4547923" t=","><v><l id="0" t=","><g v="PNCT"></g></l></v></tfr></token></tokens></sentence><sentence id="110368"><source>— процитировало министра РИА «Новости».</source><tokens><token id="1996672" text="—"><tfr rev_id="4547924" t="—"><v><l id="0" t="—"><g v="PNCT"></g></l></v></tfr></token><token id="1996673" text="процитировало"><tfr rev_id="4547925" t="процитировало"><v><l id="287376" t="процитировал"><g v="VERB"></g><g v="perf"></g><g v="tran"></g><g v="neut"></g><g v="sing"></g><g v="past"></g><g v="indc"></g></l></v></tfr></token><token id="1996674" text="министра"><tfr rev_id="4547926" t="министра"><v><l id="160614" t="министр"><g v="NOUN"></g><g v="anim"></g><g v="masc"></g><g v="sing"></g><g v="accs"></g></l></v><v><l id="160614" t="министр"><g v="NOUN"></g><g v="anim"></g><g v="masc"></g><g v="sing"></g><g v="gent"></g></l></v></tfr></token><token id="1996675" text="РИА"><tfr rev_id="4547927" t="РИА"><v><l id="307554" t="риа"><g v="NOUN"></g><g v="inan"></g><g v="neut"></g><g v="Sgtm"></g><g v="Fixd"></g><g v="Abbr"></g><g v="Orgn"></g><g v="sing"></g><g v="ablt"></g></l></v><v><l id="307554" t="риа"><g v="NOUN"></g><g v="inan"></g><g v="neut"></g><g v="Sgtm"></g><g v="Fixd"></g><g v="Abbr"></g><g v="Orgn"></g><g v="sing"></g><g v="accs"></g></l></v><v><l id="307554" t="риа"><g v="NOUN"></g><g v="inan"></g><g v="neut"></g><g v="Sgtm"></g><g v="Fixd"></g><g v="Abbr"></g><g v="Orgn"></g><g v="sing"></g><g v="datv"></g></l></v><v><l id="307554" t="риа"><g v="NOUN"></g><g v="inan"></g><g v="neut"></g><g v="Sgtm"></g><g v="Fixd"></g><g v="Abbr"></g><g v="Orgn"></g><g v="sing"></g><g v="gent"></g></l></v><v><l id="307554" t="риа"><g v="NOUN"></g><g v="inan"></g><g v="neut"></g><g v="Sgtm"></g><g v="Fixd"></g><g v="Abbr"></g><g v="Orgn"></g><g v="sing"></g><g v="loct"></g></l></v><v><l id="307554" t="риа"><g v="NOUN"></g><g v="inan"></g><g v="neut"></g><g v="Sgtm"></g><g v="Fixd"></g><g v="Abbr"></g><g v="Orgn"></g><g v="sing"></g><g v="nomn"></g></l></v></tfr></token><token id="1996676" text="«"><tfr rev_id="4547928" t="«"><v><l id="0" t="«"><g v="PNCT"></g></l></v></tfr></token><token id="1996677" text="Новости"><tfr rev_id="4547929" t="Новости"><v><l id="191855" t="новость"><g v="NOUN"></g><g v="inan"></g><g v="femn"></g><g v="plur"></g><g v="accs"></g></l></v><v><l id="191855" t="новость"><g v="NOUN"></g><g v="inan"></g><g v="femn"></g><g v="plur"></g><g v="nomn"></g></l></v><v><l id="191855" t="новость"><g v="NOUN"></g><g v="inan"></g><g v="femn"></g><g v="sing"></g><g v="datv"></g></l></v><v><l id="191855" t="новость"><g v="NOUN"></g><g v="inan"></g><g v="femn"></g><g v="sing"></g><g v="gent"></g></l></v><v><l id="191855" t="новость"><g v="NOUN"></g><g v="inan"></g><g v="femn"></g><g v="sing"></g><g v="loct"></g></l></v></tfr></token><token id="1996678" text="»"><tfr rev_id="4547930" t="»"><v><l id="0" t="»"><g v="PNCT"></g></l></v></tfr></token><token id="1996679" text="."><tfr rev_id="4547931" t="."><v><l id="0" t="."><g v="PNCT"></g></l></v></tfr></token></tokens></sentence></paragraph><paragraph id="38561"><sentence id="110369"><source>Затем он сделал практически противоположное заявление:</source><tokens><token id="1996680" text="Затем"><tfr rev_id="4547932" t="Затем"><v><l id="111250" t="затем"><g v="ADVB"></g><g v="Dmns"></g></l></v></tfr></token><token id="1996681" text="он"><tfr rev_id="4547933" t="он"><v><l id="206541" t="он"><g v="NPRO"></g><g v="masc"></g><g v="3per"></g><g v="Anph"></g><g v="sing"></g><g v="nomn"></g></l></v></tfr></token><token id="1996682" text="сделал"><tfr rev_id="4547934" t="сделал"><v><l id="317246" t="сделал"><g v="VERB"></g><g v="perf"></g><g v="tran"></g><g v="masc"></g><g v="sing"></g><g v="past"></g><g v="indc"></g></l></v></tfr></token><token id="1996683" text="практически"><tfr rev_id="4547935" t="практически"><v><l id="265904" t="практически"><g v="ADVB"></g></l></v></tfr></token><token id="1996684" text="противоположное"><tfr rev_id="4547936" t="противоположное"><v><l id="286058" t="противоположный"><g v="ADJF"></g><g v="neut"></g><g v="sing"></g><g v="accs"></g></l></v><v><l id="286058" t="противоположный"><g v="ADJF"></g><g v="neut"></g><g v="sing"></g><g v="nomn"></g></l></v></tfr></token><token id="1996685" text="заявление"><tfr rev_id="4547937" t="заявление"><v><l id="114311" t="заявление"><g v="NOUN"></g><g v="inan"></g><g v="neut"></g><g v="sing"></g><g v="accs"></g></l></v><v><l id="114311" t="заявление"><g v="NOUN"></g><g v="inan"></g><g v="neut"></g><g v="sing"></g><g v="nomn"></g></l></v></tfr></token><token id="1996686" text=":"><tfr rev_id="4547938" t=":"><v><l id="0" t=":"><g v="PNCT"></g></l></v></tfr></token></tokens></sentence><sentence id="110370"><source>«...невозможно жёстко избавляться от учителей, даже если они для образовательного процесса не очень нужны.</source><tokens><token id="1996687" text="«"><tfr rev_id="4547939" t="«"><v><l id="0" t="«"><g v="PNCT"></g></l></v></tfr></token><token id="1996688" text="..."><tfr rev_id="4547940" t="..."><v><l id="0" t="..."><g v="PNCT"></g></l></v></tfr></token><token id="1996689" text="невозможно"><tfr rev_id="4547941" t="невозможно"><v><l id="179947" t="невозможно"><g v="ADVB"></g><g v="Prdx"></g></l></v><v><l id="179950" t="невозможен"><g v="ADJS"></g><g v="Qual"></g><g v="neut"></g><g v="sing"></g></l></v></tfr></token><token id="1996690" text="жёстко"><tfr rev_id="4547942" t="жёстко"><v><l id="95579" t="жёсток"><g v="ADJS"></g><g v="Qual"></g><g v="neut"></g><g v="sing"></g></l></v><v><l id="95581" t="жёстко"><g v="ADVB"></g></l></v></tfr></token><token id="1996691" text="избавляться"><tfr rev_id="4547943" t="избавляться"><v><l id="117731" t="избавляться"><g v="INFN"></g><g v="impf"></g><g v="intr"></g></l></v></tfr></token><token id="1996692" text="от"><tfr rev_id="4547944" t="от"><v><l id="211644" t="от"><g v="PREP"></g></l></v></tfr></token><token id="1996693" text="учителей"><tfr rev_id="4547945" t="учителей"><v><l id="363287" t="учитель"><g v="NOUN"></g><g v="anim"></g><g v="masc"></g><g v="plur"></g><g v="accs"></g></l></v><v><l id="363287" t="учитель"><g v="NOUN"></g><g v="anim"></g><g v="masc"></g><g v="plur"></g><g v="gent"></g></l></v></tfr></token><token id="1996694" text=","><tfr rev_id="4547946" t=","><v><l id="0" t=","><g v="PNCT"></g></l></v></tfr></token><token id="1996695" text="даже"><tfr rev_id="4547947" t="даже"><v><l id="77849" t="даже"><g v="PRCL"></g></l></v></tfr></token><token id="1996696" text="если"><tfr rev_id="4547948" t="если"><v><l id="95365" t="если"><g v="CONJ"></g></l></v></tfr></token><token id="1996697" text="они"><tfr rev_id="4547949" t="они"><v><l id="206619" t="они"><g v="NPRO"></g><g v="3per"></g><g v="Anph"></g><g v="plur"></g><g v="nomn"></g></l></v></tfr></token><token id="1996698" text="для"><tfr rev_id="4579968" t="для"><v><l id="85032" t="для"><g v="PREP"></g></l></v></tfr></token><token id="1996699" text="образовательного"><tfr rev_id="4547951" t="образовательного"><v><l id="198807" t="образовательный"><g v="ADJF"></g><g v="anim"></g><g v="masc"></g><g v="sing"></g><g v="accs"></g></l></v><v><l id="198807" t="образовательный"><g v="ADJF"></g><g v="masc"></g><g v="sing"></g><g v="gent"></g></l></v><v><l id="198807" t="образовательный"><g v="ADJF"></g><g v="neut"></g><g v="sing"></g><g v="gent"></g></l></v></tfr></token><token id="1996700" text="процесса"><tfr rev_id="4547952" t="процесса"><v><l id="287363" t="процесс"><g v="NOUN"></g><g v="inan"></g><g v="masc"></g><g v="sing"></g><g v="gent"></g></l></v></tfr></token><token id="1996701" text="не"><tfr rev_id="4547953" t="не"><v><l id="178876" t="не"><g v="PRCL"></g></l></v></tfr></token><token id="1996702" text="очень"><tfr rev_id="4547954" t="очень"><v><l id="221681" t="очень"><g v="ADVB"></g></l></v></tfr></token><token id="1996703" text="нужны"><tfr rev_id="4547955" t="нужны"><v><l id="192584" t="нужен"><g v="ADJS"></g><g v="Qual"></g><g v="plur"></g></l></v></tfr></token><token id="1996704" text="."><tfr rev_id="4547956" t="."><v><l id="0" t="."><g v="PNCT"></g></l></v></tfr></token></tokens></sentence><sentence id="110371"><source>Но незаполненность классов может идти во вред образованию.</source><tokens><token id="1996705" text="Но"><tfr rev_id="4547957" t="Но"><v><l id="191429" t="но"><g v="CONJ"></g></l></v><v><l id="191430" t="но"><g v="INTJ"></g></l></v></tfr></token><token id="1996706" text="незаполненность"><tfr rev_id="4547958" t="незаполненность"><v><l id="182338" t="незаполненность"><g v="NOUN"></g><g v="inan"></g><g v="femn"></g><g v="Sgtm"></g><g v="sing"></g><g v="accs"></g></l></v><v><l id="182338" t="незаполненность"><g v="NOUN"></g><g v="inan"></g><g v="femn"></g><g v="Sgtm"></g><g v="sing"></g><g v="nomn"></g></l></v></tfr></token><token id="1996707" text="классов"><tfr rev_id="4547959" t="классов"><v><l id="133889" t="класс"><g v="NOUN"></g><g v="inan"></g><g v="masc"></g><g v="plur"></g><g v="gent"></g></l></v></tfr></token><token id="1996708" text="может"><tfr rev_id="4547960" t="может"><v><l id="162457" t="может"><g v="CONJ"></g><g v="Prnt"></g></l></v><v><l id="164485" t="могу"><g v="VERB"></g><g v="impf"></g><g v="intr"></g><g v="sing"></g><g v="3per"></g><g v="pres"></g><g v="indc"></g></l></v></tfr></token><token id="1996709" text="идти"><tfr rev_id="4547961" t="идти"><v><l id="117567" t="идти"><g v="INFN"></g><g v="impf"></g><g v="intr"></g></l></v></tfr></token><token id="1996710" text="во"><tfr rev_id="4547962" t="во"><v><l id="37409" t="в"><g v="PREP"></g><g v="Vpre"></g></l></v></tfr></token><token id="1996711" text="вред"><tfr rev_id="4547963" t="вред"><v><l id="53061" t="вред"><g v="NOUN"></g><g v="inan"></g><g v="masc"></g><g v="sing"></g><g v="accs"></g></l></v><v><l id="53061" t="вред"><g v="NOUN"></g><g v="inan"></g><g v="masc"></g><g v="sing"></g><g v="nomn"></g></l></v></tfr></token><token id="1996712" text="образованию"><tfr rev_id="4547964" t="образованию"><v><l id="198798" t="образование"><g v="NOUN"></g><g v="inan"></g><g v="neut"></g><g v="sing"></g><g v="datv"></g></l></v></tfr></token><token id="1996713" text="."><tfr rev_id="4547965" t="."><v><l id="0" t="."><g v="PNCT"></g></l></v></tfr></token></tokens></sentence><sentence id="110372"><source>В таком случае эффективность расходования бюджетных средств может быть повышена за счёт сокращения учителей.</source><tokens><token id="1996714" text="В"><tfr rev_id="4566238" t="В"><v><l id="37409" t="в"><g v="PREP"></g></l></v></tfr></token><token id="1996715" text="таком"><tfr rev_id="4547967" t="таком"><v><l id="342491" t="такой"><g v="ADJF"></g><g v="Apro"></g><g v="masc"></g><g v="sing"></g><g v="loct"></g></l></v><v><l id="342491" t="такой"><g v="ADJF"></g><g v="Apro"></g><g v="neut"></g><g v="sing"></g><g v="loct"></g></l></v></tfr></token><token id="1996716" text="случае"><tfr rev_id="4547968" t="случае"><v><l id="325472" t="случай"><g v="NOUN"></g><g v="inan"></g><g v="masc"></g><g v="sing"></g><g v="loct"></g></l></v></tfr></token><token id="1996717" text="эффективность"><tfr rev_id="4547969" t="эффективность"><v><l id="386658" t="эффективность"><g v="NOUN"></g><g v="inan"></g><g v="femn"></g><g v="sing"></g><g v="accs"></g></l></v><v><l id="386658" t="эффективность"><g v="NOUN"></g><g v="inan"></g><g v="femn"></g><g v="sing"></g><g v="nomn"></g></l></v></tfr></token><token id="1996718" text="расходования"><tfr rev_id="4547970" t="расходования"><v><l id="303051" t="расходование"><g v="NOUN"></g><g v="inan"></g><g v="neut"></g><g v="plur"></g><g v="accs"></g></l></v><v><l id="303051" t="расходование"><g v="NOUN"></g><g v="inan"></g><g v="neut"></g><g v="plur"></g><g v="nomn"></g></l></v><v><l id="303051" t="расходование"><g v="NOUN"></g><g v="inan"></g><g v="neut"></g><g v="sing"></g><g v="gent"></g></l></v></tfr></token><token id="1996719" text="бюджетных"><tfr rev_id="4547971" t="бюджетных"><v><l id="37329" t="бюджетный"><g v="ADJF"></g><g v="Qual"></g><g v="anim"></g><g v="plur"></g><g v="accs"></g></l></v><v><l id="37329" t="бюджетный"><g v="ADJF"></g><g v="Qual"></g><g v="plur"></g><g v="gent"></g></l></v><v><l id="37329" t="бюджетный"><g v="ADJF"></g><g v="Qual"></g><g v="plur"></g><g v="loct"></g></l></v></tfr></token><token id="1996720" text="средств"><tfr rev_id="4547972" t="средств"><v><l id="333716" t="средство"><g v="NOUN"></g><g v="inan"></g><g v="neut"></g><g v="plur"></g><g v="gent"></g></l></v></tfr></token><token id="1996721" text="может"><tfr rev_id="4547973" t="может"><v><l id="162457" t="может"><g v="CONJ"></g><g v="Prnt"></g></l></v><v><l id="164485" t="могу"><g v="VERB"></g><g v="impf"></g><g v="intr"></g><g v="sing"></g><g v="3per"></g><g v="pres"></g><g v="indc"></g></l></v></tfr></token><token id="1996722" text="быть"><tfr rev_id="4547974" t="быть"><v><l id="37266" t="быть"><g v="INFN"></g><g v="impf"></g><g v="intr"></g></l></v></tfr></token><token id="1996723" text="повышена"><tfr rev_id="4547975" t="повышена"><v><l id="242987" t="повышен"><g v="PRTS"></g><g v="perf"></g><g v="past"></g><g v="pssv"></g><g v="femn"></g><g v="sing"></g></l></v></tfr></token><token id="1996724" text="за"><tfr rev_id="4547976" t="за"><v><l id="98043" t="за"><g v="PREP"></g></l></v></tfr></token><token id="1996725" text="счёт"><tfr rev_id="4547977" t="счёт"><v><l id="341128" t="счёт"><g v="NOUN"></g><g v="inan"></g><g v="masc"></g><g v="sing"></g><g v="accs"></g></l></v><v><l id="341128" t="счёт"><g v="NOUN"></g><g v="inan"></g><g v="masc"></g><g v="sing"></g><g v="nomn"></g></l></v></tfr></token><token id="1996726" text="сокращения"><tfr rev_id="4547978" t="сокращения"><v><l id="328844" t="сокращение"><g v="NOUN"></g><g v="inan"></g><g v="neut"></g><g v="plur"></g><g v="accs"></g></l></v><v><l id="328844" t="сокращение"><g v="NOUN"></g><g v="inan"></g><g v="neut"></g><g v="plur"></g><g v="nomn"></g></l></v><v><l id="328844" t="сокращение"><g v="NOUN"></g><g v="inan"></g><g v="neut"></g><g v="sing"></g><g v="gent"></g></l></v></tfr></token><token id="1996727" text="учителей"><tfr rev_id="4547979" t="учителей"><v><l id="363287" t="учитель"><g v="NOUN"></g><g v="anim"></g><g v="masc"></g><g v="plur"></g><g v="accs"></g></l></v><v><l id="363287" t="учитель"><g v="NOUN"></g><g v="anim"></g><g v="masc"></g><g v="plur"></g><g v="gent"></g></l></v></tfr></token><token id="1996728" text="."><tfr rev_id="4547980" t="."><v><l id="0" t="."><g v="PNCT"></g></l></v></tfr></token></tokens></sentence><sentence id="110373"><source>Но эти сэкономленные деньги должны пойти на улучшение условий образования, на повышение зарплаты оставшимся учителям».</source><tokens><token id="1996729" text="Но"><tfr rev_id="4547981" t="Но"><v><l id="191429" t="но"><g v="CONJ"></g></l></v><v><l id="191430" t="но"><g v="INTJ"></g></l></v></tfr></token><token id="1996730" text="эти"><tfr rev_id="4547982" t="эти"><v><l id="386581" t="этот"><g v="ADJF"></g><g v="Subx"></g><g v="Apro"></g><g v="Anph"></g><g v="inan"></g><g v="plur"></g><g v="accs"></g></l></v><v><l id="386581" t="этот"><g v="ADJF"></g><g v="Subx"></g><g v="Apro"></g><g v="Anph"></g><g v="plur"></g><g v="nomn"></g></l></v></tfr></token><token id="1996731" text="сэкономленные"><tfr rev_id="4547983" t="сэкономленные"><v><l id="341878" t="сэкономленный"><g v="PRTF"></g><g v="perf"></g><g v="tran"></g><g v="past"></g><g v="pssv"></g><g v="inan"></g><g v="plur"></g><g v="accs"></g></l></v><v><l id="341878" t="сэкономленный"><g v="PRTF"></g><g v="perf"></g><g v="tran"></g><g v="past"></g><g v="pssv"></g><g v="plur"></g><g v="nomn"></g></l></v></tfr></token><token id="1996732" text="деньги"><tfr rev_id="4547984" t="деньги"><v><l id="81429" t="деньги"><g v="NOUN"></g><g v="inan"></g><g v="femn"></g><g v="plur"></g><g v="accs"></g></l></v><v><l id="81429" t="деньги"><g v="NOUN"></g><g v="inan"></g><g v="femn"></g><g v="plur"></g><g v="nomn"></g></l></v><v><l id="81429" t="деньги"><g v="NOUN"></g><g v="inan"></g><g v="femn"></g><g v="sing"></g><g v="gent"></g><g v="Infr"></g></l></v></tfr></token><token id="1996733" text="должны"><tfr rev_id="4547985" t="должны"><v><l id="87975" t="должен"><g v="ADJS"></g><g v="plur"></g></l></v></tfr></token><token id="1996734" text="пойти"><tfr rev_id="4547986" t="пойти"><v><l id="253965" t="пойти"><g v="INFN"></g><g v="perf"></g><g v="intr"></g></l></v></tfr></token><token id="1996735" text="на"><tfr rev_id="4576500" t="на"><v><l id="166264" t="на"><g v="PREP"></g></l></v></tfr></token><token id="1996736" text="улучшение"><tfr rev_id="4547988" t="улучшение"><v><l id="357034" t="улучшение"><g v="NOUN"></g><g v="inan"></g><g v="neut"></g><g v="sing"></g><g v="accs"></g></l></v><v><l id="357034" t="улучшение"><g v="NOUN"></g><g v="inan"></g><g v="neut"></g><g v="sing"></g><g v="nomn"></g></l></v></tfr></token><token id="1996737" text="условий"><tfr rev_id="4547989" t="условий"><v><l id="360556" t="условие"><g v="NOUN"></g><g v="inan"></g><g v="neut"></g><g v="plur"></g><g v="gent"></g></l></v></tfr></token><token id="1996738" text="образования"><tfr rev_id="4547990" t="образования"><v><l id="198798" t="образование"><g v="NOUN"></g><g v="inan"></g><g v="neut"></g><g v="plur"></g><g v="accs"></g></l></v><v><l id="198798" t="образование"><g v="NOUN"></g><g v="inan"></g><g v="neut"></g><g v="plur"></g><g v="nomn"></g></l></v><v><l id="198798" t="образование"><g v="NOUN"></g><g v="inan"></g><g v="neut"></g><g v="sing"></g><g v="gent"></g></l></v></tfr></token><token id="1996739" text=","><tfr rev_id="4547991" t=","><v><l id="0" t=","><g v="PNCT"></g></l></v></tfr></token><token id="1996740" text="на"><tfr rev_id="4547992" t="на"><v><l id="166264" t="на"><g v="PREP"></g></l></v><v><l id="388676" t="на"><g v="INTJ"></g></l></v><v><l id="388734" t="на"><g v="PRCL"></g></l></v></tfr></token><token id="1996741" text="повышение"><tfr rev_id="4547993" t="повышение"><v><l id="243063" t="повышение"><g v="NOUN"></g><g v="inan"></g><g v="neut"></g><g v="sing"></g><g v="accs"></g></l></v><v><l id="243063" t="повышение"><g v="NOUN"></g><g v="inan"></g><g v="neut"></g><g v="sing"></g><g v="nomn"></g></l></v></tfr></token><token id="1996742" text="зарплаты"><tfr rev_id="4547994" t="зарплаты"><v><l id="108951" t="зарплата"><g v="NOUN"></g><g v="inan"></g><g v="femn"></g><g v="plur"></g><g v="accs"></g></l></v><v><l id="108951" t="зарплата"><g v="NOUN"></g><g v="inan"></g><g v="femn"></g><g v="plur"></g><g v="nomn"></g></l></v><v><l id="108951" t="зарплата"><g v="NOUN"></g><g v="inan"></g><g v="femn"></g><g v="sing"></g><g v="gent"></g></l></v></tfr></token><token id="1996743" text="оставшимся"><tfr rev_id="4547995" t="оставшимся"><v><l id="210898" t="оставшийся"><g v="PRTF"></g><g v="perf"></g><g v="intr"></g><g v="past"></g><g v="actv"></g><g v="masc"></g><g v="sing"></g><g v="ablt"></g></l></v><v><l id="210898" t="оставшийся"><g v="PRTF"></g><g v="perf"></g><g v="intr"></g><g v="past"></g><g v="actv"></g><g v="neut"></g><g v="sing"></g><g v="ablt"></g></l></v><v><l id="210898" t="оставшийся"><g v="PRTF"></g><g v="perf"></g><g v="intr"></g><g v="past"></g><g v="actv"></g><g v="plur"></g><g v="datv"></g></l></v></tfr></token><token id="1996744" text="учителям"><tfr rev_id="4547996" t="учителям"><v><l id="363287" t="учитель"><g v="NOUN"></g><g v="anim"></g><g v="masc"></g><g v="plur"></g><g v="datv"></g></l></v></tfr></token><token id="1996745" text="»"><tfr rev_id="4547997" t="»"><v><l id="0" t="»"><g v="PNCT"></g></l></v></tfr></token><token id="1996746" text="."><tfr rev_id="4547998" t="."><v><l id="0" t="."><g v="PNCT"></g></l></v></tfr></token></tokens></sentence></paragraph><paragraph id="38562"><sentence id="110374"><source>В итоге вопрос о планах по сокращению учителей остался открытым.</source><tokens><token id="1996747" text="В"><tfr rev_id="4566381" t="В"><v><l id="37409" t="в"><g v="PREP"></g></l></v></tfr></token><token id="1996748" text="итоге"><tfr rev_id="4548000" t="итоге"><v><l id="127141" t="итог"><g v="NOUN"></g><g v="inan"></g><g v="masc"></g><g v="sing"></g><g v="loct"></g></l></v></tfr></token><token id="1996749" text="вопрос"><tfr rev_id="4548001" t="вопрос"><v><l id="50830" t="вопрос"><g v="NOUN"></g><g v="inan"></g><g v="masc"></g><g v="sing"></g><g v="accs"></g></l></v><v><l id="50830" t="вопрос"><g v="NOUN"></g><g v="inan"></g><g v="masc"></g><g v="sing"></g><g v="nomn"></g></l></v></tfr></token><token id="1996750" text="о"><tfr rev_id="4580054" t="о"><v><l id="192977" t="о"><g v="PREP"></g></l></v></tfr></token><token id="1996751" text="планах"><tfr rev_id="4548003" t="планах"><v><l id="239677" t="план"><g v="NOUN"></g><g v="inan"></g><g v="masc"></g><g v="plur"></g><g v="loct"></g></l></v></tfr></token><token id="1996752" text="по"><tfr rev_id="4575010" t="по"><v><l id="241240" t="по"><g v="PREP"></g></l></v></tfr></token><token id="1996753" text="сокращению"><tfr rev_id="4548005" t="сокращению"><v><l id="328844" t="сокращение"><g v="NOUN"></g><g v="inan"></g><g v="neut"></g><g v="sing"></g><g v="datv"></g></l></v></tfr></token><token id="1996754" text="учителей"><tfr rev_id="4548006" t="учителей"><v><l id="363287" t="учитель"><g v="NOUN"></g><g v="anim"></g><g v="masc"></g><g v="plur"></g><g v="accs"></g></l></v><v><l id="363287" t="учитель"><g v="NOUN"></g><g v="anim"></g><g v="masc"></g><g v="plur"></g><g v="gent"></g></l></v></tfr></token><token id="1996755" text="остался"><tfr rev_id="4548007" t="остался"><v><l id="210896" t="остался"><g v="VERB"></g><g v="perf"></g><g v="intr"></g><g v="masc"></g><g v="sing"></g><g v="past"></g><g v="indc"></g></l></v></tfr></token><token id="1996756" text="открытым"><tfr rev_id="4548008" t="открытым"><v><l id="214751" t="открытый"><g v="ADJF"></g><g v="Qual"></g><g v="masc"></g><g v="sing"></g><g v="ablt"></g></l></v><v><l id="214751" t="открытый"><g v="ADJF"></g><g v="Qual"></g><g v="neut"></g><g v="sing"></g><g v="ablt"></g></l></v><v><l id="214751" t="открытый"><g v="ADJF"></g><g v="Qual"></g><g v="plur"></g><g v="datv"></g></l></v><v><l id="214757" t="открытый"><g v="PRTF"></g><g v="perf"></g><g v="tran"></g><g v="past"></g><g v="pssv"></g><g v="masc"></g><g v="sing"></g><g v="ablt"></g></l></v><v><l id="214757" t="открытый"><g v="PRTF"></g><g v="perf"></g><g v="tran"></g><g v="past"></g><g v="pssv"></g><g v="neut"></g><g v="sing"></g><g v="ablt"></g></l></v><v><l id="214757" t="открытый"><g v="PRTF"></g><g v="perf"></g><g v="tran"></g><g v="past"></g><g v="pssv"></g><g v="plur"></g><g v="datv"></g></l></v></tfr></token><token id="1996757" text="."><tfr rev_id="4548009" t="."><v><l id="0" t="."><g v="PNCT"></g></l></v></tfr></token></tokens></sentence></paragraph><paragraph id="38563"><sentence id="110375"><source>Кроме того, министр не пояснил, каким именно образом малое количество учеников в классе может идти во вред образованию.</source><tokens><token id="1996758" text="Кроме"><tfr rev_id="4548010" t="Кроме"><v><l id="143259" t="кроме"><g v="PREP"></g></l></v></tfr></token><token id="1996759" text="того"><tfr rev_id="4577154" t="того"><v><l id="348430" t="тот"><g v="ADJF"></g><g v="Subx"></g><g v="Apro"></g><g v="Anph"></g><g v="anim"></g><g v="masc"></g><g v="sing"></g><g v="accs"></g></l></v><v><l id="348430" t="тот"><g v="ADJF"></g><g v="Subx"></g><g v="Apro"></g><g v="Anph"></g><g v="masc"></g><g v="sing"></g><g v="gent"></g></l></v><v><l id="348430" t="тот"><g v="ADJF"></g><g v="Subx"></g><g v="Apro"></g><g v="Anph"></g><g v="neut"></g><g v="sing"></g><g v="gent"></g></l></v></tfr></token><token id="1996760" text=","><tfr rev_id="4548012" t=","><v><l id="0" t=","><g v="PNCT"></g></l></v></tfr></token><token id="1996761" text="министр"><tfr rev_id="4548013" t="министр"><v><l id="160614" t="министр"><g v="NOUN"></g><g v="anim"></g><g v="masc"></g><g v="sing"></g><g v="nomn"></g></l></v></tfr></token><token id="1996762" text="не"><tfr rev_id="4548014" t="не"><v><l id="178876" t="не"><g v="PRCL"></g></l></v></tfr></token><token id="1996763" text="пояснил"><tfr rev_id="4548015" t="пояснил"><v><l id="265535" t="пояснил"><g v="VERB"></g><g v="perf"></g><g v="tran"></g><g v="masc"></g><g v="sing"></g><g v="past"></g><g v="indc"></g></l></v></tfr></token><token id="1996764" text=","><tfr rev_id="4548016" t=","><v><l id="0" t=","><g v="PNCT"></g></l></v></tfr></token><token id="1996765" text="каким"><tfr rev_id="4548017" t="каким"><v><l id="128224" t="какой"><g v="ADJF"></g><g v="Apro"></g><g v="masc"></g><g v="sing"></g><g v="ablt"></g></l></v><v><l id="128224" t="какой"><g v="ADJF"></g><g v="Apro"></g><g v="neut"></g><g v="sing"></g><g v="ablt"></g></l></v><v><l id="128224" t="какой"><g v="ADJF"></g><g v="Apro"></g><g v="plur"></g><g v="datv"></g></l></v></tfr></token><token id="1996766" text="именно"><tfr rev_id="4548018" t="именно"><v><l id="121584" t="именно"><g v="PRCL"></g></l></v></tfr></token><token id="1996767" text="образом"><tfr rev_id="4548019" t="образом"><v><l id="198787" t="образ"><g v="NOUN"></g><g v="inan"></g><g v="masc"></g><g v="sing"></g><g v="ablt"></g></l></v></tfr></token><token id="1996768" text="малое"><tfr rev_id="4577158" t="малое"><v><l id="154377" t="малый"><g v="ADJF"></g><g v="Qual"></g><g v="neut"></g><g v="sing"></g><g v="accs"></g></l></v><v><l id="154377" t="малый"><g v="ADJF"></g><g v="Qual"></g><g v="neut"></g><g v="sing"></g><g v="nomn"></g></l></v></tfr></token><token id="1996769" text="количество"><tfr rev_id="4548021" t="количество"><v><l id="135983" t="количество"><g v="NOUN"></g><g v="inan"></g><g v="neut"></g><g v="sing"></g><g v="accs"></g></l></v><v><l id="135983" t="количество"><g v="NOUN"></g><g v="inan"></g><g v="neut"></g><g v="sing"></g><g v="nomn"></g></l></v></tfr></token><token id="1996770" text="учеников"><tfr rev_id="4548022" t="учеников"><v><l id="363185" t="ученик"><g v="NOUN"></g><g v="anim"></g><g v="masc"></g><g v="plur"></g><g v="accs"></g></l></v><v><l id="363185" t="ученик"><g v="NOUN"></g><g v="anim"></g><g v="masc"></g><g v="plur"></g><g v="gent"></g></l></v></tfr></token><token id="1996771" text="в"><tfr rev_id="4565585" t="в"><v><l id="37409" t="в"><g v="PREP"></g></l></v></tfr></token><token id="1996772" text="классе"><tfr rev_id="4548024" t="классе"><v><l id="133889" t="класс"><g v="NOUN"></g><g v="inan"></g><g v="masc"></g><g v="sing"></g><g v="loct"></g></l></v></tfr></token><token id="1996773" text="может"><tfr rev_id="4548025" t="может"><v><l id="162457" t="может"><g v="CONJ"></g><g v="Prnt"></g></l></v><v><l id="164485" t="могу"><g v="VERB"></g><g v="impf"></g><g v="intr"></g><g v="sing"></g><g v="3per"></g><g v="pres"></g><g v="indc"></g></l></v></tfr></token><token id="1996774" text="идти"><tfr rev_id="4548026" t="идти"><v><l id="117567" t="идти"><g v="INFN"></g><g v="impf"></g><g v="intr"></g></l></v></tfr></token><token id="1996775" text="во"><tfr rev_id="4548027" t="во"><v><l id="37409" t="в"><g v="PREP"></g><g v="Vpre"></g></l></v></tfr></token><token id="1996776" text="вред"><tfr rev_id="4548028" t="вред"><v><l id="53061" t="вред"><g v="NOUN"></g><g v="inan"></g><g v="masc"></g><g v="sing"></g><g v="accs"></g></l></v><v><l id="53061" t="вред"><g v="NOUN"></g><g v="inan"></g><g v="masc"></g><g v="sing"></g><g v="nomn"></g></l></v></tfr></token><token id="1996777" text="образованию"><tfr rev_id="4548029" t="образованию"><v><l id="198798" t="образование"><g v="NOUN"></g><g v="inan"></g><g v="neut"></g><g v="sing"></g><g v="datv"></g></l></v></tfr></token><token id="1996778" text="."><tfr rev_id="4548030" t="."><v><l id="0" t="."><g v="PNCT"></g></l></v></tfr></token></tokens></sentence></paragraph></paragraphs></text>