<?xml version="1.0" encoding="utf-8"?><text id="1385" parent="511" name="0007764 Шиза наступает :)"><tags><tag>url:http://fat-crocodile.livejournal.com/7764.html</tag><tag>Год:2006</tag><tag>Дата:27/04</tag><tag>Время:17:10</tag><tag>ЖЖ:Метка:life</tag></tags><paragraphs><paragraph id="12509"><sentence id="39120"><source>Снился сон сегодня.</source><tokens><token id="696948" text="Снился"><tfr rev_id="1528809" t="Снился"><v><l id="327448" t="снюсь"><g v="VERB"></g><g v="impf"></g><g v="intr"></g><g v="masc"></g><g v="sing"></g><g v="past"></g><g v="indc"></g></l></v></tfr></token><token id="696949" text="сон"><tfr rev_id="4103245" t="сон"><v><l id="329403" t="сон"><g v="NOUN"></g><g v="inan"></g><g v="masc"></g><g v="sing"></g><g v="nomn"></g></l></v></tfr></token><token id="696950" text="сегодня"><tfr rev_id="1528811" t="сегодня"><v><l id="317730" t="сегодня"><g v="ADVB"></g></l></v></tfr></token><token id="696951" text="."><tfr rev_id="1528812" t="."><v><l id="0" t="."><g v="PNCT"></g></l></v></tfr></token></tokens></sentence><sentence id="39121"><source>Такого я ещё не видел :)</source><tokens><token id="696952" text="Такого"><tfr rev_id="3453851" t="Такого"><v><l id="342491" t="такой"><g v="ADJF"></g><g v="Apro"></g><g v="neut"></g><g v="sing"></g><g v="gent"></g></l></v></tfr></token><token id="696953" text="я"><tfr rev_id="1528814" t="я"><v><l id="387317" t="я"><g v="NPRO"></g><g v="1per"></g><g v="sing"></g><g v="nomn"></g></l></v></tfr></token><token id="696954" text="ещё"><tfr rev_id="1528815" t="ещё"><v><l id="95551" t="ещё"><g v="PRCL"></g></l></v><v><l id="95552" t="ещё"><g v="ADVB"></g></l></v></tfr></token><token id="696955" text="не"><tfr rev_id="1528816" t="не"><v><l id="178876" t="не"><g v="PRCL"></g></l></v></tfr></token><token id="696956" text="видел"><tfr rev_id="1528817" t="видел"><v><l id="44564" t="вижу"><g v="VERB"></g><g v="impf"></g><g v="tran"></g><g v="masc"></g><g v="sing"></g><g v="past"></g><g v="indc"></g></l></v></tfr></token><token id="696957" text=":)"><tfr rev_id="1528818" t=":)"><v><l id="0" t=":)"><g v="PNCT"></g></l></v></tfr></token></tokens></sentence></paragraph><paragraph id="12510"><sentence id="39122"><source>Фентезёвый мир..</source><tokens><token id="696958" text="Фентезёвый"><tfr rev_id="1528819" t="Фентезёвый"><v><l id="0" t="фентезёвый"><g v="UNKN"></g></l></v></tfr></token><token id="696959" text="мир"><tfr rev_id="4215141" t="мир"><v><l id="160807" t="мир"><g v="NOUN"></g><g v="inan"></g><g v="masc"></g><g v="sing"></g><g v="nomn"></g></l></v></tfr></token><token id="696960" text=".."><tfr rev_id="1528821" t=".."><v><l id="0" t=".."><g v="PNCT"></g></l></v></tfr></token></tokens></sentence><sentence id="39123"><source>Маги, рыцари, выглядят - как в кино, здоровые такие лоси.</source><tokens><token id="696961" text="Маги"><tfr rev_id="1528822" t="Маги"><v><l id="152527" t="маг"><g v="NOUN"></g><g v="anim"></g><g v="masc"></g><g v="plur"></g><g v="nomn"></g></l></v></tfr></token><token id="696962" text=","><tfr rev_id="1528823" t=","><v><l id="0" t=","><g v="PNCT"></g></l></v></tfr></token><token id="696963" text="рыцари"><tfr rev_id="1528824" t="рыцари"><v><l id="310893" t="рыцарь"><g v="NOUN"></g><g v="anim"></g><g v="masc"></g><g v="plur"></g><g v="nomn"></g></l></v></tfr></token><token id="696964" text=","><tfr rev_id="1528825" t=","><v><l id="0" t=","><g v="PNCT"></g></l></v></tfr></token><token id="696965" text="выглядят"><tfr rev_id="1528826" t="выглядят"><v><l id="56595" t="выглядел"><g v="VERB"></g><g v="perf"></g><g v="tran"></g><g v="plur"></g><g v="3per"></g><g v="futr"></g><g v="indc"></g></l></v><v><l id="56599" t="выгляжу"><g v="VERB"></g><g v="impf"></g><g v="intr"></g><g v="plur"></g><g v="3per"></g><g v="pres"></g><g v="indc"></g></l></v></tfr></token><token id="696966" text="-"><tfr rev_id="1528827" t="-"><v><l id="0" t="-"><g v="PNCT"></g></l></v></tfr></token><token id="696967" text="как"><tfr rev_id="1528828" t="как"><v><l id="128190" t="как"><g v="CONJ"></g></l></v><v><l id="128191" t="как"><g v="PRCL"></g></l></v><v><l id="128192" t="как"><g v="ADVB"></g><g v="Ques"></g></l></v></tfr></token><token id="696968" text="в"><tfr rev_id="1528829" t="в"><v><l id="37409" t="в"><g v="PREP"></g></l></v></tfr></token><token id="696969" text="кино"><tfr rev_id="4180274" t="кино"><v><l id="132966" t="кино"><g v="NOUN"></g><g v="inan"></g><g v="neut"></g><g v="Fixd"></g><g v="sing"></g><g v="loct"></g></l></v></tfr></token><token id="696970" text=","><tfr rev_id="1528831" t=","><v><l id="0" t=","><g v="PNCT"></g></l></v></tfr></token><token id="696971" text="здоровые"><tfr rev_id="3751531" t="здоровые"><v><l id="114742" t="здоровый"><g v="ADJF"></g><g v="Qual"></g><g v="plur"></g><g v="nomn"></g></l></v></tfr></token><token id="696972" text="такие"><tfr rev_id="3793206" t="такие"><v><l id="342491" t="такой"><g v="ADJF"></g><g v="Apro"></g><g v="plur"></g><g v="nomn"></g></l></v></tfr></token><token id="696973" text="лоси"><tfr rev_id="1528834" t="лоси"><v><l id="151053" t="лось"><g v="NOUN"></g><g v="anim"></g><g v="masc"></g><g v="plur"></g><g v="nomn"></g></l></v></tfr></token><token id="696974" text="."><tfr rev_id="1528835" t="."><v><l id="0" t="."><g v="PNCT"></g></l></v></tfr></token></tokens></sentence><sentence id="39124"><source>С топорами, посохами и т.п.</source><tokens><token id="696975" text="С"><tfr rev_id="1528836" t="С"><v><l id="311151" t="с"><g v="PREP"></g></l></v></tfr></token><token id="696976" text="топорами"><tfr rev_id="1528837" t="топорами"><v><l id="347901" t="топор"><g v="NOUN"></g><g v="inan"></g><g v="masc"></g><g v="plur"></g><g v="ablt"></g></l></v></tfr></token><token id="696977" text=","><tfr rev_id="1528838" t=","><v><l id="0" t=","><g v="PNCT"></g></l></v></tfr></token><token id="696978" text="посохами"><tfr rev_id="1528839" t="посохами"><v><l id="261916" t="посох"><g v="NOUN"></g><g v="inan"></g><g v="masc"></g><g v="plur"></g><g v="ablt"></g></l></v></tfr></token><token id="696979" text="и"><tfr rev_id="3544569" t="и"><v><l id="116949" t="и"><g v="CONJ"></g></l></v></tfr></token><token id="696980" text="т"><tfr rev_id="4511711" t="т"><v><l id="390035" t="т"><g v="ADJF"></g><g v="Fixd"></g><g v="Abbr"></g><g v="masc"></g><g v="sing"></g><g v="nomn"></g></l></v><v><l id="390035" t="т"><g v="ADJF"></g><g v="Fixd"></g><g v="Abbr"></g><g v="masc"></g><g v="sing"></g><g v="gent"></g></l></v><v><l id="390035" t="т"><g v="ADJF"></g><g v="Fixd"></g><g v="Abbr"></g><g v="masc"></g><g v="sing"></g><g v="datv"></g></l></v><v><l id="390035" t="т"><g v="ADJF"></g><g v="Fixd"></g><g v="Abbr"></g><g v="masc"></g><g v="sing"></g><g v="accs"></g></l></v><v><l id="390035" t="т"><g v="ADJF"></g><g v="Fixd"></g><g v="Abbr"></g><g v="masc"></g><g v="sing"></g><g v="ablt"></g></l></v><v><l id="390035" t="т"><g v="ADJF"></g><g v="Fixd"></g><g v="Abbr"></g><g v="masc"></g><g v="sing"></g><g v="loct"></g></l></v><v><l id="390035" t="т"><g v="ADJF"></g><g v="Fixd"></g><g v="Abbr"></g><g v="femn"></g><g v="sing"></g><g v="nomn"></g></l></v><v><l id="390035" t="т"><g v="ADJF"></g><g v="Fixd"></g><g v="Abbr"></g><g v="femn"></g><g v="sing"></g><g v="gent"></g></l></v><v><l id="390035" t="т"><g v="ADJF"></g><g v="Fixd"></g><g v="Abbr"></g><g v="femn"></g><g v="sing"></g><g v="datv"></g></l></v><v><l id="390035" t="т"><g v="ADJF"></g><g v="Fixd"></g><g v="Abbr"></g><g v="femn"></g><g v="sing"></g><g v="accs"></g></l></v><v><l id="390035" t="т"><g v="ADJF"></g><g v="Fixd"></g><g v="Abbr"></g><g v="femn"></g><g v="sing"></g><g v="ablt"></g></l></v><v><l id="390035" t="т"><g v="ADJF"></g><g v="Fixd"></g><g v="Abbr"></g><g v="femn"></g><g v="sing"></g><g v="loct"></g></l></v><v><l id="390035" t="т"><g v="ADJF"></g><g v="Fixd"></g><g v="Abbr"></g><g v="neut"></g><g v="sing"></g><g v="nomn"></g></l></v><v><l id="390035" t="т"><g v="ADJF"></g><g v="Fixd"></g><g v="Abbr"></g><g v="neut"></g><g v="sing"></g><g v="gent"></g></l></v><v><l id="390035" t="т"><g v="ADJF"></g><g v="Fixd"></g><g v="Abbr"></g><g v="neut"></g><g v="sing"></g><g v="datv"></g></l></v><v><l id="390035" t="т"><g v="ADJF"></g><g v="Fixd"></g><g v="Abbr"></g><g v="neut"></g><g v="sing"></g><g v="accs"></g></l></v><v><l id="390035" t="т"><g v="ADJF"></g><g v="Fixd"></g><g v="Abbr"></g><g v="neut"></g><g v="sing"></g><g v="ablt"></g></l></v><v><l id="390035" t="т"><g v="ADJF"></g><g v="Fixd"></g><g v="Abbr"></g><g v="neut"></g><g v="sing"></g><g v="loct"></g></l></v></tfr></token><token id="696981" text="."><tfr rev_id="1528842" t="."><v><l id="0" t="."><g v="PNCT"></g></l></v></tfr></token><token id="696982" text="п"><tfr rev_id="4502507" t="п"><v><l id="390034" t="п"><g v="ADJF"></g><g v="Fixd"></g><g v="Abbr"></g><g v="masc"></g><g v="sing"></g><g v="nomn"></g></l></v><v><l id="390034" t="п"><g v="ADJF"></g><g v="Fixd"></g><g v="Abbr"></g><g v="masc"></g><g v="sing"></g><g v="gent"></g></l></v><v><l id="390034" t="п"><g v="ADJF"></g><g v="Fixd"></g><g v="Abbr"></g><g v="masc"></g><g v="sing"></g><g v="datv"></g></l></v><v><l id="390034" t="п"><g v="ADJF"></g><g v="Fixd"></g><g v="Abbr"></g><g v="masc"></g><g v="sing"></g><g v="accs"></g></l></v><v><l id="390034" t="п"><g v="ADJF"></g><g v="Fixd"></g><g v="Abbr"></g><g v="masc"></g><g v="sing"></g><g v="ablt"></g></l></v><v><l id="390034" t="п"><g v="ADJF"></g><g v="Fixd"></g><g v="Abbr"></g><g v="masc"></g><g v="sing"></g><g v="loct"></g></l></v><v><l id="390034" t="п"><g v="ADJF"></g><g v="Fixd"></g><g v="Abbr"></g><g v="femn"></g><g v="sing"></g><g v="nomn"></g></l></v><v><l id="390034" t="п"><g v="ADJF"></g><g v="Fixd"></g><g v="Abbr"></g><g v="femn"></g><g v="sing"></g><g v="gent"></g></l></v><v><l id="390034" t="п"><g v="ADJF"></g><g v="Fixd"></g><g v="Abbr"></g><g v="femn"></g><g v="sing"></g><g v="datv"></g></l></v><v><l id="390034" t="п"><g v="ADJF"></g><g v="Fixd"></g><g v="Abbr"></g><g v="femn"></g><g v="sing"></g><g v="accs"></g></l></v><v><l id="390034" t="п"><g v="ADJF"></g><g v="Fixd"></g><g v="Abbr"></g><g v="femn"></g><g v="sing"></g><g v="ablt"></g></l></v><v><l id="390034" t="п"><g v="ADJF"></g><g v="Fixd"></g><g v="Abbr"></g><g v="femn"></g><g v="sing"></g><g v="loct"></g></l></v><v><l id="390034" t="п"><g v="ADJF"></g><g v="Fixd"></g><g v="Abbr"></g><g v="neut"></g><g v="sing"></g><g v="nomn"></g></l></v><v><l id="390034" t="п"><g v="ADJF"></g><g v="Fixd"></g><g v="Abbr"></g><g v="neut"></g><g v="sing"></g><g v="gent"></g></l></v><v><l id="390034" t="п"><g v="ADJF"></g><g v="Fixd"></g><g v="Abbr"></g><g v="neut"></g><g v="sing"></g><g v="datv"></g></l></v><v><l id="390034" t="п"><g v="ADJF"></g><g v="Fixd"></g><g v="Abbr"></g><g v="neut"></g><g v="sing"></g><g v="accs"></g></l></v><v><l id="390034" t="п"><g v="ADJF"></g><g v="Fixd"></g><g v="Abbr"></g><g v="neut"></g><g v="sing"></g><g v="ablt"></g></l></v><v><l id="390034" t="п"><g v="ADJF"></g><g v="Fixd"></g><g v="Abbr"></g><g v="neut"></g><g v="sing"></g><g v="loct"></g></l></v></tfr></token><token id="696983" text="."><tfr rev_id="1528844" t="."><v><l id="0" t="."><g v="PNCT"></g></l></v></tfr></token></tokens></sentence><sentence id="39125"><source>И я иду с ними в байдарочный поход!</source><tokens><token id="696984" text="И"><tfr rev_id="1528845" t="И"><v><l id="116949" t="и"><g v="CONJ"></g></l></v><v><l id="116950" t="и"><g v="INTJ"></g></l></v></tfr></token><token id="696985" text="я"><tfr rev_id="1528846" t="я"><v><l id="387317" t="я"><g v="NPRO"></g><g v="1per"></g><g v="sing"></g><g v="nomn"></g></l></v></tfr></token><token id="696986" text="иду"><tfr rev_id="1715478" t="иду"><v><l id="117566" t="иду"><g v="VERB"></g><g v="impf"></g><g v="intr"></g><g v="sing"></g><g v="1per"></g><g v="pres"></g><g v="indc"></g></l></v></tfr></token><token id="696987" text="с"><tfr rev_id="1528848" t="с"><v><l id="311151" t="с"><g v="PREP"></g></l></v></tfr></token><token id="696988" text="ними"><tfr rev_id="3605744" t="ними"><v><l id="206619" t="они"><g v="NPRO"></g><g v="3per"></g><g v="Anph"></g><g v="plur"></g><g v="ablt"></g><g v="Af-p"></g></l></v></tfr></token><token id="696989" text="в"><tfr rev_id="1528850" t="в"><v><l id="37409" t="в"><g v="PREP"></g></l></v></tfr></token><token id="696990" text="байдарочный"><tfr rev_id="1528851" t="байдарочный"><v><l id="22374" t="байдарочный"><g v="ADJF"></g><g v="masc"></g><g v="sing"></g><g v="nomn"></g></l></v><v><l id="22374" t="байдарочный"><g v="ADJF"></g><g v="inan"></g><g v="masc"></g><g v="sing"></g><g v="accs"></g></l></v></tfr></token><token id="696991" text="поход"><tfr rev_id="1528852" t="поход"><v><l id="264370" t="поход"><g v="NOUN"></g><g v="inan"></g><g v="masc"></g><g v="sing"></g><g v="nomn"></g></l></v><v><l id="264370" t="поход"><g v="NOUN"></g><g v="inan"></g><g v="masc"></g><g v="sing"></g><g v="accs"></g></l></v></tfr></token><token id="696992" text="!"><tfr rev_id="1528853" t="!"><v><l id="0" t="!"><g v="PNCT"></g></l></v></tfr></token></tokens></sentence><sentence id="39126"><source>Как байдарка не переворачивалась я не помню..</source><tokens><token id="696993" text="Как"><tfr rev_id="1528854" t="Как"><v><l id="128190" t="как"><g v="CONJ"></g></l></v><v><l id="128191" t="как"><g v="PRCL"></g></l></v><v><l id="128192" t="как"><g v="ADVB"></g><g v="Ques"></g></l></v></tfr></token><token id="696994" text="байдарка"><tfr rev_id="1528855" t="байдарка"><v><l id="22372" t="байдарка"><g v="NOUN"></g><g v="inan"></g><g v="femn"></g><g v="sing"></g><g v="nomn"></g></l></v></tfr></token><token id="696995" text="не"><tfr rev_id="1528856" t="не"><v><l id="178876" t="не"><g v="PRCL"></g></l></v></tfr></token><token id="696996" text="переворачивалась"><tfr rev_id="1528857" t="переворачивалась"><v><l id="227442" t="переворачиваюсь"><g v="VERB"></g><g v="impf"></g><g v="intr"></g><g v="femn"></g><g v="sing"></g><g v="past"></g><g v="indc"></g></l></v></tfr></token><token id="696997" text="я"><tfr rev_id="1528858" t="я"><v><l id="387317" t="я"><g v="NPRO"></g><g v="1per"></g><g v="sing"></g><g v="nomn"></g></l></v></tfr></token><token id="696998" text="не"><tfr rev_id="1528859" t="не"><v><l id="178876" t="не"><g v="PRCL"></g></l></v></tfr></token><token id="696999" text="помню"><tfr rev_id="1528860" t="помню"><v><l id="257769" t="помню"><g v="VERB"></g><g v="impf"></g><g v="tran"></g><g v="sing"></g><g v="1per"></g><g v="pres"></g><g v="indc"></g></l></v></tfr></token><token id="697000" text=".."><tfr rev_id="1528861" t=".."><v><l id="0" t=".."><g v="PNCT"></g></l></v></tfr></token></tokens></sentence><sentence id="39127"><source>И у нас был какой-то артефакт, который нас защищал, и на нас кто-то нападал..</source><tokens><token id="697001" text="И"><tfr rev_id="1528862" t="И"><v><l id="116949" t="и"><g v="CONJ"></g></l></v><v><l id="116950" t="и"><g v="INTJ"></g></l></v></tfr></token><token id="697002" text="у"><tfr rev_id="3326748" t="у"><v><l id="352818" t="у"><g v="PREP"></g></l></v></tfr></token><token id="697003" text="нас"><tfr rev_id="3711587" t="нас"><v><l id="165750" t="мы"><g v="NPRO"></g><g v="1per"></g><g v="plur"></g><g v="gent"></g></l></v></tfr></token><token id="697004" text="был"><tfr rev_id="1528865" t="был"><v><l id="37265" t="есть"><g v="VERB"></g><g v="impf"></g><g v="intr"></g><g v="masc"></g><g v="sing"></g><g v="past"></g><g v="indc"></g></l></v></tfr></token><token id="697005" text="какой-то"><tfr rev_id="2635710" t="какой-то"><v><l id="128227" t="какой-то"><g v="ADJF"></g><g v="Apro"></g><g v="masc"></g><g v="sing"></g><g v="nomn"></g></l></v><v><l id="128227" t="какой-то"><g v="ADJF"></g><g v="Apro"></g><g v="inan"></g><g v="masc"></g><g v="sing"></g><g v="accs"></g></l></v></tfr></token><token id="697006" text="артефакт"><tfr rev_id="4102946" t="артефакт"><v><l id="17379" t="артефакт"><g v="NOUN"></g><g v="inan"></g><g v="masc"></g><g v="sing"></g><g v="nomn"></g></l></v></tfr></token><token id="697007" text=","><tfr rev_id="1528868" t=","><v><l id="0" t=","><g v="PNCT"></g></l></v></tfr></token><token id="697008" text="который"><tfr rev_id="3637493" t="который"><v><l id="141203" t="который"><g v="ADJF"></g><g v="Apro"></g><g v="Subx"></g><g v="Anph"></g><g v="masc"></g><g v="sing"></g><g v="nomn"></g></l></v><v><l id="141203" t="который"><g v="ADJF"></g><g v="Apro"></g><g v="Subx"></g><g v="Anph"></g><g v="inan"></g><g v="masc"></g><g v="sing"></g><g v="accs"></g></l></v></tfr></token><token id="697009" text="нас"><tfr rev_id="4199189" t="нас"><v><l id="165750" t="мы"><g v="NPRO"></g><g v="1per"></g><g v="plur"></g><g v="accs"></g></l></v></tfr></token><token id="697010" text="защищал"><tfr rev_id="1528871" t="защищал"><v><l id="114259" t="защищаю"><g v="VERB"></g><g v="impf"></g><g v="tran"></g><g v="masc"></g><g v="sing"></g><g v="past"></g><g v="indc"></g></l></v></tfr></token><token id="697011" text=","><tfr rev_id="1528872" t=","><v><l id="0" t=","><g v="PNCT"></g></l></v></tfr></token><token id="697012" text="и"><tfr rev_id="1528873" t="и"><v><l id="116949" t="и"><g v="CONJ"></g></l></v><v><l id="116950" t="и"><g v="INTJ"></g></l></v></tfr></token><token id="697013" text="на"><tfr rev_id="3475856" t="на"><v><l id="166264" t="на"><g v="PREP"></g></l></v></tfr></token><token id="697014" text="нас"><tfr rev_id="3703381" t="нас"><v><l id="165750" t="мы"><g v="NPRO"></g><g v="1per"></g><g v="plur"></g><g v="accs"></g></l></v></tfr></token><token id="697015" text="кто-то"><tfr rev_id="1528876" t="кто-то"><v><l id="144219" t="кто-то"><g v="NPRO"></g><g v="masc"></g><g v="sing"></g><g v="nomn"></g></l></v></tfr></token><token id="697016" text="нападал"><tfr rev_id="1528877" t="нападал"><v><l id="173107" t="нападаю"><g v="VERB"></g><g v="impf"></g><g v="intr"></g><g v="masc"></g><g v="sing"></g><g v="past"></g><g v="indc"></g></l></v><v><l id="173112" t="нападал"><g v="VERB"></g><g v="perf"></g><g v="intr"></g><g v="masc"></g><g v="sing"></g><g v="past"></g><g v="indc"></g></l></v></tfr></token><token id="697017" text=".."><tfr rev_id="1528878" t=".."><v><l id="0" t=".."><g v="PNCT"></g></l></v></tfr></token></tokens></sentence><sentence id="39128"><source>В общем, всё очень запущено :)</source><tokens><token id="697018" text="В"><tfr rev_id="1528879" t="В"><v><l id="37409" t="в"><g v="PREP"></g></l></v></tfr></token><token id="697019" text="общем"><tfr rev_id="3431169" t="общем"><v><l id="201663" t="общий"><g v="ADJF"></g><g v="neut"></g><g v="sing"></g><g v="loct"></g></l></v></tfr></token><token id="697020" text=","><tfr rev_id="1528881" t=","><v><l id="0" t=","><g v="PNCT"></g></l></v></tfr></token><token id="697021" text="всё"><tfr rev_id="4517214" t="всё"><v><l id="42156" t="весь"><g v="ADJF"></g><g v="Subx"></g><g v="Apro"></g><g v="neut"></g><g v="sing"></g><g v="accs"></g></l></v><v><l id="42156" t="весь"><g v="ADJF"></g><g v="Subx"></g><g v="Apro"></g><g v="neut"></g><g v="sing"></g><g v="nomn"></g></l></v></tfr></token><token id="697022" text="очень"><tfr rev_id="1528883" t="очень"><v><l id="221681" t="очень"><g v="ADVB"></g></l></v></tfr></token><token id="697023" text="запущено"><tfr rev_id="1528884" t="запущено"><v><l id="108330" t="запущен"><g v="PRTS"></g><g v="perf"></g><g v="past"></g><g v="pssv"></g><g v="neut"></g><g v="sing"></g></l></v></tfr></token><token id="697024" text=":)"><tfr rev_id="1528885" t=":)"><v><l id="0" t=":)"><g v="PNCT"></g></l></v></tfr></token></tokens></sentence><sentence id="39129"><source>Сюжета не помню почти никакого, только картинки.</source><tokens><token id="697025" text="Сюжета"><tfr rev_id="1528886" t="Сюжета"><v><l id="341892" t="сюжет"><g v="NOUN"></g><g v="inan"></g><g v="masc"></g><g v="sing"></g><g v="gent"></g></l></v></tfr></token><token id="697026" text="не"><tfr rev_id="1528887" t="не"><v><l id="178876" t="не"><g v="PRCL"></g></l></v></tfr></token><token id="697027" text="помню"><tfr rev_id="1528888" t="помню"><v><l id="257769" t="помню"><g v="VERB"></g><g v="impf"></g><g v="tran"></g><g v="sing"></g><g v="1per"></g><g v="pres"></g><g v="indc"></g></l></v></tfr></token><token id="697028" text="почти"><tfr rev_id="2691515" t="почти"><v><l id="264793" t="почёл"><g v="VERB"></g><g v="perf"></g><g v="tran"></g><g v="sing"></g><g v="impr"></g><g v="excl"></g></l></v><v><l id="265002" t="почти"><g v="ADVB"></g></l></v><v><l id="265008" t="почтил"><g v="VERB"></g><g v="perf"></g><g v="tran"></g><g v="sing"></g><g v="impr"></g><g v="excl"></g></l></v><v><l id="388672" t="почти"><g v="PRCL"></g></l></v></tfr></token><token id="697029" text="никакого"><tfr rev_id="3448930" t="никакого"><v><l id="190841" t="никакой"><g v="ADJF"></g><g v="Apro"></g><g v="masc"></g><g v="sing"></g><g v="gent"></g></l></v><v><l id="190841" t="никакой"><g v="ADJF"></g><g v="Apro"></g><g v="anim"></g><g v="masc"></g><g v="sing"></g><g v="accs"></g></l></v></tfr></token><token id="697030" text=","><tfr rev_id="1528891" t=","><v><l id="0" t=","><g v="PNCT"></g></l></v></tfr></token><token id="697031" text="только"><tfr rev_id="3784215" t="только"><v><l id="347395" t="только"><g v="CONJ"></g></l></v><v><l id="347396" t="только"><g v="PRCL"></g></l></v><v><l id="390053" t="только"><g v="ADVB"></g></l></v></tfr></token><token id="697032" text="картинки"><tfr rev_id="3807309" t="картинки"><v><l id="130775" t="картинка"><g v="NOUN"></g><g v="inan"></g><g v="femn"></g><g v="plur"></g><g v="accs"></g></l></v></tfr></token><token id="697033" text="."><tfr rev_id="1528894" t="."><v><l id="0" t="."><g v="PNCT"></g></l></v></tfr></token></tokens></sentence></paragraph><paragraph id="12511"><sentence id="39130"><source>М.б. это Бельтайн?</source><tokens><token id="697034" text="М"><tfr rev_id="3447999" t="М"><v><l id="0" t="М"><g v="UNKN"></g></l></v></tfr></token><token id="697035" text="."><tfr rev_id="1528896" t="."><v><l id="0" t="."><g v="PNCT"></g></l></v></tfr></token><token id="697036" text="б"><tfr rev_id="4454563" t="б"><v><l id="0" t="б"><g v="UNKN"></g></l></v></tfr></token><token id="697037" text="."><tfr rev_id="1528898" t="."><v><l id="0" t="."><g v="PNCT"></g></l></v></tfr></token><token id="697038" text="это"><tfr rev_id="4441865" t="это"><v><l id="386574" t="это"><g v="PRCL"></g></l></v><v><l id="386575" t="это"><g v="NPRO"></g><g v="neut"></g><g v="sing"></g><g v="nomn"></g></l></v><v><l id="386575" t="это"><g v="NPRO"></g><g v="neut"></g><g v="sing"></g><g v="accs"></g></l></v><v><l id="386581" t="этот"><g v="ADJF"></g><g v="Subx"></g><g v="Apro"></g><g v="Anph"></g><g v="neut"></g><g v="sing"></g><g v="nomn"></g></l></v><v><l id="386581" t="этот"><g v="ADJF"></g><g v="Subx"></g><g v="Apro"></g><g v="Anph"></g><g v="neut"></g><g v="sing"></g><g v="accs"></g></l></v></tfr></token><token id="697039" text="Бельтайн"><tfr rev_id="1528900" t="Бельтайн"><v><l id="0" t="бельтайн"><g v="UNKN"></g></l></v></tfr></token><token id="697040" text="?"><tfr rev_id="1528901" t="?"><v><l id="0" t="?"><g v="PNCT"></g></l></v></tfr></token></tokens></sentence></paragraph></paragraphs></text>