<?xml version="1.0" encoding="utf-8"?><text id="1396" parent="56" name="Назван обладатель Нобелевской премии по физиологии и медицине за 2010 год"><tags><tag>Автор:http://ru.wikinews.org/wiki/Участник:Artem Korzhimanov</tag><tag>url:http://ru.wikinews.org/w/index.php?title=Назван_обладатель_Нобелевской_премии_по_физиологии_и_медицине_за_2010_год&amp;oldid=43768</tag><tag>Гео:ВикиКатегория:Великобритания</tag><tag>Гео:ВикиКатегория:Швеция</tag><tag>Тема:ВикиКатегория:Медицина</tag><tag>Тема:ВикиКатегория:Нобелевская премия 2010</tag><tag>Тема:ВикиКатегория:Материалы РИА Новости</tag><tag>Дата:04/10</tag><tag>Год:2010</tag></tags><paragraphs><paragraph id="12623"><sentence id="39355"><source>В понедельник 4 октября Нобелевским комитетом при Каролинском медицинском институте объявлен лауреат Нобелевской премии по физиологии и медицине за 2010 год.</source><tokens><token id="701133" text="В"><tfr rev_id="1532992" t="В"><v><l id="37409" t="в"><g v="PREP"></g></l></v></tfr></token><token id="701134" text="понедельник"><tfr rev_id="4096782" t="понедельник"><v><l id="258364" t="понедельник"><g v="NOUN"></g><g v="inan"></g><g v="masc"></g><g v="sing"></g><g v="accs"></g></l></v></tfr></token><token id="701135" text="4"><tfr rev_id="2462898" t="4"><v><l id="0" t="4"><g v="NUMB"></g></l></v></tfr></token><token id="701136" text="октября"><tfr rev_id="1532995" t="октября"><v><l id="205725" t="октябрь"><g v="NOUN"></g><g v="inan"></g><g v="masc"></g><g v="sing"></g><g v="gent"></g></l></v></tfr></token><token id="701137" text="Нобелевским"><tfr rev_id="4309211" t="Нобелевским"><v><l id="191434" t="нобелевский"><g v="ADJF"></g><g v="masc"></g><g v="sing"></g><g v="ablt"></g></l></v></tfr></token><token id="701138" text="комитетом"><tfr rev_id="1532997" t="комитетом"><v><l id="136923" t="комитет"><g v="NOUN"></g><g v="inan"></g><g v="masc"></g><g v="sing"></g><g v="ablt"></g></l></v></tfr></token><token id="701139" text="при"><tfr rev_id="2604579" t="при"><v><l id="268625" t="при"><g v="PREP"></g></l></v></tfr></token><token id="701140" text="Каролинском"><tfr rev_id="4205222" t="Каролинском"><v><l id="130634" t="каролинский"><g v="ADJF"></g><g v="masc"></g><g v="sing"></g><g v="loct"></g></l></v></tfr></token><token id="701141" text="медицинском"><tfr rev_id="4161259" t="медицинском"><v><l id="157067" t="медицинский"><g v="ADJF"></g><g v="masc"></g><g v="sing"></g><g v="loct"></g></l></v></tfr></token><token id="701142" text="институте"><tfr rev_id="1533001" t="институте"><v><l id="122879" t="институт"><g v="NOUN"></g><g v="inan"></g><g v="masc"></g><g v="sing"></g><g v="loct"></g></l></v></tfr></token><token id="701143" text="объявлен"><tfr rev_id="1533002" t="объявлен"><v><l id="201895" t="объявлен"><g v="PRTS"></g><g v="perf"></g><g v="past"></g><g v="pssv"></g><g v="masc"></g><g v="sing"></g></l></v></tfr></token><token id="701144" text="лауреат"><tfr rev_id="1533003" t="лауреат"><v><l id="147174" t="лауреат"><g v="NOUN"></g><g v="anim"></g><g v="masc"></g><g v="sing"></g><g v="nomn"></g></l></v></tfr></token><token id="701145" text="Нобелевской"><tfr rev_id="3711092" t="Нобелевской"><v><l id="191434" t="нобелевский"><g v="ADJF"></g><g v="femn"></g><g v="sing"></g><g v="gent"></g></l></v></tfr></token><token id="701146" text="премии"><tfr rev_id="4178543" t="премии"><v><l id="267764" t="премия"><g v="NOUN"></g><g v="inan"></g><g v="femn"></g><g v="sing"></g><g v="gent"></g></l></v></tfr></token><token id="701147" text="по"><tfr rev_id="1533006" t="по"><v><l id="241240" t="по"><g v="PREP"></g></l></v></tfr></token><token id="701148" text="физиологии"><tfr rev_id="3947519" t="физиологии"><v><l id="365726" t="физиология"><g v="NOUN"></g><g v="inan"></g><g v="femn"></g><g v="sing"></g><g v="datv"></g></l></v></tfr></token><token id="701149" text="и"><tfr rev_id="3692908" t="и"><v><l id="116949" t="и"><g v="CONJ"></g></l></v></tfr></token><token id="701150" text="медицине"><tfr rev_id="3546052" t="медицине"><v><l id="157066" t="медицина"><g v="NOUN"></g><g v="inan"></g><g v="femn"></g><g v="sing"></g><g v="datv"></g></l></v></tfr></token><token id="701151" text="за"><tfr rev_id="1533010" t="за"><v><l id="98043" t="за"><g v="PREP"></g></l></v></tfr></token><token id="701152" text="2010"><tfr rev_id="2462899" t="2010"><v><l id="0" t="2010"><g v="NUMB"></g></l></v></tfr></token><token id="701153" text="год"><tfr rev_id="1533012" t="год"><v><l id="72149" t="год"><g v="NOUN"></g><g v="inan"></g><g v="masc"></g><g v="sing"></g><g v="nomn"></g></l></v><v><l id="72149" t="год"><g v="NOUN"></g><g v="inan"></g><g v="masc"></g><g v="sing"></g><g v="accs"></g></l></v></tfr></token><token id="701154" text="."><tfr rev_id="1533013" t="."><v><l id="0" t="."><g v="PNCT"></g></l></v></tfr></token></tokens></sentence><sentence id="39356"><source>Им стал британский физиолог Роберт Эдвардс.</source><tokens><token id="701155" text="Им"><tfr rev_id="4531246" t="Им"><v><l id="206541" t="он"><g v="NPRO"></g><g v="masc"></g><g v="3per"></g><g v="Anph"></g><g v="sing"></g><g v="ablt"></g></l></v><v><l id="206649" t="оно"><g v="NPRO"></g><g v="neut"></g><g v="3per"></g><g v="Anph"></g><g v="sing"></g><g v="ablt"></g></l></v></tfr></token><token id="701156" text="стал"><tfr rev_id="1533015" t="стал"><v><l id="335164" t="стал"><g v="VERB"></g><g v="perf"></g><g v="intr"></g><g v="masc"></g><g v="sing"></g><g v="past"></g><g v="indc"></g></l></v></tfr></token><token id="701157" text="британский"><tfr rev_id="3756493" t="британский"><v><l id="34021" t="британский"><g v="ADJF"></g><g v="masc"></g><g v="sing"></g><g v="nomn"></g></l></v></tfr></token><token id="701158" text="физиолог"><tfr rev_id="1533017" t="физиолог"><v><l id="365720" t="физиолог"><g v="NOUN"></g><g v="anim"></g><g v="masc"></g><g v="sing"></g><g v="nomn"></g></l></v></tfr></token><token id="701159" text="Роберт"><tfr rev_id="3457170" t="Роберт"><v><l id="308039" t="роберт"><g v="NOUN"></g><g v="anim"></g><g v="masc"></g><g v="Name"></g><g v="sing"></g><g v="nomn"></g></l></v></tfr></token><token id="701160" text="Эдвардс"><tfr rev_id="1533019" t="Эдвардс"><v><l id="0" t="эдвардс"><g v="UNKN"></g></l></v></tfr></token><token id="701161" text="."><tfr rev_id="1533020" t="."><v><l id="0" t="."><g v="PNCT"></g></l></v></tfr></token></tokens></sentence><sentence id="39357"><source>Премия была вручена учёному за открытие и развитие технологии экстракорпорального оплодотворения.</source><tokens><token id="701162" text="Премия"><tfr rev_id="1533021" t="Премия"><v><l id="267764" t="премия"><g v="NOUN"></g><g v="inan"></g><g v="femn"></g><g v="sing"></g><g v="nomn"></g></l></v></tfr></token><token id="701163" text="была"><tfr rev_id="1533022" t="была"><v><l id="37265" t="есть"><g v="VERB"></g><g v="impf"></g><g v="intr"></g><g v="femn"></g><g v="sing"></g><g v="past"></g><g v="indc"></g></l></v></tfr></token><token id="701164" text="вручена"><tfr rev_id="1533023" t="вручена"><v><l id="53231" t="вручён"><g v="PRTS"></g><g v="perf"></g><g v="past"></g><g v="pssv"></g><g v="femn"></g><g v="sing"></g></l></v></tfr></token><token id="701165" text="учёному"><tfr rev_id="4234397" t="учёному"><v><l id="363100" t="учёный"><g v="NOUN"></g><g v="anim"></g><g v="masc"></g><g v="sing"></g><g v="datv"></g></l></v></tfr></token><token id="701166" text="за"><tfr rev_id="1533025" t="за"><v><l id="98043" t="за"><g v="PREP"></g></l></v></tfr></token><token id="701167" text="открытие"><tfr rev_id="1533026" t="открытие"><v><l id="214745" t="открытие"><g v="NOUN"></g><g v="inan"></g><g v="neut"></g><g v="sing"></g><g v="nomn"></g></l></v><v><l id="214745" t="открытие"><g v="NOUN"></g><g v="inan"></g><g v="neut"></g><g v="sing"></g><g v="accs"></g></l></v></tfr></token><token id="701168" text="и"><tfr rev_id="3677863" t="и"><v><l id="116949" t="и"><g v="CONJ"></g></l></v></tfr></token><token id="701169" text="развитие"><tfr rev_id="1533028" t="развитие"><v><l id="292545" t="развитие"><g v="NOUN"></g><g v="inan"></g><g v="neut"></g><g v="sing"></g><g v="nomn"></g></l></v><v><l id="292545" t="развитие"><g v="NOUN"></g><g v="inan"></g><g v="neut"></g><g v="sing"></g><g v="accs"></g></l></v></tfr></token><token id="701170" text="технологии"><tfr rev_id="4177457" t="технологии"><v><l id="345970" t="технология"><g v="NOUN"></g><g v="inan"></g><g v="femn"></g><g v="sing"></g><g v="gent"></g></l></v></tfr></token><token id="701171" text="экстракорпорального"><tfr rev_id="1533030" t="экстракорпорального"><v><l id="0" t="экстракорпорального"><g v="UNKN"></g></l></v></tfr></token><token id="701172" text="оплодотворения"><tfr rev_id="3436197" t="оплодотворения"><v><l id="207331" t="оплодотворение"><g v="NOUN"></g><g v="inan"></g><g v="neut"></g><g v="sing"></g><g v="gent"></g></l></v></tfr></token><token id="701173" text="."><tfr rev_id="1533032" t="."><v><l id="0" t="."><g v="PNCT"></g></l></v></tfr></token></tokens></sentence></paragraph><paragraph id="12624"><sentence id="39358"><source>Как отмечается в пресс-релизе Нобелевского комитета, достижения Роберта Эдвардса сделали возможным лечение бесплодия — заболевания, от которого страдает более 10 % супружеских пар по всему миру.</source><tokens><token id="701174" text="Как"><tfr rev_id="1533033" t="Как"><v><l id="128190" t="как"><g v="CONJ"></g></l></v><v><l id="128191" t="как"><g v="PRCL"></g></l></v><v><l id="128192" t="как"><g v="ADVB"></g><g v="Ques"></g></l></v></tfr></token><token id="701175" text="отмечается"><tfr rev_id="1533034" t="отмечается"><v><l id="215607" t="отмечаюсь"><g v="VERB"></g><g v="impf"></g><g v="intr"></g><g v="sing"></g><g v="3per"></g><g v="pres"></g><g v="indc"></g></l></v></tfr></token><token id="701176" text="в"><tfr rev_id="1533035" t="в"><v><l id="37409" t="в"><g v="PREP"></g></l></v></tfr></token><token id="701177" text="пресс-релизе"><tfr rev_id="1533036" t="пресс-релизе"><v><l id="268248" t="пресс-релиз"><g v="NOUN"></g><g v="inan"></g><g v="masc"></g><g v="sing"></g><g v="loct"></g></l></v></tfr></token><token id="701178" text="Нобелевского"><tfr rev_id="3549257" t="Нобелевского"><v><l id="191434" t="нобелевский"><g v="ADJF"></g><g v="masc"></g><g v="sing"></g><g v="gent"></g></l></v><v><l id="191434" t="нобелевский"><g v="ADJF"></g><g v="anim"></g><g v="masc"></g><g v="sing"></g><g v="accs"></g></l></v></tfr></token><token id="701179" text="комитета"><tfr rev_id="1533038" t="комитета"><v><l id="136923" t="комитет"><g v="NOUN"></g><g v="inan"></g><g v="masc"></g><g v="sing"></g><g v="gent"></g></l></v></tfr></token><token id="701180" text=","><tfr rev_id="1533039" t=","><v><l id="0" t=","><g v="PNCT"></g></l></v></tfr></token><token id="701181" text="достижения"><tfr rev_id="3796840" t="достижения"><v><l id="90525" t="достижение"><g v="NOUN"></g><g v="inan"></g><g v="neut"></g><g v="plur"></g><g v="nomn"></g></l></v></tfr></token><token id="701182" text="Роберта"><tfr rev_id="4398835" t="Роберта"><v><l id="308039" t="роберт"><g v="NOUN"></g><g v="anim"></g><g v="masc"></g><g v="Name"></g><g v="sing"></g><g v="gent"></g></l></v></tfr></token><token id="701183" text="Эдвардса"><tfr rev_id="1533042" t="Эдвардса"><v><l id="0" t="эдвардса"><g v="UNKN"></g></l></v></tfr></token><token id="701184" text="сделали"><tfr rev_id="1533043" t="сделали"><v><l id="317246" t="сделал"><g v="VERB"></g><g v="perf"></g><g v="tran"></g><g v="plur"></g><g v="past"></g><g v="indc"></g></l></v></tfr></token><token id="701185" text="возможным"><tfr rev_id="4309923" t="возможным"><v><l id="49411" t="возможный"><g v="ADJF"></g><g v="Qual"></g><g v="neut"></g><g v="sing"></g><g v="ablt"></g></l></v></tfr></token><token id="701186" text="лечение"><tfr rev_id="2560708" t="лечение"><v><l id="148735" t="лечение"><g v="NOUN"></g><g v="inan"></g><g v="neut"></g><g v="sing"></g><g v="accs"></g></l></v></tfr></token><token id="701187" text="бесплодия"><tfr rev_id="3461366" t="бесплодия"><v><l id="28400" t="бесплодие"><g v="NOUN"></g><g v="inan"></g><g v="neut"></g><g v="sing"></g><g v="gent"></g></l></v></tfr></token><token id="701188" text="—"><tfr rev_id="2447163" t="—"><v><l id="0" t="—"><g v="PNCT"></g></l></v></tfr></token><token id="701189" text="заболевания"><tfr rev_id="2722255" t="заболевания"><v><l id="98704" t="заболевание"><g v="NOUN"></g><g v="inan"></g><g v="neut"></g><g v="sing"></g><g v="gent"></g></l></v></tfr></token><token id="701190" text=","><tfr rev_id="1533049" t=","><v><l id="0" t=","><g v="PNCT"></g></l></v></tfr></token><token id="701191" text="от"><tfr rev_id="1533050" t="от"><v><l id="211644" t="от"><g v="PREP"></g></l></v></tfr></token><token id="701192" text="которого"><tfr rev_id="3638383" t="которого"><v><l id="141203" t="который"><g v="ADJF"></g><g v="Apro"></g><g v="Subx"></g><g v="Anph"></g><g v="neut"></g><g v="sing"></g><g v="gent"></g></l></v></tfr></token><token id="701193" text="страдает"><tfr rev_id="1533052" t="страдает"><v><l id="337058" t="страдаю"><g v="VERB"></g><g v="impf"></g><g v="intr"></g><g v="sing"></g><g v="3per"></g><g v="pres"></g><g v="indc"></g></l></v></tfr></token><token id="701194" text="более"><tfr rev_id="1533053" t="более"><v><l id="32065" t="более"><g v="ADVB"></g></l></v></tfr></token><token id="701195" text="10"><tfr rev_id="2462900" t="10"><v><l id="0" t="10"><g v="NUMB"></g></l></v></tfr></token><token id="701196" text="%"><tfr rev_id="2447164" t="%"><v><l id="0" t="%"><g v="PNCT"></g></l></v></tfr></token><token id="701197" text="супружеских"><tfr rev_id="4408004" t="супружеских"><v><l id="339821" t="супружеский"><g v="ADJF"></g><g v="plur"></g><g v="gent"></g></l></v></tfr></token><token id="701198" text="пар"><tfr rev_id="3488874" t="пар"><v><l id="223626" t="пара"><g v="NOUN"></g><g v="inan"></g><g v="femn"></g><g v="plur"></g><g v="gent"></g></l></v></tfr></token><token id="701199" text="по"><tfr rev_id="1533058" t="по"><v><l id="241240" t="по"><g v="PREP"></g></l></v></tfr></token><token id="701200" text="всему"><tfr rev_id="4130244" t="всему"><v><l id="42156" t="весь"><g v="ADJF"></g><g v="Subx"></g><g v="Apro"></g><g v="masc"></g><g v="sing"></g><g v="datv"></g></l></v></tfr></token><token id="701201" text="миру"><tfr rev_id="3723342" t="миру"><v><l id="160807" t="мир"><g v="NOUN"></g><g v="inan"></g><g v="masc"></g><g v="sing"></g><g v="datv"></g></l></v></tfr></token><token id="701202" text="."><tfr rev_id="1533061" t="."><v><l id="0" t="."><g v="PNCT"></g></l></v></tfr></token></tokens></sentence></paragraph><paragraph id="12625"><sentence id="39359"><source>Эдвардс начал свои исследования ещё в 1950-х годах.</source><tokens><token id="701203" text="Эдвардс"><tfr rev_id="1533062" t="Эдвардс"><v><l id="0" t="эдвардс"><g v="UNKN"></g></l></v></tfr></token><token id="701204" text="начал"><tfr rev_id="1715352" t="начал"><v><l id="178224" t="начал"><g v="VERB"></g><g v="perf"></g><g v="tran"></g><g v="masc"></g><g v="sing"></g><g v="past"></g><g v="indc"></g></l></v></tfr></token><token id="701205" text="свои"><tfr rev_id="3793133" t="свои"><v><l id="316379" t="свой"><g v="ADJF"></g><g v="Apro"></g><g v="Anph"></g><g v="inan"></g><g v="plur"></g><g v="accs"></g></l></v></tfr></token><token id="701206" text="исследования"><tfr rev_id="3794205" t="исследования"><v><l id="125799" t="исследование"><g v="NOUN"></g><g v="inan"></g><g v="neut"></g><g v="plur"></g><g v="accs"></g></l></v></tfr></token><token id="701207" text="ещё"><tfr rev_id="1533066" t="ещё"><v><l id="95551" t="ещё"><g v="PRCL"></g></l></v><v><l id="95552" t="ещё"><g v="ADVB"></g></l></v></tfr></token><token id="701208" text="в"><tfr rev_id="1533067" t="в"><v><l id="37409" t="в"><g v="PREP"></g></l></v></tfr></token><token id="701209" text="1950-х"><tfr rev_id="4568141" t="1950-х"><v><l id="393920" t="1950-й"><g v="ADJF"></g><g v="Abbr"></g><g v="Anum"></g><g v="anim"></g><g v="plur"></g><g v="accs"></g></l></v><v><l id="393920" t="1950-й"><g v="ADJF"></g><g v="Abbr"></g><g v="Anum"></g><g v="plur"></g><g v="gent"></g></l></v><v><l id="393920" t="1950-й"><g v="ADJF"></g><g v="Abbr"></g><g v="Anum"></g><g v="plur"></g><g v="loct"></g></l></v></tfr></token><token id="701210" text="годах"><tfr rev_id="1533069" t="годах"><v><l id="72149" t="год"><g v="NOUN"></g><g v="inan"></g><g v="masc"></g><g v="plur"></g><g v="loct"></g></l></v></tfr></token><token id="701211" text="."><tfr rev_id="1533070" t="."><v><l id="0" t="."><g v="PNCT"></g></l></v></tfr></token></tokens></sentence><sentence id="39360"><source>Его усилия увенчались успехом 25 июля 1978 года, когда на свет появился первый «ребёнок из пробирки».</source><tokens><token id="701212" text="Его"><tfr rev_id="4491380" t="Его"><v><l id="94208" t="его"><g v="ADJF"></g><g v="Fixd"></g><g v="Apro"></g><g v="Anph"></g><g v="plur"></g><g v="nomn"></g></l></v><v><l id="94208" t="его"><g v="ADJF"></g><g v="Fixd"></g><g v="Apro"></g><g v="Anph"></g><g v="plur"></g><g v="gent"></g></l></v><v><l id="94208" t="его"><g v="ADJF"></g><g v="Fixd"></g><g v="Apro"></g><g v="Anph"></g><g v="plur"></g><g v="datv"></g></l></v><v><l id="94208" t="его"><g v="ADJF"></g><g v="Fixd"></g><g v="Apro"></g><g v="Anph"></g><g v="plur"></g><g v="accs"></g></l></v><v><l id="94208" t="его"><g v="ADJF"></g><g v="Fixd"></g><g v="Apro"></g><g v="Anph"></g><g v="plur"></g><g v="ablt"></g></l></v><v><l id="94208" t="его"><g v="ADJF"></g><g v="Fixd"></g><g v="Apro"></g><g v="Anph"></g><g v="plur"></g><g v="loct"></g></l></v></tfr></token><token id="701213" text="усилия"><tfr rev_id="3802455" t="усилия"><v><l id="360406" t="усилие"><g v="NOUN"></g><g v="inan"></g><g v="neut"></g><g v="plur"></g><g v="nomn"></g></l></v></tfr></token><token id="701214" text="увенчались"><tfr rev_id="1533073" t="увенчались"><v><l id="353417" t="увенчался"><g v="VERB"></g><g v="perf"></g><g v="intr"></g><g v="plur"></g><g v="past"></g><g v="indc"></g></l></v></tfr></token><token id="701215" text="успехом"><tfr rev_id="1533074" t="успехом"><v><l id="360840" t="успех"><g v="NOUN"></g><g v="inan"></g><g v="masc"></g><g v="sing"></g><g v="ablt"></g></l></v></tfr></token><token id="701216" text="25"><tfr rev_id="2462901" t="25"><v><l id="0" t="25"><g v="NUMB"></g></l></v></tfr></token><token id="701217" text="июля"><tfr rev_id="1533076" t="июля"><v><l id="127299" t="июль"><g v="NOUN"></g><g v="inan"></g><g v="masc"></g><g v="sing"></g><g v="gent"></g></l></v></tfr></token><token id="701218" text="1978"><tfr rev_id="2462902" t="1978"><v><l id="0" t="1978"><g v="NUMB"></g></l></v></tfr></token><token id="701219" text="года"><tfr rev_id="3489266" t="года"><v><l id="72149" t="год"><g v="NOUN"></g><g v="inan"></g><g v="masc"></g><g v="sing"></g><g v="gen1"></g></l></v></tfr></token><token id="701220" text=","><tfr rev_id="1533079" t=","><v><l id="0" t=","><g v="PNCT"></g></l></v></tfr></token><token id="701221" text="когда"><tfr rev_id="1533080" t="когда"><v><l id="135239" t="когда"><g v="CONJ"></g></l></v><v><l id="135240" t="когда"><g v="ADVB"></g><g v="Ques"></g></l></v></tfr></token><token id="701222" text="на"><tfr rev_id="3396084" t="на"><v><l id="166264" t="на"><g v="PREP"></g></l></v></tfr></token><token id="701223" text="свет"><tfr rev_id="3496027" t="свет"><v><l id="315472" t="свет"><g v="NOUN"></g><g v="inan"></g><g v="masc"></g><g v="Sgtm"></g><g v="sing"></g><g v="nomn"></g></l></v><v><l id="315472" t="свет"><g v="NOUN"></g><g v="inan"></g><g v="masc"></g><g v="Sgtm"></g><g v="sing"></g><g v="accs"></g></l></v></tfr></token><token id="701224" text="появился"><tfr rev_id="1533083" t="появился"><v><l id="265507" t="появился"><g v="VERB"></g><g v="perf"></g><g v="intr"></g><g v="masc"></g><g v="sing"></g><g v="past"></g><g v="indc"></g></l></v></tfr></token><token id="701225" text="первый"><tfr rev_id="1533084" t="первый"><v><l id="226359" t="первый"><g v="ADJF"></g><g v="Anum"></g><g v="masc"></g><g v="sing"></g><g v="nomn"></g></l></v><v><l id="226359" t="первый"><g v="ADJF"></g><g v="Anum"></g><g v="inan"></g><g v="masc"></g><g v="sing"></g><g v="accs"></g></l></v></tfr></token><token id="701226" text="«"><tfr rev_id="2447165" t="«"><v><l id="0" t="«"><g v="PNCT"></g></l></v></tfr></token><token id="701227" text="ребёнок"><tfr rev_id="1533086" t="ребёнок"><v><l id="304488" t="ребёнок"><g v="NOUN"></g><g v="anim"></g><g v="masc"></g><g v="sing"></g><g v="nomn"></g></l></v></tfr></token><token id="701228" text="из"><tfr rev_id="2602410" t="из"><v><l id="117677" t="из"><g v="PREP"></g></l></v></tfr></token><token id="701229" text="пробирки"><tfr rev_id="1717185" t="пробирки"><v><l id="277211" t="пробирка"><g v="NOUN"></g><g v="inan"></g><g v="femn"></g><g v="sing"></g><g v="gent"></g></l></v></tfr></token><token id="701230" text="»"><tfr rev_id="2447166" t="»"><v><l id="0" t="»"><g v="PNCT"></g></l></v></tfr></token><token id="701231" text="."><tfr rev_id="1533090" t="."><v><l id="0" t="."><g v="PNCT"></g></l></v></tfr></token></tokens></sentence><sentence id="39361"><source>В течение следующих лет Эдвардс занимался усовершенствованием технологии и её распространением среди коллег-учёных.</source><tokens><token id="701232" text="В"><tfr rev_id="1533091" t="В"><v><l id="37409" t="в"><g v="PREP"></g></l></v></tfr></token><token id="701233" text="течение"><tfr rev_id="4214178" t="течение"><v><l id="346009" t="течение"><g v="NOUN"></g><g v="inan"></g><g v="neut"></g><g v="sing"></g><g v="accs"></g></l></v></tfr></token><token id="701234" text="следующих"><tfr rev_id="4369087" t="следующих"><v><l id="324769" t="следующий"><g v="ADJF"></g><g v="plur"></g><g v="gent"></g></l></v></tfr></token><token id="701235" text="лет"><tfr rev_id="3285535" t="лет"><v><l id="72149" t="год"><g v="NOUN"></g><g v="inan"></g><g v="masc"></g><g v="plur"></g><g v="gent"></g></l></v></tfr></token><token id="701236" text="Эдвардс"><tfr rev_id="1533095" t="Эдвардс"><v><l id="0" t="эдвардс"><g v="UNKN"></g></l></v></tfr></token><token id="701237" text="занимался"><tfr rev_id="1533096" t="занимался"><v><l id="106419" t="занимаюсь"><g v="VERB"></g><g v="impf"></g><g v="intr"></g><g v="masc"></g><g v="sing"></g><g v="past"></g><g v="indc"></g></l></v></tfr></token><token id="701238" text="усовершенствованием"><tfr rev_id="1533097" t="усовершенствованием"><v><l id="360749" t="усовершенствование"><g v="NOUN"></g><g v="inan"></g><g v="neut"></g><g v="sing"></g><g v="ablt"></g></l></v></tfr></token><token id="701239" text="технологии"><tfr rev_id="3646651" t="технологии"><v><l id="345970" t="технология"><g v="NOUN"></g><g v="inan"></g><g v="femn"></g><g v="sing"></g><g v="gent"></g></l></v></tfr></token><token id="701240" text="и"><tfr rev_id="3480587" t="и"><v><l id="116949" t="и"><g v="CONJ"></g></l></v></tfr></token><token id="701241" text="её"><tfr rev_id="4511384" t="её"><v><l id="94433" t="её"><g v="ADJF"></g><g v="Fixd"></g><g v="Apro"></g><g v="Anph"></g><g v="masc"></g><g v="sing"></g><g v="nomn"></g></l></v><v><l id="94433" t="её"><g v="ADJF"></g><g v="Fixd"></g><g v="Apro"></g><g v="Anph"></g><g v="masc"></g><g v="sing"></g><g v="gent"></g></l></v><v><l id="94433" t="её"><g v="ADJF"></g><g v="Fixd"></g><g v="Apro"></g><g v="Anph"></g><g v="masc"></g><g v="sing"></g><g v="datv"></g></l></v><v><l id="94433" t="её"><g v="ADJF"></g><g v="Fixd"></g><g v="Apro"></g><g v="Anph"></g><g v="masc"></g><g v="sing"></g><g v="accs"></g></l></v><v><l id="94433" t="её"><g v="ADJF"></g><g v="Fixd"></g><g v="Apro"></g><g v="Anph"></g><g v="masc"></g><g v="sing"></g><g v="ablt"></g></l></v><v><l id="94433" t="её"><g v="ADJF"></g><g v="Fixd"></g><g v="Apro"></g><g v="Anph"></g><g v="masc"></g><g v="sing"></g><g v="loct"></g></l></v><v><l id="94433" t="её"><g v="ADJF"></g><g v="Fixd"></g><g v="Apro"></g><g v="Anph"></g><g v="femn"></g><g v="sing"></g><g v="nomn"></g></l></v><v><l id="94433" t="её"><g v="ADJF"></g><g v="Fixd"></g><g v="Apro"></g><g v="Anph"></g><g v="femn"></g><g v="sing"></g><g v="gent"></g></l></v><v><l id="94433" t="её"><g v="ADJF"></g><g v="Fixd"></g><g v="Apro"></g><g v="Anph"></g><g v="femn"></g><g v="sing"></g><g v="datv"></g></l></v><v><l id="94433" t="её"><g v="ADJF"></g><g v="Fixd"></g><g v="Apro"></g><g v="Anph"></g><g v="femn"></g><g v="sing"></g><g v="accs"></g></l></v><v><l id="94433" t="её"><g v="ADJF"></g><g v="Fixd"></g><g v="Apro"></g><g v="Anph"></g><g v="femn"></g><g v="sing"></g><g v="ablt"></g></l></v><v><l id="94433" t="её"><g v="ADJF"></g><g v="Fixd"></g><g v="Apro"></g><g v="Anph"></g><g v="femn"></g><g v="sing"></g><g v="loct"></g></l></v><v><l id="94433" t="её"><g v="ADJF"></g><g v="Fixd"></g><g v="Apro"></g><g v="Anph"></g><g v="neut"></g><g v="sing"></g><g v="nomn"></g></l></v><v><l id="94433" t="её"><g v="ADJF"></g><g v="Fixd"></g><g v="Apro"></g><g v="Anph"></g><g v="neut"></g><g v="sing"></g><g v="gent"></g></l></v><v><l id="94433" t="её"><g v="ADJF"></g><g v="Fixd"></g><g v="Apro"></g><g v="Anph"></g><g v="neut"></g><g v="sing"></g><g v="datv"></g></l></v><v><l id="94433" t="её"><g v="ADJF"></g><g v="Fixd"></g><g v="Apro"></g><g v="Anph"></g><g v="neut"></g><g v="sing"></g><g v="accs"></g></l></v><v><l id="94433" t="её"><g v="ADJF"></g><g v="Fixd"></g><g v="Apro"></g><g v="Anph"></g><g v="neut"></g><g v="sing"></g><g v="ablt"></g></l></v><v><l id="94433" t="её"><g v="ADJF"></g><g v="Fixd"></g><g v="Apro"></g><g v="Anph"></g><g v="neut"></g><g v="sing"></g><g v="loct"></g></l></v></tfr></token><token id="701242" text="распространением"><tfr rev_id="1533101" t="распространением"><v><l id="300332" t="распространение"><g v="NOUN"></g><g v="inan"></g><g v="neut"></g><g v="sing"></g><g v="ablt"></g></l></v></tfr></token><token id="701243" text="среди"><tfr rev_id="1533102" t="среди"><v><l id="333473" t="среди"><g v="PREP"></g></l></v></tfr></token><token id="701244" text="коллег"><tfr rev_id="4527145" t="коллег"><v><l id="136008" t="коллега"><g v="NOUN"></g><g v="anim"></g><g v="ms-f"></g><g v="plur"></g><g v="gent"></g></l></v></tfr></token><token id="701245" text="-"><tfr rev_id="1533104" t="-"><v><l id="0" t="-"><g v="PNCT"></g></l></v></tfr></token><token id="701246" text="учёных"><tfr rev_id="4463094" t="учёных"><v><l id="363100" t="учёный"><g v="NOUN"></g><g v="anim"></g><g v="masc"></g><g v="plur"></g><g v="gent"></g></l></v></tfr></token><token id="701247" text="."><tfr rev_id="1533106" t="."><v><l id="0" t="."><g v="PNCT"></g></l></v></tfr></token></tokens></sentence><sentence id="39362"><source>На данный момент около 4 миллионов людей было рождено методом, разработанным Робертом Эдвардсом, а экстрапоральное оплодотворение превратилось в большой самостоятельный раздел современной медицины.</source><tokens><token id="701248" text="На"><tfr rev_id="3340664" t="На"><v><l id="166264" t="на"><g v="PREP"></g></l></v></tfr></token><token id="701249" text="данный"><tfr rev_id="3662530" t="данный"><v><l id="78303" t="данный"><g v="ADJF"></g><g v="Apro"></g><g v="masc"></g><g v="sing"></g><g v="nomn"></g></l></v><v><l id="78303" t="данный"><g v="ADJF"></g><g v="Apro"></g><g v="inan"></g><g v="masc"></g><g v="sing"></g><g v="accs"></g></l></v><v><l id="78549" t="данный"><g v="PRTF"></g><g v="perf"></g><g v="tran"></g><g v="past"></g><g v="pssv"></g><g v="masc"></g><g v="sing"></g><g v="nomn"></g></l></v><v><l id="78549" t="данный"><g v="PRTF"></g><g v="perf"></g><g v="tran"></g><g v="past"></g><g v="pssv"></g><g v="inan"></g><g v="masc"></g><g v="sing"></g><g v="accs"></g></l></v></tfr></token><token id="701250" text="момент"><tfr rev_id="4233488" t="момент"><v><l id="163050" t="момент"><g v="NOUN"></g><g v="inan"></g><g v="masc"></g><g v="sing"></g><g v="accs"></g></l></v></tfr></token><token id="701251" text="около"><tfr rev_id="4231576" t="около"><v><l id="205005" t="около"><g v="PREP"></g></l></v></tfr></token><token id="701252" text="4"><tfr rev_id="2462903" t="4"><v><l id="0" t="4"><g v="NUMB"></g></l></v></tfr></token><token id="701253" text="миллионов"><tfr rev_id="1533112" t="миллионов"><v><l id="160260" t="миллион"><g v="NOUN"></g><g v="inan"></g><g v="masc"></g><g v="plur"></g><g v="gent"></g></l></v></tfr></token><token id="701254" text="людей"><tfr rev_id="2866455" t="людей"><v><l id="375073" t="человек"><g v="NOUN"></g><g v="anim"></g><g v="masc"></g><g v="plur"></g><g v="gent"></g></l></v></tfr></token><token id="701255" text="было"><tfr rev_id="3124418" t="было"><v><l id="37265" t="есть"><g v="VERB"></g><g v="impf"></g><g v="intr"></g><g v="neut"></g><g v="sing"></g><g v="past"></g><g v="indc"></g></l></v></tfr></token><token id="701256" text="рождено"><tfr rev_id="1533115" t="рождено"><v><l id="308320" t="рождён"><g v="PRTS"></g><g v="perf"></g><g v="past"></g><g v="pssv"></g><g v="neut"></g><g v="sing"></g></l></v><v><l id="308321" t="рождён"><g v="PRTS"></g><g v="impf"></g><g v="past"></g><g v="pssv"></g><g v="neut"></g><g v="sing"></g></l></v></tfr></token><token id="701257" text="методом"><tfr rev_id="1533116" t="методом"><v><l id="159259" t="метод"><g v="NOUN"></g><g v="inan"></g><g v="masc"></g><g v="sing"></g><g v="ablt"></g></l></v></tfr></token><token id="701258" text=","><tfr rev_id="1533117" t=","><v><l id="0" t=","><g v="PNCT"></g></l></v></tfr></token><token id="701259" text="разработанным"><tfr rev_id="4360184" t="разработанным"><v><l id="296478" t="разработанный"><g v="PRTF"></g><g v="perf"></g><g v="tran"></g><g v="past"></g><g v="pssv"></g><g v="masc"></g><g v="sing"></g><g v="ablt"></g></l></v></tfr></token><token id="701260" text="Робертом"><tfr rev_id="1533119" t="Робертом"><v><l id="308039" t="роберт"><g v="NOUN"></g><g v="anim"></g><g v="masc"></g><g v="Name"></g><g v="sing"></g><g v="ablt"></g></l></v></tfr></token><token id="701261" text="Эдвардсом"><tfr rev_id="1533120" t="Эдвардсом"><v><l id="0" t="эдвардсом"><g v="UNKN"></g></l></v></tfr></token><token id="701262" text=","><tfr rev_id="1533121" t=","><v><l id="0" t=","><g v="PNCT"></g></l></v></tfr></token><token id="701263" text="а"><tfr rev_id="3411257" t="а"><v><l id="51" t="а"><g v="CONJ"></g></l></v></tfr></token><token id="701264" text="экстрапоральное"><tfr rev_id="1533123" t="экстрапоральное"><v><l id="0" t="экстрапоральное"><g v="UNKN"></g></l></v></tfr></token><token id="701265" text="оплодотворение"><tfr rev_id="4214086" t="оплодотворение"><v><l id="207331" t="оплодотворение"><g v="NOUN"></g><g v="inan"></g><g v="neut"></g><g v="sing"></g><g v="nomn"></g></l></v></tfr></token><token id="701266" text="превратилось"><tfr rev_id="1533125" t="превратилось"><v><l id="266128" t="превратился"><g v="VERB"></g><g v="perf"></g><g v="intr"></g><g v="neut"></g><g v="sing"></g><g v="past"></g><g v="indc"></g></l></v></tfr></token><token id="701267" text="в"><tfr rev_id="1533126" t="в"><v><l id="37409" t="в"><g v="PREP"></g></l></v></tfr></token><token id="701268" text="большой"><tfr rev_id="2635725" t="большой"><v><l id="32445" t="большой"><g v="ADJF"></g><g v="Qual"></g><g v="masc"></g><g v="sing"></g><g v="nomn"></g></l></v><v><l id="32445" t="большой"><g v="ADJF"></g><g v="Qual"></g><g v="inan"></g><g v="masc"></g><g v="sing"></g><g v="accs"></g></l></v></tfr></token><token id="701269" text="самостоятельный"><tfr rev_id="1533128" t="самостоятельный"><v><l id="312915" t="самостоятельный"><g v="ADJF"></g><g v="Qual"></g><g v="masc"></g><g v="sing"></g><g v="nomn"></g></l></v><v><l id="312915" t="самостоятельный"><g v="ADJF"></g><g v="Qual"></g><g v="inan"></g><g v="masc"></g><g v="sing"></g><g v="accs"></g></l></v></tfr></token><token id="701270" text="раздел"><tfr rev_id="1716312" t="раздел"><v><l id="293547" t="раздел"><g v="NOUN"></g><g v="inan"></g><g v="masc"></g><g v="sing"></g><g v="nomn"></g></l></v><v><l id="293547" t="раздел"><g v="NOUN"></g><g v="inan"></g><g v="masc"></g><g v="sing"></g><g v="accs"></g></l></v></tfr></token><token id="701271" text="современной"><tfr rev_id="4095097" t="современной"><v><l id="328217" t="современный"><g v="ADJF"></g><g v="Qual"></g><g v="femn"></g><g v="sing"></g><g v="gent"></g></l></v></tfr></token><token id="701272" text="медицины"><tfr rev_id="3489097" t="медицины"><v><l id="157066" t="медицина"><g v="NOUN"></g><g v="inan"></g><g v="femn"></g><g v="sing"></g><g v="gent"></g></l></v></tfr></token><token id="701273" text="."><tfr rev_id="1533132" t="."><v><l id="0" t="."><g v="PNCT"></g></l></v></tfr></token></tokens></sentence></paragraph><paragraph id="12626"><sentence id="39363"><source>85-летний лауреат отказался прокомментировать факт присуждения награды, сославшись на плохое самочувствие.</source><tokens><token id="701274" text="85-летний"><tfr rev_id="1533133" t="85-летний"><v><l id="0" t="85-летний"><g v="UNKN"></g></l></v></tfr></token><token id="701275" text="лауреат"><tfr rev_id="1533134" t="лауреат"><v><l id="147174" t="лауреат"><g v="NOUN"></g><g v="anim"></g><g v="masc"></g><g v="sing"></g><g v="nomn"></g></l></v></tfr></token><token id="701276" text="отказался"><tfr rev_id="1533135" t="отказался"><v><l id="213938" t="отказался"><g v="VERB"></g><g v="perf"></g><g v="intr"></g><g v="masc"></g><g v="sing"></g><g v="past"></g><g v="indc"></g></l></v></tfr></token><token id="701277" text="прокомментировать"><tfr rev_id="1533136" t="прокомментировать"><v><l id="280913" t="прокомментировать"><g v="INFN"></g><g v="perf"></g><g v="tran"></g></l></v></tfr></token><token id="701278" text="факт"><tfr rev_id="3473802" t="факт"><v><l id="364163" t="факт"><g v="NOUN"></g><g v="inan"></g><g v="masc"></g><g v="sing"></g><g v="accs"></g></l></v></tfr></token><token id="701279" text="присуждения"><tfr rev_id="3124636" t="присуждения"><v><l id="275013" t="присуждение"><g v="NOUN"></g><g v="inan"></g><g v="neut"></g><g v="sing"></g><g v="gent"></g></l></v></tfr></token><token id="701280" text="награды"><tfr rev_id="3490960" t="награды"><v><l id="168088" t="награда"><g v="NOUN"></g><g v="inan"></g><g v="femn"></g><g v="sing"></g><g v="gent"></g></l></v></tfr></token><token id="701281" text=","><tfr rev_id="1533140" t=","><v><l id="0" t=","><g v="PNCT"></g></l></v></tfr></token><token id="701282" text="сославшись"><tfr rev_id="1533141" t="сославшись"><v><l id="330381" t="сославшись"><g v="GRND"></g><g v="perf"></g><g v="intr"></g><g v="past"></g><g v="V-sh"></g></l></v></tfr></token><token id="701283" text="на"><tfr rev_id="3335159" t="на"><v><l id="166264" t="на"><g v="PREP"></g></l></v></tfr></token><token id="701284" text="плохое"><tfr rev_id="1533143" t="плохое"><v><l id="240912" t="плохой"><g v="ADJF"></g><g v="Qual"></g><g v="neut"></g><g v="sing"></g><g v="nomn"></g></l></v><v><l id="240912" t="плохой"><g v="ADJF"></g><g v="Qual"></g><g v="neut"></g><g v="sing"></g><g v="accs"></g></l></v></tfr></token><token id="701285" text="самочувствие"><tfr rev_id="3702414" t="самочувствие"><v><l id="313130" t="самочувствие"><g v="NOUN"></g><g v="inan"></g><g v="neut"></g><g v="sing"></g><g v="accs"></g></l></v></tfr></token><token id="701286" text="."><tfr rev_id="1533145" t="."><v><l id="0" t="."><g v="PNCT"></g></l></v></tfr></token></tokens></sentence><sentence id="39364"><source>Коллеги Эдвардса высказали недоумение, почему премия не была присуждена ему ранее, когда здоровье ещё могло бы позволить ему полноценно радоваться признанию.</source><tokens><token id="701287" text="Коллеги"><tfr rev_id="4527198" t="Коллеги"><v><l id="136008" t="коллега"><g v="NOUN"></g><g v="anim"></g><g v="ms-f"></g><g v="plur"></g><g v="nomn"></g></l></v></tfr></token><token id="701288" text="Эдвардса"><tfr rev_id="1533147" t="Эдвардса"><v><l id="0" t="эдвардса"><g v="UNKN"></g></l></v></tfr></token><token id="701289" text="высказали"><tfr rev_id="1533148" t="высказали"><v><l id="61876" t="высказал"><g v="VERB"></g><g v="perf"></g><g v="tran"></g><g v="plur"></g><g v="past"></g><g v="indc"></g></l></v></tfr></token><token id="701290" text="недоумение"><tfr rev_id="3677005" t="недоумение"><v><l id="181802" t="недоумение"><g v="NOUN"></g><g v="inan"></g><g v="neut"></g><g v="sing"></g><g v="accs"></g></l></v></tfr></token><token id="701291" text=","><tfr rev_id="1533150" t=","><v><l id="0" t=","><g v="PNCT"></g></l></v></tfr></token><token id="701292" text="почему"><tfr rev_id="1533151" t="почему"><v><l id="264705" t="почему"><g v="ADVB"></g><g v="Ques"></g></l></v></tfr></token><token id="701293" text="премия"><tfr rev_id="1533152" t="премия"><v><l id="267764" t="премия"><g v="NOUN"></g><g v="inan"></g><g v="femn"></g><g v="sing"></g><g v="nomn"></g></l></v></tfr></token><token id="701294" text="не"><tfr rev_id="1533153" t="не"><v><l id="178876" t="не"><g v="PRCL"></g></l></v></tfr></token><token id="701295" text="была"><tfr rev_id="1533154" t="была"><v><l id="37265" t="есть"><g v="VERB"></g><g v="impf"></g><g v="intr"></g><g v="femn"></g><g v="sing"></g><g v="past"></g><g v="indc"></g></l></v></tfr></token><token id="701296" text="присуждена"><tfr rev_id="1533155" t="присуждена"><v><l id="274999" t="присуждён"><g v="PRTS"></g><g v="perf"></g><g v="past"></g><g v="pssv"></g><g v="femn"></g><g v="sing"></g></l></v></tfr></token><token id="701297" text="ему"><tfr rev_id="4528936" t="ему"><v><l id="206541" t="он"><g v="NPRO"></g><g v="masc"></g><g v="3per"></g><g v="Anph"></g><g v="sing"></g><g v="datv"></g></l></v><v><l id="206649" t="оно"><g v="NPRO"></g><g v="neut"></g><g v="3per"></g><g v="Anph"></g><g v="sing"></g><g v="datv"></g></l></v></tfr></token><token id="701298" text="ранее"><tfr rev_id="1533157" t="ранее"><v><l id="297884" t="ранее"><g v="ADVB"></g></l></v></tfr></token><token id="701299" text=","><tfr rev_id="1533158" t=","><v><l id="0" t=","><g v="PNCT"></g></l></v></tfr></token><token id="701300" text="когда"><tfr rev_id="1533159" t="когда"><v><l id="135239" t="когда"><g v="CONJ"></g></l></v><v><l id="135240" t="когда"><g v="ADVB"></g><g v="Ques"></g></l></v></tfr></token><token id="701301" text="здоровье"><tfr rev_id="4486016" t="здоровье"><v><l id="114746" t="здоровье"><g v="NOUN"></g><g v="inan"></g><g v="neut"></g><g v="sing"></g><g v="nomn"></g></l></v></tfr></token><token id="701302" text="ещё"><tfr rev_id="1533161" t="ещё"><v><l id="95551" t="ещё"><g v="PRCL"></g></l></v><v><l id="95552" t="ещё"><g v="ADVB"></g></l></v></tfr></token><token id="701303" text="могло"><tfr rev_id="1533162" t="могло"><v><l id="164485" t="могу"><g v="VERB"></g><g v="impf"></g><g v="intr"></g><g v="neut"></g><g v="sing"></g><g v="past"></g><g v="indc"></g></l></v></tfr></token><token id="701304" text="бы"><tfr rev_id="1533163" t="бы"><v><l id="36985" t="бы"><g v="PRCL"></g></l></v></tfr></token><token id="701305" text="позволить"><tfr rev_id="1533164" t="позволить"><v><l id="253426" t="позволить"><g v="INFN"></g><g v="perf"></g><g v="tran"></g></l></v></tfr></token><token id="701306" text="ему"><tfr rev_id="4528937" t="ему"><v><l id="206541" t="он"><g v="NPRO"></g><g v="masc"></g><g v="3per"></g><g v="Anph"></g><g v="sing"></g><g v="datv"></g></l></v><v><l id="206649" t="оно"><g v="NPRO"></g><g v="neut"></g><g v="3per"></g><g v="Anph"></g><g v="sing"></g><g v="datv"></g></l></v></tfr></token><token id="701307" text="полноценно"><tfr rev_id="3647715" t="полноценно"><v><l id="256156" t="полноценен"><g v="ADJS"></g><g v="Qual"></g><g v="neut"></g><g v="sing"></g></l></v><v><l id="389392" t="полноценно"><g v="ADVB"></g></l></v></tfr></token><token id="701308" text="радоваться"><tfr rev_id="1533167" t="радоваться"><v><l id="291395" t="радоваться"><g v="INFN"></g><g v="impf"></g><g v="intr"></g></l></v></tfr></token><token id="701309" text="признанию"><tfr rev_id="1533168" t="признанию"><v><l id="270639" t="признание"><g v="NOUN"></g><g v="inan"></g><g v="neut"></g><g v="sing"></g><g v="datv"></g></l></v></tfr></token><token id="701310" text="."><tfr rev_id="1533169" t="."><v><l id="0" t="."><g v="PNCT"></g></l></v></tfr></token></tokens></sentence><sentence id="39365"><source>Торжественная церемония награждения пройдёт 10 декабря 2010 года и пока не ясно, сможет ли учёный принять в ней участие и выступить с традиционной речью.</source><tokens><token id="701311" text="Торжественная"><tfr rev_id="1533170" t="Торжественная"><v><l id="348068" t="торжественный"><g v="ADJF"></g><g v="Qual"></g><g v="femn"></g><g v="sing"></g><g v="nomn"></g></l></v></tfr></token><token id="701312" text="церемония"><tfr rev_id="1533171" t="церемония"><v><l id="373652" t="церемония"><g v="NOUN"></g><g v="inan"></g><g v="femn"></g><g v="sing"></g><g v="nomn"></g></l></v></tfr></token><token id="701313" text="награждения"><tfr rev_id="3471704" t="награждения"><v><l id="168110" t="награждение"><g v="NOUN"></g><g v="inan"></g><g v="neut"></g><g v="sing"></g><g v="gent"></g></l></v></tfr></token><token id="701314" text="пройдёт"><tfr rev_id="1533173" t="пройдёт"><v><l id="280310" t="прошёл"><g v="VERB"></g><g v="perf"></g><g v="tran"></g><g v="sing"></g><g v="3per"></g><g v="futr"></g><g v="indc"></g></l></v></tfr></token><token id="701315" text="10"><tfr rev_id="2462904" t="10"><v><l id="0" t="10"><g v="NUMB"></g></l></v></tfr></token><token id="701316" text="декабря"><tfr rev_id="1533175" t="декабря"><v><l id="80133" t="декабрь"><g v="NOUN"></g><g v="inan"></g><g v="masc"></g><g v="sing"></g><g v="gent"></g></l></v></tfr></token><token id="701317" text="2010"><tfr rev_id="2462905" t="2010"><v><l id="0" t="2010"><g v="NUMB"></g></l></v></tfr></token><token id="701318" text="года"><tfr rev_id="3457314" t="года"><v><l id="72149" t="год"><g v="NOUN"></g><g v="inan"></g><g v="masc"></g><g v="sing"></g><g v="gen1"></g></l></v></tfr></token><token id="701319" text="и"><tfr rev_id="3696832" t="и"><v><l id="116949" t="и"><g v="CONJ"></g></l></v></tfr></token><token id="701320" text="пока"><tfr rev_id="4210950" t="пока"><v><l id="253968" t="пока"><g v="ADVB"></g></l></v></tfr></token><token id="701321" text="не"><tfr rev_id="1533180" t="не"><v><l id="178876" t="не"><g v="PRCL"></g></l></v></tfr></token><token id="701322" text="ясно"><tfr rev_id="1533181" t="ясно"><v><l id="388260" t="ясно"><g v="ADVB"></g><g v="Prdx"></g></l></v><v><l id="388281" t="ясен"><g v="ADJS"></g><g v="Qual"></g><g v="neut"></g><g v="sing"></g></l></v></tfr></token><token id="701323" text=","><tfr rev_id="1533182" t=","><v><l id="0" t=","><g v="PNCT"></g></l></v></tfr></token><token id="701324" text="сможет"><tfr rev_id="1533183" t="сможет"><v><l id="326830" t="смог"><g v="VERB"></g><g v="perf"></g><g v="intr"></g><g v="sing"></g><g v="3per"></g><g v="futr"></g><g v="indc"></g></l></v></tfr></token><token id="701325" text="ли"><tfr rev_id="4468538" t="ли"><v><l id="148847" t="ли"><g v="CONJ"></g></l></v><v><l id="148848" t="ли"><g v="PRCL"></g></l></v></tfr></token><token id="701326" text="учёный"><tfr rev_id="4234399" t="учёный"><v><l id="363100" t="учёный"><g v="NOUN"></g><g v="anim"></g><g v="masc"></g><g v="sing"></g><g v="nomn"></g></l></v></tfr></token><token id="701327" text="принять"><tfr rev_id="1533186" t="принять"><v><l id="272701" t="принять"><g v="INFN"></g><g v="perf"></g><g v="tran"></g></l></v></tfr></token><token id="701328" text="в"><tfr rev_id="1533187" t="в"><v><l id="37409" t="в"><g v="PREP"></g></l></v></tfr></token><token id="701329" text="ней"><tfr rev_id="4351228" t="ней"><v><l id="206544" t="она"><g v="NPRO"></g><g v="femn"></g><g v="3per"></g><g v="Anph"></g><g v="sing"></g><g v="loct"></g><g v="Af-p"></g></l></v></tfr></token><token id="701330" text="участие"><tfr rev_id="3689251" t="участие"><v><l id="363132" t="участие"><g v="NOUN"></g><g v="inan"></g><g v="neut"></g><g v="sing"></g><g v="accs"></g></l></v></tfr></token><token id="701331" text="и"><tfr rev_id="1533190" t="и"><v><l id="116949" t="и"><g v="CONJ"></g></l></v><v><l id="116950" t="и"><g v="INTJ"></g></l></v></tfr></token><token id="701332" text="выступить"><tfr rev_id="1533191" t="выступить"><v><l id="62886" t="выступить"><g v="INFN"></g><g v="perf"></g><g v="intr"></g></l></v></tfr></token><token id="701333" text="с"><tfr rev_id="1533192" t="с"><v><l id="311151" t="с"><g v="PREP"></g></l></v></tfr></token><token id="701334" text="традиционной"><tfr rev_id="2948658" t="традиционной"><v><l id="348768" t="традиционный"><g v="ADJF"></g><g v="femn"></g><g v="sing"></g><g v="ablt"></g></l></v></tfr></token><token id="701335" text="речью"><tfr rev_id="1533194" t="речью"><v><l id="307325" t="речь"><g v="NOUN"></g><g v="inan"></g><g v="femn"></g><g v="sing"></g><g v="ablt"></g></l></v></tfr></token><token id="701336" text="."><tfr rev_id="1533195" t="."><v><l id="0" t="."><g v="PNCT"></g></l></v></tfr></token></tokens></sentence></paragraph></paragraphs></text>