<?xml version="1.0" encoding="utf-8"?><text id="1398" parent="56" name="За последние сутки в Афганистане погибли 8 британских солдат"><tags><tag>Автор:http://ru.wikinews.org/wiki/Участник:Ruslik0</tag><tag>Дата:11/07</tag><tag>Год:2009</tag><tag>Гео:ВикиКатегория:Афганистан</tag><tag>Гео:ВикиКатегория:Великобритания</tag><tag>url:http://ru.wikinews.org/w/index.php?title=За_последние_сутки_в_Афганистане_погибли_8_британских_солдат&amp;oldid=56404</tag></tags><paragraphs><paragraph id="12633"><sentence id="39385"><source>За последние 24 часа в Афганистане погибло 8 британских солдат.</source><tokens><token id="701693" text="За"><tfr rev_id="1533552" t="За"><v><l id="98043" t="за"><g v="PREP"></g></l></v></tfr></token><token id="701694" text="последние"><tfr rev_id="3751461" t="последние"><v><l id="261565" t="последний"><g v="ADJF"></g><g v="inan"></g><g v="plur"></g><g v="accs"></g></l></v></tfr></token><token id="701695" text="24"><tfr rev_id="2462915" t="24"><v><l id="0" t="24"><g v="NUMB"></g></l></v></tfr></token><token id="701696" text="часа"><tfr rev_id="1533555" t="часа"><v><l id="374736" t="час"><g v="NOUN"></g><g v="inan"></g><g v="masc"></g><g v="sing"></g><g v="gen1"></g></l></v></tfr></token><token id="701697" text="в"><tfr rev_id="1533556" t="в"><v><l id="37409" t="в"><g v="PREP"></g></l></v></tfr></token><token id="701698" text="Афганистане"><tfr rev_id="1533557" t="Афганистане"><v><l id="20112" t="афганистан"><g v="NOUN"></g><g v="inan"></g><g v="masc"></g><g v="Geox"></g><g v="sing"></g><g v="loct"></g></l></v></tfr></token><token id="701699" text="погибло"><tfr rev_id="1533558" t="погибло"><v><l id="243191" t="погиб"><g v="VERB"></g><g v="perf"></g><g v="intr"></g><g v="neut"></g><g v="sing"></g><g v="past"></g><g v="indc"></g></l></v></tfr></token><token id="701700" text="8"><tfr rev_id="2462916" t="8"><v><l id="0" t="8"><g v="NUMB"></g></l></v></tfr></token><token id="701701" text="британских"><tfr rev_id="4356898" t="британских"><v><l id="34021" t="британский"><g v="ADJF"></g><g v="plur"></g><g v="gent"></g></l></v></tfr></token><token id="701702" text="солдат"><tfr rev_id="4384759" t="солдат"><v><l id="328908" t="солдат"><g v="NOUN"></g><g v="anim"></g><g v="masc"></g><g v="plur"></g><g v="gent"></g></l></v></tfr></token><token id="701703" text="."><tfr rev_id="1533562" t="."><v><l id="0" t="."><g v="PNCT"></g></l></v></tfr></token></tokens></sentence><sentence id="39386"><source>Это худшие потери для британских вооруженных сил с самого начала конфликта в этой стране.</source><tokens><token id="701704" text="Это"><tfr rev_id="4441889" t="Это"><v><l id="386574" t="это"><g v="PRCL"></g></l></v><v><l id="386575" t="это"><g v="NPRO"></g><g v="neut"></g><g v="sing"></g><g v="nomn"></g></l></v><v><l id="386575" t="это"><g v="NPRO"></g><g v="neut"></g><g v="sing"></g><g v="accs"></g></l></v><v><l id="386581" t="этот"><g v="ADJF"></g><g v="Subx"></g><g v="Apro"></g><g v="Anph"></g><g v="neut"></g><g v="sing"></g><g v="nomn"></g></l></v><v><l id="386581" t="этот"><g v="ADJF"></g><g v="Subx"></g><g v="Apro"></g><g v="Anph"></g><g v="neut"></g><g v="sing"></g><g v="accs"></g></l></v></tfr></token><token id="701705" text="худшие"><tfr rev_id="3860352" t="худшие"><v><l id="240916" t="худший"><g v="ADJF"></g><g v="Supr"></g><g v="Qual"></g><g v="plur"></g><g v="nomn"></g></l></v></tfr></token><token id="701706" text="потери"><tfr rev_id="3796527" t="потери"><v><l id="263142" t="потеря"><g v="NOUN"></g><g v="inan"></g><g v="femn"></g><g v="plur"></g><g v="nomn"></g></l></v></tfr></token><token id="701707" text="для"><tfr rev_id="3445626" t="для"><v><l id="85032" t="для"><g v="PREP"></g></l></v></tfr></token><token id="701708" text="британских"><tfr rev_id="3945602" t="британских"><v><l id="34021" t="британский"><g v="ADJF"></g><g v="plur"></g><g v="gent"></g></l></v></tfr></token><token id="701709" text="вооруженных"><tfr rev_id="1533568" t="вооруженных"><v><l id="50763" t="вооружённый"><g v="ADJF"></g><g v="plur"></g><g v="gent"></g></l></v><v><l id="50763" t="вооружённый"><g v="ADJF"></g><g v="anim"></g><g v="plur"></g><g v="accs"></g></l></v><v><l id="50763" t="вооружённый"><g v="ADJF"></g><g v="plur"></g><g v="loct"></g></l></v><v><l id="50781" t="вооружённый"><g v="PRTF"></g><g v="perf"></g><g v="tran"></g><g v="past"></g><g v="pssv"></g><g v="plur"></g><g v="gent"></g></l></v><v><l id="50781" t="вооружённый"><g v="PRTF"></g><g v="perf"></g><g v="tran"></g><g v="past"></g><g v="pssv"></g><g v="anim"></g><g v="plur"></g><g v="accs"></g></l></v><v><l id="50781" t="вооружённый"><g v="PRTF"></g><g v="perf"></g><g v="tran"></g><g v="past"></g><g v="pssv"></g><g v="plur"></g><g v="loct"></g></l></v></tfr></token><token id="701710" text="сил"><tfr rev_id="1533569" t="сил"><v><l id="320333" t="сила"><g v="NOUN"></g><g v="inan"></g><g v="femn"></g><g v="plur"></g><g v="gent"></g></l></v></tfr></token><token id="701711" text="с"><tfr rev_id="1533570" t="с"><v><l id="311151" t="с"><g v="PREP"></g></l></v></tfr></token><token id="701712" text="самого"><tfr rev_id="3454668" t="самого"><v><l id="312034" t="сам"><g v="ADJF"></g><g v="Apro"></g><g v="neut"></g><g v="sing"></g><g v="gent"></g></l></v><v><l id="313174" t="самый"><g v="ADJF"></g><g v="Apro"></g><g v="neut"></g><g v="sing"></g><g v="gent"></g></l></v></tfr></token><token id="701713" text="начала"><tfr rev_id="3545279" t="начала"><v><l id="178196" t="начало"><g v="NOUN"></g><g v="inan"></g><g v="neut"></g><g v="sing"></g><g v="gent"></g></l></v></tfr></token><token id="701714" text="конфликта"><tfr rev_id="1533573" t="конфликта"><v><l id="138849" t="конфликт"><g v="NOUN"></g><g v="inan"></g><g v="masc"></g><g v="sing"></g><g v="gent"></g></l></v></tfr></token><token id="701715" text="в"><tfr rev_id="1533574" t="в"><v><l id="37409" t="в"><g v="PREP"></g></l></v></tfr></token><token id="701716" text="этой"><tfr rev_id="4438049" t="этой"><v><l id="386581" t="этот"><g v="ADJF"></g><g v="Subx"></g><g v="Apro"></g><g v="Anph"></g><g v="femn"></g><g v="sing"></g><g v="loct"></g></l></v></tfr></token><token id="701717" text="стране"><tfr rev_id="2737557" t="стране"><v><l id="337100" t="страна"><g v="NOUN"></g><g v="inan"></g><g v="femn"></g><g v="sing"></g><g v="loct"></g></l></v></tfr></token><token id="701718" text="."><tfr rev_id="1533577" t="."><v><l id="0" t="."><g v="PNCT"></g></l></v></tfr></token></tokens></sentence><sentence id="39387"><source>Всего за последние десять дней в Афганистане погибло 15 британских солдат, в то время как общие невосполнимые потери британской армии составляют 184 человека.</source><tokens><token id="701719" text="Всего"><tfr rev_id="4499360" t="Всего"><v><l id="53373" t="всего"><g v="ADVB"></g></l></v></tfr></token><token id="701720" text="за"><tfr rev_id="1533579" t="за"><v><l id="98043" t="за"><g v="PREP"></g></l></v></tfr></token><token id="701721" text="последние"><tfr rev_id="3557333" t="последние"><v><l id="261565" t="последний"><g v="ADJF"></g><g v="inan"></g><g v="plur"></g><g v="accs"></g></l></v></tfr></token><token id="701722" text="десять"><tfr rev_id="1533581" t="десять"><v><l id="82114" t="десять"><g v="NUMR"></g><g v="nomn"></g></l></v><v><l id="82114" t="десять"><g v="NUMR"></g><g v="accs"></g></l></v></tfr></token><token id="701723" text="дней"><tfr rev_id="1533582" t="дней"><v><l id="81427" t="день"><g v="NOUN"></g><g v="inan"></g><g v="masc"></g><g v="plur"></g><g v="gent"></g></l></v></tfr></token><token id="701724" text="в"><tfr rev_id="1533583" t="в"><v><l id="37409" t="в"><g v="PREP"></g></l></v></tfr></token><token id="701725" text="Афганистане"><tfr rev_id="1533584" t="Афганистане"><v><l id="20112" t="афганистан"><g v="NOUN"></g><g v="inan"></g><g v="masc"></g><g v="Geox"></g><g v="sing"></g><g v="loct"></g></l></v></tfr></token><token id="701726" text="погибло"><tfr rev_id="1533585" t="погибло"><v><l id="243191" t="погиб"><g v="VERB"></g><g v="perf"></g><g v="intr"></g><g v="neut"></g><g v="sing"></g><g v="past"></g><g v="indc"></g></l></v></tfr></token><token id="701727" text="15"><tfr rev_id="2462917" t="15"><v><l id="0" t="15"><g v="NUMB"></g></l></v></tfr></token><token id="701728" text="британских"><tfr rev_id="4197084" t="британских"><v><l id="34021" t="британский"><g v="ADJF"></g><g v="plur"></g><g v="gent"></g></l></v></tfr></token><token id="701729" text="солдат"><tfr rev_id="4200298" t="солдат"><v><l id="328908" t="солдат"><g v="NOUN"></g><g v="anim"></g><g v="masc"></g><g v="plur"></g><g v="gent"></g></l></v></tfr></token><token id="701730" text=","><tfr rev_id="1533589" t=","><v><l id="0" t=","><g v="PNCT"></g></l></v></tfr></token><token id="701731" text="в"><tfr rev_id="1533590" t="в"><v><l id="37409" t="в"><g v="PREP"></g></l></v></tfr></token><token id="701732" text="то"><tfr rev_id="4347785" t="то"><v><l id="348430" t="тот"><g v="ADJF"></g><g v="Subx"></g><g v="Apro"></g><g v="Anph"></g><g v="neut"></g><g v="sing"></g><g v="nomn"></g></l></v><v><l id="348430" t="тот"><g v="ADJF"></g><g v="Subx"></g><g v="Apro"></g><g v="Anph"></g><g v="neut"></g><g v="sing"></g><g v="accs"></g></l></v></tfr></token><token id="701733" text="время"><tfr rev_id="3230315" t="время"><v><l id="53149" t="время"><g v="NOUN"></g><g v="inan"></g><g v="neut"></g><g v="sing"></g><g v="accs"></g></l></v></tfr></token><token id="701734" text="как"><tfr rev_id="1533593" t="как"><v><l id="128190" t="как"><g v="CONJ"></g></l></v><v><l id="128191" t="как"><g v="PRCL"></g></l></v><v><l id="128192" t="как"><g v="ADVB"></g><g v="Ques"></g></l></v></tfr></token><token id="701735" text="общие"><tfr rev_id="4085539" t="общие"><v><l id="201663" t="общий"><g v="ADJF"></g><g v="plur"></g><g v="nomn"></g></l></v></tfr></token><token id="701736" text="невосполнимые"><tfr rev_id="3751855" t="невосполнимые"><v><l id="180034" t="невосполнимый"><g v="ADJF"></g><g v="plur"></g><g v="nomn"></g></l></v></tfr></token><token id="701737" text="потери"><tfr rev_id="3805795" t="потери"><v><l id="263142" t="потеря"><g v="NOUN"></g><g v="inan"></g><g v="femn"></g><g v="plur"></g><g v="nomn"></g></l></v></tfr></token><token id="701738" text="британской"><tfr rev_id="3431356" t="британской"><v><l id="34021" t="британский"><g v="ADJF"></g><g v="femn"></g><g v="sing"></g><g v="gent"></g></l></v></tfr></token><token id="701739" text="армии"><tfr rev_id="4174658" t="армии"><v><l id="16905" t="армия"><g v="NOUN"></g><g v="inan"></g><g v="femn"></g><g v="sing"></g><g v="gent"></g></l></v></tfr></token><token id="701740" text="составляют"><tfr rev_id="1533599" t="составляют"><v><l id="330494" t="составляю"><g v="VERB"></g><g v="impf"></g><g v="tran"></g><g v="plur"></g><g v="3per"></g><g v="pres"></g><g v="indc"></g></l></v></tfr></token><token id="701741" text="184"><tfr rev_id="2462918" t="184"><v><l id="0" t="184"><g v="NUMB"></g></l></v></tfr></token><token id="701742" text="человека"><tfr rev_id="4216703" t="человека"><v><l id="375073" t="человек"><g v="NOUN"></g><g v="anim"></g><g v="masc"></g><g v="sing"></g><g v="gent"></g></l></v></tfr></token><token id="701743" text="."><tfr rev_id="1533602" t="."><v><l id="0" t="."><g v="PNCT"></g></l></v></tfr></token></tokens></sentence></paragraph><paragraph id="12634"><sentence id="39388"><source>К наибольшему числу потерь привел взрыв заложенной бомбы, который убил 5 солдат осуществлявших пешее патрулирование.</source><tokens><token id="701744" text="К"><tfr rev_id="1533603" t="К"><v><l id="127460" t="к"><g v="PREP"></g></l></v></tfr></token><token id="701745" text="наибольшему"><tfr rev_id="4085906" t="наибольшему"><v><l id="32448" t="наибольший"><g v="ADJF"></g><g v="Supr"></g><g v="Qual"></g><g v="neut"></g><g v="sing"></g><g v="datv"></g></l></v></tfr></token><token id="701746" text="числу"><tfr rev_id="1533605" t="числу"><v><l id="376585" t="число"><g v="NOUN"></g><g v="inan"></g><g v="neut"></g><g v="sing"></g><g v="datv"></g></l></v></tfr></token><token id="701747" text="потерь"><tfr rev_id="1533606" t="потерь"><v><l id="263142" t="потеря"><g v="NOUN"></g><g v="inan"></g><g v="femn"></g><g v="plur"></g><g v="gent"></g></l></v></tfr></token><token id="701748" text="привел"><tfr rev_id="1533607" t="привел"><v><l id="269205" t="привёл"><g v="VERB"></g><g v="perf"></g><g v="tran"></g><g v="masc"></g><g v="sing"></g><g v="past"></g><g v="indc"></g></l></v></tfr></token><token id="701749" text="взрыв"><tfr rev_id="4359203" t="взрыв"><v><l id="44102" t="взрыв"><g v="NOUN"></g><g v="inan"></g><g v="masc"></g><g v="sing"></g><g v="nomn"></g></l></v></tfr></token><token id="701750" text="заложенной"><tfr rev_id="2560991" t="заложенной"><v><l id="104847" t="заложенный"><g v="PRTF"></g><g v="perf"></g><g v="tran"></g><g v="past"></g><g v="pssv"></g><g v="femn"></g><g v="sing"></g><g v="gent"></g></l></v></tfr></token><token id="701751" text="бомбы"><tfr rev_id="1717108" t="бомбы"><v><l id="32469" t="бомба"><g v="NOUN"></g><g v="inan"></g><g v="femn"></g><g v="sing"></g><g v="gent"></g></l></v></tfr></token><token id="701752" text=","><tfr rev_id="1533611" t=","><v><l id="0" t=","><g v="PNCT"></g></l></v></tfr></token><token id="701753" text="который"><tfr rev_id="3637495" t="который"><v><l id="141203" t="который"><g v="ADJF"></g><g v="Apro"></g><g v="Subx"></g><g v="Anph"></g><g v="masc"></g><g v="sing"></g><g v="nomn"></g></l></v><v><l id="141203" t="который"><g v="ADJF"></g><g v="Apro"></g><g v="Subx"></g><g v="Anph"></g><g v="inan"></g><g v="masc"></g><g v="sing"></g><g v="accs"></g></l></v></tfr></token><token id="701754" text="убил"><tfr rev_id="1533613" t="убил"><v><l id="353020" t="убил"><g v="VERB"></g><g v="perf"></g><g v="tran"></g><g v="masc"></g><g v="sing"></g><g v="past"></g><g v="indc"></g></l></v></tfr></token><token id="701755" text="5"><tfr rev_id="2462919" t="5"><v><l id="0" t="5"><g v="NUMB"></g></l></v></tfr></token><token id="701756" text="солдат"><tfr rev_id="4384757" t="солдат"><v><l id="328908" t="солдат"><g v="NOUN"></g><g v="anim"></g><g v="masc"></g><g v="plur"></g><g v="gent"></g></l></v></tfr></token><token id="701757" text="осуществлявших"><tfr rev_id="1533616" t="осуществлявших"><v><l id="211542" t="осуществлявший"><g v="PRTF"></g><g v="impf"></g><g v="tran"></g><g v="past"></g><g v="actv"></g><g v="plur"></g><g v="gent"></g></l></v><v><l id="211542" t="осуществлявший"><g v="PRTF"></g><g v="impf"></g><g v="tran"></g><g v="past"></g><g v="actv"></g><g v="anim"></g><g v="plur"></g><g v="accs"></g></l></v><v><l id="211542" t="осуществлявший"><g v="PRTF"></g><g v="impf"></g><g v="tran"></g><g v="past"></g><g v="actv"></g><g v="plur"></g><g v="loct"></g></l></v></tfr></token><token id="701758" text="пешее"><tfr rev_id="3812467" t="пешее"><v><l id="238313" t="пеший"><g v="ADJF"></g><g v="neut"></g><g v="sing"></g><g v="nomn"></g></l></v><v><l id="238313" t="пеший"><g v="ADJF"></g><g v="neut"></g><g v="sing"></g><g v="accs"></g></l></v></tfr></token><token id="701759" text="патрулирование"><tfr rev_id="1533618" t="патрулирование"><v><l id="225189" t="патрулирование"><g v="NOUN"></g><g v="inan"></g><g v="neut"></g><g v="sing"></g><g v="nomn"></g></l></v><v><l id="225189" t="патрулирование"><g v="NOUN"></g><g v="inan"></g><g v="neut"></g><g v="sing"></g><g v="accs"></g></l></v></tfr></token><token id="701760" text="."><tfr rev_id="1533619" t="."><v><l id="0" t="."><g v="PNCT"></g></l></v></tfr></token></tokens></sentence><sentence id="39389"><source>Еще один военнослужащий погиб при взрыве другой бомбы.</source><tokens><token id="701761" text="Еще"><tfr rev_id="1533620" t="Еще"><v><l id="95551" t="ещё"><g v="PRCL"></g></l></v><v><l id="95552" t="ещё"><g v="ADVB"></g></l></v></tfr></token><token id="701762" text="один"><tfr rev_id="4299725" t="один"><v><l id="203319" t="один"><g v="ADJF"></g><g v="Apro"></g><g v="Anum"></g><g v="masc"></g><g v="sing"></g><g v="nomn"></g></l></v><v><l id="203319" t="один"><g v="ADJF"></g><g v="Apro"></g><g v="Anum"></g><g v="inan"></g><g v="masc"></g><g v="sing"></g><g v="accs"></g></l></v></tfr></token><token id="701763" text="военнослужащий"><tfr rev_id="4234401" t="военнослужащий"><v><l id="48613" t="военнослужащий"><g v="NOUN"></g><g v="anim"></g><g v="masc"></g><g v="sing"></g><g v="nomn"></g></l></v></tfr></token><token id="701764" text="погиб"><tfr rev_id="1715307" t="погиб"><v><l id="243191" t="погиб"><g v="VERB"></g><g v="perf"></g><g v="intr"></g><g v="masc"></g><g v="sing"></g><g v="past"></g><g v="indc"></g></l></v></tfr></token><token id="701765" text="при"><tfr rev_id="2604533" t="при"><v><l id="268625" t="при"><g v="PREP"></g></l></v></tfr></token><token id="701766" text="взрыве"><tfr rev_id="1533625" t="взрыве"><v><l id="44102" t="взрыв"><g v="NOUN"></g><g v="inan"></g><g v="masc"></g><g v="sing"></g><g v="loct"></g></l></v></tfr></token><token id="701767" text="другой"><tfr rev_id="4294133" t="другой"><v><l id="92342" t="другой"><g v="ADJF"></g><g v="Apro"></g><g v="Subx"></g><g v="femn"></g><g v="sing"></g><g v="gent"></g></l></v></tfr></token><token id="701768" text="бомбы"><tfr rev_id="3489617" t="бомбы"><v><l id="32469" t="бомба"><g v="NOUN"></g><g v="inan"></g><g v="femn"></g><g v="sing"></g><g v="gent"></g></l></v></tfr></token><token id="701769" text="."><tfr rev_id="1533628" t="."><v><l id="0" t="."><g v="PNCT"></g></l></v></tfr></token></tokens></sentence><sentence id="39390"><source>Бой вблизи города Лашкар Гах привел к гибели еще одного солдата.</source><tokens><token id="701770" text="Бой"><tfr rev_id="1533629" t="Бой"><v><l id="31905" t="бой"><g v="NOUN"></g><g v="anim"></g><g v="masc"></g><g v="sing"></g><g v="nomn"></g></l></v><v><l id="31906" t="бой"><g v="NOUN"></g><g v="inan"></g><g v="masc"></g><g v="sing"></g><g v="nomn"></g></l></v><v><l id="31906" t="бой"><g v="NOUN"></g><g v="inan"></g><g v="masc"></g><g v="sing"></g><g v="accs"></g></l></v></tfr></token><token id="701771" text="вблизи"><tfr rev_id="4421775" t="вблизи"><v><l id="39495" t="вблизи"><g v="PREP"></g></l></v></tfr></token><token id="701772" text="города"><tfr rev_id="3505669" t="города"><v><l id="73547" t="город"><g v="NOUN"></g><g v="inan"></g><g v="masc"></g><g v="sing"></g><g v="gent"></g></l></v></tfr></token><token id="701773" text="Лашкар"><tfr rev_id="1533632" t="Лашкар"><v><l id="0" t="лашкар"><g v="UNKN"></g></l></v></tfr></token><token id="701774" text="Гах"><tfr rev_id="1533633" t="Гах"><v><l id="0" t="гах"><g v="UNKN"></g></l></v></tfr></token><token id="701775" text="привел"><tfr rev_id="1533634" t="привел"><v><l id="269205" t="привёл"><g v="VERB"></g><g v="perf"></g><g v="tran"></g><g v="masc"></g><g v="sing"></g><g v="past"></g><g v="indc"></g></l></v></tfr></token><token id="701776" text="к"><tfr rev_id="1533635" t="к"><v><l id="127460" t="к"><g v="PREP"></g></l></v></tfr></token><token id="701777" text="гибели"><tfr rev_id="3548526" t="гибели"><v><l id="69488" t="гибель"><g v="NOUN"></g><g v="inan"></g><g v="femn"></g><g v="sing"></g><g v="datv"></g></l></v></tfr></token><token id="701778" text="еще"><tfr rev_id="1533637" t="еще"><v><l id="95551" t="ещё"><g v="PRCL"></g></l></v><v><l id="95552" t="ещё"><g v="ADVB"></g></l></v></tfr></token><token id="701779" text="одного"><tfr rev_id="4300636" t="одного"><v><l id="203319" t="один"><g v="ADJF"></g><g v="Apro"></g><g v="Anum"></g><g v="masc"></g><g v="sing"></g><g v="gent"></g></l></v><v><l id="203319" t="один"><g v="ADJF"></g><g v="Apro"></g><g v="Anum"></g><g v="anim"></g><g v="masc"></g><g v="sing"></g><g v="accs"></g></l></v></tfr></token><token id="701780" text="солдата"><tfr rev_id="3701831" t="солдата"><v><l id="328908" t="солдат"><g v="NOUN"></g><g v="anim"></g><g v="masc"></g><g v="sing"></g><g v="gent"></g></l></v></tfr></token><token id="701781" text="."><tfr rev_id="1533640" t="."><v><l id="0" t="."><g v="PNCT"></g></l></v></tfr></token></tokens></sentence><sentence id="39391"><source>Последний восьмой солдат погиб, когда бронемашина в которой он ехал была поражена из гранатомета.</source><tokens><token id="701782" text="Последний"><tfr rev_id="1533641" t="Последний"><v><l id="261565" t="последний"><g v="ADJF"></g><g v="masc"></g><g v="sing"></g><g v="nomn"></g></l></v><v><l id="261565" t="последний"><g v="ADJF"></g><g v="inan"></g><g v="masc"></g><g v="sing"></g><g v="accs"></g></l></v></tfr></token><token id="701783" text="восьмой"><tfr rev_id="2635727" t="восьмой"><v><l id="52155" t="восьмой"><g v="ADJF"></g><g v="Anum"></g><g v="masc"></g><g v="sing"></g><g v="nomn"></g></l></v><v><l id="52155" t="восьмой"><g v="ADJF"></g><g v="Anum"></g><g v="inan"></g><g v="masc"></g><g v="sing"></g><g v="accs"></g></l></v></tfr></token><token id="701784" text="солдат"><tfr rev_id="2693714" t="солдат"><v><l id="328908" t="солдат"><g v="NOUN"></g><g v="anim"></g><g v="masc"></g><g v="sing"></g><g v="nomn"></g></l></v></tfr></token><token id="701785" text="погиб"><tfr rev_id="1716313" t="погиб"><v><l id="243191" t="погиб"><g v="VERB"></g><g v="perf"></g><g v="intr"></g><g v="masc"></g><g v="sing"></g><g v="past"></g><g v="indc"></g></l></v></tfr></token><token id="701786" text=","><tfr rev_id="1533645" t=","><v><l id="0" t=","><g v="PNCT"></g></l></v></tfr></token><token id="701787" text="когда"><tfr rev_id="1533646" t="когда"><v><l id="135239" t="когда"><g v="CONJ"></g></l></v><v><l id="135240" t="когда"><g v="ADVB"></g><g v="Ques"></g></l></v></tfr></token><token id="701788" text="бронемашина"><tfr rev_id="1533647" t="бронемашина"><v><l id="34201" t="бронемашина"><g v="NOUN"></g><g v="inan"></g><g v="femn"></g><g v="sing"></g><g v="nomn"></g></l></v></tfr></token><token id="701789" text="в"><tfr rev_id="1533648" t="в"><v><l id="37409" t="в"><g v="PREP"></g></l></v></tfr></token><token id="701790" text="которой"><tfr rev_id="4076472" t="которой"><v><l id="141203" t="который"><g v="ADJF"></g><g v="Apro"></g><g v="Subx"></g><g v="Anph"></g><g v="femn"></g><g v="sing"></g><g v="loct"></g></l></v></tfr></token><token id="701791" text="он"><tfr rev_id="3575832" t="он"><v><l id="206541" t="он"><g v="NPRO"></g><g v="masc"></g><g v="3per"></g><g v="Anph"></g><g v="sing"></g><g v="nomn"></g></l></v></tfr></token><token id="701792" text="ехал"><tfr rev_id="1533651" t="ехал"><v><l id="95524" t="еду"><g v="VERB"></g><g v="impf"></g><g v="intr"></g><g v="masc"></g><g v="sing"></g><g v="past"></g><g v="indc"></g></l></v></tfr></token><token id="701793" text="была"><tfr rev_id="1533652" t="была"><v><l id="37265" t="есть"><g v="VERB"></g><g v="impf"></g><g v="intr"></g><g v="femn"></g><g v="sing"></g><g v="past"></g><g v="indc"></g></l></v></tfr></token><token id="701794" text="поражена"><tfr rev_id="1533653" t="поражена"><v><l id="260010" t="поражён"><g v="PRTS"></g><g v="perf"></g><g v="past"></g><g v="pssv"></g><g v="femn"></g><g v="sing"></g></l></v></tfr></token><token id="701795" text="из"><tfr rev_id="2602819" t="из"><v><l id="117677" t="из"><g v="PREP"></g></l></v></tfr></token><token id="701796" text="гранатомета"><tfr rev_id="1533655" t="гранатомета"><v><l id="74623" t="гранатомёт"><g v="NOUN"></g><g v="inan"></g><g v="masc"></g><g v="sing"></g><g v="gent"></g></l></v></tfr></token><token id="701797" text="."><tfr rev_id="1533656" t="."><v><l id="0" t="."><g v="PNCT"></g></l></v></tfr></token></tokens></sentence></paragraph><paragraph id="12635"><sentence id="39392"><source>Несмотря на потери министр обороны Соединенного Королевства Боб Айнсворц уверен, что войну в Афганистане еще можно выиграть, хотя он считает, что победа будет нелегкой.</source><tokens><token id="701798" text="Несмотря"><tfr rev_id="1533657" t="Несмотря"><v><l id="188286" t="несмотря"><g v="PREP"></g></l></v></tfr></token><token id="701799" text="на"><tfr rev_id="3330275" t="на"><v><l id="166264" t="на"><g v="PREP"></g></l></v></tfr></token><token id="701800" text="потери"><tfr rev_id="3807284" t="потери"><v><l id="263142" t="потеря"><g v="NOUN"></g><g v="inan"></g><g v="femn"></g><g v="plur"></g><g v="accs"></g></l></v></tfr></token><token id="701801" text="министр"><tfr rev_id="1533660" t="министр"><v><l id="160614" t="министр"><g v="NOUN"></g><g v="anim"></g><g v="masc"></g><g v="sing"></g><g v="nomn"></g></l></v></tfr></token><token id="701802" text="обороны"><tfr rev_id="3501463" t="обороны"><v><l id="198479" t="оборона"><g v="NOUN"></g><g v="inan"></g><g v="femn"></g><g v="sing"></g><g v="gent"></g></l></v></tfr></token><token id="701803" text="Соединенного"><tfr rev_id="3685292" t="Соединенного"><v><l id="328493" t="соединённый"><g v="PRTF"></g><g v="perf"></g><g v="tran"></g><g v="past"></g><g v="pssv"></g><g v="Adjx"></g><g v="neut"></g><g v="sing"></g><g v="gent"></g></l></v></tfr></token><token id="701804" text="Королевства"><tfr rev_id="3457221" t="Королевства"><v><l id="139925" t="королевство"><g v="NOUN"></g><g v="inan"></g><g v="neut"></g><g v="sing"></g><g v="gent"></g></l></v></tfr></token><token id="701805" text="Боб"><tfr rev_id="1533664" t="Боб"><v><l id="31173" t="боб"><g v="NOUN"></g><g v="anim"></g><g v="masc"></g><g v="Name"></g><g v="sing"></g><g v="nomn"></g></l></v><v><l id="31176" t="боб"><g v="NOUN"></g><g v="inan"></g><g v="masc"></g><g v="sing"></g><g v="nomn"></g></l></v><v><l id="31176" t="боб"><g v="NOUN"></g><g v="inan"></g><g v="masc"></g><g v="sing"></g><g v="accs"></g></l></v></tfr></token><token id="701806" text="Айнсворц"><tfr rev_id="1533665" t="Айнсворц"><v><l id="0" t="айнсворц"><g v="UNKN"></g></l></v></tfr></token><token id="701807" text="уверен"><tfr rev_id="1533666" t="уверен"><v><l id="353438" t="уверен"><g v="ADJS"></g><g v="Qual"></g><g v="masc"></g><g v="sing"></g></l></v><v><l id="353446" t="уверен"><g v="PRTS"></g><g v="perf"></g><g v="past"></g><g v="pssv"></g><g v="masc"></g><g v="sing"></g></l></v></tfr></token><token id="701808" text=","><tfr rev_id="1533667" t=","><v><l id="0" t=","><g v="PNCT"></g></l></v></tfr></token><token id="701809" text="что"><tfr rev_id="3197786" t="что"><v><l id="377004" t="что"><g v="CONJ"></g></l></v><v><l id="377005" t="что"><g v="NPRO"></g><g v="neut"></g><g v="sing"></g><g v="nomn"></g></l></v><v><l id="377005" t="что"><g v="NPRO"></g><g v="neut"></g><g v="sing"></g><g v="accs"></g></l></v><v><l id="377006" t="что"><g v="ADVB"></g><g v="Ques"></g></l></v><v><l id="388695" t="что"><g v="PRCL"></g></l></v></tfr></token><token id="701810" text="войну"><tfr rev_id="1533669" t="войну"><v><l id="49721" t="война"><g v="NOUN"></g><g v="inan"></g><g v="femn"></g><g v="sing"></g><g v="accs"></g></l></v></tfr></token><token id="701811" text="в"><tfr rev_id="1533670" t="в"><v><l id="37409" t="в"><g v="PREP"></g></l></v></tfr></token><token id="701812" text="Афганистане"><tfr rev_id="1533671" t="Афганистане"><v><l id="20112" t="афганистан"><g v="NOUN"></g><g v="inan"></g><g v="masc"></g><g v="Geox"></g><g v="sing"></g><g v="loct"></g></l></v></tfr></token><token id="701813" text="еще"><tfr rev_id="1533672" t="еще"><v><l id="95551" t="ещё"><g v="PRCL"></g></l></v><v><l id="95552" t="ещё"><g v="ADVB"></g></l></v></tfr></token><token id="701814" text="можно"><tfr rev_id="1533673" t="можно"><v><l id="162467" t="можно"><g v="PRED"></g><g v="pres"></g></l></v></tfr></token><token id="701815" text="выиграть"><tfr rev_id="1533674" t="выиграть"><v><l id="57699" t="выиграть"><g v="INFN"></g><g v="perf"></g><g v="tran"></g></l></v></tfr></token><token id="701816" text=","><tfr rev_id="1533675" t=","><v><l id="0" t=","><g v="PNCT"></g></l></v></tfr></token><token id="701817" text="хотя"><tfr rev_id="3947793" t="хотя"><v><l id="371732" t="хотя"><g v="CONJ"></g></l></v></tfr></token><token id="701818" text="он"><tfr rev_id="3575833" t="он"><v><l id="206541" t="он"><g v="NPRO"></g><g v="masc"></g><g v="3per"></g><g v="Anph"></g><g v="sing"></g><g v="nomn"></g></l></v></tfr></token><token id="701819" text="считает"><tfr rev_id="1533678" t="считает"><v><l id="341320" t="считаю"><g v="VERB"></g><g v="impf"></g><g v="tran"></g><g v="sing"></g><g v="3per"></g><g v="pres"></g><g v="indc"></g></l></v><v><l id="341329" t="считал"><g v="VERB"></g><g v="perf"></g><g v="tran"></g><g v="sing"></g><g v="3per"></g><g v="futr"></g><g v="indc"></g></l></v></tfr></token><token id="701820" text=","><tfr rev_id="1533679" t=","><v><l id="0" t=","><g v="PNCT"></g></l></v></tfr></token><token id="701821" text="что"><tfr rev_id="3197787" t="что"><v><l id="377004" t="что"><g v="CONJ"></g></l></v><v><l id="377005" t="что"><g v="NPRO"></g><g v="neut"></g><g v="sing"></g><g v="nomn"></g></l></v><v><l id="377005" t="что"><g v="NPRO"></g><g v="neut"></g><g v="sing"></g><g v="accs"></g></l></v><v><l id="377006" t="что"><g v="ADVB"></g><g v="Ques"></g></l></v><v><l id="388695" t="что"><g v="PRCL"></g></l></v></tfr></token><token id="701822" text="победа"><tfr rev_id="1533681" t="победа"><v><l id="241476" t="победа"><g v="NOUN"></g><g v="inan"></g><g v="femn"></g><g v="sing"></g><g v="nomn"></g></l></v></tfr></token><token id="701823" text="будет"><tfr rev_id="1533682" t="будет"><v><l id="37265" t="есть"><g v="VERB"></g><g v="impf"></g><g v="intr"></g><g v="sing"></g><g v="3per"></g><g v="futr"></g><g v="indc"></g></l></v></tfr></token><token id="701824" text="нелегкой"><tfr rev_id="4404351" t="нелегкой"><v><l id="183702" t="нелёгкий"><g v="ADJF"></g><g v="femn"></g><g v="sing"></g><g v="ablt"></g></l></v></tfr></token><token id="701825" text="."><tfr rev_id="1533684" t="."><v><l id="0" t="."><g v="PNCT"></g></l></v></tfr></token></tokens></sentence><sentence id="39393"><source>В последнее время в Британии усилилась критика Афганской политики правительства.</source><tokens><token id="701826" text="В"><tfr rev_id="1533685" t="В"><v><l id="37409" t="в"><g v="PREP"></g></l></v></tfr></token><token id="701827" text="последнее"><tfr rev_id="3809311" t="последнее"><v><l id="261565" t="последний"><g v="ADJF"></g><g v="neut"></g><g v="sing"></g><g v="nomn"></g></l></v><v><l id="261565" t="последний"><g v="ADJF"></g><g v="neut"></g><g v="sing"></g><g v="accs"></g></l></v></tfr></token><token id="701828" text="время"><tfr rev_id="3547543" t="время"><v><l id="53149" t="время"><g v="NOUN"></g><g v="inan"></g><g v="neut"></g><g v="sing"></g><g v="accs"></g></l></v></tfr></token><token id="701829" text="в"><tfr rev_id="1533688" t="в"><v><l id="37409" t="в"><g v="PREP"></g></l></v></tfr></token><token id="701830" text="Британии"><tfr rev_id="2627731" t="Британии"><v><l id="34018" t="британия"><g v="NOUN"></g><g v="inan"></g><g v="femn"></g><g v="Sgtm"></g><g v="Geox"></g><g v="sing"></g><g v="loct"></g></l></v></tfr></token><token id="701831" text="усилилась"><tfr rev_id="1533690" t="усилилась"><v><l id="360417" t="усилился"><g v="VERB"></g><g v="perf"></g><g v="intr"></g><g v="femn"></g><g v="sing"></g><g v="past"></g><g v="indc"></g></l></v></tfr></token><token id="701832" text="критика"><tfr rev_id="4221971" t="критика"><v><l id="142954" t="критика"><g v="NOUN"></g><g v="inan"></g><g v="femn"></g><g v="sing"></g><g v="nomn"></g></l></v></tfr></token><token id="701833" text="Афганской"><tfr rev_id="4378708" t="Афганской"><v><l id="20117" t="афганский"><g v="ADJF"></g><g v="femn"></g><g v="sing"></g><g v="gent"></g></l></v></tfr></token><token id="701834" text="политики"><tfr rev_id="4374677" t="политики"><v><l id="255853" t="политика"><g v="NOUN"></g><g v="inan"></g><g v="femn"></g><g v="sing"></g><g v="gent"></g></l></v></tfr></token><token id="701835" text="правительства"><tfr rev_id="3434148" t="правительства"><v><l id="265638" t="правительство"><g v="NOUN"></g><g v="inan"></g><g v="neut"></g><g v="sing"></g><g v="gent"></g></l></v></tfr></token><token id="701836" text="."><tfr rev_id="1533695" t="."><v><l id="0" t="."><g v="PNCT"></g></l></v></tfr></token></tokens></sentence><sentence id="39394"><source>Так лидер Либерально-демократической партии Ник Клегг впервые нарушил ранее существовавшее негласное соглашение не критиковать политику правительства в этой стране.</source><tokens><token id="701837" text="Так"><tfr rev_id="1533696" t="Так"><v><l id="342451" t="так"><g v="CONJ"></g></l></v><v><l id="342452" t="так"><g v="PRCL"></g></l></v><v><l id="342453" t="так"><g v="ADVB"></g><g v="Dmns"></g></l></v></tfr></token><token id="701838" text="лидер"><tfr rev_id="1533697" t="лидер"><v><l id="149007" t="лидер"><g v="NOUN"></g><g v="anim"></g><g v="masc"></g><g v="sing"></g><g v="nomn"></g></l></v></tfr></token><token id="701839" text="Либерально-демократической"><tfr rev_id="4394836" t="Либерально-демократической"><v><l id="390110" t="либерально-демократический"><g v="ADJF"></g><g v="femn"></g><g v="sing"></g><g v="gent"></g></l></v></tfr></token><token id="701840" text="партии"><tfr rev_id="4345562" t="партии"><v><l id="224431" t="партия"><g v="NOUN"></g><g v="inan"></g><g v="femn"></g><g v="sing"></g><g v="gent"></g></l></v></tfr></token><token id="701841" text="Ник"><tfr rev_id="3429511" t="Ник"><v><l id="388743" t="ник"><g v="NOUN"></g><g v="anim"></g><g v="masc"></g><g v="Name"></g><g v="sing"></g><g v="nomn"></g></l></v></tfr></token><token id="701842" text="Клегг"><tfr rev_id="1533701" t="Клегг"><v><l id="0" t="клегг"><g v="UNKN"></g></l></v></tfr></token><token id="701843" text="впервые"><tfr rev_id="1533702" t="впервые"><v><l id="52345" t="впервые"><g v="ADVB"></g></l></v></tfr></token><token id="701844" text="нарушил"><tfr rev_id="1533703" t="нарушил"><v><l id="174887" t="нарушил"><g v="VERB"></g><g v="perf"></g><g v="tran"></g><g v="masc"></g><g v="sing"></g><g v="past"></g><g v="indc"></g></l></v></tfr></token><token id="701845" text="ранее"><tfr rev_id="1533704" t="ранее"><v><l id="297884" t="ранее"><g v="ADVB"></g></l></v></tfr></token><token id="701846" text="существовавшее"><tfr rev_id="1533705" t="существовавшее"><v><l id="340487" t="существовавший"><g v="PRTF"></g><g v="impf"></g><g v="intr"></g><g v="past"></g><g v="actv"></g><g v="neut"></g><g v="sing"></g><g v="nomn"></g></l></v><v><l id="340487" t="существовавший"><g v="PRTF"></g><g v="impf"></g><g v="intr"></g><g v="past"></g><g v="actv"></g><g v="neut"></g><g v="sing"></g><g v="accs"></g></l></v></tfr></token><token id="701847" text="негласное"><tfr rev_id="1533706" t="негласное"><v><l id="180428" t="негласный"><g v="ADJF"></g><g v="Qual"></g><g v="neut"></g><g v="sing"></g><g v="nomn"></g></l></v><v><l id="180428" t="негласный"><g v="ADJF"></g><g v="Qual"></g><g v="neut"></g><g v="sing"></g><g v="accs"></g></l></v></tfr></token><token id="701848" text="соглашение"><tfr rev_id="1533707" t="соглашение"><v><l id="328305" t="соглашение"><g v="NOUN"></g><g v="inan"></g><g v="neut"></g><g v="sing"></g><g v="nomn"></g></l></v><v><l id="328305" t="соглашение"><g v="NOUN"></g><g v="inan"></g><g v="neut"></g><g v="sing"></g><g v="accs"></g></l></v></tfr></token><token id="701849" text="не"><tfr rev_id="1533708" t="не"><v><l id="178876" t="не"><g v="PRCL"></g></l></v></tfr></token><token id="701850" text="критиковать"><tfr rev_id="1533709" t="критиковать"><v><l id="142967" t="критиковать"><g v="INFN"></g><g v="impf"></g><g v="tran"></g></l></v></tfr></token><token id="701851" text="политику"><tfr rev_id="3523935" t="политику"><v><l id="255853" t="политика"><g v="NOUN"></g><g v="inan"></g><g v="femn"></g><g v="sing"></g><g v="accs"></g></l></v></tfr></token><token id="701852" text="правительства"><tfr rev_id="3431909" t="правительства"><v><l id="265638" t="правительство"><g v="NOUN"></g><g v="inan"></g><g v="neut"></g><g v="sing"></g><g v="gent"></g></l></v></tfr></token><token id="701853" text="в"><tfr rev_id="1533712" t="в"><v><l id="37409" t="в"><g v="PREP"></g></l></v></tfr></token><token id="701854" text="этой"><tfr rev_id="4438050" t="этой"><v><l id="386581" t="этот"><g v="ADJF"></g><g v="Subx"></g><g v="Apro"></g><g v="Anph"></g><g v="femn"></g><g v="sing"></g><g v="loct"></g></l></v></tfr></token><token id="701855" text="стране"><tfr rev_id="3534672" t="стране"><v><l id="337100" t="страна"><g v="NOUN"></g><g v="inan"></g><g v="femn"></g><g v="sing"></g><g v="loct"></g></l></v></tfr></token><token id="701856" text="."><tfr rev_id="1533715" t="."><v><l id="0" t="."><g v="PNCT"></g></l></v></tfr></token></tokens></sentence><sentence id="39395"><source>Критики правительства считают, что армия не должна вести полномасштабную войну при военном бюджете больше подходящем для мирного времени.</source><tokens><token id="701857" text="Критики"><tfr rev_id="4282642" t="Критики"><v><l id="142953" t="критик"><g v="NOUN"></g><g v="anim"></g><g v="masc"></g><g v="plur"></g><g v="nomn"></g></l></v></tfr></token><token id="701858" text="правительства"><tfr rev_id="3501203" t="правительства"><v><l id="265638" t="правительство"><g v="NOUN"></g><g v="inan"></g><g v="neut"></g><g v="sing"></g><g v="gent"></g></l></v></tfr></token><token id="701859" text="считают"><tfr rev_id="1533718" t="считают"><v><l id="341320" t="считаю"><g v="VERB"></g><g v="impf"></g><g v="tran"></g><g v="plur"></g><g v="3per"></g><g v="pres"></g><g v="indc"></g></l></v><v><l id="341329" t="считал"><g v="VERB"></g><g v="perf"></g><g v="tran"></g><g v="plur"></g><g v="3per"></g><g v="futr"></g><g v="indc"></g></l></v></tfr></token><token id="701860" text=","><tfr rev_id="1533719" t=","><v><l id="0" t=","><g v="PNCT"></g></l></v></tfr></token><token id="701861" text="что"><tfr rev_id="3197788" t="что"><v><l id="377004" t="что"><g v="CONJ"></g></l></v><v><l id="377005" t="что"><g v="NPRO"></g><g v="neut"></g><g v="sing"></g><g v="nomn"></g></l></v><v><l id="377005" t="что"><g v="NPRO"></g><g v="neut"></g><g v="sing"></g><g v="accs"></g></l></v><v><l id="377006" t="что"><g v="ADVB"></g><g v="Ques"></g></l></v><v><l id="388695" t="что"><g v="PRCL"></g></l></v></tfr></token><token id="701862" text="армия"><tfr rev_id="1533721" t="армия"><v><l id="16905" t="армия"><g v="NOUN"></g><g v="inan"></g><g v="femn"></g><g v="sing"></g><g v="nomn"></g></l></v></tfr></token><token id="701863" text="не"><tfr rev_id="1533722" t="не"><v><l id="178876" t="не"><g v="PRCL"></g></l></v></tfr></token><token id="701864" text="должна"><tfr rev_id="2558957" t="должна"><v><l id="87975" t="должен"><g v="ADJS"></g><g v="femn"></g><g v="sing"></g></l></v></tfr></token><token id="701865" text="вести"><tfr rev_id="1712987" t="вести"><v><l id="42111" t="вести"><g v="INFN"></g><g v="impf"></g><g v="tran"></g></l></v></tfr></token><token id="701866" text="полномасштабную"><tfr rev_id="1533725" t="полномасштабную"><v><l id="256113" t="полномасштабный"><g v="ADJF"></g><g v="femn"></g><g v="sing"></g><g v="accs"></g></l></v></tfr></token><token id="701867" text="войну"><tfr rev_id="1533726" t="войну"><v><l id="49721" t="война"><g v="NOUN"></g><g v="inan"></g><g v="femn"></g><g v="sing"></g><g v="accs"></g></l></v></tfr></token><token id="701868" text="при"><tfr rev_id="2628928" t="при"><v><l id="268625" t="при"><g v="PREP"></g></l></v></tfr></token><token id="701869" text="военном"><tfr rev_id="4493974" t="военном"><v><l id="48619" t="военный"><g v="ADJF"></g><g v="masc"></g><g v="sing"></g><g v="loct"></g></l></v></tfr></token><token id="701870" text="бюджете"><tfr rev_id="1533729" t="бюджете"><v><l id="37326" t="бюджет"><g v="NOUN"></g><g v="inan"></g><g v="masc"></g><g v="sing"></g><g v="loct"></g></l></v></tfr></token><token id="701871" text="больше"><tfr rev_id="2558529" t="больше"><v><l id="32325" t="больше"><g v="ADVB"></g></l></v><v><l id="32447" t="больше"><g v="COMP"></g><g v="Qual"></g></l></v></tfr></token><token id="701872" text="подходящем"><tfr rev_id="1533731" t="подходящем"><v><l id="252175" t="подходящий"><g v="PRTF"></g><g v="impf"></g><g v="intr"></g><g v="pres"></g><g v="actv"></g><g v="masc"></g><g v="sing"></g><g v="loct"></g></l></v><v><l id="252175" t="подходящий"><g v="PRTF"></g><g v="impf"></g><g v="intr"></g><g v="pres"></g><g v="actv"></g><g v="neut"></g><g v="sing"></g><g v="loct"></g></l></v><v><l id="252183" t="подходящий"><g v="ADJF"></g><g v="masc"></g><g v="sing"></g><g v="loct"></g></l></v><v><l id="252183" t="подходящий"><g v="ADJF"></g><g v="neut"></g><g v="sing"></g><g v="loct"></g></l></v></tfr></token><token id="701873" text="для"><tfr rev_id="2707420" t="для"><v><l id="85032" t="для"><g v="PREP"></g></l></v></tfr></token><token id="701874" text="мирного"><tfr rev_id="1533733" t="мирного"><v><l id="160882" t="мирный"><g v="NOUN"></g><g v="inan"></g><g v="masc"></g><g v="Sgtm"></g><g v="Geox"></g><g v="sing"></g><g v="gent"></g></l></v><v><l id="160883" t="мирный"><g v="ADJF"></g><g v="Qual"></g><g v="masc"></g><g v="sing"></g><g v="gent"></g></l></v><v><l id="160883" t="мирный"><g v="ADJF"></g><g v="Qual"></g><g v="anim"></g><g v="masc"></g><g v="sing"></g><g v="accs"></g></l></v><v><l id="160883" t="мирный"><g v="ADJF"></g><g v="Qual"></g><g v="neut"></g><g v="sing"></g><g v="gent"></g></l></v></tfr></token><token id="701875" text="времени"><tfr rev_id="3548520" t="времени"><v><l id="53149" t="время"><g v="NOUN"></g><g v="inan"></g><g v="neut"></g><g v="sing"></g><g v="gent"></g></l></v></tfr></token><token id="701876" text="."><tfr rev_id="1533735" t="."><v><l id="0" t="."><g v="PNCT"></g></l></v></tfr></token></tokens></sentence></paragraph></paragraphs></text>