<?xml version="1.0" encoding="utf-8"?><text id="1410" parent="56" name="Международный кинофестиваль открылся в Чебоксарах"><tags><tag>Автор:http://ru.wikinews.org/wiki/Участник:Baskakova Kristina</tag><tag>Дата:06/06</tag><tag>Год:2009</tag><tag>Тема:ВикиКатегория:Культура</tag><tag>Гео:ВикиКатегория:Республика Чувашия</tag><tag>Гео:ВикиКатегория:Россия</tag><tag>Гео:ВикиКатегория:Чебоксары</tag><tag>url:http://ru.wikinews.org/w/index.php?title=Международный_кинофестиваль_открылся_в_Чебоксарах&amp;oldid=37476</tag></tags><paragraphs><paragraph id="12794"><sentence id="39780"><source>06 Июня прошло официальное открытие Международного кинофестиваля в столице Чувашии, на котором было представлено около 50 фильмов российского, зарубежного и совместного производства.</source><tokens><token id="707379" text="06"><tfr rev_id="2462964" t="06"><v><l id="0" t="06"><g v="NUMB"></g></l></v></tfr></token><token id="707380" text="Июня"><tfr rev_id="1539237" t="Июня"><v><l id="127302" t="июнь"><g v="NOUN"></g><g v="inan"></g><g v="masc"></g><g v="sing"></g><g v="gent"></g></l></v></tfr></token><token id="707381" text="прошло"><tfr rev_id="4328319" t="прошло"><v><l id="280310" t="прошёл"><g v="VERB"></g><g v="perf"></g><g v="tran"></g><g v="neut"></g><g v="sing"></g><g v="past"></g><g v="indc"></g></l></v></tfr></token><token id="707382" text="официальное"><tfr rev_id="1539239" t="официальное"><v><l id="220939" t="официальный"><g v="ADJF"></g><g v="neut"></g><g v="sing"></g><g v="nomn"></g></l></v><v><l id="220939" t="официальный"><g v="ADJF"></g><g v="neut"></g><g v="sing"></g><g v="accs"></g></l></v></tfr></token><token id="707383" text="открытие"><tfr rev_id="1539240" t="открытие"><v><l id="214745" t="открытие"><g v="NOUN"></g><g v="inan"></g><g v="neut"></g><g v="sing"></g><g v="nomn"></g></l></v><v><l id="214745" t="открытие"><g v="NOUN"></g><g v="inan"></g><g v="neut"></g><g v="sing"></g><g v="accs"></g></l></v></tfr></token><token id="707384" text="Международного"><tfr rev_id="3464004" t="Международного"><v><l id="157346" t="международный"><g v="ADJF"></g><g v="masc"></g><g v="sing"></g><g v="gent"></g></l></v><v><l id="157346" t="международный"><g v="ADJF"></g><g v="anim"></g><g v="masc"></g><g v="sing"></g><g v="accs"></g></l></v></tfr></token><token id="707385" text="кинофестиваля"><tfr rev_id="1539242" t="кинофестиваля"><v><l id="133143" t="кинофестиваль"><g v="NOUN"></g><g v="inan"></g><g v="masc"></g><g v="sing"></g><g v="gent"></g></l></v></tfr></token><token id="707386" text="в"><tfr rev_id="1539243" t="в"><v><l id="37409" t="в"><g v="PREP"></g></l></v></tfr></token><token id="707387" text="столице"><tfr rev_id="3447509" t="столице"><v><l id="336588" t="столица"><g v="NOUN"></g><g v="inan"></g><g v="femn"></g><g v="sing"></g><g v="loct"></g></l></v></tfr></token><token id="707388" text="Чувашии"><tfr rev_id="3325624" t="Чувашии"><v><l id="377056" t="чувашия"><g v="NOUN"></g><g v="inan"></g><g v="femn"></g><g v="Sgtm"></g><g v="Geox"></g><g v="sing"></g><g v="gent"></g></l></v></tfr></token><token id="707389" text=","><tfr rev_id="1539246" t=","><v><l id="0" t=","><g v="PNCT"></g></l></v></tfr></token><token id="707390" text="на"><tfr rev_id="3336932" t="на"><v><l id="166264" t="на"><g v="PREP"></g></l></v></tfr></token><token id="707391" text="котором"><tfr rev_id="4373436" t="котором"><v><l id="141203" t="который"><g v="ADJF"></g><g v="Apro"></g><g v="Subx"></g><g v="Anph"></g><g v="masc"></g><g v="sing"></g><g v="loct"></g></l></v></tfr></token><token id="707392" text="было"><tfr rev_id="4256757" t="было"><v><l id="37265" t="есть"><g v="VERB"></g><g v="impf"></g><g v="intr"></g><g v="neut"></g><g v="sing"></g><g v="past"></g><g v="indc"></g></l></v></tfr></token><token id="707393" text="представлено"><tfr rev_id="1539250" t="представлено"><v><l id="267103" t="представлен"><g v="PRTS"></g><g v="perf"></g><g v="past"></g><g v="pssv"></g><g v="neut"></g><g v="sing"></g></l></v></tfr></token><token id="707394" text="около"><tfr rev_id="4321246" t="около"><v><l id="205005" t="около"><g v="PREP"></g></l></v></tfr></token><token id="707395" text="50"><tfr rev_id="2462965" t="50"><v><l id="0" t="50"><g v="NUMB"></g></l></v></tfr></token><token id="707396" text="фильмов"><tfr rev_id="2700817" t="фильмов"><v><l id="366005" t="фильм"><g v="NOUN"></g><g v="inan"></g><g v="masc"></g><g v="plur"></g><g v="gent"></g></l></v></tfr></token><token id="707397" text="российского"><tfr rev_id="2585502" t="российского"><v><l id="309319" t="российский"><g v="ADJF"></g><g v="neut"></g><g v="sing"></g><g v="gent"></g></l></v></tfr></token><token id="707398" text=","><tfr rev_id="1539255" t=","><v><l id="0" t=","><g v="PNCT"></g></l></v></tfr></token><token id="707399" text="зарубежного"><tfr rev_id="3449087" t="зарубежного"><v><l id="108971" t="зарубежный"><g v="ADJF"></g><g v="Qual"></g><g v="neut"></g><g v="sing"></g><g v="gent"></g></l></v></tfr></token><token id="707400" text="и"><tfr rev_id="3533631" t="и"><v><l id="116949" t="и"><g v="CONJ"></g></l></v></tfr></token><token id="707401" text="совместного"><tfr rev_id="3408093" t="совместного"><v><l id="328115" t="совместный"><g v="ADJF"></g><g v="Qual"></g><g v="neut"></g><g v="sing"></g><g v="gent"></g></l></v></tfr></token><token id="707402" text="производства"><tfr rev_id="4100254" t="производства"><v><l id="280127" t="производство"><g v="NOUN"></g><g v="inan"></g><g v="neut"></g><g v="sing"></g><g v="gent"></g></l></v></tfr></token><token id="707403" text="."><tfr rev_id="1539260" t="."><v><l id="0" t="."><g v="PNCT"></g></l></v></tfr></token></tokens></sentence><sentence id="39781"><source>Кинофестиваль работал в течение шести дней.</source><tokens><token id="707404" text="Кинофестиваль"><tfr rev_id="1539261" t="Кинофестиваль"><v><l id="133143" t="кинофестиваль"><g v="NOUN"></g><g v="inan"></g><g v="masc"></g><g v="sing"></g><g v="nomn"></g></l></v><v><l id="133143" t="кинофестиваль"><g v="NOUN"></g><g v="inan"></g><g v="masc"></g><g v="sing"></g><g v="accs"></g></l></v></tfr></token><token id="707405" text="работал"><tfr rev_id="1539262" t="работал"><v><l id="290502" t="работаю"><g v="VERB"></g><g v="impf"></g><g v="intr"></g><g v="masc"></g><g v="sing"></g><g v="past"></g><g v="indc"></g></l></v></tfr></token><token id="707406" text="в"><tfr rev_id="1539263" t="в"><v><l id="37409" t="в"><g v="PREP"></g></l></v></tfr></token><token id="707407" text="течение"><tfr rev_id="1539264" t="течение"><v><l id="346009" t="течение"><g v="NOUN"></g><g v="inan"></g><g v="neut"></g><g v="sing"></g><g v="nomn"></g></l></v><v><l id="346009" t="течение"><g v="NOUN"></g><g v="inan"></g><g v="neut"></g><g v="sing"></g><g v="accs"></g></l></v></tfr></token><token id="707408" text="шести"><tfr rev_id="4361558" t="шести"><v><l id="379421" t="шесть"><g v="NUMR"></g><g v="gent"></g></l></v></tfr></token><token id="707409" text="дней"><tfr rev_id="1539266" t="дней"><v><l id="81427" t="день"><g v="NOUN"></g><g v="inan"></g><g v="masc"></g><g v="plur"></g><g v="gent"></g></l></v></tfr></token><token id="707410" text="."><tfr rev_id="1539267" t="."><v><l id="0" t="."><g v="PNCT"></g></l></v></tfr></token></tokens></sentence><sentence id="39782"><source>Конкурсные и тематические киносеансы были организованы более чем в 10 кинотеатрах и кинозалах Чебоксар, а также в Новочебоксарске и поселке Лапсары.</source><tokens><token id="707411" text="Конкурсные"><tfr rev_id="3814816" t="Конкурсные"><v><l id="137919" t="конкурсный"><g v="ADJF"></g><g v="Qual"></g><g v="plur"></g><g v="nomn"></g></l></v></tfr></token><token id="707412" text="и"><tfr rev_id="1539269" t="и"><v><l id="116949" t="и"><g v="CONJ"></g></l></v><v><l id="116950" t="и"><g v="INTJ"></g></l></v></tfr></token><token id="707413" text="тематические"><tfr rev_id="3768254" t="тематические"><v><l id="344453" t="тематический"><g v="ADJF"></g><g v="plur"></g><g v="nomn"></g></l></v></tfr></token><token id="707414" text="киносеансы"><tfr rev_id="3751758" t="киносеансы"><v><l id="133114" t="киносеанс"><g v="NOUN"></g><g v="inan"></g><g v="masc"></g><g v="plur"></g><g v="nomn"></g></l></v></tfr></token><token id="707415" text="были"><tfr rev_id="1715653" t="были"><v><l id="37265" t="есть"><g v="VERB"></g><g v="impf"></g><g v="intr"></g><g v="plur"></g><g v="past"></g><g v="indc"></g></l></v></tfr></token><token id="707416" text="организованы"><tfr rev_id="1539273" t="организованы"><v><l id="208768" t="организован"><g v="PRTS"></g><g v="perf"></g><g v="past"></g><g v="pssv"></g><g v="plur"></g></l></v><v><l id="208769" t="организован"><g v="PRTS"></g><g v="impf"></g><g v="past"></g><g v="pssv"></g><g v="plur"></g></l></v></tfr></token><token id="707417" text="более"><tfr rev_id="1539274" t="более"><v><l id="32065" t="более"><g v="ADVB"></g></l></v></tfr></token><token id="707418" text="чем"><tfr rev_id="4299221" t="чем"><v><l id="375161" t="чем"><g v="CONJ"></g></l></v></tfr></token><token id="707419" text="в"><tfr rev_id="1539276" t="в"><v><l id="37409" t="в"><g v="PREP"></g></l></v></tfr></token><token id="707420" text="10"><tfr rev_id="2462966" t="10"><v><l id="0" t="10"><g v="NUMB"></g></l></v></tfr></token><token id="707421" text="кинотеатрах"><tfr rev_id="1539278" t="кинотеатрах"><v><l id="133127" t="кинотеатр"><g v="NOUN"></g><g v="inan"></g><g v="masc"></g><g v="plur"></g><g v="loct"></g></l></v></tfr></token><token id="707422" text="и"><tfr rev_id="3671889" t="и"><v><l id="116949" t="и"><g v="CONJ"></g></l></v></tfr></token><token id="707423" text="кинозалах"><tfr rev_id="1539280" t="кинозалах"><v><l id="133023" t="кинозал"><g v="NOUN"></g><g v="inan"></g><g v="masc"></g><g v="plur"></g><g v="loct"></g></l></v></tfr></token><token id="707424" text="Чебоксар"><tfr rev_id="1539281" t="Чебоксар"><v><l id="374918" t="чебоксары"><g v="NOUN"></g><g v="inan"></g><g v="GNdr"></g><g v="Pltm"></g><g v="Geox"></g><g v="plur"></g><g v="gent"></g></l></v></tfr></token><token id="707425" text=","><tfr rev_id="1539282" t=","><v><l id="0" t=","><g v="PNCT"></g></l></v></tfr></token><token id="707426" text="а"><tfr rev_id="1539283" t="а"><v><l id="51" t="а"><g v="CONJ"></g></l></v><v><l id="52" t="а"><g v="INTJ"></g></l></v><v><l id="53" t="а"><g v="PRCL"></g></l></v></tfr></token><token id="707427" text="также"><tfr rev_id="4267851" t="также"><v><l id="342482" t="также"><g v="PRCL"></g></l></v></tfr></token><token id="707428" text="в"><tfr rev_id="1539285" t="в"><v><l id="37409" t="в"><g v="PREP"></g></l></v></tfr></token><token id="707429" text="Новочебоксарске"><tfr rev_id="1539286" t="Новочебоксарске"><v><l id="191898" t="новочебоксарск"><g v="NOUN"></g><g v="inan"></g><g v="masc"></g><g v="Geox"></g><g v="sing"></g><g v="loct"></g></l></v></tfr></token><token id="707430" text="и"><tfr rev_id="4082104" t="и"><v><l id="116949" t="и"><g v="CONJ"></g></l></v></tfr></token><token id="707431" text="поселке"><tfr rev_id="1539288" t="поселке"><v><l id="260990" t="посёлок"><g v="NOUN"></g><g v="inan"></g><g v="masc"></g><g v="sing"></g><g v="loct"></g></l></v></tfr></token><token id="707432" text="Лапсары"><tfr rev_id="1539289" t="Лапсары"><v><l id="0" t="лапсары"><g v="UNKN"></g></l></v></tfr></token><token id="707433" text="."><tfr rev_id="1539290" t="."><v><l id="0" t="."><g v="PNCT"></g></l></v></tfr></token></tokens></sentence><sentence id="39783"><source>За это время кинопоказы посетили более 25 тысяч человек.</source><tokens><token id="707434" text="За"><tfr rev_id="1539291" t="За"><v><l id="98043" t="за"><g v="PREP"></g></l></v></tfr></token><token id="707435" text="это"><tfr rev_id="4441895" t="это"><v><l id="386574" t="это"><g v="PRCL"></g></l></v><v><l id="386575" t="это"><g v="NPRO"></g><g v="neut"></g><g v="sing"></g><g v="nomn"></g></l></v><v><l id="386575" t="это"><g v="NPRO"></g><g v="neut"></g><g v="sing"></g><g v="accs"></g></l></v><v><l id="386581" t="этот"><g v="ADJF"></g><g v="Subx"></g><g v="Apro"></g><g v="Anph"></g><g v="neut"></g><g v="sing"></g><g v="nomn"></g></l></v><v><l id="386581" t="этот"><g v="ADJF"></g><g v="Subx"></g><g v="Apro"></g><g v="Anph"></g><g v="neut"></g><g v="sing"></g><g v="accs"></g></l></v></tfr></token><token id="707436" text="время"><tfr rev_id="1539293" t="время"><v><l id="53149" t="время"><g v="NOUN"></g><g v="inan"></g><g v="neut"></g><g v="sing"></g><g v="nomn"></g></l></v><v><l id="53149" t="время"><g v="NOUN"></g><g v="inan"></g><g v="neut"></g><g v="sing"></g><g v="accs"></g></l></v></tfr></token><token id="707437" text="кинопоказы"><tfr rev_id="3409648" t="кинопоказы"><v><l id="133081" t="кинопоказ"><g v="NOUN"></g><g v="inan"></g><g v="masc"></g><g v="plur"></g><g v="accs"></g></l></v></tfr></token><token id="707438" text="посетили"><tfr rev_id="1539295" t="посетили"><v><l id="261300" t="посетил"><g v="VERB"></g><g v="perf"></g><g v="tran"></g><g v="plur"></g><g v="past"></g><g v="indc"></g></l></v></tfr></token><token id="707439" text="более"><tfr rev_id="1539296" t="более"><v><l id="32065" t="более"><g v="ADVB"></g></l></v></tfr></token><token id="707440" text="25"><tfr rev_id="2462967" t="25"><v><l id="0" t="25"><g v="NUMB"></g></l></v></tfr></token><token id="707441" text="тысяч"><tfr rev_id="1539298" t="тысяч"><v><l id="352230" t="тысяча"><g v="NOUN"></g><g v="inan"></g><g v="femn"></g><g v="plur"></g><g v="gent"></g></l></v></tfr></token><token id="707442" text="человек"><tfr rev_id="3491043" t="человек"><v><l id="375073" t="человек"><g v="NOUN"></g><g v="anim"></g><g v="masc"></g><g v="plur"></g><g v="gent"></g></l></v></tfr></token><token id="707443" text="."><tfr rev_id="1539300" t="."><v><l id="0" t="."><g v="PNCT"></g></l></v></tfr></token></tokens></sentence><sentence id="39784"><source>Конкурсная программа Чебоксарского кинофестиваля включала программы игрового и документального кино.</source><tokens><token id="707444" text="Конкурсная"><tfr rev_id="1539301" t="Конкурсная"><v><l id="137919" t="конкурсный"><g v="ADJF"></g><g v="Qual"></g><g v="femn"></g><g v="sing"></g><g v="nomn"></g></l></v></tfr></token><token id="707445" text="программа"><tfr rev_id="1539302" t="программа"><v><l id="278686" t="программа"><g v="NOUN"></g><g v="inan"></g><g v="femn"></g><g v="sing"></g><g v="nomn"></g></l></v></tfr></token><token id="707446" text="Чебоксарского"><tfr rev_id="4164203" t="Чебоксарского"><v><l id="374917" t="чебоксарский"><g v="ADJF"></g><g v="masc"></g><g v="sing"></g><g v="gent"></g></l></v><v><l id="374917" t="чебоксарский"><g v="ADJF"></g><g v="anim"></g><g v="masc"></g><g v="sing"></g><g v="accs"></g></l></v></tfr></token><token id="707447" text="кинофестиваля"><tfr rev_id="1539304" t="кинофестиваля"><v><l id="133143" t="кинофестиваль"><g v="NOUN"></g><g v="inan"></g><g v="masc"></g><g v="sing"></g><g v="gent"></g></l></v></tfr></token><token id="707448" text="включала"><tfr rev_id="1539305" t="включала"><v><l id="46194" t="включаю"><g v="VERB"></g><g v="impf"></g><g v="tran"></g><g v="femn"></g><g v="sing"></g><g v="past"></g><g v="indc"></g></l></v></tfr></token><token id="707449" text="программы"><tfr rev_id="3793757" t="программы"><v><l id="278686" t="программа"><g v="NOUN"></g><g v="inan"></g><g v="femn"></g><g v="plur"></g><g v="accs"></g></l></v></tfr></token><token id="707450" text="игрового"><tfr rev_id="3431196" t="игрового"><v><l id="117349" t="игровой"><g v="ADJF"></g><g v="neut"></g><g v="sing"></g><g v="gent"></g></l></v></tfr></token><token id="707451" text="и"><tfr rev_id="3825465" t="и"><v><l id="116949" t="и"><g v="CONJ"></g></l></v></tfr></token><token id="707452" text="документального"><tfr rev_id="4205254" t="документального"><v><l id="87513" t="документальный"><g v="ADJF"></g><g v="neut"></g><g v="sing"></g><g v="gent"></g></l></v></tfr></token><token id="707453" text="кино"><tfr rev_id="4173641" t="кино"><v><l id="132966" t="кино"><g v="NOUN"></g><g v="inan"></g><g v="neut"></g><g v="Fixd"></g><g v="sing"></g><g v="gent"></g></l></v></tfr></token><token id="707454" text="."><tfr rev_id="1539311" t="."><v><l id="0" t="."><g v="PNCT"></g></l></v></tfr></token></tokens></sentence><sentence id="39785"><source>Жюри конкурса игровых фильмов возглавлял известный режиссер, актер, сценарист и продюсер, народный артист России Родион Нахапетов.</source><tokens><token id="707455" text="Жюри"><tfr rev_id="4178954" t="Жюри"><v><l id="98039" t="жюри"><g v="NOUN"></g><g v="inan"></g><g v="neut"></g><g v="Fixd"></g><g v="sing"></g><g v="accs"></g></l></v></tfr></token><token id="707456" text="конкурса"><tfr rev_id="1539313" t="конкурса"><v><l id="137916" t="конкурс"><g v="NOUN"></g><g v="inan"></g><g v="masc"></g><g v="sing"></g><g v="gent"></g></l></v></tfr></token><token id="707457" text="игровых"><tfr rev_id="4351560" t="игровых"><v><l id="117349" t="игровой"><g v="ADJF"></g><g v="plur"></g><g v="gent"></g></l></v></tfr></token><token id="707458" text="фильмов"><tfr rev_id="3478251" t="фильмов"><v><l id="366005" t="фильм"><g v="NOUN"></g><g v="inan"></g><g v="masc"></g><g v="plur"></g><g v="gent"></g></l></v></tfr></token><token id="707459" text="возглавлял"><tfr rev_id="1539316" t="возглавлял"><v><l id="48883" t="возглавляю"><g v="VERB"></g><g v="impf"></g><g v="tran"></g><g v="masc"></g><g v="sing"></g><g v="past"></g><g v="indc"></g></l></v></tfr></token><token id="707460" text="известный"><tfr rev_id="1539317" t="известный"><v><l id="118144" t="известный"><g v="ADJF"></g><g v="Qual"></g><g v="masc"></g><g v="sing"></g><g v="nomn"></g></l></v><v><l id="118144" t="известный"><g v="ADJF"></g><g v="Qual"></g><g v="inan"></g><g v="masc"></g><g v="sing"></g><g v="accs"></g></l></v></tfr></token><token id="707461" text="режиссер"><tfr rev_id="1539318" t="режиссер"><v><l id="305129" t="режиссёр"><g v="NOUN"></g><g v="anim"></g><g v="masc"></g><g v="sing"></g><g v="nomn"></g></l></v></tfr></token><token id="707462" text=","><tfr rev_id="1539319" t=","><v><l id="0" t=","><g v="PNCT"></g></l></v></tfr></token><token id="707463" text="актер"><tfr rev_id="1539320" t="актер"><v><l id="7567" t="актёр"><g v="NOUN"></g><g v="anim"></g><g v="masc"></g><g v="sing"></g><g v="nomn"></g></l></v></tfr></token><token id="707464" text=","><tfr rev_id="1539321" t=","><v><l id="0" t=","><g v="PNCT"></g></l></v></tfr></token><token id="707465" text="сценарист"><tfr rev_id="1539322" t="сценарист"><v><l id="341043" t="сценарист"><g v="NOUN"></g><g v="anim"></g><g v="masc"></g><g v="sing"></g><g v="nomn"></g></l></v></tfr></token><token id="707466" text="и"><tfr rev_id="1539323" t="и"><v><l id="116949" t="и"><g v="CONJ"></g></l></v><v><l id="116950" t="и"><g v="INTJ"></g></l></v></tfr></token><token id="707467" text="продюсер"><tfr rev_id="1539324" t="продюсер"><v><l id="279481" t="продюсер"><g v="NOUN"></g><g v="anim"></g><g v="masc"></g><g v="sing"></g><g v="nomn"></g></l></v></tfr></token><token id="707468" text=","><tfr rev_id="1539325" t=","><v><l id="0" t=","><g v="PNCT"></g></l></v></tfr></token><token id="707469" text="народный"><tfr rev_id="1539326" t="народный"><v><l id="174724" t="народный"><g v="ADJF"></g><g v="Qual"></g><g v="masc"></g><g v="sing"></g><g v="nomn"></g></l></v><v><l id="174724" t="народный"><g v="ADJF"></g><g v="Qual"></g><g v="inan"></g><g v="masc"></g><g v="sing"></g><g v="accs"></g></l></v></tfr></token><token id="707470" text="артист"><tfr rev_id="1539327" t="артист"><v><l id="17421" t="артист"><g v="NOUN"></g><g v="anim"></g><g v="masc"></g><g v="sing"></g><g v="nomn"></g></l></v></tfr></token><token id="707471" text="России"><tfr rev_id="2922377" t="России"><v><l id="309322" t="россия"><g v="NOUN"></g><g v="inan"></g><g v="femn"></g><g v="Sgtm"></g><g v="Geox"></g><g v="sing"></g><g v="gent"></g></l></v></tfr></token><token id="707472" text="Родион"><tfr rev_id="1539329" t="Родион"><v><l id="308294" t="родион"><g v="NOUN"></g><g v="anim"></g><g v="masc"></g><g v="Name"></g><g v="sing"></g><g v="nomn"></g></l></v></tfr></token><token id="707473" text="Нахапетов"><tfr rev_id="1539330" t="Нахапетов"><v><l id="0" t="нахапетов"><g v="UNKN"></g></l></v></tfr></token><token id="707474" text="."><tfr rev_id="1539331" t="."><v><l id="0" t="."><g v="PNCT"></g></l></v></tfr></token></tokens></sentence><sentence id="39786"><source>Документальный фильм оценивался жюри под руководством члена Общественной палаты РФ, публициста и кинокритика Аллы Гербер.</source><tokens><token id="707475" text="Документальный"><tfr rev_id="1539332" t="Документальный"><v><l id="87513" t="документальный"><g v="ADJF"></g><g v="masc"></g><g v="sing"></g><g v="nomn"></g></l></v><v><l id="87513" t="документальный"><g v="ADJF"></g><g v="inan"></g><g v="masc"></g><g v="sing"></g><g v="accs"></g></l></v></tfr></token><token id="707476" text="фильм"><tfr rev_id="4355479" t="фильм"><v><l id="366005" t="фильм"><g v="NOUN"></g><g v="inan"></g><g v="masc"></g><g v="sing"></g><g v="nomn"></g></l></v></tfr></token><token id="707477" text="оценивался"><tfr rev_id="1539334" t="оценивался"><v><l id="221485" t="оцениваюсь"><g v="VERB"></g><g v="impf"></g><g v="intr"></g><g v="masc"></g><g v="sing"></g><g v="past"></g><g v="indc"></g></l></v></tfr></token><token id="707478" text="жюри"><tfr rev_id="4396130" t="жюри"><v><l id="98039" t="жюри"><g v="NOUN"></g><g v="inan"></g><g v="neut"></g><g v="Fixd"></g><g v="sing"></g><g v="ablt"></g></l></v></tfr></token><token id="707479" text="под"><tfr rev_id="2561359" t="под"><v><l id="243755" t="под"><g v="PREP"></g></l></v></tfr></token><token id="707480" text="руководством"><tfr rev_id="1539337" t="руководством"><v><l id="310004" t="руководство"><g v="NOUN"></g><g v="inan"></g><g v="neut"></g><g v="sing"></g><g v="ablt"></g></l></v></tfr></token><token id="707481" text="члена"><tfr rev_id="4282646" t="члена"><v><l id="376827" t="член"><g v="NOUN"></g><g v="anim"></g><g v="masc"></g><g v="sing"></g><g v="gent"></g></l></v></tfr></token><token id="707482" text="Общественной"><tfr rev_id="2369741" t="Общественной"><v><l id="201612" t="общественный"><g v="ADJF"></g><g v="femn"></g><g v="sing"></g><g v="gent"></g></l></v></tfr></token><token id="707483" text="палаты"><tfr rev_id="3447938" t="палаты"><v><l id="222780" t="палата"><g v="NOUN"></g><g v="inan"></g><g v="femn"></g><g v="sing"></g><g v="gent"></g></l></v></tfr></token><token id="707484" text="РФ"><tfr rev_id="3484235" t="РФ"><v><l id="310486" t="рф"><g v="NOUN"></g><g v="inan"></g><g v="femn"></g><g v="Sgtm"></g><g v="Fixd"></g><g v="Abbr"></g><g v="Geox"></g><g v="sing"></g><g v="gent"></g></l></v></tfr></token><token id="707485" text=","><tfr rev_id="1539342" t=","><v><l id="0" t=","><g v="PNCT"></g></l></v></tfr></token><token id="707486" text="публициста"><tfr rev_id="4216811" t="публициста"><v><l id="288844" t="публицист"><g v="NOUN"></g><g v="anim"></g><g v="masc"></g><g v="sing"></g><g v="gent"></g></l></v></tfr></token><token id="707487" text="и"><tfr rev_id="4238559" t="и"><v><l id="116949" t="и"><g v="CONJ"></g></l></v></tfr></token><token id="707488" text="кинокритика"><tfr rev_id="4470715" t="кинокритика"><v><l id="133041" t="кинокритик"><g v="NOUN"></g><g v="anim"></g><g v="masc"></g><g v="sing"></g><g v="gent"></g></l></v></tfr></token><token id="707489" text="Аллы"><tfr rev_id="3435219" t="Аллы"><v><l id="9639" t="алла"><g v="NOUN"></g><g v="anim"></g><g v="femn"></g><g v="Name"></g><g v="sing"></g><g v="gent"></g></l></v></tfr></token><token id="707490" text="Гербер"><tfr rev_id="4496087" t="Гербер"><v><l id="68971" t="гербер"><g v="NOUN"></g><g v="anim"></g><g v="femn"></g><g v="Sgtm"></g><g v="Fixd"></g><g v="Surn"></g><g v="sing"></g><g v="gent"></g></l></v></tfr></token><token id="707491" text="."><tfr rev_id="1539348" t="."><v><l id="0" t="."><g v="PNCT"></g></l></v></tfr></token></tokens></sentence></paragraph><paragraph id="12795"><sentence id="39787"><source>Международный кинофестиваль завершилсь показом фильма «Чужие» - киноленты совместного производства России, Египта и США.</source><tokens><token id="707492" text="Международный"><tfr rev_id="1539349" t="Международный"><v><l id="157346" t="международный"><g v="ADJF"></g><g v="masc"></g><g v="sing"></g><g v="nomn"></g></l></v><v><l id="157346" t="международный"><g v="ADJF"></g><g v="inan"></g><g v="masc"></g><g v="sing"></g><g v="accs"></g></l></v></tfr></token><token id="707493" text="кинофестиваль"><tfr rev_id="4106907" t="кинофестиваль"><v><l id="133143" t="кинофестиваль"><g v="NOUN"></g><g v="inan"></g><g v="masc"></g><g v="sing"></g><g v="nomn"></g></l></v></tfr></token><token id="707494" text="завершилсь"><tfr rev_id="1539351" t="завершилсь"><v><l id="0" t="завершилсь"><g v="UNKN"></g></l></v></tfr></token><token id="707495" text="показом"><tfr rev_id="1539352" t="показом"><v><l id="253975" t="показ"><g v="NOUN"></g><g v="inan"></g><g v="masc"></g><g v="sing"></g><g v="ablt"></g></l></v></tfr></token><token id="707496" text="фильма"><tfr rev_id="1539353" t="фильма"><v><l id="366005" t="фильм"><g v="NOUN"></g><g v="inan"></g><g v="masc"></g><g v="sing"></g><g v="gent"></g></l></v></tfr></token><token id="707497" text="«"><tfr rev_id="2447503" t="«"><v><l id="0" t="«"><g v="PNCT"></g></l></v></tfr></token><token id="707498" text="Чужие"><tfr rev_id="4262565" t="Чужие"><v><l id="377273" t="чужой"><g v="ADJF"></g><g v="Subx"></g><g v="plur"></g><g v="nomn"></g></l></v><v><l id="377273" t="чужой"><g v="ADJF"></g><g v="Subx"></g><g v="inan"></g><g v="plur"></g><g v="accs"></g></l></v></tfr></token><token id="707499" text="»"><tfr rev_id="2447504" t="»"><v><l id="0" t="»"><g v="PNCT"></g></l></v></tfr></token><token id="707500" text="-"><tfr rev_id="1539357" t="-"><v><l id="0" t="-"><g v="PNCT"></g></l></v></tfr></token><token id="707501" text="киноленты"><tfr rev_id="3490903" t="киноленты"><v><l id="133044" t="кинолента"><g v="NOUN"></g><g v="inan"></g><g v="femn"></g><g v="sing"></g><g v="gent"></g></l></v></tfr></token><token id="707502" text="совместного"><tfr rev_id="3431148" t="совместного"><v><l id="328115" t="совместный"><g v="ADJF"></g><g v="Qual"></g><g v="neut"></g><g v="sing"></g><g v="gent"></g></l></v></tfr></token><token id="707503" text="производства"><tfr rev_id="3500607" t="производства"><v><l id="280127" t="производство"><g v="NOUN"></g><g v="inan"></g><g v="neut"></g><g v="sing"></g><g v="gent"></g></l></v></tfr></token><token id="707504" text="России"><tfr rev_id="2782090" t="России"><v><l id="309322" t="россия"><g v="NOUN"></g><g v="inan"></g><g v="femn"></g><g v="Sgtm"></g><g v="Geox"></g><g v="sing"></g><g v="gent"></g></l></v></tfr></token><token id="707505" text=","><tfr rev_id="1539362" t=","><v><l id="0" t=","><g v="PNCT"></g></l></v></tfr></token><token id="707506" text="Египта"><tfr rev_id="1539363" t="Египта"><v><l id="94194" t="египет"><g v="NOUN"></g><g v="inan"></g><g v="masc"></g><g v="Sgtm"></g><g v="Geox"></g><g v="sing"></g><g v="gent"></g></l></v></tfr></token><token id="707507" text="и"><tfr rev_id="1539364" t="и"><v><l id="116949" t="и"><g v="CONJ"></g></l></v><v><l id="116950" t="и"><g v="INTJ"></g></l></v></tfr></token><token id="707508" text="США"><tfr rev_id="3811452" t="США"><v><l id="341371" t="сша"><g v="NOUN"></g><g v="inan"></g><g v="GNdr"></g><g v="Pltm"></g><g v="Fixd"></g><g v="Abbr"></g><g v="Geox"></g><g v="plur"></g><g v="gent"></g></l></v></tfr></token><token id="707509" text="."><tfr rev_id="1539366" t="."><v><l id="0" t="."><g v="PNCT"></g></l></v></tfr></token></tokens></sentence><sentence id="39788"><source>Фильм представил режиссер Юрий Грымов и актер Виктор Бычков.</source><tokens><token id="707510" text="Фильм"><tfr rev_id="3467375" t="Фильм"><v><l id="366005" t="фильм"><g v="NOUN"></g><g v="inan"></g><g v="masc"></g><g v="sing"></g><g v="accs"></g></l></v></tfr></token><token id="707511" text="представил"><tfr rev_id="1539368" t="представил"><v><l id="267099" t="представил"><g v="VERB"></g><g v="perf"></g><g v="tran"></g><g v="masc"></g><g v="sing"></g><g v="past"></g><g v="indc"></g></l></v></tfr></token><token id="707512" text="режиссер"><tfr rev_id="1539369" t="режиссер"><v><l id="305129" t="режиссёр"><g v="NOUN"></g><g v="anim"></g><g v="masc"></g><g v="sing"></g><g v="nomn"></g></l></v></tfr></token><token id="707513" text="Юрий"><tfr rev_id="1539370" t="Юрий"><v><l id="387110" t="юрий"><g v="NOUN"></g><g v="anim"></g><g v="masc"></g><g v="Name"></g><g v="sing"></g><g v="nomn"></g></l></v></tfr></token><token id="707514" text="Грымов"><tfr rev_id="1539371" t="Грымов"><v><l id="0" t="грымов"><g v="UNKN"></g></l></v></tfr></token><token id="707515" text="и"><tfr rev_id="3411190" t="и"><v><l id="116949" t="и"><g v="CONJ"></g></l></v></tfr></token><token id="707516" text="актер"><tfr rev_id="1539373" t="актер"><v><l id="7567" t="актёр"><g v="NOUN"></g><g v="anim"></g><g v="masc"></g><g v="sing"></g><g v="nomn"></g></l></v></tfr></token><token id="707517" text="Виктор"><tfr rev_id="1539374" t="Виктор"><v><l id="44808" t="виктор"><g v="NOUN"></g><g v="anim"></g><g v="masc"></g><g v="Name"></g><g v="sing"></g><g v="nomn"></g></l></v></tfr></token><token id="707518" text="Бычков"><tfr rev_id="4203393" t="Бычков"><v><l id="37292" t="бычков"><g v="NOUN"></g><g v="anim"></g><g v="masc"></g><g v="Sgtm"></g><g v="Surn"></g><g v="sing"></g><g v="nomn"></g></l></v></tfr></token><token id="707519" text="."><tfr rev_id="1539376" t="."><v><l id="0" t="."><g v="PNCT"></g></l></v></tfr></token></tokens></sentence></paragraph></paragraphs></text>