<?xml version="1.0" encoding="utf-8"?><text id="1414" parent="226" name="02986 Учеба безработных будет оплачена государством"><tags><tag>url:http://www.chaskor.ru/news/ucheba_bezrabotnyh_budet_oplachena_gosudarstvom_2986</tag><tag>Год:2009</tag><tag>Дата:28/01</tag><tag>Тема:ЧасКор:Общество</tag><tag>Тема:ЧасКор:Общество/Образование</tag></tags><paragraphs><paragraph id="12817"><sentence id="39836"><source>Учеба безработных будет оплачена государством</source><tokens><token id="708381" text="Учеба"><tfr rev_id="1540238" t="Учеба"><v><l id="363098" t="учёба"><g v="NOUN"></g><g v="inan"></g><g v="femn"></g><g v="sing"></g><g v="nomn"></g></l></v></tfr></token><token id="708382" text="безработных"><tfr rev_id="4472935" t="безработных"><v><l id="26304" t="безработный"><g v="NOUN"></g><g v="anim"></g><g v="masc"></g><g v="plur"></g><g v="gent"></g></l></v></tfr></token><token id="708383" text="будет"><tfr rev_id="1540240" t="будет"><v><l id="37265" t="есть"><g v="VERB"></g><g v="impf"></g><g v="intr"></g><g v="sing"></g><g v="3per"></g><g v="futr"></g><g v="indc"></g></l></v></tfr></token><token id="708384" text="оплачена"><tfr rev_id="1540241" t="оплачена"><v><l id="207271" t="оплачен"><g v="PRTS"></g><g v="perf"></g><g v="past"></g><g v="pssv"></g><g v="femn"></g><g v="sing"></g></l></v></tfr></token><token id="708385" text="государством"><tfr rev_id="1540242" t="государством"><v><l id="74164" t="государство"><g v="NOUN"></g><g v="inan"></g><g v="neut"></g><g v="sing"></g><g v="ablt"></g></l></v></tfr></token></tokens></sentence><sentence id="39837"><source>На решение проблемы занятости населения в регионах в условиях кризиса планируется выделить около 74 млрд рублей.</source><tokens><token id="708386" text="На"><tfr rev_id="3395939" t="На"><v><l id="166264" t="на"><g v="PREP"></g></l></v></tfr></token><token id="708387" text="решение"><tfr rev_id="1540244" t="решение"><v><l id="307350" t="решение"><g v="NOUN"></g><g v="inan"></g><g v="neut"></g><g v="sing"></g><g v="nomn"></g></l></v><v><l id="307350" t="решение"><g v="NOUN"></g><g v="inan"></g><g v="neut"></g><g v="sing"></g><g v="accs"></g></l></v></tfr></token><token id="708388" text="проблемы"><tfr rev_id="3484608" t="проблемы"><v><l id="277255" t="проблема"><g v="NOUN"></g><g v="inan"></g><g v="femn"></g><g v="sing"></g><g v="gent"></g></l></v></tfr></token><token id="708389" text="занятости"><tfr rev_id="4291596" t="занятости"><v><l id="106580" t="занятость"><g v="NOUN"></g><g v="inan"></g><g v="femn"></g><g v="sing"></g><g v="gent"></g></l></v></tfr></token><token id="708390" text="населения"><tfr rev_id="3473729" t="населения"><v><l id="175227" t="население"><g v="NOUN"></g><g v="inan"></g><g v="neut"></g><g v="sing"></g><g v="gent"></g></l></v></tfr></token><token id="708391" text="в"><tfr rev_id="1540248" t="в"><v><l id="37409" t="в"><g v="PREP"></g></l></v></tfr></token><token id="708392" text="регионах"><tfr rev_id="1540249" t="регионах"><v><l id="304808" t="регион"><g v="NOUN"></g><g v="inan"></g><g v="masc"></g><g v="plur"></g><g v="loct"></g></l></v></tfr></token><token id="708393" text="в"><tfr rev_id="1540250" t="в"><v><l id="37409" t="в"><g v="PREP"></g></l></v></tfr></token><token id="708394" text="условиях"><tfr rev_id="1540251" t="условиях"><v><l id="360556" t="условие"><g v="NOUN"></g><g v="inan"></g><g v="neut"></g><g v="plur"></g><g v="loct"></g></l></v></tfr></token><token id="708395" text="кризиса"><tfr rev_id="1540252" t="кризиса"><v><l id="142725" t="кризис"><g v="NOUN"></g><g v="inan"></g><g v="masc"></g><g v="sing"></g><g v="gent"></g></l></v></tfr></token><token id="708396" text="планируется"><tfr rev_id="1540253" t="планируется"><v><l id="239722" t="планируюсь"><g v="VERB"></g><g v="impf"></g><g v="intr"></g><g v="sing"></g><g v="3per"></g><g v="pres"></g><g v="indc"></g></l></v></tfr></token><token id="708397" text="выделить"><tfr rev_id="1540254" t="выделить"><v><l id="57032" t="выделить"><g v="INFN"></g><g v="perf"></g><g v="tran"></g></l></v></tfr></token><token id="708398" text="около"><tfr rev_id="4420909" t="около"><v><l id="205005" t="около"><g v="PREP"></g></l></v></tfr></token><token id="708399" text="74"><tfr rev_id="2462982" t="74"><v><l id="0" t="74"><g v="NUMB"></g></l></v></tfr></token><token id="708400" text="млрд"><tfr rev_id="3808078" t="млрд"><v><l id="389048" t="млрд"><g v="NOUN"></g><g v="inan"></g><g v="masc"></g><g v="Fixd"></g><g v="Abbr"></g><g v="plur"></g><g v="gent"></g></l></v></tfr></token><token id="708401" text="рублей"><tfr rev_id="1540258" t="рублей"><v><l id="309744" t="рубль"><g v="NOUN"></g><g v="inan"></g><g v="masc"></g><g v="plur"></g><g v="gent"></g></l></v></tfr></token><token id="708402" text="."><tfr rev_id="1540259" t="."><v><l id="0" t="."><g v="PNCT"></g></l></v></tfr></token></tokens></sentence></paragraph><paragraph id="12818"><sentence id="39838"><source>На решение проблемы занятости населения в регионах в условиях кризиса планируется выделить около 74 млрд рублей, сообщил в среду замминистра образования и науки РФ Владимир Миклушевский.</source><tokens><token id="708403" text="На"><tfr rev_id="2913328" t="На"><v><l id="166264" t="на"><g v="PREP"></g></l></v><v><l id="388676" t="на"><g v="INTJ"></g></l></v></tfr></token><token id="708404" text="решение"><tfr rev_id="3715491" t="решение"><v><l id="307350" t="решение"><g v="NOUN"></g><g v="inan"></g><g v="neut"></g><g v="sing"></g><g v="accs"></g></l></v></tfr></token><token id="708405" text="проблемы"><tfr rev_id="2371613" t="проблемы"><v><l id="277255" t="проблема"><g v="NOUN"></g><g v="inan"></g><g v="femn"></g><g v="sing"></g><g v="gent"></g></l></v></tfr></token><token id="708406" text="занятости"><tfr rev_id="4265677" t="занятости"><v><l id="106580" t="занятость"><g v="NOUN"></g><g v="inan"></g><g v="femn"></g><g v="sing"></g><g v="gent"></g></l></v></tfr></token><token id="708407" text="населения"><tfr rev_id="3469626" t="населения"><v><l id="175227" t="население"><g v="NOUN"></g><g v="inan"></g><g v="neut"></g><g v="sing"></g><g v="gent"></g></l></v></tfr></token><token id="708408" text="в"><tfr rev_id="1540265" t="в"><v><l id="37409" t="в"><g v="PREP"></g></l></v></tfr></token><token id="708409" text="регионах"><tfr rev_id="1540266" t="регионах"><v><l id="304808" t="регион"><g v="NOUN"></g><g v="inan"></g><g v="masc"></g><g v="plur"></g><g v="loct"></g></l></v></tfr></token><token id="708410" text="в"><tfr rev_id="1540267" t="в"><v><l id="37409" t="в"><g v="PREP"></g></l></v></tfr></token><token id="708411" text="условиях"><tfr rev_id="1540268" t="условиях"><v><l id="360556" t="условие"><g v="NOUN"></g><g v="inan"></g><g v="neut"></g><g v="plur"></g><g v="loct"></g></l></v></tfr></token><token id="708412" text="кризиса"><tfr rev_id="1540269" t="кризиса"><v><l id="142725" t="кризис"><g v="NOUN"></g><g v="inan"></g><g v="masc"></g><g v="sing"></g><g v="gent"></g></l></v></tfr></token><token id="708413" text="планируется"><tfr rev_id="1540270" t="планируется"><v><l id="239722" t="планируюсь"><g v="VERB"></g><g v="impf"></g><g v="intr"></g><g v="sing"></g><g v="3per"></g><g v="pres"></g><g v="indc"></g></l></v></tfr></token><token id="708414" text="выделить"><tfr rev_id="1540271" t="выделить"><v><l id="57032" t="выделить"><g v="INFN"></g><g v="perf"></g><g v="tran"></g></l></v></tfr></token><token id="708415" text="около"><tfr rev_id="4422230" t="около"><v><l id="205005" t="около"><g v="PREP"></g></l></v></tfr></token><token id="708416" text="74"><tfr rev_id="2462983" t="74"><v><l id="0" t="74"><g v="NUMB"></g></l></v></tfr></token><token id="708417" text="млрд"><tfr rev_id="4497226" t="млрд"><v><l id="389048" t="млрд"><g v="NOUN"></g><g v="inan"></g><g v="masc"></g><g v="Fixd"></g><g v="Abbr"></g><g v="plur"></g><g v="nomn"></g></l></v><v><l id="389048" t="млрд"><g v="NOUN"></g><g v="inan"></g><g v="masc"></g><g v="Fixd"></g><g v="Abbr"></g><g v="plur"></g><g v="gent"></g></l></v><v><l id="389048" t="млрд"><g v="NOUN"></g><g v="inan"></g><g v="masc"></g><g v="Fixd"></g><g v="Abbr"></g><g v="plur"></g><g v="datv"></g></l></v><v><l id="389048" t="млрд"><g v="NOUN"></g><g v="inan"></g><g v="masc"></g><g v="Fixd"></g><g v="Abbr"></g><g v="plur"></g><g v="accs"></g></l></v><v><l id="389048" t="млрд"><g v="NOUN"></g><g v="inan"></g><g v="masc"></g><g v="Fixd"></g><g v="Abbr"></g><g v="plur"></g><g v="ablt"></g></l></v><v><l id="389048" t="млрд"><g v="NOUN"></g><g v="inan"></g><g v="masc"></g><g v="Fixd"></g><g v="Abbr"></g><g v="plur"></g><g v="loct"></g></l></v></tfr></token><token id="708418" text="рублей"><tfr rev_id="1540275" t="рублей"><v><l id="309744" t="рубль"><g v="NOUN"></g><g v="inan"></g><g v="masc"></g><g v="plur"></g><g v="gent"></g></l></v></tfr></token><token id="708419" text=","><tfr rev_id="1540276" t=","><v><l id="0" t=","><g v="PNCT"></g></l></v></tfr></token><token id="708420" text="сообщил"><tfr rev_id="1540277" t="сообщил"><v><l id="329556" t="сообщил"><g v="VERB"></g><g v="perf"></g><g v="tran"></g><g v="masc"></g><g v="sing"></g><g v="past"></g><g v="indc"></g></l></v></tfr></token><token id="708421" text="в"><tfr rev_id="1540278" t="в"><v><l id="37409" t="в"><g v="PREP"></g></l></v></tfr></token><token id="708422" text="среду"><tfr rev_id="1540279" t="среду"><v><l id="333471" t="среда"><g v="NOUN"></g><g v="inan"></g><g v="femn"></g><g v="sing"></g><g v="accs"></g></l></v></tfr></token><token id="708423" text="замминистра"><tfr rev_id="3657399" t="замминистра"><v><l id="105696" t="замминистра"><g v="NOUN"></g><g v="anim"></g><g v="masc"></g><g v="Sgtm"></g><g v="Fixd"></g><g v="sing"></g><g v="nomn"></g></l></v></tfr></token><token id="708424" text="образования"><tfr rev_id="3434627" t="образования"><v><l id="198798" t="образование"><g v="NOUN"></g><g v="inan"></g><g v="neut"></g><g v="sing"></g><g v="gent"></g></l></v></tfr></token><token id="708425" text="и"><tfr rev_id="1540282" t="и"><v><l id="116949" t="и"><g v="CONJ"></g></l></v><v><l id="116950" t="и"><g v="INTJ"></g></l></v></tfr></token><token id="708426" text="науки"><tfr rev_id="3434176" t="науки"><v><l id="177429" t="наука"><g v="NOUN"></g><g v="inan"></g><g v="femn"></g><g v="sing"></g><g v="gent"></g></l></v></tfr></token><token id="708427" text="РФ"><tfr rev_id="3657374" t="РФ"><v><l id="310486" t="рф"><g v="NOUN"></g><g v="inan"></g><g v="femn"></g><g v="Sgtm"></g><g v="Fixd"></g><g v="Abbr"></g><g v="Geox"></g><g v="sing"></g><g v="gent"></g></l></v></tfr></token><token id="708428" text="Владимир"><tfr rev_id="4213316" t="Владимир"><v><l id="46610" t="владимир"><g v="NOUN"></g><g v="anim"></g><g v="masc"></g><g v="Name"></g><g v="sing"></g><g v="nomn"></g></l></v><v><l id="46613" t="владимир"><g v="NOUN"></g><g v="inan"></g><g v="masc"></g><g v="Geox"></g><g v="sing"></g><g v="nomn"></g></l></v></tfr></token><token id="708429" text="Миклушевский"><tfr rev_id="1540286" t="Миклушевский"><v><l id="0" t="миклушевский"><g v="UNKN"></g></l></v></tfr></token><token id="708430" text="."><tfr rev_id="1540287" t="."><v><l id="0" t="."><g v="PNCT"></g></l></v></tfr></token></tokens></sentence></paragraph><paragraph id="12819"><sentence id="39839"><source>По его словам, программа антикризисных мер предусматривает «опережающее обучение среди тех граждан, которые находятся под риском увольнения».</source><tokens><token id="708431" text="По"><tfr rev_id="1540288" t="По"><v><l id="241240" t="по"><g v="PREP"></g></l></v></tfr></token><token id="708432" text="его"><tfr rev_id="4296438" t="его"><v><l id="94208" t="его"><g v="ADJF"></g><g v="Fixd"></g><g v="Apro"></g><g v="Anph"></g><g v="plur"></g><g v="nomn"></g></l></v><v><l id="94208" t="его"><g v="ADJF"></g><g v="Fixd"></g><g v="Apro"></g><g v="Anph"></g><g v="plur"></g><g v="gent"></g></l></v><v><l id="94208" t="его"><g v="ADJF"></g><g v="Fixd"></g><g v="Apro"></g><g v="Anph"></g><g v="plur"></g><g v="datv"></g></l></v><v><l id="94208" t="его"><g v="ADJF"></g><g v="Fixd"></g><g v="Apro"></g><g v="Anph"></g><g v="plur"></g><g v="accs"></g></l></v><v><l id="94208" t="его"><g v="ADJF"></g><g v="Fixd"></g><g v="Apro"></g><g v="Anph"></g><g v="plur"></g><g v="ablt"></g></l></v><v><l id="94208" t="его"><g v="ADJF"></g><g v="Fixd"></g><g v="Apro"></g><g v="Anph"></g><g v="plur"></g><g v="loct"></g></l></v></tfr></token><token id="708433" text="словам"><tfr rev_id="1540290" t="словам"><v><l id="325168" t="слово"><g v="NOUN"></g><g v="inan"></g><g v="neut"></g><g v="plur"></g><g v="datv"></g></l></v></tfr></token><token id="708434" text=","><tfr rev_id="1540291" t=","><v><l id="0" t=","><g v="PNCT"></g></l></v></tfr></token><token id="708435" text="программа"><tfr rev_id="1540292" t="программа"><v><l id="278686" t="программа"><g v="NOUN"></g><g v="inan"></g><g v="femn"></g><g v="sing"></g><g v="nomn"></g></l></v></tfr></token><token id="708436" text="антикризисных"><tfr rev_id="4370672" t="антикризисных"><v><l id="14278" t="антикризисный"><g v="ADJF"></g><g v="plur"></g><g v="gent"></g></l></v></tfr></token><token id="708437" text="мер"><tfr rev_id="1715751" t="мер"><v><l id="158460" t="мера"><g v="NOUN"></g><g v="inan"></g><g v="femn"></g><g v="plur"></g><g v="gent"></g></l></v></tfr></token><token id="708438" text="предусматривает"><tfr rev_id="1540295" t="предусматривает"><v><l id="267295" t="предусматриваю"><g v="VERB"></g><g v="impf"></g><g v="tran"></g><g v="sing"></g><g v="3per"></g><g v="pres"></g><g v="indc"></g></l></v></tfr></token><token id="708439" text="«"><tfr rev_id="2447516" t="«"><v><l id="0" t="«"><g v="PNCT"></g></l></v></tfr></token><token id="708440" text="опережающее"><tfr rev_id="3684530" t="опережающее"><v><l id="206966" t="опережающий"><g v="PRTF"></g><g v="impf"></g><g v="tran"></g><g v="pres"></g><g v="actv"></g><g v="Adjx"></g><g v="neut"></g><g v="sing"></g><g v="nomn"></g></l></v><v><l id="206966" t="опережающий"><g v="PRTF"></g><g v="impf"></g><g v="tran"></g><g v="pres"></g><g v="actv"></g><g v="Adjx"></g><g v="neut"></g><g v="sing"></g><g v="accs"></g></l></v></tfr></token><token id="708441" text="обучение"><tfr rev_id="4095684" t="обучение"><v><l id="200862" t="обучение"><g v="NOUN"></g><g v="inan"></g><g v="neut"></g><g v="sing"></g><g v="accs"></g></l></v></tfr></token><token id="708442" text="среди"><tfr rev_id="1540299" t="среди"><v><l id="333473" t="среди"><g v="PREP"></g></l></v></tfr></token><token id="708443" text="тех"><tfr rev_id="4361223" t="тех"><v><l id="348430" t="тот"><g v="ADJF"></g><g v="Subx"></g><g v="Apro"></g><g v="Anph"></g><g v="plur"></g><g v="gent"></g></l></v></tfr></token><token id="708444" text="граждан"><tfr rev_id="2866514" t="граждан"><v><l id="74521" t="гражданин"><g v="NOUN"></g><g v="anim"></g><g v="masc"></g><g v="plur"></g><g v="gent"></g></l></v></tfr></token><token id="708445" text=","><tfr rev_id="1540302" t=","><v><l id="0" t=","><g v="PNCT"></g></l></v></tfr></token><token id="708446" text="которые"><tfr rev_id="4076231" t="которые"><v><l id="141203" t="который"><g v="ADJF"></g><g v="Apro"></g><g v="Subx"></g><g v="Anph"></g><g v="plur"></g><g v="nomn"></g></l></v></tfr></token><token id="708447" text="находятся"><tfr rev_id="1540304" t="находятся"><v><l id="177898" t="нахожусь"><g v="VERB"></g><g v="impf"></g><g v="intr"></g><g v="plur"></g><g v="3per"></g><g v="pres"></g><g v="indc"></g></l></v><v><l id="177903" t="находился"><g v="VERB"></g><g v="perf"></g><g v="intr"></g><g v="plur"></g><g v="3per"></g><g v="futr"></g><g v="indc"></g></l></v></tfr></token><token id="708448" text="под"><tfr rev_id="2604287" t="под"><v><l id="243755" t="под"><g v="PREP"></g></l></v></tfr></token><token id="708449" text="риском"><tfr rev_id="1540306" t="риском"><v><l id="307762" t="риск"><g v="NOUN"></g><g v="inan"></g><g v="masc"></g><g v="sing"></g><g v="ablt"></g></l></v></tfr></token><token id="708450" text="увольнения"><tfr rev_id="3494017" t="увольнения"><v><l id="353838" t="увольнение"><g v="NOUN"></g><g v="inan"></g><g v="neut"></g><g v="sing"></g><g v="gent"></g></l></v></tfr></token><token id="708451" text="»"><tfr rev_id="2447517" t="»"><v><l id="0" t="»"><g v="PNCT"></g></l></v></tfr></token><token id="708452" text="."><tfr rev_id="1540309" t="."><v><l id="0" t="."><g v="PNCT"></g></l></v></tfr></token></tokens></sentence><sentence id="39840"><source>На эти цели (опережающее обучение) будет выделено 15,5 млрд рублей.</source><tokens><token id="708453" text="На"><tfr rev_id="3344786" t="На"><v><l id="166264" t="на"><g v="PREP"></g></l></v></tfr></token><token id="708454" text="эти"><tfr rev_id="4446191" t="эти"><v><l id="386581" t="этот"><g v="ADJF"></g><g v="Subx"></g><g v="Apro"></g><g v="Anph"></g><g v="inan"></g><g v="plur"></g><g v="accs"></g></l></v></tfr></token><token id="708455" text="цели"><tfr rev_id="3757574" t="цели"><v><l id="373216" t="цель"><g v="NOUN"></g><g v="inan"></g><g v="femn"></g><g v="plur"></g><g v="accs"></g></l></v></tfr></token><token id="708456" text="("><tfr rev_id="1540313" t="("><v><l id="0" t="("><g v="PNCT"></g></l></v></tfr></token><token id="708457" text="опережающее"><tfr rev_id="3684531" t="опережающее"><v><l id="206966" t="опережающий"><g v="PRTF"></g><g v="impf"></g><g v="tran"></g><g v="pres"></g><g v="actv"></g><g v="Adjx"></g><g v="neut"></g><g v="sing"></g><g v="nomn"></g></l></v><v><l id="206966" t="опережающий"><g v="PRTF"></g><g v="impf"></g><g v="tran"></g><g v="pres"></g><g v="actv"></g><g v="Adjx"></g><g v="neut"></g><g v="sing"></g><g v="accs"></g></l></v></tfr></token><token id="708458" text="обучение"><tfr rev_id="1540315" t="обучение"><v><l id="200862" t="обучение"><g v="NOUN"></g><g v="inan"></g><g v="neut"></g><g v="sing"></g><g v="nomn"></g></l></v><v><l id="200862" t="обучение"><g v="NOUN"></g><g v="inan"></g><g v="neut"></g><g v="sing"></g><g v="accs"></g></l></v></tfr></token><token id="708459" text=")"><tfr rev_id="1540316" t=")"><v><l id="0" t=")"><g v="PNCT"></g></l></v></tfr></token><token id="708460" text="будет"><tfr rev_id="1540317" t="будет"><v><l id="37265" t="есть"><g v="VERB"></g><g v="impf"></g><g v="intr"></g><g v="sing"></g><g v="3per"></g><g v="futr"></g><g v="indc"></g></l></v></tfr></token><token id="708461" text="выделено"><tfr rev_id="1540318" t="выделено"><v><l id="57035" t="выделен"><g v="PRTS"></g><g v="perf"></g><g v="past"></g><g v="pssv"></g><g v="neut"></g><g v="sing"></g></l></v></tfr></token><token id="708462" text="15,5"><tfr rev_id="2462984" t="15,5"><v><l id="0" t="15,5"><g v="NUMB"></g></l></v></tfr></token><token id="708463" text="млрд"><tfr rev_id="4165477" t="млрд"><v><l id="389048" t="млрд"><g v="NOUN"></g><g v="inan"></g><g v="masc"></g><g v="Fixd"></g><g v="Abbr"></g><g v="plur"></g><g v="nomn"></g></l></v><v><l id="389048" t="млрд"><g v="NOUN"></g><g v="inan"></g><g v="masc"></g><g v="Fixd"></g><g v="Abbr"></g><g v="plur"></g><g v="gent"></g></l></v><v><l id="389048" t="млрд"><g v="NOUN"></g><g v="inan"></g><g v="masc"></g><g v="Fixd"></g><g v="Abbr"></g><g v="plur"></g><g v="datv"></g></l></v><v><l id="389048" t="млрд"><g v="NOUN"></g><g v="inan"></g><g v="masc"></g><g v="Fixd"></g><g v="Abbr"></g><g v="plur"></g><g v="accs"></g></l></v><v><l id="389048" t="млрд"><g v="NOUN"></g><g v="inan"></g><g v="masc"></g><g v="Fixd"></g><g v="Abbr"></g><g v="plur"></g><g v="ablt"></g></l></v><v><l id="389048" t="млрд"><g v="NOUN"></g><g v="inan"></g><g v="masc"></g><g v="Fixd"></g><g v="Abbr"></g><g v="plur"></g><g v="loct"></g></l></v></tfr></token><token id="708464" text="рублей"><tfr rev_id="1540321" t="рублей"><v><l id="309744" t="рубль"><g v="NOUN"></g><g v="inan"></g><g v="masc"></g><g v="plur"></g><g v="gent"></g></l></v></tfr></token><token id="708465" text="."><tfr rev_id="1540322" t="."><v><l id="0" t="."><g v="PNCT"></g></l></v></tfr></token></tokens></sentence><sentence id="39841"><source>Он уточнил, что программа рассчитана на 2,6 млн человек, средний срок их обучения составит три месяца, передает ИТАР-ТАСС.</source><tokens><token id="708466" text="Он"><tfr rev_id="3575885" t="Он"><v><l id="206541" t="он"><g v="NPRO"></g><g v="masc"></g><g v="3per"></g><g v="Anph"></g><g v="sing"></g><g v="nomn"></g></l></v></tfr></token><token id="708467" text="уточнил"><tfr rev_id="1540324" t="уточнил"><v><l id="362345" t="уточнил"><g v="VERB"></g><g v="perf"></g><g v="tran"></g><g v="masc"></g><g v="sing"></g><g v="past"></g><g v="indc"></g></l></v></tfr></token><token id="708468" text=","><tfr rev_id="1540325" t=","><v><l id="0" t=","><g v="PNCT"></g></l></v></tfr></token><token id="708469" text="что"><tfr rev_id="3197833" t="что"><v><l id="377004" t="что"><g v="CONJ"></g></l></v><v><l id="377005" t="что"><g v="NPRO"></g><g v="neut"></g><g v="sing"></g><g v="nomn"></g></l></v><v><l id="377005" t="что"><g v="NPRO"></g><g v="neut"></g><g v="sing"></g><g v="accs"></g></l></v><v><l id="377006" t="что"><g v="ADVB"></g><g v="Ques"></g></l></v><v><l id="388695" t="что"><g v="PRCL"></g></l></v></tfr></token><token id="708470" text="программа"><tfr rev_id="1540327" t="программа"><v><l id="278686" t="программа"><g v="NOUN"></g><g v="inan"></g><g v="femn"></g><g v="sing"></g><g v="nomn"></g></l></v></tfr></token><token id="708471" text="рассчитана"><tfr rev_id="1540328" t="рассчитана"><v><l id="301684" t="рассчитан"><g v="PRTS"></g><g v="perf"></g><g v="past"></g><g v="pssv"></g><g v="femn"></g><g v="sing"></g></l></v></tfr></token><token id="708472" text="на"><tfr rev_id="3338463" t="на"><v><l id="166264" t="на"><g v="PREP"></g></l></v></tfr></token><token id="708473" text="2,6"><tfr rev_id="2462985" t="2,6"><v><l id="0" t="2,6"><g v="NUMB"></g></l></v></tfr></token><token id="708474" text="млн"><tfr rev_id="4165409" t="млн"><v><l id="389040" t="млн"><g v="NOUN"></g><g v="inan"></g><g v="masc"></g><g v="Fixd"></g><g v="Abbr"></g><g v="sing"></g><g v="nomn"></g></l></v><v><l id="389040" t="млн"><g v="NOUN"></g><g v="inan"></g><g v="masc"></g><g v="Fixd"></g><g v="Abbr"></g><g v="sing"></g><g v="gent"></g></l></v><v><l id="389040" t="млн"><g v="NOUN"></g><g v="inan"></g><g v="masc"></g><g v="Fixd"></g><g v="Abbr"></g><g v="sing"></g><g v="datv"></g></l></v><v><l id="389040" t="млн"><g v="NOUN"></g><g v="inan"></g><g v="masc"></g><g v="Fixd"></g><g v="Abbr"></g><g v="sing"></g><g v="accs"></g></l></v><v><l id="389040" t="млн"><g v="NOUN"></g><g v="inan"></g><g v="masc"></g><g v="Fixd"></g><g v="Abbr"></g><g v="sing"></g><g v="ablt"></g></l></v><v><l id="389040" t="млн"><g v="NOUN"></g><g v="inan"></g><g v="masc"></g><g v="Fixd"></g><g v="Abbr"></g><g v="sing"></g><g v="loct"></g></l></v></tfr></token><token id="708475" text="человек"><tfr rev_id="3452337" t="человек"><v><l id="375073" t="человек"><g v="NOUN"></g><g v="anim"></g><g v="masc"></g><g v="plur"></g><g v="gent"></g></l></v></tfr></token><token id="708476" text=","><tfr rev_id="1540333" t=","><v><l id="0" t=","><g v="PNCT"></g></l></v></tfr></token><token id="708477" text="средний"><tfr rev_id="1540334" t="средний"><v><l id="333705" t="средний"><g v="ADJF"></g><g v="masc"></g><g v="sing"></g><g v="nomn"></g></l></v><v><l id="333705" t="средний"><g v="ADJF"></g><g v="inan"></g><g v="masc"></g><g v="sing"></g><g v="accs"></g></l></v></tfr></token><token id="708478" text="срок"><tfr rev_id="3301202" t="срок"><v><l id="333848" t="срок"><g v="NOUN"></g><g v="inan"></g><g v="masc"></g><g v="sing"></g><g v="nomn"></g></l></v></tfr></token><token id="708479" text="их"><tfr rev_id="4513693" t="их"><v><l id="127205" t="их"><g v="ADJF"></g><g v="Fixd"></g><g v="Apro"></g><g v="Anph"></g><g v="neut"></g><g v="sing"></g><g v="nomn"></g></l></v><v><l id="127205" t="их"><g v="ADJF"></g><g v="Fixd"></g><g v="Apro"></g><g v="Anph"></g><g v="neut"></g><g v="sing"></g><g v="gent"></g></l></v><v><l id="127205" t="их"><g v="ADJF"></g><g v="Fixd"></g><g v="Apro"></g><g v="Anph"></g><g v="neut"></g><g v="sing"></g><g v="datv"></g></l></v><v><l id="127205" t="их"><g v="ADJF"></g><g v="Fixd"></g><g v="Apro"></g><g v="Anph"></g><g v="neut"></g><g v="sing"></g><g v="accs"></g></l></v><v><l id="127205" t="их"><g v="ADJF"></g><g v="Fixd"></g><g v="Apro"></g><g v="Anph"></g><g v="neut"></g><g v="sing"></g><g v="ablt"></g></l></v><v><l id="127205" t="их"><g v="ADJF"></g><g v="Fixd"></g><g v="Apro"></g><g v="Anph"></g><g v="neut"></g><g v="sing"></g><g v="loct"></g></l></v></tfr></token><token id="708480" text="обучения"><tfr rev_id="2699456" t="обучения"><v><l id="200862" t="обучение"><g v="NOUN"></g><g v="inan"></g><g v="neut"></g><g v="sing"></g><g v="gent"></g></l></v></tfr></token><token id="708481" text="составит"><tfr rev_id="1540338" t="составит"><v><l id="330483" t="составил"><g v="VERB"></g><g v="perf"></g><g v="tran"></g><g v="sing"></g><g v="3per"></g><g v="futr"></g><g v="indc"></g></l></v></tfr></token><token id="708482" text="три"><tfr rev_id="2635358" t="три"><v><l id="349973" t="три"><g v="NUMR"></g><g v="nomn"></g></l></v><v><l id="349973" t="три"><g v="NUMR"></g><g v="inan"></g><g v="accs"></g></l></v></tfr></token><token id="708483" text="месяца"><tfr rev_id="1540340" t="месяца"><v><l id="158841" t="месяц"><g v="NOUN"></g><g v="inan"></g><g v="masc"></g><g v="sing"></g><g v="gent"></g></l></v></tfr></token><token id="708484" text=","><tfr rev_id="1540341" t=","><v><l id="0" t=","><g v="PNCT"></g></l></v></tfr></token><token id="708485" text="передает"><tfr rev_id="1540342" t="передает"><v><l id="228101" t="передаю"><g v="VERB"></g><g v="impf"></g><g v="tran"></g><g v="sing"></g><g v="3per"></g><g v="pres"></g><g v="indc"></g></l></v><v><l id="228108" t="передавал"><g v="VERB"></g><g v="perf"></g><g v="tran"></g><g v="sing"></g><g v="3per"></g><g v="futr"></g><g v="indc"></g></l></v></tfr></token><token id="708486" text="ИТАР-ТАСС"><tfr rev_id="4489305" t="ИТАР-ТАСС"><v><l id="127107" t="итар-тасс"><g v="NOUN"></g><g v="inan"></g><g v="masc"></g><g v="Sgtm"></g><g v="Abbr"></g><g v="Orgn"></g><g v="sing"></g><g v="nomn"></g></l></v></tfr></token><token id="708487" text="."><tfr rev_id="1540344" t="."><v><l id="0" t="."><g v="PNCT"></g></l></v></tfr></token></tokens></sentence></paragraph><paragraph id="12820"><sentence id="39842"><source>В настоящее время формируется специальная база данных уволенных, подлежащих увольнению и работников «зоны риска» по субъектам РФ, отбираются программы их подготовки.</source><tokens><token id="708488" text="В"><tfr rev_id="1540345" t="В"><v><l id="37409" t="в"><g v="PREP"></g></l></v></tfr></token><token id="708489" text="настоящее"><tfr rev_id="4281708" t="настоящее"><v><l id="176151" t="настоящий"><g v="ADJF"></g><g v="neut"></g><g v="sing"></g><g v="nomn"></g></l></v><v><l id="176151" t="настоящий"><g v="ADJF"></g><g v="neut"></g><g v="sing"></g><g v="accs"></g></l></v></tfr></token><token id="708490" text="время"><tfr rev_id="1540347" t="время"><v><l id="53149" t="время"><g v="NOUN"></g><g v="inan"></g><g v="neut"></g><g v="sing"></g><g v="nomn"></g></l></v><v><l id="53149" t="время"><g v="NOUN"></g><g v="inan"></g><g v="neut"></g><g v="sing"></g><g v="accs"></g></l></v></tfr></token><token id="708491" text="формируется"><tfr rev_id="1540348" t="формируется"><v><l id="367185" t="формируюсь"><g v="VERB"></g><g v="impf"></g><g v="intr"></g><g v="sing"></g><g v="3per"></g><g v="pres"></g><g v="indc"></g></l></v></tfr></token><token id="708492" text="специальная"><tfr rev_id="1540349" t="специальная"><v><l id="331875" t="специальный"><g v="ADJF"></g><g v="femn"></g><g v="sing"></g><g v="nomn"></g></l></v></tfr></token><token id="708493" text="база"><tfr rev_id="4281845" t="база"><v><l id="22146" t="база"><g v="NOUN"></g><g v="inan"></g><g v="femn"></g><g v="sing"></g><g v="nomn"></g></l></v></tfr></token><token id="708494" text="данных"><tfr rev_id="4576903" t="данных"><v><l id="78302" t="данные"><g v="NOUN"></g><g v="inan"></g><g v="GNdr"></g><g v="Pltm"></g><g v="plur"></g><g v="gent"></g></l></v><v><l id="78302" t="данные"><g v="NOUN"></g><g v="inan"></g><g v="GNdr"></g><g v="Pltm"></g><g v="plur"></g><g v="loct"></g></l></v></tfr></token><token id="708495" text="уволенных"><tfr rev_id="1540352" t="уволенных"><v><l id="353811" t="уволенный"><g v="PRTF"></g><g v="perf"></g><g v="tran"></g><g v="past"></g><g v="pssv"></g><g v="plur"></g><g v="gent"></g></l></v><v><l id="353811" t="уволенный"><g v="PRTF"></g><g v="perf"></g><g v="tran"></g><g v="past"></g><g v="pssv"></g><g v="anim"></g><g v="plur"></g><g v="accs"></g></l></v><v><l id="353811" t="уволенный"><g v="PRTF"></g><g v="perf"></g><g v="tran"></g><g v="past"></g><g v="pssv"></g><g v="plur"></g><g v="loct"></g></l></v></tfr></token><token id="708496" text=","><tfr rev_id="1540353" t=","><v><l id="0" t=","><g v="PNCT"></g></l></v></tfr></token><token id="708497" text="подлежащих"><tfr rev_id="1540354" t="подлежащих"><v><l id="247040" t="подлежащий"><g v="PRTF"></g><g v="impf"></g><g v="intr"></g><g v="pres"></g><g v="actv"></g><g v="plur"></g><g v="gent"></g></l></v><v><l id="247040" t="подлежащий"><g v="PRTF"></g><g v="impf"></g><g v="intr"></g><g v="pres"></g><g v="actv"></g><g v="anim"></g><g v="plur"></g><g v="accs"></g></l></v><v><l id="247040" t="подлежащий"><g v="PRTF"></g><g v="impf"></g><g v="intr"></g><g v="pres"></g><g v="actv"></g><g v="plur"></g><g v="loct"></g></l></v><v><l id="247043" t="подлежащее"><g v="NOUN"></g><g v="inan"></g><g v="neut"></g><g v="plur"></g><g v="gent"></g></l></v><v><l id="247043" t="подлежащее"><g v="NOUN"></g><g v="inan"></g><g v="neut"></g><g v="plur"></g><g v="loct"></g></l></v></tfr></token><token id="708498" text="увольнению"><tfr rev_id="1540355" t="увольнению"><v><l id="353838" t="увольнение"><g v="NOUN"></g><g v="inan"></g><g v="neut"></g><g v="sing"></g><g v="datv"></g></l></v></tfr></token><token id="708499" text="и"><tfr rev_id="1540356" t="и"><v><l id="116949" t="и"><g v="CONJ"></g></l></v><v><l id="116950" t="и"><g v="INTJ"></g></l></v></tfr></token><token id="708500" text="работников"><tfr rev_id="4085218" t="работников"><v><l id="290512" t="работник"><g v="NOUN"></g><g v="anim"></g><g v="masc"></g><g v="plur"></g><g v="gent"></g></l></v></tfr></token><token id="708501" text="«"><tfr rev_id="2447518" t="«"><v><l id="0" t="«"><g v="PNCT"></g></l></v></tfr></token><token id="708502" text="зоны"><tfr rev_id="3506690" t="зоны"><v><l id="116338" t="зона"><g v="NOUN"></g><g v="inan"></g><g v="femn"></g><g v="sing"></g><g v="gent"></g></l></v></tfr></token><token id="708503" text="риска"><tfr rev_id="4286488" t="риска"><v><l id="307762" t="риск"><g v="NOUN"></g><g v="inan"></g><g v="masc"></g><g v="sing"></g><g v="gen1"></g></l></v></tfr></token><token id="708504" text="»"><tfr rev_id="2447519" t="»"><v><l id="0" t="»"><g v="PNCT"></g></l></v></tfr></token><token id="708505" text="по"><tfr rev_id="1540362" t="по"><v><l id="241240" t="по"><g v="PREP"></g></l></v></tfr></token><token id="708506" text="субъектам"><tfr rev_id="3492925" t="субъектам"><v><l id="338833" t="субъект"><g v="NOUN"></g><g v="inan"></g><g v="masc"></g><g v="plur"></g><g v="datv"></g></l></v></tfr></token><token id="708507" text="РФ"><tfr rev_id="3676444" t="РФ"><v><l id="310486" t="рф"><g v="NOUN"></g><g v="inan"></g><g v="femn"></g><g v="Sgtm"></g><g v="Fixd"></g><g v="Abbr"></g><g v="Geox"></g><g v="sing"></g><g v="gent"></g></l></v></tfr></token><token id="708508" text=","><tfr rev_id="1540365" t=","><v><l id="0" t=","><g v="PNCT"></g></l></v></tfr></token><token id="708509" text="отбираются"><tfr rev_id="1540366" t="отбираются"><v><l id="211835" t="отбираюсь"><g v="VERB"></g><g v="impf"></g><g v="intr"></g><g v="plur"></g><g v="3per"></g><g v="pres"></g><g v="indc"></g></l></v></tfr></token><token id="708510" text="программы"><tfr rev_id="3796275" t="программы"><v><l id="278686" t="программа"><g v="NOUN"></g><g v="inan"></g><g v="femn"></g><g v="plur"></g><g v="nomn"></g></l></v></tfr></token><token id="708511" text="их"><tfr rev_id="4512916" t="их"><v><l id="127205" t="их"><g v="ADJF"></g><g v="Fixd"></g><g v="Apro"></g><g v="Anph"></g><g v="femn"></g><g v="sing"></g><g v="nomn"></g></l></v><v><l id="127205" t="их"><g v="ADJF"></g><g v="Fixd"></g><g v="Apro"></g><g v="Anph"></g><g v="femn"></g><g v="sing"></g><g v="gent"></g></l></v><v><l id="127205" t="их"><g v="ADJF"></g><g v="Fixd"></g><g v="Apro"></g><g v="Anph"></g><g v="femn"></g><g v="sing"></g><g v="datv"></g></l></v><v><l id="127205" t="их"><g v="ADJF"></g><g v="Fixd"></g><g v="Apro"></g><g v="Anph"></g><g v="femn"></g><g v="sing"></g><g v="accs"></g></l></v><v><l id="127205" t="их"><g v="ADJF"></g><g v="Fixd"></g><g v="Apro"></g><g v="Anph"></g><g v="femn"></g><g v="sing"></g><g v="ablt"></g></l></v><v><l id="127205" t="их"><g v="ADJF"></g><g v="Fixd"></g><g v="Apro"></g><g v="Anph"></g><g v="femn"></g><g v="sing"></g><g v="loct"></g></l></v></tfr></token><token id="708512" text="подготовки"><tfr rev_id="3436564" t="подготовки"><v><l id="245114" t="подготовка"><g v="NOUN"></g><g v="inan"></g><g v="femn"></g><g v="sing"></g><g v="gent"></g></l></v></tfr></token><token id="708513" text="."><tfr rev_id="1540370" t="."><v><l id="0" t="."><g v="PNCT"></g></l></v></tfr></token></tokens></sentence><sentence id="39843"><source>Планируется, уточнил замминистра, сформировать банк данных таких программ опережающего обучения.</source><tokens><token id="708514" text="Планируется"><tfr rev_id="1540371" t="Планируется"><v><l id="239722" t="планируюсь"><g v="VERB"></g><g v="impf"></g><g v="intr"></g><g v="sing"></g><g v="3per"></g><g v="pres"></g><g v="indc"></g></l></v></tfr></token><token id="708515" text=","><tfr rev_id="1540372" t=","><v><l id="0" t=","><g v="PNCT"></g></l></v></tfr></token><token id="708516" text="уточнил"><tfr rev_id="1540373" t="уточнил"><v><l id="362345" t="уточнил"><g v="VERB"></g><g v="perf"></g><g v="tran"></g><g v="masc"></g><g v="sing"></g><g v="past"></g><g v="indc"></g></l></v></tfr></token><token id="708517" text="замминистра"><tfr rev_id="4396317" t="замминистра"><v><l id="105696" t="замминистра"><g v="NOUN"></g><g v="anim"></g><g v="masc"></g><g v="Sgtm"></g><g v="Fixd"></g><g v="sing"></g><g v="nomn"></g></l></v></tfr></token><token id="708518" text=","><tfr rev_id="1540375" t=","><v><l id="0" t=","><g v="PNCT"></g></l></v></tfr></token><token id="708519" text="сформировать"><tfr rev_id="1540376" t="сформировать"><v><l id="340610" t="сформировать"><g v="INFN"></g><g v="perf"></g><g v="tran"></g></l></v></tfr></token><token id="708520" text="банк"><tfr rev_id="1540377" t="банк"><v><l id="23569" t="банк"><g v="NOUN"></g><g v="inan"></g><g v="masc"></g><g v="sing"></g><g v="nomn"></g></l></v><v><l id="23569" t="банк"><g v="NOUN"></g><g v="inan"></g><g v="masc"></g><g v="sing"></g><g v="accs"></g></l></v></tfr></token><token id="708521" text="данных"><tfr rev_id="4576650" t="данных"><v><l id="78302" t="данные"><g v="NOUN"></g><g v="inan"></g><g v="GNdr"></g><g v="Pltm"></g><g v="plur"></g><g v="gent"></g></l></v><v><l id="78302" t="данные"><g v="NOUN"></g><g v="inan"></g><g v="GNdr"></g><g v="Pltm"></g><g v="plur"></g><g v="loct"></g></l></v></tfr></token><token id="708522" text="таких"><tfr rev_id="4409198" t="таких"><v><l id="342491" t="такой"><g v="ADJF"></g><g v="Apro"></g><g v="plur"></g><g v="gent"></g></l></v></tfr></token><token id="708523" text="программ"><tfr rev_id="1540380" t="программ"><v><l id="278686" t="программа"><g v="NOUN"></g><g v="inan"></g><g v="femn"></g><g v="plur"></g><g v="gent"></g></l></v></tfr></token><token id="708524" text="опережающего"><tfr rev_id="3684532" t="опережающего"><v><l id="206966" t="опережающий"><g v="PRTF"></g><g v="impf"></g><g v="tran"></g><g v="pres"></g><g v="actv"></g><g v="Adjx"></g><g v="neut"></g><g v="sing"></g><g v="gent"></g></l></v></tfr></token><token id="708525" text="обучения"><tfr rev_id="3485261" t="обучения"><v><l id="200862" t="обучение"><g v="NOUN"></g><g v="inan"></g><g v="neut"></g><g v="sing"></g><g v="gent"></g></l></v></tfr></token><token id="708526" text="."><tfr rev_id="1540383" t="."><v><l id="0" t="."><g v="PNCT"></g></l></v></tfr></token></tokens></sentence><sentence id="39844"><source>Минобрнауки, по его словам, планирует на конкурсной основе отобрать учреждения образования, которые будут такое обучение проводить.</source><tokens><token id="708527" text="Минобрнауки"><tfr rev_id="4303623" t="Минобрнауки"><v><l id="390221" t="минобрнауки"><g v="NOUN"></g><g v="inan"></g><g v="neut"></g><g v="Sgtm"></g><g v="Fixd"></g><g v="Orgn"></g><g v="sing"></g><g v="ablt"></g></l></v><v><l id="390221" t="минобрнауки"><g v="NOUN"></g><g v="inan"></g><g v="neut"></g><g v="Sgtm"></g><g v="Fixd"></g><g v="Orgn"></g><g v="sing"></g><g v="accs"></g></l></v><v><l id="390221" t="минобрнауки"><g v="NOUN"></g><g v="inan"></g><g v="neut"></g><g v="Sgtm"></g><g v="Fixd"></g><g v="Orgn"></g><g v="sing"></g><g v="datv"></g></l></v><v><l id="390221" t="минобрнауки"><g v="NOUN"></g><g v="inan"></g><g v="neut"></g><g v="Sgtm"></g><g v="Fixd"></g><g v="Orgn"></g><g v="sing"></g><g v="gent"></g></l></v><v><l id="390221" t="минобрнауки"><g v="NOUN"></g><g v="inan"></g><g v="neut"></g><g v="Sgtm"></g><g v="Fixd"></g><g v="Orgn"></g><g v="sing"></g><g v="loct"></g></l></v><v><l id="390221" t="минобрнауки"><g v="NOUN"></g><g v="inan"></g><g v="neut"></g><g v="Sgtm"></g><g v="Fixd"></g><g v="Orgn"></g><g v="sing"></g><g v="nomn"></g></l></v></tfr></token><token id="708528" text=","><tfr rev_id="1540385" t=","><v><l id="0" t=","><g v="PNCT"></g></l></v></tfr></token><token id="708529" text="по"><tfr rev_id="1540386" t="по"><v><l id="241240" t="по"><g v="PREP"></g></l></v></tfr></token><token id="708530" text="его"><tfr rev_id="4499720" t="его"><v><l id="94208" t="его"><g v="ADJF"></g><g v="Fixd"></g><g v="Apro"></g><g v="Anph"></g><g v="plur"></g><g v="nomn"></g></l></v><v><l id="94208" t="его"><g v="ADJF"></g><g v="Fixd"></g><g v="Apro"></g><g v="Anph"></g><g v="plur"></g><g v="gent"></g></l></v><v><l id="94208" t="его"><g v="ADJF"></g><g v="Fixd"></g><g v="Apro"></g><g v="Anph"></g><g v="plur"></g><g v="datv"></g></l></v><v><l id="94208" t="его"><g v="ADJF"></g><g v="Fixd"></g><g v="Apro"></g><g v="Anph"></g><g v="plur"></g><g v="accs"></g></l></v><v><l id="94208" t="его"><g v="ADJF"></g><g v="Fixd"></g><g v="Apro"></g><g v="Anph"></g><g v="plur"></g><g v="ablt"></g></l></v><v><l id="94208" t="его"><g v="ADJF"></g><g v="Fixd"></g><g v="Apro"></g><g v="Anph"></g><g v="plur"></g><g v="loct"></g></l></v></tfr></token><token id="708531" text="словам"><tfr rev_id="1540388" t="словам"><v><l id="325168" t="слово"><g v="NOUN"></g><g v="inan"></g><g v="neut"></g><g v="plur"></g><g v="datv"></g></l></v></tfr></token><token id="708532" text=","><tfr rev_id="1540389" t=","><v><l id="0" t=","><g v="PNCT"></g></l></v></tfr></token><token id="708533" text="планирует"><tfr rev_id="1540390" t="планирует"><v><l id="239713" t="планирую"><g v="VERB"></g><g v="impf"></g><g v="tran"></g><g v="sing"></g><g v="3per"></g><g v="pres"></g><g v="indc"></g></l></v></tfr></token><token id="708534" text="на"><tfr rev_id="3395973" t="на"><v><l id="166264" t="на"><g v="PREP"></g></l></v></tfr></token><token id="708535" text="конкурсной"><tfr rev_id="4170224" t="конкурсной"><v><l id="137919" t="конкурсный"><g v="ADJF"></g><g v="Qual"></g><g v="femn"></g><g v="sing"></g><g v="loct"></g></l></v></tfr></token><token id="708536" text="основе"><tfr rev_id="1718539" t="основе"><v><l id="210574" t="основа"><g v="NOUN"></g><g v="inan"></g><g v="femn"></g><g v="sing"></g><g v="loct"></g></l></v></tfr></token><token id="708537" text="отобрать"><tfr rev_id="1540394" t="отобрать"><v><l id="215990" t="отобрать"><g v="INFN"></g><g v="perf"></g><g v="tran"></g></l></v></tfr></token><token id="708538" text="учреждения"><tfr rev_id="3766675" t="учреждения"><v><l id="363361" t="учреждение"><g v="NOUN"></g><g v="inan"></g><g v="neut"></g><g v="plur"></g><g v="accs"></g></l></v></tfr></token><token id="708539" text="образования"><tfr rev_id="3471809" t="образования"><v><l id="198798" t="образование"><g v="NOUN"></g><g v="inan"></g><g v="neut"></g><g v="sing"></g><g v="gent"></g></l></v></tfr></token><token id="708540" text=","><tfr rev_id="1540397" t=","><v><l id="0" t=","><g v="PNCT"></g></l></v></tfr></token><token id="708541" text="которые"><tfr rev_id="3816147" t="которые"><v><l id="141203" t="который"><g v="ADJF"></g><g v="Apro"></g><g v="Subx"></g><g v="Anph"></g><g v="plur"></g><g v="nomn"></g></l></v></tfr></token><token id="708542" text="будут"><tfr rev_id="1540399" t="будут"><v><l id="37265" t="есть"><g v="VERB"></g><g v="impf"></g><g v="intr"></g><g v="plur"></g><g v="3per"></g><g v="futr"></g><g v="indc"></g></l></v></tfr></token><token id="708543" text="такое"><tfr rev_id="1540400" t="такое"><v><l id="342491" t="такой"><g v="ADJF"></g><g v="Apro"></g><g v="neut"></g><g v="sing"></g><g v="nomn"></g></l></v><v><l id="342491" t="такой"><g v="ADJF"></g><g v="Apro"></g><g v="neut"></g><g v="sing"></g><g v="accs"></g></l></v></tfr></token><token id="708544" text="обучение"><tfr rev_id="1540401" t="обучение"><v><l id="200862" t="обучение"><g v="NOUN"></g><g v="inan"></g><g v="neut"></g><g v="sing"></g><g v="nomn"></g></l></v><v><l id="200862" t="обучение"><g v="NOUN"></g><g v="inan"></g><g v="neut"></g><g v="sing"></g><g v="accs"></g></l></v></tfr></token><token id="708545" text="проводить"><tfr rev_id="1540402" t="проводить"><v><l id="278003" t="проводить"><g v="INFN"></g><g v="impf"></g><g v="tran"></g></l></v><v><l id="278010" t="проводить"><g v="INFN"></g><g v="perf"></g><g v="tran"></g></l></v></tfr></token><token id="708546" text="."><tfr rev_id="1540403" t="."><v><l id="0" t="."><g v="PNCT"></g></l></v></tfr></token></tokens></sentence></paragraph><paragraph id="12821"><sentence id="39845"><source>Как подчеркнул замминистра, для успешной реализации программы необходимо определить «сегменты рынка с потенциальным ростом занятости в ближайшие два года, которые в посткризисный период потребуют дополнительное количество специалистов».</source><tokens><token id="708547" text="Как"><tfr rev_id="1540404" t="Как"><v><l id="128190" t="как"><g v="CONJ"></g></l></v><v><l id="128191" t="как"><g v="PRCL"></g></l></v><v><l id="128192" t="как"><g v="ADVB"></g><g v="Ques"></g></l></v></tfr></token><token id="708548" text="подчеркнул"><tfr rev_id="1540405" t="подчеркнул"><v><l id="252370" t="подчеркнул"><g v="VERB"></g><g v="perf"></g><g v="tran"></g><g v="masc"></g><g v="sing"></g><g v="past"></g><g v="indc"></g></l></v></tfr></token><token id="708549" text="замминистра"><tfr rev_id="3674275" t="замминистра"><v><l id="105696" t="замминистра"><g v="NOUN"></g><g v="anim"></g><g v="masc"></g><g v="Sgtm"></g><g v="Fixd"></g><g v="sing"></g><g v="nomn"></g></l></v></tfr></token><token id="708550" text=","><tfr rev_id="1540407" t=","><v><l id="0" t=","><g v="PNCT"></g></l></v></tfr></token><token id="708551" text="для"><tfr rev_id="3408524" t="для"><v><l id="85032" t="для"><g v="PREP"></g></l></v></tfr></token><token id="708552" text="успешной"><tfr rev_id="3714110" t="успешной"><v><l id="360843" t="успешный"><g v="ADJF"></g><g v="Qual"></g><g v="femn"></g><g v="sing"></g><g v="gent"></g></l></v></tfr></token><token id="708553" text="реализации"><tfr rev_id="4240295" t="реализации"><v><l id="304404" t="реализация"><g v="NOUN"></g><g v="inan"></g><g v="femn"></g><g v="sing"></g><g v="gent"></g></l></v></tfr></token><token id="708554" text="программы"><tfr rev_id="3457854" t="программы"><v><l id="278686" t="программа"><g v="NOUN"></g><g v="inan"></g><g v="femn"></g><g v="sing"></g><g v="gent"></g></l></v></tfr></token><token id="708555" text="необходимо"><tfr rev_id="1540412" t="необходимо"><v><l id="184806" t="необходимо"><g v="PRED"></g><g v="pres"></g></l></v><v><l id="184810" t="необходим"><g v="ADJS"></g><g v="Qual"></g><g v="neut"></g><g v="sing"></g></l></v></tfr></token><token id="708556" text="определить"><tfr rev_id="1540413" t="определить"><v><l id="208003" t="определить"><g v="INFN"></g><g v="perf"></g><g v="tran"></g></l></v></tfr></token><token id="708557" text="«"><tfr rev_id="2447520" t="«"><v><l id="0" t="«"><g v="PNCT"></g></l></v></tfr></token><token id="708558" text="сегменты"><tfr rev_id="2757439" t="сегменты"><v><l id="317690" t="сегмент"><g v="NOUN"></g><g v="inan"></g><g v="masc"></g><g v="plur"></g><g v="accs"></g></l></v></tfr></token><token id="708559" text="рынка"><tfr rev_id="1540416" t="рынка"><v><l id="310781" t="рынок"><g v="NOUN"></g><g v="inan"></g><g v="masc"></g><g v="sing"></g><g v="gent"></g></l></v></tfr></token><token id="708560" text="с"><tfr rev_id="1540417" t="с"><v><l id="311151" t="с"><g v="PREP"></g></l></v></tfr></token><token id="708561" text="потенциальным"><tfr rev_id="4209537" t="потенциальным"><v><l id="263091" t="потенциальный"><g v="ADJF"></g><g v="masc"></g><g v="sing"></g><g v="ablt"></g></l></v></tfr></token><token id="708562" text="ростом"><tfr rev_id="1540419" t="ростом"><v><l id="309343" t="рост"><g v="NOUN"></g><g v="inan"></g><g v="masc"></g><g v="sing"></g><g v="ablt"></g></l></v></tfr></token><token id="708563" text="занятости"><tfr rev_id="4261921" t="занятости"><v><l id="106580" t="занятость"><g v="NOUN"></g><g v="inan"></g><g v="femn"></g><g v="sing"></g><g v="gent"></g></l></v></tfr></token><token id="708564" text="в"><tfr rev_id="1540421" t="в"><v><l id="37409" t="в"><g v="PREP"></g></l></v></tfr></token><token id="708565" text="ближайшие"><tfr rev_id="4430910" t="ближайшие"><v><l id="30857" t="ближайший"><g v="ADJF"></g><g v="Supr"></g><g v="Qual"></g><g v="inan"></g><g v="plur"></g><g v="accs"></g></l></v></tfr></token><token id="708566" text="два"><tfr rev_id="4450484" t="два"><v><l id="78668" t="два"><g v="NUMR"></g><g v="masc"></g><g v="nomn"></g></l></v><v><l id="78668" t="два"><g v="NUMR"></g><g v="inan"></g><g v="masc"></g><g v="accs"></g></l></v><v><l id="78668" t="два"><g v="NUMR"></g><g v="neut"></g><g v="nomn"></g></l></v><v><l id="78668" t="два"><g v="NUMR"></g><g v="inan"></g><g v="neut"></g><g v="accs"></g></l></v></tfr></token><token id="708567" text="года"><tfr rev_id="3440176" t="года"><v><l id="72149" t="год"><g v="NOUN"></g><g v="inan"></g><g v="masc"></g><g v="sing"></g><g v="gen1"></g></l></v></tfr></token><token id="708568" text=","><tfr rev_id="1540425" t=","><v><l id="0" t=","><g v="PNCT"></g></l></v></tfr></token><token id="708569" text="которые"><tfr rev_id="4083158" t="которые"><v><l id="141203" t="который"><g v="ADJF"></g><g v="Apro"></g><g v="Subx"></g><g v="Anph"></g><g v="plur"></g><g v="nomn"></g></l></v></tfr></token><token id="708570" text="в"><tfr rev_id="1540427" t="в"><v><l id="37409" t="в"><g v="PREP"></g></l></v></tfr></token><token id="708571" text="посткризисный"><tfr rev_id="2782842" t="посткризисный"><v><l id="262325" t="посткризисный"><g v="ADJF"></g><g v="Qual"></g><g v="inan"></g><g v="masc"></g><g v="sing"></g><g v="accs"></g></l></v></tfr></token><token id="708572" text="период"><tfr rev_id="4210403" t="период"><v><l id="237159" t="период"><g v="NOUN"></g><g v="inan"></g><g v="masc"></g><g v="sing"></g><g v="accs"></g></l></v></tfr></token><token id="708573" text="потребуют"><tfr rev_id="1540430" t="потребуют"><v><l id="263551" t="потребовал"><g v="VERB"></g><g v="perf"></g><g v="tran"></g><g v="plur"></g><g v="3per"></g><g v="futr"></g><g v="indc"></g></l></v></tfr></token><token id="708574" text="дополнительное"><tfr rev_id="4408638" t="дополнительное"><v><l id="89300" t="дополнительный"><g v="ADJF"></g><g v="neut"></g><g v="sing"></g><g v="accs"></g></l></v></tfr></token><token id="708575" text="количество"><tfr rev_id="3272584" t="количество"><v><l id="135983" t="количество"><g v="NOUN"></g><g v="inan"></g><g v="neut"></g><g v="sing"></g><g v="accs"></g></l></v></tfr></token><token id="708576" text="специалистов"><tfr rev_id="4098202" t="специалистов"><v><l id="331871" t="специалист"><g v="NOUN"></g><g v="anim"></g><g v="masc"></g><g v="plur"></g><g v="gent"></g></l></v></tfr></token><token id="708577" text="»"><tfr rev_id="2447521" t="»"><v><l id="0" t="»"><g v="PNCT"></g></l></v></tfr></token><token id="708578" text="."><tfr rev_id="1540435" t="."><v><l id="0" t="."><g v="PNCT"></g></l></v></tfr></token></tokens></sentence></paragraph></paragraphs></text>