<?xml version="1.0" encoding="utf-8"?><text id="1425" parent="56" name="Израиль планирует создавать новые поселения на Западном Берегу реки Иордан"><tags><tag>Автор:http://ru.wikinews.org/wiki/Участник:85.234.41.78</tag><tag>url:http://ru.wikinews.org/w/index.php?title=Израиль_планирует_создавать_новые_поселения_на_Западном_Берегу_реки_Иордан&amp;oldid=59299</tag><tag>Гео:ВикиКатегория:Израиль</tag><tag>Гео:ВикиКатегория:Ближний Восток</tag><tag>Гео:ВикиКатегория:Государство Палестина</tag><tag>Тема:ВикиКатегория:Политика и конфликты</tag><tag>Дата:13/03</tag><tag>Год:2011</tag></tags><paragraphs><paragraph id="12869"><sentence id="39985"><source>В воскресенье Израиль заявил, что планирует построить несколько сотен жилых строений на оккупированных территориях Западного Берега.</source><tokens><token id="711066" text="В"><tfr rev_id="1542923" t="В"><v><l id="37409" t="в"><g v="PREP"></g></l></v></tfr></token><token id="711067" text="воскресенье"><tfr rev_id="4486199" t="воскресенье"><v><l id="51393" t="воскресение"><g v="NOUN"></g><g v="inan"></g><g v="neut"></g><g v="sing"></g><g v="accs"></g><g v="V-be"></g></l></v><v><l id="51406" t="воскресенье"><g v="NOUN"></g><g v="inan"></g><g v="neut"></g><g v="sing"></g><g v="accs"></g></l></v></tfr></token><token id="711068" text="Израиль"><tfr rev_id="4252657" t="Израиль"><v><l id="120470" t="израиль"><g v="NOUN"></g><g v="inan"></g><g v="masc"></g><g v="Sgtm"></g><g v="Geox"></g><g v="sing"></g><g v="nomn"></g></l></v></tfr></token><token id="711069" text="заявил"><tfr rev_id="1542926" t="заявил"><v><l id="114300" t="заявил"><g v="VERB"></g><g v="perf"></g><g v="tran"></g><g v="masc"></g><g v="sing"></g><g v="past"></g><g v="indc"></g></l></v></tfr></token><token id="711070" text=","><tfr rev_id="1542927" t=","><v><l id="0" t=","><g v="PNCT"></g></l></v></tfr></token><token id="711071" text="что"><tfr rev_id="3197865" t="что"><v><l id="377004" t="что"><g v="CONJ"></g></l></v><v><l id="377005" t="что"><g v="NPRO"></g><g v="neut"></g><g v="sing"></g><g v="nomn"></g></l></v><v><l id="377005" t="что"><g v="NPRO"></g><g v="neut"></g><g v="sing"></g><g v="accs"></g></l></v><v><l id="377006" t="что"><g v="ADVB"></g><g v="Ques"></g></l></v><v><l id="388695" t="что"><g v="PRCL"></g></l></v></tfr></token><token id="711072" text="планирует"><tfr rev_id="1542929" t="планирует"><v><l id="239713" t="планирую"><g v="VERB"></g><g v="impf"></g><g v="tran"></g><g v="sing"></g><g v="3per"></g><g v="pres"></g><g v="indc"></g></l></v></tfr></token><token id="711073" text="построить"><tfr rev_id="1542930" t="построить"><v><l id="262522" t="построить"><g v="INFN"></g><g v="perf"></g><g v="tran"></g></l></v></tfr></token><token id="711074" text="несколько"><tfr rev_id="4084646" t="несколько"><v><l id="188126" t="несколько"><g v="NUMR"></g><g v="nomn"></g></l></v><v><l id="188126" t="несколько"><g v="NUMR"></g><g v="inan"></g><g v="accs"></g></l></v></tfr></token><token id="711075" text="сотен"><tfr rev_id="1542932" t="сотен"><v><l id="330847" t="сотня"><g v="NOUN"></g><g v="inan"></g><g v="femn"></g><g v="plur"></g><g v="gent"></g></l></v></tfr></token><token id="711076" text="жилых"><tfr rev_id="3285411" t="жилых"><v><l id="97384" t="жилой"><g v="ADJF"></g><g v="plur"></g><g v="gent"></g></l></v></tfr></token><token id="711077" text="строений"><tfr rev_id="3753669" t="строений"><v><l id="337659" t="строение"><g v="NOUN"></g><g v="inan"></g><g v="neut"></g><g v="plur"></g><g v="gent"></g></l></v></tfr></token><token id="711078" text="на"><tfr rev_id="3345823" t="на"><v><l id="166264" t="на"><g v="PREP"></g></l></v></tfr></token><token id="711079" text="оккупированных"><tfr rev_id="4427270" t="оккупированных"><v><l id="204818" t="оккупированный"><g v="PRTF"></g><g v="perf"></g><g v="tran"></g><g v="past"></g><g v="pssv"></g><g v="plur"></g><g v="loct"></g></l></v><v><l id="204819" t="оккупированный"><g v="PRTF"></g><g v="impf"></g><g v="tran"></g><g v="past"></g><g v="pssv"></g><g v="plur"></g><g v="loct"></g></l></v></tfr></token><token id="711080" text="территориях"><tfr rev_id="1542937" t="территориях"><v><l id="345621" t="территория"><g v="NOUN"></g><g v="inan"></g><g v="femn"></g><g v="plur"></g><g v="loct"></g></l></v></tfr></token><token id="711081" text="Западного"><tfr rev_id="3449655" t="Западного"><v><l id="106682" t="западный"><g v="ADJF"></g><g v="Qual"></g><g v="masc"></g><g v="sing"></g><g v="gent"></g></l></v><v><l id="106682" t="западный"><g v="ADJF"></g><g v="Qual"></g><g v="anim"></g><g v="masc"></g><g v="sing"></g><g v="accs"></g></l></v></tfr></token><token id="711082" text="Берега"><tfr rev_id="3476118" t="Берега"><v><l id="27758" t="берег"><g v="NOUN"></g><g v="inan"></g><g v="masc"></g><g v="sing"></g><g v="gent"></g></l></v></tfr></token><token id="711083" text="."><tfr rev_id="1542940" t="."><v><l id="0" t="."><g v="PNCT"></g></l></v></tfr></token></tokens></sentence><sentence id="39986"><source>Всего за несколько дней до этого, в пятницу, несколько израильтян было убито в результате террористической атаки.</source><tokens><token id="711084" text="Всего"><tfr rev_id="4492833" t="Всего"><v><l id="53374" t="всего"><g v="PRCL"></g></l></v></tfr></token><token id="711085" text="за"><tfr rev_id="1542942" t="за"><v><l id="98043" t="за"><g v="PREP"></g></l></v></tfr></token><token id="711086" text="несколько"><tfr rev_id="4181939" t="несколько"><v><l id="188126" t="несколько"><g v="NUMR"></g><g v="nomn"></g></l></v><v><l id="188126" t="несколько"><g v="NUMR"></g><g v="inan"></g><g v="accs"></g></l></v></tfr></token><token id="711087" text="дней"><tfr rev_id="1542944" t="дней"><v><l id="81427" t="день"><g v="NOUN"></g><g v="inan"></g><g v="masc"></g><g v="plur"></g><g v="gent"></g></l></v></tfr></token><token id="711088" text="до"><tfr rev_id="1542945" t="до"><v><l id="85153" t="до"><g v="PREP"></g></l></v></tfr></token><token id="711089" text="этого"><tfr rev_id="3282170" t="этого"><v><l id="386575" t="это"><g v="NPRO"></g><g v="neut"></g><g v="sing"></g><g v="gent"></g></l></v></tfr></token><token id="711090" text=","><tfr rev_id="1542947" t=","><v><l id="0" t=","><g v="PNCT"></g></l></v></tfr></token><token id="711091" text="в"><tfr rev_id="1542948" t="в"><v><l id="37409" t="в"><g v="PREP"></g></l></v></tfr></token><token id="711092" text="пятницу"><tfr rev_id="1542949" t="пятницу"><v><l id="290408" t="пятница"><g v="NOUN"></g><g v="inan"></g><g v="femn"></g><g v="sing"></g><g v="accs"></g></l></v></tfr></token><token id="711093" text=","><tfr rev_id="1542950" t=","><v><l id="0" t=","><g v="PNCT"></g></l></v></tfr></token><token id="711094" text="несколько"><tfr rev_id="4176705" t="несколько"><v><l id="188126" t="несколько"><g v="NUMR"></g><g v="nomn"></g></l></v><v><l id="188126" t="несколько"><g v="NUMR"></g><g v="inan"></g><g v="accs"></g></l></v></tfr></token><token id="711095" text="израильтян"><tfr rev_id="4098234" t="израильтян"><v><l id="120476" t="израильтянин"><g v="NOUN"></g><g v="anim"></g><g v="masc"></g><g v="plur"></g><g v="gent"></g></l></v></tfr></token><token id="711096" text="было"><tfr rev_id="4256784" t="было"><v><l id="37265" t="есть"><g v="VERB"></g><g v="impf"></g><g v="intr"></g><g v="neut"></g><g v="sing"></g><g v="past"></g><g v="indc"></g></l></v></tfr></token><token id="711097" text="убито"><tfr rev_id="1542954" t="убито"><v><l id="353015" t="убито"><g v="ADVB"></g></l></v><v><l id="353018" t="убит"><g v="ADJS"></g><g v="Qual"></g><g v="neut"></g><g v="sing"></g></l></v><v><l id="353024" t="убит"><g v="PRTS"></g><g v="perf"></g><g v="past"></g><g v="pssv"></g><g v="neut"></g><g v="sing"></g></l></v></tfr></token><token id="711098" text="в"><tfr rev_id="1542955" t="в"><v><l id="37409" t="в"><g v="PREP"></g></l></v></tfr></token><token id="711099" text="результате"><tfr rev_id="1542956" t="результате"><v><l id="305391" t="результат"><g v="NOUN"></g><g v="inan"></g><g v="masc"></g><g v="sing"></g><g v="loct"></g></l></v></tfr></token><token id="711100" text="террористической"><tfr rev_id="3553999" t="террористической"><v><l id="345655" t="террористический"><g v="ADJF"></g><g v="femn"></g><g v="sing"></g><g v="gent"></g></l></v></tfr></token><token id="711101" text="атаки"><tfr rev_id="3494859" t="атаки"><v><l id="19312" t="атака"><g v="NOUN"></g><g v="inan"></g><g v="femn"></g><g v="sing"></g><g v="gent"></g></l></v></tfr></token><token id="711102" text="."><tfr rev_id="1542959" t="."><v><l id="0" t="."><g v="PNCT"></g></l></v></tfr></token></tokens></sentence></paragraph><paragraph id="12870"><sentence id="39987"><source>Если верить официальным лицам, на состоявшемся в субботу заседании некоего правительственного комитета было решено построить до 500 жилых строений на указанной территории.</source><tokens><token id="711103" text="Если"><tfr rev_id="1542960" t="Если"><v><l id="95365" t="если"><g v="CONJ"></g></l></v></tfr></token><token id="711104" text="верить"><tfr rev_id="1542961" t="верить"><v><l id="41406" t="верить"><g v="INFN"></g><g v="impf"></g><g v="intr"></g></l></v></tfr></token><token id="711105" text="официальным"><tfr rev_id="3668208" t="официальным"><v><l id="220939" t="официальный"><g v="ADJF"></g><g v="plur"></g><g v="datv"></g></l></v></tfr></token><token id="711106" text="лицам"><tfr rev_id="3806312" t="лицам"><v><l id="150189" t="лицо"><g v="NOUN"></g><g v="anim"></g><g v="neut"></g><g v="plur"></g><g v="datv"></g></l></v></tfr></token><token id="711107" text=","><tfr rev_id="1542964" t=","><v><l id="0" t=","><g v="PNCT"></g></l></v></tfr></token><token id="711108" text="на"><tfr rev_id="3337438" t="на"><v><l id="166264" t="на"><g v="PREP"></g></l></v></tfr></token><token id="711109" text="состоявшемся"><tfr rev_id="3443276" t="состоявшемся"><v><l id="330570" t="состоявшийся"><g v="PRTF"></g><g v="perf"></g><g v="intr"></g><g v="past"></g><g v="actv"></g><g v="neut"></g><g v="sing"></g><g v="loct"></g></l></v></tfr></token><token id="711110" text="в"><tfr rev_id="1542967" t="в"><v><l id="37409" t="в"><g v="PREP"></g></l></v></tfr></token><token id="711111" text="субботу"><tfr rev_id="1542968" t="субботу"><v><l id="338556" t="суббота"><g v="NOUN"></g><g v="inan"></g><g v="femn"></g><g v="sing"></g><g v="accs"></g></l></v></tfr></token><token id="711112" text="заседании"><tfr rev_id="1542969" t="заседании"><v><l id="109402" t="заседание"><g v="NOUN"></g><g v="inan"></g><g v="neut"></g><g v="sing"></g><g v="loct"></g></l></v></tfr></token><token id="711113" text="некоего"><tfr rev_id="3881263" t="некоего"><v><l id="183295" t="некий"><g v="ADJF"></g><g v="Apro"></g><g v="masc"></g><g v="sing"></g><g v="gent"></g></l></v><v><l id="183295" t="некий"><g v="ADJF"></g><g v="Apro"></g><g v="anim"></g><g v="masc"></g><g v="sing"></g><g v="accs"></g></l></v></tfr></token><token id="711114" text="правительственного"><tfr rev_id="3448727" t="правительственного"><v><l id="265635" t="правительственный"><g v="ADJF"></g><g v="masc"></g><g v="sing"></g><g v="gent"></g></l></v><v><l id="265635" t="правительственный"><g v="ADJF"></g><g v="anim"></g><g v="masc"></g><g v="sing"></g><g v="accs"></g></l></v></tfr></token><token id="711115" text="комитета"><tfr rev_id="1542972" t="комитета"><v><l id="136923" t="комитет"><g v="NOUN"></g><g v="inan"></g><g v="masc"></g><g v="sing"></g><g v="gent"></g></l></v></tfr></token><token id="711116" text="было"><tfr rev_id="2780960" t="было"><v><l id="37265" t="есть"><g v="VERB"></g><g v="impf"></g><g v="intr"></g><g v="neut"></g><g v="sing"></g><g v="past"></g><g v="indc"></g></l></v></tfr></token><token id="711117" text="решено"><tfr rev_id="1542974" t="решено"><v><l id="307400" t="решён"><g v="PRTS"></g><g v="perf"></g><g v="past"></g><g v="pssv"></g><g v="neut"></g><g v="sing"></g></l></v></tfr></token><token id="711118" text="построить"><tfr rev_id="1542975" t="построить"><v><l id="262522" t="построить"><g v="INFN"></g><g v="perf"></g><g v="tran"></g></l></v></tfr></token><token id="711119" text="до"><tfr rev_id="1542976" t="до"><v><l id="85153" t="до"><g v="PREP"></g></l></v></tfr></token><token id="711120" text="500"><tfr rev_id="2463036" t="500"><v><l id="0" t="500"><g v="NUMB"></g></l></v></tfr></token><token id="711121" text="жилых"><tfr rev_id="3557899" t="жилых"><v><l id="97384" t="жилой"><g v="ADJF"></g><g v="plur"></g><g v="gent"></g></l></v></tfr></token><token id="711122" text="строений"><tfr rev_id="3753670" t="строений"><v><l id="337659" t="строение"><g v="NOUN"></g><g v="inan"></g><g v="neut"></g><g v="plur"></g><g v="gent"></g></l></v></tfr></token><token id="711123" text="на"><tfr rev_id="3341539" t="на"><v><l id="166264" t="на"><g v="PREP"></g></l></v></tfr></token><token id="711124" text="указанной"><tfr rev_id="4348115" t="указанной"><v><l id="355917" t="указанный"><g v="ADJF"></g><g v="femn"></g><g v="sing"></g><g v="gent"></g></l></v><v><l id="355917" t="указанный"><g v="ADJF"></g><g v="femn"></g><g v="sing"></g><g v="datv"></g></l></v><v><l id="355917" t="указанный"><g v="ADJF"></g><g v="femn"></g><g v="sing"></g><g v="ablt"></g></l></v><v><l id="355917" t="указанный"><g v="ADJF"></g><g v="femn"></g><g v="sing"></g><g v="loct"></g></l></v><v><l id="355927" t="указанный"><g v="PRTF"></g><g v="perf"></g><g v="tran"></g><g v="past"></g><g v="pssv"></g><g v="femn"></g><g v="sing"></g><g v="gent"></g></l></v><v><l id="355927" t="указанный"><g v="PRTF"></g><g v="perf"></g><g v="tran"></g><g v="past"></g><g v="pssv"></g><g v="femn"></g><g v="sing"></g><g v="datv"></g></l></v><v><l id="355927" t="указанный"><g v="PRTF"></g><g v="perf"></g><g v="tran"></g><g v="past"></g><g v="pssv"></g><g v="femn"></g><g v="sing"></g><g v="ablt"></g></l></v><v><l id="355927" t="указанный"><g v="PRTF"></g><g v="perf"></g><g v="tran"></g><g v="past"></g><g v="pssv"></g><g v="femn"></g><g v="sing"></g><g v="loct"></g></l></v></tfr></token><token id="711125" text="территории"><tfr rev_id="4269991" t="территории"><v><l id="345621" t="территория"><g v="NOUN"></g><g v="inan"></g><g v="femn"></g><g v="sing"></g><g v="loct"></g></l></v></tfr></token><token id="711126" text="."><tfr rev_id="1542983" t="."><v><l id="0" t="."><g v="PNCT"></g></l></v></tfr></token></tokens></sentence><sentence id="39988"><source>Все эти новые строения должны находиться в границах уже существующих поселений.</source><tokens><token id="711127" text="Все"><tfr rev_id="4512112" t="Все"><v><l id="42156" t="весь"><g v="ADJF"></g><g v="Subx"></g><g v="Apro"></g><g v="inan"></g><g v="plur"></g><g v="accs"></g></l></v><v><l id="42156" t="весь"><g v="ADJF"></g><g v="Subx"></g><g v="Apro"></g><g v="plur"></g><g v="nomn"></g></l></v></tfr></token><token id="711128" text="эти"><tfr rev_id="4446193" t="эти"><v><l id="386581" t="этот"><g v="ADJF"></g><g v="Subx"></g><g v="Apro"></g><g v="Anph"></g><g v="plur"></g><g v="nomn"></g></l></v></tfr></token><token id="711129" text="новые"><tfr rev_id="4262597" t="новые"><v><l id="191918" t="новый"><g v="ADJF"></g><g v="Qual"></g><g v="plur"></g><g v="nomn"></g></l></v><v><l id="191918" t="новый"><g v="ADJF"></g><g v="Qual"></g><g v="inan"></g><g v="plur"></g><g v="accs"></g></l></v></tfr></token><token id="711130" text="строения"><tfr rev_id="3761699" t="строения"><v><l id="337659" t="строение"><g v="NOUN"></g><g v="inan"></g><g v="neut"></g><g v="plur"></g><g v="nomn"></g></l></v></tfr></token><token id="711131" text="должны"><tfr rev_id="2559346" t="должны"><v><l id="87975" t="должен"><g v="ADJS"></g><g v="plur"></g></l></v></tfr></token><token id="711132" text="находиться"><tfr rev_id="1542989" t="находиться"><v><l id="177899" t="находиться"><g v="INFN"></g><g v="impf"></g><g v="intr"></g></l></v><v><l id="177904" t="находиться"><g v="INFN"></g><g v="perf"></g><g v="intr"></g></l></v></tfr></token><token id="711133" text="в"><tfr rev_id="1542990" t="в"><v><l id="37409" t="в"><g v="PREP"></g></l></v></tfr></token><token id="711134" text="границах"><tfr rev_id="1542991" t="границах"><v><l id="74687" t="граница"><g v="NOUN"></g><g v="inan"></g><g v="femn"></g><g v="plur"></g><g v="loct"></g></l></v></tfr></token><token id="711135" text="уже"><tfr rev_id="2692941" t="уже"><v><l id="355422" t="уж"><g v="NOUN"></g><g v="anim"></g><g v="masc"></g><g v="sing"></g><g v="loct"></g></l></v><v><l id="355498" t="уже"><g v="ADVB"></g></l></v><v><l id="355674" t="уже"><g v="COMP"></g><g v="Qual"></g></l></v><v><l id="388673" t="уже"><g v="PRCL"></g></l></v></tfr></token><token id="711136" text="существующих"><tfr rev_id="1542993" t="существующих"><v><l id="340486" t="существующий"><g v="PRTF"></g><g v="impf"></g><g v="intr"></g><g v="pres"></g><g v="actv"></g><g v="plur"></g><g v="gent"></g></l></v><v><l id="340486" t="существующий"><g v="PRTF"></g><g v="impf"></g><g v="intr"></g><g v="pres"></g><g v="actv"></g><g v="anim"></g><g v="plur"></g><g v="accs"></g></l></v><v><l id="340486" t="существующий"><g v="PRTF"></g><g v="impf"></g><g v="intr"></g><g v="pres"></g><g v="actv"></g><g v="plur"></g><g v="loct"></g></l></v><v><l id="340489" t="существующий"><g v="ADJF"></g><g v="plur"></g><g v="gent"></g></l></v><v><l id="340489" t="существующий"><g v="ADJF"></g><g v="anim"></g><g v="plur"></g><g v="accs"></g></l></v><v><l id="340489" t="существующий"><g v="ADJF"></g><g v="plur"></g><g v="loct"></g></l></v></tfr></token><token id="711137" text="поселений"><tfr rev_id="1542994" t="поселений"><v><l id="261205" t="поселение"><g v="NOUN"></g><g v="inan"></g><g v="neut"></g><g v="plur"></g><g v="gent"></g></l></v></tfr></token><token id="711138" text="."><tfr rev_id="1542995" t="."><v><l id="0" t="."><g v="PNCT"></g></l></v></tfr></token></tokens></sentence><sentence id="39989"><source>При этом всё это планируется делать только в тех районах, которые наверняка останутся за Израилем даже в случае заключения какого-либо возможного мирного договора с Палестинской Автономией.</source><tokens><token id="711139" text="При"><tfr rev_id="2605089" t="При"><v><l id="268625" t="при"><g v="PREP"></g></l></v></tfr></token><token id="711140" text="этом"><tfr rev_id="4477237" t="этом"><v><l id="386575" t="это"><g v="NPRO"></g><g v="neut"></g><g v="sing"></g><g v="loct"></g></l></v></tfr></token><token id="711141" text="всё"><tfr rev_id="4504644" t="всё"><v><l id="42156" t="весь"><g v="ADJF"></g><g v="Subx"></g><g v="Apro"></g><g v="neut"></g><g v="sing"></g><g v="accs"></g></l></v><v><l id="42156" t="весь"><g v="ADJF"></g><g v="Subx"></g><g v="Apro"></g><g v="neut"></g><g v="sing"></g><g v="nomn"></g></l></v></tfr></token><token id="711142" text="это"><tfr rev_id="4497557" t="это"><v><l id="386575" t="это"><g v="NPRO"></g><g v="neut"></g><g v="sing"></g><g v="nomn"></g></l></v><v><l id="386575" t="это"><g v="NPRO"></g><g v="neut"></g><g v="sing"></g><g v="accs"></g></l></v></tfr></token><token id="711143" text="планируется"><tfr rev_id="1543000" t="планируется"><v><l id="239722" t="планируюсь"><g v="VERB"></g><g v="impf"></g><g v="intr"></g><g v="sing"></g><g v="3per"></g><g v="pres"></g><g v="indc"></g></l></v></tfr></token><token id="711144" text="делать"><tfr rev_id="1543001" t="делать"><v><l id="80527" t="делать"><g v="INFN"></g><g v="impf"></g><g v="tran"></g></l></v></tfr></token><token id="711145" text="только"><tfr rev_id="3784234" t="только"><v><l id="347395" t="только"><g v="CONJ"></g></l></v><v><l id="347396" t="только"><g v="PRCL"></g></l></v><v><l id="390053" t="только"><g v="ADVB"></g></l></v></tfr></token><token id="711146" text="в"><tfr rev_id="1543003" t="в"><v><l id="37409" t="в"><g v="PREP"></g></l></v></tfr></token><token id="711147" text="тех"><tfr rev_id="3780512" t="тех"><v><l id="348430" t="тот"><g v="ADJF"></g><g v="Subx"></g><g v="Apro"></g><g v="Anph"></g><g v="plur"></g><g v="loct"></g></l></v></tfr></token><token id="711148" text="районах"><tfr rev_id="1543005" t="районах"><v><l id="297595" t="район"><g v="NOUN"></g><g v="inan"></g><g v="masc"></g><g v="plur"></g><g v="loct"></g></l></v></tfr></token><token id="711149" text=","><tfr rev_id="1543006" t=","><v><l id="0" t=","><g v="PNCT"></g></l></v></tfr></token><token id="711150" text="которые"><tfr rev_id="4085405" t="которые"><v><l id="141203" t="который"><g v="ADJF"></g><g v="Apro"></g><g v="Subx"></g><g v="Anph"></g><g v="plur"></g><g v="nomn"></g></l></v></tfr></token><token id="711151" text="наверняка"><tfr rev_id="3367557" t="наверняка"><v><l id="167071" t="наверняка"><g v="ADVB"></g></l></v><v><l id="167072" t="наверняка"><g v="CONJ"></g><g v="Prnt"></g></l></v></tfr></token><token id="711152" text="останутся"><tfr rev_id="1543009" t="останутся"><v><l id="210896" t="остался"><g v="VERB"></g><g v="perf"></g><g v="intr"></g><g v="plur"></g><g v="3per"></g><g v="futr"></g><g v="indc"></g></l></v></tfr></token><token id="711153" text="за"><tfr rev_id="1543010" t="за"><v><l id="98043" t="за"><g v="PREP"></g></l></v></tfr></token><token id="711154" text="Израилем"><tfr rev_id="4331755" t="Израилем"><v><l id="120470" t="израиль"><g v="NOUN"></g><g v="inan"></g><g v="masc"></g><g v="Sgtm"></g><g v="Geox"></g><g v="sing"></g><g v="ablt"></g></l></v></tfr></token><token id="711155" text="даже"><tfr rev_id="4079207" t="даже"><v><l id="77849" t="даже"><g v="PRCL"></g></l></v></tfr></token><token id="711156" text="в"><tfr rev_id="1543013" t="в"><v><l id="37409" t="в"><g v="PREP"></g></l></v></tfr></token><token id="711157" text="случае"><tfr rev_id="1543014" t="случае"><v><l id="325472" t="случай"><g v="NOUN"></g><g v="inan"></g><g v="masc"></g><g v="sing"></g><g v="loct"></g></l></v></tfr></token><token id="711158" text="заключения"><tfr rev_id="3487120" t="заключения"><v><l id="103480" t="заключение"><g v="NOUN"></g><g v="inan"></g><g v="neut"></g><g v="sing"></g><g v="gent"></g></l></v></tfr></token><token id="711159" text="какого-либо"><tfr rev_id="4165315" t="какого-либо"><v><l id="128225" t="какой-либо"><g v="ADJF"></g><g v="Apro"></g><g v="masc"></g><g v="sing"></g><g v="gent"></g></l></v><v><l id="128225" t="какой-либо"><g v="ADJF"></g><g v="Apro"></g><g v="anim"></g><g v="masc"></g><g v="sing"></g><g v="accs"></g></l></v></tfr></token><token id="711160" text="возможного"><tfr rev_id="3481775" t="возможного"><v><l id="49411" t="возможный"><g v="ADJF"></g><g v="Qual"></g><g v="masc"></g><g v="sing"></g><g v="gent"></g></l></v><v><l id="49411" t="возможный"><g v="ADJF"></g><g v="Qual"></g><g v="anim"></g><g v="masc"></g><g v="sing"></g><g v="accs"></g></l></v></tfr></token><token id="711161" text="мирного"><tfr rev_id="1543018" t="мирного"><v><l id="160882" t="мирный"><g v="NOUN"></g><g v="inan"></g><g v="masc"></g><g v="Sgtm"></g><g v="Geox"></g><g v="sing"></g><g v="gent"></g></l></v><v><l id="160883" t="мирный"><g v="ADJF"></g><g v="Qual"></g><g v="masc"></g><g v="sing"></g><g v="gent"></g></l></v><v><l id="160883" t="мирный"><g v="ADJF"></g><g v="Qual"></g><g v="anim"></g><g v="masc"></g><g v="sing"></g><g v="accs"></g></l></v><v><l id="160883" t="мирный"><g v="ADJF"></g><g v="Qual"></g><g v="neut"></g><g v="sing"></g><g v="gent"></g></l></v></tfr></token><token id="711162" text="договора"><tfr rev_id="3496053" t="договора"><v><l id="86267" t="договор"><g v="NOUN"></g><g v="inan"></g><g v="masc"></g><g v="sing"></g><g v="gent"></g></l></v></tfr></token><token id="711163" text="с"><tfr rev_id="1543020" t="с"><v><l id="311151" t="с"><g v="PREP"></g></l></v></tfr></token><token id="711164" text="Палестинской"><tfr rev_id="4170957" t="Палестинской"><v><l id="222903" t="палестинский"><g v="ADJF"></g><g v="femn"></g><g v="sing"></g><g v="ablt"></g></l></v></tfr></token><token id="711165" text="Автономией"><tfr rev_id="1543022" t="Автономией"><v><l id="3302" t="автономия"><g v="NOUN"></g><g v="inan"></g><g v="femn"></g><g v="sing"></g><g v="ablt"></g></l></v></tfr></token><token id="711166" text="."><tfr rev_id="1543023" t="."><v><l id="0" t="."><g v="PNCT"></g></l></v></tfr></token></tokens></sentence></paragraph><paragraph id="12871"><sentence id="39990"><source>Представитель палестинской стороны заявляет, что решение Израиля «неверно, неприемлемо и только создаст новые проблемы».</source><tokens><token id="711167" text="Представитель"><tfr rev_id="1543024" t="Представитель"><v><l id="267083" t="представитель"><g v="NOUN"></g><g v="anim"></g><g v="masc"></g><g v="sing"></g><g v="nomn"></g></l></v></tfr></token><token id="711168" text="палестинской"><tfr rev_id="4425498" t="палестинской"><v><l id="222903" t="палестинский"><g v="ADJF"></g><g v="femn"></g><g v="sing"></g><g v="gent"></g></l></v></tfr></token><token id="711169" text="стороны"><tfr rev_id="3480467" t="стороны"><v><l id="336894" t="сторона"><g v="NOUN"></g><g v="inan"></g><g v="femn"></g><g v="sing"></g><g v="gent"></g></l></v></tfr></token><token id="711170" text="заявляет"><tfr rev_id="1543027" t="заявляет"><v><l id="114312" t="заявляю"><g v="VERB"></g><g v="impf"></g><g v="tran"></g><g v="sing"></g><g v="3per"></g><g v="pres"></g><g v="indc"></g></l></v></tfr></token><token id="711171" text=","><tfr rev_id="1543028" t=","><v><l id="0" t=","><g v="PNCT"></g></l></v></tfr></token><token id="711172" text="что"><tfr rev_id="3197866" t="что"><v><l id="377004" t="что"><g v="CONJ"></g></l></v><v><l id="377005" t="что"><g v="NPRO"></g><g v="neut"></g><g v="sing"></g><g v="nomn"></g></l></v><v><l id="377005" t="что"><g v="NPRO"></g><g v="neut"></g><g v="sing"></g><g v="accs"></g></l></v><v><l id="377006" t="что"><g v="ADVB"></g><g v="Ques"></g></l></v><v><l id="388695" t="что"><g v="PRCL"></g></l></v></tfr></token><token id="711173" text="решение"><tfr rev_id="3549734" t="решение"><v><l id="307350" t="решение"><g v="NOUN"></g><g v="inan"></g><g v="neut"></g><g v="sing"></g><g v="nomn"></g></l></v></tfr></token><token id="711174" text="Израиля"><tfr rev_id="4397432" t="Израиля"><v><l id="120470" t="израиль"><g v="NOUN"></g><g v="inan"></g><g v="masc"></g><g v="Sgtm"></g><g v="Geox"></g><g v="sing"></g><g v="gent"></g></l></v><v><l id="120471" t="израиль"><g v="NOUN"></g><g v="anim"></g><g v="masc"></g><g v="Name"></g><g v="sing"></g><g v="gent"></g></l></v></tfr></token><token id="711175" text="«"><tfr rev_id="2447584" t="«"><v><l id="0" t="«"><g v="PNCT"></g></l></v></tfr></token><token id="711176" text="неверно"><tfr rev_id="1543033" t="неверно"><v><l id="179663" t="неверно"><g v="ADVB"></g></l></v><v><l id="179668" t="неверен"><g v="ADJS"></g><g v="neut"></g><g v="sing"></g></l></v></tfr></token><token id="711177" text=","><tfr rev_id="1543034" t=","><v><l id="0" t=","><g v="PNCT"></g></l></v></tfr></token><token id="711178" text="неприемлемо"><tfr rev_id="1543035" t="неприемлемо"><v><l id="186595" t="неприемлемо"><g v="ADVB"></g></l></v><v><l id="186598" t="неприемлем"><g v="ADJS"></g><g v="Qual"></g><g v="neut"></g><g v="sing"></g></l></v></tfr></token><token id="711179" text="и"><tfr rev_id="4164488" t="и"><v><l id="116949" t="и"><g v="CONJ"></g></l></v></tfr></token><token id="711180" text="только"><tfr rev_id="3784235" t="только"><v><l id="347395" t="только"><g v="CONJ"></g></l></v><v><l id="347396" t="только"><g v="PRCL"></g></l></v><v><l id="390053" t="только"><g v="ADVB"></g></l></v></tfr></token><token id="711181" text="создаст"><tfr rev_id="1543038" t="создаст"><v><l id="328585" t="создал"><g v="VERB"></g><g v="perf"></g><g v="tran"></g><g v="sing"></g><g v="3per"></g><g v="futr"></g><g v="indc"></g></l></v></tfr></token><token id="711182" text="новые"><tfr rev_id="4467949" t="новые"><v><l id="191918" t="новый"><g v="ADJF"></g><g v="Qual"></g><g v="inan"></g><g v="plur"></g><g v="accs"></g></l></v></tfr></token><token id="711183" text="проблемы"><tfr rev_id="3794248" t="проблемы"><v><l id="277255" t="проблема"><g v="NOUN"></g><g v="inan"></g><g v="femn"></g><g v="plur"></g><g v="accs"></g></l></v></tfr></token><token id="711184" text="»"><tfr rev_id="2447585" t="»"><v><l id="0" t="»"><g v="PNCT"></g></l></v></tfr></token><token id="711185" text="."><tfr rev_id="1543042" t="."><v><l id="0" t="."><g v="PNCT"></g></l></v></tfr></token></tokens></sentence><sentence id="39991"><source>Создание Израилем поселений на «арабских» землях вообще часто подвергается критике.</source><tokens><token id="711186" text="Создание"><tfr rev_id="4571607" t="Создание"><v><l id="328580" t="создание"><g v="NOUN"></g><g v="inan"></g><g v="neut"></g><g v="Inmx"></g><g v="sing"></g><g v="nomn"></g></l></v></tfr></token><token id="711187" text="Израилем"><tfr rev_id="4337661" t="Израилем"><v><l id="120470" t="израиль"><g v="NOUN"></g><g v="inan"></g><g v="masc"></g><g v="Sgtm"></g><g v="Geox"></g><g v="sing"></g><g v="ablt"></g></l></v></tfr></token><token id="711188" text="поселений"><tfr rev_id="1543045" t="поселений"><v><l id="261205" t="поселение"><g v="NOUN"></g><g v="inan"></g><g v="neut"></g><g v="plur"></g><g v="gent"></g></l></v></tfr></token><token id="711189" text="на"><tfr rev_id="3337140" t="на"><v><l id="166264" t="на"><g v="PREP"></g></l></v></tfr></token><token id="711190" text="«"><tfr rev_id="2447586" t="«"><v><l id="0" t="«"><g v="PNCT"></g></l></v></tfr></token><token id="711191" text="арабских"><tfr rev_id="4312835" t="арабских"><v><l id="15610" t="арабский"><g v="ADJF"></g><g v="plur"></g><g v="loct"></g></l></v></tfr></token><token id="711192" text="»"><tfr rev_id="2447587" t="»"><v><l id="0" t="»"><g v="PNCT"></g></l></v></tfr></token><token id="711193" text="землях"><tfr rev_id="1543050" t="землях"><v><l id="115091" t="земля"><g v="NOUN"></g><g v="inan"></g><g v="femn"></g><g v="plur"></g><g v="loct"></g></l></v></tfr></token><token id="711194" text="вообще"><tfr rev_id="4339774" t="вообще"><v><l id="50733" t="вообще"><g v="ADVB"></g></l></v></tfr></token><token id="711195" text="часто"><tfr rev_id="1543052" t="часто"><v><l id="374798" t="часто"><g v="ADVB"></g></l></v><v><l id="374818" t="част"><g v="ADJS"></g><g v="Qual"></g><g v="neut"></g><g v="sing"></g></l></v></tfr></token><token id="711196" text="подвергается"><tfr rev_id="1543053" t="подвергается"><v><l id="244348" t="подвергаюсь"><g v="VERB"></g><g v="impf"></g><g v="intr"></g><g v="sing"></g><g v="3per"></g><g v="pres"></g><g v="indc"></g></l></v></tfr></token><token id="711197" text="критике"><tfr rev_id="3446834" t="критике"><v><l id="142954" t="критика"><g v="NOUN"></g><g v="inan"></g><g v="femn"></g><g v="sing"></g><g v="datv"></g></l></v></tfr></token><token id="711198" text="."><tfr rev_id="1543055" t="."><v><l id="0" t="."><g v="PNCT"></g></l></v></tfr></token></tokens></sentence><sentence id="39992"><source>В феврале 14 из 15 членов Совета Безопасности ООН (т.е. все члены Совбеза за исключением США) поддержали резолюцию, требующую от Израиля прекратить дальнейшее расширение поселений.</source><tokens><token id="711199" text="В"><tfr rev_id="1543056" t="В"><v><l id="37409" t="в"><g v="PREP"></g></l></v></tfr></token><token id="711200" text="феврале"><tfr rev_id="1543057" t="феврале"><v><l id="364920" t="февраль"><g v="NOUN"></g><g v="inan"></g><g v="masc"></g><g v="sing"></g><g v="loct"></g></l></v></tfr></token><token id="711201" text="14"><tfr rev_id="2463037" t="14"><v><l id="0" t="14"><g v="NUMB"></g></l></v></tfr></token><token id="711202" text="из"><tfr rev_id="2604360" t="из"><v><l id="117677" t="из"><g v="PREP"></g></l></v></tfr></token><token id="711203" text="15"><tfr rev_id="2463038" t="15"><v><l id="0" t="15"><g v="NUMB"></g></l></v></tfr></token><token id="711204" text="членов"><tfr rev_id="2866616" t="членов"><v><l id="376827" t="член"><g v="NOUN"></g><g v="anim"></g><g v="masc"></g><g v="plur"></g><g v="gent"></g></l></v><v><l id="376828" t="член"><g v="NOUN"></g><g v="inan"></g><g v="masc"></g><g v="plur"></g><g v="gent"></g></l></v></tfr></token><token id="711205" text="Совета"><tfr rev_id="1543062" t="Совета"><v><l id="327955" t="совет"><g v="NOUN"></g><g v="inan"></g><g v="masc"></g><g v="sing"></g><g v="gent"></g></l></v></tfr></token><token id="711206" text="Безопасности"><tfr rev_id="1543063" t="Безопасности"><v><l id="26215" t="безопасность"><g v="NOUN"></g><g v="inan"></g><g v="femn"></g><g v="sing"></g><g v="gent"></g></l></v><v><l id="26215" t="безопасность"><g v="NOUN"></g><g v="inan"></g><g v="femn"></g><g v="sing"></g><g v="datv"></g></l></v><v><l id="26215" t="безопасность"><g v="NOUN"></g><g v="inan"></g><g v="femn"></g><g v="sing"></g><g v="loct"></g></l></v><v><l id="26215" t="безопасность"><g v="NOUN"></g><g v="inan"></g><g v="femn"></g><g v="plur"></g><g v="nomn"></g></l></v><v><l id="26215" t="безопасность"><g v="NOUN"></g><g v="inan"></g><g v="femn"></g><g v="plur"></g><g v="accs"></g></l></v></tfr></token><token id="711207" text="ООН"><tfr rev_id="4138835" t="ООН"><v><l id="206695" t="оон"><g v="NOUN"></g><g v="inan"></g><g v="femn"></g><g v="Sgtm"></g><g v="Fixd"></g><g v="Abbr"></g><g v="Orgn"></g><g v="sing"></g><g v="gent"></g></l></v></tfr></token><token id="711208" text="("><tfr rev_id="1543065" t="("><v><l id="0" t="("><g v="PNCT"></g></l></v></tfr></token><token id="711209" text="т"><tfr rev_id="4305788" t="т"><v><l id="346835" t="то"><g v="CONJ"></g><g v="Abbr"></g></l></v></tfr></token><token id="711210" text="."><tfr rev_id="1543067" t="."><v><l id="0" t="."><g v="PNCT"></g></l></v></tfr></token><token id="711211" text="е"><tfr rev_id="4574666" t="е"><v><l id="37265" t="есть"><g v="VERB"></g><g v="impf"></g><g v="intr"></g><g v="sing"></g><g v="Abbr"></g><g v="3per"></g><g v="pres"></g><g v="indc"></g></l></v></tfr></token><token id="711212" text="."><tfr rev_id="1543069" t="."><v><l id="0" t="."><g v="PNCT"></g></l></v></tfr></token><token id="711213" text="все"><tfr rev_id="4500067" t="все"><v><l id="42156" t="весь"><g v="ADJF"></g><g v="Subx"></g><g v="Apro"></g><g v="inan"></g><g v="plur"></g><g v="accs"></g></l></v><v><l id="42156" t="весь"><g v="ADJF"></g><g v="Subx"></g><g v="Apro"></g><g v="plur"></g><g v="nomn"></g></l></v></tfr></token><token id="711214" text="члены"><tfr rev_id="4282652" t="члены"><v><l id="376827" t="член"><g v="NOUN"></g><g v="anim"></g><g v="masc"></g><g v="plur"></g><g v="nomn"></g></l></v></tfr></token><token id="711215" text="Совбеза"><tfr rev_id="1543072" t="Совбеза"><v><l id="327879" t="совбез"><g v="NOUN"></g><g v="inan"></g><g v="masc"></g><g v="Sgtm"></g><g v="Orgn"></g><g v="sing"></g><g v="gent"></g></l></v></tfr></token><token id="711216" text="за"><tfr rev_id="1543073" t="за"><v><l id="98043" t="за"><g v="PREP"></g></l></v></tfr></token><token id="711217" text="исключением"><tfr rev_id="1543074" t="исключением"><v><l id="124356" t="исключение"><g v="NOUN"></g><g v="inan"></g><g v="neut"></g><g v="sing"></g><g v="ablt"></g></l></v></tfr></token><token id="711218" text="США"><tfr rev_id="4572925" t="США"><v><l id="341371" t="сша"><g v="NOUN"></g><g v="inan"></g><g v="GNdr"></g><g v="Pltm"></g><g v="Fixd"></g><g v="Abbr"></g><g v="Geox"></g><g v="plur"></g><g v="gent"></g></l></v></tfr></token><token id="711219" text=")"><tfr rev_id="1543076" t=")"><v><l id="0" t=")"><g v="PNCT"></g></l></v></tfr></token><token id="711220" text="поддержали"><tfr rev_id="1543077" t="поддержали"><v><l id="245396" t="поддержал"><g v="VERB"></g><g v="perf"></g><g v="tran"></g><g v="plur"></g><g v="past"></g><g v="indc"></g></l></v></tfr></token><token id="711221" text="резолюцию"><tfr rev_id="1543078" t="резолюцию"><v><l id="305353" t="резолюция"><g v="NOUN"></g><g v="inan"></g><g v="femn"></g><g v="sing"></g><g v="accs"></g></l></v></tfr></token><token id="711222" text=","><tfr rev_id="1543079" t=","><v><l id="0" t=","><g v="PNCT"></g></l></v></tfr></token><token id="711223" text="требующую"><tfr rev_id="1543080" t="требующую"><v><l id="349469" t="требующий"><g v="PRTF"></g><g v="impf"></g><g v="tran"></g><g v="pres"></g><g v="actv"></g><g v="femn"></g><g v="sing"></g><g v="accs"></g></l></v></tfr></token><token id="711224" text="от"><tfr rev_id="1543081" t="от"><v><l id="211644" t="от"><g v="PREP"></g></l></v></tfr></token><token id="711225" text="Израиля"><tfr rev_id="4317684" t="Израиля"><v><l id="120470" t="израиль"><g v="NOUN"></g><g v="inan"></g><g v="masc"></g><g v="Sgtm"></g><g v="Geox"></g><g v="sing"></g><g v="gent"></g></l></v></tfr></token><token id="711226" text="прекратить"><tfr rev_id="1543083" t="прекратить"><v><l id="267594" t="прекратить"><g v="INFN"></g><g v="perf"></g><g v="tran"></g></l></v></tfr></token><token id="711227" text="дальнейшее"><tfr rev_id="1543084" t="дальнейшее"><v><l id="77996" t="дальнейший"><g v="ADJF"></g><g v="neut"></g><g v="sing"></g><g v="nomn"></g></l></v><v><l id="77996" t="дальнейший"><g v="ADJF"></g><g v="neut"></g><g v="sing"></g><g v="accs"></g></l></v></tfr></token><token id="711228" text="расширение"><tfr rev_id="3301020" t="расширение"><v><l id="303635" t="расширение"><g v="NOUN"></g><g v="inan"></g><g v="neut"></g><g v="sing"></g><g v="accs"></g></l></v></tfr></token><token id="711229" text="поселений"><tfr rev_id="1543086" t="поселений"><v><l id="261205" t="поселение"><g v="NOUN"></g><g v="inan"></g><g v="neut"></g><g v="plur"></g><g v="gent"></g></l></v></tfr></token><token id="711230" text="."><tfr rev_id="1543087" t="."><v><l id="0" t="."><g v="PNCT"></g></l></v></tfr></token></tokens></sentence></paragraph><paragraph id="12872"><sentence id="39993"><source>Заявление же Израиля о строительстве нового жилья в поселениях последовало буквально через несколько дней после того, как в пятницу вечером 5 израильтян были зарезаны в результате нападения террористов, предположительно палестинских.</source><tokens><token id="711231" text="Заявление"><tfr rev_id="1543088" t="Заявление"><v><l id="114311" t="заявление"><g v="NOUN"></g><g v="inan"></g><g v="neut"></g><g v="sing"></g><g v="nomn"></g></l></v><v><l id="114311" t="заявление"><g v="NOUN"></g><g v="inan"></g><g v="neut"></g><g v="sing"></g><g v="accs"></g></l></v></tfr></token><token id="711232" text="же"><tfr rev_id="1543089" t="же"><v><l id="96208" t="же"><g v="CONJ"></g></l></v><v><l id="96209" t="же"><g v="PRCL"></g></l></v></tfr></token><token id="711233" text="Израиля"><tfr rev_id="3467459" t="Израиля"><v><l id="120470" t="израиль"><g v="NOUN"></g><g v="inan"></g><g v="masc"></g><g v="Sgtm"></g><g v="Geox"></g><g v="sing"></g><g v="gent"></g></l></v></tfr></token><token id="711234" text="о"><tfr rev_id="3328983" t="о"><v><l id="192977" t="о"><g v="PREP"></g></l></v></tfr></token><token id="711235" text="строительстве"><tfr rev_id="1543092" t="строительстве"><v><l id="337671" t="строительство"><g v="NOUN"></g><g v="inan"></g><g v="neut"></g><g v="sing"></g><g v="loct"></g></l></v></tfr></token><token id="711236" text="нового"><tfr rev_id="4536480" t="нового"><v><l id="191918" t="новый"><g v="ADJF"></g><g v="Qual"></g><g v="masc"></g><g v="sing"></g><g v="gent"></g></l></v><v><l id="191918" t="новый"><g v="ADJF"></g><g v="Qual"></g><g v="neut"></g><g v="sing"></g><g v="gent"></g></l></v></tfr></token><token id="711237" text="жилья"><tfr rev_id="1543094" t="жилья"><v><l id="97400" t="жильё"><g v="NOUN"></g><g v="inan"></g><g v="neut"></g><g v="Sgtm"></g><g v="sing"></g><g v="gent"></g></l></v></tfr></token><token id="711238" text="в"><tfr rev_id="1543095" t="в"><v><l id="37409" t="в"><g v="PREP"></g></l></v></tfr></token><token id="711239" text="поселениях"><tfr rev_id="1543096" t="поселениях"><v><l id="261205" t="поселение"><g v="NOUN"></g><g v="inan"></g><g v="neut"></g><g v="plur"></g><g v="loct"></g></l></v></tfr></token><token id="711240" text="последовало"><tfr rev_id="1543097" t="последовало"><v><l id="261579" t="последовал"><g v="VERB"></g><g v="perf"></g><g v="intr"></g><g v="neut"></g><g v="sing"></g><g v="past"></g><g v="indc"></g></l></v></tfr></token><token id="711241" text="буквально"><tfr rev_id="1543098" t="буквально"><v><l id="35367" t="буквально"><g v="ADVB"></g></l></v><v><l id="35370" t="буквален"><g v="ADJS"></g><g v="Qual"></g><g v="neut"></g><g v="sing"></g></l></v></tfr></token><token id="711242" text="через"><tfr rev_id="1543099" t="через"><v><l id="375333" t="через"><g v="PREP"></g></l></v></tfr></token><token id="711243" text="несколько"><tfr rev_id="4177864" t="несколько"><v><l id="188126" t="несколько"><g v="NUMR"></g><g v="nomn"></g></l></v><v><l id="188126" t="несколько"><g v="NUMR"></g><g v="inan"></g><g v="accs"></g></l></v></tfr></token><token id="711244" text="дней"><tfr rev_id="1543101" t="дней"><v><l id="81427" t="день"><g v="NOUN"></g><g v="inan"></g><g v="masc"></g><g v="plur"></g><g v="gent"></g></l></v></tfr></token><token id="711245" text="после"><tfr rev_id="4292108" t="после"><v><l id="261542" t="после"><g v="PREP"></g></l></v></tfr></token><token id="711246" text="того"><tfr rev_id="4412297" t="того"><v><l id="348430" t="тот"><g v="ADJF"></g><g v="Subx"></g><g v="Apro"></g><g v="Anph"></g><g v="neut"></g><g v="sing"></g><g v="gent"></g></l></v></tfr></token><token id="711247" text=","><tfr rev_id="1543104" t=","><v><l id="0" t=","><g v="PNCT"></g></l></v></tfr></token><token id="711248" text="как"><tfr rev_id="1543105" t="как"><v><l id="128190" t="как"><g v="CONJ"></g></l></v><v><l id="128191" t="как"><g v="PRCL"></g></l></v><v><l id="128192" t="как"><g v="ADVB"></g><g v="Ques"></g></l></v></tfr></token><token id="711249" text="в"><tfr rev_id="1543106" t="в"><v><l id="37409" t="в"><g v="PREP"></g></l></v></tfr></token><token id="711250" text="пятницу"><tfr rev_id="1543107" t="пятницу"><v><l id="290408" t="пятница"><g v="NOUN"></g><g v="inan"></g><g v="femn"></g><g v="sing"></g><g v="accs"></g></l></v></tfr></token><token id="711251" text="вечером"><tfr rev_id="4256176" t="вечером"><v><l id="42391" t="вечером"><g v="ADVB"></g></l></v></tfr></token><token id="711252" text="5"><tfr rev_id="2463039" t="5"><v><l id="0" t="5"><g v="NUMB"></g></l></v></tfr></token><token id="711253" text="израильтян"><tfr rev_id="4459085" t="израильтян"><v><l id="120476" t="израильтянин"><g v="NOUN"></g><g v="anim"></g><g v="masc"></g><g v="plur"></g><g v="gent"></g></l></v></tfr></token><token id="711254" text="были"><tfr rev_id="1714448" t="были"><v><l id="37265" t="есть"><g v="VERB"></g><g v="impf"></g><g v="intr"></g><g v="plur"></g><g v="past"></g><g v="indc"></g></l></v></tfr></token><token id="711255" text="зарезаны"><tfr rev_id="1543112" t="зарезаны"><v><l id="108656" t="зарезан"><g v="PRTS"></g><g v="impf"></g><g v="past"></g><g v="pssv"></g><g v="plur"></g></l></v><v><l id="108662" t="зарезан"><g v="PRTS"></g><g v="perf"></g><g v="past"></g><g v="pssv"></g><g v="plur"></g></l></v></tfr></token><token id="711256" text="в"><tfr rev_id="1543113" t="в"><v><l id="37409" t="в"><g v="PREP"></g></l></v></tfr></token><token id="711257" text="результате"><tfr rev_id="1543114" t="результате"><v><l id="305391" t="результат"><g v="NOUN"></g><g v="inan"></g><g v="masc"></g><g v="sing"></g><g v="loct"></g></l></v></tfr></token><token id="711258" text="нападения"><tfr rev_id="2606085" t="нападения"><v><l id="173117" t="нападение"><g v="NOUN"></g><g v="inan"></g><g v="neut"></g><g v="sing"></g><g v="gent"></g></l></v></tfr></token><token id="711259" text="террористов"><tfr rev_id="4358869" t="террористов"><v><l id="345654" t="террорист"><g v="NOUN"></g><g v="anim"></g><g v="masc"></g><g v="plur"></g><g v="gent"></g></l></v></tfr></token><token id="711260" text=","><tfr rev_id="1543117" t=","><v><l id="0" t=","><g v="PNCT"></g></l></v></tfr></token><token id="711261" text="предположительно"><tfr rev_id="3654783" t="предположительно"><v><l id="266826" t="предположительно"><g v="ADVB"></g></l></v><v><l id="266829" t="предположителен"><g v="ADJS"></g><g v="neut"></g><g v="sing"></g></l></v><v><l id="389083" t="предположительно"><g v="CONJ"></g><g v="Prnt"></g></l></v></tfr></token><token id="711262" text="палестинских"><tfr rev_id="4356903" t="палестинских"><v><l id="222903" t="палестинский"><g v="ADJF"></g><g v="plur"></g><g v="gent"></g></l></v></tfr></token><token id="711263" text="."><tfr rev_id="1543120" t="."><v><l id="0" t="."><g v="PNCT"></g></l></v></tfr></token></tokens></sentence><sentence id="39994"><source>В ответ на указанное нападение жители территорий попросили правительство Израиля построить новые жилые дома.</source><tokens><token id="711264" text="В"><tfr rev_id="1543121" t="В"><v><l id="37409" t="в"><g v="PREP"></g></l></v></tfr></token><token id="711265" text="ответ"><tfr rev_id="3491487" t="ответ"><v><l id="212408" t="ответ"><g v="NOUN"></g><g v="inan"></g><g v="masc"></g><g v="sing"></g><g v="accs"></g></l></v></tfr></token><token id="711266" text="на"><tfr rev_id="3475470" t="на"><v><l id="166264" t="на"><g v="PREP"></g></l></v></tfr></token><token id="711267" text="указанное"><tfr rev_id="4348145" t="указанное"><v><l id="355917" t="указанный"><g v="ADJF"></g><g v="neut"></g><g v="sing"></g><g v="nomn"></g></l></v><v><l id="355917" t="указанный"><g v="ADJF"></g><g v="neut"></g><g v="sing"></g><g v="accs"></g></l></v><v><l id="355927" t="указанный"><g v="PRTF"></g><g v="perf"></g><g v="tran"></g><g v="past"></g><g v="pssv"></g><g v="neut"></g><g v="sing"></g><g v="nomn"></g></l></v><v><l id="355927" t="указанный"><g v="PRTF"></g><g v="perf"></g><g v="tran"></g><g v="past"></g><g v="pssv"></g><g v="neut"></g><g v="sing"></g><g v="accs"></g></l></v></tfr></token><token id="711268" text="нападение"><tfr rev_id="1543125" t="нападение"><v><l id="173117" t="нападение"><g v="NOUN"></g><g v="inan"></g><g v="neut"></g><g v="sing"></g><g v="nomn"></g></l></v><v><l id="173117" t="нападение"><g v="NOUN"></g><g v="inan"></g><g v="neut"></g><g v="sing"></g><g v="accs"></g></l></v></tfr></token><token id="711269" text="жители"><tfr rev_id="1543126" t="жители"><v><l id="97562" t="житель"><g v="NOUN"></g><g v="anim"></g><g v="masc"></g><g v="plur"></g><g v="nomn"></g></l></v></tfr></token><token id="711270" text="территорий"><tfr rev_id="1543127" t="территорий"><v><l id="345621" t="территория"><g v="NOUN"></g><g v="inan"></g><g v="femn"></g><g v="plur"></g><g v="gent"></g></l></v></tfr></token><token id="711271" text="попросили"><tfr rev_id="1543128" t="попросили"><v><l id="259617" t="попросил"><g v="VERB"></g><g v="perf"></g><g v="tran"></g><g v="plur"></g><g v="past"></g><g v="indc"></g></l></v></tfr></token><token id="711272" text="правительство"><tfr rev_id="1543129" t="правительство"><v><l id="265638" t="правительство"><g v="NOUN"></g><g v="inan"></g><g v="neut"></g><g v="sing"></g><g v="nomn"></g></l></v><v><l id="265638" t="правительство"><g v="NOUN"></g><g v="inan"></g><g v="neut"></g><g v="sing"></g><g v="accs"></g></l></v></tfr></token><token id="711273" text="Израиля"><tfr rev_id="4488104" t="Израиля"><v><l id="120470" t="израиль"><g v="NOUN"></g><g v="inan"></g><g v="masc"></g><g v="Sgtm"></g><g v="Geox"></g><g v="sing"></g><g v="gent"></g></l></v></tfr></token><token id="711274" text="построить"><tfr rev_id="1543131" t="построить"><v><l id="262522" t="построить"><g v="INFN"></g><g v="perf"></g><g v="tran"></g></l></v></tfr></token><token id="711275" text="новые"><tfr rev_id="4249503" t="новые"><v><l id="191918" t="новый"><g v="ADJF"></g><g v="Qual"></g><g v="inan"></g><g v="plur"></g><g v="accs"></g></l></v></tfr></token><token id="711276" text="жилые"><tfr rev_id="4084759" t="жилые"><v><l id="97384" t="жилой"><g v="ADJF"></g><g v="inan"></g><g v="plur"></g><g v="accs"></g></l></v></tfr></token><token id="711277" text="дома"><tfr rev_id="4284473" t="дома"><v><l id="88152" t="дом"><g v="NOUN"></g><g v="inan"></g><g v="masc"></g><g v="plur"></g><g v="nomn"></g></l></v><v><l id="88152" t="дом"><g v="NOUN"></g><g v="inan"></g><g v="masc"></g><g v="plur"></g><g v="accs"></g></l></v></tfr></token><token id="711278" text="."><tfr rev_id="1543135" t="."><v><l id="0" t="."><g v="PNCT"></g></l></v></tfr></token></tokens></sentence></paragraph><paragraph id="12873"><sentence id="39995"><source>Премьер-министр Израиля Беньямин Нетаньягу в своём заявлении упомянул о нападении, а также указал, что «заметил, что страны, постоянно торопящие Совет Безопасности ООН осудить Израиль, еврейское государство, за планирование строительства на определённых территориях, не спешат осуждать убийство еврейских детей».</source><tokens><token id="711279" text="Премьер-министр"><tfr rev_id="1543136" t="Премьер-министр"><v><l id="267776" t="премьер-министр"><g v="NOUN"></g><g v="anim"></g><g v="masc"></g><g v="sing"></g><g v="nomn"></g></l></v></tfr></token><token id="711280" text="Израиля"><tfr rev_id="4456654" t="Израиля"><v><l id="120470" t="израиль"><g v="NOUN"></g><g v="inan"></g><g v="masc"></g><g v="Sgtm"></g><g v="Geox"></g><g v="sing"></g><g v="gent"></g></l></v></tfr></token><token id="711281" text="Беньямин"><tfr rev_id="1543138" t="Беньямин"><v><l id="0" t="беньямин"><g v="UNKN"></g></l></v></tfr></token><token id="711282" text="Нетаньягу"><tfr rev_id="1543139" t="Нетаньягу"><v><l id="0" t="нетаньягу"><g v="UNKN"></g></l></v></tfr></token><token id="711283" text="в"><tfr rev_id="1543140" t="в"><v><l id="37409" t="в"><g v="PREP"></g></l></v></tfr></token><token id="711284" text="своём"><tfr rev_id="3631147" t="своём"><v><l id="316379" t="свой"><g v="ADJF"></g><g v="Apro"></g><g v="Anph"></g><g v="neut"></g><g v="sing"></g><g v="loct"></g></l></v></tfr></token><token id="711285" text="заявлении"><tfr rev_id="1543142" t="заявлении"><v><l id="114311" t="заявление"><g v="NOUN"></g><g v="inan"></g><g v="neut"></g><g v="sing"></g><g v="loct"></g></l></v></tfr></token><token id="711286" text="упомянул"><tfr rev_id="1543143" t="упомянул"><v><l id="359102" t="упомянул"><g v="VERB"></g><g v="perf"></g><g v="tran"></g><g v="masc"></g><g v="sing"></g><g v="past"></g><g v="indc"></g></l></v></tfr></token><token id="711287" text="о"><tfr rev_id="3325921" t="о"><v><l id="192977" t="о"><g v="PREP"></g></l></v></tfr></token><token id="711288" text="нападении"><tfr rev_id="1543145" t="нападении"><v><l id="173117" t="нападение"><g v="NOUN"></g><g v="inan"></g><g v="neut"></g><g v="sing"></g><g v="loct"></g></l></v></tfr></token><token id="711289" text=","><tfr rev_id="1543146" t=","><v><l id="0" t=","><g v="PNCT"></g></l></v></tfr></token><token id="711290" text="а"><tfr rev_id="3410678" t="а"><v><l id="51" t="а"><g v="CONJ"></g></l></v></tfr></token><token id="711291" text="также"><tfr rev_id="4267861" t="также"><v><l id="342482" t="также"><g v="PRCL"></g></l></v></tfr></token><token id="711292" text="указал"><tfr rev_id="1543149" t="указал"><v><l id="355924" t="указал"><g v="VERB"></g><g v="perf"></g><g v="tran"></g><g v="masc"></g><g v="sing"></g><g v="past"></g><g v="indc"></g></l></v></tfr></token><token id="711293" text=","><tfr rev_id="1543150" t=","><v><l id="0" t=","><g v="PNCT"></g></l></v></tfr></token><token id="711294" text="что"><tfr rev_id="3197867" t="что"><v><l id="377004" t="что"><g v="CONJ"></g></l></v><v><l id="377005" t="что"><g v="NPRO"></g><g v="neut"></g><g v="sing"></g><g v="nomn"></g></l></v><v><l id="377005" t="что"><g v="NPRO"></g><g v="neut"></g><g v="sing"></g><g v="accs"></g></l></v><v><l id="377006" t="что"><g v="ADVB"></g><g v="Ques"></g></l></v><v><l id="388695" t="что"><g v="PRCL"></g></l></v></tfr></token><token id="711295" text="«"><tfr rev_id="2447588" t="«"><v><l id="0" t="«"><g v="PNCT"></g></l></v></tfr></token><token id="711296" text="заметил"><tfr rev_id="1543153" t="заметил"><v><l id="105525" t="заметил"><g v="VERB"></g><g v="perf"></g><g v="tran"></g><g v="masc"></g><g v="sing"></g><g v="past"></g><g v="indc"></g></l></v></tfr></token><token id="711297" text=","><tfr rev_id="1543154" t=","><v><l id="0" t=","><g v="PNCT"></g></l></v></tfr></token><token id="711298" text="что"><tfr rev_id="3197868" t="что"><v><l id="377004" t="что"><g v="CONJ"></g></l></v><v><l id="377005" t="что"><g v="NPRO"></g><g v="neut"></g><g v="sing"></g><g v="nomn"></g></l></v><v><l id="377005" t="что"><g v="NPRO"></g><g v="neut"></g><g v="sing"></g><g v="accs"></g></l></v><v><l id="377006" t="что"><g v="ADVB"></g><g v="Ques"></g></l></v><v><l id="388695" t="что"><g v="PRCL"></g></l></v></tfr></token><token id="711299" text="страны"><tfr rev_id="3802194" t="страны"><v><l id="337100" t="страна"><g v="NOUN"></g><g v="inan"></g><g v="femn"></g><g v="plur"></g><g v="nomn"></g></l></v></tfr></token><token id="711300" text=","><tfr rev_id="1543157" t=","><v><l id="0" t=","><g v="PNCT"></g></l></v></tfr></token><token id="711301" text="постоянно"><tfr rev_id="1543158" t="постоянно"><v><l id="262401" t="постоянно"><g v="ADVB"></g></l></v><v><l id="262410" t="постоянен"><g v="ADJS"></g><g v="Qual"></g><g v="neut"></g><g v="sing"></g></l></v></tfr></token><token id="711302" text="торопящие"><tfr rev_id="1543159" t="торопящие"><v><l id="348199" t="торопящий"><g v="PRTF"></g><g v="impf"></g><g v="tran"></g><g v="pres"></g><g v="actv"></g><g v="plur"></g><g v="nomn"></g></l></v><v><l id="348199" t="торопящий"><g v="PRTF"></g><g v="impf"></g><g v="tran"></g><g v="pres"></g><g v="actv"></g><g v="inan"></g><g v="plur"></g><g v="accs"></g></l></v></tfr></token><token id="711303" text="Совет"><tfr rev_id="3465980" t="Совет"><v><l id="327955" t="совет"><g v="NOUN"></g><g v="inan"></g><g v="masc"></g><g v="sing"></g><g v="accs"></g></l></v></tfr></token><token id="711304" text="Безопасности"><tfr rev_id="4263376" t="Безопасности"><v><l id="26215" t="безопасность"><g v="NOUN"></g><g v="inan"></g><g v="femn"></g><g v="sing"></g><g v="gent"></g></l></v></tfr></token><token id="711305" text="ООН"><tfr rev_id="4138836" t="ООН"><v><l id="206695" t="оон"><g v="NOUN"></g><g v="inan"></g><g v="femn"></g><g v="Sgtm"></g><g v="Fixd"></g><g v="Abbr"></g><g v="Orgn"></g><g v="sing"></g><g v="gent"></g></l></v></tfr></token><token id="711306" text="осудить"><tfr rev_id="1543163" t="осудить"><v><l id="211471" t="осудить"><g v="INFN"></g><g v="perf"></g><g v="tran"></g></l></v></tfr></token><token id="711307" text="Израиль"><tfr rev_id="3467582" t="Израиль"><v><l id="120470" t="израиль"><g v="NOUN"></g><g v="inan"></g><g v="masc"></g><g v="Sgtm"></g><g v="Geox"></g><g v="sing"></g><g v="nomn"></g></l></v><v><l id="120470" t="израиль"><g v="NOUN"></g><g v="inan"></g><g v="masc"></g><g v="Sgtm"></g><g v="Geox"></g><g v="sing"></g><g v="accs"></g></l></v></tfr></token><token id="711308" text=","><tfr rev_id="1543165" t=","><v><l id="0" t=","><g v="PNCT"></g></l></v></tfr></token><token id="711309" text="еврейское"><tfr rev_id="1543166" t="еврейское"><v><l id="93997" t="еврейский"><g v="ADJF"></g><g v="neut"></g><g v="sing"></g><g v="nomn"></g></l></v><v><l id="93997" t="еврейский"><g v="ADJF"></g><g v="neut"></g><g v="sing"></g><g v="accs"></g></l></v></tfr></token><token id="711310" text="государство"><tfr rev_id="4099261" t="государство"><v><l id="74164" t="государство"><g v="NOUN"></g><g v="inan"></g><g v="neut"></g><g v="sing"></g><g v="accs"></g></l></v></tfr></token><token id="711311" text=","><tfr rev_id="1543168" t=","><v><l id="0" t=","><g v="PNCT"></g></l></v></tfr></token><token id="711312" text="за"><tfr rev_id="1543169" t="за"><v><l id="98043" t="за"><g v="PREP"></g></l></v></tfr></token><token id="711313" text="планирование"><tfr rev_id="4211351" t="планирование"><v><l id="239712" t="планирование"><g v="NOUN"></g><g v="inan"></g><g v="neut"></g><g v="sing"></g><g v="accs"></g></l></v></tfr></token><token id="711314" text="строительства"><tfr rev_id="3436126" t="строительства"><v><l id="337671" t="строительство"><g v="NOUN"></g><g v="inan"></g><g v="neut"></g><g v="sing"></g><g v="gent"></g></l></v></tfr></token><token id="711315" text="на"><tfr rev_id="3345872" t="на"><v><l id="166264" t="на"><g v="PREP"></g></l></v></tfr></token><token id="711316" text="определённых"><tfr rev_id="1543173" t="определённых"><v><l id="207988" t="определённый"><g v="ADJF"></g><g v="Qual"></g><g v="plur"></g><g v="gent"></g></l></v><v><l id="207988" t="определённый"><g v="ADJF"></g><g v="Qual"></g><g v="anim"></g><g v="plur"></g><g v="accs"></g></l></v><v><l id="207988" t="определённый"><g v="ADJF"></g><g v="Qual"></g><g v="plur"></g><g v="loct"></g></l></v><v><l id="208005" t="определённый"><g v="PRTF"></g><g v="perf"></g><g v="tran"></g><g v="past"></g><g v="pssv"></g><g v="plur"></g><g v="gent"></g></l></v><v><l id="208005" t="определённый"><g v="PRTF"></g><g v="perf"></g><g v="tran"></g><g v="past"></g><g v="pssv"></g><g v="anim"></g><g v="plur"></g><g v="accs"></g></l></v><v><l id="208005" t="определённый"><g v="PRTF"></g><g v="perf"></g><g v="tran"></g><g v="past"></g><g v="pssv"></g><g v="plur"></g><g v="loct"></g></l></v></tfr></token><token id="711317" text="территориях"><tfr rev_id="1543174" t="территориях"><v><l id="345621" t="территория"><g v="NOUN"></g><g v="inan"></g><g v="femn"></g><g v="plur"></g><g v="loct"></g></l></v></tfr></token><token id="711318" text=","><tfr rev_id="1543175" t=","><v><l id="0" t=","><g v="PNCT"></g></l></v></tfr></token><token id="711319" text="не"><tfr rev_id="1543176" t="не"><v><l id="178876" t="не"><g v="PRCL"></g></l></v></tfr></token><token id="711320" text="спешат"><tfr rev_id="1543177" t="спешат"><v><l id="332065" t="спешу"><g v="VERB"></g><g v="impf"></g><g v="intr"></g><g v="plur"></g><g v="3per"></g><g v="pres"></g><g v="indc"></g></l></v><v><l id="332070" t="спешил"><g v="VERB"></g><g v="perf"></g><g v="tran"></g><g v="plur"></g><g v="3per"></g><g v="futr"></g><g v="indc"></g></l></v></tfr></token><token id="711321" text="осуждать"><tfr rev_id="1543178" t="осуждать"><v><l id="211478" t="осуждать"><g v="INFN"></g><g v="impf"></g><g v="tran"></g></l></v></tfr></token><token id="711322" text="убийство"><tfr rev_id="3417005" t="убийство"><v><l id="352998" t="убийство"><g v="NOUN"></g><g v="inan"></g><g v="neut"></g><g v="sing"></g><g v="accs"></g></l></v></tfr></token><token id="711323" text="еврейских"><tfr rev_id="2927868" t="еврейских"><v><l id="93997" t="еврейский"><g v="ADJF"></g><g v="plur"></g><g v="gent"></g></l></v></tfr></token><token id="711324" text="детей"><tfr rev_id="4383186" t="детей"><v><l id="304488" t="ребёнок"><g v="NOUN"></g><g v="anim"></g><g v="masc"></g><g v="plur"></g><g v="gent"></g></l></v></tfr></token><token id="711325" text="»"><tfr rev_id="2447589" t="»"><v><l id="0" t="»"><g v="PNCT"></g></l></v></tfr></token><token id="711326" text="."><tfr rev_id="1543183" t="."><v><l id="0" t="."><g v="PNCT"></g></l></v></tfr></token></tokens></sentence></paragraph></paragraphs></text>