<?xml version="1.0" encoding="utf-8"?><text id="1432" parent="56" name="Умерла актриса Элизабет Тейлор"><tags><tag>Автор:http://ru.wikinews.org/wiki/Участник:Даня0997</tag><tag>url:http://ru.wikinews.org/w/index.php?title=Умерла_актриса_Элизабет_Тейлор&amp;oldid=54642</tag><tag>Дата:23/03</tag><tag>Год:2011</tag><tag>Тема:ВикиКатегория:Культура</tag><tag>Гео:ВикиКатегория:США</tag></tags><paragraphs><paragraph id="12906"><sentence id="40091"><source>В Лос-Анджелесе на восьмидесятом году жизни от ишемической болезни сердца умерла легенда мирового кинематографа актриса Элизабет Тейлор .</source><tokens><token id="713550" text="В"><tfr rev_id="1545406" t="В"><v><l id="37409" t="в"><g v="PREP"></g></l></v></tfr></token><token id="713551" text="Лос-Анджелесе"><tfr rev_id="1545407" t="Лос-Анджелесе"><v><l id="150994" t="лос-анджелес"><g v="NOUN"></g><g v="inan"></g><g v="masc"></g><g v="Geox"></g><g v="sing"></g><g v="loct"></g></l></v></tfr></token><token id="713552" text="на"><tfr rev_id="3395974" t="на"><v><l id="166264" t="на"><g v="PREP"></g></l></v></tfr></token><token id="713553" text="восьмидесятом"><tfr rev_id="3449070" t="восьмидесятом"><v><l id="52143" t="восьмидесятый"><g v="ADJF"></g><g v="Anum"></g><g v="masc"></g><g v="sing"></g><g v="loct"></g></l></v></tfr></token><token id="713554" text="году"><tfr rev_id="2827701" t="году"><v><l id="72149" t="год"><g v="NOUN"></g><g v="inan"></g><g v="masc"></g><g v="sing"></g><g v="loc2"></g></l></v></tfr></token><token id="713555" text="жизни"><tfr rev_id="4270007" t="жизни"><v><l id="97314" t="жизнь"><g v="NOUN"></g><g v="inan"></g><g v="femn"></g><g v="sing"></g><g v="gent"></g></l></v></tfr></token><token id="713556" text="от"><tfr rev_id="1545412" t="от"><v><l id="211644" t="от"><g v="PREP"></g></l></v></tfr></token><token id="713557" text="ишемической"><tfr rev_id="3883399" t="ишемической"><v><l id="127257" t="ишемический"><g v="ADJF"></g><g v="femn"></g><g v="sing"></g><g v="gent"></g></l></v></tfr></token><token id="713558" text="болезни"><tfr rev_id="3555527" t="болезни"><v><l id="32085" t="болезнь"><g v="NOUN"></g><g v="inan"></g><g v="femn"></g><g v="sing"></g><g v="gent"></g></l></v></tfr></token><token id="713559" text="сердца"><tfr rev_id="3490763" t="сердца"><v><l id="319145" t="сердце"><g v="NOUN"></g><g v="inan"></g><g v="neut"></g><g v="sing"></g><g v="gent"></g></l></v></tfr></token><token id="713560" text="умерла"><tfr rev_id="1545416" t="умерла"><v><l id="357520" t="умер"><g v="VERB"></g><g v="perf"></g><g v="intr"></g><g v="femn"></g><g v="sing"></g><g v="past"></g><g v="indc"></g></l></v></tfr></token><token id="713561" text="легенда"><tfr rev_id="1545417" t="легенда"><v><l id="147501" t="легенда"><g v="NOUN"></g><g v="inan"></g><g v="femn"></g><g v="sing"></g><g v="nomn"></g></l></v></tfr></token><token id="713562" text="мирового"><tfr rev_id="4535248" t="мирового"><v><l id="160894" t="мировой"><g v="ADJF"></g><g v="masc"></g><g v="sing"></g><g v="gent"></g></l></v><v><l id="160894" t="мировой"><g v="ADJF"></g><g v="neut"></g><g v="sing"></g><g v="gent"></g></l></v></tfr></token><token id="713563" text="кинематографа"><tfr rev_id="1545419" t="кинематографа"><v><l id="132936" t="кинематограф"><g v="NOUN"></g><g v="inan"></g><g v="masc"></g><g v="sing"></g><g v="gent"></g></l></v></tfr></token><token id="713564" text="актриса"><tfr rev_id="1545420" t="актриса"><v><l id="7724" t="актриса"><g v="NOUN"></g><g v="anim"></g><g v="femn"></g><g v="sing"></g><g v="nomn"></g></l></v></tfr></token><token id="713565" text="Элизабет"><tfr rev_id="4178962" t="Элизабет"><v><l id="384761" t="элизабет"><g v="NOUN"></g><g v="anim"></g><g v="femn"></g><g v="Fixd"></g><g v="Name"></g><g v="sing"></g><g v="nomn"></g></l></v></tfr></token><token id="713566" text="Тейлор"><tfr rev_id="4290833" t="Тейлор"><v><l id="389545" t="тейлор"><g v="NOUN"></g><g v="anim"></g><g v="femn"></g><g v="Sgtm"></g><g v="Fixd"></g><g v="Surn"></g><g v="sing"></g><g v="nomn"></g></l></v></tfr></token><token id="713567" text="."><tfr rev_id="1545423" t="."><v><l id="0" t="."><g v="PNCT"></g></l></v></tfr></token></tokens></sentence><sentence id="40092"><source>Долгую сценическую жизнь Тейлор сопровождали безумные успех, многочисленные браки и персональные трагедии.</source><tokens><token id="713568" text="Долгую"><tfr rev_id="1545424" t="Долгую"><v><l id="87736" t="долгий"><g v="ADJF"></g><g v="Qual"></g><g v="femn"></g><g v="sing"></g><g v="accs"></g></l></v></tfr></token><token id="713569" text="сценическую"><tfr rev_id="1545425" t="сценическую"><v><l id="341050" t="сценический"><g v="ADJF"></g><g v="femn"></g><g v="sing"></g><g v="accs"></g></l></v></tfr></token><token id="713570" text="жизнь"><tfr rev_id="1545426" t="жизнь"><v><l id="97314" t="жизнь"><g v="NOUN"></g><g v="inan"></g><g v="femn"></g><g v="sing"></g><g v="nomn"></g></l></v><v><l id="97314" t="жизнь"><g v="NOUN"></g><g v="inan"></g><g v="femn"></g><g v="sing"></g><g v="accs"></g></l></v></tfr></token><token id="713571" text="Тейлор"><tfr rev_id="4173432" t="Тейлор"><v><l id="389545" t="тейлор"><g v="NOUN"></g><g v="anim"></g><g v="femn"></g><g v="Sgtm"></g><g v="Fixd"></g><g v="Surn"></g><g v="sing"></g><g v="gent"></g></l></v></tfr></token><token id="713572" text="сопровождали"><tfr rev_id="1545428" t="сопровождали"><v><l id="329880" t="сопровождаю"><g v="VERB"></g><g v="impf"></g><g v="tran"></g><g v="plur"></g><g v="past"></g><g v="indc"></g></l></v></tfr></token><token id="713573" text="безумные"><tfr rev_id="3793277" t="безумные"><v><l id="26431" t="безумный"><g v="ADJF"></g><g v="Subx"></g><g v="Qual"></g><g v="plur"></g><g v="nomn"></g></l></v></tfr></token><token id="713574" text="успех"><tfr rev_id="4211001" t="успех"><v><l id="360840" t="успех"><g v="NOUN"></g><g v="inan"></g><g v="masc"></g><g v="sing"></g><g v="nomn"></g></l></v></tfr></token><token id="713575" text=","><tfr rev_id="1545431" t=","><v><l id="0" t=","><g v="PNCT"></g></l></v></tfr></token><token id="713576" text="многочисленные"><tfr rev_id="4074832" t="многочисленные"><v><l id="162068" t="многочисленный"><g v="ADJF"></g><g v="Qual"></g><g v="plur"></g><g v="nomn"></g></l></v></tfr></token><token id="713577" text="браки"><tfr rev_id="3701279" t="браки"><v><l id="33431" t="брак"><g v="NOUN"></g><g v="inan"></g><g v="masc"></g><g v="plur"></g><g v="nomn"></g></l></v></tfr></token><token id="713578" text="и"><tfr rev_id="1545434" t="и"><v><l id="116949" t="и"><g v="CONJ"></g></l></v><v><l id="116950" t="и"><g v="INTJ"></g></l></v></tfr></token><token id="713579" text="персональные"><tfr rev_id="3821425" t="персональные"><v><l id="237462" t="персональный"><g v="ADJF"></g><g v="plur"></g><g v="nomn"></g></l></v></tfr></token><token id="713580" text="трагедии"><tfr rev_id="3793295" t="трагедии"><v><l id="348745" t="трагедия"><g v="NOUN"></g><g v="inan"></g><g v="femn"></g><g v="plur"></g><g v="nomn"></g></l></v></tfr></token><token id="713581" text="."><tfr rev_id="1545437" t="."><v><l id="0" t="."><g v="PNCT"></g></l></v></tfr></token></tokens></sentence></paragraph><paragraph id="12907"><sentence id="40093"><source>Сниматься в кино Элизабет Тейлор начала в девять лет.</source><tokens><token id="713582" text="Сниматься"><tfr rev_id="1545438" t="Сниматься"><v><l id="327409" t="сниматься"><g v="INFN"></g><g v="impf"></g><g v="intr"></g></l></v></tfr></token><token id="713583" text="в"><tfr rev_id="1545439" t="в"><v><l id="37409" t="в"><g v="PREP"></g></l></v></tfr></token><token id="713584" text="кино"><tfr rev_id="4167391" t="кино"><v><l id="132966" t="кино"><g v="NOUN"></g><g v="inan"></g><g v="neut"></g><g v="Fixd"></g><g v="sing"></g><g v="loct"></g></l></v></tfr></token><token id="713585" text="Элизабет"><tfr rev_id="4162649" t="Элизабет"><v><l id="384761" t="элизабет"><g v="NOUN"></g><g v="anim"></g><g v="femn"></g><g v="Fixd"></g><g v="Name"></g><g v="sing"></g><g v="nomn"></g></l></v></tfr></token><token id="713586" text="Тейлор"><tfr rev_id="4288397" t="Тейлор"><v><l id="389545" t="тейлор"><g v="NOUN"></g><g v="anim"></g><g v="femn"></g><g v="Sgtm"></g><g v="Fixd"></g><g v="Surn"></g><g v="sing"></g><g v="nomn"></g></l></v></tfr></token><token id="713587" text="начала"><tfr rev_id="1715067" t="начала"><v><l id="178224" t="начал"><g v="VERB"></g><g v="perf"></g><g v="tran"></g><g v="femn"></g><g v="sing"></g><g v="past"></g><g v="indc"></g></l></v></tfr></token><token id="713588" text="в"><tfr rev_id="1545444" t="в"><v><l id="37409" t="в"><g v="PREP"></g></l></v></tfr></token><token id="713589" text="девять"><tfr rev_id="1545445" t="девять"><v><l id="79531" t="девять"><g v="NUMR"></g><g v="nomn"></g></l></v><v><l id="79531" t="девять"><g v="NUMR"></g><g v="accs"></g></l></v></tfr></token><token id="713590" text="лет"><tfr rev_id="3495991" t="лет"><v><l id="72149" t="год"><g v="NOUN"></g><g v="inan"></g><g v="masc"></g><g v="plur"></g><g v="gent"></g></l></v></tfr></token><token id="713591" text="."><tfr rev_id="1545447" t="."><v><l id="0" t="."><g v="PNCT"></g></l></v></tfr></token></tokens></sentence><sentence id="40094"><source>Ее звезда взошла уже в двенадцатилетнем возрасте когда она покорила зрителей в фильме «Национальный Бархат».</source><tokens><token id="713592" text="Ее"><tfr rev_id="4512942" t="Ее"><v><l id="94433" t="её"><g v="ADJF"></g><g v="Fixd"></g><g v="Apro"></g><g v="Anph"></g><g v="femn"></g><g v="sing"></g><g v="nomn"></g></l></v><v><l id="94433" t="её"><g v="ADJF"></g><g v="Fixd"></g><g v="Apro"></g><g v="Anph"></g><g v="femn"></g><g v="sing"></g><g v="gent"></g></l></v><v><l id="94433" t="её"><g v="ADJF"></g><g v="Fixd"></g><g v="Apro"></g><g v="Anph"></g><g v="femn"></g><g v="sing"></g><g v="datv"></g></l></v><v><l id="94433" t="её"><g v="ADJF"></g><g v="Fixd"></g><g v="Apro"></g><g v="Anph"></g><g v="femn"></g><g v="sing"></g><g v="accs"></g></l></v><v><l id="94433" t="её"><g v="ADJF"></g><g v="Fixd"></g><g v="Apro"></g><g v="Anph"></g><g v="femn"></g><g v="sing"></g><g v="ablt"></g></l></v><v><l id="94433" t="её"><g v="ADJF"></g><g v="Fixd"></g><g v="Apro"></g><g v="Anph"></g><g v="femn"></g><g v="sing"></g><g v="loct"></g></l></v></tfr></token><token id="713593" text="звезда"><tfr rev_id="3494204" t="звезда"><v><l id="114380" t="звезда"><g v="NOUN"></g><g v="inan"></g><g v="femn"></g><g v="sing"></g><g v="nomn"></g></l></v></tfr></token><token id="713594" text="взошла"><tfr rev_id="1545450" t="взошла"><v><l id="43989" t="взошёл"><g v="VERB"></g><g v="perf"></g><g v="intr"></g><g v="femn"></g><g v="sing"></g><g v="past"></g><g v="indc"></g></l></v></tfr></token><token id="713595" text="уже"><tfr rev_id="2692946" t="уже"><v><l id="355422" t="уж"><g v="NOUN"></g><g v="anim"></g><g v="masc"></g><g v="sing"></g><g v="loct"></g></l></v><v><l id="355498" t="уже"><g v="ADVB"></g></l></v><v><l id="355674" t="уже"><g v="COMP"></g><g v="Qual"></g></l></v><v><l id="388673" t="уже"><g v="PRCL"></g></l></v></tfr></token><token id="713596" text="в"><tfr rev_id="1545452" t="в"><v><l id="37409" t="в"><g v="PREP"></g></l></v></tfr></token><token id="713597" text="двенадцатилетнем"><tfr rev_id="4464382" t="двенадцатилетнем"><v><l id="390549" t="двенадцатилетний"><g v="ADJF"></g><g v="masc"></g><g v="sing"></g><g v="loct"></g></l></v></tfr></token><token id="713598" text="возрасте"><tfr rev_id="1545454" t="возрасте"><v><l id="49611" t="возраст"><g v="NOUN"></g><g v="inan"></g><g v="masc"></g><g v="sing"></g><g v="loct"></g></l></v></tfr></token><token id="713599" text="когда"><tfr rev_id="1545455" t="когда"><v><l id="135239" t="когда"><g v="CONJ"></g></l></v><v><l id="135240" t="когда"><g v="ADVB"></g><g v="Ques"></g></l></v></tfr></token><token id="713600" text="она"><tfr rev_id="3586597" t="она"><v><l id="206544" t="она"><g v="NPRO"></g><g v="femn"></g><g v="3per"></g><g v="Anph"></g><g v="sing"></g><g v="nomn"></g></l></v></tfr></token><token id="713601" text="покорила"><tfr rev_id="1545457" t="покорила"><v><l id="254625" t="покорил"><g v="VERB"></g><g v="perf"></g><g v="tran"></g><g v="femn"></g><g v="sing"></g><g v="past"></g><g v="indc"></g></l></v></tfr></token><token id="713602" text="зрителей"><tfr rev_id="4382731" t="зрителей"><v><l id="116577" t="зритель"><g v="NOUN"></g><g v="anim"></g><g v="masc"></g><g v="plur"></g><g v="accs"></g></l></v></tfr></token><token id="713603" text="в"><tfr rev_id="1545459" t="в"><v><l id="37409" t="в"><g v="PREP"></g></l></v></tfr></token><token id="713604" text="фильме"><tfr rev_id="1545460" t="фильме"><v><l id="366005" t="фильм"><g v="NOUN"></g><g v="inan"></g><g v="masc"></g><g v="sing"></g><g v="loct"></g></l></v></tfr></token><token id="713605" text="«"><tfr rev_id="2447682" t="«"><v><l id="0" t="«"><g v="PNCT"></g></l></v></tfr></token><token id="713606" text="Национальный"><tfr rev_id="4408742" t="Национальный"><v><l id="178150" t="национальный"><g v="ADJF"></g><g v="masc"></g><g v="sing"></g><g v="nomn"></g></l></v></tfr></token><token id="713607" text="Бархат"><tfr rev_id="4211265" t="Бархат"><v><l id="24197" t="бархат"><g v="NOUN"></g><g v="inan"></g><g v="masc"></g><g v="sing"></g><g v="nomn"></g></l></v></tfr></token><token id="713608" text="»"><tfr rev_id="2447683" t="»"><v><l id="0" t="»"><g v="PNCT"></g></l></v></tfr></token><token id="713609" text="."><tfr rev_id="1545465" t="."><v><l id="0" t="."><g v="PNCT"></g></l></v></tfr></token></tokens></sentence><sentence id="40095"><source>В отличие от многих детей-актеров, Элизабет без проблем выросла во взрослую актрису и начала активно сниматься.</source><tokens><token id="713610" text="В"><tfr rev_id="1545466" t="В"><v><l id="37409" t="в"><g v="PREP"></g></l></v></tfr></token><token id="713611" text="отличие"><tfr rev_id="2584228" t="отличие"><v><l id="215156" t="отличие"><g v="NOUN"></g><g v="inan"></g><g v="neut"></g><g v="sing"></g><g v="accs"></g></l></v></tfr></token><token id="713612" text="от"><tfr rev_id="1545468" t="от"><v><l id="211644" t="от"><g v="PREP"></g></l></v></tfr></token><token id="713613" text="многих"><tfr rev_id="4408280" t="многих"><v><l id="161427" t="многий"><g v="ADJF"></g><g v="Apro"></g><g v="plur"></g><g v="gent"></g></l></v></tfr></token><token id="713614" text="детей"><tfr rev_id="3944938" t="детей"><v><l id="304488" t="ребёнок"><g v="NOUN"></g><g v="anim"></g><g v="masc"></g><g v="plur"></g><g v="gent"></g></l></v></tfr></token><token id="713615" text="-"><tfr rev_id="1545471" t="-"><v><l id="0" t="-"><g v="PNCT"></g></l></v></tfr></token><token id="713616" text="актеров"><tfr rev_id="3645290" t="актеров"><v><l id="7567" t="актёр"><g v="NOUN"></g><g v="anim"></g><g v="masc"></g><g v="plur"></g><g v="gent"></g></l></v></tfr></token><token id="713617" text=","><tfr rev_id="1545473" t=","><v><l id="0" t=","><g v="PNCT"></g></l></v></tfr></token><token id="713618" text="Элизабет"><tfr rev_id="4174014" t="Элизабет"><v><l id="384761" t="элизабет"><g v="NOUN"></g><g v="anim"></g><g v="femn"></g><g v="Fixd"></g><g v="Name"></g><g v="sing"></g><g v="nomn"></g></l></v></tfr></token><token id="713619" text="без"><tfr rev_id="1545475" t="без"><v><l id="25481" t="без"><g v="PREP"></g></l></v></tfr></token><token id="713620" text="проблем"><tfr rev_id="1545476" t="проблем"><v><l id="277255" t="проблема"><g v="NOUN"></g><g v="inan"></g><g v="femn"></g><g v="plur"></g><g v="gent"></g></l></v></tfr></token><token id="713621" text="выросла"><tfr rev_id="1545477" t="выросла"><v><l id="61227" t="вырос"><g v="VERB"></g><g v="perf"></g><g v="intr"></g><g v="femn"></g><g v="sing"></g><g v="past"></g><g v="indc"></g></l></v></tfr></token><token id="713622" text="во"><tfr rev_id="2920356" t="во"><v><l id="37409" t="в"><g v="PREP"></g><g v="Vpre"></g></l></v></tfr></token><token id="713623" text="взрослую"><tfr rev_id="1545479" t="взрослую"><v><l id="44098" t="взрослый"><g v="ADJF"></g><g v="Qual"></g><g v="femn"></g><g v="sing"></g><g v="accs"></g></l></v></tfr></token><token id="713624" text="актрису"><tfr rev_id="1545480" t="актрису"><v><l id="7724" t="актриса"><g v="NOUN"></g><g v="anim"></g><g v="femn"></g><g v="sing"></g><g v="accs"></g></l></v></tfr></token><token id="713625" text="и"><tfr rev_id="1545481" t="и"><v><l id="116949" t="и"><g v="CONJ"></g></l></v><v><l id="116950" t="и"><g v="INTJ"></g></l></v></tfr></token><token id="713626" text="начала"><tfr rev_id="1714724" t="начала"><v><l id="178224" t="начал"><g v="VERB"></g><g v="perf"></g><g v="tran"></g><g v="femn"></g><g v="sing"></g><g v="past"></g><g v="indc"></g></l></v></tfr></token><token id="713627" text="активно"><tfr rev_id="1545483" t="активно"><v><l id="7661" t="активно"><g v="ADVB"></g></l></v><v><l id="7668" t="активен"><g v="ADJS"></g><g v="Qual"></g><g v="neut"></g><g v="sing"></g></l></v></tfr></token><token id="713628" text="сниматься"><tfr rev_id="1545484" t="сниматься"><v><l id="327409" t="сниматься"><g v="INFN"></g><g v="impf"></g><g v="intr"></g></l></v></tfr></token><token id="713629" text="."><tfr rev_id="1545485" t="."><v><l id="0" t="."><g v="PNCT"></g></l></v></tfr></token></tokens></sentence><sentence id="40096"><source>В 1961 году ее талант оценили премией Оскар за лучшую женскую роль в фильме «Баттерфилд 8».</source><tokens><token id="713630" text="В"><tfr rev_id="1545486" t="В"><v><l id="37409" t="в"><g v="PREP"></g></l></v></tfr></token><token id="713631" text="1961"><tfr rev_id="2463068" t="1961"><v><l id="0" t="1961"><g v="NUMB"></g></l></v></tfr></token><token id="713632" text="году"><tfr rev_id="2827566" t="году"><v><l id="72149" t="год"><g v="NOUN"></g><g v="inan"></g><g v="masc"></g><g v="sing"></g><g v="loc2"></g></l></v></tfr></token><token id="713633" text="ее"><tfr rev_id="4514935" t="ее"><v><l id="94433" t="её"><g v="ADJF"></g><g v="Fixd"></g><g v="Apro"></g><g v="Anph"></g><g v="masc"></g><g v="sing"></g><g v="nomn"></g></l></v><v><l id="94433" t="её"><g v="ADJF"></g><g v="Fixd"></g><g v="Apro"></g><g v="Anph"></g><g v="masc"></g><g v="sing"></g><g v="gent"></g></l></v><v><l id="94433" t="её"><g v="ADJF"></g><g v="Fixd"></g><g v="Apro"></g><g v="Anph"></g><g v="masc"></g><g v="sing"></g><g v="datv"></g></l></v><v><l id="94433" t="её"><g v="ADJF"></g><g v="Fixd"></g><g v="Apro"></g><g v="Anph"></g><g v="masc"></g><g v="sing"></g><g v="accs"></g></l></v><v><l id="94433" t="её"><g v="ADJF"></g><g v="Fixd"></g><g v="Apro"></g><g v="Anph"></g><g v="masc"></g><g v="sing"></g><g v="ablt"></g></l></v><v><l id="94433" t="её"><g v="ADJF"></g><g v="Fixd"></g><g v="Apro"></g><g v="Anph"></g><g v="masc"></g><g v="sing"></g><g v="loct"></g></l></v></tfr></token><token id="713634" text="талант"><tfr rev_id="3531401" t="талант"><v><l id="342604" t="талант"><g v="NOUN"></g><g v="inan"></g><g v="masc"></g><g v="sing"></g><g v="accs"></g></l></v></tfr></token><token id="713635" text="оценили"><tfr rev_id="1545491" t="оценили"><v><l id="221492" t="оценил"><g v="VERB"></g><g v="perf"></g><g v="tran"></g><g v="plur"></g><g v="past"></g><g v="indc"></g></l></v></tfr></token><token id="713636" text="премией"><tfr rev_id="1545492" t="премией"><v><l id="267764" t="премия"><g v="NOUN"></g><g v="inan"></g><g v="femn"></g><g v="sing"></g><g v="ablt"></g></l></v></tfr></token><token id="713637" text="Оскар"><tfr rev_id="3680144" t="Оскар"><v><l id="210053" t="оскар"><g v="NOUN"></g><g v="inan"></g><g v="masc"></g><g v="sing"></g><g v="nomn"></g></l></v><v><l id="210053" t="оскар"><g v="NOUN"></g><g v="inan"></g><g v="masc"></g><g v="sing"></g><g v="accs"></g></l></v></tfr></token><token id="713638" text="за"><tfr rev_id="1545494" t="за"><v><l id="98043" t="за"><g v="PREP"></g></l></v></tfr></token><token id="713639" text="лучшую"><tfr rev_id="1545495" t="лучшую"><v><l id="371672" t="лучший"><g v="ADJF"></g><g v="Supr"></g><g v="Qual"></g><g v="femn"></g><g v="sing"></g><g v="accs"></g></l></v></tfr></token><token id="713640" text="женскую"><tfr rev_id="1545496" t="женскую"><v><l id="96743" t="женский"><g v="ADJF"></g><g v="femn"></g><g v="sing"></g><g v="accs"></g></l></v></tfr></token><token id="713641" text="роль"><tfr rev_id="3264579" t="роль"><v><l id="308800" t="роль"><g v="NOUN"></g><g v="inan"></g><g v="femn"></g><g v="sing"></g><g v="nomn"></g></l></v><v><l id="308800" t="роль"><g v="NOUN"></g><g v="inan"></g><g v="femn"></g><g v="sing"></g><g v="accs"></g></l></v></tfr></token><token id="713642" text="в"><tfr rev_id="1545498" t="в"><v><l id="37409" t="в"><g v="PREP"></g></l></v></tfr></token><token id="713643" text="фильме"><tfr rev_id="1545499" t="фильме"><v><l id="366005" t="фильм"><g v="NOUN"></g><g v="inan"></g><g v="masc"></g><g v="sing"></g><g v="loct"></g></l></v></tfr></token><token id="713644" text="«"><tfr rev_id="2447684" t="«"><v><l id="0" t="«"><g v="PNCT"></g></l></v></tfr></token><token id="713645" text="Баттерфилд"><tfr rev_id="1545501" t="Баттерфилд"><v><l id="0" t="баттерфилд"><g v="UNKN"></g></l></v></tfr></token><token id="713646" text="8"><tfr rev_id="2463069" t="8"><v><l id="0" t="8"><g v="NUMB"></g></l></v></tfr></token><token id="713647" text="»"><tfr rev_id="2447685" t="»"><v><l id="0" t="»"><g v="PNCT"></g></l></v></tfr></token><token id="713648" text="."><tfr rev_id="1545504" t="."><v><l id="0" t="."><g v="PNCT"></g></l></v></tfr></token></tokens></sentence><sentence id="40097"><source>Шесть лет позже Тейлор повторила успех получив Оскара за роль в киноленте «Кто боится Вирджинии Вульф?»</source><tokens><token id="713649" text="Шесть"><tfr rev_id="1545505" t="Шесть"><v><l id="379421" t="шесть"><g v="NUMR"></g><g v="nomn"></g></l></v><v><l id="379421" t="шесть"><g v="NUMR"></g><g v="accs"></g></l></v></tfr></token><token id="713650" text="лет"><tfr rev_id="3283132" t="лет"><v><l id="72149" t="год"><g v="NOUN"></g><g v="inan"></g><g v="masc"></g><g v="plur"></g><g v="gent"></g></l></v></tfr></token><token id="713651" text="позже"><tfr rev_id="1545507" t="позже"><v><l id="253491" t="позднее"><g v="COMP"></g><g v="Qual"></g></l></v></tfr></token><token id="713652" text="Тейлор"><tfr rev_id="4288402" t="Тейлор"><v><l id="389545" t="тейлор"><g v="NOUN"></g><g v="anim"></g><g v="femn"></g><g v="Sgtm"></g><g v="Fixd"></g><g v="Surn"></g><g v="sing"></g><g v="nomn"></g></l></v></tfr></token><token id="713653" text="повторила"><tfr rev_id="1545509" t="повторила"><v><l id="242802" t="повторил"><g v="VERB"></g><g v="perf"></g><g v="tran"></g><g v="femn"></g><g v="sing"></g><g v="past"></g><g v="indc"></g></l></v></tfr></token><token id="713654" text="успех"><tfr rev_id="1545510" t="успех"><v><l id="360840" t="успех"><g v="NOUN"></g><g v="inan"></g><g v="masc"></g><g v="sing"></g><g v="nomn"></g></l></v><v><l id="360840" t="успех"><g v="NOUN"></g><g v="inan"></g><g v="masc"></g><g v="sing"></g><g v="accs"></g></l></v></tfr></token><token id="713655" text="получив"><tfr rev_id="1545511" t="получив"><v><l id="256964" t="получив"><g v="GRND"></g><g v="perf"></g><g v="tran"></g><g v="past"></g></l></v></tfr></token><token id="713656" text="Оскара"><tfr rev_id="4580142" t="Оскара"><v><l id="210053" t="оскар"><g v="NOUN"></g><g v="inan"></g><g v="masc"></g><g v="Inmx"></g><g v="anim"></g><g v="sing"></g><g v="accs"></g></l></v></tfr></token><token id="713657" text="за"><tfr rev_id="1545513" t="за"><v><l id="98043" t="за"><g v="PREP"></g></l></v></tfr></token><token id="713658" text="роль"><tfr rev_id="4215227" t="роль"><v><l id="308800" t="роль"><g v="NOUN"></g><g v="inan"></g><g v="femn"></g><g v="sing"></g><g v="accs"></g></l></v></tfr></token><token id="713659" text="в"><tfr rev_id="1545515" t="в"><v><l id="37409" t="в"><g v="PREP"></g></l></v></tfr></token><token id="713660" text="киноленте"><tfr rev_id="3447517" t="киноленте"><v><l id="133044" t="кинолента"><g v="NOUN"></g><g v="inan"></g><g v="femn"></g><g v="sing"></g><g v="loct"></g></l></v></tfr></token><token id="713661" text="«"><tfr rev_id="2447686" t="«"><v><l id="0" t="«"><g v="PNCT"></g></l></v></tfr></token><token id="713662" text="Кто"><tfr rev_id="1545518" t="Кто"><v><l id="144216" t="кто"><g v="NPRO"></g><g v="masc"></g><g v="sing"></g><g v="nomn"></g></l></v></tfr></token><token id="713663" text="боится"><tfr rev_id="1545519" t="боится"><v><l id="33346" t="боюсь"><g v="VERB"></g><g v="impf"></g><g v="intr"></g><g v="sing"></g><g v="3per"></g><g v="pres"></g><g v="indc"></g></l></v></tfr></token><token id="713664" text="Вирджинии"><tfr rev_id="3545540" t="Вирджинии"><v><l id="45446" t="вирджиния"><g v="NOUN"></g><g v="anim"></g><g v="femn"></g><g v="Name"></g><g v="sing"></g><g v="gent"></g></l></v></tfr></token><token id="713665" text="Вульф"><tfr rev_id="4580141" t="Вульф"><v><l id="0" t="Вульф"><g v="UNKN"></g></l></v></tfr></token><token id="713666" text="?"><tfr rev_id="1545522" t="?"><v><l id="0" t="?"><g v="PNCT"></g></l></v></tfr></token><token id="713667" text="»"><tfr rev_id="2447687" t="»"><v><l id="0" t="»"><g v="PNCT"></g></l></v></tfr></token></tokens></sentence></paragraph><paragraph id="12908"><sentence id="40098"><source>В 1963 году Элизабет стала первой актрисой, которая подписала контракт на миллион долларов, за участие в фильме «Клеопатра»</source><tokens><token id="713668" text="В"><tfr rev_id="1545524" t="В"><v><l id="37409" t="в"><g v="PREP"></g></l></v></tfr></token><token id="713669" text="1963"><tfr rev_id="2463070" t="1963"><v><l id="0" t="1963"><g v="NUMB"></g></l></v></tfr></token><token id="713670" text="году"><tfr rev_id="3045922" t="году"><v><l id="72149" t="год"><g v="NOUN"></g><g v="inan"></g><g v="masc"></g><g v="sing"></g><g v="loc2"></g></l></v></tfr></token><token id="713671" text="Элизабет"><tfr rev_id="4161427" t="Элизабет"><v><l id="384761" t="элизабет"><g v="NOUN"></g><g v="anim"></g><g v="femn"></g><g v="Fixd"></g><g v="Name"></g><g v="sing"></g><g v="nomn"></g></l></v></tfr></token><token id="713672" text="стала"><tfr rev_id="1545528" t="стала"><v><l id="335164" t="стал"><g v="VERB"></g><g v="perf"></g><g v="intr"></g><g v="femn"></g><g v="sing"></g><g v="past"></g><g v="indc"></g></l></v></tfr></token><token id="713673" text="первой"><tfr rev_id="1545529" t="первой"><v><l id="226359" t="первый"><g v="ADJF"></g><g v="Anum"></g><g v="femn"></g><g v="sing"></g><g v="gent"></g></l></v><v><l id="226359" t="первый"><g v="ADJF"></g><g v="Anum"></g><g v="femn"></g><g v="sing"></g><g v="datv"></g></l></v><v><l id="226359" t="первый"><g v="ADJF"></g><g v="Anum"></g><g v="femn"></g><g v="sing"></g><g v="ablt"></g></l></v><v><l id="226359" t="первый"><g v="ADJF"></g><g v="Anum"></g><g v="femn"></g><g v="sing"></g><g v="loct"></g></l></v></tfr></token><token id="713674" text="актрисой"><tfr rev_id="1545530" t="актрисой"><v><l id="7724" t="актриса"><g v="NOUN"></g><g v="anim"></g><g v="femn"></g><g v="sing"></g><g v="ablt"></g></l></v></tfr></token><token id="713675" text=","><tfr rev_id="1545531" t=","><v><l id="0" t=","><g v="PNCT"></g></l></v></tfr></token><token id="713676" text="которая"><tfr rev_id="3639869" t="которая"><v><l id="141203" t="который"><g v="ADJF"></g><g v="Apro"></g><g v="Subx"></g><g v="Anph"></g><g v="femn"></g><g v="sing"></g><g v="nomn"></g></l></v></tfr></token><token id="713677" text="подписала"><tfr rev_id="1545533" t="подписала"><v><l id="248883" t="подписал"><g v="VERB"></g><g v="perf"></g><g v="tran"></g><g v="femn"></g><g v="sing"></g><g v="past"></g><g v="indc"></g></l></v></tfr></token><token id="713678" text="контракт"><tfr rev_id="4348396" t="контракт"><v><l id="138412" t="контракт"><g v="NOUN"></g><g v="inan"></g><g v="masc"></g><g v="sing"></g><g v="accs"></g></l></v></tfr></token><token id="713679" text="на"><tfr rev_id="3341070" t="на"><v><l id="166264" t="на"><g v="PREP"></g></l></v></tfr></token><token id="713680" text="миллион"><tfr rev_id="1545536" t="миллион"><v><l id="160260" t="миллион"><g v="NOUN"></g><g v="inan"></g><g v="masc"></g><g v="sing"></g><g v="nomn"></g></l></v><v><l id="160260" t="миллион"><g v="NOUN"></g><g v="inan"></g><g v="masc"></g><g v="sing"></g><g v="accs"></g></l></v></tfr></token><token id="713681" text="долларов"><tfr rev_id="2700682" t="долларов"><v><l id="88047" t="доллар"><g v="NOUN"></g><g v="inan"></g><g v="masc"></g><g v="plur"></g><g v="gent"></g></l></v></tfr></token><token id="713682" text=","><tfr rev_id="1545538" t=","><v><l id="0" t=","><g v="PNCT"></g></l></v></tfr></token><token id="713683" text="за"><tfr rev_id="1545539" t="за"><v><l id="98043" t="за"><g v="PREP"></g></l></v></tfr></token><token id="713684" text="участие"><tfr rev_id="4099573" t="участие"><v><l id="363132" t="участие"><g v="NOUN"></g><g v="inan"></g><g v="neut"></g><g v="sing"></g><g v="accs"></g></l></v></tfr></token><token id="713685" text="в"><tfr rev_id="1545541" t="в"><v><l id="37409" t="в"><g v="PREP"></g></l></v></tfr></token><token id="713686" text="фильме"><tfr rev_id="1545542" t="фильме"><v><l id="366005" t="фильм"><g v="NOUN"></g><g v="inan"></g><g v="masc"></g><g v="sing"></g><g v="loct"></g></l></v></tfr></token><token id="713687" text="«"><tfr rev_id="2447688" t="«"><v><l id="0" t="«"><g v="PNCT"></g></l></v></tfr></token><token id="713688" text="Клеопатра"><tfr rev_id="1545544" t="Клеопатра"><v><l id="134159" t="клеопатра"><g v="NOUN"></g><g v="anim"></g><g v="femn"></g><g v="Name"></g><g v="sing"></g><g v="nomn"></g></l></v></tfr></token><token id="713689" text="»"><tfr rev_id="2447689" t="»"><v><l id="0" t="»"><g v="PNCT"></g></l></v></tfr></token></tokens></sentence><sentence id="40099"><source>Именно во время съемок этой картины актриса встретила Ричарда Бартона, которому суждено стать ее пятым мужем … дважды.</source><tokens><token id="713690" text="Именно"><tfr rev_id="1545546" t="Именно"><v><l id="121584" t="именно"><g v="PRCL"></g></l></v></tfr></token><token id="713691" text="во"><tfr rev_id="2920357" t="во"><v><l id="37409" t="в"><g v="PREP"></g><g v="Vpre"></g></l></v></tfr></token><token id="713692" text="время"><tfr rev_id="3300590" t="время"><v><l id="53149" t="время"><g v="NOUN"></g><g v="inan"></g><g v="neut"></g><g v="sing"></g><g v="accs"></g></l></v></tfr></token><token id="713693" text="съемок"><tfr rev_id="1545549" t="съемок"><v><l id="341465" t="съёмка"><g v="NOUN"></g><g v="inan"></g><g v="femn"></g><g v="plur"></g><g v="gent"></g></l></v></tfr></token><token id="713694" text="этой"><tfr rev_id="4438053" t="этой"><v><l id="386581" t="этот"><g v="ADJF"></g><g v="Subx"></g><g v="Apro"></g><g v="Anph"></g><g v="femn"></g><g v="sing"></g><g v="gent"></g></l></v></tfr></token><token id="713695" text="картины"><tfr rev_id="3488244" t="картины"><v><l id="130773" t="картина"><g v="NOUN"></g><g v="inan"></g><g v="femn"></g><g v="sing"></g><g v="gent"></g></l></v></tfr></token><token id="713696" text="актриса"><tfr rev_id="1545552" t="актриса"><v><l id="7724" t="актриса"><g v="NOUN"></g><g v="anim"></g><g v="femn"></g><g v="sing"></g><g v="nomn"></g></l></v></tfr></token><token id="713697" text="встретила"><tfr rev_id="1545553" t="встретила"><v><l id="54520" t="встретил"><g v="VERB"></g><g v="perf"></g><g v="tran"></g><g v="femn"></g><g v="sing"></g><g v="past"></g><g v="indc"></g></l></v></tfr></token><token id="713698" text="Ричарда"><tfr rev_id="4363841" t="Ричарда"><v><l id="307988" t="ричард"><g v="NOUN"></g><g v="anim"></g><g v="masc"></g><g v="Name"></g><g v="sing"></g><g v="accs"></g></l></v></tfr></token><token id="713699" text="Бартона"><tfr rev_id="1545555" t="Бартона"><v><l id="0" t="бартона"><g v="UNKN"></g></l></v></tfr></token><token id="713700" text=","><tfr rev_id="1545556" t=","><v><l id="0" t=","><g v="PNCT"></g></l></v></tfr></token><token id="713701" text="которому"><tfr rev_id="3823757" t="которому"><v><l id="141203" t="который"><g v="ADJF"></g><g v="Apro"></g><g v="Subx"></g><g v="Anph"></g><g v="masc"></g><g v="sing"></g><g v="datv"></g></l></v></tfr></token><token id="713702" text="суждено"><tfr rev_id="3647910" t="суждено"><v><l id="339182" t="сужден"><g v="ADJS"></g><g v="Arch"></g><g v="neut"></g><g v="sing"></g></l></v><v><l id="339183" t="суждено"><g v="PRED"></g><g v="pres"></g></l></v><v><l id="389482" t="суждено"><g v="ADVB"></g></l></v></tfr></token><token id="713703" text="стать"><tfr rev_id="1712996" t="стать"><v><l id="335165" t="стать"><g v="INFN"></g><g v="perf"></g><g v="intr"></g></l></v></tfr></token><token id="713704" text="ее"><tfr rev_id="4515801" t="ее"><v><l id="94433" t="её"><g v="ADJF"></g><g v="Fixd"></g><g v="Apro"></g><g v="Anph"></g><g v="masc"></g><g v="sing"></g><g v="nomn"></g></l></v><v><l id="94433" t="её"><g v="ADJF"></g><g v="Fixd"></g><g v="Apro"></g><g v="Anph"></g><g v="masc"></g><g v="sing"></g><g v="gent"></g></l></v><v><l id="94433" t="её"><g v="ADJF"></g><g v="Fixd"></g><g v="Apro"></g><g v="Anph"></g><g v="masc"></g><g v="sing"></g><g v="datv"></g></l></v><v><l id="94433" t="её"><g v="ADJF"></g><g v="Fixd"></g><g v="Apro"></g><g v="Anph"></g><g v="masc"></g><g v="sing"></g><g v="accs"></g></l></v><v><l id="94433" t="её"><g v="ADJF"></g><g v="Fixd"></g><g v="Apro"></g><g v="Anph"></g><g v="masc"></g><g v="sing"></g><g v="ablt"></g></l></v><v><l id="94433" t="её"><g v="ADJF"></g><g v="Fixd"></g><g v="Apro"></g><g v="Anph"></g><g v="masc"></g><g v="sing"></g><g v="loct"></g></l></v></tfr></token><token id="713705" text="пятым"><tfr rev_id="4209577" t="пятым"><v><l id="290439" t="пятый"><g v="ADJF"></g><g v="Anum"></g><g v="masc"></g><g v="sing"></g><g v="ablt"></g></l></v></tfr></token><token id="713706" text="мужем"><tfr rev_id="4280465" t="мужем"><v><l id="164704" t="муж"><g v="NOUN"></g><g v="anim"></g><g v="masc"></g><g v="sing"></g><g v="ablt"></g></l></v></tfr></token><token id="713707" text="…"><tfr rev_id="2447690" t="…"><v><l id="0" t="…"><g v="PNCT"></g></l></v></tfr></token><token id="713708" text="дважды"><tfr rev_id="1545564" t="дважды"><v><l id="78793" t="дважды"><g v="ADVB"></g></l></v></tfr></token><token id="713709" text="."><tfr rev_id="1545565" t="."><v><l id="0" t="."><g v="PNCT"></g></l></v></tfr></token></tokens></sentence><sentence id="40100"><source>Оба раза брак закончился разводом.</source><tokens><token id="713710" text="Оба"><tfr rev_id="1545566" t="Оба"><v><l id="193002" t="оба"><g v="NUMR"></g><g v="masc"></g><g v="nomn"></g></l></v><v><l id="193002" t="оба"><g v="NUMR"></g><g v="inan"></g><g v="masc"></g><g v="accs"></g></l></v><v><l id="193002" t="оба"><g v="NUMR"></g><g v="neut"></g><g v="nomn"></g></l></v><v><l id="193002" t="оба"><g v="NUMR"></g><g v="inan"></g><g v="neut"></g><g v="accs"></g></l></v></tfr></token><token id="713711" text="раза"><tfr rev_id="3421634" t="раза"><v><l id="291500" t="раз"><g v="NOUN"></g><g v="inan"></g><g v="masc"></g><g v="sing"></g><g v="gen1"></g></l></v></tfr></token><token id="713712" text="брак"><tfr rev_id="4104121" t="брак"><v><l id="33431" t="брак"><g v="NOUN"></g><g v="inan"></g><g v="masc"></g><g v="sing"></g><g v="nomn"></g></l></v></tfr></token><token id="713713" text="закончился"><tfr rev_id="1545569" t="закончился"><v><l id="103837" t="закончился"><g v="VERB"></g><g v="perf"></g><g v="intr"></g><g v="masc"></g><g v="sing"></g><g v="past"></g><g v="indc"></g></l></v></tfr></token><token id="713714" text="разводом"><tfr rev_id="1545570" t="разводом"><v><l id="292594" t="развод"><g v="NOUN"></g><g v="inan"></g><g v="masc"></g><g v="sing"></g><g v="ablt"></g></l></v></tfr></token><token id="713715" text="."><tfr rev_id="1545571" t="."><v><l id="0" t="."><g v="PNCT"></g></l></v></tfr></token></tokens></sentence></paragraph><paragraph id="12909"><sentence id="40101"><source>Всего за свою жизнь Элизабет Тейлор выходила замуж восемь раз.</source><tokens><token id="713716" text="Всего"><tfr rev_id="4496159" t="Всего"><v><l id="53373" t="всего"><g v="ADVB"></g></l></v></tfr></token><token id="713717" text="за"><tfr rev_id="1545573" t="за"><v><l id="98043" t="за"><g v="PREP"></g></l></v></tfr></token><token id="713718" text="свою"><tfr rev_id="3632286" t="свою"><v><l id="316379" t="свой"><g v="ADJF"></g><g v="Apro"></g><g v="Anph"></g><g v="femn"></g><g v="sing"></g><g v="accs"></g></l></v></tfr></token><token id="713719" text="жизнь"><tfr rev_id="3530692" t="жизнь"><v><l id="97314" t="жизнь"><g v="NOUN"></g><g v="inan"></g><g v="femn"></g><g v="sing"></g><g v="accs"></g></l></v></tfr></token><token id="713720" text="Элизабет"><tfr rev_id="4173515" t="Элизабет"><v><l id="384761" t="элизабет"><g v="NOUN"></g><g v="anim"></g><g v="femn"></g><g v="Fixd"></g><g v="Name"></g><g v="sing"></g><g v="nomn"></g></l></v></tfr></token><token id="713721" text="Тейлор"><tfr rev_id="4288392" t="Тейлор"><v><l id="389545" t="тейлор"><g v="NOUN"></g><g v="anim"></g><g v="femn"></g><g v="Sgtm"></g><g v="Fixd"></g><g v="Surn"></g><g v="sing"></g><g v="nomn"></g></l></v></tfr></token><token id="713722" text="выходила"><tfr rev_id="1545578" t="выходила"><v><l id="63962" t="выхожу"><g v="VERB"></g><g v="impf"></g><g v="intr"></g><g v="femn"></g><g v="sing"></g><g v="past"></g><g v="indc"></g></l></v><v><l id="63967" t="выходил"><g v="VERB"></g><g v="perf"></g><g v="tran"></g><g v="femn"></g><g v="sing"></g><g v="past"></g><g v="indc"></g></l></v></tfr></token><token id="713723" text="замуж"><tfr rev_id="1545579" t="замуж"><v><l id="105911" t="замуж"><g v="ADVB"></g></l></v></tfr></token><token id="713724" text="восемь"><tfr rev_id="1545580" t="восемь"><v><l id="51338" t="восемь"><g v="NUMR"></g><g v="nomn"></g></l></v><v><l id="51338" t="восемь"><g v="NUMR"></g><g v="accs"></g></l></v></tfr></token><token id="713725" text="раз"><tfr rev_id="4488136" t="раз"><v><l id="291500" t="раз"><g v="NOUN"></g><g v="inan"></g><g v="masc"></g><g v="plur"></g><g v="gent"></g></l></v></tfr></token><token id="713726" text="."><tfr rev_id="1545582" t="."><v><l id="0" t="."><g v="PNCT"></g></l></v></tfr></token></tokens></sentence><sentence id="40102"><source>Преимущественно это были богатые или известные в обществе личности.</source><tokens><token id="713727" text="Преимущественно"><tfr rev_id="1545583" t="Преимущественно"><v><l id="267498" t="преимущественно"><g v="ADVB"></g></l></v><v><l id="267500" t="преимуществен"><g v="ADJS"></g><g v="neut"></g><g v="sing"></g></l></v></tfr></token><token id="713728" text="это"><tfr rev_id="4441914" t="это"><v><l id="386574" t="это"><g v="PRCL"></g></l></v><v><l id="386575" t="это"><g v="NPRO"></g><g v="neut"></g><g v="sing"></g><g v="nomn"></g></l></v><v><l id="386575" t="это"><g v="NPRO"></g><g v="neut"></g><g v="sing"></g><g v="accs"></g></l></v><v><l id="386581" t="этот"><g v="ADJF"></g><g v="Subx"></g><g v="Apro"></g><g v="Anph"></g><g v="neut"></g><g v="sing"></g><g v="nomn"></g></l></v><v><l id="386581" t="этот"><g v="ADJF"></g><g v="Subx"></g><g v="Apro"></g><g v="Anph"></g><g v="neut"></g><g v="sing"></g><g v="accs"></g></l></v></tfr></token><token id="713729" text="были"><tfr rev_id="1714835" t="были"><v><l id="37265" t="есть"><g v="VERB"></g><g v="impf"></g><g v="intr"></g><g v="plur"></g><g v="past"></g><g v="indc"></g></l></v></tfr></token><token id="713730" text="богатые"><tfr rev_id="3429687" t="богатые"><v><l id="31403" t="богатый"><g v="ADJF"></g><g v="Qual"></g><g v="plur"></g><g v="nomn"></g></l></v><v><l id="31403" t="богатый"><g v="ADJF"></g><g v="Qual"></g><g v="inan"></g><g v="plur"></g><g v="accs"></g></l></v></tfr></token><token id="713731" text="или"><tfr rev_id="3787377" t="или"><v><l id="121146" t="или"><g v="CONJ"></g></l></v></tfr></token><token id="713732" text="известные"><tfr rev_id="3793562" t="известные"><v><l id="118144" t="известный"><g v="ADJF"></g><g v="Qual"></g><g v="plur"></g><g v="nomn"></g></l></v></tfr></token><token id="713733" text="в"><tfr rev_id="1545589" t="в"><v><l id="37409" t="в"><g v="PREP"></g></l></v></tfr></token><token id="713734" text="обществе"><tfr rev_id="1545590" t="обществе"><v><l id="201616" t="общество"><g v="NOUN"></g><g v="inan"></g><g v="neut"></g><g v="sing"></g><g v="loct"></g></l></v></tfr></token><token id="713735" text="личности"><tfr rev_id="3815406" t="личности"><v><l id="150210" t="личность"><g v="NOUN"></g><g v="inan"></g><g v="femn"></g><g v="plur"></g><g v="nomn"></g></l></v></tfr></token><token id="713736" text="."><tfr rev_id="1545592" t="."><v><l id="0" t="."><g v="PNCT"></g></l></v></tfr></token></tokens></sentence><sentence id="40103"><source>Однако ее последним мужем стал никому неизвестный плотник Ларри Фортенски.</source><tokens><token id="713737" text="Однако"><tfr rev_id="2624633" t="Однако"><v><l id="203386" t="однако"><g v="INTJ"></g></l></v><v><l id="203387" t="однако"><g v="CONJ"></g><g v="Prnt"></g></l></v></tfr></token><token id="713738" text="ее"><tfr rev_id="4515276" t="ее"><v><l id="94433" t="её"><g v="ADJF"></g><g v="Fixd"></g><g v="Apro"></g><g v="Anph"></g><g v="masc"></g><g v="sing"></g><g v="nomn"></g></l></v><v><l id="94433" t="её"><g v="ADJF"></g><g v="Fixd"></g><g v="Apro"></g><g v="Anph"></g><g v="masc"></g><g v="sing"></g><g v="gent"></g></l></v><v><l id="94433" t="её"><g v="ADJF"></g><g v="Fixd"></g><g v="Apro"></g><g v="Anph"></g><g v="masc"></g><g v="sing"></g><g v="datv"></g></l></v><v><l id="94433" t="её"><g v="ADJF"></g><g v="Fixd"></g><g v="Apro"></g><g v="Anph"></g><g v="masc"></g><g v="sing"></g><g v="accs"></g></l></v><v><l id="94433" t="её"><g v="ADJF"></g><g v="Fixd"></g><g v="Apro"></g><g v="Anph"></g><g v="masc"></g><g v="sing"></g><g v="ablt"></g></l></v><v><l id="94433" t="её"><g v="ADJF"></g><g v="Fixd"></g><g v="Apro"></g><g v="Anph"></g><g v="masc"></g><g v="sing"></g><g v="loct"></g></l></v></tfr></token><token id="713739" text="последним"><tfr rev_id="4308793" t="последним"><v><l id="261565" t="последний"><g v="ADJF"></g><g v="masc"></g><g v="sing"></g><g v="ablt"></g></l></v></tfr></token><token id="713740" text="мужем"><tfr rev_id="4280466" t="мужем"><v><l id="164704" t="муж"><g v="NOUN"></g><g v="anim"></g><g v="masc"></g><g v="sing"></g><g v="ablt"></g></l></v></tfr></token><token id="713741" text="стал"><tfr rev_id="1545597" t="стал"><v><l id="335164" t="стал"><g v="VERB"></g><g v="perf"></g><g v="intr"></g><g v="masc"></g><g v="sing"></g><g v="past"></g><g v="indc"></g></l></v></tfr></token><token id="713742" text="никому"><tfr rev_id="1545598" t="никому"><v><l id="191016" t="никто"><g v="NPRO"></g><g v="sing"></g><g v="datv"></g></l></v></tfr></token><token id="713743" text="неизвестный"><tfr rev_id="1545599" t="неизвестный"><v><l id="182657" t="неизвестный"><g v="ADJF"></g><g v="Qual"></g><g v="masc"></g><g v="sing"></g><g v="nomn"></g></l></v><v><l id="182657" t="неизвестный"><g v="ADJF"></g><g v="Qual"></g><g v="inan"></g><g v="masc"></g><g v="sing"></g><g v="accs"></g></l></v></tfr></token><token id="713744" text="плотник"><tfr rev_id="1545600" t="плотник"><v><l id="240844" t="плотник"><g v="NOUN"></g><g v="anim"></g><g v="masc"></g><g v="sing"></g><g v="nomn"></g></l></v></tfr></token><token id="713745" text="Ларри"><tfr rev_id="3490569" t="Ларри"><v><l id="146959" t="ларри"><g v="NOUN"></g><g v="anim"></g><g v="masc"></g><g v="Sgtm"></g><g v="Fixd"></g><g v="Name"></g><g v="sing"></g><g v="nomn"></g></l></v></tfr></token><token id="713746" text="Фортенски"><tfr rev_id="1545602" t="Фортенски"><v><l id="0" t="фортенски"><g v="UNKN"></g></l></v></tfr></token><token id="713747" text="."><tfr rev_id="1545603" t="."><v><l id="0" t="."><g v="PNCT"></g></l></v></tfr></token></tokens></sentence><sentence id="40104"><source>Свадьбу отгуляли на ранчо Майкла Джексона, с которым у Тейлор были теплые дружеские отношения.</source><tokens><token id="713748" text="Свадьбу"><tfr rev_id="1545604" t="Свадьбу"><v><l id="314610" t="свадьба"><g v="NOUN"></g><g v="inan"></g><g v="femn"></g><g v="sing"></g><g v="accs"></g></l></v></tfr></token><token id="713749" text="отгуляли"><tfr rev_id="1545605" t="отгуляли"><v><l id="213204" t="отгулял"><g v="VERB"></g><g v="perf"></g><g v="tran"></g><g v="plur"></g><g v="past"></g><g v="indc"></g></l></v></tfr></token><token id="713750" text="на"><tfr rev_id="3344154" t="на"><v><l id="166264" t="на"><g v="PREP"></g></l></v></tfr></token><token id="713751" text="ранчо"><tfr rev_id="4178726" t="ранчо"><v><l id="297989" t="ранчо"><g v="NOUN"></g><g v="inan"></g><g v="neut"></g><g v="Fixd"></g><g v="sing"></g><g v="loct"></g></l></v></tfr></token><token id="713752" text="Майкла"><tfr rev_id="2922354" t="Майкла"><v><l id="153172" t="майкл"><g v="NOUN"></g><g v="anim"></g><g v="masc"></g><g v="Name"></g><g v="sing"></g><g v="gent"></g></l></v></tfr></token><token id="713753" text="Джексона"><tfr rev_id="3546908" t="Джексона"><v><l id="82889" t="джексон"><g v="NOUN"></g><g v="anim"></g><g v="masc"></g><g v="Sgtm"></g><g v="Surn"></g><g v="sing"></g><g v="gent"></g></l></v></tfr></token><token id="713754" text=","><tfr rev_id="1545610" t=","><v><l id="0" t=","><g v="PNCT"></g></l></v></tfr></token><token id="713755" text="с"><tfr rev_id="1545611" t="с"><v><l id="311151" t="с"><g v="PREP"></g></l></v></tfr></token><token id="713756" text="которым"><tfr rev_id="4310361" t="которым"><v><l id="141203" t="который"><g v="ADJF"></g><g v="Apro"></g><g v="Subx"></g><g v="Anph"></g><g v="masc"></g><g v="sing"></g><g v="ablt"></g></l></v></tfr></token><token id="713757" text="у"><tfr rev_id="3226603" t="у"><v><l id="352818" t="у"><g v="PREP"></g></l></v></tfr></token><token id="713758" text="Тейлор"><tfr rev_id="4153000" t="Тейлор"><v><l id="389545" t="тейлор"><g v="NOUN"></g><g v="anim"></g><g v="femn"></g><g v="Sgtm"></g><g v="Fixd"></g><g v="Surn"></g><g v="sing"></g><g v="gent"></g></l></v></tfr></token><token id="713759" text="были"><tfr rev_id="1715241" t="были"><v><l id="37265" t="есть"><g v="VERB"></g><g v="impf"></g><g v="intr"></g><g v="plur"></g><g v="past"></g><g v="indc"></g></l></v></tfr></token><token id="713760" text="теплые"><tfr rev_id="3817182" t="теплые"><v><l id="341993" t="тёплый"><g v="ADJF"></g><g v="Qual"></g><g v="plur"></g><g v="nomn"></g></l></v></tfr></token><token id="713761" text="дружеские"><tfr rev_id="3747683" t="дружеские"><v><l id="92352" t="дружеский"><g v="ADJF"></g><g v="plur"></g><g v="nomn"></g></l></v></tfr></token><token id="713762" text="отношения"><tfr rev_id="3797933" t="отношения"><v><l id="215944" t="отношение"><g v="NOUN"></g><g v="inan"></g><g v="neut"></g><g v="plur"></g><g v="nomn"></g></l></v></tfr></token><token id="713763" text="."><tfr rev_id="1545619" t="."><v><l id="0" t="."><g v="PNCT"></g></l></v></tfr></token></tokens></sentence><sentence id="40105"><source>Именно Джексон вывел Элизабет на сцену во время концерта-празднования ее 65-го дня рождения, который транслировался на всю страну.</source><tokens><token id="713764" text="Именно"><tfr rev_id="1545620" t="Именно"><v><l id="121584" t="именно"><g v="PRCL"></g></l></v></tfr></token><token id="713765" text="Джексон"><tfr rev_id="4282947" t="Джексон"><v><l id="82889" t="джексон"><g v="NOUN"></g><g v="anim"></g><g v="masc"></g><g v="Sgtm"></g><g v="Surn"></g><g v="sing"></g><g v="nomn"></g></l></v></tfr></token><token id="713766" text="вывел"><tfr rev_id="1545622" t="вывел"><v><l id="56218" t="вывел"><g v="VERB"></g><g v="perf"></g><g v="tran"></g><g v="masc"></g><g v="sing"></g><g v="past"></g><g v="indc"></g></l></v></tfr></token><token id="713767" text="Элизабет"><tfr rev_id="4250318" t="Элизабет"><v><l id="384761" t="элизабет"><g v="NOUN"></g><g v="anim"></g><g v="femn"></g><g v="Fixd"></g><g v="Name"></g><g v="sing"></g><g v="accs"></g></l></v></tfr></token><token id="713768" text="на"><tfr rev_id="3338414" t="на"><v><l id="166264" t="на"><g v="PREP"></g></l></v></tfr></token><token id="713769" text="сцену"><tfr rev_id="1545625" t="сцену"><v><l id="341041" t="сцена"><g v="NOUN"></g><g v="inan"></g><g v="femn"></g><g v="sing"></g><g v="accs"></g></l></v></tfr></token><token id="713770" text="во"><tfr rev_id="2920358" t="во"><v><l id="37409" t="в"><g v="PREP"></g><g v="Vpre"></g></l></v></tfr></token><token id="713771" text="время"><tfr rev_id="1545627" t="время"><v><l id="53149" t="время"><g v="NOUN"></g><g v="inan"></g><g v="neut"></g><g v="sing"></g><g v="nomn"></g></l></v><v><l id="53149" t="время"><g v="NOUN"></g><g v="inan"></g><g v="neut"></g><g v="sing"></g><g v="accs"></g></l></v></tfr></token><token id="713772" text="концерта"><tfr rev_id="1545628" t="концерта"><v><l id="138954" t="концерт"><g v="NOUN"></g><g v="inan"></g><g v="masc"></g><g v="sing"></g><g v="gent"></g></l></v></tfr></token><token id="713773" text="-"><tfr rev_id="1545629" t="-"><v><l id="0" t="-"><g v="PNCT"></g></l></v></tfr></token><token id="713774" text="празднования"><tfr rev_id="3509052" t="празднования"><v><l id="265835" t="празднование"><g v="NOUN"></g><g v="inan"></g><g v="neut"></g><g v="sing"></g><g v="gent"></g></l></v></tfr></token><token id="713775" text="ее"><tfr rev_id="4515227" t="ее"><v><l id="94433" t="её"><g v="ADJF"></g><g v="Fixd"></g><g v="Apro"></g><g v="Anph"></g><g v="masc"></g><g v="sing"></g><g v="nomn"></g></l></v><v><l id="94433" t="её"><g v="ADJF"></g><g v="Fixd"></g><g v="Apro"></g><g v="Anph"></g><g v="masc"></g><g v="sing"></g><g v="gent"></g></l></v><v><l id="94433" t="её"><g v="ADJF"></g><g v="Fixd"></g><g v="Apro"></g><g v="Anph"></g><g v="masc"></g><g v="sing"></g><g v="datv"></g></l></v><v><l id="94433" t="её"><g v="ADJF"></g><g v="Fixd"></g><g v="Apro"></g><g v="Anph"></g><g v="masc"></g><g v="sing"></g><g v="accs"></g></l></v><v><l id="94433" t="её"><g v="ADJF"></g><g v="Fixd"></g><g v="Apro"></g><g v="Anph"></g><g v="masc"></g><g v="sing"></g><g v="ablt"></g></l></v><v><l id="94433" t="её"><g v="ADJF"></g><g v="Fixd"></g><g v="Apro"></g><g v="Anph"></g><g v="masc"></g><g v="sing"></g><g v="loct"></g></l></v></tfr></token><token id="713776" text="65-го"><tfr rev_id="1545632" t="65-го"><v><l id="0" t="65-го"><g v="UNKN"></g></l></v></tfr></token><token id="713777" text="дня"><tfr rev_id="1545633" t="дня"><v><l id="81427" t="день"><g v="NOUN"></g><g v="inan"></g><g v="masc"></g><g v="sing"></g><g v="gent"></g></l></v></tfr></token><token id="713778" text="рождения"><tfr rev_id="3495700" t="рождения"><v><l id="308457" t="рождение"><g v="NOUN"></g><g v="inan"></g><g v="neut"></g><g v="sing"></g><g v="gent"></g></l></v></tfr></token><token id="713779" text=","><tfr rev_id="1545635" t=","><v><l id="0" t=","><g v="PNCT"></g></l></v></tfr></token><token id="713780" text="который"><tfr rev_id="3637503" t="который"><v><l id="141203" t="который"><g v="ADJF"></g><g v="Apro"></g><g v="Subx"></g><g v="Anph"></g><g v="masc"></g><g v="sing"></g><g v="nomn"></g></l></v><v><l id="141203" t="который"><g v="ADJF"></g><g v="Apro"></g><g v="Subx"></g><g v="Anph"></g><g v="inan"></g><g v="masc"></g><g v="sing"></g><g v="accs"></g></l></v></tfr></token><token id="713781" text="транслировался"><tfr rev_id="1545637" t="транслировался"><v><l id="349039" t="транслируюсь"><g v="VERB"></g><g v="impf"></g><g v="intr"></g><g v="masc"></g><g v="sing"></g><g v="past"></g><g v="indc"></g></l></v></tfr></token><token id="713782" text="на"><tfr rev_id="3346037" t="на"><v><l id="166264" t="на"><g v="PREP"></g></l></v></tfr></token><token id="713783" text="всю"><tfr rev_id="4131382" t="всю"><v><l id="42156" t="весь"><g v="ADJF"></g><g v="Subx"></g><g v="Apro"></g><g v="femn"></g><g v="sing"></g><g v="accs"></g></l></v></tfr></token><token id="713784" text="страну"><tfr rev_id="1545640" t="страну"><v><l id="337100" t="страна"><g v="NOUN"></g><g v="inan"></g><g v="femn"></g><g v="sing"></g><g v="accs"></g></l></v></tfr></token><token id="713785" text="."><tfr rev_id="1545641" t="."><v><l id="0" t="."><g v="PNCT"></g></l></v></tfr></token></tokens></sentence></paragraph><paragraph id="12910"><sentence id="40106"><source>А уже через несколько дней после этого актрисе вырезали опухоль в мозге.</source><tokens><token id="713786" text="А"><tfr rev_id="1545642" t="А"><v><l id="51" t="а"><g v="CONJ"></g></l></v><v><l id="52" t="а"><g v="INTJ"></g></l></v><v><l id="53" t="а"><g v="PRCL"></g></l></v></tfr></token><token id="713787" text="уже"><tfr rev_id="2692947" t="уже"><v><l id="355422" t="уж"><g v="NOUN"></g><g v="anim"></g><g v="masc"></g><g v="sing"></g><g v="loct"></g></l></v><v><l id="355498" t="уже"><g v="ADVB"></g></l></v><v><l id="355674" t="уже"><g v="COMP"></g><g v="Qual"></g></l></v><v><l id="388673" t="уже"><g v="PRCL"></g></l></v></tfr></token><token id="713788" text="через"><tfr rev_id="1545644" t="через"><v><l id="375333" t="через"><g v="PREP"></g></l></v></tfr></token><token id="713789" text="несколько"><tfr rev_id="4176521" t="несколько"><v><l id="188126" t="несколько"><g v="NUMR"></g><g v="nomn"></g></l></v><v><l id="188126" t="несколько"><g v="NUMR"></g><g v="inan"></g><g v="accs"></g></l></v></tfr></token><token id="713790" text="дней"><tfr rev_id="1545646" t="дней"><v><l id="81427" t="день"><g v="NOUN"></g><g v="inan"></g><g v="masc"></g><g v="plur"></g><g v="gent"></g></l></v></tfr></token><token id="713791" text="после"><tfr rev_id="4356280" t="после"><v><l id="261542" t="после"><g v="PREP"></g></l></v></tfr></token><token id="713792" text="этого"><tfr rev_id="3509639" t="этого"><v><l id="386575" t="это"><g v="NPRO"></g><g v="neut"></g><g v="sing"></g><g v="gent"></g></l></v></tfr></token><token id="713793" text="актрисе"><tfr rev_id="3447407" t="актрисе"><v><l id="7724" t="актриса"><g v="NOUN"></g><g v="anim"></g><g v="femn"></g><g v="sing"></g><g v="datv"></g></l></v></tfr></token><token id="713794" text="вырезали"><tfr rev_id="1545650" t="вырезали"><v><l id="61262" t="вырезаю"><g v="VERB"></g><g v="impf"></g><g v="tran"></g><g v="plur"></g><g v="past"></g><g v="indc"></g></l></v><v><l id="61269" t="вырезал"><g v="VERB"></g><g v="perf"></g><g v="tran"></g><g v="plur"></g><g v="past"></g><g v="indc"></g></l></v></tfr></token><token id="713795" text="опухоль"><tfr rev_id="4083433" t="опухоль"><v><l id="208499" t="опухоль"><g v="NOUN"></g><g v="inan"></g><g v="femn"></g><g v="sing"></g><g v="accs"></g></l></v></tfr></token><token id="713796" text="в"><tfr rev_id="1545652" t="в"><v><l id="37409" t="в"><g v="PREP"></g></l></v></tfr></token><token id="713797" text="мозге"><tfr rev_id="1545653" t="мозге"><v><l id="162481" t="мозг"><g v="NOUN"></g><g v="inan"></g><g v="masc"></g><g v="sing"></g><g v="loc1"></g></l></v></tfr></token><token id="713798" text="."><tfr rev_id="1545654" t="."><v><l id="0" t="."><g v="PNCT"></g></l></v></tfr></token></tokens></sentence><sentence id="40107"><source>Это была лишь одна из многочисленных проблем со здоровьем Элизабет.</source><tokens><token id="713799" text="Это"><tfr rev_id="4441915" t="Это"><v><l id="386574" t="это"><g v="PRCL"></g></l></v><v><l id="386575" t="это"><g v="NPRO"></g><g v="neut"></g><g v="sing"></g><g v="nomn"></g></l></v><v><l id="386575" t="это"><g v="NPRO"></g><g v="neut"></g><g v="sing"></g><g v="accs"></g></l></v><v><l id="386581" t="этот"><g v="ADJF"></g><g v="Subx"></g><g v="Apro"></g><g v="Anph"></g><g v="neut"></g><g v="sing"></g><g v="nomn"></g></l></v><v><l id="386581" t="этот"><g v="ADJF"></g><g v="Subx"></g><g v="Apro"></g><g v="Anph"></g><g v="neut"></g><g v="sing"></g><g v="accs"></g></l></v></tfr></token><token id="713800" text="была"><tfr rev_id="1545656" t="была"><v><l id="37265" t="есть"><g v="VERB"></g><g v="impf"></g><g v="intr"></g><g v="femn"></g><g v="sing"></g><g v="past"></g><g v="indc"></g></l></v></tfr></token><token id="713801" text="лишь"><tfr rev_id="1545657" t="лишь"><v><l id="150259" t="лишь"><g v="CONJ"></g></l></v><v><l id="150260" t="лишь"><g v="PRCL"></g></l></v></tfr></token><token id="713802" text="одна"><tfr rev_id="4301891" t="одна"><v><l id="203319" t="один"><g v="ADJF"></g><g v="Apro"></g><g v="Anum"></g><g v="femn"></g><g v="sing"></g><g v="nomn"></g></l></v></tfr></token><token id="713803" text="из"><tfr rev_id="1671210" t="из"><v><l id="117677" t="из"><g v="PREP"></g></l></v></tfr></token><token id="713804" text="многочисленных"><tfr rev_id="3824129" t="многочисленных"><v><l id="162068" t="многочисленный"><g v="ADJF"></g><g v="Qual"></g><g v="plur"></g><g v="gent"></g></l></v></tfr></token><token id="713805" text="проблем"><tfr rev_id="1545661" t="проблем"><v><l id="277255" t="проблема"><g v="NOUN"></g><g v="inan"></g><g v="femn"></g><g v="plur"></g><g v="gent"></g></l></v></tfr></token><token id="713806" text="со"><tfr rev_id="2919298" t="со"><v><l id="311151" t="с"><g v="PREP"></g><g v="Vpre"></g></l></v></tfr></token><token id="713807" text="здоровьем"><tfr rev_id="1545663" t="здоровьем"><v><l id="114746" t="здоровье"><g v="NOUN"></g><g v="inan"></g><g v="neut"></g><g v="sing"></g><g v="ablt"></g></l></v></tfr></token><token id="713808" text="Элизабет"><tfr rev_id="3860659" t="Элизабет"><v><l id="384761" t="элизабет"><g v="NOUN"></g><g v="anim"></g><g v="femn"></g><g v="Fixd"></g><g v="Name"></g><g v="sing"></g><g v="gent"></g></l></v></tfr></token><token id="713809" text="."><tfr rev_id="1545665" t="."><v><l id="0" t="."><g v="PNCT"></g></l></v></tfr></token></tokens></sentence><sentence id="40108"><source>Врачи говорят, что Тейлор особенно подорвала свое здоровье, злоупотребляя диетическими таблетками и алкоголем с помощью которых она пыталась избавиться от лишнего веса.</source><tokens><token id="713810" text="Врачи"><tfr rev_id="1545666" t="Врачи"><v><l id="53020" t="врач"><g v="NOUN"></g><g v="anim"></g><g v="masc"></g><g v="plur"></g><g v="nomn"></g></l></v></tfr></token><token id="713811" text="говорят"><tfr rev_id="4214549" t="говорят"><v><l id="72053" t="говорю"><g v="VERB"></g><g v="impf"></g><g v="tran"></g><g v="plur"></g><g v="3per"></g><g v="pres"></g><g v="indc"></g></l></v></tfr></token><token id="713812" text=","><tfr rev_id="1545668" t=","><v><l id="0" t=","><g v="PNCT"></g></l></v></tfr></token><token id="713813" text="что"><tfr rev_id="3197891" t="что"><v><l id="377004" t="что"><g v="CONJ"></g></l></v><v><l id="377005" t="что"><g v="NPRO"></g><g v="neut"></g><g v="sing"></g><g v="nomn"></g></l></v><v><l id="377005" t="что"><g v="NPRO"></g><g v="neut"></g><g v="sing"></g><g v="accs"></g></l></v><v><l id="377006" t="что"><g v="ADVB"></g><g v="Ques"></g></l></v><v><l id="388695" t="что"><g v="PRCL"></g></l></v></tfr></token><token id="713814" text="Тейлор"><tfr rev_id="4284716" t="Тейлор"><v><l id="389545" t="тейлор"><g v="NOUN"></g><g v="anim"></g><g v="femn"></g><g v="Sgtm"></g><g v="Fixd"></g><g v="Surn"></g><g v="sing"></g><g v="nomn"></g></l></v></tfr></token><token id="713815" text="особенно"><tfr rev_id="3657142" t="особенно"><v><l id="210627" t="особенно"><g v="ADVB"></g></l></v></tfr></token><token id="713816" text="подорвала"><tfr rev_id="1545672" t="подорвала"><v><l id="248556" t="подорвал"><g v="VERB"></g><g v="perf"></g><g v="tran"></g><g v="femn"></g><g v="sing"></g><g v="past"></g><g v="indc"></g></l></v></tfr></token><token id="713817" text="свое"><tfr rev_id="3632834" t="свое"><v><l id="316379" t="свой"><g v="ADJF"></g><g v="Apro"></g><g v="Anph"></g><g v="neut"></g><g v="sing"></g><g v="nomn"></g></l></v><v><l id="316379" t="свой"><g v="ADJF"></g><g v="Apro"></g><g v="Anph"></g><g v="neut"></g><g v="sing"></g><g v="accs"></g></l></v></tfr></token><token id="713818" text="здоровье"><tfr rev_id="4486157" t="здоровье"><v><l id="114746" t="здоровье"><g v="NOUN"></g><g v="inan"></g><g v="neut"></g><g v="sing"></g><g v="accs"></g></l></v></tfr></token><token id="713819" text=","><tfr rev_id="1545675" t=","><v><l id="0" t=","><g v="PNCT"></g></l></v></tfr></token><token id="713820" text="злоупотребляя"><tfr rev_id="1545676" t="злоупотребляя"><v><l id="115814" t="злоупотребляя"><g v="GRND"></g><g v="impf"></g><g v="intr"></g><g v="pres"></g></l></v></tfr></token><token id="713821" text="диетическими"><tfr rev_id="1545677" t="диетическими"><v><l id="83700" t="диетический"><g v="ADJF"></g><g v="plur"></g><g v="ablt"></g></l></v></tfr></token><token id="713822" text="таблетками"><tfr rev_id="1545678" t="таблетками"><v><l id="342098" t="таблетка"><g v="NOUN"></g><g v="inan"></g><g v="femn"></g><g v="plur"></g><g v="ablt"></g></l></v></tfr></token><token id="713823" text="и"><tfr rev_id="4208431" t="и"><v><l id="116949" t="и"><g v="CONJ"></g></l></v></tfr></token><token id="713824" text="алкоголем"><tfr rev_id="1545680" t="алкоголем"><v><l id="9619" t="алкоголь"><g v="NOUN"></g><g v="inan"></g><g v="masc"></g><g v="sing"></g><g v="ablt"></g></l></v></tfr></token><token id="713825" text="с"><tfr rev_id="1545681" t="с"><v><l id="311151" t="с"><g v="PREP"></g></l></v></tfr></token><token id="713826" text="помощью"><tfr rev_id="1545682" t="помощью"><v><l id="257960" t="помощь"><g v="NOUN"></g><g v="inan"></g><g v="femn"></g><g v="sing"></g><g v="ablt"></g></l></v></tfr></token><token id="713827" text="которых"><tfr rev_id="3643876" t="которых"><v><l id="141203" t="который"><g v="ADJF"></g><g v="Apro"></g><g v="Subx"></g><g v="Anph"></g><g v="plur"></g><g v="gent"></g></l></v></tfr></token><token id="713828" text="она"><tfr rev_id="3586598" t="она"><v><l id="206544" t="она"><g v="NPRO"></g><g v="femn"></g><g v="3per"></g><g v="Anph"></g><g v="sing"></g><g v="nomn"></g></l></v></tfr></token><token id="713829" text="пыталась"><tfr rev_id="1545685" t="пыталась"><v><l id="290086" t="пытаюсь"><g v="VERB"></g><g v="impf"></g><g v="intr"></g><g v="femn"></g><g v="sing"></g><g v="past"></g><g v="indc"></g></l></v></tfr></token><token id="713830" text="избавиться"><tfr rev_id="1545686" t="избавиться"><v><l id="117719" t="избавиться"><g v="INFN"></g><g v="perf"></g><g v="intr"></g></l></v></tfr></token><token id="713831" text="от"><tfr rev_id="1545687" t="от"><v><l id="211644" t="от"><g v="PREP"></g></l></v></tfr></token><token id="713832" text="лишнего"><tfr rev_id="3481646" t="лишнего"><v><l id="150256" t="лишний"><g v="ADJF"></g><g v="masc"></g><g v="sing"></g><g v="gent"></g></l></v><v><l id="150256" t="лишний"><g v="ADJF"></g><g v="anim"></g><g v="masc"></g><g v="sing"></g><g v="accs"></g></l></v></tfr></token><token id="713833" text="веса"><tfr rev_id="3446312" t="веса"><v><l id="41930" t="вес"><g v="NOUN"></g><g v="inan"></g><g v="masc"></g><g v="sing"></g><g v="gen1"></g></l></v></tfr></token><token id="713834" text="."><tfr rev_id="1545690" t="."><v><l id="0" t="."><g v="PNCT"></g></l></v></tfr></token></tokens></sentence></paragraph><paragraph id="12911"><sentence id="40109"><source>Именно за ее роль в борьбе с ВИЧ / СПИДом академия кино искусств отметила Элизабет Тейлор третьим, гуманитарным Оскаром.</source><tokens><token id="713835" text="Именно"><tfr rev_id="1545691" t="Именно"><v><l id="121584" t="именно"><g v="PRCL"></g></l></v></tfr></token><token id="713836" text="за"><tfr rev_id="1545692" t="за"><v><l id="98043" t="за"><g v="PREP"></g></l></v></tfr></token><token id="713837" text="ее"><tfr rev_id="4514354" t="ее"><v><l id="94433" t="её"><g v="ADJF"></g><g v="Fixd"></g><g v="Apro"></g><g v="Anph"></g><g v="femn"></g><g v="sing"></g><g v="nomn"></g></l></v><v><l id="94433" t="её"><g v="ADJF"></g><g v="Fixd"></g><g v="Apro"></g><g v="Anph"></g><g v="femn"></g><g v="sing"></g><g v="gent"></g></l></v><v><l id="94433" t="её"><g v="ADJF"></g><g v="Fixd"></g><g v="Apro"></g><g v="Anph"></g><g v="femn"></g><g v="sing"></g><g v="datv"></g></l></v><v><l id="94433" t="её"><g v="ADJF"></g><g v="Fixd"></g><g v="Apro"></g><g v="Anph"></g><g v="femn"></g><g v="sing"></g><g v="accs"></g></l></v><v><l id="94433" t="её"><g v="ADJF"></g><g v="Fixd"></g><g v="Apro"></g><g v="Anph"></g><g v="femn"></g><g v="sing"></g><g v="ablt"></g></l></v><v><l id="94433" t="её"><g v="ADJF"></g><g v="Fixd"></g><g v="Apro"></g><g v="Anph"></g><g v="femn"></g><g v="sing"></g><g v="loct"></g></l></v></tfr></token><token id="713838" text="роль"><tfr rev_id="3501191" t="роль"><v><l id="308800" t="роль"><g v="NOUN"></g><g v="inan"></g><g v="femn"></g><g v="sing"></g><g v="nomn"></g></l></v><v><l id="308800" t="роль"><g v="NOUN"></g><g v="inan"></g><g v="femn"></g><g v="sing"></g><g v="accs"></g></l></v></tfr></token><token id="713839" text="в"><tfr rev_id="1545695" t="в"><v><l id="37409" t="в"><g v="PREP"></g></l></v></tfr></token><token id="713840" text="борьбе"><tfr rev_id="3447616" t="борьбе"><v><l id="33103" t="борьба"><g v="NOUN"></g><g v="inan"></g><g v="femn"></g><g v="Sgtm"></g><g v="sing"></g><g v="loct"></g></l></v></tfr></token><token id="713841" text="с"><tfr rev_id="1545697" t="с"><v><l id="311151" t="с"><g v="PREP"></g></l></v></tfr></token><token id="713842" text="ВИЧ"><tfr rev_id="3669610" t="ВИЧ"><v><l id="388945" t="вич"><g v="NOUN"></g><g v="inan"></g><g v="masc"></g><g v="Sgtm"></g><g v="Abbr"></g><g v="Fixd"></g><g v="sing"></g><g v="nomn"></g></l></v><v><l id="388945" t="вич"><g v="NOUN"></g><g v="inan"></g><g v="masc"></g><g v="Sgtm"></g><g v="Abbr"></g><g v="Fixd"></g><g v="sing"></g><g v="accs"></g></l></v></tfr></token><token id="713843" text="/"><tfr rev_id="1545699" t="/"><v><l id="0" t="/"><g v="PNCT"></g></l></v></tfr></token><token id="713844" text="СПИДом"><tfr rev_id="4139358" t="СПИДом"><v><l id="332101" t="спид"><g v="NOUN"></g><g v="inan"></g><g v="masc"></g><g v="Abbr"></g><g v="Sgtm"></g><g v="sing"></g><g v="ablt"></g></l></v></tfr></token><token id="713845" text="академия"><tfr rev_id="1545701" t="академия"><v><l id="6770" t="академия"><g v="NOUN"></g><g v="inan"></g><g v="femn"></g><g v="sing"></g><g v="nomn"></g></l></v></tfr></token><token id="713846" text="кино"><tfr rev_id="1545702" t="кино"><v><l id="132966" t="кино"><g v="NOUN"></g><g v="inan"></g><g v="neut"></g><g v="Fixd"></g><g v="sing"></g><g v="nomn"></g></l></v><v><l id="132966" t="кино"><g v="NOUN"></g><g v="inan"></g><g v="neut"></g><g v="Fixd"></g><g v="sing"></g><g v="gent"></g></l></v><v><l id="132966" t="кино"><g v="NOUN"></g><g v="inan"></g><g v="neut"></g><g v="Fixd"></g><g v="sing"></g><g v="datv"></g></l></v><v><l id="132966" t="кино"><g v="NOUN"></g><g v="inan"></g><g v="neut"></g><g v="Fixd"></g><g v="sing"></g><g v="accs"></g></l></v><v><l id="132966" t="кино"><g v="NOUN"></g><g v="inan"></g><g v="neut"></g><g v="Fixd"></g><g v="sing"></g><g v="ablt"></g></l></v><v><l id="132966" t="кино"><g v="NOUN"></g><g v="inan"></g><g v="neut"></g><g v="Fixd"></g><g v="sing"></g><g v="loct"></g></l></v><v><l id="132966" t="кино"><g v="NOUN"></g><g v="inan"></g><g v="neut"></g><g v="Fixd"></g><g v="plur"></g><g v="nomn"></g></l></v><v><l id="132966" t="кино"><g v="NOUN"></g><g v="inan"></g><g v="neut"></g><g v="Fixd"></g><g v="plur"></g><g v="gent"></g></l></v><v><l id="132966" t="кино"><g v="NOUN"></g><g v="inan"></g><g v="neut"></g><g v="Fixd"></g><g v="plur"></g><g v="datv"></g></l></v><v><l id="132966" t="кино"><g v="NOUN"></g><g v="inan"></g><g v="neut"></g><g v="Fixd"></g><g v="plur"></g><g v="accs"></g></l></v><v><l id="132966" t="кино"><g v="NOUN"></g><g v="inan"></g><g v="neut"></g><g v="Fixd"></g><g v="plur"></g><g v="ablt"></g></l></v><v><l id="132966" t="кино"><g v="NOUN"></g><g v="inan"></g><g v="neut"></g><g v="Fixd"></g><g v="plur"></g><g v="loct"></g></l></v></tfr></token><token id="713847" text="искусств"><tfr rev_id="1545703" t="искусств"><v><l id="124885" t="искусство"><g v="NOUN"></g><g v="inan"></g><g v="neut"></g><g v="plur"></g><g v="gent"></g></l></v></tfr></token><token id="713848" text="отметила"><tfr rev_id="1545704" t="отметила"><v><l id="215584" t="отметил"><g v="VERB"></g><g v="perf"></g><g v="tran"></g><g v="femn"></g><g v="sing"></g><g v="past"></g><g v="indc"></g></l></v></tfr></token><token id="713849" text="Элизабет"><tfr rev_id="3860732" t="Элизабет"><v><l id="384761" t="элизабет"><g v="NOUN"></g><g v="anim"></g><g v="femn"></g><g v="Fixd"></g><g v="Name"></g><g v="sing"></g><g v="accs"></g></l></v></tfr></token><token id="713850" text="Тейлор"><tfr rev_id="4250344" t="Тейлор"><v><l id="389545" t="тейлор"><g v="NOUN"></g><g v="anim"></g><g v="femn"></g><g v="Sgtm"></g><g v="Fixd"></g><g v="Surn"></g><g v="sing"></g><g v="accs"></g></l></v></tfr></token><token id="713851" text="третьим"><tfr rev_id="4506200" t="третьим"><v><l id="349855" t="третий"><g v="ADJF"></g><g v="Anum"></g><g v="masc"></g><g v="sing"></g><g v="ablt"></g></l></v></tfr></token><token id="713852" text=","><tfr rev_id="1545708" t=","><v><l id="0" t=","><g v="PNCT"></g></l></v></tfr></token><token id="713853" text="гуманитарным"><tfr rev_id="4462989" t="гуманитарным"><v><l id="76865" t="гуманитарный"><g v="ADJF"></g><g v="masc"></g><g v="sing"></g><g v="ablt"></g></l></v></tfr></token><token id="713854" text="Оскаром"><tfr rev_id="4318800" t="Оскаром"><v><l id="210053" t="оскар"><g v="NOUN"></g><g v="inan"></g><g v="masc"></g><g v="sing"></g><g v="ablt"></g></l></v></tfr></token><token id="713855" text="."><tfr rev_id="1545711" t="."><v><l id="0" t="."><g v="PNCT"></g></l></v></tfr></token></tokens></sentence><sentence id="40110"><source>Последнюю кино-роль актриса сыграла в 1994 году.</source><tokens><token id="713856" text="Последнюю"><tfr rev_id="1545712" t="Последнюю"><v><l id="261565" t="последний"><g v="ADJF"></g><g v="femn"></g><g v="sing"></g><g v="accs"></g></l></v></tfr></token><token id="713857" text="кино-роль"><tfr rev_id="1545713" t="кино-роль"><v><l id="0" t="кино-роль"><g v="UNKN"></g></l></v></tfr></token><token id="713858" text="актриса"><tfr rev_id="1545714" t="актриса"><v><l id="7724" t="актриса"><g v="NOUN"></g><g v="anim"></g><g v="femn"></g><g v="sing"></g><g v="nomn"></g></l></v></tfr></token><token id="713859" text="сыграла"><tfr rev_id="1545715" t="сыграла"><v><l id="341566" t="сыграл"><g v="VERB"></g><g v="perf"></g><g v="tran"></g><g v="femn"></g><g v="sing"></g><g v="past"></g><g v="indc"></g></l></v></tfr></token><token id="713860" text="в"><tfr rev_id="1545716" t="в"><v><l id="37409" t="в"><g v="PREP"></g></l></v></tfr></token><token id="713861" text="1994"><tfr rev_id="2463071" t="1994"><v><l id="0" t="1994"><g v="NUMB"></g></l></v></tfr></token><token id="713862" text="году"><tfr rev_id="2963999" t="году"><v><l id="72149" t="год"><g v="NOUN"></g><g v="inan"></g><g v="masc"></g><g v="sing"></g><g v="loc2"></g></l></v></tfr></token><token id="713863" text="."><tfr rev_id="1545719" t="."><v><l id="0" t="."><g v="PNCT"></g></l></v></tfr></token></tokens></sentence><sentence id="40111"><source>В 2003 году она объявила, что покидает шоу бизнес.</source><tokens><token id="713864" text="В"><tfr rev_id="1545720" t="В"><v><l id="37409" t="в"><g v="PREP"></g></l></v></tfr></token><token id="713865" text="2003"><tfr rev_id="2463072" t="2003"><v><l id="0" t="2003"><g v="NUMB"></g></l></v></tfr></token><token id="713866" text="году"><tfr rev_id="2850343" t="году"><v><l id="72149" t="год"><g v="NOUN"></g><g v="inan"></g><g v="masc"></g><g v="sing"></g><g v="loc2"></g></l></v></tfr></token><token id="713867" text="она"><tfr rev_id="3586599" t="она"><v><l id="206544" t="она"><g v="NPRO"></g><g v="femn"></g><g v="3per"></g><g v="Anph"></g><g v="sing"></g><g v="nomn"></g></l></v></tfr></token><token id="713868" text="объявила"><tfr rev_id="1545724" t="объявила"><v><l id="201891" t="объявил"><g v="VERB"></g><g v="perf"></g><g v="tran"></g><g v="femn"></g><g v="sing"></g><g v="past"></g><g v="indc"></g></l></v></tfr></token><token id="713869" text=","><tfr rev_id="1545725" t=","><v><l id="0" t=","><g v="PNCT"></g></l></v></tfr></token><token id="713870" text="что"><tfr rev_id="3197892" t="что"><v><l id="377004" t="что"><g v="CONJ"></g></l></v><v><l id="377005" t="что"><g v="NPRO"></g><g v="neut"></g><g v="sing"></g><g v="nomn"></g></l></v><v><l id="377005" t="что"><g v="NPRO"></g><g v="neut"></g><g v="sing"></g><g v="accs"></g></l></v><v><l id="377006" t="что"><g v="ADVB"></g><g v="Ques"></g></l></v><v><l id="388695" t="что"><g v="PRCL"></g></l></v></tfr></token><token id="713871" text="покидает"><tfr rev_id="1545727" t="покидает"><v><l id="254267" t="покидаю"><g v="VERB"></g><g v="impf"></g><g v="tran"></g><g v="sing"></g><g v="3per"></g><g v="pres"></g><g v="indc"></g></l></v><v><l id="254274" t="покидал"><g v="VERB"></g><g v="perf"></g><g v="tran"></g><g v="sing"></g><g v="3per"></g><g v="futr"></g><g v="indc"></g></l></v></tfr></token><token id="713872" text="шоу"><tfr rev_id="4153727" t="шоу"><v><l id="380838" t="шоу"><g v="NOUN"></g><g v="inan"></g><g v="neut"></g><g v="Fixd"></g><g v="sing"></g><g v="accs"></g></l></v></tfr></token><token id="713873" text="бизнес"><tfr rev_id="3506571" t="бизнес"><v><l id="29438" t="бизнес"><g v="NOUN"></g><g v="inan"></g><g v="masc"></g><g v="sing"></g><g v="accs"></g></l></v></tfr></token><token id="713874" text="."><tfr rev_id="1545730" t="."><v><l id="0" t="."><g v="PNCT"></g></l></v></tfr></token></tokens></sentence><sentence id="40112"><source>Умерла легенда мирового кинематографа в медицинском центре в Лос-Анжелесе.</source><tokens><token id="713875" text="Умерла"><tfr rev_id="1545731" t="Умерла"><v><l id="357520" t="умер"><g v="VERB"></g><g v="perf"></g><g v="intr"></g><g v="femn"></g><g v="sing"></g><g v="past"></g><g v="indc"></g></l></v></tfr></token><token id="713876" text="легенда"><tfr rev_id="1545732" t="легенда"><v><l id="147501" t="легенда"><g v="NOUN"></g><g v="inan"></g><g v="femn"></g><g v="sing"></g><g v="nomn"></g></l></v></tfr></token><token id="713877" text="мирового"><tfr rev_id="4535066" t="мирового"><v><l id="160894" t="мировой"><g v="ADJF"></g><g v="masc"></g><g v="sing"></g><g v="gent"></g></l></v><v><l id="160894" t="мировой"><g v="ADJF"></g><g v="neut"></g><g v="sing"></g><g v="gent"></g></l></v></tfr></token><token id="713878" text="кинематографа"><tfr rev_id="1545734" t="кинематографа"><v><l id="132936" t="кинематограф"><g v="NOUN"></g><g v="inan"></g><g v="masc"></g><g v="sing"></g><g v="gent"></g></l></v></tfr></token><token id="713879" text="в"><tfr rev_id="1545735" t="в"><v><l id="37409" t="в"><g v="PREP"></g></l></v></tfr></token><token id="713880" text="медицинском"><tfr rev_id="3408410" t="медицинском"><v><l id="157067" t="медицинский"><g v="ADJF"></g><g v="masc"></g><g v="sing"></g><g v="loct"></g></l></v></tfr></token><token id="713881" text="центре"><tfr rev_id="1545737" t="центре"><v><l id="373369" t="центр"><g v="NOUN"></g><g v="inan"></g><g v="masc"></g><g v="sing"></g><g v="loct"></g></l></v></tfr></token><token id="713882" text="в"><tfr rev_id="1545738" t="в"><v><l id="37409" t="в"><g v="PREP"></g></l></v></tfr></token><token id="713883" text="Лос-Анжелесе"><tfr rev_id="1545739" t="Лос-Анжелесе"><v><l id="0" t="лос-анжелесе"><g v="UNKN"></g></l></v></tfr></token><token id="713884" text="."><tfr rev_id="1545740" t="."><v><l id="0" t="."><g v="PNCT"></g></l></v></tfr></token></tokens></sentence></paragraph></paragraphs></text>