<?xml version="1.0" encoding="utf-8"?><text id="1449" parent="56" name="Американцы покупают «Россию!»"><tags><tag>Автор:http://ru.wikinews.org/wiki/Участник:Russianinfocenter</tag><tag>Дата:31/03</tag><tag>Год:2007</tag><tag>Тема:ВикиКатегория:СМИ</tag><tag>Гео:ВикиКатегория:Россия</tag><tag>Гео:ВикиКатегория:США</tag><tag>url:http://ru.wikinews.org/w/index.php?title=Американцы_покупают_«Россию!»&amp;oldid=82588</tag></tags><paragraphs><paragraph id="12988"><sentence id="40332"><source>На книжных полках США появился первый номер англоязычного журнала «Russia!».</source><tokens><token id="717688" text="На"><tfr rev_id="3345626" t="На"><v><l id="166264" t="на"><g v="PREP"></g></l></v></tfr></token><token id="717689" text="книжных"><tfr rev_id="1549545" t="книжных"><v><l id="134870" t="книжный"><g v="ADJF"></g><g v="Qual"></g><g v="plur"></g><g v="gent"></g></l></v><v><l id="134870" t="книжный"><g v="ADJF"></g><g v="Qual"></g><g v="anim"></g><g v="plur"></g><g v="accs"></g></l></v><v><l id="134870" t="книжный"><g v="ADJF"></g><g v="Qual"></g><g v="plur"></g><g v="loct"></g></l></v></tfr></token><token id="717690" text="полках"><tfr rev_id="4293484" t="полках"><v><l id="256004" t="полка"><g v="NOUN"></g><g v="inan"></g><g v="femn"></g><g v="plur"></g><g v="loct"></g></l></v></tfr></token><token id="717691" text="США"><tfr rev_id="3811468" t="США"><v><l id="341371" t="сша"><g v="NOUN"></g><g v="inan"></g><g v="GNdr"></g><g v="Pltm"></g><g v="Fixd"></g><g v="Abbr"></g><g v="Geox"></g><g v="plur"></g><g v="nomn"></g></l></v><v><l id="341371" t="сша"><g v="NOUN"></g><g v="inan"></g><g v="GNdr"></g><g v="Pltm"></g><g v="Fixd"></g><g v="Abbr"></g><g v="Geox"></g><g v="plur"></g><g v="gent"></g></l></v><v><l id="341371" t="сша"><g v="NOUN"></g><g v="inan"></g><g v="GNdr"></g><g v="Pltm"></g><g v="Fixd"></g><g v="Abbr"></g><g v="Geox"></g><g v="plur"></g><g v="datv"></g></l></v><v><l id="341371" t="сша"><g v="NOUN"></g><g v="inan"></g><g v="GNdr"></g><g v="Pltm"></g><g v="Fixd"></g><g v="Abbr"></g><g v="Geox"></g><g v="plur"></g><g v="accs"></g></l></v><v><l id="341371" t="сша"><g v="NOUN"></g><g v="inan"></g><g v="GNdr"></g><g v="Pltm"></g><g v="Fixd"></g><g v="Abbr"></g><g v="Geox"></g><g v="plur"></g><g v="ablt"></g></l></v><v><l id="341371" t="сша"><g v="NOUN"></g><g v="inan"></g><g v="GNdr"></g><g v="Pltm"></g><g v="Fixd"></g><g v="Abbr"></g><g v="Geox"></g><g v="plur"></g><g v="loct"></g></l></v></tfr></token><token id="717692" text="появился"><tfr rev_id="1549548" t="появился"><v><l id="265507" t="появился"><g v="VERB"></g><g v="perf"></g><g v="intr"></g><g v="masc"></g><g v="sing"></g><g v="past"></g><g v="indc"></g></l></v></tfr></token><token id="717693" text="первый"><tfr rev_id="1549549" t="первый"><v><l id="226359" t="первый"><g v="ADJF"></g><g v="Anum"></g><g v="masc"></g><g v="sing"></g><g v="nomn"></g></l></v><v><l id="226359" t="первый"><g v="ADJF"></g><g v="Anum"></g><g v="inan"></g><g v="masc"></g><g v="sing"></g><g v="accs"></g></l></v></tfr></token><token id="717694" text="номер"><tfr rev_id="1549550" t="номер"><v><l id="192067" t="номер"><g v="NOUN"></g><g v="inan"></g><g v="masc"></g><g v="sing"></g><g v="nomn"></g></l></v><v><l id="192067" t="номер"><g v="NOUN"></g><g v="inan"></g><g v="masc"></g><g v="sing"></g><g v="accs"></g></l></v></tfr></token><token id="717695" text="англоязычного"><tfr rev_id="4205206" t="англоязычного"><v><l id="12789" t="англоязычный"><g v="ADJF"></g><g v="masc"></g><g v="sing"></g><g v="gent"></g></l></v><v><l id="12789" t="англоязычный"><g v="ADJF"></g><g v="anim"></g><g v="masc"></g><g v="sing"></g><g v="accs"></g></l></v></tfr></token><token id="717696" text="журнала"><tfr rev_id="1549552" t="журнала"><v><l id="97972" t="журнал"><g v="NOUN"></g><g v="inan"></g><g v="masc"></g><g v="sing"></g><g v="gent"></g></l></v></tfr></token><token id="717697" text="«"><tfr rev_id="2447826" t="«"><v><l id="0" t="«"><g v="PNCT"></g></l></v></tfr></token><token id="717698" text="Russia"><tfr rev_id="2475711" t="Russia"><v><l id="0" t="Russia"><g v="LATN"></g></l></v></tfr></token><token id="717699" text="!"><tfr rev_id="1549555" t="!"><v><l id="0" t="!"><g v="PNCT"></g></l></v></tfr></token><token id="717700" text="»"><tfr rev_id="2447827" t="»"><v><l id="0" t="»"><g v="PNCT"></g></l></v></tfr></token><token id="717701" text="."><tfr rev_id="1549557" t="."><v><l id="0" t="."><g v="PNCT"></g></l></v></tfr></token></tokens></sentence><sentence id="40333"><source>Покупая 132-страничную глянцевую книжку, американские читатели удивляются — в журнале совершенно отсутствует то, что они привыкли ждать от журнала о России.</source><tokens><token id="717702" text="Покупая"><tfr rev_id="1549558" t="Покупая"><v><l id="255008" t="покупая"><g v="GRND"></g><g v="impf"></g><g v="tran"></g><g v="pres"></g></l></v></tfr></token><token id="717703" text="132-страничную"><tfr rev_id="1549559" t="132-страничную"><v><l id="0" t="132-страничную"><g v="UNKN"></g></l></v></tfr></token><token id="717704" text="глянцевую"><tfr rev_id="1549560" t="глянцевую"><v><l id="71694" t="глянцевый"><g v="ADJF"></g><g v="Qual"></g><g v="femn"></g><g v="sing"></g><g v="accs"></g></l></v></tfr></token><token id="717705" text="книжку"><tfr rev_id="1549561" t="книжку"><v><l id="134865" t="книжка"><g v="NOUN"></g><g v="inan"></g><g v="femn"></g><g v="sing"></g><g v="accs"></g></l></v></tfr></token><token id="717706" text=","><tfr rev_id="1549562" t=","><v><l id="0" t=","><g v="PNCT"></g></l></v></tfr></token><token id="717707" text="американские"><tfr rev_id="3768196" t="американские"><v><l id="11429" t="американский"><g v="ADJF"></g><g v="plur"></g><g v="nomn"></g></l></v></tfr></token><token id="717708" text="читатели"><tfr rev_id="1549564" t="читатели"><v><l id="376715" t="читатель"><g v="NOUN"></g><g v="anim"></g><g v="masc"></g><g v="plur"></g><g v="nomn"></g></l></v></tfr></token><token id="717709" text="удивляются"><tfr rev_id="1549565" t="удивляются"><v><l id="354928" t="удивляюсь"><g v="VERB"></g><g v="impf"></g><g v="intr"></g><g v="plur"></g><g v="3per"></g><g v="pres"></g><g v="indc"></g></l></v></tfr></token><token id="717710" text="—"><tfr rev_id="2447828" t="—"><v><l id="0" t="—"><g v="PNCT"></g></l></v></tfr></token><token id="717711" text="в"><tfr rev_id="1549567" t="в"><v><l id="37409" t="в"><g v="PREP"></g></l></v></tfr></token><token id="717712" text="журнале"><tfr rev_id="1549568" t="журнале"><v><l id="97972" t="журнал"><g v="NOUN"></g><g v="inan"></g><g v="masc"></g><g v="sing"></g><g v="loct"></g></l></v></tfr></token><token id="717713" text="совершенно"><tfr rev_id="1549569" t="совершенно"><v><l id="327897" t="совершенно"><g v="ADVB"></g></l></v><v><l id="327905" t="совершенен"><g v="ADJS"></g><g v="Qual"></g><g v="neut"></g><g v="sing"></g></l></v></tfr></token><token id="717714" text="отсутствует"><tfr rev_id="1549570" t="отсутствует"><v><l id="218693" t="отсутствую"><g v="VERB"></g><g v="impf"></g><g v="intr"></g><g v="sing"></g><g v="3per"></g><g v="pres"></g><g v="indc"></g></l></v></tfr></token><token id="717715" text="то"><tfr rev_id="3777770" t="то"><v><l id="346835" t="то"><g v="CONJ"></g></l></v><v><l id="346836" t="то"><g v="PRCL"></g></l></v><v><l id="348430" t="тот"><g v="ADJF"></g><g v="Subx"></g><g v="Apro"></g><g v="Anph"></g><g v="neut"></g><g v="sing"></g><g v="nomn"></g></l></v><v><l id="348430" t="тот"><g v="ADJF"></g><g v="Subx"></g><g v="Apro"></g><g v="Anph"></g><g v="neut"></g><g v="sing"></g><g v="accs"></g></l></v></tfr></token><token id="717716" text=","><tfr rev_id="1549572" t=","><v><l id="0" t=","><g v="PNCT"></g></l></v></tfr></token><token id="717717" text="что"><tfr rev_id="3197925" t="что"><v><l id="377004" t="что"><g v="CONJ"></g></l></v><v><l id="377005" t="что"><g v="NPRO"></g><g v="neut"></g><g v="sing"></g><g v="nomn"></g></l></v><v><l id="377005" t="что"><g v="NPRO"></g><g v="neut"></g><g v="sing"></g><g v="accs"></g></l></v><v><l id="377006" t="что"><g v="ADVB"></g><g v="Ques"></g></l></v><v><l id="388695" t="что"><g v="PRCL"></g></l></v></tfr></token><token id="717718" text="они"><tfr rev_id="3599502" t="они"><v><l id="206619" t="они"><g v="NPRO"></g><g v="3per"></g><g v="Anph"></g><g v="plur"></g><g v="nomn"></g></l></v></tfr></token><token id="717719" text="привыкли"><tfr rev_id="1549575" t="привыкли"><v><l id="269592" t="привык"><g v="VERB"></g><g v="perf"></g><g v="intr"></g><g v="plur"></g><g v="past"></g><g v="indc"></g></l></v></tfr></token><token id="717720" text="ждать"><tfr rev_id="1549576" t="ждать"><v><l id="96196" t="ждать"><g v="INFN"></g><g v="impf"></g><g v="tran"></g></l></v></tfr></token><token id="717721" text="от"><tfr rev_id="1549577" t="от"><v><l id="211644" t="от"><g v="PREP"></g></l></v></tfr></token><token id="717722" text="журнала"><tfr rev_id="1549578" t="журнала"><v><l id="97972" t="журнал"><g v="NOUN"></g><g v="inan"></g><g v="masc"></g><g v="sing"></g><g v="gent"></g></l></v></tfr></token><token id="717723" text="о"><tfr rev_id="3230541" t="о"><v><l id="192977" t="о"><g v="PREP"></g></l></v></tfr></token><token id="717724" text="России"><tfr rev_id="3456914" t="России"><v><l id="309322" t="россия"><g v="NOUN"></g><g v="inan"></g><g v="femn"></g><g v="Sgtm"></g><g v="Geox"></g><g v="sing"></g><g v="loct"></g></l></v></tfr></token><token id="717725" text="."><tfr rev_id="1549581" t="."><v><l id="0" t="."><g v="PNCT"></g></l></v></tfr></token></tokens></sentence><sentence id="40334"><source>Там нет фотографий валенок, Марии Шараповой и текстов Льва Толстого.</source><tokens><token id="717726" text="Там"><tfr rev_id="1549582" t="Там"><v><l id="342752" t="там"><g v="PRCL"></g></l></v><v><l id="342753" t="там"><g v="ADVB"></g><g v="Dmns"></g></l></v></tfr></token><token id="717727" text="нет"><tfr rev_id="3812452" t="нет"><v><l id="389552" t="нет"><g v="PRED"></g><g v="pres"></g></l></v></tfr></token><token id="717728" text="фотографий"><tfr rev_id="1549584" t="фотографий"><v><l id="367492" t="фотография"><g v="NOUN"></g><g v="inan"></g><g v="femn"></g><g v="plur"></g><g v="gent"></g></l></v></tfr></token><token id="717729" text="валенок"><tfr rev_id="1717375" t="валенок"><v><l id="38102" t="валенок"><g v="NOUN"></g><g v="inan"></g><g v="masc"></g><g v="plur"></g><g v="gent"></g></l></v></tfr></token><token id="717730" text=","><tfr rev_id="1549586" t=","><v><l id="0" t=","><g v="PNCT"></g></l></v></tfr></token><token id="717731" text="Марии"><tfr rev_id="3646657" t="Марии"><v><l id="155259" t="мария"><g v="NOUN"></g><g v="anim"></g><g v="femn"></g><g v="Name"></g><g v="sing"></g><g v="gent"></g></l></v></tfr></token><token id="717732" text="Шараповой"><tfr rev_id="4354199" t="Шараповой"><v><l id="378123" t="шарапова"><g v="NOUN"></g><g v="anim"></g><g v="femn"></g><g v="Sgtm"></g><g v="Surn"></g><g v="sing"></g><g v="gent"></g></l></v></tfr></token><token id="717733" text="и"><tfr rev_id="3529750" t="и"><v><l id="116949" t="и"><g v="CONJ"></g></l></v></tfr></token><token id="717734" text="текстов"><tfr rev_id="1549590" t="текстов"><v><l id="344022" t="текст"><g v="NOUN"></g><g v="inan"></g><g v="masc"></g><g v="plur"></g><g v="gent"></g></l></v></tfr></token><token id="717735" text="Льва"><tfr rev_id="4469584" t="Льва"><v><l id="147318" t="лев"><g v="NOUN"></g><g v="anim"></g><g v="masc"></g><g v="Name"></g><g v="sing"></g><g v="gent"></g></l></v></tfr></token><token id="717736" text="Толстого"><tfr rev_id="4389440" t="Толстого"><v><l id="347279" t="толстой"><g v="NOUN"></g><g v="anim"></g><g v="masc"></g><g v="Sgtm"></g><g v="Surn"></g><g v="sing"></g><g v="gent"></g></l></v></tfr></token><token id="717737" text="."><tfr rev_id="1549593" t="."><v><l id="0" t="."><g v="PNCT"></g></l></v></tfr></token></tokens></sentence><sentence id="40335"><source>Имеются молодые женщины, рубящие дрова в одежде от Дениса Симачева, блестящие тексты Бориса Акунина, Марата Гельмана, Ольги Сергиенко, рассуждения внучки Никиты Хрущева Нины о свободе слова, фотографии Артемия Лебедева из Комсомольска-на-Амуре и другие истории, которые, как заявляет редакция, интересны молодому читателю в Нью-Йорке, Лондоне, Монреале или Лос-Анджелесе.</source><tokens><token id="717738" text="Имеются"><tfr rev_id="1549594" t="Имеются"><v><l id="121616" t="имеюсь"><g v="VERB"></g><g v="impf"></g><g v="intr"></g><g v="plur"></g><g v="3per"></g><g v="pres"></g><g v="indc"></g></l></v></tfr></token><token id="717739" text="молодые"><tfr rev_id="4235266" t="молодые"><v><l id="162846" t="молодой"><g v="ADJF"></g><g v="Qual"></g><g v="plur"></g><g v="nomn"></g></l></v><v><l id="162846" t="молодой"><g v="ADJF"></g><g v="Qual"></g><g v="inan"></g><g v="plur"></g><g v="accs"></g></l></v></tfr></token><token id="717740" text="женщины"><tfr rev_id="3490054" t="женщины"><v><l id="96749" t="женщина"><g v="NOUN"></g><g v="anim"></g><g v="femn"></g><g v="plur"></g><g v="nomn"></g></l></v></tfr></token><token id="717741" text=","><tfr rev_id="1549597" t=","><v><l id="0" t=","><g v="PNCT"></g></l></v></tfr></token><token id="717742" text="рубящие"><tfr rev_id="1549598" t="рубящие"><v><l id="309716" t="рубящий"><g v="PRTF"></g><g v="impf"></g><g v="tran"></g><g v="pres"></g><g v="actv"></g><g v="plur"></g><g v="nomn"></g></l></v><v><l id="309716" t="рубящий"><g v="PRTF"></g><g v="impf"></g><g v="tran"></g><g v="pres"></g><g v="actv"></g><g v="inan"></g><g v="plur"></g><g v="accs"></g></l></v></tfr></token><token id="717743" text="дрова"><tfr rev_id="3284822" t="дрова"><v><l id="92175" t="дрова"><g v="NOUN"></g><g v="inan"></g><g v="GNdr"></g><g v="Pltm"></g><g v="plur"></g><g v="accs"></g></l></v></tfr></token><token id="717744" text="в"><tfr rev_id="1549600" t="в"><v><l id="37409" t="в"><g v="PREP"></g></l></v></tfr></token><token id="717745" text="одежде"><tfr rev_id="3551815" t="одежде"><v><l id="203213" t="одежда"><g v="NOUN"></g><g v="inan"></g><g v="femn"></g><g v="sing"></g><g v="loct"></g></l></v></tfr></token><token id="717746" text="от"><tfr rev_id="1549602" t="от"><v><l id="211644" t="от"><g v="PREP"></g></l></v></tfr></token><token id="717747" text="Дениса"><tfr rev_id="3542773" t="Дениса"><v><l id="81285" t="денис"><g v="NOUN"></g><g v="anim"></g><g v="masc"></g><g v="Name"></g><g v="sing"></g><g v="gent"></g></l></v></tfr></token><token id="717748" text="Симачева"><tfr rev_id="1549604" t="Симачева"><v><l id="0" t="симачева"><g v="UNKN"></g></l></v></tfr></token><token id="717749" text=","><tfr rev_id="1549605" t=","><v><l id="0" t=","><g v="PNCT"></g></l></v></tfr></token><token id="717750" text="блестящие"><tfr rev_id="1549606" t="блестящие"><v><l id="30813" t="блестящий"><g v="PRTF"></g><g v="impf"></g><g v="intr"></g><g v="pres"></g><g v="actv"></g><g v="plur"></g><g v="nomn"></g></l></v><v><l id="30813" t="блестящий"><g v="PRTF"></g><g v="impf"></g><g v="intr"></g><g v="pres"></g><g v="actv"></g><g v="inan"></g><g v="plur"></g><g v="accs"></g></l></v><v><l id="30820" t="блестящий"><g v="ADJF"></g><g v="Qual"></g><g v="plur"></g><g v="nomn"></g></l></v><v><l id="30820" t="блестящий"><g v="ADJF"></g><g v="Qual"></g><g v="inan"></g><g v="plur"></g><g v="accs"></g></l></v></tfr></token><token id="717751" text="тексты"><tfr rev_id="2757292" t="тексты"><v><l id="344022" t="текст"><g v="NOUN"></g><g v="inan"></g><g v="masc"></g><g v="plur"></g><g v="nomn"></g></l></v></tfr></token><token id="717752" text="Бориса"><tfr rev_id="2931320" t="Бориса"><v><l id="32732" t="борис"><g v="NOUN"></g><g v="anim"></g><g v="masc"></g><g v="Name"></g><g v="sing"></g><g v="gent"></g></l></v></tfr></token><token id="717753" text="Акунина"><tfr rev_id="4397679" t="Акунина"><v><l id="7780" t="акунин"><g v="NOUN"></g><g v="anim"></g><g v="masc"></g><g v="Sgtm"></g><g v="Surn"></g><g v="sing"></g><g v="gent"></g></l></v></tfr></token><token id="717754" text=","><tfr rev_id="1549610" t=","><v><l id="0" t=","><g v="PNCT"></g></l></v></tfr></token><token id="717755" text="Марата"><tfr rev_id="4397570" t="Марата"><v><l id="154999" t="марат"><g v="NOUN"></g><g v="anim"></g><g v="masc"></g><g v="Name"></g><g v="sing"></g><g v="gent"></g></l></v></tfr></token><token id="717756" text="Гельмана"><tfr rev_id="3689814" t="Гельмана"><v><l id="68356" t="гельман"><g v="NOUN"></g><g v="anim"></g><g v="masc"></g><g v="Sgtm"></g><g v="Surn"></g><g v="sing"></g><g v="gent"></g></l></v></tfr></token><token id="717757" text=","><tfr rev_id="1549613" t=","><v><l id="0" t=","><g v="PNCT"></g></l></v></tfr></token><token id="717758" text="Ольги"><tfr rev_id="3436028" t="Ольги"><v><l id="206203" t="ольга"><g v="NOUN"></g><g v="anim"></g><g v="femn"></g><g v="Name"></g><g v="sing"></g><g v="gent"></g></l></v></tfr></token><token id="717759" text="Сергиенко"><tfr rev_id="4326760" t="Сергиенко"><v><l id="319072" t="сергиенко"><g v="NOUN"></g><g v="anim"></g><g v="ms-f"></g><g v="Fixd"></g><g v="Surn"></g><g v="sing"></g><g v="gent"></g></l></v></tfr></token><token id="717760" text=","><tfr rev_id="1549616" t=","><v><l id="0" t=","><g v="PNCT"></g></l></v></tfr></token><token id="717761" text="рассуждения"><tfr rev_id="3761694" t="рассуждения"><v><l id="301606" t="рассуждение"><g v="NOUN"></g><g v="inan"></g><g v="neut"></g><g v="plur"></g><g v="nomn"></g></l></v></tfr></token><token id="717762" text="внучки"><tfr rev_id="2371038" t="внучки"><v><l id="47877" t="внучка"><g v="NOUN"></g><g v="anim"></g><g v="femn"></g><g v="sing"></g><g v="gent"></g></l></v></tfr></token><token id="717763" text="Никиты"><tfr rev_id="3436732" t="Никиты"><v><l id="190888" t="никита"><g v="NOUN"></g><g v="anim"></g><g v="masc"></g><g v="Name"></g><g v="sing"></g><g v="gent"></g></l></v></tfr></token><token id="717764" text="Хрущева"><tfr rev_id="4286914" t="Хрущева"><v><l id="372318" t="хрущёв"><g v="NOUN"></g><g v="anim"></g><g v="masc"></g><g v="Sgtm"></g><g v="Surn"></g><g v="sing"></g><g v="gent"></g></l></v><v><l id="372318" t="хрущёв"><g v="NOUN"></g><g v="anim"></g><g v="masc"></g><g v="Sgtm"></g><g v="Surn"></g><g v="sing"></g><g v="accs"></g></l></v></tfr></token><token id="717765" text="Нины"><tfr rev_id="3488842" t="Нины"><v><l id="191079" t="нина"><g v="NOUN"></g><g v="anim"></g><g v="femn"></g><g v="Name"></g><g v="sing"></g><g v="gent"></g></l></v></tfr></token><token id="717766" text="о"><tfr rev_id="3332338" t="о"><v><l id="192977" t="о"><g v="PREP"></g></l></v></tfr></token><token id="717767" text="свободе"><tfr rev_id="3309827" t="свободе"><v><l id="316212" t="свобода"><g v="NOUN"></g><g v="inan"></g><g v="femn"></g><g v="sing"></g><g v="loct"></g></l></v></tfr></token><token id="717768" text="слова"><tfr rev_id="3284448" t="слова"><v><l id="325168" t="слово"><g v="NOUN"></g><g v="inan"></g><g v="neut"></g><g v="sing"></g><g v="gent"></g></l></v></tfr></token><token id="717769" text=","><tfr rev_id="1549625" t=","><v><l id="0" t=","><g v="PNCT"></g></l></v></tfr></token><token id="717770" text="фотографии"><tfr rev_id="3793085" t="фотографии"><v><l id="367492" t="фотография"><g v="NOUN"></g><g v="inan"></g><g v="femn"></g><g v="plur"></g><g v="nomn"></g></l></v></tfr></token><token id="717771" text="Артемия"><tfr rev_id="4398492" t="Артемия"><v><l id="17342" t="артемий"><g v="NOUN"></g><g v="anim"></g><g v="masc"></g><g v="Name"></g><g v="sing"></g><g v="gent"></g></l></v></tfr></token><token id="717772" text="Лебедева"><tfr rev_id="4397680" t="Лебедева"><v><l id="147287" t="лебедев"><g v="NOUN"></g><g v="anim"></g><g v="masc"></g><g v="Sgtm"></g><g v="Surn"></g><g v="sing"></g><g v="gent"></g></l></v></tfr></token><token id="717773" text="из"><tfr rev_id="2603683" t="из"><v><l id="117677" t="из"><g v="PREP"></g></l></v></tfr></token><token id="717774" text="Комсомольска-на-Амуре"><tfr rev_id="1549630" t="Комсомольска-на-Амуре"><v><l id="137461" t="комсомольск-на-амуре"><g v="NOUN"></g><g v="inan"></g><g v="masc"></g><g v="Sgtm"></g><g v="Geox"></g><g v="sing"></g><g v="gent"></g></l></v></tfr></token><token id="717775" text="и"><tfr rev_id="1549631" t="и"><v><l id="116949" t="и"><g v="CONJ"></g></l></v><v><l id="116950" t="и"><g v="INTJ"></g></l></v></tfr></token><token id="717776" text="другие"><tfr rev_id="3820168" t="другие"><v><l id="92342" t="другой"><g v="ADJF"></g><g v="Apro"></g><g v="Subx"></g><g v="plur"></g><g v="nomn"></g></l></v></tfr></token><token id="717777" text="истории"><tfr rev_id="3797807" t="истории"><v><l id="126437" t="история"><g v="NOUN"></g><g v="inan"></g><g v="femn"></g><g v="plur"></g><g v="nomn"></g></l></v></tfr></token><token id="717778" text=","><tfr rev_id="1549634" t=","><v><l id="0" t=","><g v="PNCT"></g></l></v></tfr></token><token id="717779" text="которые"><tfr rev_id="3817452" t="которые"><v><l id="141203" t="который"><g v="ADJF"></g><g v="Apro"></g><g v="Subx"></g><g v="Anph"></g><g v="plur"></g><g v="nomn"></g></l></v></tfr></token><token id="717780" text=","><tfr rev_id="1549636" t=","><v><l id="0" t=","><g v="PNCT"></g></l></v></tfr></token><token id="717781" text="как"><tfr rev_id="1549637" t="как"><v><l id="128190" t="как"><g v="CONJ"></g></l></v><v><l id="128191" t="как"><g v="PRCL"></g></l></v><v><l id="128192" t="как"><g v="ADVB"></g><g v="Ques"></g></l></v></tfr></token><token id="717782" text="заявляет"><tfr rev_id="1549638" t="заявляет"><v><l id="114312" t="заявляю"><g v="VERB"></g><g v="impf"></g><g v="tran"></g><g v="sing"></g><g v="3per"></g><g v="pres"></g><g v="indc"></g></l></v></tfr></token><token id="717783" text="редакция"><tfr rev_id="1549639" t="редакция"><v><l id="304989" t="редакция"><g v="NOUN"></g><g v="inan"></g><g v="femn"></g><g v="sing"></g><g v="nomn"></g></l></v></tfr></token><token id="717784" text=","><tfr rev_id="1549640" t=","><v><l id="0" t=","><g v="PNCT"></g></l></v></tfr></token><token id="717785" text="интересны"><tfr rev_id="1549641" t="интересны"><v><l id="123174" t="интересен"><g v="ADJS"></g><g v="Qual"></g><g v="plur"></g></l></v></tfr></token><token id="717786" text="молодому"><tfr rev_id="4205733" t="молодому"><v><l id="162846" t="молодой"><g v="ADJF"></g><g v="Qual"></g><g v="masc"></g><g v="sing"></g><g v="datv"></g></l></v></tfr></token><token id="717787" text="читателю"><tfr rev_id="1549643" t="читателю"><v><l id="376715" t="читатель"><g v="NOUN"></g><g v="anim"></g><g v="masc"></g><g v="sing"></g><g v="datv"></g></l></v></tfr></token><token id="717788" text="в"><tfr rev_id="1549644" t="в"><v><l id="37409" t="в"><g v="PREP"></g></l></v></tfr></token><token id="717789" text="Нью-Йорке"><tfr rev_id="1549645" t="Нью-Йорке"><v><l id="192831" t="нью-йорк"><g v="NOUN"></g><g v="inan"></g><g v="masc"></g><g v="Geox"></g><g v="sing"></g><g v="loct"></g></l></v></tfr></token><token id="717790" text=","><tfr rev_id="1549646" t=","><v><l id="0" t=","><g v="PNCT"></g></l></v></tfr></token><token id="717791" text="Лондоне"><tfr rev_id="1549647" t="Лондоне"><v><l id="150828" t="лондон"><g v="NOUN"></g><g v="inan"></g><g v="masc"></g><g v="Geox"></g><g v="sing"></g><g v="loct"></g></l></v></tfr></token><token id="717792" text=","><tfr rev_id="1549648" t=","><v><l id="0" t=","><g v="PNCT"></g></l></v></tfr></token><token id="717793" text="Монреале"><tfr rev_id="1549649" t="Монреале"><v><l id="163350" t="монреаль"><g v="NOUN"></g><g v="inan"></g><g v="masc"></g><g v="Sgtm"></g><g v="Geox"></g><g v="sing"></g><g v="loct"></g></l></v></tfr></token><token id="717794" text="или"><tfr rev_id="3787379" t="или"><v><l id="121146" t="или"><g v="CONJ"></g></l></v></tfr></token><token id="717795" text="Лос-Анджелесе"><tfr rev_id="1549651" t="Лос-Анджелесе"><v><l id="150994" t="лос-анджелес"><g v="NOUN"></g><g v="inan"></g><g v="masc"></g><g v="Geox"></g><g v="sing"></g><g v="loct"></g></l></v></tfr></token><token id="717796" text="."><tfr rev_id="1549652" t="."><v><l id="0" t="."><g v="PNCT"></g></l></v></tfr></token></tokens></sentence></paragraph><paragraph id="12989"><sentence id="40336"><source>Эндрю Полсон, основатель издательского дома «Афиша» и член совета директоров журнала Russia!, считает, что журнал обязательно найдет свою публику:</source><tokens><token id="717797" text="Эндрю"><tfr rev_id="4197300" t="Эндрю"><v><l id="385482" t="эндрю"><g v="NOUN"></g><g v="anim"></g><g v="masc"></g><g v="Fixd"></g><g v="Name"></g><g v="sing"></g><g v="nomn"></g></l></v></tfr></token><token id="717798" text="Полсон"><tfr rev_id="1549654" t="Полсон"><v><l id="0" t="полсон"><g v="UNKN"></g></l></v></tfr></token><token id="717799" text=","><tfr rev_id="1549655" t=","><v><l id="0" t=","><g v="PNCT"></g></l></v></tfr></token><token id="717800" text="основатель"><tfr rev_id="1549656" t="основатель"><v><l id="210577" t="основатель"><g v="NOUN"></g><g v="anim"></g><g v="masc"></g><g v="sing"></g><g v="nomn"></g></l></v></tfr></token><token id="717801" text="издательского"><tfr rev_id="3302422" t="издательского"><v><l id="118746" t="издательский"><g v="ADJF"></g><g v="masc"></g><g v="sing"></g><g v="gent"></g></l></v><v><l id="118746" t="издательский"><g v="ADJF"></g><g v="anim"></g><g v="masc"></g><g v="sing"></g><g v="accs"></g></l></v></tfr></token><token id="717802" text="дома"><tfr rev_id="4284502" t="дома"><v><l id="88152" t="дом"><g v="NOUN"></g><g v="inan"></g><g v="masc"></g><g v="sing"></g><g v="gen1"></g></l></v></tfr></token><token id="717803" text="«"><tfr rev_id="2447829" t="«"><v><l id="0" t="«"><g v="PNCT"></g></l></v></tfr></token><token id="717804" text="Афиша"><tfr rev_id="1549660" t="Афиша"><v><l id="20193" t="афиша"><g v="NOUN"></g><g v="inan"></g><g v="femn"></g><g v="sing"></g><g v="nomn"></g></l></v></tfr></token><token id="717805" text="»"><tfr rev_id="2447830" t="»"><v><l id="0" t="»"><g v="PNCT"></g></l></v></tfr></token><token id="717806" text="и"><tfr rev_id="1549662" t="и"><v><l id="116949" t="и"><g v="CONJ"></g></l></v><v><l id="116950" t="и"><g v="INTJ"></g></l></v></tfr></token><token id="717807" text="член"><tfr rev_id="4210223" t="член"><v><l id="376827" t="член"><g v="NOUN"></g><g v="anim"></g><g v="masc"></g><g v="sing"></g><g v="nomn"></g></l></v><v><l id="376828" t="член"><g v="NOUN"></g><g v="inan"></g><g v="masc"></g><g v="sing"></g><g v="nomn"></g></l></v></tfr></token><token id="717808" text="совета"><tfr rev_id="1549664" t="совета"><v><l id="327955" t="совет"><g v="NOUN"></g><g v="inan"></g><g v="masc"></g><g v="sing"></g><g v="gent"></g></l></v></tfr></token><token id="717809" text="директоров"><tfr rev_id="3704524" t="директоров"><v><l id="84214" t="директор"><g v="NOUN"></g><g v="anim"></g><g v="masc"></g><g v="plur"></g><g v="gent"></g></l></v></tfr></token><token id="717810" text="журнала"><tfr rev_id="1549666" t="журнала"><v><l id="97972" t="журнал"><g v="NOUN"></g><g v="inan"></g><g v="masc"></g><g v="sing"></g><g v="gent"></g></l></v></tfr></token><token id="717811" text="Russia"><tfr rev_id="2475712" t="Russia"><v><l id="0" t="Russia"><g v="LATN"></g></l></v></tfr></token><token id="717812" text="!"><tfr rev_id="1549668" t="!"><v><l id="0" t="!"><g v="PNCT"></g></l></v></tfr></token><token id="717813" text=","><tfr rev_id="1549669" t=","><v><l id="0" t=","><g v="PNCT"></g></l></v></tfr></token><token id="717814" text="считает"><tfr rev_id="1549670" t="считает"><v><l id="341320" t="считаю"><g v="VERB"></g><g v="impf"></g><g v="tran"></g><g v="sing"></g><g v="3per"></g><g v="pres"></g><g v="indc"></g></l></v><v><l id="341329" t="считал"><g v="VERB"></g><g v="perf"></g><g v="tran"></g><g v="sing"></g><g v="3per"></g><g v="futr"></g><g v="indc"></g></l></v></tfr></token><token id="717815" text=","><tfr rev_id="1549671" t=","><v><l id="0" t=","><g v="PNCT"></g></l></v></tfr></token><token id="717816" text="что"><tfr rev_id="3197926" t="что"><v><l id="377004" t="что"><g v="CONJ"></g></l></v><v><l id="377005" t="что"><g v="NPRO"></g><g v="neut"></g><g v="sing"></g><g v="nomn"></g></l></v><v><l id="377005" t="что"><g v="NPRO"></g><g v="neut"></g><g v="sing"></g><g v="accs"></g></l></v><v><l id="377006" t="что"><g v="ADVB"></g><g v="Ques"></g></l></v><v><l id="388695" t="что"><g v="PRCL"></g></l></v></tfr></token><token id="717817" text="журнал"><tfr rev_id="3506540" t="журнал"><v><l id="97972" t="журнал"><g v="NOUN"></g><g v="inan"></g><g v="masc"></g><g v="sing"></g><g v="nomn"></g></l></v></tfr></token><token id="717818" text="обязательно"><tfr rev_id="1549674" t="обязательно"><v><l id="202085" t="обязательно"><g v="ADVB"></g><g v="Prdx"></g></l></v><v><l id="202089" t="обязателен"><g v="ADJS"></g><g v="neut"></g><g v="sing"></g></l></v></tfr></token><token id="717819" text="найдет"><tfr rev_id="1549675" t="найдет"><v><l id="170611" t="нашёл"><g v="VERB"></g><g v="perf"></g><g v="tran"></g><g v="sing"></g><g v="3per"></g><g v="futr"></g><g v="indc"></g></l></v></tfr></token><token id="717820" text="свою"><tfr rev_id="3632288" t="свою"><v><l id="316379" t="свой"><g v="ADJF"></g><g v="Apro"></g><g v="Anph"></g><g v="femn"></g><g v="sing"></g><g v="accs"></g></l></v></tfr></token><token id="717821" text="публику"><tfr rev_id="1549677" t="публику"><v><l id="288823" t="публика"><g v="NOUN"></g><g v="inan"></g><g v="femn"></g><g v="sing"></g><g v="accs"></g></l></v></tfr></token><token id="717822" text=":"><tfr rev_id="1549678" t=":"><v><l id="0" t=":"><g v="PNCT"></g></l></v></tfr></token></tokens></sentence><sentence id="40337"><source>«России уже давно есть что показать.</source><tokens><token id="717823" text="«"><tfr rev_id="2447831" t="«"><v><l id="0" t="«"><g v="PNCT"></g></l></v></tfr></token><token id="717824" text="России"><tfr rev_id="2782025" t="России"><v><l id="309322" t="россия"><g v="NOUN"></g><g v="inan"></g><g v="femn"></g><g v="Sgtm"></g><g v="Geox"></g><g v="sing"></g><g v="datv"></g></l></v></tfr></token><token id="717825" text="уже"><tfr rev_id="2692960" t="уже"><v><l id="355422" t="уж"><g v="NOUN"></g><g v="anim"></g><g v="masc"></g><g v="sing"></g><g v="loct"></g></l></v><v><l id="355498" t="уже"><g v="ADVB"></g></l></v><v><l id="355674" t="уже"><g v="COMP"></g><g v="Qual"></g></l></v><v><l id="388673" t="уже"><g v="PRCL"></g></l></v></tfr></token><token id="717826" text="давно"><tfr rev_id="1549682" t="давно"><v><l id="77708" t="давно"><g v="ADVB"></g></l></v></tfr></token><token id="717827" text="есть"><tfr rev_id="4390772" t="есть"><v><l id="37265" t="есть"><g v="VERB"></g><g v="impf"></g><g v="intr"></g><g v="sing"></g><g v="3per"></g><g v="pres"></g><g v="indc"></g></l></v><v><l id="37265" t="есть"><g v="VERB"></g><g v="impf"></g><g v="intr"></g><g v="plur"></g><g v="3per"></g><g v="pres"></g><g v="indc"></g></l></v></tfr></token><token id="717828" text="что"><tfr rev_id="3197927" t="что"><v><l id="377004" t="что"><g v="CONJ"></g></l></v><v><l id="377005" t="что"><g v="NPRO"></g><g v="neut"></g><g v="sing"></g><g v="nomn"></g></l></v><v><l id="377005" t="что"><g v="NPRO"></g><g v="neut"></g><g v="sing"></g><g v="accs"></g></l></v><v><l id="377006" t="что"><g v="ADVB"></g><g v="Ques"></g></l></v><v><l id="388695" t="что"><g v="PRCL"></g></l></v></tfr></token><token id="717829" text="показать"><tfr rev_id="1549685" t="показать"><v><l id="253983" t="показать"><g v="INFN"></g><g v="perf"></g><g v="tran"></g></l></v></tfr></token><token id="717830" text="."><tfr rev_id="1549686" t="."><v><l id="0" t="."><g v="PNCT"></g></l></v></tfr></token></tokens></sentence><sentence id="40338"><source>Просто факт существования такого журнала будет вызывать у русских гордость, а у американцев — любопытство».</source><tokens><token id="717831" text="Просто"><tfr rev_id="1549687" t="Просто"><v><l id="285025" t="просто"><g v="ADVB"></g><g v="Prdx"></g></l></v><v><l id="285026" t="просто"><g v="PRCL"></g></l></v><v><l id="285050" t="прост"><g v="ADJS"></g><g v="Qual"></g><g v="neut"></g><g v="sing"></g></l></v></tfr></token><token id="717832" text="факт"><tfr rev_id="1549688" t="факт"><v><l id="364163" t="факт"><g v="NOUN"></g><g v="inan"></g><g v="masc"></g><g v="sing"></g><g v="nomn"></g></l></v><v><l id="364163" t="факт"><g v="NOUN"></g><g v="inan"></g><g v="masc"></g><g v="sing"></g><g v="accs"></g></l></v></tfr></token><token id="717833" text="существования"><tfr rev_id="3487196" t="существования"><v><l id="340482" t="существование"><g v="NOUN"></g><g v="inan"></g><g v="neut"></g><g v="sing"></g><g v="gent"></g></l></v></tfr></token><token id="717834" text="такого"><tfr rev_id="3449441" t="такого"><v><l id="342491" t="такой"><g v="ADJF"></g><g v="Apro"></g><g v="masc"></g><g v="sing"></g><g v="gent"></g></l></v><v><l id="342491" t="такой"><g v="ADJF"></g><g v="Apro"></g><g v="anim"></g><g v="masc"></g><g v="sing"></g><g v="accs"></g></l></v></tfr></token><token id="717835" text="журнала"><tfr rev_id="1549691" t="журнала"><v><l id="97972" t="журнал"><g v="NOUN"></g><g v="inan"></g><g v="masc"></g><g v="sing"></g><g v="gent"></g></l></v></tfr></token><token id="717836" text="будет"><tfr rev_id="1549692" t="будет"><v><l id="37265" t="есть"><g v="VERB"></g><g v="impf"></g><g v="intr"></g><g v="sing"></g><g v="3per"></g><g v="futr"></g><g v="indc"></g></l></v></tfr></token><token id="717837" text="вызывать"><tfr rev_id="1549693" t="вызывать"><v><l id="57672" t="вызывать"><g v="INFN"></g><g v="impf"></g><g v="tran"></g></l></v></tfr></token><token id="717838" text="у"><tfr rev_id="1549694" t="у"><v><l id="352818" t="у"><g v="PREP"></g></l></v><v><l id="352819" t="у"><g v="INTJ"></g></l></v></tfr></token><token id="717839" text="русских"><tfr rev_id="4394241" t="русских"><v><l id="310321" t="русский"><g v="ADJF"></g><g v="Subx"></g><g v="plur"></g><g v="gent"></g></l></v></tfr></token><token id="717840" text="гордость"><tfr rev_id="4364156" t="гордость"><v><l id="73216" t="гордость"><g v="NOUN"></g><g v="inan"></g><g v="femn"></g><g v="sing"></g><g v="accs"></g></l></v></tfr></token><token id="717841" text=","><tfr rev_id="1549697" t=","><v><l id="0" t=","><g v="PNCT"></g></l></v></tfr></token><token id="717842" text="а"><tfr rev_id="1549698" t="а"><v><l id="51" t="а"><g v="CONJ"></g></l></v><v><l id="52" t="а"><g v="INTJ"></g></l></v><v><l id="53" t="а"><g v="PRCL"></g></l></v></tfr></token><token id="717843" text="у"><tfr rev_id="3326309" t="у"><v><l id="352818" t="у"><g v="PREP"></g></l></v></tfr></token><token id="717844" text="американцев"><tfr rev_id="3823153" t="американцев"><v><l id="11394" t="американец"><g v="NOUN"></g><g v="anim"></g><g v="masc"></g><g v="plur"></g><g v="gent"></g></l></v></tfr></token><token id="717845" text="—"><tfr rev_id="2447832" t="—"><v><l id="0" t="—"><g v="PNCT"></g></l></v></tfr></token><token id="717846" text="любопытство"><tfr rev_id="1549702" t="любопытство"><v><l id="152050" t="любопытство"><g v="NOUN"></g><g v="inan"></g><g v="neut"></g><g v="sing"></g><g v="nomn"></g></l></v><v><l id="152050" t="любопытство"><g v="NOUN"></g><g v="inan"></g><g v="neut"></g><g v="sing"></g><g v="accs"></g></l></v></tfr></token><token id="717847" text="»"><tfr rev_id="2447833" t="»"><v><l id="0" t="»"><g v="PNCT"></g></l></v></tfr></token><token id="717848" text="."><tfr rev_id="1549704" t="."><v><l id="0" t="."><g v="PNCT"></g></l></v></tfr></token></tokens></sentence></paragraph><paragraph id="12990"><sentence id="40339"><source>Издатель журнал Илья Мерензон рассказывает:</source><tokens><token id="717849" text="Издатель"><tfr rev_id="1549705" t="Издатель"><v><l id="118744" t="издатель"><g v="NOUN"></g><g v="anim"></g><g v="masc"></g><g v="sing"></g><g v="nomn"></g></l></v></tfr></token><token id="717850" text="журнал"><tfr rev_id="1549706" t="журнал"><v><l id="97972" t="журнал"><g v="NOUN"></g><g v="inan"></g><g v="masc"></g><g v="sing"></g><g v="nomn"></g></l></v><v><l id="97972" t="журнал"><g v="NOUN"></g><g v="inan"></g><g v="masc"></g><g v="sing"></g><g v="accs"></g></l></v></tfr></token><token id="717851" text="Илья"><tfr rev_id="1549707" t="Илья"><v><l id="121460" t="илья"><g v="NOUN"></g><g v="anim"></g><g v="masc"></g><g v="Sgtm"></g><g v="Name"></g><g v="sing"></g><g v="nomn"></g></l></v></tfr></token><token id="717852" text="Мерензон"><tfr rev_id="1549708" t="Мерензон"><v><l id="0" t="мерензон"><g v="UNKN"></g></l></v></tfr></token><token id="717853" text="рассказывает"><tfr rev_id="1549709" t="рассказывает"><v><l id="300983" t="рассказываю"><g v="VERB"></g><g v="impf"></g><g v="tran"></g><g v="sing"></g><g v="3per"></g><g v="pres"></g><g v="indc"></g></l></v></tfr></token><token id="717854" text=":"><tfr rev_id="1549710" t=":"><v><l id="0" t=":"><g v="PNCT"></g></l></v></tfr></token></tokens></sentence><sentence id="40340"><source>«Спрос на журнал очень высок.</source><tokens><token id="717855" text="«"><tfr rev_id="2447834" t="«"><v><l id="0" t="«"><g v="PNCT"></g></l></v></tfr></token><token id="717856" text="Спрос"><tfr rev_id="3547627" t="Спрос"><v><l id="333053" t="спрос"><g v="NOUN"></g><g v="inan"></g><g v="masc"></g><g v="sing"></g><g v="nomn"></g></l></v></tfr></token><token id="717857" text="на"><tfr rev_id="3334915" t="на"><v><l id="166264" t="на"><g v="PREP"></g></l></v></tfr></token><token id="717858" text="журнал"><tfr rev_id="1549714" t="журнал"><v><l id="97972" t="журнал"><g v="NOUN"></g><g v="inan"></g><g v="masc"></g><g v="sing"></g><g v="nomn"></g></l></v><v><l id="97972" t="журнал"><g v="NOUN"></g><g v="inan"></g><g v="masc"></g><g v="sing"></g><g v="accs"></g></l></v></tfr></token><token id="717859" text="очень"><tfr rev_id="1549715" t="очень"><v><l id="221681" t="очень"><g v="ADVB"></g></l></v></tfr></token><token id="717860" text="высок"><tfr rev_id="1549716" t="высок"><v><l id="62138" t="высок"><g v="ADJS"></g><g v="Qual"></g><g v="masc"></g><g v="sing"></g></l></v></tfr></token><token id="717861" text="."><tfr rev_id="1549717" t="."><v><l id="0" t="."><g v="PNCT"></g></l></v></tfr></token></tokens></sentence><sentence id="40341"><source>Чему удивляться? — в англоязычном мире до нашего появления отсутствовал современный глянцевый журнал, который бы рассказывал о России.</source><tokens><token id="717862" text="Чему"><tfr rev_id="1549718" t="Чему"><v><l id="377005" t="что"><g v="NPRO"></g><g v="neut"></g><g v="sing"></g><g v="datv"></g></l></v></tfr></token><token id="717863" text="удивляться"><tfr rev_id="1549719" t="удивляться"><v><l id="354929" t="удивляться"><g v="INFN"></g><g v="impf"></g><g v="intr"></g></l></v></tfr></token><token id="717864" text="?"><tfr rev_id="1549720" t="?"><v><l id="0" t="?"><g v="PNCT"></g></l></v></tfr></token><token id="717865" text="—"><tfr rev_id="2447835" t="—"><v><l id="0" t="—"><g v="PNCT"></g></l></v></tfr></token><token id="717866" text="в"><tfr rev_id="1549722" t="в"><v><l id="37409" t="в"><g v="PREP"></g></l></v></tfr></token><token id="717867" text="англоязычном"><tfr rev_id="3342832" t="англоязычном"><v><l id="12789" t="англоязычный"><g v="ADJF"></g><g v="masc"></g><g v="sing"></g><g v="loct"></g></l></v></tfr></token><token id="717868" text="мире"><tfr rev_id="3723059" t="мире"><v><l id="160807" t="мир"><g v="NOUN"></g><g v="inan"></g><g v="masc"></g><g v="sing"></g><g v="loc1"></g></l></v></tfr></token><token id="717869" text="до"><tfr rev_id="1549725" t="до"><v><l id="85153" t="до"><g v="PREP"></g></l></v></tfr></token><token id="717870" text="нашего"><tfr rev_id="4166783" t="нашего"><v><l id="178492" t="наш"><g v="ADJF"></g><g v="Apro"></g><g v="neut"></g><g v="sing"></g><g v="gent"></g></l></v></tfr></token><token id="717871" text="появления"><tfr rev_id="3438357" t="появления"><v><l id="265511" t="появление"><g v="NOUN"></g><g v="inan"></g><g v="neut"></g><g v="sing"></g><g v="gent"></g></l></v></tfr></token><token id="717872" text="отсутствовал"><tfr rev_id="1549728" t="отсутствовал"><v><l id="218693" t="отсутствую"><g v="VERB"></g><g v="impf"></g><g v="intr"></g><g v="masc"></g><g v="sing"></g><g v="past"></g><g v="indc"></g></l></v></tfr></token><token id="717873" text="современный"><tfr rev_id="1549729" t="современный"><v><l id="328217" t="современный"><g v="ADJF"></g><g v="Qual"></g><g v="masc"></g><g v="sing"></g><g v="nomn"></g></l></v><v><l id="328217" t="современный"><g v="ADJF"></g><g v="Qual"></g><g v="inan"></g><g v="masc"></g><g v="sing"></g><g v="accs"></g></l></v></tfr></token><token id="717874" text="глянцевый"><tfr rev_id="1549730" t="глянцевый"><v><l id="71694" t="глянцевый"><g v="ADJF"></g><g v="Qual"></g><g v="masc"></g><g v="sing"></g><g v="nomn"></g></l></v><v><l id="71694" t="глянцевый"><g v="ADJF"></g><g v="Qual"></g><g v="inan"></g><g v="masc"></g><g v="sing"></g><g v="accs"></g></l></v></tfr></token><token id="717875" text="журнал"><tfr rev_id="1549731" t="журнал"><v><l id="97972" t="журнал"><g v="NOUN"></g><g v="inan"></g><g v="masc"></g><g v="sing"></g><g v="nomn"></g></l></v><v><l id="97972" t="журнал"><g v="NOUN"></g><g v="inan"></g><g v="masc"></g><g v="sing"></g><g v="accs"></g></l></v></tfr></token><token id="717876" text=","><tfr rev_id="1549732" t=","><v><l id="0" t=","><g v="PNCT"></g></l></v></tfr></token><token id="717877" text="который"><tfr rev_id="3637512" t="который"><v><l id="141203" t="который"><g v="ADJF"></g><g v="Apro"></g><g v="Subx"></g><g v="Anph"></g><g v="masc"></g><g v="sing"></g><g v="nomn"></g></l></v><v><l id="141203" t="который"><g v="ADJF"></g><g v="Apro"></g><g v="Subx"></g><g v="Anph"></g><g v="inan"></g><g v="masc"></g><g v="sing"></g><g v="accs"></g></l></v></tfr></token><token id="717878" text="бы"><tfr rev_id="1549734" t="бы"><v><l id="36985" t="бы"><g v="PRCL"></g></l></v></tfr></token><token id="717879" text="рассказывал"><tfr rev_id="1549735" t="рассказывал"><v><l id="300983" t="рассказываю"><g v="VERB"></g><g v="impf"></g><g v="tran"></g><g v="masc"></g><g v="sing"></g><g v="past"></g><g v="indc"></g></l></v></tfr></token><token id="717880" text="о"><tfr rev_id="3226641" t="о"><v><l id="192977" t="о"><g v="PREP"></g></l></v></tfr></token><token id="717881" text="России"><tfr rev_id="2922401" t="России"><v><l id="309322" t="россия"><g v="NOUN"></g><g v="inan"></g><g v="femn"></g><g v="Sgtm"></g><g v="Geox"></g><g v="sing"></g><g v="loct"></g></l></v></tfr></token><token id="717882" text="."><tfr rev_id="1549738" t="."><v><l id="0" t="."><g v="PNCT"></g></l></v></tfr></token></tokens></sentence><sentence id="40342"><source>При этом не в высокопарном или образовательном тоне, а в привычным местной публике провокационном формате глянца.</source><tokens><token id="717883" text="При"><tfr rev_id="2634185" t="При"><v><l id="268625" t="при"><g v="PREP"></g></l></v></tfr></token><token id="717884" text="этом"><tfr rev_id="3282116" t="этом"><v><l id="386575" t="это"><g v="NPRO"></g><g v="neut"></g><g v="sing"></g><g v="loct"></g></l></v></tfr></token><token id="717885" text="не"><tfr rev_id="1549741" t="не"><v><l id="178876" t="не"><g v="PRCL"></g></l></v></tfr></token><token id="717886" text="в"><tfr rev_id="1549742" t="в"><v><l id="37409" t="в"><g v="PREP"></g></l></v></tfr></token><token id="717887" text="высокопарном"><tfr rev_id="3549263" t="высокопарном"><v><l id="62307" t="высокопарный"><g v="ADJF"></g><g v="Qual"></g><g v="masc"></g><g v="sing"></g><g v="loct"></g></l></v></tfr></token><token id="717888" text="или"><tfr rev_id="3787380" t="или"><v><l id="121146" t="или"><g v="CONJ"></g></l></v></tfr></token><token id="717889" text="образовательном"><tfr rev_id="3531020" t="образовательном"><v><l id="198807" t="образовательный"><g v="ADJF"></g><g v="masc"></g><g v="sing"></g><g v="loct"></g></l></v></tfr></token><token id="717890" text="тоне"><tfr rev_id="4257173" t="тоне"><v><l id="347554" t="тон"><g v="NOUN"></g><g v="inan"></g><g v="masc"></g><g v="sing"></g><g v="loct"></g></l></v></tfr></token><token id="717891" text=","><tfr rev_id="1549747" t=","><v><l id="0" t=","><g v="PNCT"></g></l></v></tfr></token><token id="717892" text="а"><tfr rev_id="1549748" t="а"><v><l id="51" t="а"><g v="CONJ"></g></l></v><v><l id="52" t="а"><g v="INTJ"></g></l></v><v><l id="53" t="а"><g v="PRCL"></g></l></v></tfr></token><token id="717893" text="в"><tfr rev_id="1549749" t="в"><v><l id="37409" t="в"><g v="PREP"></g></l></v></tfr></token><token id="717894" text="привычным"><tfr rev_id="3466138" t="привычным"><v><l id="269600" t="привычный"><g v="ADJF"></g><g v="Qual"></g><g v="masc"></g><g v="sing"></g><g v="ablt"></g></l></v><v><l id="269600" t="привычный"><g v="ADJF"></g><g v="Qual"></g><g v="neut"></g><g v="sing"></g><g v="ablt"></g></l></v></tfr></token><token id="717895" text="местной"><tfr rev_id="2948678" t="местной"><v><l id="158819" t="местный"><g v="ADJF"></g><g v="Qual"></g><g v="femn"></g><g v="sing"></g><g v="datv"></g></l></v></tfr></token><token id="717896" text="публике"><tfr rev_id="3556294" t="публике"><v><l id="288823" t="публика"><g v="NOUN"></g><g v="inan"></g><g v="femn"></g><g v="sing"></g><g v="datv"></g></l></v></tfr></token><token id="717897" text="провокационном"><tfr rev_id="3549213" t="провокационном"><v><l id="278123" t="провокационный"><g v="ADJF"></g><g v="masc"></g><g v="sing"></g><g v="loct"></g></l></v></tfr></token><token id="717898" text="формате"><tfr rev_id="1549754" t="формате"><v><l id="367137" t="формат"><g v="NOUN"></g><g v="inan"></g><g v="masc"></g><g v="sing"></g><g v="loct"></g></l></v></tfr></token><token id="717899" text="глянца"><tfr rev_id="1549755" t="глянца"><v><l id="71667" t="глянец"><g v="NOUN"></g><g v="inan"></g><g v="masc"></g><g v="sing"></g><g v="gent"></g></l></v></tfr></token><token id="717900" text="."><tfr rev_id="1549756" t="."><v><l id="0" t="."><g v="PNCT"></g></l></v></tfr></token></tokens></sentence><sentence id="40343"><source>Для создания журнала мы привлекли лучших: арт-директором выступил Артемий Лебедев, слоган придумал Рома Воронежский, арт-секцию редактировал Марат Гельман».</source><tokens><token id="717901" text="Для"><tfr rev_id="2707458" t="Для"><v><l id="85032" t="для"><g v="PREP"></g></l></v></tfr></token><token id="717902" text="создания"><tfr rev_id="4570954" t="создания"><v><l id="328580" t="создание"><g v="NOUN"></g><g v="inan"></g><g v="neut"></g><g v="Inmx"></g><g v="plur"></g><g v="accs"></g></l></v><v><l id="328580" t="создание"><g v="NOUN"></g><g v="inan"></g><g v="neut"></g><g v="Inmx"></g><g v="plur"></g><g v="nomn"></g></l></v><v><l id="328580" t="создание"><g v="NOUN"></g><g v="inan"></g><g v="neut"></g><g v="Inmx"></g><g v="sing"></g><g v="gent"></g></l></v></tfr></token><token id="717903" text="журнала"><tfr rev_id="1549759" t="журнала"><v><l id="97972" t="журнал"><g v="NOUN"></g><g v="inan"></g><g v="masc"></g><g v="sing"></g><g v="gent"></g></l></v></tfr></token><token id="717904" text="мы"><tfr rev_id="1549760" t="мы"><v><l id="165750" t="мы"><g v="NPRO"></g><g v="1per"></g><g v="plur"></g><g v="nomn"></g></l></v></tfr></token><token id="717905" text="привлекли"><tfr rev_id="1549761" t="привлекли"><v><l id="269378" t="привлёк"><g v="VERB"></g><g v="perf"></g><g v="tran"></g><g v="plur"></g><g v="past"></g><g v="indc"></g></l></v></tfr></token><token id="717906" text="лучших"><tfr rev_id="2762314" t="лучших"><v><l id="371672" t="лучший"><g v="ADJF"></g><g v="Supr"></g><g v="Qual"></g><g v="anim"></g><g v="plur"></g><g v="accs"></g></l></v></tfr></token><token id="717907" text=":"><tfr rev_id="1549763" t=":"><v><l id="0" t=":"><g v="PNCT"></g></l></v></tfr></token><token id="717908" text="арт-директором"><tfr rev_id="4540757" t="арт-директором"><v><l id="393020" t="арт-директор"><g v="NOUN"></g><g v="anim"></g><g v="masc"></g><g v="sing"></g><g v="ablt"></g></l></v></tfr></token><token id="717909" text="выступил"><tfr rev_id="1549765" t="выступил"><v><l id="62885" t="выступил"><g v="VERB"></g><g v="perf"></g><g v="intr"></g><g v="masc"></g><g v="sing"></g><g v="past"></g><g v="indc"></g></l></v></tfr></token><token id="717910" text="Артемий"><tfr rev_id="3482253" t="Артемий"><v><l id="17342" t="артемий"><g v="NOUN"></g><g v="anim"></g><g v="masc"></g><g v="Name"></g><g v="sing"></g><g v="nomn"></g></l></v></tfr></token><token id="717911" text="Лебедев"><tfr rev_id="1549767" t="Лебедев"><v><l id="147287" t="лебедев"><g v="NOUN"></g><g v="anim"></g><g v="masc"></g><g v="Sgtm"></g><g v="Surn"></g><g v="sing"></g><g v="nomn"></g></l></v></tfr></token><token id="717912" text=","><tfr rev_id="1549768" t=","><v><l id="0" t=","><g v="PNCT"></g></l></v></tfr></token><token id="717913" text="слоган"><tfr rev_id="4454976" t="слоган"><v><l id="390598" t="слоган"><g v="NOUN"></g><g v="inan"></g><g v="masc"></g><g v="sing"></g><g v="accs"></g></l></v></tfr></token><token id="717914" text="придумал"><tfr rev_id="1549770" t="придумал"><v><l id="270270" t="придумал"><g v="VERB"></g><g v="perf"></g><g v="tran"></g><g v="masc"></g><g v="sing"></g><g v="past"></g><g v="indc"></g></l></v></tfr></token><token id="717915" text="Рома"><tfr rev_id="3492914" t="Рома"><v><l id="308815" t="рома"><g v="NOUN"></g><g v="anim"></g><g v="masc"></g><g v="Name"></g><g v="sing"></g><g v="nomn"></g></l></v></tfr></token><token id="717916" text="Воронежский"><tfr rev_id="1549772" t="Воронежский"><v><l id="51033" t="воронежский"><g v="ADJF"></g><g v="masc"></g><g v="sing"></g><g v="nomn"></g></l></v><v><l id="51033" t="воронежский"><g v="ADJF"></g><g v="inan"></g><g v="masc"></g><g v="sing"></g><g v="accs"></g></l></v></tfr></token><token id="717917" text=","><tfr rev_id="1549773" t=","><v><l id="0" t=","><g v="PNCT"></g></l></v></tfr></token><token id="717918" text="арт-секцию"><tfr rev_id="4542018" t="арт-секцию"><v><l id="393222" t="арт-секция"><g v="NOUN"></g><g v="inan"></g><g v="femn"></g><g v="sing"></g><g v="accs"></g></l></v></tfr></token><token id="717919" text="редактировал"><tfr rev_id="1549775" t="редактировал"><v><l id="304958" t="редактирую"><g v="VERB"></g><g v="impf"></g><g v="tran"></g><g v="masc"></g><g v="sing"></g><g v="past"></g><g v="indc"></g></l></v></tfr></token><token id="717920" text="Марат"><tfr rev_id="1549776" t="Марат"><v><l id="154999" t="марат"><g v="NOUN"></g><g v="anim"></g><g v="masc"></g><g v="Name"></g><g v="sing"></g><g v="nomn"></g></l></v></tfr></token><token id="717921" text="Гельман"><tfr rev_id="4415848" t="Гельман"><v><l id="68356" t="гельман"><g v="NOUN"></g><g v="anim"></g><g v="masc"></g><g v="Sgtm"></g><g v="Surn"></g><g v="sing"></g><g v="nomn"></g></l></v></tfr></token><token id="717922" text="»"><tfr rev_id="2447836" t="»"><v><l id="0" t="»"><g v="PNCT"></g></l></v></tfr></token><token id="717923" text="."><tfr rev_id="1549779" t="."><v><l id="0" t="."><g v="PNCT"></g></l></v></tfr></token></tokens></sentence></paragraph><paragraph id="12991"><sentence id="40344"><source>В США журнал Russia! распространяется одним из ведущих дистрибьюторов печатной продукции — компанией RCS.</source><tokens><token id="717924" text="В"><tfr rev_id="1549780" t="В"><v><l id="37409" t="в"><g v="PREP"></g></l></v></tfr></token><token id="717925" text="США"><tfr rev_id="3811469" t="США"><v><l id="341371" t="сша"><g v="NOUN"></g><g v="inan"></g><g v="GNdr"></g><g v="Pltm"></g><g v="Fixd"></g><g v="Abbr"></g><g v="Geox"></g><g v="plur"></g><g v="nomn"></g></l></v><v><l id="341371" t="сша"><g v="NOUN"></g><g v="inan"></g><g v="GNdr"></g><g v="Pltm"></g><g v="Fixd"></g><g v="Abbr"></g><g v="Geox"></g><g v="plur"></g><g v="gent"></g></l></v><v><l id="341371" t="сша"><g v="NOUN"></g><g v="inan"></g><g v="GNdr"></g><g v="Pltm"></g><g v="Fixd"></g><g v="Abbr"></g><g v="Geox"></g><g v="plur"></g><g v="datv"></g></l></v><v><l id="341371" t="сша"><g v="NOUN"></g><g v="inan"></g><g v="GNdr"></g><g v="Pltm"></g><g v="Fixd"></g><g v="Abbr"></g><g v="Geox"></g><g v="plur"></g><g v="accs"></g></l></v><v><l id="341371" t="сша"><g v="NOUN"></g><g v="inan"></g><g v="GNdr"></g><g v="Pltm"></g><g v="Fixd"></g><g v="Abbr"></g><g v="Geox"></g><g v="plur"></g><g v="ablt"></g></l></v><v><l id="341371" t="сша"><g v="NOUN"></g><g v="inan"></g><g v="GNdr"></g><g v="Pltm"></g><g v="Fixd"></g><g v="Abbr"></g><g v="Geox"></g><g v="plur"></g><g v="loct"></g></l></v></tfr></token><token id="717926" text="журнал"><tfr rev_id="4212150" t="журнал"><v><l id="97972" t="журнал"><g v="NOUN"></g><g v="inan"></g><g v="masc"></g><g v="sing"></g><g v="nomn"></g></l></v></tfr></token><token id="717927" text="Russia"><tfr rev_id="2475713" t="Russia"><v><l id="0" t="Russia"><g v="LATN"></g></l></v></tfr></token><token id="717928" text="!"><tfr rev_id="1549784" t="!"><v><l id="0" t="!"><g v="PNCT"></g></l></v></tfr></token><token id="717929" text="распространяется"><tfr rev_id="1549785" t="распространяется"><v><l id="300355" t="распространяюсь"><g v="VERB"></g><g v="impf"></g><g v="intr"></g><g v="sing"></g><g v="3per"></g><g v="pres"></g><g v="indc"></g></l></v></tfr></token><token id="717930" text="одним"><tfr rev_id="4376819" t="одним"><v><l id="203319" t="один"><g v="ADJF"></g><g v="Apro"></g><g v="Anum"></g><g v="masc"></g><g v="sing"></g><g v="ablt"></g></l></v></tfr></token><token id="717931" text="из"><tfr rev_id="2603938" t="из"><v><l id="117677" t="из"><g v="PREP"></g></l></v></tfr></token><token id="717932" text="ведущих"><tfr rev_id="1549788" t="ведущих"><v><l id="40370" t="ведущий"><g v="ADJF"></g><g v="Subx"></g><g v="plur"></g><g v="gent"></g></l></v><v><l id="40370" t="ведущий"><g v="ADJF"></g><g v="Subx"></g><g v="anim"></g><g v="plur"></g><g v="accs"></g></l></v><v><l id="40370" t="ведущий"><g v="ADJF"></g><g v="Subx"></g><g v="plur"></g><g v="loct"></g></l></v><v><l id="42112" t="ведущий"><g v="PRTF"></g><g v="Subx"></g><g v="impf"></g><g v="tran"></g><g v="pres"></g><g v="actv"></g><g v="plur"></g><g v="gent"></g></l></v><v><l id="42112" t="ведущий"><g v="PRTF"></g><g v="Subx"></g><g v="impf"></g><g v="tran"></g><g v="pres"></g><g v="actv"></g><g v="anim"></g><g v="plur"></g><g v="accs"></g></l></v><v><l id="42112" t="ведущий"><g v="PRTF"></g><g v="Subx"></g><g v="impf"></g><g v="tran"></g><g v="pres"></g><g v="actv"></g><g v="plur"></g><g v="loct"></g></l></v></tfr></token><token id="717933" text="дистрибьюторов"><tfr rev_id="3465010" t="дистрибьюторов"><v><l id="84667" t="дистрибьютор"><g v="NOUN"></g><g v="anim"></g><g v="masc"></g><g v="plur"></g><g v="gent"></g></l></v></tfr></token><token id="717934" text="печатной"><tfr rev_id="4261716" t="печатной"><v><l id="238222" t="печатный"><g v="ADJF"></g><g v="Qual"></g><g v="femn"></g><g v="sing"></g><g v="gent"></g></l></v></tfr></token><token id="717935" text="продукции"><tfr rev_id="4269761" t="продукции"><v><l id="279370" t="продукция"><g v="NOUN"></g><g v="inan"></g><g v="femn"></g><g v="sing"></g><g v="gent"></g></l></v></tfr></token><token id="717936" text="—"><tfr rev_id="2447837" t="—"><v><l id="0" t="—"><g v="PNCT"></g></l></v></tfr></token><token id="717937" text="компанией"><tfr rev_id="1549793" t="компанией"><v><l id="137146" t="компания"><g v="NOUN"></g><g v="inan"></g><g v="femn"></g><g v="sing"></g><g v="ablt"></g></l></v></tfr></token><token id="717938" text="RCS"><tfr rev_id="2475714" t="RCS"><v><l id="0" t="RCS"><g v="LATN"></g></l></v></tfr></token><token id="717939" text="."><tfr rev_id="1549795" t="."><v><l id="0" t="."><g v="PNCT"></g></l></v></tfr></token></tokens></sentence><sentence id="40345"><source>В магазинах журнал стоит 3 долл. 95 центов.</source><tokens><token id="717940" text="В"><tfr rev_id="1549796" t="В"><v><l id="37409" t="в"><g v="PREP"></g></l></v></tfr></token><token id="717941" text="магазинах"><tfr rev_id="1549797" t="магазинах"><v><l id="152545" t="магазин"><g v="NOUN"></g><g v="inan"></g><g v="masc"></g><g v="plur"></g><g v="loct"></g></l></v></tfr></token><token id="717942" text="журнал"><tfr rev_id="4107014" t="журнал"><v><l id="97972" t="журнал"><g v="NOUN"></g><g v="inan"></g><g v="masc"></g><g v="sing"></g><g v="nomn"></g></l></v></tfr></token><token id="717943" text="стоит"><tfr rev_id="1549799" t="стоит"><v><l id="336464" t="стою"><g v="VERB"></g><g v="impf"></g><g v="tran"></g><g v="sing"></g><g v="3per"></g><g v="pres"></g><g v="indc"></g></l></v><v><l id="336469" t="стоило"><g v="VERB"></g><g v="impf"></g><g v="intr"></g><g v="Impe"></g><g v="sing"></g><g v="pres"></g><g v="indc"></g></l></v><v><l id="336980" t="стою"><g v="VERB"></g><g v="impf"></g><g v="intr"></g><g v="sing"></g><g v="3per"></g><g v="pres"></g><g v="indc"></g></l></v></tfr></token><token id="717944" text="3"><tfr rev_id="2463139" t="3"><v><l id="0" t="3"><g v="NUMB"></g></l></v></tfr></token><token id="717945" text="долл"><tfr rev_id="4496980" t="долл"><v><l id="389054" t="долл"><g v="NOUN"></g><g v="inan"></g><g v="masc"></g><g v="Fixd"></g><g v="Abbr"></g><g v="sing"></g><g v="nomn"></g></l></v><v><l id="389054" t="долл"><g v="NOUN"></g><g v="inan"></g><g v="masc"></g><g v="Fixd"></g><g v="Abbr"></g><g v="sing"></g><g v="gent"></g></l></v><v><l id="389054" t="долл"><g v="NOUN"></g><g v="inan"></g><g v="masc"></g><g v="Fixd"></g><g v="Abbr"></g><g v="sing"></g><g v="datv"></g></l></v><v><l id="389054" t="долл"><g v="NOUN"></g><g v="inan"></g><g v="masc"></g><g v="Fixd"></g><g v="Abbr"></g><g v="sing"></g><g v="accs"></g></l></v><v><l id="389054" t="долл"><g v="NOUN"></g><g v="inan"></g><g v="masc"></g><g v="Fixd"></g><g v="Abbr"></g><g v="sing"></g><g v="ablt"></g></l></v><v><l id="389054" t="долл"><g v="NOUN"></g><g v="inan"></g><g v="masc"></g><g v="Fixd"></g><g v="Abbr"></g><g v="sing"></g><g v="loct"></g></l></v></tfr></token><token id="717946" text="."><tfr rev_id="1549802" t="."><v><l id="0" t="."><g v="PNCT"></g></l></v></tfr></token><token id="717947" text="95"><tfr rev_id="2463140" t="95"><v><l id="0" t="95"><g v="NUMB"></g></l></v></tfr></token><token id="717948" text="центов"><tfr rev_id="2703063" t="центов"><v><l id="373362" t="цент"><g v="NOUN"></g><g v="inan"></g><g v="masc"></g><g v="plur"></g><g v="gent"></g></l></v></tfr></token><token id="717949" text="."><tfr rev_id="1549805" t="."><v><l id="0" t="."><g v="PNCT"></g></l></v></tfr></token></tokens></sentence><sentence id="40346"><source>Кроме того, желающие могут оформить годовую подписку.</source><tokens><token id="717950" text="Кроме"><tfr rev_id="1549806" t="Кроме"><v><l id="143259" t="кроме"><g v="PREP"></g></l></v></tfr></token><token id="717951" text="того"><tfr rev_id="4292047" t="того"><v><l id="348430" t="тот"><g v="ADJF"></g><g v="Subx"></g><g v="Apro"></g><g v="Anph"></g><g v="neut"></g><g v="sing"></g><g v="gent"></g></l></v></tfr></token><token id="717952" text=","><tfr rev_id="1549808" t=","><v><l id="0" t=","><g v="PNCT"></g></l></v></tfr></token><token id="717953" text="желающие"><tfr rev_id="4319108" t="желающие"><v><l id="96292" t="желающий"><g v="PRTF"></g><g v="Subx"></g><g v="impf"></g><g v="tran"></g><g v="pres"></g><g v="actv"></g><g v="plur"></g><g v="nomn"></g></l></v><v><l id="96292" t="желающий"><g v="PRTF"></g><g v="Subx"></g><g v="impf"></g><g v="tran"></g><g v="pres"></g><g v="actv"></g><g v="inan"></g><g v="plur"></g><g v="accs"></g></l></v></tfr></token><token id="717954" text="могут"><tfr rev_id="1549810" t="могут"><v><l id="164485" t="могу"><g v="VERB"></g><g v="impf"></g><g v="intr"></g><g v="plur"></g><g v="3per"></g><g v="pres"></g><g v="indc"></g></l></v></tfr></token><token id="717955" text="оформить"><tfr rev_id="1549811" t="оформить"><v><l id="220963" t="оформить"><g v="INFN"></g><g v="perf"></g><g v="tran"></g></l></v></tfr></token><token id="717956" text="годовую"><tfr rev_id="1549812" t="годовую"><v><l id="72198" t="годовой"><g v="ADJF"></g><g v="femn"></g><g v="sing"></g><g v="accs"></g></l></v></tfr></token><token id="717957" text="подписку"><tfr rev_id="1549813" t="подписку"><v><l id="248893" t="подписка"><g v="NOUN"></g><g v="inan"></g><g v="femn"></g><g v="sing"></g><g v="accs"></g></l></v></tfr></token><token id="717958" text="."><tfr rev_id="1549814" t="."><v><l id="0" t="."><g v="PNCT"></g></l></v></tfr></token></tokens></sentence><sentence id="40347"><source>Тираж первого номера «Russia!» составил 20 тыс. экз.</source><tokens><token id="717959" text="Тираж"><tfr rev_id="1549815" t="Тираж"><v><l id="346359" t="тираж"><g v="NOUN"></g><g v="inan"></g><g v="masc"></g><g v="sing"></g><g v="nomn"></g></l></v><v><l id="346359" t="тираж"><g v="NOUN"></g><g v="inan"></g><g v="masc"></g><g v="sing"></g><g v="accs"></g></l></v></tfr></token><token id="717960" text="первого"><tfr rev_id="4535021" t="первого"><v><l id="226359" t="первый"><g v="ADJF"></g><g v="Anum"></g><g v="masc"></g><g v="sing"></g><g v="gent"></g></l></v><v><l id="226359" t="первый"><g v="ADJF"></g><g v="Anum"></g><g v="neut"></g><g v="sing"></g><g v="gent"></g></l></v></tfr></token><token id="717961" text="номера"><tfr rev_id="3451312" t="номера"><v><l id="192067" t="номер"><g v="NOUN"></g><g v="inan"></g><g v="masc"></g><g v="sing"></g><g v="gent"></g></l></v></tfr></token><token id="717962" text="«"><tfr rev_id="2447838" t="«"><v><l id="0" t="«"><g v="PNCT"></g></l></v></tfr></token><token id="717963" text="Russia"><tfr rev_id="2475715" t="Russia"><v><l id="0" t="Russia"><g v="LATN"></g></l></v></tfr></token><token id="717964" text="!"><tfr rev_id="1549820" t="!"><v><l id="0" t="!"><g v="PNCT"></g></l></v></tfr></token><token id="717965" text="»"><tfr rev_id="2447839" t="»"><v><l id="0" t="»"><g v="PNCT"></g></l></v></tfr></token><token id="717966" text="составил"><tfr rev_id="1549822" t="составил"><v><l id="330483" t="составил"><g v="VERB"></g><g v="perf"></g><g v="tran"></g><g v="masc"></g><g v="sing"></g><g v="past"></g><g v="indc"></g></l></v></tfr></token><token id="717967" text="20"><tfr rev_id="2463141" t="20"><v><l id="0" t="20"><g v="NUMB"></g></l></v></tfr></token><token id="717968" text="тыс"><tfr rev_id="4178926" t="тыс"><v><l id="389041" t="тыс"><g v="NOUN"></g><g v="inan"></g><g v="femn"></g><g v="Fixd"></g><g v="Abbr"></g><g v="plur"></g><g v="gent"></g></l></v></tfr></token><token id="717969" text="."><tfr rev_id="1549825" t="."><v><l id="0" t="."><g v="PNCT"></g></l></v></tfr></token><token id="717970" text="экз"><tfr rev_id="4303604" t="экз"><v><l id="390222" t="экз"><g v="NOUN"></g><g v="inan"></g><g v="masc"></g><g v="Fixd"></g><g v="Abbr"></g><g v="plur"></g><g v="ablt"></g></l></v><v><l id="390222" t="экз"><g v="NOUN"></g><g v="inan"></g><g v="masc"></g><g v="Fixd"></g><g v="Abbr"></g><g v="plur"></g><g v="accs"></g></l></v><v><l id="390222" t="экз"><g v="NOUN"></g><g v="inan"></g><g v="masc"></g><g v="Fixd"></g><g v="Abbr"></g><g v="plur"></g><g v="datv"></g></l></v><v><l id="390222" t="экз"><g v="NOUN"></g><g v="inan"></g><g v="masc"></g><g v="Fixd"></g><g v="Abbr"></g><g v="plur"></g><g v="gent"></g></l></v><v><l id="390222" t="экз"><g v="NOUN"></g><g v="inan"></g><g v="masc"></g><g v="Fixd"></g><g v="Abbr"></g><g v="plur"></g><g v="loct"></g></l></v><v><l id="390222" t="экз"><g v="NOUN"></g><g v="inan"></g><g v="masc"></g><g v="Fixd"></g><g v="Abbr"></g><g v="plur"></g><g v="nomn"></g></l></v><v><l id="390222" t="экз"><g v="NOUN"></g><g v="inan"></g><g v="masc"></g><g v="Fixd"></g><g v="Abbr"></g><g v="sing"></g><g v="ablt"></g></l></v><v><l id="390222" t="экз"><g v="NOUN"></g><g v="inan"></g><g v="masc"></g><g v="Fixd"></g><g v="Abbr"></g><g v="sing"></g><g v="accs"></g></l></v><v><l id="390222" t="экз"><g v="NOUN"></g><g v="inan"></g><g v="masc"></g><g v="Fixd"></g><g v="Abbr"></g><g v="sing"></g><g v="datv"></g></l></v><v><l id="390222" t="экз"><g v="NOUN"></g><g v="inan"></g><g v="masc"></g><g v="Fixd"></g><g v="Abbr"></g><g v="sing"></g><g v="gent"></g></l></v><v><l id="390222" t="экз"><g v="NOUN"></g><g v="inan"></g><g v="masc"></g><g v="Fixd"></g><g v="Abbr"></g><g v="sing"></g><g v="loct"></g></l></v><v><l id="390222" t="экз"><g v="NOUN"></g><g v="inan"></g><g v="masc"></g><g v="Fixd"></g><g v="Abbr"></g><g v="sing"></g><g v="nomn"></g></l></v></tfr></token><token id="717971" text="."><tfr rev_id="1549827" t="."><v><l id="0" t="."><g v="PNCT"></g></l></v></tfr></token></tokens></sentence><sentence id="40348"><source>Он продается в крупных книжных сетях США.</source><tokens><token id="717972" text="Он"><tfr rev_id="3575907" t="Он"><v><l id="206541" t="он"><g v="NPRO"></g><g v="masc"></g><g v="3per"></g><g v="Anph"></g><g v="sing"></g><g v="nomn"></g></l></v></tfr></token><token id="717973" text="продается"><tfr rev_id="1549829" t="продается"><v><l id="278918" t="продаюсь"><g v="VERB"></g><g v="impf"></g><g v="intr"></g><g v="sing"></g><g v="3per"></g><g v="pres"></g><g v="indc"></g></l></v></tfr></token><token id="717974" text="в"><tfr rev_id="1549830" t="в"><v><l id="37409" t="в"><g v="PREP"></g></l></v></tfr></token><token id="717975" text="крупных"><tfr rev_id="3666632" t="крупных"><v><l id="143763" t="крупный"><g v="ADJF"></g><g v="Qual"></g><g v="plur"></g><g v="loct"></g></l></v></tfr></token><token id="717976" text="книжных"><tfr rev_id="3556417" t="книжных"><v><l id="134870" t="книжный"><g v="ADJF"></g><g v="Qual"></g><g v="plur"></g><g v="loct"></g></l></v></tfr></token><token id="717977" text="сетях"><tfr rev_id="1549833" t="сетях"><v><l id="319643" t="сеть"><g v="NOUN"></g><g v="inan"></g><g v="femn"></g><g v="plur"></g><g v="loct"></g></l></v></tfr></token><token id="717978" text="США"><tfr rev_id="3811470" t="США"><v><l id="341371" t="сша"><g v="NOUN"></g><g v="inan"></g><g v="GNdr"></g><g v="Pltm"></g><g v="Fixd"></g><g v="Abbr"></g><g v="Geox"></g><g v="plur"></g><g v="gent"></g></l></v></tfr></token><token id="717979" text="."><tfr rev_id="1549835" t="."><v><l id="0" t="."><g v="PNCT"></g></l></v></tfr></token></tokens></sentence><sentence id="40349"><source>В марте его можно будет купить в Европе и России.</source><tokens><token id="717980" text="В"><tfr rev_id="1549836" t="В"><v><l id="37409" t="в"><g v="PREP"></g></l></v></tfr></token><token id="717981" text="марте"><tfr rev_id="4333397" t="марте"><v><l id="155465" t="март"><g v="NOUN"></g><g v="inan"></g><g v="masc"></g><g v="sing"></g><g v="loct"></g></l></v></tfr></token><token id="717982" text="его"><tfr rev_id="4529946" t="его"><v><l id="206541" t="он"><g v="NPRO"></g><g v="masc"></g><g v="3per"></g><g v="Anph"></g><g v="sing"></g><g v="gent"></g></l></v><v><l id="206541" t="он"><g v="NPRO"></g><g v="masc"></g><g v="3per"></g><g v="Anph"></g><g v="sing"></g><g v="accs"></g></l></v><v><l id="206649" t="оно"><g v="NPRO"></g><g v="neut"></g><g v="3per"></g><g v="Anph"></g><g v="sing"></g><g v="gent"></g></l></v><v><l id="206649" t="оно"><g v="NPRO"></g><g v="neut"></g><g v="3per"></g><g v="Anph"></g><g v="sing"></g><g v="accs"></g></l></v></tfr></token><token id="717983" text="можно"><tfr rev_id="1549839" t="можно"><v><l id="162467" t="можно"><g v="PRED"></g><g v="pres"></g></l></v></tfr></token><token id="717984" text="будет"><tfr rev_id="1549840" t="будет"><v><l id="37265" t="есть"><g v="VERB"></g><g v="impf"></g><g v="intr"></g><g v="sing"></g><g v="3per"></g><g v="futr"></g><g v="indc"></g></l></v></tfr></token><token id="717985" text="купить"><tfr rev_id="1549841" t="купить"><v><l id="145084" t="купить"><g v="INFN"></g><g v="perf"></g><g v="tran"></g></l></v></tfr></token><token id="717986" text="в"><tfr rev_id="1549842" t="в"><v><l id="37409" t="в"><g v="PREP"></g></l></v></tfr></token><token id="717987" text="Европе"><tfr rev_id="3550025" t="Европе"><v><l id="94019" t="европа"><g v="NOUN"></g><g v="inan"></g><g v="femn"></g><g v="Sgtm"></g><g v="Geox"></g><g v="sing"></g><g v="loct"></g></l></v></tfr></token><token id="717988" text="и"><tfr rev_id="3495460" t="и"><v><l id="116949" t="и"><g v="CONJ"></g></l></v></tfr></token><token id="717989" text="России"><tfr rev_id="3455343" t="России"><v><l id="309322" t="россия"><g v="NOUN"></g><g v="inan"></g><g v="femn"></g><g v="Sgtm"></g><g v="Geox"></g><g v="sing"></g><g v="loct"></g></l></v></tfr></token><token id="717990" text="."><tfr rev_id="1549846" t="."><v><l id="0" t="."><g v="PNCT"></g></l></v></tfr></token></tokens></sentence></paragraph></paragraphs></text>