<?xml version="1.0" encoding="utf-8"?><text id="1451" parent="56" name="В Казахстане состоялись выборы Президента"><tags><tag>Автор:http://ru.wikinews.org/wiki/Участник:Artem Korzhimanov</tag><tag>Дата:04/04</tag><tag>Год:2011</tag><tag>Тема:ВикиКатегория:Выборы</tag><tag>Гео:ВикиКатегория:Казахстан</tag><tag>Тема:ВикиКатегория:Материалы VOA News</tag><tag>Тема:ВикиКатегория:Политика</tag><tag>url:http://ru.wikinews.org/w/index.php?title=В_Казахстане_состоялись_выборы_Президента&amp;oldid=53591</tag></tags><paragraphs><paragraph id="12996"><sentence id="40360"><source>В Казахстане состоялись выборы Президента</source><tokens><token id="718205" text="В"><tfr rev_id="1550061" t="В"><v><l id="37409" t="в"><g v="PREP"></g></l></v></tfr></token><token id="718206" text="Казахстане"><tfr rev_id="1550062" t="Казахстане"><v><l id="127948" t="казахстан"><g v="NOUN"></g><g v="inan"></g><g v="masc"></g><g v="Geox"></g><g v="sing"></g><g v="loct"></g></l></v></tfr></token><token id="718207" text="состоялись"><tfr rev_id="1550063" t="состоялись"><v><l id="330568" t="состоялся"><g v="VERB"></g><g v="perf"></g><g v="intr"></g><g v="plur"></g><g v="past"></g><g v="indc"></g></l></v></tfr></token><token id="718208" text="выборы"><tfr rev_id="3728064" t="выборы"><v><l id="55719" t="выбор"><g v="NOUN"></g><g v="inan"></g><g v="masc"></g><g v="plur"></g><g v="nomn"></g></l></v><v><l id="55749" t="выборы"><g v="NOUN"></g><g v="inan"></g><g v="GNdr"></g><g v="Pltm"></g><g v="plur"></g><g v="nomn"></g></l></v></tfr></token><token id="718209" text="Президента"><tfr rev_id="3546722" t="Президента"><v><l id="267449" t="президент"><g v="NOUN"></g><g v="anim"></g><g v="masc"></g><g v="sing"></g><g v="gent"></g></l></v></tfr></token></tokens></sentence></paragraph><paragraph id="12997"><sentence id="40361"><source>В воскресенье 3 апреля в Казахстане состоялись досрочные президентские выборы.</source><tokens><token id="718210" text="В"><tfr rev_id="1550066" t="В"><v><l id="37409" t="в"><g v="PREP"></g></l></v></tfr></token><token id="718211" text="воскресенье"><tfr rev_id="4486051" t="воскресенье"><v><l id="51393" t="воскресение"><g v="NOUN"></g><g v="inan"></g><g v="neut"></g><g v="sing"></g><g v="accs"></g><g v="V-be"></g></l></v><v><l id="51406" t="воскресенье"><g v="NOUN"></g><g v="inan"></g><g v="neut"></g><g v="sing"></g><g v="accs"></g></l></v></tfr></token><token id="718212" text="3"><tfr rev_id="2463145" t="3"><v><l id="0" t="3"><g v="NUMB"></g></l></v></tfr></token><token id="718213" text="апреля"><tfr rev_id="1550069" t="апреля"><v><l id="15509" t="апрель"><g v="NOUN"></g><g v="inan"></g><g v="masc"></g><g v="sing"></g><g v="gent"></g></l></v></tfr></token><token id="718214" text="в"><tfr rev_id="1550070" t="в"><v><l id="37409" t="в"><g v="PREP"></g></l></v></tfr></token><token id="718215" text="Казахстане"><tfr rev_id="1550071" t="Казахстане"><v><l id="127948" t="казахстан"><g v="NOUN"></g><g v="inan"></g><g v="masc"></g><g v="Geox"></g><g v="sing"></g><g v="loct"></g></l></v></tfr></token><token id="718216" text="состоялись"><tfr rev_id="1550072" t="состоялись"><v><l id="330568" t="состоялся"><g v="VERB"></g><g v="perf"></g><g v="intr"></g><g v="plur"></g><g v="past"></g><g v="indc"></g></l></v></tfr></token><token id="718217" text="досрочные"><tfr rev_id="3808820" t="досрочные"><v><l id="90409" t="досрочный"><g v="ADJF"></g><g v="Qual"></g><g v="plur"></g><g v="nomn"></g></l></v></tfr></token><token id="718218" text="президентские"><tfr rev_id="3817168" t="президентские"><v><l id="267451" t="президентский"><g v="ADJF"></g><g v="plur"></g><g v="nomn"></g></l></v></tfr></token><token id="718219" text="выборы"><tfr rev_id="3750033" t="выборы"><v><l id="55719" t="выбор"><g v="NOUN"></g><g v="inan"></g><g v="masc"></g><g v="plur"></g><g v="nomn"></g></l></v><v><l id="55749" t="выборы"><g v="NOUN"></g><g v="inan"></g><g v="GNdr"></g><g v="Pltm"></g><g v="plur"></g><g v="nomn"></g></l></v></tfr></token><token id="718220" text="."><tfr rev_id="1550076" t="."><v><l id="0" t="."><g v="PNCT"></g></l></v></tfr></token></tokens></sentence><sentence id="40362"><source>По предварительным данным опроса избирателей на выходе с участков, действующий президент Нурсултан Назарбаев набрал приблизительно 94,8 процентов голосов.</source><tokens><token id="718221" text="По"><tfr rev_id="1550077" t="По"><v><l id="241240" t="по"><g v="PREP"></g></l></v></tfr></token><token id="718222" text="предварительным"><tfr rev_id="3459110" t="предварительным"><v><l id="266249" t="предварительный"><g v="ADJF"></g><g v="plur"></g><g v="datv"></g></l></v></tfr></token><token id="718223" text="данным"><tfr rev_id="4576812" t="данным"><v><l id="78302" t="данные"><g v="NOUN"></g><g v="inan"></g><g v="GNdr"></g><g v="Pltm"></g><g v="plur"></g><g v="datv"></g></l></v></tfr></token><token id="718224" text="опроса"><tfr rev_id="1550080" t="опроса"><v><l id="208143" t="опрос"><g v="NOUN"></g><g v="inan"></g><g v="masc"></g><g v="sing"></g><g v="gent"></g></l></v></tfr></token><token id="718225" text="избирателей"><tfr rev_id="4459088" t="избирателей"><v><l id="117810" t="избиратель"><g v="NOUN"></g><g v="anim"></g><g v="masc"></g><g v="plur"></g><g v="gent"></g></l></v></tfr></token><token id="718226" text="на"><tfr rev_id="3336584" t="на"><v><l id="166264" t="на"><g v="PREP"></g></l></v></tfr></token><token id="718227" text="выходе"><tfr rev_id="1550083" t="выходе"><v><l id="63960" t="выход"><g v="NOUN"></g><g v="inan"></g><g v="masc"></g><g v="sing"></g><g v="loct"></g></l></v></tfr></token><token id="718228" text="с"><tfr rev_id="1550084" t="с"><v><l id="311151" t="с"><g v="PREP"></g></l></v></tfr></token><token id="718229" text="участков"><tfr rev_id="3705019" t="участков"><v><l id="363153" t="участок"><g v="NOUN"></g><g v="inan"></g><g v="masc"></g><g v="plur"></g><g v="gent"></g></l></v></tfr></token><token id="718230" text=","><tfr rev_id="1550086" t=","><v><l id="0" t=","><g v="PNCT"></g></l></v></tfr></token><token id="718231" text="действующий"><tfr rev_id="1550087" t="действующий"><v><l id="80105" t="действующий"><g v="PRTF"></g><g v="impf"></g><g v="intr"></g><g v="pres"></g><g v="actv"></g><g v="masc"></g><g v="sing"></g><g v="nomn"></g></l></v><v><l id="80105" t="действующий"><g v="PRTF"></g><g v="impf"></g><g v="intr"></g><g v="pres"></g><g v="actv"></g><g v="inan"></g><g v="masc"></g><g v="sing"></g><g v="accs"></g></l></v><v><l id="80108" t="действующий"><g v="ADJF"></g><g v="masc"></g><g v="sing"></g><g v="nomn"></g></l></v><v><l id="80108" t="действующий"><g v="ADJF"></g><g v="inan"></g><g v="masc"></g><g v="sing"></g><g v="accs"></g></l></v></tfr></token><token id="718232" text="президент"><tfr rev_id="1550088" t="президент"><v><l id="267449" t="президент"><g v="NOUN"></g><g v="anim"></g><g v="masc"></g><g v="sing"></g><g v="nomn"></g></l></v></tfr></token><token id="718233" text="Нурсултан"><tfr rev_id="1550089" t="Нурсултан"><v><l id="192754" t="нурсултан"><g v="NOUN"></g><g v="anim"></g><g v="masc"></g><g v="Name"></g><g v="sing"></g><g v="nomn"></g></l></v></tfr></token><token id="718234" text="Назарбаев"><tfr rev_id="1550090" t="Назарбаев"><v><l id="170296" t="назарбаев"><g v="NOUN"></g><g v="anim"></g><g v="masc"></g><g v="Sgtm"></g><g v="Surn"></g><g v="sing"></g><g v="nomn"></g></l></v></tfr></token><token id="718235" text="набрал"><tfr rev_id="1550091" t="набрал"><v><l id="166662" t="набрал"><g v="VERB"></g><g v="perf"></g><g v="tran"></g><g v="masc"></g><g v="sing"></g><g v="past"></g><g v="indc"></g></l></v></tfr></token><token id="718236" text="приблизительно"><tfr rev_id="2690857" t="приблизительно"><v><l id="268840" t="приблизительно"><g v="ADVB"></g></l></v><v><l id="268843" t="приблизителен"><g v="ADJS"></g><g v="Qual"></g><g v="neut"></g><g v="sing"></g></l></v><v><l id="388670" t="приблизительно"><g v="PRCL"></g></l></v></tfr></token><token id="718237" text="94,8"><tfr rev_id="2463146" t="94,8"><v><l id="0" t="94,8"><g v="NUMB"></g></l></v></tfr></token><token id="718238" text="процентов"><tfr rev_id="1550094" t="процентов"><v><l id="287340" t="процент"><g v="NOUN"></g><g v="inan"></g><g v="masc"></g><g v="plur"></g><g v="gent"></g></l></v></tfr></token><token id="718239" text="голосов"><tfr rev_id="1550095" t="голосов"><v><l id="72469" t="голос"><g v="NOUN"></g><g v="inan"></g><g v="masc"></g><g v="plur"></g><g v="gent"></g></l></v></tfr></token><token id="718240" text="."><tfr rev_id="1550096" t="."><v><l id="0" t="."><g v="PNCT"></g></l></v></tfr></token></tokens></sentence></paragraph><paragraph id="12998"><sentence id="40363"><source>Всего, в выборах приняли участие около 90 процентов казахстанцев, сообщает Центральная избирательная комиссия Казахстана.</source><tokens><token id="718241" text="Всего"><tfr rev_id="4499380" t="Всего"><v><l id="53373" t="всего"><g v="ADVB"></g></l></v></tfr></token><token id="718242" text=","><tfr rev_id="1550098" t=","><v><l id="0" t=","><g v="PNCT"></g></l></v></tfr></token><token id="718243" text="в"><tfr rev_id="1550099" t="в"><v><l id="37409" t="в"><g v="PREP"></g></l></v></tfr></token><token id="718244" text="выборах"><tfr rev_id="1550100" t="выборах"><v><l id="55719" t="выбор"><g v="NOUN"></g><g v="inan"></g><g v="masc"></g><g v="plur"></g><g v="loct"></g></l></v><v><l id="55749" t="выборы"><g v="NOUN"></g><g v="inan"></g><g v="GNdr"></g><g v="Pltm"></g><g v="plur"></g><g v="loct"></g></l></v></tfr></token><token id="718245" text="приняли"><tfr rev_id="1550101" t="приняли"><v><l id="272700" t="принял"><g v="VERB"></g><g v="perf"></g><g v="tran"></g><g v="plur"></g><g v="past"></g><g v="indc"></g></l></v></tfr></token><token id="718246" text="участие"><tfr rev_id="3503287" t="участие"><v><l id="363132" t="участие"><g v="NOUN"></g><g v="inan"></g><g v="neut"></g><g v="sing"></g><g v="accs"></g></l></v></tfr></token><token id="718247" text="около"><tfr rev_id="4320668" t="около"><v><l id="205005" t="около"><g v="PREP"></g></l></v></tfr></token><token id="718248" text="90"><tfr rev_id="2463147" t="90"><v><l id="0" t="90"><g v="NUMB"></g></l></v></tfr></token><token id="718249" text="процентов"><tfr rev_id="1550105" t="процентов"><v><l id="287340" t="процент"><g v="NOUN"></g><g v="inan"></g><g v="masc"></g><g v="plur"></g><g v="gent"></g></l></v></tfr></token><token id="718250" text="казахстанцев"><tfr rev_id="3540961" t="казахстанцев"><v><l id="127949" t="казахстанец"><g v="NOUN"></g><g v="anim"></g><g v="masc"></g><g v="plur"></g><g v="gent"></g></l></v></tfr></token><token id="718251" text=","><tfr rev_id="1550107" t=","><v><l id="0" t=","><g v="PNCT"></g></l></v></tfr></token><token id="718252" text="сообщает"><tfr rev_id="1550108" t="сообщает"><v><l id="329538" t="сообщаю"><g v="VERB"></g><g v="impf"></g><g v="tran"></g><g v="sing"></g><g v="3per"></g><g v="pres"></g><g v="indc"></g></l></v></tfr></token><token id="718253" text="Центральная"><tfr rev_id="1550109" t="Центральная"><v><l id="373429" t="центральный"><g v="ADJF"></g><g v="femn"></g><g v="sing"></g><g v="nomn"></g></l></v></tfr></token><token id="718254" text="избирательная"><tfr rev_id="1550110" t="избирательная"><v><l id="117814" t="избирательный"><g v="ADJF"></g><g v="Qual"></g><g v="femn"></g><g v="sing"></g><g v="nomn"></g></l></v></tfr></token><token id="718255" text="комиссия"><tfr rev_id="1550111" t="комиссия"><v><l id="136905" t="комиссия"><g v="NOUN"></g><g v="inan"></g><g v="femn"></g><g v="sing"></g><g v="nomn"></g></l></v></tfr></token><token id="718256" text="Казахстана"><tfr rev_id="1550112" t="Казахстана"><v><l id="127948" t="казахстан"><g v="NOUN"></g><g v="inan"></g><g v="masc"></g><g v="Geox"></g><g v="sing"></g><g v="gent"></g></l></v></tfr></token><token id="718257" text="."><tfr rev_id="1550113" t="."><v><l id="0" t="."><g v="PNCT"></g></l></v></tfr></token></tokens></sentence><sentence id="40364"><source>Наиболее активно голосовали жители областей, наименее активно — жители Алматы и Астаны, двух самых крупных городов Казахстана.</source><tokens><token id="718258" text="Наиболее"><tfr rev_id="1550114" t="Наиболее"><v><l id="170502" t="наиболее"><g v="ADVB"></g></l></v></tfr></token><token id="718259" text="активно"><tfr rev_id="4093566" t="активно"><v><l id="7661" t="активно"><g v="ADVB"></g></l></v></tfr></token><token id="718260" text="голосовали"><tfr rev_id="1550116" t="голосовали"><v><l id="72509" t="голосую"><g v="VERB"></g><g v="impf"></g><g v="tran"></g><g v="plur"></g><g v="past"></g><g v="indc"></g></l></v></tfr></token><token id="718261" text="жители"><tfr rev_id="1550117" t="жители"><v><l id="97562" t="житель"><g v="NOUN"></g><g v="anim"></g><g v="masc"></g><g v="plur"></g><g v="nomn"></g></l></v></tfr></token><token id="718262" text="областей"><tfr rev_id="1550118" t="областей"><v><l id="196229" t="область"><g v="NOUN"></g><g v="inan"></g><g v="femn"></g><g v="plur"></g><g v="gent"></g></l></v></tfr></token><token id="718263" text=","><tfr rev_id="1550119" t=","><v><l id="0" t=","><g v="PNCT"></g></l></v></tfr></token><token id="718264" text="наименее"><tfr rev_id="1550120" t="наименее"><v><l id="170557" t="наименее"><g v="ADVB"></g></l></v></tfr></token><token id="718265" text="активно"><tfr rev_id="1550121" t="активно"><v><l id="7661" t="активно"><g v="ADVB"></g></l></v><v><l id="7668" t="активен"><g v="ADJS"></g><g v="Qual"></g><g v="neut"></g><g v="sing"></g></l></v></tfr></token><token id="718266" text="—"><tfr rev_id="2447840" t="—"><v><l id="0" t="—"><g v="PNCT"></g></l></v></tfr></token><token id="718267" text="жители"><tfr rev_id="1550123" t="жители"><v><l id="97562" t="житель"><g v="NOUN"></g><g v="anim"></g><g v="masc"></g><g v="plur"></g><g v="nomn"></g></l></v></tfr></token><token id="718268" text="Алматы"><tfr rev_id="4396414" t="Алматы"><v><l id="9912" t="алматы"><g v="NOUN"></g><g v="inan"></g><g v="masc"></g><g v="Sgtm"></g><g v="Fixd"></g><g v="Geox"></g><g v="sing"></g><g v="gent"></g></l></v></tfr></token><token id="718269" text="и"><tfr rev_id="3671988" t="и"><v><l id="116949" t="и"><g v="CONJ"></g></l></v></tfr></token><token id="718270" text="Астаны"><tfr rev_id="3679703" t="Астаны"><v><l id="388665" t="астана"><g v="NOUN"></g><g v="inan"></g><g v="femn"></g><g v="Sgtm"></g><g v="Geox"></g><g v="sing"></g><g v="gent"></g></l></v></tfr></token><token id="718271" text=","><tfr rev_id="1550127" t=","><v><l id="0" t=","><g v="PNCT"></g></l></v></tfr></token><token id="718272" text="двух"><tfr rev_id="4449720" t="двух"><v><l id="78668" t="два"><g v="NUMR"></g><g v="anim"></g><g v="accs"></g></l></v><v><l id="78668" t="два"><g v="NUMR"></g><g v="gent"></g></l></v><v><l id="78668" t="два"><g v="NUMR"></g><g v="loct"></g></l></v></tfr></token><token id="718273" text="самых"><tfr rev_id="3542478" t="самых"><v><l id="313174" t="самый"><g v="ADJF"></g><g v="Apro"></g><g v="plur"></g><g v="gent"></g></l></v></tfr></token><token id="718274" text="крупных"><tfr rev_id="4403065" t="крупных"><v><l id="143763" t="крупный"><g v="ADJF"></g><g v="Qual"></g><g v="plur"></g><g v="gent"></g></l></v></tfr></token><token id="718275" text="городов"><tfr rev_id="3492544" t="городов"><v><l id="73547" t="город"><g v="NOUN"></g><g v="inan"></g><g v="masc"></g><g v="plur"></g><g v="gent"></g></l></v></tfr></token><token id="718276" text="Казахстана"><tfr rev_id="1550132" t="Казахстана"><v><l id="127948" t="казахстан"><g v="NOUN"></g><g v="inan"></g><g v="masc"></g><g v="Geox"></g><g v="sing"></g><g v="gent"></g></l></v></tfr></token><token id="718277" text="."><tfr rev_id="1550133" t="."><v><l id="0" t="."><g v="PNCT"></g></l></v></tfr></token></tokens></sentence></paragraph><paragraph id="12999"><sentence id="40365"><source>Официальные результаты голосования будут объявлены в понедельник.</source><tokens><token id="718278" text="Официальные"><tfr rev_id="3742210" t="Официальные"><v><l id="220939" t="официальный"><g v="ADJF"></g><g v="plur"></g><g v="nomn"></g></l></v></tfr></token><token id="718279" text="результаты"><tfr rev_id="3749379" t="результаты"><v><l id="305391" t="результат"><g v="NOUN"></g><g v="inan"></g><g v="masc"></g><g v="plur"></g><g v="nomn"></g></l></v></tfr></token><token id="718280" text="голосования"><tfr rev_id="3283368" t="голосования"><v><l id="72508" t="голосование"><g v="NOUN"></g><g v="inan"></g><g v="neut"></g><g v="sing"></g><g v="gent"></g></l></v></tfr></token><token id="718281" text="будут"><tfr rev_id="1550137" t="будут"><v><l id="37265" t="есть"><g v="VERB"></g><g v="impf"></g><g v="intr"></g><g v="plur"></g><g v="3per"></g><g v="futr"></g><g v="indc"></g></l></v></tfr></token><token id="718282" text="объявлены"><tfr rev_id="1550138" t="объявлены"><v><l id="201895" t="объявлен"><g v="PRTS"></g><g v="perf"></g><g v="past"></g><g v="pssv"></g><g v="plur"></g></l></v></tfr></token><token id="718283" text="в"><tfr rev_id="1550139" t="в"><v><l id="37409" t="в"><g v="PREP"></g></l></v></tfr></token><token id="718284" text="понедельник"><tfr rev_id="4104804" t="понедельник"><v><l id="258364" t="понедельник"><g v="NOUN"></g><g v="inan"></g><g v="masc"></g><g v="sing"></g><g v="accs"></g></l></v></tfr></token><token id="718285" text="."><tfr rev_id="1550141" t="."><v><l id="0" t="."><g v="PNCT"></g></l></v></tfr></token></tokens></sentence><sentence id="40366"><source>Однако, согласно экспертам, сюрпризов ожидать не стоит — действующий президент набрал подавляющее большинство голосов.</source><tokens><token id="718286" text="Однако"><tfr rev_id="2624640" t="Однако"><v><l id="203386" t="однако"><g v="INTJ"></g></l></v><v><l id="203387" t="однако"><g v="CONJ"></g><g v="Prnt"></g></l></v></tfr></token><token id="718287" text=","><tfr rev_id="1550143" t=","><v><l id="0" t=","><g v="PNCT"></g></l></v></tfr></token><token id="718288" text="согласно"><tfr rev_id="4490510" t="согласно"><v><l id="328255" t="согласно"><g v="PREP"></g></l></v></tfr></token><token id="718289" text="экспертам"><tfr rev_id="1550145" t="экспертам"><v><l id="383582" t="эксперт"><g v="NOUN"></g><g v="anim"></g><g v="masc"></g><g v="plur"></g><g v="datv"></g></l></v></tfr></token><token id="718290" text=","><tfr rev_id="1550146" t=","><v><l id="0" t=","><g v="PNCT"></g></l></v></tfr></token><token id="718291" text="сюрпризов"><tfr rev_id="1550147" t="сюрпризов"><v><l id="341916" t="сюрприз"><g v="NOUN"></g><g v="inan"></g><g v="masc"></g><g v="plur"></g><g v="gent"></g></l></v></tfr></token><token id="718292" text="ожидать"><tfr rev_id="1550148" t="ожидать"><v><l id="203946" t="ожидать"><g v="INFN"></g><g v="impf"></g><g v="tran"></g></l></v></tfr></token><token id="718293" text="не"><tfr rev_id="1550149" t="не"><v><l id="178876" t="не"><g v="PRCL"></g></l></v></tfr></token><token id="718294" text="стоит"><tfr rev_id="1550150" t="стоит"><v><l id="336464" t="стою"><g v="VERB"></g><g v="impf"></g><g v="tran"></g><g v="sing"></g><g v="3per"></g><g v="pres"></g><g v="indc"></g></l></v><v><l id="336469" t="стоило"><g v="VERB"></g><g v="impf"></g><g v="intr"></g><g v="Impe"></g><g v="sing"></g><g v="pres"></g><g v="indc"></g></l></v><v><l id="336980" t="стою"><g v="VERB"></g><g v="impf"></g><g v="intr"></g><g v="sing"></g><g v="3per"></g><g v="pres"></g><g v="indc"></g></l></v></tfr></token><token id="718295" text="—"><tfr rev_id="2447841" t="—"><v><l id="0" t="—"><g v="PNCT"></g></l></v></tfr></token><token id="718296" text="действующий"><tfr rev_id="1550152" t="действующий"><v><l id="80105" t="действующий"><g v="PRTF"></g><g v="impf"></g><g v="intr"></g><g v="pres"></g><g v="actv"></g><g v="masc"></g><g v="sing"></g><g v="nomn"></g></l></v><v><l id="80105" t="действующий"><g v="PRTF"></g><g v="impf"></g><g v="intr"></g><g v="pres"></g><g v="actv"></g><g v="inan"></g><g v="masc"></g><g v="sing"></g><g v="accs"></g></l></v><v><l id="80108" t="действующий"><g v="ADJF"></g><g v="masc"></g><g v="sing"></g><g v="nomn"></g></l></v><v><l id="80108" t="действующий"><g v="ADJF"></g><g v="inan"></g><g v="masc"></g><g v="sing"></g><g v="accs"></g></l></v></tfr></token><token id="718297" text="президент"><tfr rev_id="1550153" t="президент"><v><l id="267449" t="президент"><g v="NOUN"></g><g v="anim"></g><g v="masc"></g><g v="sing"></g><g v="nomn"></g></l></v></tfr></token><token id="718298" text="набрал"><tfr rev_id="1550154" t="набрал"><v><l id="166662" t="набрал"><g v="VERB"></g><g v="perf"></g><g v="tran"></g><g v="masc"></g><g v="sing"></g><g v="past"></g><g v="indc"></g></l></v></tfr></token><token id="718299" text="подавляющее"><tfr rev_id="3684739" t="подавляющее"><v><l id="243839" t="подавляющий"><g v="PRTF"></g><g v="impf"></g><g v="tran"></g><g v="pres"></g><g v="actv"></g><g v="Adjx"></g><g v="neut"></g><g v="sing"></g><g v="nomn"></g></l></v><v><l id="243839" t="подавляющий"><g v="PRTF"></g><g v="impf"></g><g v="tran"></g><g v="pres"></g><g v="actv"></g><g v="Adjx"></g><g v="neut"></g><g v="sing"></g><g v="accs"></g></l></v></tfr></token><token id="718300" text="большинство"><tfr rev_id="4359938" t="большинство"><v><l id="32441" t="большинство"><g v="NOUN"></g><g v="inan"></g><g v="neut"></g><g v="Sgtm"></g><g v="sing"></g><g v="accs"></g></l></v></tfr></token><token id="718301" text="голосов"><tfr rev_id="1550157" t="голосов"><v><l id="72469" t="голос"><g v="NOUN"></g><g v="inan"></g><g v="masc"></g><g v="plur"></g><g v="gent"></g></l></v></tfr></token><token id="718302" text="."><tfr rev_id="1550158" t="."><v><l id="0" t="."><g v="PNCT"></g></l></v></tfr></token></tokens></sentence></paragraph><paragraph id="13000"><sentence id="40367"><source>В своем выступлении после завершения выборов Нурсултан Назарбаев отметил, что доволен ходом голосования и активностью избирателей.</source><tokens><token id="718303" text="В"><tfr rev_id="1550159" t="В"><v><l id="37409" t="в"><g v="PREP"></g></l></v></tfr></token><token id="718304" text="своем"><tfr rev_id="3631148" t="своем"><v><l id="316379" t="свой"><g v="ADJF"></g><g v="Apro"></g><g v="Anph"></g><g v="neut"></g><g v="sing"></g><g v="loct"></g></l></v></tfr></token><token id="718305" text="выступлении"><tfr rev_id="1550161" t="выступлении"><v><l id="62889" t="выступление"><g v="NOUN"></g><g v="inan"></g><g v="neut"></g><g v="sing"></g><g v="loct"></g></l></v></tfr></token><token id="718306" text="после"><tfr rev_id="4404848" t="после"><v><l id="261542" t="после"><g v="PREP"></g></l></v></tfr></token><token id="718307" text="завершения"><tfr rev_id="3494968" t="завершения"><v><l id="99436" t="завершение"><g v="NOUN"></g><g v="inan"></g><g v="neut"></g><g v="sing"></g><g v="gent"></g></l></v></tfr></token><token id="718308" text="выборов"><tfr rev_id="1550164" t="выборов"><v><l id="55719" t="выбор"><g v="NOUN"></g><g v="inan"></g><g v="masc"></g><g v="plur"></g><g v="gent"></g></l></v><v><l id="55749" t="выборы"><g v="NOUN"></g><g v="inan"></g><g v="GNdr"></g><g v="Pltm"></g><g v="plur"></g><g v="gent"></g></l></v></tfr></token><token id="718309" text="Нурсултан"><tfr rev_id="1550165" t="Нурсултан"><v><l id="192754" t="нурсултан"><g v="NOUN"></g><g v="anim"></g><g v="masc"></g><g v="Name"></g><g v="sing"></g><g v="nomn"></g></l></v></tfr></token><token id="718310" text="Назарбаев"><tfr rev_id="1550166" t="Назарбаев"><v><l id="170296" t="назарбаев"><g v="NOUN"></g><g v="anim"></g><g v="masc"></g><g v="Sgtm"></g><g v="Surn"></g><g v="sing"></g><g v="nomn"></g></l></v></tfr></token><token id="718311" text="отметил"><tfr rev_id="1550167" t="отметил"><v><l id="215584" t="отметил"><g v="VERB"></g><g v="perf"></g><g v="tran"></g><g v="masc"></g><g v="sing"></g><g v="past"></g><g v="indc"></g></l></v></tfr></token><token id="718312" text=","><tfr rev_id="1550168" t=","><v><l id="0" t=","><g v="PNCT"></g></l></v></tfr></token><token id="718313" text="что"><tfr rev_id="3197931" t="что"><v><l id="377004" t="что"><g v="CONJ"></g></l></v><v><l id="377005" t="что"><g v="NPRO"></g><g v="neut"></g><g v="sing"></g><g v="nomn"></g></l></v><v><l id="377005" t="что"><g v="NPRO"></g><g v="neut"></g><g v="sing"></g><g v="accs"></g></l></v><v><l id="377006" t="что"><g v="ADVB"></g><g v="Ques"></g></l></v><v><l id="388695" t="что"><g v="PRCL"></g></l></v></tfr></token><token id="718314" text="доволен"><tfr rev_id="1550170" t="доволен"><v><l id="86038" t="доволен"><g v="ADJS"></g><g v="Qual"></g><g v="masc"></g><g v="sing"></g></l></v></tfr></token><token id="718315" text="ходом"><tfr rev_id="1550171" t="ходом"><v><l id="371078" t="ход"><g v="NOUN"></g><g v="inan"></g><g v="masc"></g><g v="sing"></g><g v="ablt"></g></l></v></tfr></token><token id="718316" text="голосования"><tfr rev_id="3410019" t="голосования"><v><l id="72508" t="голосование"><g v="NOUN"></g><g v="inan"></g><g v="neut"></g><g v="sing"></g><g v="gent"></g></l></v></tfr></token><token id="718317" text="и"><tfr rev_id="1550173" t="и"><v><l id="116949" t="и"><g v="CONJ"></g></l></v><v><l id="116950" t="и"><g v="INTJ"></g></l></v></tfr></token><token id="718318" text="активностью"><tfr rev_id="1550174" t="активностью"><v><l id="7664" t="активность"><g v="NOUN"></g><g v="inan"></g><g v="femn"></g><g v="sing"></g><g v="ablt"></g></l></v></tfr></token><token id="718319" text="избирателей"><tfr rev_id="3704663" t="избирателей"><v><l id="117810" t="избиратель"><g v="NOUN"></g><g v="anim"></g><g v="masc"></g><g v="plur"></g><g v="gent"></g></l></v></tfr></token><token id="718320" text="."><tfr rev_id="1550176" t="."><v><l id="0" t="."><g v="PNCT"></g></l></v></tfr></token></tokens></sentence></paragraph><paragraph id="13001"><sentence id="40368"><source>«Только что стали известны предварительные результаты сегодняшних исторических выборов…</source><tokens><token id="718321" text="«"><tfr rev_id="2447842" t="«"><v><l id="0" t="«"><g v="PNCT"></g></l></v></tfr></token><token id="718322" text="Только"><tfr rev_id="3784244" t="Только"><v><l id="347395" t="только"><g v="CONJ"></g></l></v><v><l id="347396" t="только"><g v="PRCL"></g></l></v><v><l id="390053" t="только"><g v="ADVB"></g></l></v></tfr></token><token id="718323" text="что"><tfr rev_id="3197932" t="что"><v><l id="377004" t="что"><g v="CONJ"></g></l></v><v><l id="377005" t="что"><g v="NPRO"></g><g v="neut"></g><g v="sing"></g><g v="nomn"></g></l></v><v><l id="377005" t="что"><g v="NPRO"></g><g v="neut"></g><g v="sing"></g><g v="accs"></g></l></v><v><l id="377006" t="что"><g v="ADVB"></g><g v="Ques"></g></l></v><v><l id="388695" t="что"><g v="PRCL"></g></l></v></tfr></token><token id="718324" text="стали"><tfr rev_id="1715786" t="стали"><v><l id="335164" t="стал"><g v="VERB"></g><g v="perf"></g><g v="intr"></g><g v="plur"></g><g v="past"></g><g v="indc"></g></l></v></tfr></token><token id="718325" text="известны"><tfr rev_id="1550181" t="известны"><v><l id="118146" t="известен"><g v="ADJS"></g><g v="Qual"></g><g v="plur"></g></l></v></tfr></token><token id="718326" text="предварительные"><tfr rev_id="4076246" t="предварительные"><v><l id="266249" t="предварительный"><g v="ADJF"></g><g v="plur"></g><g v="nomn"></g></l></v></tfr></token><token id="718327" text="результаты"><tfr rev_id="3751313" t="результаты"><v><l id="305391" t="результат"><g v="NOUN"></g><g v="inan"></g><g v="masc"></g><g v="plur"></g><g v="nomn"></g></l></v></tfr></token><token id="718328" text="сегодняшних"><tfr rev_id="3466620" t="сегодняшних"><v><l id="317731" t="сегодняшний"><g v="ADJF"></g><g v="plur"></g><g v="gent"></g></l></v></tfr></token><token id="718329" text="исторических"><tfr rev_id="2848449" t="исторических"><v><l id="126430" t="исторический"><g v="ADJF"></g><g v="plur"></g><g v="gent"></g></l></v></tfr></token><token id="718330" text="выборов"><tfr rev_id="1550186" t="выборов"><v><l id="55719" t="выбор"><g v="NOUN"></g><g v="inan"></g><g v="masc"></g><g v="plur"></g><g v="gent"></g></l></v><v><l id="55749" t="выборы"><g v="NOUN"></g><g v="inan"></g><g v="GNdr"></g><g v="Pltm"></g><g v="plur"></g><g v="gent"></g></l></v></tfr></token><token id="718331" text="…"><tfr rev_id="2447843" t="…"><v><l id="0" t="…"><g v="PNCT"></g></l></v></tfr></token></tokens></sentence><sentence id="40369"><source>Исторических, потому, что мы всему миру еще раз доказали демократичность нашего общества, наши достижения.</source><tokens><token id="718332" text="Исторических"><tfr rev_id="3884764" t="Исторических"><v><l id="126430" t="исторический"><g v="ADJF"></g><g v="plur"></g><g v="gent"></g></l></v></tfr></token><token id="718333" text=","><tfr rev_id="1550189" t=","><v><l id="0" t=","><g v="PNCT"></g></l></v></tfr></token><token id="718334" text="потому"><tfr rev_id="1550190" t="потому"><v><l id="263335" t="потому"><g v="ADVB"></g><g v="Dmns"></g></l></v></tfr></token><token id="718335" text=","><tfr rev_id="1550191" t=","><v><l id="0" t=","><g v="PNCT"></g></l></v></tfr></token><token id="718336" text="что"><tfr rev_id="3197933" t="что"><v><l id="377004" t="что"><g v="CONJ"></g></l></v><v><l id="377005" t="что"><g v="NPRO"></g><g v="neut"></g><g v="sing"></g><g v="nomn"></g></l></v><v><l id="377005" t="что"><g v="NPRO"></g><g v="neut"></g><g v="sing"></g><g v="accs"></g></l></v><v><l id="377006" t="что"><g v="ADVB"></g><g v="Ques"></g></l></v><v><l id="388695" t="что"><g v="PRCL"></g></l></v></tfr></token><token id="718337" text="мы"><tfr rev_id="1550193" t="мы"><v><l id="165750" t="мы"><g v="NPRO"></g><g v="1per"></g><g v="plur"></g><g v="nomn"></g></l></v></tfr></token><token id="718338" text="всему"><tfr rev_id="4130246" t="всему"><v><l id="42156" t="весь"><g v="ADJF"></g><g v="Subx"></g><g v="Apro"></g><g v="masc"></g><g v="sing"></g><g v="datv"></g></l></v></tfr></token><token id="718339" text="миру"><tfr rev_id="3723233" t="миру"><v><l id="160807" t="мир"><g v="NOUN"></g><g v="inan"></g><g v="masc"></g><g v="sing"></g><g v="datv"></g></l></v></tfr></token><token id="718340" text="еще"><tfr rev_id="1550196" t="еще"><v><l id="95551" t="ещё"><g v="PRCL"></g></l></v><v><l id="95552" t="ещё"><g v="ADVB"></g></l></v></tfr></token><token id="718341" text="раз"><tfr rev_id="4510545" t="раз"><v><l id="291500" t="раз"><g v="NOUN"></g><g v="inan"></g><g v="masc"></g><g v="sing"></g><g v="nomn"></g></l></v><v><l id="291500" t="раз"><g v="NOUN"></g><g v="inan"></g><g v="masc"></g><g v="sing"></g><g v="accs"></g></l></v></tfr></token><token id="718342" text="доказали"><tfr rev_id="1550198" t="доказали"><v><l id="86979" t="доказал"><g v="VERB"></g><g v="perf"></g><g v="tran"></g><g v="plur"></g><g v="past"></g><g v="indc"></g></l></v></tfr></token><token id="718343" text="демократичность"><tfr rev_id="1550199" t="демократичность"><v><l id="80994" t="демократичность"><g v="NOUN"></g><g v="inan"></g><g v="femn"></g><g v="sing"></g><g v="nomn"></g></l></v><v><l id="80994" t="демократичность"><g v="NOUN"></g><g v="inan"></g><g v="femn"></g><g v="sing"></g><g v="accs"></g></l></v></tfr></token><token id="718344" text="нашего"><tfr rev_id="3468487" t="нашего"><v><l id="178492" t="наш"><g v="ADJF"></g><g v="Apro"></g><g v="neut"></g><g v="sing"></g><g v="gent"></g></l></v></tfr></token><token id="718345" text="общества"><tfr rev_id="2722219" t="общества"><v><l id="201616" t="общество"><g v="NOUN"></g><g v="inan"></g><g v="neut"></g><g v="sing"></g><g v="gent"></g></l></v></tfr></token><token id="718346" text=","><tfr rev_id="1550202" t=","><v><l id="0" t=","><g v="PNCT"></g></l></v></tfr></token><token id="718347" text="наши"><tfr rev_id="3794413" t="наши"><v><l id="178492" t="наш"><g v="ADJF"></g><g v="Apro"></g><g v="inan"></g><g v="plur"></g><g v="accs"></g></l></v></tfr></token><token id="718348" text="достижения"><tfr rev_id="3793362" t="достижения"><v><l id="90525" t="достижение"><g v="NOUN"></g><g v="inan"></g><g v="neut"></g><g v="plur"></g><g v="accs"></g></l></v></tfr></token><token id="718349" text="."><tfr rev_id="1550205" t="."><v><l id="0" t="."><g v="PNCT"></g></l></v></tfr></token></tokens></sentence><sentence id="40370"><source>В эти дни опять весь мир приковал свое внимание к Казахстану и ждал этих результатов»,</source><tokens><token id="718350" text="В"><tfr rev_id="1550206" t="В"><v><l id="37409" t="в"><g v="PREP"></g></l></v></tfr></token><token id="718351" text="эти"><tfr rev_id="4446197" t="эти"><v><l id="386581" t="этот"><g v="ADJF"></g><g v="Subx"></g><g v="Apro"></g><g v="Anph"></g><g v="inan"></g><g v="plur"></g><g v="accs"></g></l></v></tfr></token><token id="718352" text="дни"><tfr rev_id="3727735" t="дни"><v><l id="81427" t="день"><g v="NOUN"></g><g v="inan"></g><g v="masc"></g><g v="plur"></g><g v="accs"></g></l></v></tfr></token><token id="718353" text="опять"><tfr rev_id="1550209" t="опять"><v><l id="208612" t="опять"><g v="ADVB"></g></l></v></tfr></token><token id="718354" text="весь"><tfr rev_id="4282815" t="весь"><v><l id="42156" t="весь"><g v="ADJF"></g><g v="Subx"></g><g v="Apro"></g><g v="masc"></g><g v="sing"></g><g v="nomn"></g></l></v><v><l id="42156" t="весь"><g v="ADJF"></g><g v="Subx"></g><g v="Apro"></g><g v="inan"></g><g v="masc"></g><g v="sing"></g><g v="accs"></g></l></v></tfr></token><token id="718355" text="мир"><tfr rev_id="3471266" t="мир"><v><l id="160807" t="мир"><g v="NOUN"></g><g v="inan"></g><g v="masc"></g><g v="sing"></g><g v="nomn"></g></l></v><v><l id="160807" t="мир"><g v="NOUN"></g><g v="inan"></g><g v="masc"></g><g v="sing"></g><g v="accs"></g></l></v></tfr></token><token id="718356" text="приковал"><tfr rev_id="1550212" t="приковал"><v><l id="271089" t="приковал"><g v="VERB"></g><g v="perf"></g><g v="tran"></g><g v="masc"></g><g v="sing"></g><g v="past"></g><g v="indc"></g></l></v></tfr></token><token id="718357" text="свое"><tfr rev_id="3632835" t="свое"><v><l id="316379" t="свой"><g v="ADJF"></g><g v="Apro"></g><g v="Anph"></g><g v="neut"></g><g v="sing"></g><g v="nomn"></g></l></v><v><l id="316379" t="свой"><g v="ADJF"></g><g v="Apro"></g><g v="Anph"></g><g v="neut"></g><g v="sing"></g><g v="accs"></g></l></v></tfr></token><token id="718358" text="внимание"><tfr rev_id="4103323" t="внимание"><v><l id="47614" t="внимание"><g v="NOUN"></g><g v="inan"></g><g v="neut"></g><g v="sing"></g><g v="accs"></g></l></v></tfr></token><token id="718359" text="к"><tfr rev_id="1550215" t="к"><v><l id="127460" t="к"><g v="PREP"></g></l></v></tfr></token><token id="718360" text="Казахстану"><tfr rev_id="1550216" t="Казахстану"><v><l id="127948" t="казахстан"><g v="NOUN"></g><g v="inan"></g><g v="masc"></g><g v="Geox"></g><g v="sing"></g><g v="datv"></g></l></v></tfr></token><token id="718361" text="и"><tfr rev_id="1550217" t="и"><v><l id="116949" t="и"><g v="CONJ"></g></l></v><v><l id="116950" t="и"><g v="INTJ"></g></l></v></tfr></token><token id="718362" text="ждал"><tfr rev_id="1550218" t="ждал"><v><l id="96195" t="жду"><g v="VERB"></g><g v="impf"></g><g v="tran"></g><g v="masc"></g><g v="sing"></g><g v="past"></g><g v="indc"></g></l></v></tfr></token><token id="718363" text="этих"><tfr rev_id="4447122" t="этих"><v><l id="386581" t="этот"><g v="ADJF"></g><g v="Subx"></g><g v="Apro"></g><g v="Anph"></g><g v="plur"></g><g v="gent"></g></l></v></tfr></token><token id="718364" text="результатов"><tfr rev_id="1550220" t="результатов"><v><l id="305391" t="результат"><g v="NOUN"></g><g v="inan"></g><g v="masc"></g><g v="plur"></g><g v="gent"></g></l></v></tfr></token><token id="718365" text="»"><tfr rev_id="2447844" t="»"><v><l id="0" t="»"><g v="PNCT"></g></l></v></tfr></token><token id="718366" text=","><tfr rev_id="1550222" t=","><v><l id="0" t=","><g v="PNCT"></g></l></v></tfr></token></tokens></sentence><sentence id="40371"><source>— цитирует слова президента «Казинформ».</source><tokens><token id="718367" text="—"><tfr rev_id="2447845" t="—"><v><l id="0" t="—"><g v="PNCT"></g></l></v></tfr></token><token id="718368" text="цитирует"><tfr rev_id="1550224" t="цитирует"><v><l id="374102" t="цитирую"><g v="VERB"></g><g v="impf"></g><g v="tran"></g><g v="sing"></g><g v="3per"></g><g v="pres"></g><g v="indc"></g></l></v></tfr></token><token id="718369" text="слова"><tfr rev_id="3813233" t="слова"><v><l id="325168" t="слово"><g v="NOUN"></g><g v="inan"></g><g v="neut"></g><g v="plur"></g><g v="accs"></g></l></v></tfr></token><token id="718370" text="президента"><tfr rev_id="3701979" t="президента"><v><l id="267449" t="президент"><g v="NOUN"></g><g v="anim"></g><g v="masc"></g><g v="sing"></g><g v="gent"></g></l></v></tfr></token><token id="718371" text="«"><tfr rev_id="2447846" t="«"><v><l id="0" t="«"><g v="PNCT"></g></l></v></tfr></token><token id="718372" text="Казинформ"><tfr rev_id="1550228" t="Казинформ"><v><l id="0" t="казинформ"><g v="UNKN"></g></l></v></tfr></token><token id="718373" text="»"><tfr rev_id="2447847" t="»"><v><l id="0" t="»"><g v="PNCT"></g></l></v></tfr></token><token id="718374" text="."><tfr rev_id="1550230" t="."><v><l id="0" t="."><g v="PNCT"></g></l></v></tfr></token></tokens></sentence></paragraph><paragraph id="13002"><sentence id="40372"><source>Президент Казахстана сказал, что выборы были «открытыми и честными».</source><tokens><token id="718375" text="Президент"><tfr rev_id="1550231" t="Президент"><v><l id="267449" t="президент"><g v="NOUN"></g><g v="anim"></g><g v="masc"></g><g v="sing"></g><g v="nomn"></g></l></v></tfr></token><token id="718376" text="Казахстана"><tfr rev_id="1550232" t="Казахстана"><v><l id="127948" t="казахстан"><g v="NOUN"></g><g v="inan"></g><g v="masc"></g><g v="Geox"></g><g v="sing"></g><g v="gent"></g></l></v></tfr></token><token id="718377" text="сказал"><tfr rev_id="1550233" t="сказал"><v><l id="321532" t="сказал"><g v="VERB"></g><g v="perf"></g><g v="tran"></g><g v="masc"></g><g v="sing"></g><g v="past"></g><g v="indc"></g></l></v></tfr></token><token id="718378" text=","><tfr rev_id="1550234" t=","><v><l id="0" t=","><g v="PNCT"></g></l></v></tfr></token><token id="718379" text="что"><tfr rev_id="3197934" t="что"><v><l id="377004" t="что"><g v="CONJ"></g></l></v><v><l id="377005" t="что"><g v="NPRO"></g><g v="neut"></g><g v="sing"></g><g v="nomn"></g></l></v><v><l id="377005" t="что"><g v="NPRO"></g><g v="neut"></g><g v="sing"></g><g v="accs"></g></l></v><v><l id="377006" t="что"><g v="ADVB"></g><g v="Ques"></g></l></v><v><l id="388695" t="что"><g v="PRCL"></g></l></v></tfr></token><token id="718380" text="выборы"><tfr rev_id="3716353" t="выборы"><v><l id="55719" t="выбор"><g v="NOUN"></g><g v="inan"></g><g v="masc"></g><g v="plur"></g><g v="nomn"></g></l></v><v><l id="55749" t="выборы"><g v="NOUN"></g><g v="inan"></g><g v="GNdr"></g><g v="Pltm"></g><g v="plur"></g><g v="nomn"></g></l></v></tfr></token><token id="718381" text="были"><tfr rev_id="1714887" t="были"><v><l id="37265" t="есть"><g v="VERB"></g><g v="impf"></g><g v="intr"></g><g v="plur"></g><g v="past"></g><g v="indc"></g></l></v></tfr></token><token id="718382" text="«"><tfr rev_id="2447848" t="«"><v><l id="0" t="«"><g v="PNCT"></g></l></v></tfr></token><token id="718383" text="открытыми"><tfr rev_id="1550239" t="открытыми"><v><l id="214751" t="открытый"><g v="ADJF"></g><g v="Qual"></g><g v="plur"></g><g v="ablt"></g></l></v><v><l id="214757" t="открытый"><g v="PRTF"></g><g v="perf"></g><g v="tran"></g><g v="past"></g><g v="pssv"></g><g v="plur"></g><g v="ablt"></g></l></v></tfr></token><token id="718384" text="и"><tfr rev_id="4093823" t="и"><v><l id="116949" t="и"><g v="CONJ"></g></l></v></tfr></token><token id="718385" text="честными"><tfr rev_id="1550241" t="честными"><v><l id="376038" t="честной"><g v="ADJF"></g><g v="plur"></g><g v="ablt"></g></l></v><v><l id="376041" t="честный"><g v="ADJF"></g><g v="Qual"></g><g v="plur"></g><g v="ablt"></g></l></v></tfr></token><token id="718386" text="»"><tfr rev_id="2447849" t="»"><v><l id="0" t="»"><g v="PNCT"></g></l></v></tfr></token><token id="718387" text="."><tfr rev_id="1550243" t="."><v><l id="0" t="."><g v="PNCT"></g></l></v></tfr></token></tokens></sentence></paragraph><paragraph id="13003"><sentence id="40373"><source>Помимо Назарбаева баллотировались три кандидата: лидер Коммунистической народной партии Казахстана Жамбыл Ахметбеков, лидер экологического общества «Табигат» Мэлс Елеусизов и лидер Партии патриотов Гани Касымов.</source><tokens><token id="718388" text="Помимо"><tfr rev_id="1550244" t="Помимо"><v><l id="257727" t="помимо"><g v="PREP"></g></l></v></tfr></token><token id="718389" text="Назарбаева"><tfr rev_id="4397681" t="Назарбаева"><v><l id="170296" t="назарбаев"><g v="NOUN"></g><g v="anim"></g><g v="masc"></g><g v="Sgtm"></g><g v="Surn"></g><g v="sing"></g><g v="gent"></g></l></v></tfr></token><token id="718390" text="баллотировались"><tfr rev_id="1550246" t="баллотировались"><v><l id="23218" t="баллотируюсь"><g v="VERB"></g><g v="impf"></g><g v="intr"></g><g v="plur"></g><g v="past"></g><g v="indc"></g></l></v></tfr></token><token id="718391" text="три"><tfr rev_id="2635532" t="три"><v><l id="349973" t="три"><g v="NUMR"></g><g v="nomn"></g></l></v><v><l id="349973" t="три"><g v="NUMR"></g><g v="inan"></g><g v="accs"></g></l></v></tfr></token><token id="718392" text="кандидата"><tfr rev_id="4390088" t="кандидата"><v><l id="129326" t="кандидат"><g v="NOUN"></g><g v="anim"></g><g v="masc"></g><g v="sing"></g><g v="gent"></g></l></v></tfr></token><token id="718393" text=":"><tfr rev_id="1550249" t=":"><v><l id="0" t=":"><g v="PNCT"></g></l></v></tfr></token><token id="718394" text="лидер"><tfr rev_id="1550250" t="лидер"><v><l id="149007" t="лидер"><g v="NOUN"></g><g v="anim"></g><g v="masc"></g><g v="sing"></g><g v="nomn"></g></l></v></tfr></token><token id="718395" text="Коммунистической"><tfr rev_id="4173756" t="Коммунистической"><v><l id="137054" t="коммунистический"><g v="ADJF"></g><g v="femn"></g><g v="sing"></g><g v="gent"></g></l></v></tfr></token><token id="718396" text="народной"><tfr rev_id="4315919" t="народной"><v><l id="174724" t="народный"><g v="ADJF"></g><g v="Qual"></g><g v="femn"></g><g v="sing"></g><g v="gent"></g></l></v></tfr></token><token id="718397" text="партии"><tfr rev_id="4290612" t="партии"><v><l id="224431" t="партия"><g v="NOUN"></g><g v="inan"></g><g v="femn"></g><g v="sing"></g><g v="gent"></g></l></v></tfr></token><token id="718398" text="Казахстана"><tfr rev_id="1550254" t="Казахстана"><v><l id="127948" t="казахстан"><g v="NOUN"></g><g v="inan"></g><g v="masc"></g><g v="Geox"></g><g v="sing"></g><g v="gent"></g></l></v></tfr></token><token id="718399" text="Жамбыл"><tfr rev_id="1550255" t="Жамбыл"><v><l id="0" t="жамбыл"><g v="UNKN"></g></l></v></tfr></token><token id="718400" text="Ахметбеков"><tfr rev_id="1550256" t="Ахметбеков"><v><l id="0" t="ахметбеков"><g v="UNKN"></g></l></v></tfr></token><token id="718401" text=","><tfr rev_id="1550257" t=","><v><l id="0" t=","><g v="PNCT"></g></l></v></tfr></token><token id="718402" text="лидер"><tfr rev_id="1550258" t="лидер"><v><l id="149007" t="лидер"><g v="NOUN"></g><g v="anim"></g><g v="masc"></g><g v="sing"></g><g v="nomn"></g></l></v></tfr></token><token id="718403" text="экологического"><tfr rev_id="3302392" t="экологического"><v><l id="383322" t="экологический"><g v="ADJF"></g><g v="neut"></g><g v="sing"></g><g v="gent"></g></l></v></tfr></token><token id="718404" text="общества"><tfr rev_id="3436599" t="общества"><v><l id="201616" t="общество"><g v="NOUN"></g><g v="inan"></g><g v="neut"></g><g v="sing"></g><g v="gent"></g></l></v></tfr></token><token id="718405" text="«"><tfr rev_id="2447850" t="«"><v><l id="0" t="«"><g v="PNCT"></g></l></v></tfr></token><token id="718406" text="Табигат"><tfr rev_id="1550262" t="Табигат"><v><l id="0" t="табигат"><g v="UNKN"></g></l></v></tfr></token><token id="718407" text="»"><tfr rev_id="2447851" t="»"><v><l id="0" t="»"><g v="PNCT"></g></l></v></tfr></token><token id="718408" text="Мэлс"><tfr rev_id="1550264" t="Мэлс"><v><l id="0" t="мэлс"><g v="UNKN"></g></l></v></tfr></token><token id="718409" text="Елеусизов"><tfr rev_id="1550265" t="Елеусизов"><v><l id="0" t="елеусизов"><g v="UNKN"></g></l></v></tfr></token><token id="718410" text="и"><tfr rev_id="1550266" t="и"><v><l id="116949" t="и"><g v="CONJ"></g></l></v><v><l id="116950" t="и"><g v="INTJ"></g></l></v></tfr></token><token id="718411" text="лидер"><tfr rev_id="1550267" t="лидер"><v><l id="149007" t="лидер"><g v="NOUN"></g><g v="anim"></g><g v="masc"></g><g v="sing"></g><g v="nomn"></g></l></v></tfr></token><token id="718412" text="Партии"><tfr rev_id="4291627" t="Партии"><v><l id="224431" t="партия"><g v="NOUN"></g><g v="inan"></g><g v="femn"></g><g v="sing"></g><g v="gent"></g></l></v></tfr></token><token id="718413" text="патриотов"><tfr rev_id="3547242" t="патриотов"><v><l id="225130" t="патриот"><g v="NOUN"></g><g v="anim"></g><g v="masc"></g><g v="plur"></g><g v="gent"></g></l></v></tfr></token><token id="718414" text="Гани"><tfr rev_id="3457248" t="Гани"><v><l id="0" t="Гани"><g v="UNKN"></g></l></v></tfr></token><token id="718415" text="Касымов"><tfr rev_id="1550271" t="Касымов"><v><l id="131113" t="касымов"><g v="NOUN"></g><g v="anim"></g><g v="masc"></g><g v="Sgtm"></g><g v="Surn"></g><g v="sing"></g><g v="nomn"></g></l></v></tfr></token><token id="718416" text="."><tfr rev_id="1550272" t="."><v><l id="0" t="."><g v="PNCT"></g></l></v></tfr></token></tokens></sentence></paragraph><paragraph id="13004"><sentence id="40374"><source>Главная оппозиционная партия Казахстана Общенациональная социал-демократическая партия «Азат» отказалась принимать участие в выборах, назвав их нелегитимными.</source><tokens><token id="718417" text="Главная"><tfr rev_id="1550273" t="Главная"><v><l id="70842" t="главный"><g v="ADJF"></g><g v="Qual"></g><g v="femn"></g><g v="sing"></g><g v="nomn"></g></l></v></tfr></token><token id="718418" text="оппозиционная"><tfr rev_id="1550274" t="оппозиционная"><v><l id="207892" t="оппозиционный"><g v="ADJF"></g><g v="femn"></g><g v="sing"></g><g v="nomn"></g></l></v></tfr></token><token id="718419" text="партия"><tfr rev_id="1550275" t="партия"><v><l id="224431" t="партия"><g v="NOUN"></g><g v="inan"></g><g v="femn"></g><g v="sing"></g><g v="nomn"></g></l></v></tfr></token><token id="718420" text="Казахстана"><tfr rev_id="1550276" t="Казахстана"><v><l id="127948" t="казахстан"><g v="NOUN"></g><g v="inan"></g><g v="masc"></g><g v="Geox"></g><g v="sing"></g><g v="gent"></g></l></v></tfr></token><token id="718421" text="Общенациональная"><tfr rev_id="1550277" t="Общенациональная"><v><l id="201510" t="общенациональный"><g v="ADJF"></g><g v="femn"></g><g v="sing"></g><g v="nomn"></g></l></v></tfr></token><token id="718422" text="социал-демократическая"><tfr rev_id="1550278" t="социал-демократическая"><v><l id="331020" t="социал-демократический"><g v="ADJF"></g><g v="femn"></g><g v="sing"></g><g v="nomn"></g></l></v></tfr></token><token id="718423" text="партия"><tfr rev_id="1550279" t="партия"><v><l id="224431" t="партия"><g v="NOUN"></g><g v="inan"></g><g v="femn"></g><g v="sing"></g><g v="nomn"></g></l></v></tfr></token><token id="718424" text="«"><tfr rev_id="2447852" t="«"><v><l id="0" t="«"><g v="PNCT"></g></l></v></tfr></token><token id="718425" text="Азат"><tfr rev_id="1550281" t="Азат"><v><l id="5599" t="азат"><g v="NOUN"></g><g v="anim"></g><g v="masc"></g><g v="Name"></g><g v="sing"></g><g v="nomn"></g></l></v></tfr></token><token id="718426" text="»"><tfr rev_id="2447853" t="»"><v><l id="0" t="»"><g v="PNCT"></g></l></v></tfr></token><token id="718427" text="отказалась"><tfr rev_id="1550283" t="отказалась"><v><l id="213938" t="отказался"><g v="VERB"></g><g v="perf"></g><g v="intr"></g><g v="femn"></g><g v="sing"></g><g v="past"></g><g v="indc"></g></l></v></tfr></token><token id="718428" text="принимать"><tfr rev_id="1550284" t="принимать"><v><l id="272583" t="принимать"><g v="INFN"></g><g v="impf"></g><g v="tran"></g></l></v></tfr></token><token id="718429" text="участие"><tfr rev_id="3679060" t="участие"><v><l id="363132" t="участие"><g v="NOUN"></g><g v="inan"></g><g v="neut"></g><g v="sing"></g><g v="accs"></g></l></v></tfr></token><token id="718430" text="в"><tfr rev_id="1550286" t="в"><v><l id="37409" t="в"><g v="PREP"></g></l></v></tfr></token><token id="718431" text="выборах"><tfr rev_id="1550287" t="выборах"><v><l id="55719" t="выбор"><g v="NOUN"></g><g v="inan"></g><g v="masc"></g><g v="plur"></g><g v="loct"></g></l></v><v><l id="55749" t="выборы"><g v="NOUN"></g><g v="inan"></g><g v="GNdr"></g><g v="Pltm"></g><g v="plur"></g><g v="loct"></g></l></v></tfr></token><token id="718432" text=","><tfr rev_id="1550288" t=","><v><l id="0" t=","><g v="PNCT"></g></l></v></tfr></token><token id="718433" text="назвав"><tfr rev_id="1550289" t="назвав"><v><l id="170347" t="назвав"><g v="GRND"></g><g v="perf"></g><g v="tran"></g><g v="past"></g></l></v></tfr></token><token id="718434" text="их"><tfr rev_id="4475806" t="их"><v><l id="206619" t="они"><g v="NPRO"></g><g v="3per"></g><g v="Anph"></g><g v="plur"></g><g v="gent"></g></l></v><v><l id="206619" t="они"><g v="NPRO"></g><g v="3per"></g><g v="Anph"></g><g v="plur"></g><g v="accs"></g></l></v></tfr></token><token id="718435" text="нелегитимными"><tfr rev_id="1550291" t="нелегитимными"><v><l id="183745" t="нелегитимный"><g v="ADJF"></g><g v="plur"></g><g v="ablt"></g></l></v></tfr></token><token id="718436" text="."><tfr rev_id="1550292" t="."><v><l id="0" t="."><g v="PNCT"></g></l></v></tfr></token></tokens></sentence></paragraph><paragraph id="13005"><sentence id="40375"><source>Согласно миссии наблюдателей ЦИК России, выборы в Казахстане проходят «ровно, организованно, в строгом соответствии с законодательством».</source><tokens><token id="718437" text="Согласно"><tfr rev_id="4492485" t="Согласно"><v><l id="328255" t="согласно"><g v="PREP"></g></l></v></tfr></token><token id="718438" text="миссии"><tfr rev_id="4179505" t="миссии"><v><l id="161045" t="миссия"><g v="NOUN"></g><g v="inan"></g><g v="femn"></g><g v="sing"></g><g v="datv"></g></l></v></tfr></token><token id="718439" text="наблюдателей"><tfr rev_id="4096655" t="наблюдателей"><v><l id="166525" t="наблюдатель"><g v="NOUN"></g><g v="anim"></g><g v="masc"></g><g v="plur"></g><g v="gent"></g></l></v></tfr></token><token id="718440" text="ЦИК"><tfr rev_id="4577350" t="ЦИК"><v><l id="373825" t="цик"><g v="NOUN"></g><g v="inan"></g><g v="femn"></g><g v="Fixd"></g><g v="Abbr"></g><g v="Orgn"></g><g v="Ms-f"></g><g v="sing"></g><g v="gent"></g></l></v></tfr></token><token id="718441" text="России"><tfr rev_id="3454859" t="России"><v><l id="309322" t="россия"><g v="NOUN"></g><g v="inan"></g><g v="femn"></g><g v="Sgtm"></g><g v="Geox"></g><g v="sing"></g><g v="gent"></g></l></v></tfr></token><token id="718442" text=","><tfr rev_id="1550298" t=","><v><l id="0" t=","><g v="PNCT"></g></l></v></tfr></token><token id="718443" text="выборы"><tfr rev_id="3727425" t="выборы"><v><l id="55719" t="выбор"><g v="NOUN"></g><g v="inan"></g><g v="masc"></g><g v="plur"></g><g v="nomn"></g></l></v><v><l id="55749" t="выборы"><g v="NOUN"></g><g v="inan"></g><g v="GNdr"></g><g v="Pltm"></g><g v="plur"></g><g v="nomn"></g></l></v></tfr></token><token id="718444" text="в"><tfr rev_id="1550300" t="в"><v><l id="37409" t="в"><g v="PREP"></g></l></v></tfr></token><token id="718445" text="Казахстане"><tfr rev_id="1550301" t="Казахстане"><v><l id="127948" t="казахстан"><g v="NOUN"></g><g v="inan"></g><g v="masc"></g><g v="Geox"></g><g v="sing"></g><g v="loct"></g></l></v></tfr></token><token id="718446" text="проходят"><tfr rev_id="1550302" t="проходят"><v><l id="287183" t="прохожу"><g v="VERB"></g><g v="impf"></g><g v="tran"></g><g v="plur"></g><g v="3per"></g><g v="pres"></g><g v="indc"></g></l></v><v><l id="287190" t="проходил"><g v="VERB"></g><g v="perf"></g><g v="intr"></g><g v="plur"></g><g v="3per"></g><g v="futr"></g><g v="indc"></g></l></v></tfr></token><token id="718447" text="«"><tfr rev_id="2447854" t="«"><v><l id="0" t="«"><g v="PNCT"></g></l></v></tfr></token><token id="718448" text="ровно"><tfr rev_id="3656570" t="ровно"><v><l id="308114" t="ровно"><g v="ADVB"></g></l></v><v><l id="308115" t="ровно"><g v="CONJ"></g></l></v><v><l id="308116" t="ровно"><g v="PRCL"></g></l></v><v><l id="308117" t="ровно"><g v="NOUN"></g><g v="inan"></g><g v="masc"></g><g v="Sgtm"></g><g v="Fixd"></g><g v="Geox"></g><g v="sing"></g><g v="nomn"></g></l></v><v><l id="308117" t="ровно"><g v="NOUN"></g><g v="inan"></g><g v="masc"></g><g v="Sgtm"></g><g v="Fixd"></g><g v="Geox"></g><g v="sing"></g><g v="accs"></g></l></v><v><l id="308128" t="ровен"><g v="ADJS"></g><g v="Qual"></g><g v="neut"></g><g v="sing"></g></l></v></tfr></token><token id="718449" text=","><tfr rev_id="1550305" t=","><v><l id="0" t=","><g v="PNCT"></g></l></v></tfr></token><token id="718450" text="организованно"><tfr rev_id="1550306" t="организованно"><v><l id="208753" t="организованно"><g v="ADVB"></g></l></v></tfr></token><token id="718451" text=","><tfr rev_id="1550307" t=","><v><l id="0" t=","><g v="PNCT"></g></l></v></tfr></token><token id="718452" text="в"><tfr rev_id="1550308" t="в"><v><l id="37409" t="в"><g v="PREP"></g></l></v></tfr></token><token id="718453" text="строгом"><tfr rev_id="3549207" t="строгом"><v><l id="337642" t="строгий"><g v="ADJF"></g><g v="Qual"></g><g v="neut"></g><g v="sing"></g><g v="loct"></g></l></v></tfr></token><token id="718454" text="соответствии"><tfr rev_id="1550310" t="соответствии"><v><l id="329623" t="соответствие"><g v="NOUN"></g><g v="inan"></g><g v="neut"></g><g v="sing"></g><g v="loct"></g></l></v></tfr></token><token id="718455" text="с"><tfr rev_id="1550311" t="с"><v><l id="311151" t="с"><g v="PREP"></g></l></v></tfr></token><token id="718456" text="законодательством"><tfr rev_id="1550312" t="законодательством"><v><l id="103720" t="законодательство"><g v="NOUN"></g><g v="inan"></g><g v="neut"></g><g v="sing"></g><g v="ablt"></g></l></v></tfr></token><token id="718457" text="»"><tfr rev_id="2447855" t="»"><v><l id="0" t="»"><g v="PNCT"></g></l></v></tfr></token><token id="718458" text="."><tfr rev_id="1550314" t="."><v><l id="0" t="."><g v="PNCT"></g></l></v></tfr></token></tokens></sentence></paragraph><paragraph id="13006"><sentence id="40376"><source>«Если так и дальше будет продолжаться, то мы будем констатировать, что выборы в Казахстане — свободные, обеспечивается полная свобода выборов в республике»,</source><tokens><token id="718459" text="«"><tfr rev_id="2447856" t="«"><v><l id="0" t="«"><g v="PNCT"></g></l></v></tfr></token><token id="718460" text="Если"><tfr rev_id="1550316" t="Если"><v><l id="95365" t="если"><g v="CONJ"></g></l></v></tfr></token><token id="718461" text="так"><tfr rev_id="1550317" t="так"><v><l id="342451" t="так"><g v="CONJ"></g></l></v><v><l id="342452" t="так"><g v="PRCL"></g></l></v><v><l id="342453" t="так"><g v="ADVB"></g><g v="Dmns"></g></l></v></tfr></token><token id="718462" text="и"><tfr rev_id="1550318" t="и"><v><l id="116949" t="и"><g v="CONJ"></g></l></v><v><l id="116950" t="и"><g v="INTJ"></g></l></v></tfr></token><token id="718463" text="дальше"><tfr rev_id="1550319" t="дальше"><v><l id="77926" t="дальше"><g v="COMP"></g><g v="Qual"></g></l></v></tfr></token><token id="718464" text="будет"><tfr rev_id="1550320" t="будет"><v><l id="37265" t="есть"><g v="VERB"></g><g v="impf"></g><g v="intr"></g><g v="sing"></g><g v="3per"></g><g v="futr"></g><g v="indc"></g></l></v></tfr></token><token id="718465" text="продолжаться"><tfr rev_id="1550321" t="продолжаться"><v><l id="279223" t="продолжаться"><g v="INFN"></g><g v="impf"></g><g v="intr"></g></l></v></tfr></token><token id="718466" text=","><tfr rev_id="1550322" t=","><v><l id="0" t=","><g v="PNCT"></g></l></v></tfr></token><token id="718467" text="то"><tfr rev_id="4347690" t="то"><v><l id="346835" t="то"><g v="CONJ"></g></l></v></tfr></token><token id="718468" text="мы"><tfr rev_id="1550324" t="мы"><v><l id="165750" t="мы"><g v="NPRO"></g><g v="1per"></g><g v="plur"></g><g v="nomn"></g></l></v></tfr></token><token id="718469" text="будем"><tfr rev_id="1550325" t="будем"><v><l id="37265" t="есть"><g v="VERB"></g><g v="impf"></g><g v="intr"></g><g v="plur"></g><g v="1per"></g><g v="futr"></g><g v="indc"></g></l></v><v><l id="37265" t="есть"><g v="VERB"></g><g v="impf"></g><g v="intr"></g><g v="sing"></g><g v="impr"></g><g v="incl"></g></l></v></tfr></token><token id="718470" text="констатировать"><tfr rev_id="1550326" t="констатировать"><v><l id="138191" t="констатировать"><g v="INFN"></g><g v="perf"></g><g v="tran"></g></l></v><v><l id="138192" t="констатировать"><g v="INFN"></g><g v="impf"></g><g v="tran"></g></l></v></tfr></token><token id="718471" text=","><tfr rev_id="1550327" t=","><v><l id="0" t=","><g v="PNCT"></g></l></v></tfr></token><token id="718472" text="что"><tfr rev_id="3197935" t="что"><v><l id="377004" t="что"><g v="CONJ"></g></l></v><v><l id="377005" t="что"><g v="NPRO"></g><g v="neut"></g><g v="sing"></g><g v="nomn"></g></l></v><v><l id="377005" t="что"><g v="NPRO"></g><g v="neut"></g><g v="sing"></g><g v="accs"></g></l></v><v><l id="377006" t="что"><g v="ADVB"></g><g v="Ques"></g></l></v><v><l id="388695" t="что"><g v="PRCL"></g></l></v></tfr></token><token id="718473" text="выборы"><tfr rev_id="3748029" t="выборы"><v><l id="55719" t="выбор"><g v="NOUN"></g><g v="inan"></g><g v="masc"></g><g v="plur"></g><g v="nomn"></g></l></v><v><l id="55749" t="выборы"><g v="NOUN"></g><g v="inan"></g><g v="GNdr"></g><g v="Pltm"></g><g v="plur"></g><g v="nomn"></g></l></v></tfr></token><token id="718474" text="в"><tfr rev_id="1550330" t="в"><v><l id="37409" t="в"><g v="PREP"></g></l></v></tfr></token><token id="718475" text="Казахстане"><tfr rev_id="1550331" t="Казахстане"><v><l id="127948" t="казахстан"><g v="NOUN"></g><g v="inan"></g><g v="masc"></g><g v="Geox"></g><g v="sing"></g><g v="loct"></g></l></v></tfr></token><token id="718476" text="—"><tfr rev_id="2447857" t="—"><v><l id="0" t="—"><g v="PNCT"></g></l></v></tfr></token><token id="718477" text="свободные"><tfr rev_id="3747735" t="свободные"><v><l id="316242" t="свободный"><g v="ADJF"></g><g v="Qual"></g><g v="plur"></g><g v="nomn"></g></l></v></tfr></token><token id="718478" text=","><tfr rev_id="1550334" t=","><v><l id="0" t=","><g v="PNCT"></g></l></v></tfr></token><token id="718479" text="обеспечивается"><tfr rev_id="1550335" t="обеспечивается"><v><l id="194754" t="обеспечиваюсь"><g v="VERB"></g><g v="impf"></g><g v="intr"></g><g v="sing"></g><g v="3per"></g><g v="pres"></g><g v="indc"></g></l></v></tfr></token><token id="718480" text="полная"><tfr rev_id="1550336" t="полная"><v><l id="256169" t="полный"><g v="ADJF"></g><g v="Qual"></g><g v="femn"></g><g v="sing"></g><g v="nomn"></g></l></v></tfr></token><token id="718481" text="свобода"><tfr rev_id="1550337" t="свобода"><v><l id="316212" t="свобода"><g v="NOUN"></g><g v="inan"></g><g v="femn"></g><g v="sing"></g><g v="nomn"></g></l></v></tfr></token><token id="718482" text="выборов"><tfr rev_id="1550338" t="выборов"><v><l id="55719" t="выбор"><g v="NOUN"></g><g v="inan"></g><g v="masc"></g><g v="plur"></g><g v="gent"></g></l></v><v><l id="55749" t="выборы"><g v="NOUN"></g><g v="inan"></g><g v="GNdr"></g><g v="Pltm"></g><g v="plur"></g><g v="gent"></g></l></v></tfr></token><token id="718483" text="в"><tfr rev_id="1550339" t="в"><v><l id="37409" t="в"><g v="PREP"></g></l></v></tfr></token><token id="718484" text="республике"><tfr rev_id="3551320" t="республике"><v><l id="306780" t="республика"><g v="NOUN"></g><g v="inan"></g><g v="femn"></g><g v="sing"></g><g v="loct"></g></l></v></tfr></token><token id="718485" text="»"><tfr rev_id="2447858" t="»"><v><l id="0" t="»"><g v="PNCT"></g></l></v></tfr></token><token id="718486" text=","><tfr rev_id="1550342" t=","><v><l id="0" t=","><g v="PNCT"></g></l></v></tfr></token></tokens></sentence><sentence id="40377"><source>— цитирует слова председателя избиркома Белгородской области Николая Плетна РИА Новости.</source><tokens><token id="718487" text="—"><tfr rev_id="2447859" t="—"><v><l id="0" t="—"><g v="PNCT"></g></l></v></tfr></token><token id="718488" text="цитирует"><tfr rev_id="1550344" t="цитирует"><v><l id="374102" t="цитирую"><g v="VERB"></g><g v="impf"></g><g v="tran"></g><g v="sing"></g><g v="3per"></g><g v="pres"></g><g v="indc"></g></l></v></tfr></token><token id="718489" text="слова"><tfr rev_id="3768329" t="слова"><v><l id="325168" t="слово"><g v="NOUN"></g><g v="inan"></g><g v="neut"></g><g v="plur"></g><g v="accs"></g></l></v></tfr></token><token id="718490" text="председателя"><tfr rev_id="4216660" t="председателя"><v><l id="267015" t="председатель"><g v="NOUN"></g><g v="anim"></g><g v="masc"></g><g v="sing"></g><g v="gent"></g></l></v></tfr></token><token id="718491" text="избиркома"><tfr rev_id="1550347" t="избиркома"><v><l id="117830" t="избирком"><g v="NOUN"></g><g v="inan"></g><g v="masc"></g><g v="sing"></g><g v="gent"></g></l></v></tfr></token><token id="718492" text="Белгородской"><tfr rev_id="4173884" t="Белгородской"><v><l id="26782" t="белгородский"><g v="ADJF"></g><g v="femn"></g><g v="sing"></g><g v="gent"></g></l></v></tfr></token><token id="718493" text="области"><tfr rev_id="4291628" t="области"><v><l id="196229" t="область"><g v="NOUN"></g><g v="inan"></g><g v="femn"></g><g v="sing"></g><g v="gent"></g></l></v></tfr></token><token id="718494" text="Николая"><tfr rev_id="3676008" t="Николая"><v><l id="190957" t="николай"><g v="NOUN"></g><g v="anim"></g><g v="masc"></g><g v="Name"></g><g v="sing"></g><g v="gent"></g></l></v></tfr></token><token id="718495" text="Плетна"><tfr rev_id="1550351" t="Плетна"><v><l id="0" t="плетна"><g v="UNKN"></g></l></v></tfr></token><token id="718496" text="РИА"><tfr rev_id="4138932" t="РИА"><v><l id="307554" t="риа"><g v="NOUN"></g><g v="inan"></g><g v="neut"></g><g v="Sgtm"></g><g v="Fixd"></g><g v="Abbr"></g><g v="Orgn"></g><g v="sing"></g><g v="nomn"></g></l></v></tfr></token><token id="718497" text="Новости"><tfr rev_id="3795352" t="Новости"><v><l id="191855" t="новость"><g v="NOUN"></g><g v="inan"></g><g v="femn"></g><g v="plur"></g><g v="nomn"></g></l></v></tfr></token><token id="718498" text="."><tfr rev_id="1550354" t="."><v><l id="0" t="."><g v="PNCT"></g></l></v></tfr></token></tokens></sentence></paragraph><paragraph id="13007"><sentence id="40378"><source>По сообщениям российских СМИ, за Нурсултана Назарбаева проголосовал один из его соперников — Елеусизов.</source><tokens><token id="718499" text="По"><tfr rev_id="1550355" t="По"><v><l id="241240" t="по"><g v="PREP"></g></l></v></tfr></token><token id="718500" text="сообщениям"><tfr rev_id="1550356" t="сообщениям"><v><l id="329550" t="сообщение"><g v="NOUN"></g><g v="inan"></g><g v="neut"></g><g v="plur"></g><g v="datv"></g></l></v></tfr></token><token id="718501" text="российских"><tfr rev_id="3410886" t="российских"><v><l id="309319" t="российский"><g v="ADJF"></g><g v="plur"></g><g v="gent"></g></l></v></tfr></token><token id="718502" text="СМИ"><tfr rev_id="4489560" t="СМИ"><v><l id="326341" t="сми"><g v="NOUN"></g><g v="inan"></g><g v="GNdr"></g><g v="Pltm"></g><g v="Fixd"></g><g v="Abbr"></g><g v="plur"></g><g v="gent"></g></l></v></tfr></token><token id="718503" text=","><tfr rev_id="1550359" t=","><v><l id="0" t=","><g v="PNCT"></g></l></v></tfr></token><token id="718504" text="за"><tfr rev_id="1550360" t="за"><v><l id="98043" t="за"><g v="PREP"></g></l></v></tfr></token><token id="718505" text="Нурсултана"><tfr rev_id="4216613" t="Нурсултана"><v><l id="192754" t="нурсултан"><g v="NOUN"></g><g v="anim"></g><g v="masc"></g><g v="Name"></g><g v="sing"></g><g v="accs"></g></l></v></tfr></token><token id="718506" text="Назарбаева"><tfr rev_id="4285308" t="Назарбаева"><v><l id="170296" t="назарбаев"><g v="NOUN"></g><g v="anim"></g><g v="masc"></g><g v="Sgtm"></g><g v="Surn"></g><g v="sing"></g><g v="gent"></g></l></v><v><l id="170296" t="назарбаев"><g v="NOUN"></g><g v="anim"></g><g v="masc"></g><g v="Sgtm"></g><g v="Surn"></g><g v="sing"></g><g v="accs"></g></l></v></tfr></token><token id="718507" text="проголосовал"><tfr rev_id="1550363" t="проголосовал"><v><l id="278620" t="проголосовал"><g v="VERB"></g><g v="perf"></g><g v="tran"></g><g v="masc"></g><g v="sing"></g><g v="past"></g><g v="indc"></g></l></v></tfr></token><token id="718508" text="один"><tfr rev_id="4299737" t="один"><v><l id="203319" t="один"><g v="ADJF"></g><g v="Apro"></g><g v="Anum"></g><g v="masc"></g><g v="sing"></g><g v="nomn"></g></l></v><v><l id="203319" t="один"><g v="ADJF"></g><g v="Apro"></g><g v="Anum"></g><g v="inan"></g><g v="masc"></g><g v="sing"></g><g v="accs"></g></l></v></tfr></token><token id="718509" text="из"><tfr rev_id="2560301" t="из"><v><l id="117677" t="из"><g v="PREP"></g></l></v></tfr></token><token id="718510" text="его"><tfr rev_id="4498478" t="его"><v><l id="94208" t="его"><g v="ADJF"></g><g v="Fixd"></g><g v="Apro"></g><g v="Anph"></g><g v="plur"></g><g v="nomn"></g></l></v><v><l id="94208" t="его"><g v="ADJF"></g><g v="Fixd"></g><g v="Apro"></g><g v="Anph"></g><g v="plur"></g><g v="gent"></g></l></v><v><l id="94208" t="его"><g v="ADJF"></g><g v="Fixd"></g><g v="Apro"></g><g v="Anph"></g><g v="plur"></g><g v="datv"></g></l></v><v><l id="94208" t="его"><g v="ADJF"></g><g v="Fixd"></g><g v="Apro"></g><g v="Anph"></g><g v="plur"></g><g v="accs"></g></l></v><v><l id="94208" t="его"><g v="ADJF"></g><g v="Fixd"></g><g v="Apro"></g><g v="Anph"></g><g v="plur"></g><g v="ablt"></g></l></v><v><l id="94208" t="его"><g v="ADJF"></g><g v="Fixd"></g><g v="Apro"></g><g v="Anph"></g><g v="plur"></g><g v="loct"></g></l></v></tfr></token><token id="718511" text="соперников"><tfr rev_id="3435052" t="соперников"><v><l id="329690" t="соперник"><g v="NOUN"></g><g v="anim"></g><g v="masc"></g><g v="plur"></g><g v="gent"></g></l></v></tfr></token><token id="718512" text="—"><tfr rev_id="2447860" t="—"><v><l id="0" t="—"><g v="PNCT"></g></l></v></tfr></token><token id="718513" text="Елеусизов"><tfr rev_id="1550369" t="Елеусизов"><v><l id="0" t="елеусизов"><g v="UNKN"></g></l></v></tfr></token><token id="718514" text="."><tfr rev_id="1550370" t="."><v><l id="0" t="."><g v="PNCT"></g></l></v></tfr></token></tokens></sentence></paragraph><paragraph id="13008"><sentence id="40379"><source>«Я абсолютно объективно сужу – нет у меня тайных мыслей стать президентом, я хорошо оцениваю ситуацию»,</source><tokens><token id="718515" text="«"><tfr rev_id="2447861" t="«"><v><l id="0" t="«"><g v="PNCT"></g></l></v></tfr></token><token id="718516" text="Я"><tfr rev_id="1550372" t="Я"><v><l id="387317" t="я"><g v="NPRO"></g><g v="1per"></g><g v="sing"></g><g v="nomn"></g></l></v></tfr></token><token id="718517" text="абсолютно"><tfr rev_id="1550373" t="абсолютно"><v><l id="1847" t="абсолютно"><g v="ADVB"></g></l></v><v><l id="1850" t="абсолютен"><g v="ADJS"></g><g v="neut"></g><g v="sing"></g></l></v></tfr></token><token id="718518" text="объективно"><tfr rev_id="4239313" t="объективно"><v><l id="201856" t="объективно"><g v="ADVB"></g></l></v></tfr></token><token id="718519" text="сужу"><tfr rev_id="1550375" t="сужу"><v><l id="338994" t="сужу"><g v="VERB"></g><g v="impf"></g><g v="tran"></g><g v="sing"></g><g v="1per"></g><g v="pres"></g><g v="indc"></g></l></v><v><l id="339214" t="сузил"><g v="VERB"></g><g v="perf"></g><g v="tran"></g><g v="sing"></g><g v="1per"></g><g v="futr"></g><g v="indc"></g></l></v></tfr></token><token id="718520" text="–"><tfr rev_id="2447862" t="–"><v><l id="0" t="–"><g v="PNCT"></g></l></v></tfr></token><token id="718521" text="нет"><tfr rev_id="4139956" t="нет"><v><l id="188868" t="нет"><g v="PRCL"></g></l></v><v><l id="188869" t="нет"><g v="INTJ"></g></l></v><v><l id="389552" t="нет"><g v="PRED"></g><g v="pres"></g></l></v></tfr></token><token id="718522" text="у"><tfr rev_id="1550378" t="у"><v><l id="352818" t="у"><g v="PREP"></g></l></v><v><l id="352819" t="у"><g v="INTJ"></g></l></v></tfr></token><token id="718523" text="меня"><tfr rev_id="2928216" t="меня"><v><l id="387317" t="я"><g v="NPRO"></g><g v="1per"></g><g v="sing"></g><g v="gent"></g></l></v></tfr></token><token id="718524" text="тайных"><tfr rev_id="4408975" t="тайных"><v><l id="342432" t="тайный"><g v="ADJF"></g><g v="plur"></g><g v="gent"></g></l></v></tfr></token><token id="718525" text="мыслей"><tfr rev_id="1550381" t="мыслей"><v><l id="165873" t="мысль"><g v="NOUN"></g><g v="inan"></g><g v="femn"></g><g v="plur"></g><g v="gent"></g></l></v></tfr></token><token id="718526" text="стать"><tfr rev_id="1712999" t="стать"><v><l id="335165" t="стать"><g v="INFN"></g><g v="perf"></g><g v="intr"></g></l></v></tfr></token><token id="718527" text="президентом"><tfr rev_id="1550383" t="президентом"><v><l id="267449" t="президент"><g v="NOUN"></g><g v="anim"></g><g v="masc"></g><g v="sing"></g><g v="ablt"></g></l></v></tfr></token><token id="718528" text=","><tfr rev_id="1550384" t=","><v><l id="0" t=","><g v="PNCT"></g></l></v></tfr></token><token id="718529" text="я"><tfr rev_id="1550385" t="я"><v><l id="387317" t="я"><g v="NPRO"></g><g v="1per"></g><g v="sing"></g><g v="nomn"></g></l></v></tfr></token><token id="718530" text="хорошо"><tfr rev_id="1550386" t="хорошо"><v><l id="371669" t="хорош"><g v="ADJS"></g><g v="Qual"></g><g v="neut"></g><g v="sing"></g></l></v><v><l id="371678" t="хорошо"><g v="ADVB"></g><g v="Prdx"></g></l></v><v><l id="371679" t="хорошо"><g v="PRCL"></g></l></v><v><l id="371680" t="хорошо"><g v="PRED"></g><g v="pres"></g></l></v></tfr></token><token id="718531" text="оцениваю"><tfr rev_id="1550387" t="оцениваю"><v><l id="221478" t="оцениваю"><g v="VERB"></g><g v="impf"></g><g v="tran"></g><g v="sing"></g><g v="1per"></g><g v="pres"></g><g v="indc"></g></l></v></tfr></token><token id="718532" text="ситуацию"><tfr rev_id="1550388" t="ситуацию"><v><l id="321441" t="ситуация"><g v="NOUN"></g><g v="inan"></g><g v="femn"></g><g v="sing"></g><g v="accs"></g></l></v></tfr></token><token id="718533" text="»"><tfr rev_id="2447863" t="»"><v><l id="0" t="»"><g v="PNCT"></g></l></v></tfr></token><token id="718534" text=","><tfr rev_id="1550390" t=","><v><l id="0" t=","><g v="PNCT"></g></l></v></tfr></token></tokens></sentence><sentence id="40380"><source>— сказал Елеусизов в интервью «Голосу Америки» в ходе предвыборной гонки.</source><tokens><token id="718535" text="—"><tfr rev_id="2447864" t="—"><v><l id="0" t="—"><g v="PNCT"></g></l></v></tfr></token><token id="718536" text="сказал"><tfr rev_id="1550392" t="сказал"><v><l id="321532" t="сказал"><g v="VERB"></g><g v="perf"></g><g v="tran"></g><g v="masc"></g><g v="sing"></g><g v="past"></g><g v="indc"></g></l></v></tfr></token><token id="718537" text="Елеусизов"><tfr rev_id="1550393" t="Елеусизов"><v><l id="0" t="елеусизов"><g v="UNKN"></g></l></v></tfr></token><token id="718538" text="в"><tfr rev_id="1550394" t="в"><v><l id="37409" t="в"><g v="PREP"></g></l></v></tfr></token><token id="718539" text="интервью"><tfr rev_id="4180735" t="интервью"><v><l id="123140" t="интервью"><g v="NOUN"></g><g v="inan"></g><g v="neut"></g><g v="Fixd"></g><g v="sing"></g><g v="loct"></g></l></v></tfr></token><token id="718540" text="«"><tfr rev_id="2447865" t="«"><v><l id="0" t="«"><g v="PNCT"></g></l></v></tfr></token><token id="718541" text="Голосу"><tfr rev_id="4393661" t="Голосу"><v><l id="72469" t="голос"><g v="NOUN"></g><g v="inan"></g><g v="masc"></g><g v="sing"></g><g v="datv"></g></l></v></tfr></token><token id="718542" text="Америки"><tfr rev_id="1550398" t="Америки"><v><l id="11393" t="америка"><g v="NOUN"></g><g v="inan"></g><g v="femn"></g><g v="Sgtm"></g><g v="Geox"></g><g v="sing"></g><g v="gent"></g></l></v></tfr></token><token id="718543" text="»"><tfr rev_id="2447866" t="»"><v><l id="0" t="»"><g v="PNCT"></g></l></v></tfr></token><token id="718544" text="в"><tfr rev_id="1550400" t="в"><v><l id="37409" t="в"><g v="PREP"></g></l></v></tfr></token><token id="718545" text="ходе"><tfr rev_id="1550401" t="ходе"><v><l id="371078" t="ход"><g v="NOUN"></g><g v="inan"></g><g v="masc"></g><g v="sing"></g><g v="loc1"></g></l></v></tfr></token><token id="718546" text="предвыборной"><tfr rev_id="4417442" t="предвыборной"><v><l id="266418" t="предвыборный"><g v="ADJF"></g><g v="femn"></g><g v="sing"></g><g v="gent"></g></l></v></tfr></token><token id="718547" text="гонки"><tfr rev_id="4333679" t="гонки"><v><l id="72927" t="гонка"><g v="NOUN"></g><g v="inan"></g><g v="femn"></g><g v="sing"></g><g v="gent"></g></l></v></tfr></token><token id="718548" text="."><tfr rev_id="1550404" t="."><v><l id="0" t="."><g v="PNCT"></g></l></v></tfr></token></tokens></sentence><sentence id="40381"><source>Партия ОСДП «Азат» призывала казахстанцев бойкотировать выборы, поскольку считает их нелегитимными.</source><tokens><token id="718549" text="Партия"><tfr rev_id="1550405" t="Партия"><v><l id="224431" t="партия"><g v="NOUN"></g><g v="inan"></g><g v="femn"></g><g v="sing"></g><g v="nomn"></g></l></v></tfr></token><token id="718550" text="ОСДП"><tfr rev_id="1550406" t="ОСДП"><v><l id="0" t="осдп"><g v="UNKN"></g></l></v></tfr></token><token id="718551" text="«"><tfr rev_id="2447867" t="«"><v><l id="0" t="«"><g v="PNCT"></g></l></v></tfr></token><token id="718552" text="Азат"><tfr rev_id="1550408" t="Азат"><v><l id="5599" t="азат"><g v="NOUN"></g><g v="anim"></g><g v="masc"></g><g v="Name"></g><g v="sing"></g><g v="nomn"></g></l></v></tfr></token><token id="718553" text="»"><tfr rev_id="2447868" t="»"><v><l id="0" t="»"><g v="PNCT"></g></l></v></tfr></token><token id="718554" text="призывала"><tfr rev_id="1550410" t="призывала"><v><l id="270689" t="призываю"><g v="VERB"></g><g v="impf"></g><g v="tran"></g><g v="femn"></g><g v="sing"></g><g v="past"></g><g v="indc"></g></l></v></tfr></token><token id="718555" text="казахстанцев"><tfr rev_id="3645366" t="казахстанцев"><v><l id="127949" t="казахстанец"><g v="NOUN"></g><g v="anim"></g><g v="masc"></g><g v="plur"></g><g v="accs"></g></l></v></tfr></token><token id="718556" text="бойкотировать"><tfr rev_id="1550412" t="бойкотировать"><v><l id="31923" t="бойкотировать"><g v="INFN"></g><g v="perf"></g><g v="tran"></g></l></v><v><l id="31924" t="бойкотировать"><g v="INFN"></g><g v="impf"></g><g v="tran"></g></l></v></tfr></token><token id="718557" text="выборы"><tfr rev_id="3751690" t="выборы"><v><l id="55719" t="выбор"><g v="NOUN"></g><g v="inan"></g><g v="masc"></g><g v="plur"></g><g v="accs"></g></l></v><v><l id="55749" t="выборы"><g v="NOUN"></g><g v="inan"></g><g v="GNdr"></g><g v="Pltm"></g><g v="plur"></g><g v="accs"></g></l></v></tfr></token><token id="718558" text=","><tfr rev_id="1550414" t=","><v><l id="0" t=","><g v="PNCT"></g></l></v></tfr></token><token id="718559" text="поскольку"><tfr rev_id="1550415" t="поскольку"><v><l id="261429" t="поскольку"><g v="CONJ"></g></l></v></tfr></token><token id="718560" text="считает"><tfr rev_id="1550416" t="считает"><v><l id="341320" t="считаю"><g v="VERB"></g><g v="impf"></g><g v="tran"></g><g v="sing"></g><g v="3per"></g><g v="pres"></g><g v="indc"></g></l></v><v><l id="341329" t="считал"><g v="VERB"></g><g v="perf"></g><g v="tran"></g><g v="sing"></g><g v="3per"></g><g v="futr"></g><g v="indc"></g></l></v></tfr></token><token id="718561" text="их"><tfr rev_id="4472462" t="их"><v><l id="206619" t="они"><g v="NPRO"></g><g v="3per"></g><g v="Anph"></g><g v="plur"></g><g v="gent"></g></l></v><v><l id="206619" t="они"><g v="NPRO"></g><g v="3per"></g><g v="Anph"></g><g v="plur"></g><g v="accs"></g></l></v></tfr></token><token id="718562" text="нелегитимными"><tfr rev_id="1550418" t="нелегитимными"><v><l id="183745" t="нелегитимный"><g v="ADJF"></g><g v="plur"></g><g v="ablt"></g></l></v></tfr></token><token id="718563" text="."><tfr rev_id="1550419" t="."><v><l id="0" t="."><g v="PNCT"></g></l></v></tfr></token></tokens></sentence></paragraph><paragraph id="13009"><sentence id="40382"><source>Казахстан входит в категорию «несвободных» стран согласно рейтингу американской организации «Фридом хаус».</source><tokens><token id="718564" text="Казахстан"><tfr rev_id="4096428" t="Казахстан"><v><l id="127948" t="казахстан"><g v="NOUN"></g><g v="inan"></g><g v="masc"></g><g v="Geox"></g><g v="sing"></g><g v="nomn"></g></l></v></tfr></token><token id="718565" text="входит"><tfr rev_id="1550421" t="входит"><v><l id="55354" t="вхожу"><g v="VERB"></g><g v="impf"></g><g v="intr"></g><g v="sing"></g><g v="3per"></g><g v="pres"></g><g v="indc"></g></l></v></tfr></token><token id="718566" text="в"><tfr rev_id="1550422" t="в"><v><l id="37409" t="в"><g v="PREP"></g></l></v></tfr></token><token id="718567" text="категорию"><tfr rev_id="1550423" t="категорию"><v><l id="131320" t="категория"><g v="NOUN"></g><g v="inan"></g><g v="femn"></g><g v="sing"></g><g v="accs"></g></l></v></tfr></token><token id="718568" text="«"><tfr rev_id="2447869" t="«"><v><l id="0" t="«"><g v="PNCT"></g></l></v></tfr></token><token id="718569" text="несвободных"><tfr rev_id="4099796" t="несвободных"><v><l id="187918" t="несвободный"><g v="ADJF"></g><g v="plur"></g><g v="gent"></g></l></v></tfr></token><token id="718570" text="»"><tfr rev_id="2447870" t="»"><v><l id="0" t="»"><g v="PNCT"></g></l></v></tfr></token><token id="718571" text="стран"><tfr rev_id="1550427" t="стран"><v><l id="337100" t="страна"><g v="NOUN"></g><g v="inan"></g><g v="femn"></g><g v="plur"></g><g v="gent"></g></l></v></tfr></token><token id="718572" text="согласно"><tfr rev_id="4492500" t="согласно"><v><l id="328255" t="согласно"><g v="PREP"></g></l></v></tfr></token><token id="718573" text="рейтингу"><tfr rev_id="1550429" t="рейтингу"><v><l id="305607" t="рейтинг"><g v="NOUN"></g><g v="inan"></g><g v="masc"></g><g v="sing"></g><g v="datv"></g></l></v></tfr></token><token id="718574" text="американской"><tfr rev_id="4315176" t="американской"><v><l id="11429" t="американский"><g v="ADJF"></g><g v="femn"></g><g v="sing"></g><g v="gent"></g></l></v></tfr></token><token id="718575" text="организации"><tfr rev_id="4291629" t="организации"><v><l id="208750" t="организация"><g v="NOUN"></g><g v="inan"></g><g v="femn"></g><g v="sing"></g><g v="gent"></g></l></v></tfr></token><token id="718576" text="«"><tfr rev_id="2447871" t="«"><v><l id="0" t="«"><g v="PNCT"></g></l></v></tfr></token><token id="718577" text="Фридом"><tfr rev_id="4477798" t="Фридом"><v><l id="0" t="Фридом"><g v="UNKN"></g></l></v></tfr></token><token id="718578" text="хаус"><tfr rev_id="2782393" t="хаус"><v><l id="369668" t="хаус"><g v="NOUN"></g><g v="inan"></g><g v="masc"></g><g v="sing"></g><g v="nomn"></g></l></v></tfr></token><token id="718579" text="»"><tfr rev_id="2447872" t="»"><v><l id="0" t="»"><g v="PNCT"></g></l></v></tfr></token><token id="718580" text="."><tfr rev_id="1550436" t="."><v><l id="0" t="."><g v="PNCT"></g></l></v></tfr></token></tokens></sentence></paragraph></paragraphs></text>