<?xml version="1.0" encoding="utf-8"?><text id="1453" parent="56" name="Телефонизация России"><tags><tag>Автор:http://ru.wikinews.org/wiki/Участник:Ygrek</tag><tag>Дата:08/01</tag><tag>Год:2006</tag><tag>Тема:ВикиКатегория:Экономика</tag><tag>Гео:ВикиКатегория:Россия</tag><tag>url:http://ru.wikinews.org/w/index.php?title=Телефонизация_России&amp;oldid=3061</tag></tags><paragraphs><paragraph id="13015"><sentence id="40391"><source>Телефонизация России</source><tokens><token id="718814" text="Телефонизация"><tfr rev_id="1550670" t="Телефонизация"><v><l id="344326" t="телефонизация"><g v="NOUN"></g><g v="inan"></g><g v="femn"></g><g v="sing"></g><g v="nomn"></g></l></v></tfr></token><token id="718815" text="России"><tfr rev_id="2782173" t="России"><v><l id="309322" t="россия"><g v="NOUN"></g><g v="inan"></g><g v="femn"></g><g v="Sgtm"></g><g v="Geox"></g><g v="sing"></g><g v="gent"></g></l></v></tfr></token></tokens></sentence></paragraph><paragraph id="13016"><sentence id="40392"><source>84% населения России пользуются мобильными телефонами.</source><tokens><token id="718816" text="84"><tfr rev_id="2463148" t="84"><v><l id="0" t="84"><g v="NUMB"></g></l></v></tfr></token><token id="718817" text="%"><tfr rev_id="2447879" t="%"><v><l id="0" t="%"><g v="PNCT"></g></l></v></tfr></token><token id="718818" text="населения"><tfr rev_id="3491603" t="населения"><v><l id="175227" t="население"><g v="NOUN"></g><g v="inan"></g><g v="neut"></g><g v="sing"></g><g v="gent"></g></l></v></tfr></token><token id="718819" text="России"><tfr rev_id="3455381" t="России"><v><l id="309322" t="россия"><g v="NOUN"></g><g v="inan"></g><g v="femn"></g><g v="Sgtm"></g><g v="Geox"></g><g v="sing"></g><g v="gent"></g></l></v></tfr></token><token id="718820" text="пользуются"><tfr rev_id="1550676" t="пользуются"><v><l id="257090" t="пользуюсь"><g v="VERB"></g><g v="impf"></g><g v="intr"></g><g v="plur"></g><g v="3per"></g><g v="pres"></g><g v="indc"></g></l></v></tfr></token><token id="718821" text="мобильными"><tfr rev_id="1550677" t="мобильными"><v><l id="162202" t="мобильный"><g v="ADJF"></g><g v="Qual"></g><g v="plur"></g><g v="ablt"></g></l></v></tfr></token><token id="718822" text="телефонами"><tfr rev_id="1550678" t="телефонами"><v><l id="344325" t="телефон"><g v="NOUN"></g><g v="inan"></g><g v="masc"></g><g v="plur"></g><g v="ablt"></g></l></v></tfr></token><token id="718823" text="."><tfr rev_id="1550679" t="."><v><l id="0" t="."><g v="PNCT"></g></l></v></tfr></token></tokens></sentence><sentence id="40393"><source>Об этом сообщил министр информационных технологий и связи Леонид Рейман.</source><tokens><token id="718824" text="Об"><tfr rev_id="2921296" t="Об"><v><l id="192977" t="о"><g v="PREP"></g><g v="Vpre"></g></l></v></tfr></token><token id="718825" text="этом"><tfr rev_id="3945836" t="этом"><v><l id="386575" t="это"><g v="NPRO"></g><g v="neut"></g><g v="sing"></g><g v="loct"></g></l></v></tfr></token><token id="718826" text="сообщил"><tfr rev_id="1550682" t="сообщил"><v><l id="329556" t="сообщил"><g v="VERB"></g><g v="perf"></g><g v="tran"></g><g v="masc"></g><g v="sing"></g><g v="past"></g><g v="indc"></g></l></v></tfr></token><token id="718827" text="министр"><tfr rev_id="1550683" t="министр"><v><l id="160614" t="министр"><g v="NOUN"></g><g v="anim"></g><g v="masc"></g><g v="sing"></g><g v="nomn"></g></l></v></tfr></token><token id="718828" text="информационных"><tfr rev_id="3709319" t="информационных"><v><l id="123573" t="информационный"><g v="ADJF"></g><g v="plur"></g><g v="gent"></g></l></v></tfr></token><token id="718829" text="технологий"><tfr rev_id="1550685" t="технологий"><v><l id="345970" t="технология"><g v="NOUN"></g><g v="inan"></g><g v="femn"></g><g v="plur"></g><g v="gent"></g></l></v></tfr></token><token id="718830" text="и"><tfr rev_id="1550686" t="и"><v><l id="116949" t="и"><g v="CONJ"></g></l></v><v><l id="116950" t="и"><g v="INTJ"></g></l></v></tfr></token><token id="718831" text="связи"><tfr rev_id="4390995" t="связи"><v><l id="316572" t="связь"><g v="NOUN"></g><g v="inan"></g><g v="femn"></g><g v="sing"></g><g v="gent"></g></l></v></tfr></token><token id="718832" text="Леонид"><tfr rev_id="4100139" t="Леонид"><v><l id="148220" t="леонид"><g v="NOUN"></g><g v="anim"></g><g v="masc"></g><g v="Name"></g><g v="sing"></g><g v="nomn"></g></l></v></tfr></token><token id="718833" text="Рейман"><tfr rev_id="1550689" t="Рейман"><v><l id="0" t="рейман"><g v="UNKN"></g></l></v></tfr></token><token id="718834" text="."><tfr rev_id="1550690" t="."><v><l id="0" t="."><g v="PNCT"></g></l></v></tfr></token></tokens></sentence></paragraph><paragraph id="13017"><sentence id="40394"><source>В России 42 млн. домашних телефонов и 120 млн. мобильных телефонов.</source><tokens><token id="718835" text="В"><tfr rev_id="1550691" t="В"><v><l id="37409" t="в"><g v="PREP"></g></l></v></tfr></token><token id="718836" text="России"><tfr rev_id="3325504" t="России"><v><l id="309322" t="россия"><g v="NOUN"></g><g v="inan"></g><g v="femn"></g><g v="Sgtm"></g><g v="Geox"></g><g v="sing"></g><g v="loct"></g></l></v></tfr></token><token id="718837" text="42"><tfr rev_id="2463149" t="42"><v><l id="0" t="42"><g v="NUMB"></g></l></v></tfr></token><token id="718838" text="млн"><tfr rev_id="4162651" t="млн"><v><l id="389040" t="млн"><g v="NOUN"></g><g v="inan"></g><g v="masc"></g><g v="Fixd"></g><g v="Abbr"></g><g v="sing"></g><g v="gent"></g></l></v></tfr></token><token id="718839" text="."><tfr rev_id="1550695" t="."><v><l id="0" t="."><g v="PNCT"></g></l></v></tfr></token><token id="718840" text="домашних"><tfr rev_id="4407601" t="домашних"><v><l id="88216" t="домашний"><g v="ADJF"></g><g v="plur"></g><g v="gent"></g></l></v></tfr></token><token id="718841" text="телефонов"><tfr rev_id="1550697" t="телефонов"><v><l id="344325" t="телефон"><g v="NOUN"></g><g v="inan"></g><g v="masc"></g><g v="plur"></g><g v="gent"></g></l></v></tfr></token><token id="718842" text="и"><tfr rev_id="4082101" t="и"><v><l id="116949" t="и"><g v="CONJ"></g></l></v></tfr></token><token id="718843" text="120"><tfr rev_id="2463150" t="120"><v><l id="0" t="120"><g v="NUMB"></g></l></v></tfr></token><token id="718844" text="млн"><tfr rev_id="4180893" t="млн"><v><l id="389040" t="млн"><g v="NOUN"></g><g v="inan"></g><g v="masc"></g><g v="Fixd"></g><g v="Abbr"></g><g v="plur"></g><g v="gent"></g></l></v></tfr></token><token id="718845" text="."><tfr rev_id="1550701" t="."><v><l id="0" t="."><g v="PNCT"></g></l></v></tfr></token><token id="718846" text="мобильных"><tfr rev_id="3532543" t="мобильных"><v><l id="162202" t="мобильный"><g v="ADJF"></g><g v="Qual"></g><g v="plur"></g><g v="gent"></g></l></v></tfr></token><token id="718847" text="телефонов"><tfr rev_id="1550703" t="телефонов"><v><l id="344325" t="телефон"><g v="NOUN"></g><g v="inan"></g><g v="masc"></g><g v="plur"></g><g v="gent"></g></l></v></tfr></token><token id="718848" text="."><tfr rev_id="1550704" t="."><v><l id="0" t="."><g v="PNCT"></g></l></v></tfr></token></tokens></sentence><sentence id="40395"><source>23 млн. россиян пользуются интернетом.</source><tokens><token id="718849" text="23"><tfr rev_id="2463151" t="23"><v><l id="0" t="23"><g v="NUMB"></g></l></v></tfr></token><token id="718850" text="млн"><tfr rev_id="4173565" t="млн"><v><l id="389040" t="млн"><g v="NOUN"></g><g v="inan"></g><g v="masc"></g><g v="Fixd"></g><g v="Abbr"></g><g v="sing"></g><g v="gent"></g></l></v></tfr></token><token id="718851" text="."><tfr rev_id="1550707" t="."><v><l id="0" t="."><g v="PNCT"></g></l></v></tfr></token><token id="718852" text="россиян"><tfr rev_id="3465041" t="россиян"><v><l id="309323" t="россиянин"><g v="NOUN"></g><g v="anim"></g><g v="masc"></g><g v="plur"></g><g v="gent"></g></l></v></tfr></token><token id="718853" text="пользуются"><tfr rev_id="1550709" t="пользуются"><v><l id="257090" t="пользуюсь"><g v="VERB"></g><g v="impf"></g><g v="intr"></g><g v="plur"></g><g v="3per"></g><g v="pres"></g><g v="indc"></g></l></v></tfr></token><token id="718854" text="интернетом"><tfr rev_id="1550710" t="интернетом"><v><l id="123255" t="интернет"><g v="NOUN"></g><g v="inan"></g><g v="masc"></g><g v="sing"></g><g v="ablt"></g></l></v></tfr></token><token id="718855" text="."><tfr rev_id="1550711" t="."><v><l id="0" t="."><g v="PNCT"></g></l></v></tfr></token></tokens></sentence><sentence id="40396"><source>«Мы находимся на хорошем европейском уровне»,</source><tokens><token id="718856" text="«"><tfr rev_id="2447880" t="«"><v><l id="0" t="«"><g v="PNCT"></g></l></v></tfr></token><token id="718857" text="Мы"><tfr rev_id="1550713" t="Мы"><v><l id="165750" t="мы"><g v="NPRO"></g><g v="1per"></g><g v="plur"></g><g v="nomn"></g></l></v></tfr></token><token id="718858" text="находимся"><tfr rev_id="1550714" t="находимся"><v><l id="177898" t="нахожусь"><g v="VERB"></g><g v="impf"></g><g v="intr"></g><g v="plur"></g><g v="1per"></g><g v="pres"></g><g v="indc"></g></l></v><v><l id="177903" t="находился"><g v="VERB"></g><g v="perf"></g><g v="intr"></g><g v="plur"></g><g v="1per"></g><g v="futr"></g><g v="indc"></g></l></v><v><l id="177903" t="находился"><g v="VERB"></g><g v="perf"></g><g v="intr"></g><g v="sing"></g><g v="impr"></g><g v="incl"></g></l></v></tfr></token><token id="718859" text="на"><tfr rev_id="3342220" t="на"><v><l id="166264" t="на"><g v="PREP"></g></l></v></tfr></token><token id="718860" text="хорошем"><tfr rev_id="3481656" t="хорошем"><v><l id="371668" t="хороший"><g v="ADJF"></g><g v="Qual"></g><g v="masc"></g><g v="sing"></g><g v="loct"></g></l></v></tfr></token><token id="718861" text="европейском"><tfr rev_id="3468620" t="европейском"><v><l id="94034" t="европейский"><g v="ADJF"></g><g v="masc"></g><g v="sing"></g><g v="loct"></g></l></v></tfr></token><token id="718862" text="уровне"><tfr rev_id="1550718" t="уровне"><v><l id="359953" t="уровень"><g v="NOUN"></g><g v="inan"></g><g v="masc"></g><g v="sing"></g><g v="loct"></g></l></v></tfr></token><token id="718863" text="»"><tfr rev_id="2447881" t="»"><v><l id="0" t="»"><g v="PNCT"></g></l></v></tfr></token><token id="718864" text=","><tfr rev_id="1550720" t=","><v><l id="0" t=","><g v="PNCT"></g></l></v></tfr></token></tokens></sentence><sentence id="40397"><source>сказал Леонид Рейман.</source><tokens><token id="718865" text="сказал"><tfr rev_id="1550721" t="сказал"><v><l id="321532" t="сказал"><g v="VERB"></g><g v="perf"></g><g v="tran"></g><g v="masc"></g><g v="sing"></g><g v="past"></g><g v="indc"></g></l></v></tfr></token><token id="718866" text="Леонид"><tfr rev_id="3503700" t="Леонид"><v><l id="148220" t="леонид"><g v="NOUN"></g><g v="anim"></g><g v="masc"></g><g v="Name"></g><g v="sing"></g><g v="nomn"></g></l></v></tfr></token><token id="718867" text="Рейман"><tfr rev_id="1550723" t="Рейман"><v><l id="0" t="рейман"><g v="UNKN"></g></l></v></tfr></token><token id="718868" text="."><tfr rev_id="1550724" t="."><v><l id="0" t="."><g v="PNCT"></g></l></v></tfr></token></tokens></sentence></paragraph><paragraph id="13018"><sentence id="40398"><source>В Москве на каждые 100 жителей приходится 131 мобильный телефон и 80 домашних телефонов.</source><tokens><token id="718869" text="В"><tfr rev_id="1550725" t="В"><v><l id="37409" t="в"><g v="PREP"></g></l></v></tfr></token><token id="718870" text="Москве"><tfr rev_id="3534850" t="Москве"><v><l id="163901" t="москва"><g v="NOUN"></g><g v="inan"></g><g v="femn"></g><g v="Sgtm"></g><g v="Geox"></g><g v="sing"></g><g v="loct"></g></l></v></tfr></token><token id="718871" text="на"><tfr rev_id="3341526" t="на"><v><l id="166264" t="на"><g v="PREP"></g></l></v></tfr></token><token id="718872" text="каждые"><tfr rev_id="4430678" t="каждые"><v><l id="127875" t="каждый"><g v="ADJF"></g><g v="Subx"></g><g v="Apro"></g><g v="inan"></g><g v="plur"></g><g v="accs"></g></l></v></tfr></token><token id="718873" text="100"><tfr rev_id="2463152" t="100"><v><l id="0" t="100"><g v="NUMB"></g></l></v></tfr></token><token id="718874" text="жителей"><tfr rev_id="4382687" t="жителей"><v><l id="97562" t="житель"><g v="NOUN"></g><g v="anim"></g><g v="masc"></g><g v="plur"></g><g v="gent"></g></l></v></tfr></token><token id="718875" text="приходится"><tfr rev_id="1550731" t="приходится"><v><l id="276254" t="прихожусь"><g v="VERB"></g><g v="impf"></g><g v="intr"></g><g v="sing"></g><g v="3per"></g><g v="pres"></g><g v="indc"></g></l></v></tfr></token><token id="718876" text="131"><tfr rev_id="2463153" t="131"><v><l id="0" t="131"><g v="NUMB"></g></l></v></tfr></token><token id="718877" text="мобильный"><tfr rev_id="4360856" t="мобильный"><v><l id="162202" t="мобильный"><g v="ADJF"></g><g v="Qual"></g><g v="masc"></g><g v="sing"></g><g v="nomn"></g></l></v></tfr></token><token id="718878" text="телефон"><tfr rev_id="4083574" t="телефон"><v><l id="344325" t="телефон"><g v="NOUN"></g><g v="inan"></g><g v="masc"></g><g v="sing"></g><g v="nomn"></g></l></v></tfr></token><token id="718879" text="и"><tfr rev_id="1550735" t="и"><v><l id="116949" t="и"><g v="CONJ"></g></l></v><v><l id="116950" t="и"><g v="INTJ"></g></l></v></tfr></token><token id="718880" text="80"><tfr rev_id="2463154" t="80"><v><l id="0" t="80"><g v="NUMB"></g></l></v></tfr></token><token id="718881" text="домашних"><tfr rev_id="4427015" t="домашних"><v><l id="88216" t="домашний"><g v="ADJF"></g><g v="plur"></g><g v="gent"></g></l></v></tfr></token><token id="718882" text="телефонов"><tfr rev_id="1550738" t="телефонов"><v><l id="344325" t="телефон"><g v="NOUN"></g><g v="inan"></g><g v="masc"></g><g v="plur"></g><g v="gent"></g></l></v></tfr></token><token id="718883" text="."><tfr rev_id="1550739" t="."><v><l id="0" t="."><g v="PNCT"></g></l></v></tfr></token></tokens></sentence><sentence id="40399"><source>В Санкт-Петербурге — 115 мобильных телефонов на каждые 100 жителей.</source><tokens><token id="718884" text="В"><tfr rev_id="1550740" t="В"><v><l id="37409" t="в"><g v="PREP"></g></l></v></tfr></token><token id="718885" text="Санкт-Петербурге"><tfr rev_id="1550741" t="Санкт-Петербурге"><v><l id="313346" t="санкт-петербург"><g v="NOUN"></g><g v="inan"></g><g v="masc"></g><g v="Geox"></g><g v="sing"></g><g v="loct"></g></l></v></tfr></token><token id="718886" text="—"><tfr rev_id="2447882" t="—"><v><l id="0" t="—"><g v="PNCT"></g></l></v></tfr></token><token id="718887" text="115"><tfr rev_id="2463155" t="115"><v><l id="0" t="115"><g v="NUMB"></g></l></v></tfr></token><token id="718888" text="мобильных"><tfr rev_id="3703456" t="мобильных"><v><l id="162202" t="мобильный"><g v="ADJF"></g><g v="Qual"></g><g v="plur"></g><g v="gent"></g></l></v></tfr></token><token id="718889" text="телефонов"><tfr rev_id="1550745" t="телефонов"><v><l id="344325" t="телефон"><g v="NOUN"></g><g v="inan"></g><g v="masc"></g><g v="plur"></g><g v="gent"></g></l></v></tfr></token><token id="718890" text="на"><tfr rev_id="3343325" t="на"><v><l id="166264" t="на"><g v="PREP"></g></l></v></tfr></token><token id="718891" text="каждые"><tfr rev_id="4430679" t="каждые"><v><l id="127875" t="каждый"><g v="ADJF"></g><g v="Subx"></g><g v="Apro"></g><g v="inan"></g><g v="plur"></g><g v="accs"></g></l></v></tfr></token><token id="718892" text="100"><tfr rev_id="2463156" t="100"><v><l id="0" t="100"><g v="NUMB"></g></l></v></tfr></token><token id="718893" text="жителей"><tfr rev_id="4382738" t="жителей"><v><l id="97562" t="житель"><g v="NOUN"></g><g v="anim"></g><g v="masc"></g><g v="plur"></g><g v="gent"></g></l></v></tfr></token><token id="718894" text="."><tfr rev_id="1550750" t="."><v><l id="0" t="."><g v="PNCT"></g></l></v></tfr></token></tokens></sentence></paragraph></paragraphs></text>