<?xml version="1.0" encoding="utf-8"?><text id="1454" parent="56" name="Нудистам выделили тропу для походов в Германии"><tags><tag>Автор:http://ru.wikinews.org/wiki/Участник:Velopilger</tag><tag>Дата:24/09</tag><tag>Год:2009</tag><tag>Тема:ВикиКатегория:Натуризм</tag><tag>url:http://ru.wikinews.org/w/index.php?title=Нудистам_выделили_тропу_для_походов_в_Германии&amp;oldid=59276</tag><tag>Гео:ВикиКатегория:Германия</tag></tags><paragraphs><paragraph id="13019"><sentence id="40400"><source>Нудистам выделили тропу для походов в Германии</source><tokens><token id="718895" text="Нудистам"><tfr rev_id="1550751" t="Нудистам"><v><l id="192545" t="нудист"><g v="NOUN"></g><g v="anim"></g><g v="masc"></g><g v="plur"></g><g v="datv"></g></l></v></tfr></token><token id="718896" text="выделили"><tfr rev_id="1550752" t="выделили"><v><l id="57031" t="выделил"><g v="VERB"></g><g v="perf"></g><g v="tran"></g><g v="plur"></g><g v="past"></g><g v="indc"></g></l></v></tfr></token><token id="718897" text="тропу"><tfr rev_id="3886955" t="тропу"><v><l id="350452" t="тропа"><g v="NOUN"></g><g v="inan"></g><g v="femn"></g><g v="sing"></g><g v="accs"></g></l></v></tfr></token><token id="718898" text="для"><tfr rev_id="3438668" t="для"><v><l id="85032" t="для"><g v="PREP"></g></l></v></tfr></token><token id="718899" text="походов"><tfr rev_id="1550755" t="походов"><v><l id="264370" t="поход"><g v="NOUN"></g><g v="inan"></g><g v="masc"></g><g v="plur"></g><g v="gent"></g></l></v></tfr></token><token id="718900" text="в"><tfr rev_id="1550756" t="в"><v><l id="37409" t="в"><g v="PREP"></g></l></v></tfr></token><token id="718901" text="Германии"><tfr rev_id="4175620" t="Германии"><v><l id="69099" t="германия"><g v="NOUN"></g><g v="inan"></g><g v="femn"></g><g v="Sgtm"></g><g v="Geox"></g><g v="sing"></g><g v="loct"></g></l></v></tfr></token></tokens></sentence></paragraph><paragraph id="13020"><sentence id="40401"><source>Германское общество идёт все дальше и дальше по пути либерализации и удовлетворения прав нетрадиционных меньшинств.</source><tokens><token id="718902" text="Германское"><tfr rev_id="1550758" t="Германское"><v><l id="69122" t="германский"><g v="ADJF"></g><g v="neut"></g><g v="sing"></g><g v="nomn"></g></l></v><v><l id="69122" t="германский"><g v="ADJF"></g><g v="neut"></g><g v="sing"></g><g v="accs"></g></l></v></tfr></token><token id="718903" text="общество"><tfr rev_id="4101984" t="общество"><v><l id="201616" t="общество"><g v="NOUN"></g><g v="inan"></g><g v="neut"></g><g v="sing"></g><g v="nomn"></g></l></v></tfr></token><token id="718904" text="идёт"><tfr rev_id="1550760" t="идёт"><v><l id="117566" t="иду"><g v="VERB"></g><g v="impf"></g><g v="intr"></g><g v="sing"></g><g v="3per"></g><g v="pres"></g><g v="indc"></g></l></v></tfr></token><token id="718905" text="все"><tfr rev_id="4503543" t="все"><v><l id="390209" t="всё"><g v="PRCL"></g></l></v></tfr></token><token id="718906" text="дальше"><tfr rev_id="1550762" t="дальше"><v><l id="77926" t="дальше"><g v="COMP"></g><g v="Qual"></g></l></v></tfr></token><token id="718907" text="и"><tfr rev_id="3544689" t="и"><v><l id="116949" t="и"><g v="CONJ"></g></l></v></tfr></token><token id="718908" text="дальше"><tfr rev_id="1550764" t="дальше"><v><l id="77926" t="дальше"><g v="COMP"></g><g v="Qual"></g></l></v></tfr></token><token id="718909" text="по"><tfr rev_id="1550765" t="по"><v><l id="241240" t="по"><g v="PREP"></g></l></v></tfr></token><token id="718910" text="пути"><tfr rev_id="3553522" t="пути"><v><l id="289625" t="путь"><g v="NOUN"></g><g v="inan"></g><g v="masc"></g><g v="sing"></g><g v="datv"></g></l></v></tfr></token><token id="718911" text="либерализации"><tfr rev_id="3554698" t="либерализации"><v><l id="148871" t="либерализация"><g v="NOUN"></g><g v="inan"></g><g v="femn"></g><g v="sing"></g><g v="gent"></g></l></v></tfr></token><token id="718912" text="и"><tfr rev_id="1550768" t="и"><v><l id="116949" t="и"><g v="CONJ"></g></l></v><v><l id="116950" t="и"><g v="INTJ"></g></l></v></tfr></token><token id="718913" text="удовлетворения"><tfr rev_id="3447955" t="удовлетворения"><v><l id="355082" t="удовлетворение"><g v="NOUN"></g><g v="inan"></g><g v="neut"></g><g v="sing"></g><g v="gent"></g></l></v></tfr></token><token id="718914" text="прав"><tfr rev_id="2702976" t="прав"><v><l id="265680" t="право"><g v="NOUN"></g><g v="inan"></g><g v="neut"></g><g v="plur"></g><g v="gent"></g></l></v></tfr></token><token id="718915" text="нетрадиционных"><tfr rev_id="3466690" t="нетрадиционных"><v><l id="189024" t="нетрадиционный"><g v="ADJF"></g><g v="plur"></g><g v="gent"></g></l></v></tfr></token><token id="718916" text="меньшинств"><tfr rev_id="1550772" t="меньшинств"><v><l id="158434" t="меньшинство"><g v="NOUN"></g><g v="inan"></g><g v="neut"></g><g v="plur"></g><g v="gent"></g></l></v></tfr></token><token id="718917" text="."><tfr rev_id="1550773" t="."><v><l id="0" t="."><g v="PNCT"></g></l></v></tfr></token></tokens></sentence><sentence id="40402"><source>Согласно сообщению информагенства Би-би-си, в стране выделили и практически завершили оборудование тропы для любителей передвигаться нагишом.</source><tokens><token id="718918" text="Согласно"><tfr rev_id="4492510" t="Согласно"><v><l id="328255" t="согласно"><g v="PREP"></g></l></v></tfr></token><token id="718919" text="сообщению"><tfr rev_id="1550775" t="сообщению"><v><l id="329550" t="сообщение"><g v="NOUN"></g><g v="inan"></g><g v="neut"></g><g v="sing"></g><g v="datv"></g></l></v></tfr></token><token id="718920" text="информагенства"><tfr rev_id="1550776" t="информагенства"><v><l id="0" t="информагенства"><g v="UNKN"></g></l></v></tfr></token><token id="718921" text="Би-би-си"><tfr rev_id="4158887" t="Би-би-си"><v><l id="29269" t="би-би-си"><g v="NOUN"></g><g v="inan"></g><g v="femn"></g><g v="Fixd"></g><g v="Orgn"></g><g v="Sgtm"></g><g v="sing"></g><g v="nomn"></g></l></v></tfr></token><token id="718922" text=","><tfr rev_id="1550778" t=","><v><l id="0" t=","><g v="PNCT"></g></l></v></tfr></token><token id="718923" text="в"><tfr rev_id="1550779" t="в"><v><l id="37409" t="в"><g v="PREP"></g></l></v></tfr></token><token id="718924" text="стране"><tfr rev_id="3534685" t="стране"><v><l id="337100" t="страна"><g v="NOUN"></g><g v="inan"></g><g v="femn"></g><g v="sing"></g><g v="loct"></g></l></v></tfr></token><token id="718925" text="выделили"><tfr rev_id="1550781" t="выделили"><v><l id="57031" t="выделил"><g v="VERB"></g><g v="perf"></g><g v="tran"></g><g v="plur"></g><g v="past"></g><g v="indc"></g></l></v></tfr></token><token id="718926" text="и"><tfr rev_id="3671879" t="и"><v><l id="116949" t="и"><g v="CONJ"></g></l></v></tfr></token><token id="718927" text="практически"><tfr rev_id="1550783" t="практически"><v><l id="265904" t="практически"><g v="ADVB"></g></l></v></tfr></token><token id="718928" text="завершили"><tfr rev_id="1550784" t="завершили"><v><l id="99441" t="завершил"><g v="VERB"></g><g v="perf"></g><g v="tran"></g><g v="plur"></g><g v="past"></g><g v="indc"></g></l></v></tfr></token><token id="718929" text="оборудование"><tfr rev_id="4209699" t="оборудование"><v><l id="198558" t="оборудование"><g v="NOUN"></g><g v="inan"></g><g v="neut"></g><g v="sing"></g><g v="accs"></g></l></v></tfr></token><token id="718930" text="тропы"><tfr rev_id="2722677" t="тропы"><v><l id="350452" t="тропа"><g v="NOUN"></g><g v="inan"></g><g v="femn"></g><g v="sing"></g><g v="gent"></g></l></v></tfr></token><token id="718931" text="для"><tfr rev_id="3438854" t="для"><v><l id="85032" t="для"><g v="PREP"></g></l></v></tfr></token><token id="718932" text="любителей"><tfr rev_id="4200185" t="любителей"><v><l id="151965" t="любитель"><g v="NOUN"></g><g v="anim"></g><g v="masc"></g><g v="plur"></g><g v="gent"></g></l></v></tfr></token><token id="718933" text="передвигаться"><tfr rev_id="1550789" t="передвигаться"><v><l id="228191" t="передвигаться"><g v="INFN"></g><g v="impf"></g><g v="intr"></g></l></v></tfr></token><token id="718934" text="нагишом"><tfr rev_id="1550790" t="нагишом"><v><l id="167728" t="нагишом"><g v="ADVB"></g></l></v></tfr></token><token id="718935" text="."><tfr rev_id="1550791" t="."><v><l id="0" t="."><g v="PNCT"></g></l></v></tfr></token></tokens></sentence><sentence id="40403"><source>Так что весной 2009 года в горах Гарц, что в самом центре страны, появятся предупредительные надписи о том, что «если вы не хотите видеть людей без одежды, то вам следует прекратить движение в этом направлении».</source><tokens><token id="718936" text="Так"><tfr rev_id="1550792" t="Так"><v><l id="342451" t="так"><g v="CONJ"></g></l></v><v><l id="342452" t="так"><g v="PRCL"></g></l></v><v><l id="342453" t="так"><g v="ADVB"></g><g v="Dmns"></g></l></v></tfr></token><token id="718937" text="что"><tfr rev_id="3197938" t="что"><v><l id="377004" t="что"><g v="CONJ"></g></l></v><v><l id="377005" t="что"><g v="NPRO"></g><g v="neut"></g><g v="sing"></g><g v="nomn"></g></l></v><v><l id="377005" t="что"><g v="NPRO"></g><g v="neut"></g><g v="sing"></g><g v="accs"></g></l></v><v><l id="377006" t="что"><g v="ADVB"></g><g v="Ques"></g></l></v><v><l id="388695" t="что"><g v="PRCL"></g></l></v></tfr></token><token id="718938" text="весной"><tfr rev_id="4277940" t="весной"><v><l id="42035" t="весна"><g v="NOUN"></g><g v="inan"></g><g v="femn"></g><g v="sing"></g><g v="ablt"></g></l></v></tfr></token><token id="718939" text="2009"><tfr rev_id="2463157" t="2009"><v><l id="0" t="2009"><g v="NUMB"></g></l></v></tfr></token><token id="718940" text="года"><tfr rev_id="3415622" t="года"><v><l id="72149" t="год"><g v="NOUN"></g><g v="inan"></g><g v="masc"></g><g v="sing"></g><g v="gen1"></g></l></v></tfr></token><token id="718941" text="в"><tfr rev_id="1550797" t="в"><v><l id="37409" t="в"><g v="PREP"></g></l></v></tfr></token><token id="718942" text="горах"><tfr rev_id="4163079" t="горах"><v><l id="73046" t="гора"><g v="NOUN"></g><g v="inan"></g><g v="femn"></g><g v="plur"></g><g v="loct"></g></l></v></tfr></token><token id="718943" text="Гарц"><tfr rev_id="1550799" t="Гарц"><v><l id="0" t="гарц"><g v="UNKN"></g></l></v></tfr></token><token id="718944" text=","><tfr rev_id="1550800" t=","><v><l id="0" t=","><g v="PNCT"></g></l></v></tfr></token><token id="718945" text="что"><tfr rev_id="3197939" t="что"><v><l id="377004" t="что"><g v="CONJ"></g></l></v><v><l id="377005" t="что"><g v="NPRO"></g><g v="neut"></g><g v="sing"></g><g v="nomn"></g></l></v><v><l id="377005" t="что"><g v="NPRO"></g><g v="neut"></g><g v="sing"></g><g v="accs"></g></l></v><v><l id="377006" t="что"><g v="ADVB"></g><g v="Ques"></g></l></v><v><l id="388695" t="что"><g v="PRCL"></g></l></v></tfr></token><token id="718946" text="в"><tfr rev_id="1550802" t="в"><v><l id="37409" t="в"><g v="PREP"></g></l></v></tfr></token><token id="718947" text="самом"><tfr rev_id="3481891" t="самом"><v><l id="312034" t="сам"><g v="ADJF"></g><g v="Apro"></g><g v="masc"></g><g v="sing"></g><g v="loct"></g></l></v><v><l id="313174" t="самый"><g v="ADJF"></g><g v="Apro"></g><g v="masc"></g><g v="sing"></g><g v="loct"></g></l></v></tfr></token><token id="718948" text="центре"><tfr rev_id="1550804" t="центре"><v><l id="373369" t="центр"><g v="NOUN"></g><g v="inan"></g><g v="masc"></g><g v="sing"></g><g v="loct"></g></l></v></tfr></token><token id="718949" text="страны"><tfr rev_id="3473987" t="страны"><v><l id="337100" t="страна"><g v="NOUN"></g><g v="inan"></g><g v="femn"></g><g v="sing"></g><g v="gent"></g></l></v></tfr></token><token id="718950" text=","><tfr rev_id="1550806" t=","><v><l id="0" t=","><g v="PNCT"></g></l></v></tfr></token><token id="718951" text="появятся"><tfr rev_id="1550807" t="появятся"><v><l id="265507" t="появился"><g v="VERB"></g><g v="perf"></g><g v="intr"></g><g v="plur"></g><g v="3per"></g><g v="futr"></g><g v="indc"></g></l></v></tfr></token><token id="718952" text="предупредительные"><tfr rev_id="4084336" t="предупредительные"><v><l id="267271" t="предупредительный"><g v="ADJF"></g><g v="plur"></g><g v="nomn"></g></l></v></tfr></token><token id="718953" text="надписи"><tfr rev_id="3802547" t="надписи"><v><l id="169326" t="надпись"><g v="NOUN"></g><g v="inan"></g><g v="femn"></g><g v="plur"></g><g v="nomn"></g></l></v></tfr></token><token id="718954" text="о"><tfr rev_id="2781331" t="о"><v><l id="192977" t="о"><g v="PREP"></g></l></v></tfr></token><token id="718955" text="том"><tfr rev_id="4415591" t="том"><v><l id="348430" t="тот"><g v="ADJF"></g><g v="Subx"></g><g v="Apro"></g><g v="Anph"></g><g v="neut"></g><g v="sing"></g><g v="loct"></g></l></v></tfr></token><token id="718956" text=","><tfr rev_id="1550812" t=","><v><l id="0" t=","><g v="PNCT"></g></l></v></tfr></token><token id="718957" text="что"><tfr rev_id="3197940" t="что"><v><l id="377004" t="что"><g v="CONJ"></g></l></v><v><l id="377005" t="что"><g v="NPRO"></g><g v="neut"></g><g v="sing"></g><g v="nomn"></g></l></v><v><l id="377005" t="что"><g v="NPRO"></g><g v="neut"></g><g v="sing"></g><g v="accs"></g></l></v><v><l id="377006" t="что"><g v="ADVB"></g><g v="Ques"></g></l></v><v><l id="388695" t="что"><g v="PRCL"></g></l></v></tfr></token><token id="718958" text="«"><tfr rev_id="2447883" t="«"><v><l id="0" t="«"><g v="PNCT"></g></l></v></tfr></token><token id="718959" text="если"><tfr rev_id="1550815" t="если"><v><l id="95365" t="если"><g v="CONJ"></g></l></v></tfr></token><token id="718960" text="вы"><tfr rev_id="1550816" t="вы"><v><l id="55560" t="вы"><g v="NPRO"></g><g v="2per"></g><g v="plur"></g><g v="nomn"></g></l></v></tfr></token><token id="718961" text="не"><tfr rev_id="1550817" t="не"><v><l id="178876" t="не"><g v="PRCL"></g></l></v></tfr></token><token id="718962" text="хотите"><tfr rev_id="1550818" t="хотите"><v><l id="371713" t="хочу"><g v="VERB"></g><g v="impf"></g><g v="tran"></g><g v="plur"></g><g v="2per"></g><g v="pres"></g><g v="indc"></g></l></v><v><l id="371713" t="хочу"><g v="VERB"></g><g v="impf"></g><g v="tran"></g><g v="plur"></g><g v="impr"></g><g v="excl"></g></l></v></tfr></token><token id="718963" text="видеть"><tfr rev_id="1550819" t="видеть"><v><l id="44565" t="видеть"><g v="INFN"></g><g v="impf"></g><g v="tran"></g></l></v></tfr></token><token id="718964" text="людей"><tfr rev_id="4200118" t="людей"><v><l id="375073" t="человек"><g v="NOUN"></g><g v="anim"></g><g v="masc"></g><g v="plur"></g><g v="accs"></g></l></v></tfr></token><token id="718965" text="без"><tfr rev_id="1550821" t="без"><v><l id="25481" t="без"><g v="PREP"></g></l></v></tfr></token><token id="718966" text="одежды"><tfr rev_id="3500796" t="одежды"><v><l id="203213" t="одежда"><g v="NOUN"></g><g v="inan"></g><g v="femn"></g><g v="sing"></g><g v="gent"></g></l></v></tfr></token><token id="718967" text=","><tfr rev_id="1550823" t=","><v><l id="0" t=","><g v="PNCT"></g></l></v></tfr></token><token id="718968" text="то"><tfr rev_id="3777774" t="то"><v><l id="346835" t="то"><g v="CONJ"></g></l></v><v><l id="346836" t="то"><g v="PRCL"></g></l></v><v><l id="348430" t="тот"><g v="ADJF"></g><g v="Subx"></g><g v="Apro"></g><g v="Anph"></g><g v="neut"></g><g v="sing"></g><g v="nomn"></g></l></v><v><l id="348430" t="тот"><g v="ADJF"></g><g v="Subx"></g><g v="Apro"></g><g v="Anph"></g><g v="neut"></g><g v="sing"></g><g v="accs"></g></l></v></tfr></token><token id="718969" text="вам"><tfr rev_id="1550825" t="вам"><v><l id="55560" t="вы"><g v="NPRO"></g><g v="2per"></g><g v="plur"></g><g v="datv"></g></l></v></tfr></token><token id="718970" text="следует"><tfr rev_id="3665446" t="следует"><v><l id="324747" t="следую"><g v="VERB"></g><g v="impf"></g><g v="intr"></g><g v="sing"></g><g v="3per"></g><g v="pres"></g><g v="indc"></g><g v="Impx"></g></l></v></tfr></token><token id="718971" text="прекратить"><tfr rev_id="1550827" t="прекратить"><v><l id="267594" t="прекратить"><g v="INFN"></g><g v="perf"></g><g v="tran"></g></l></v></tfr></token><token id="718972" text="движение"><tfr rev_id="4103815" t="движение"><v><l id="78833" t="движение"><g v="NOUN"></g><g v="inan"></g><g v="neut"></g><g v="sing"></g><g v="accs"></g></l></v></tfr></token><token id="718973" text="в"><tfr rev_id="1550829" t="в"><v><l id="37409" t="в"><g v="PREP"></g></l></v></tfr></token><token id="718974" text="этом"><tfr rev_id="4487027" t="этом"><v><l id="386581" t="этот"><g v="ADJF"></g><g v="Subx"></g><g v="Apro"></g><g v="Anph"></g><g v="neut"></g><g v="sing"></g><g v="loct"></g></l></v></tfr></token><token id="718975" text="направлении"><tfr rev_id="1550831" t="направлении"><v><l id="173963" t="направление"><g v="NOUN"></g><g v="inan"></g><g v="neut"></g><g v="sing"></g><g v="loct"></g></l></v></tfr></token><token id="718976" text="»"><tfr rev_id="2447884" t="»"><v><l id="0" t="»"><g v="PNCT"></g></l></v></tfr></token><token id="718977" text="."><tfr rev_id="1550833" t="."><v><l id="0" t="."><g v="PNCT"></g></l></v></tfr></token></tokens></sentence></paragraph><paragraph id="13021"><sentence id="40404"><source>Это не такая уж и короткая тропа.</source><tokens><token id="718978" text="Это"><tfr rev_id="4497621" t="Это"><v><l id="386575" t="это"><g v="NPRO"></g><g v="neut"></g><g v="sing"></g><g v="nomn"></g></l></v><v><l id="386575" t="это"><g v="NPRO"></g><g v="neut"></g><g v="sing"></g><g v="accs"></g></l></v></tfr></token><token id="718979" text="не"><tfr rev_id="1550835" t="не"><v><l id="178876" t="не"><g v="PRCL"></g></l></v></tfr></token><token id="718980" text="такая"><tfr rev_id="2368656" t="такая"><v><l id="342491" t="такой"><g v="ADJF"></g><g v="Apro"></g><g v="femn"></g><g v="sing"></g><g v="nomn"></g></l></v></tfr></token><token id="718981" text="уж"><tfr rev_id="1550837" t="уж"><v><l id="355420" t="уж"><g v="ADVB"></g></l></v><v><l id="355421" t="уж"><g v="PRCL"></g></l></v><v><l id="355422" t="уж"><g v="NOUN"></g><g v="anim"></g><g v="masc"></g><g v="sing"></g><g v="nomn"></g></l></v></tfr></token><token id="718982" text="и"><tfr rev_id="1550838" t="и"><v><l id="116949" t="и"><g v="CONJ"></g></l></v><v><l id="116950" t="и"><g v="INTJ"></g></l></v></tfr></token><token id="718983" text="короткая"><tfr rev_id="1550839" t="короткая"><v><l id="140035" t="короткий"><g v="ADJF"></g><g v="Qual"></g><g v="femn"></g><g v="sing"></g><g v="nomn"></g></l></v></tfr></token><token id="718984" text="тропа"><tfr rev_id="4076861" t="тропа"><v><l id="350452" t="тропа"><g v="NOUN"></g><g v="inan"></g><g v="femn"></g><g v="sing"></g><g v="nomn"></g></l></v></tfr></token><token id="718985" text="."><tfr rev_id="1550841" t="."><v><l id="0" t="."><g v="PNCT"></g></l></v></tfr></token></tokens></sentence><sentence id="40405"><source>Длина её составляет 18 километров.</source><tokens><token id="718986" text="Длина"><tfr rev_id="1550842" t="Длина"><v><l id="84906" t="длина"><g v="NOUN"></g><g v="inan"></g><g v="femn"></g><g v="sing"></g><g v="nomn"></g></l></v></tfr></token><token id="718987" text="её"><tfr rev_id="4458052" t="её"><v><l id="94433" t="её"><g v="ADJF"></g><g v="Fixd"></g><g v="Apro"></g><g v="Anph"></g><g v="femn"></g><g v="sing"></g><g v="nomn"></g></l></v><v><l id="94433" t="её"><g v="ADJF"></g><g v="Fixd"></g><g v="Apro"></g><g v="Anph"></g><g v="femn"></g><g v="sing"></g><g v="gent"></g></l></v><v><l id="94433" t="её"><g v="ADJF"></g><g v="Fixd"></g><g v="Apro"></g><g v="Anph"></g><g v="femn"></g><g v="sing"></g><g v="datv"></g></l></v><v><l id="94433" t="её"><g v="ADJF"></g><g v="Fixd"></g><g v="Apro"></g><g v="Anph"></g><g v="femn"></g><g v="sing"></g><g v="accs"></g></l></v><v><l id="94433" t="её"><g v="ADJF"></g><g v="Fixd"></g><g v="Apro"></g><g v="Anph"></g><g v="femn"></g><g v="sing"></g><g v="ablt"></g></l></v><v><l id="94433" t="её"><g v="ADJF"></g><g v="Fixd"></g><g v="Apro"></g><g v="Anph"></g><g v="femn"></g><g v="sing"></g><g v="loct"></g></l></v></tfr></token><token id="718988" text="составляет"><tfr rev_id="1550844" t="составляет"><v><l id="330494" t="составляю"><g v="VERB"></g><g v="impf"></g><g v="tran"></g><g v="sing"></g><g v="3per"></g><g v="pres"></g><g v="indc"></g></l></v></tfr></token><token id="718989" text="18"><tfr rev_id="2463158" t="18"><v><l id="0" t="18"><g v="NUMB"></g></l></v></tfr></token><token id="718990" text="километров"><tfr rev_id="2703026" t="километров"><v><l id="132850" t="километр"><g v="NOUN"></g><g v="inan"></g><g v="masc"></g><g v="plur"></g><g v="gent"></g></l></v></tfr></token><token id="718991" text="."><tfr rev_id="1550847" t="."><v><l id="0" t="."><g v="PNCT"></g></l></v></tfr></token></tokens></sentence><sentence id="40406"><source>Организаторы уверены, что теперь в Германии появится наплыв туристов-нудистов, желающих пройтись по тропе и эта отрасль оздоровительного туризма станет выходным бизнесом.</source><tokens><token id="718992" text="Организаторы"><tfr rev_id="1550848" t="Организаторы"><v><l id="208741" t="организатор"><g v="NOUN"></g><g v="anim"></g><g v="masc"></g><g v="plur"></g><g v="nomn"></g></l></v></tfr></token><token id="718993" text="уверены"><tfr rev_id="1550849" t="уверены"><v><l id="353446" t="уверен"><g v="PRTS"></g><g v="perf"></g><g v="past"></g><g v="pssv"></g><g v="plur"></g></l></v></tfr></token><token id="718994" text=","><tfr rev_id="1550850" t=","><v><l id="0" t=","><g v="PNCT"></g></l></v></tfr></token><token id="718995" text="что"><tfr rev_id="3197941" t="что"><v><l id="377004" t="что"><g v="CONJ"></g></l></v><v><l id="377005" t="что"><g v="NPRO"></g><g v="neut"></g><g v="sing"></g><g v="nomn"></g></l></v><v><l id="377005" t="что"><g v="NPRO"></g><g v="neut"></g><g v="sing"></g><g v="accs"></g></l></v><v><l id="377006" t="что"><g v="ADVB"></g><g v="Ques"></g></l></v><v><l id="388695" t="что"><g v="PRCL"></g></l></v></tfr></token><token id="718996" text="теперь"><tfr rev_id="1550852" t="теперь"><v><l id="344864" t="теперь"><g v="ADVB"></g></l></v></tfr></token><token id="718997" text="в"><tfr rev_id="1550853" t="в"><v><l id="37409" t="в"><g v="PREP"></g></l></v></tfr></token><token id="718998" text="Германии"><tfr rev_id="4320400" t="Германии"><v><l id="69099" t="германия"><g v="NOUN"></g><g v="inan"></g><g v="femn"></g><g v="Sgtm"></g><g v="Geox"></g><g v="sing"></g><g v="loct"></g></l></v></tfr></token><token id="718999" text="появится"><tfr rev_id="1550855" t="появится"><v><l id="265507" t="появился"><g v="VERB"></g><g v="perf"></g><g v="intr"></g><g v="sing"></g><g v="3per"></g><g v="futr"></g><g v="indc"></g></l></v></tfr></token><token id="719000" text="наплыв"><tfr rev_id="2634587" t="наплыв"><v><l id="173668" t="наплыв"><g v="NOUN"></g><g v="inan"></g><g v="masc"></g><g v="sing"></g><g v="nomn"></g></l></v><v><l id="173668" t="наплыв"><g v="NOUN"></g><g v="inan"></g><g v="masc"></g><g v="sing"></g><g v="accs"></g></l></v></tfr></token><token id="719001" text="туристов"><tfr rev_id="4096634" t="туристов"><v><l id="351774" t="турист"><g v="NOUN"></g><g v="anim"></g><g v="masc"></g><g v="plur"></g><g v="gent"></g></l></v></tfr></token><token id="719002" text="-"><tfr rev_id="1550858" t="-"><v><l id="0" t="-"><g v="PNCT"></g></l></v></tfr></token><token id="719003" text="нудистов"><tfr rev_id="4458912" t="нудистов"><v><l id="192545" t="нудист"><g v="NOUN"></g><g v="anim"></g><g v="masc"></g><g v="plur"></g><g v="gent"></g></l></v></tfr></token><token id="719004" text=","><tfr rev_id="1550860" t=","><v><l id="0" t=","><g v="PNCT"></g></l></v></tfr></token><token id="719005" text="желающих"><tfr rev_id="4455625" t="желающих"><v><l id="96292" t="желающий"><g v="PRTF"></g><g v="Subx"></g><g v="impf"></g><g v="tran"></g><g v="pres"></g><g v="actv"></g><g v="plur"></g><g v="gent"></g></l></v></tfr></token><token id="719006" text="пройтись"><tfr rev_id="1550862" t="пройтись"><v><l id="280317" t="пройтись"><g v="INFN"></g><g v="perf"></g><g v="intr"></g></l></v></tfr></token><token id="719007" text="по"><tfr rev_id="1550863" t="по"><v><l id="241240" t="по"><g v="PREP"></g></l></v></tfr></token><token id="719008" text="тропе"><tfr rev_id="3550743" t="тропе"><v><l id="350452" t="тропа"><g v="NOUN"></g><g v="inan"></g><g v="femn"></g><g v="sing"></g><g v="datv"></g></l></v></tfr></token><token id="719009" text="и"><tfr rev_id="4238539" t="и"><v><l id="116949" t="и"><g v="CONJ"></g></l></v></tfr></token><token id="719010" text="эта"><tfr rev_id="4437248" t="эта"><v><l id="386581" t="этот"><g v="ADJF"></g><g v="Subx"></g><g v="Apro"></g><g v="Anph"></g><g v="femn"></g><g v="sing"></g><g v="nomn"></g></l></v></tfr></token><token id="719011" text="отрасль"><tfr rev_id="3230336" t="отрасль"><v><l id="217330" t="отрасль"><g v="NOUN"></g><g v="inan"></g><g v="femn"></g><g v="sing"></g><g v="nomn"></g></l></v></tfr></token><token id="719012" text="оздоровительного"><tfr rev_id="3431147" t="оздоровительного"><v><l id="204120" t="оздоровительный"><g v="ADJF"></g><g v="masc"></g><g v="sing"></g><g v="gent"></g></l></v><v><l id="204120" t="оздоровительный"><g v="ADJF"></g><g v="anim"></g><g v="masc"></g><g v="sing"></g><g v="accs"></g></l></v></tfr></token><token id="719013" text="туризма"><tfr rev_id="1550869" t="туризма"><v><l id="351765" t="туризм"><g v="NOUN"></g><g v="inan"></g><g v="masc"></g><g v="sing"></g><g v="gent"></g></l></v></tfr></token><token id="719014" text="станет"><tfr rev_id="1550870" t="станет"><v><l id="335164" t="стал"><g v="VERB"></g><g v="perf"></g><g v="intr"></g><g v="sing"></g><g v="3per"></g><g v="futr"></g><g v="indc"></g></l></v></tfr></token><token id="719015" text="выходным"><tfr rev_id="4500399" t="выходным"><v><l id="63979" t="выходной"><g v="ADJF"></g><g v="masc"></g><g v="sing"></g><g v="ablt"></g></l></v><v><l id="63979" t="выходной"><g v="ADJF"></g><g v="neut"></g><g v="sing"></g><g v="ablt"></g></l></v></tfr></token><token id="719016" text="бизнесом"><tfr rev_id="1550872" t="бизнесом"><v><l id="29438" t="бизнес"><g v="NOUN"></g><g v="inan"></g><g v="masc"></g><g v="sing"></g><g v="ablt"></g></l></v></tfr></token><token id="719017" text="."><tfr rev_id="1550873" t="."><v><l id="0" t="."><g v="PNCT"></g></l></v></tfr></token></tokens></sentence></paragraph><paragraph id="13022"><sentence id="40407"><source>Но пока это только предположения.</source><tokens><token id="719018" text="Но"><tfr rev_id="3675299" t="Но"><v><l id="191429" t="но"><g v="CONJ"></g></l></v></tfr></token><token id="719019" text="пока"><tfr rev_id="4485686" t="пока"><v><l id="253968" t="пока"><g v="ADVB"></g></l></v></tfr></token><token id="719020" text="это"><tfr rev_id="4441929" t="это"><v><l id="386574" t="это"><g v="PRCL"></g></l></v><v><l id="386575" t="это"><g v="NPRO"></g><g v="neut"></g><g v="sing"></g><g v="nomn"></g></l></v><v><l id="386575" t="это"><g v="NPRO"></g><g v="neut"></g><g v="sing"></g><g v="accs"></g></l></v><v><l id="386581" t="этот"><g v="ADJF"></g><g v="Subx"></g><g v="Apro"></g><g v="Anph"></g><g v="neut"></g><g v="sing"></g><g v="nomn"></g></l></v><v><l id="386581" t="этот"><g v="ADJF"></g><g v="Subx"></g><g v="Apro"></g><g v="Anph"></g><g v="neut"></g><g v="sing"></g><g v="accs"></g></l></v></tfr></token><token id="719021" text="только"><tfr rev_id="3784245" t="только"><v><l id="347395" t="только"><g v="CONJ"></g></l></v><v><l id="347396" t="только"><g v="PRCL"></g></l></v><v><l id="390053" t="только"><g v="ADVB"></g></l></v></tfr></token><token id="719022" text="предположения"><tfr rev_id="3762464" t="предположения"><v><l id="266825" t="предположение"><g v="NOUN"></g><g v="inan"></g><g v="neut"></g><g v="plur"></g><g v="nomn"></g></l></v></tfr></token><token id="719023" text="."><tfr rev_id="1550879" t="."><v><l id="0" t="."><g v="PNCT"></g></l></v></tfr></token></tokens></sentence><sentence id="40408"><source>На самом деле жизнь не так уж и празднично устроена.</source><tokens><token id="719024" text="На"><tfr rev_id="3335365" t="На"><v><l id="166264" t="на"><g v="PREP"></g></l></v></tfr></token><token id="719025" text="самом"><tfr rev_id="4103376" t="самом"><v><l id="312034" t="сам"><g v="ADJF"></g><g v="Apro"></g><g v="neut"></g><g v="sing"></g><g v="loct"></g></l></v><v><l id="313174" t="самый"><g v="ADJF"></g><g v="Apro"></g><g v="neut"></g><g v="sing"></g><g v="loct"></g></l></v></tfr></token><token id="719026" text="деле"><tfr rev_id="1550882" t="деле"><v><l id="80628" t="дело"><g v="NOUN"></g><g v="inan"></g><g v="neut"></g><g v="sing"></g><g v="loct"></g></l></v></tfr></token><token id="719027" text="жизнь"><tfr rev_id="4099129" t="жизнь"><v><l id="97314" t="жизнь"><g v="NOUN"></g><g v="inan"></g><g v="femn"></g><g v="sing"></g><g v="nomn"></g></l></v></tfr></token><token id="719028" text="не"><tfr rev_id="1550884" t="не"><v><l id="178876" t="не"><g v="PRCL"></g></l></v></tfr></token><token id="719029" text="так"><tfr rev_id="1550885" t="так"><v><l id="342451" t="так"><g v="CONJ"></g></l></v><v><l id="342452" t="так"><g v="PRCL"></g></l></v><v><l id="342453" t="так"><g v="ADVB"></g><g v="Dmns"></g></l></v></tfr></token><token id="719030" text="уж"><tfr rev_id="1550886" t="уж"><v><l id="355420" t="уж"><g v="ADVB"></g></l></v><v><l id="355421" t="уж"><g v="PRCL"></g></l></v><v><l id="355422" t="уж"><g v="NOUN"></g><g v="anim"></g><g v="masc"></g><g v="sing"></g><g v="nomn"></g></l></v></tfr></token><token id="719031" text="и"><tfr rev_id="1550887" t="и"><v><l id="116949" t="и"><g v="CONJ"></g></l></v><v><l id="116950" t="и"><g v="INTJ"></g></l></v></tfr></token><token id="719032" text="празднично"><tfr rev_id="3647728" t="празднично"><v><l id="265832" t="праздничен"><g v="ADJS"></g><g v="Qual"></g><g v="neut"></g><g v="sing"></g></l></v><v><l id="389401" t="празднично"><g v="ADVB"></g></l></v></tfr></token><token id="719033" text="устроена"><tfr rev_id="1550889" t="устроена"><v><l id="361246" t="устроен"><g v="PRTS"></g><g v="perf"></g><g v="past"></g><g v="pssv"></g><g v="femn"></g><g v="sing"></g></l></v></tfr></token><token id="719034" text="."><tfr rev_id="1550890" t="."><v><l id="0" t="."><g v="PNCT"></g></l></v></tfr></token></tokens></sentence><sentence id="40409"><source>Оказывается, местные жители без оптимизма восприняли передовую новость, не проявляют радости по поводу очередной победы прав человека.</source><tokens><token id="719035" text="Оказывается"><tfr rev_id="4233009" t="Оказывается"><v><l id="388704" t="оказывается"><g v="CONJ"></g><g v="Prnt"></g></l></v></tfr></token><token id="719036" text=","><tfr rev_id="1550892" t=","><v><l id="0" t=","><g v="PNCT"></g></l></v></tfr></token><token id="719037" text="местные"><tfr rev_id="3756890" t="местные"><v><l id="158819" t="местный"><g v="ADJF"></g><g v="Qual"></g><g v="plur"></g><g v="nomn"></g></l></v></tfr></token><token id="719038" text="жители"><tfr rev_id="1550894" t="жители"><v><l id="97562" t="житель"><g v="NOUN"></g><g v="anim"></g><g v="masc"></g><g v="plur"></g><g v="nomn"></g></l></v></tfr></token><token id="719039" text="без"><tfr rev_id="1550895" t="без"><v><l id="25481" t="без"><g v="PREP"></g></l></v></tfr></token><token id="719040" text="оптимизма"><tfr rev_id="1550896" t="оптимизма"><v><l id="208313" t="оптимизм"><g v="NOUN"></g><g v="inan"></g><g v="masc"></g><g v="sing"></g><g v="gent"></g></l></v></tfr></token><token id="719041" text="восприняли"><tfr rev_id="1550897" t="восприняли"><v><l id="51698" t="воспринял"><g v="VERB"></g><g v="perf"></g><g v="tran"></g><g v="plur"></g><g v="past"></g><g v="indc"></g></l></v></tfr></token><token id="719042" text="передовую"><tfr rev_id="1550898" t="передовую"><v><l id="228388" t="передовой"><g v="ADJF"></g><g v="femn"></g><g v="sing"></g><g v="accs"></g></l></v></tfr></token><token id="719043" text="новость"><tfr rev_id="1550899" t="новость"><v><l id="191855" t="новость"><g v="NOUN"></g><g v="inan"></g><g v="femn"></g><g v="sing"></g><g v="nomn"></g></l></v><v><l id="191855" t="новость"><g v="NOUN"></g><g v="inan"></g><g v="femn"></g><g v="sing"></g><g v="accs"></g></l></v></tfr></token><token id="719044" text=","><tfr rev_id="1550900" t=","><v><l id="0" t=","><g v="PNCT"></g></l></v></tfr></token><token id="719045" text="не"><tfr rev_id="1550901" t="не"><v><l id="178876" t="не"><g v="PRCL"></g></l></v></tfr></token><token id="719046" text="проявляют"><tfr rev_id="1550902" t="проявляют"><v><l id="287962" t="проявляю"><g v="VERB"></g><g v="impf"></g><g v="tran"></g><g v="plur"></g><g v="3per"></g><g v="pres"></g><g v="indc"></g></l></v></tfr></token><token id="719047" text="радости"><tfr rev_id="4174789" t="радости"><v><l id="291438" t="радость"><g v="NOUN"></g><g v="inan"></g><g v="femn"></g><g v="sing"></g><g v="gent"></g></l></v></tfr></token><token id="719048" text="по"><tfr rev_id="1550904" t="по"><v><l id="241240" t="по"><g v="PREP"></g></l></v></tfr></token><token id="719049" text="поводу"><tfr rev_id="3812043" t="поводу"><v><l id="242551" t="повод"><g v="NOUN"></g><g v="inan"></g><g v="masc"></g><g v="sing"></g><g v="datv"></g></l></v></tfr></token><token id="719050" text="очередной"><tfr rev_id="4317037" t="очередной"><v><l id="221690" t="очередной"><g v="ADJF"></g><g v="femn"></g><g v="sing"></g><g v="gent"></g></l></v></tfr></token><token id="719051" text="победы"><tfr rev_id="3433095" t="победы"><v><l id="241476" t="победа"><g v="NOUN"></g><g v="inan"></g><g v="femn"></g><g v="sing"></g><g v="gent"></g></l></v></tfr></token><token id="719052" text="прав"><tfr rev_id="3705471" t="прав"><v><l id="265680" t="право"><g v="NOUN"></g><g v="inan"></g><g v="neut"></g><g v="plur"></g><g v="gent"></g></l></v></tfr></token><token id="719053" text="человека"><tfr rev_id="3417548" t="человека"><v><l id="375073" t="человек"><g v="NOUN"></g><g v="anim"></g><g v="masc"></g><g v="sing"></g><g v="gent"></g></l></v></tfr></token><token id="719054" text="."><tfr rev_id="1550910" t="."><v><l id="0" t="."><g v="PNCT"></g></l></v></tfr></token></tokens></sentence><sentence id="40410"><source>Хайнц Людвиг, менеджер этой самой оздоровительной тропы сетует:</source><tokens><token id="719055" text="Хайнц"><tfr rev_id="1550911" t="Хайнц"><v><l id="0" t="хайнц"><g v="UNKN"></g></l></v></tfr></token><token id="719056" text="Людвиг"><tfr rev_id="3506974" t="Людвиг"><v><l id="152078" t="людвиг"><g v="NOUN"></g><g v="anim"></g><g v="masc"></g><g v="Name"></g><g v="sing"></g><g v="nomn"></g></l></v></tfr></token><token id="719057" text=","><tfr rev_id="1550913" t=","><v><l id="0" t=","><g v="PNCT"></g></l></v></tfr></token><token id="719058" text="менеджер"><tfr rev_id="1550914" t="менеджер"><v><l id="158340" t="менеджер"><g v="NOUN"></g><g v="anim"></g><g v="masc"></g><g v="sing"></g><g v="nomn"></g></l></v></tfr></token><token id="719059" text="этой"><tfr rev_id="4438061" t="этой"><v><l id="386581" t="этот"><g v="ADJF"></g><g v="Subx"></g><g v="Apro"></g><g v="Anph"></g><g v="femn"></g><g v="sing"></g><g v="gent"></g></l></v></tfr></token><token id="719060" text="самой"><tfr rev_id="4159650" t="самой"><v><l id="312034" t="сам"><g v="ADJF"></g><g v="Apro"></g><g v="femn"></g><g v="sing"></g><g v="gent"></g></l></v><v><l id="313174" t="самый"><g v="ADJF"></g><g v="Apro"></g><g v="femn"></g><g v="sing"></g><g v="gent"></g></l></v></tfr></token><token id="719061" text="оздоровительной"><tfr rev_id="4261612" t="оздоровительной"><v><l id="204120" t="оздоровительный"><g v="ADJF"></g><g v="femn"></g><g v="sing"></g><g v="gent"></g></l></v></tfr></token><token id="719062" text="тропы"><tfr rev_id="3446158" t="тропы"><v><l id="350452" t="тропа"><g v="NOUN"></g><g v="inan"></g><g v="femn"></g><g v="sing"></g><g v="gent"></g></l></v></tfr></token><token id="719063" text="сетует"><tfr rev_id="1550919" t="сетует"><v><l id="319620" t="сетую"><g v="VERB"></g><g v="impf"></g><g v="intr"></g><g v="sing"></g><g v="3per"></g><g v="pres"></g><g v="indc"></g></l></v></tfr></token><token id="719064" text=":"><tfr rev_id="1550920" t=":"><v><l id="0" t=":"><g v="PNCT"></g></l></v></tfr></token></tokens></sentence><sentence id="40411"><source>«некоторые люди против, эта идея не получила прямой поддержки местного населения».</source><tokens><token id="719065" text="«"><tfr rev_id="2447885" t="«"><v><l id="0" t="«"><g v="PNCT"></g></l></v></tfr></token><token id="719066" text="некоторые"><tfr rev_id="4471002" t="некоторые"><v><l id="183542" t="некоторый"><g v="ADJF"></g><g v="Apro"></g><g v="plur"></g><g v="nomn"></g></l></v><v><l id="183542" t="некоторый"><g v="ADJF"></g><g v="Apro"></g><g v="inan"></g><g v="plur"></g><g v="accs"></g></l></v></tfr></token><token id="719067" text="люди"><tfr rev_id="1550923" t="люди"><v><l id="375073" t="человек"><g v="NOUN"></g><g v="anim"></g><g v="masc"></g><g v="plur"></g><g v="nomn"></g></l></v></tfr></token><token id="719068" text="против"><tfr rev_id="4484976" t="против"><v><l id="285790" t="против"><g v="PREP"></g></l></v></tfr></token><token id="719069" text=","><tfr rev_id="1550925" t=","><v><l id="0" t=","><g v="PNCT"></g></l></v></tfr></token><token id="719070" text="эта"><tfr rev_id="4437249" t="эта"><v><l id="386581" t="этот"><g v="ADJF"></g><g v="Subx"></g><g v="Apro"></g><g v="Anph"></g><g v="femn"></g><g v="sing"></g><g v="nomn"></g></l></v></tfr></token><token id="719071" text="идея"><tfr rev_id="1550927" t="идея"><v><l id="117499" t="идея"><g v="NOUN"></g><g v="inan"></g><g v="femn"></g><g v="sing"></g><g v="nomn"></g></l></v></tfr></token><token id="719072" text="не"><tfr rev_id="1550928" t="не"><v><l id="178876" t="не"><g v="PRCL"></g></l></v></tfr></token><token id="719073" text="получила"><tfr rev_id="1550929" t="получила"><v><l id="256959" t="получил"><g v="VERB"></g><g v="perf"></g><g v="tran"></g><g v="femn"></g><g v="sing"></g><g v="past"></g><g v="indc"></g></l></v></tfr></token><token id="719074" text="прямой"><tfr rev_id="4392063" t="прямой"><v><l id="288270" t="прямой"><g v="ADJF"></g><g v="Qual"></g><g v="femn"></g><g v="sing"></g><g v="gent"></g></l></v></tfr></token><token id="719075" text="поддержки"><tfr rev_id="3440535" t="поддержки"><v><l id="245415" t="поддержка"><g v="NOUN"></g><g v="inan"></g><g v="femn"></g><g v="sing"></g><g v="gent"></g></l></v></tfr></token><token id="719076" text="местного"><tfr rev_id="3468589" t="местного"><v><l id="158819" t="местный"><g v="ADJF"></g><g v="Qual"></g><g v="neut"></g><g v="sing"></g><g v="gent"></g></l></v></tfr></token><token id="719077" text="населения"><tfr rev_id="3457706" t="населения"><v><l id="175227" t="население"><g v="NOUN"></g><g v="inan"></g><g v="neut"></g><g v="sing"></g><g v="gent"></g></l></v></tfr></token><token id="719078" text="»"><tfr rev_id="2447886" t="»"><v><l id="0" t="»"><g v="PNCT"></g></l></v></tfr></token><token id="719079" text="."><tfr rev_id="1550935" t="."><v><l id="0" t="."><g v="PNCT"></g></l></v></tfr></token></tokens></sentence><sentence id="40412"><source>Вознимает естественный вопрос: почему"некоторые"люди"живут вроде бы в Европе, а мыслят...</source><tokens><token id="719080" text="Вознимает"><tfr rev_id="1550936" t="Вознимает"><v><l id="0" t="вознимает"><g v="UNKN"></g></l></v></tfr></token><token id="719081" text="естественный"><tfr rev_id="4370003" t="естественный"><v><l id="95386" t="естественный"><g v="ADJF"></g><g v="Qual"></g><g v="masc"></g><g v="sing"></g><g v="nomn"></g></l></v></tfr></token><token id="719082" text="вопрос"><tfr rev_id="4096369" t="вопрос"><v><l id="50830" t="вопрос"><g v="NOUN"></g><g v="inan"></g><g v="masc"></g><g v="sing"></g><g v="nomn"></g></l></v></tfr></token><token id="719083" text=":"><tfr rev_id="1550939" t=":"><v><l id="0" t=":"><g v="PNCT"></g></l></v></tfr></token><token id="719084" text="почему"><tfr rev_id="1550940" t="почему"><v><l id="264705" t="почему"><g v="ADVB"></g><g v="Ques"></g></l></v></tfr></token><token id="719085" text="&quot;"><tfr rev_id="1550941" t="&quot;"><v><l id="0" t="&quot;"><g v="PNCT"></g></l></v></tfr></token><token id="719086" text="некоторые"><tfr rev_id="4475174" t="некоторые"><v><l id="183542" t="некоторый"><g v="ADJF"></g><g v="Apro"></g><g v="plur"></g><g v="nomn"></g></l></v><v><l id="183542" t="некоторый"><g v="ADJF"></g><g v="Apro"></g><g v="inan"></g><g v="plur"></g><g v="accs"></g></l></v></tfr></token><token id="719087" text="&quot;"><tfr rev_id="1550943" t="&quot;"><v><l id="0" t="&quot;"><g v="PNCT"></g></l></v></tfr></token><token id="719088" text="люди"><tfr rev_id="1550944" t="люди"><v><l id="375073" t="человек"><g v="NOUN"></g><g v="anim"></g><g v="masc"></g><g v="plur"></g><g v="nomn"></g></l></v></tfr></token><token id="719089" text="&quot;"><tfr rev_id="1550945" t="&quot;"><v><l id="0" t="&quot;"><g v="PNCT"></g></l></v></tfr></token><token id="719090" text="живут"><tfr rev_id="1550946" t="живут"><v><l id="97603" t="живу"><g v="VERB"></g><g v="impf"></g><g v="intr"></g><g v="plur"></g><g v="3per"></g><g v="pres"></g><g v="indc"></g></l></v></tfr></token><token id="719091" text="вроде"><tfr rev_id="1550947" t="вроде"><v><l id="53158" t="вроде"><g v="PREP"></g></l></v><v><l id="53159" t="вроде"><g v="PRCL"></g></l></v></tfr></token><token id="719092" text="бы"><tfr rev_id="1550948" t="бы"><v><l id="36985" t="бы"><g v="PRCL"></g></l></v></tfr></token><token id="719093" text="в"><tfr rev_id="1550949" t="в"><v><l id="37409" t="в"><g v="PREP"></g></l></v></tfr></token><token id="719094" text="Европе"><tfr rev_id="3551791" t="Европе"><v><l id="94019" t="европа"><g v="NOUN"></g><g v="inan"></g><g v="femn"></g><g v="Sgtm"></g><g v="Geox"></g><g v="sing"></g><g v="loct"></g></l></v></tfr></token><token id="719095" text=","><tfr rev_id="1550951" t=","><v><l id="0" t=","><g v="PNCT"></g></l></v></tfr></token><token id="719096" text="а"><tfr rev_id="1550952" t="а"><v><l id="51" t="а"><g v="CONJ"></g></l></v><v><l id="52" t="а"><g v="INTJ"></g></l></v><v><l id="53" t="а"><g v="PRCL"></g></l></v></tfr></token><token id="719097" text="мыслят"><tfr rev_id="1550953" t="мыслят"><v><l id="165858" t="мыслю"><g v="VERB"></g><g v="impf"></g><g v="tran"></g><g v="plur"></g><g v="3per"></g><g v="pres"></g><g v="indc"></g></l></v></tfr></token><token id="719098" text="..."><tfr rev_id="1550954" t="..."><v><l id="0" t="..."><g v="PNCT"></g></l></v></tfr></token></tokens></sentence></paragraph><paragraph id="13023"><sentence id="40413"><source>Теперь в Германии есть тропы на разные вкусы: хочешь идти тропой религиозного паломника — иди, хочешь тропой нудиста — иди.</source><tokens><token id="719099" text="Теперь"><tfr rev_id="1550955" t="Теперь"><v><l id="344864" t="теперь"><g v="ADVB"></g></l></v></tfr></token><token id="719100" text="в"><tfr rev_id="1550956" t="в"><v><l id="37409" t="в"><g v="PREP"></g></l></v></tfr></token><token id="719101" text="Германии"><tfr rev_id="4409300" t="Германии"><v><l id="69099" t="германия"><g v="NOUN"></g><g v="inan"></g><g v="femn"></g><g v="Sgtm"></g><g v="Geox"></g><g v="sing"></g><g v="loct"></g></l></v></tfr></token><token id="719102" text="есть"><tfr rev_id="4395117" t="есть"><v><l id="37265" t="есть"><g v="VERB"></g><g v="impf"></g><g v="intr"></g><g v="sing"></g><g v="3per"></g><g v="pres"></g><g v="indc"></g></l></v><v><l id="37265" t="есть"><g v="VERB"></g><g v="impf"></g><g v="intr"></g><g v="plur"></g><g v="3per"></g><g v="pres"></g><g v="indc"></g></l></v></tfr></token><token id="719103" text="тропы"><tfr rev_id="3812686" t="тропы"><v><l id="350452" t="тропа"><g v="NOUN"></g><g v="inan"></g><g v="femn"></g><g v="plur"></g><g v="nomn"></g></l></v></tfr></token><token id="719104" text="на"><tfr rev_id="3345558" t="на"><v><l id="166264" t="на"><g v="PREP"></g></l></v></tfr></token><token id="719105" text="разные"><tfr rev_id="3794699" t="разные"><v><l id="296007" t="разный"><g v="ADJF"></g><g v="Qual"></g><g v="inan"></g><g v="plur"></g><g v="accs"></g></l></v></tfr></token><token id="719106" text="вкусы"><tfr rev_id="3727605" t="вкусы"><v><l id="46412" t="вкус"><g v="NOUN"></g><g v="inan"></g><g v="masc"></g><g v="plur"></g><g v="accs"></g></l></v></tfr></token><token id="719107" text=":"><tfr rev_id="1550963" t=":"><v><l id="0" t=":"><g v="PNCT"></g></l></v></tfr></token><token id="719108" text="хочешь"><tfr rev_id="1550964" t="хочешь"><v><l id="371713" t="хочу"><g v="VERB"></g><g v="impf"></g><g v="tran"></g><g v="sing"></g><g v="2per"></g><g v="pres"></g><g v="indc"></g></l></v></tfr></token><token id="719109" text="идти"><tfr rev_id="1550965" t="идти"><v><l id="117567" t="идти"><g v="INFN"></g><g v="impf"></g><g v="intr"></g></l></v></tfr></token><token id="719110" text="тропой"><tfr rev_id="1550966" t="тропой"><v><l id="350452" t="тропа"><g v="NOUN"></g><g v="inan"></g><g v="femn"></g><g v="sing"></g><g v="ablt"></g></l></v></tfr></token><token id="719111" text="религиозного"><tfr rev_id="3453922" t="религиозного"><v><l id="305978" t="религиозный"><g v="ADJF"></g><g v="masc"></g><g v="sing"></g><g v="gent"></g></l></v><v><l id="305978" t="религиозный"><g v="ADJF"></g><g v="anim"></g><g v="masc"></g><g v="sing"></g><g v="accs"></g></l></v></tfr></token><token id="719112" text="паломника"><tfr rev_id="3417645" t="паломника"><v><l id="222984" t="паломник"><g v="NOUN"></g><g v="anim"></g><g v="masc"></g><g v="sing"></g><g v="gent"></g></l></v></tfr></token><token id="719113" text="—"><tfr rev_id="2447887" t="—"><v><l id="0" t="—"><g v="PNCT"></g></l></v></tfr></token><token id="719114" text="иди"><tfr rev_id="1550970" t="иди"><v><l id="117566" t="иду"><g v="VERB"></g><g v="impf"></g><g v="intr"></g><g v="sing"></g><g v="impr"></g><g v="excl"></g></l></v></tfr></token><token id="719115" text=","><tfr rev_id="1550971" t=","><v><l id="0" t=","><g v="PNCT"></g></l></v></tfr></token><token id="719116" text="хочешь"><tfr rev_id="1550972" t="хочешь"><v><l id="371713" t="хочу"><g v="VERB"></g><g v="impf"></g><g v="tran"></g><g v="sing"></g><g v="2per"></g><g v="pres"></g><g v="indc"></g></l></v></tfr></token><token id="719117" text="тропой"><tfr rev_id="1550973" t="тропой"><v><l id="350452" t="тропа"><g v="NOUN"></g><g v="inan"></g><g v="femn"></g><g v="sing"></g><g v="ablt"></g></l></v></tfr></token><token id="719118" text="нудиста"><tfr rev_id="3302654" t="нудиста"><v><l id="192545" t="нудист"><g v="NOUN"></g><g v="anim"></g><g v="masc"></g><g v="sing"></g><g v="gent"></g></l></v></tfr></token><token id="719119" text="—"><tfr rev_id="2447888" t="—"><v><l id="0" t="—"><g v="PNCT"></g></l></v></tfr></token><token id="719120" text="иди"><tfr rev_id="1550976" t="иди"><v><l id="117566" t="иду"><g v="VERB"></g><g v="impf"></g><g v="intr"></g><g v="sing"></g><g v="impr"></g><g v="excl"></g></l></v></tfr></token><token id="719121" text="."><tfr rev_id="1550977" t="."><v><l id="0" t="."><g v="PNCT"></g></l></v></tfr></token></tokens></sentence><sentence id="40414"><source>Главное сделать так, чтобы эти тропы не пересекались.</source><tokens><token id="719122" text="Главное"><tfr rev_id="1550978" t="Главное"><v><l id="70838" t="главное"><g v="CONJ"></g><g v="Prnt"></g></l></v><v><l id="70839" t="главное"><g v="NOUN"></g><g v="inan"></g><g v="neut"></g><g v="sing"></g><g v="nomn"></g></l></v><v><l id="70839" t="главное"><g v="NOUN"></g><g v="inan"></g><g v="neut"></g><g v="sing"></g><g v="accs"></g></l></v><v><l id="70842" t="главный"><g v="ADJF"></g><g v="Qual"></g><g v="neut"></g><g v="sing"></g><g v="nomn"></g></l></v><v><l id="70842" t="главный"><g v="ADJF"></g><g v="Qual"></g><g v="neut"></g><g v="sing"></g><g v="accs"></g></l></v></tfr></token><token id="719123" text="сделать"><tfr rev_id="1550979" t="сделать"><v><l id="317247" t="сделать"><g v="INFN"></g><g v="perf"></g><g v="tran"></g></l></v></tfr></token><token id="719124" text="так"><tfr rev_id="1550980" t="так"><v><l id="342451" t="так"><g v="CONJ"></g></l></v><v><l id="342452" t="так"><g v="PRCL"></g></l></v><v><l id="342453" t="так"><g v="ADVB"></g><g v="Dmns"></g></l></v></tfr></token><token id="719125" text=","><tfr rev_id="1550981" t=","><v><l id="0" t=","><g v="PNCT"></g></l></v></tfr></token><token id="719126" text="чтобы"><tfr rev_id="1550982" t="чтобы"><v><l id="377013" t="чтобы"><g v="CONJ"></g></l></v><v><l id="377014" t="чтобы"><g v="PRCL"></g></l></v></tfr></token><token id="719127" text="эти"><tfr rev_id="4446198" t="эти"><v><l id="386581" t="этот"><g v="ADJF"></g><g v="Subx"></g><g v="Apro"></g><g v="Anph"></g><g v="plur"></g><g v="nomn"></g></l></v></tfr></token><token id="719128" text="тропы"><tfr rev_id="4083628" t="тропы"><v><l id="350452" t="тропа"><g v="NOUN"></g><g v="inan"></g><g v="femn"></g><g v="plur"></g><g v="nomn"></g></l></v></tfr></token><token id="719129" text="не"><tfr rev_id="1550985" t="не"><v><l id="178876" t="не"><g v="PRCL"></g></l></v></tfr></token><token id="719130" text="пересекались"><tfr rev_id="1550986" t="пересекались"><v><l id="234018" t="пересекаюсь"><g v="VERB"></g><g v="impf"></g><g v="intr"></g><g v="plur"></g><g v="past"></g><g v="indc"></g></l></v></tfr></token><token id="719131" text="."><tfr rev_id="1550987" t="."><v><l id="0" t="."><g v="PNCT"></g></l></v></tfr></token></tokens></sentence><sentence id="40415"><source>Но это уже - дело техники.</source><tokens><token id="719132" text="Но"><tfr rev_id="3712170" t="Но"><v><l id="191429" t="но"><g v="CONJ"></g></l></v></tfr></token><token id="719133" text="это"><tfr rev_id="4441930" t="это"><v><l id="386574" t="это"><g v="PRCL"></g></l></v><v><l id="386575" t="это"><g v="NPRO"></g><g v="neut"></g><g v="sing"></g><g v="nomn"></g></l></v><v><l id="386575" t="это"><g v="NPRO"></g><g v="neut"></g><g v="sing"></g><g v="accs"></g></l></v><v><l id="386581" t="этот"><g v="ADJF"></g><g v="Subx"></g><g v="Apro"></g><g v="Anph"></g><g v="neut"></g><g v="sing"></g><g v="nomn"></g></l></v><v><l id="386581" t="этот"><g v="ADJF"></g><g v="Subx"></g><g v="Apro"></g><g v="Anph"></g><g v="neut"></g><g v="sing"></g><g v="accs"></g></l></v></tfr></token><token id="719134" text="уже"><tfr rev_id="2692962" t="уже"><v><l id="355422" t="уж"><g v="NOUN"></g><g v="anim"></g><g v="masc"></g><g v="sing"></g><g v="loct"></g></l></v><v><l id="355498" t="уже"><g v="ADVB"></g></l></v><v><l id="355674" t="уже"><g v="COMP"></g><g v="Qual"></g></l></v><v><l id="388673" t="уже"><g v="PRCL"></g></l></v></tfr></token><token id="719135" text="-"><tfr rev_id="1550991" t="-"><v><l id="0" t="-"><g v="PNCT"></g></l></v></tfr></token><token id="719136" text="дело"><tfr rev_id="1716339" t="дело"><v><l id="80628" t="дело"><g v="NOUN"></g><g v="inan"></g><g v="neut"></g><g v="sing"></g><g v="nomn"></g></l></v><v><l id="80628" t="дело"><g v="NOUN"></g><g v="inan"></g><g v="neut"></g><g v="sing"></g><g v="accs"></g></l></v></tfr></token><token id="719137" text="техники"><tfr rev_id="3487462" t="техники"><v><l id="345936" t="техника"><g v="NOUN"></g><g v="inan"></g><g v="femn"></g><g v="sing"></g><g v="gent"></g></l></v></tfr></token><token id="719138" text="."><tfr rev_id="1550994" t="."><v><l id="0" t="."><g v="PNCT"></g></l></v></tfr></token></tokens></sentence></paragraph></paragraphs></text>